case_id,is_timestomped_lf,timestomp_tool_executed_lf,is_timestomped_usn,timestomp_tool_executed_usn,is_timestomped,timestomp_tool_executed,eventtime_dt,label_source_both,label_source_logfile,label_source_usnjrnl,label_source_nan,prediction,confidence,risk_level
6,0.0,0.0,,,0.0,0.0,2022-09-08 11:02:18,False,False,False,True,0.0,0.0008339510698330127,LOW
6,,,0.0,0.0,0.0,0.0,2023-12-27 19:02:44,False,False,False,True,0.0,3.753451253192207e-05,LOW
6,,,0.0,0.0,0.0,0.0,2023-12-27 11:02:45,False,False,False,True,0.0,8.534794612040772e-05,LOW
6,,,0.0,0.0,0.0,0.0,2023-12-27 19:13:57,False,False,False,True,0.0,0.0009205104044201912,LOW
6,,,0.0,0.0,0.0,0.0,2023-12-28 16:26:14,False,False,False,True,0.0,3.0139949879913706e-05,LOW
6,,,0.0,0.0,0.0,0.0,2023-12-27 17:50:29,False,False,False,True,0.0,0.00048185284485688357,LOW
6,,,0.0,0.0,0.0,0.0,2023-12-28 15:21:14,False,False,False,True,0.0,8.674524741590533e-05,LOW
6,0.0,0.0,,,0.0,0.0,2023-12-28 22:30:51,False,False,False,True,0.0,0.001473971192241955,LOW
6,0.0,0.0,,,0.0,0.0,2022-12-16 17:15:40,False,False,False,True,0.0,0.0005315442320431962,LOW
6,,,0.0,0.0,0.0,0.0,2023-12-27 10:39:10,False,False,False,True,0.0,3.0139949879913706e-05,LOW
6,,,0.0,0.0,0.0,0.0,2023-12-27 20:14:01,False,False,False,True,0.0,0.00013984142518153433,LOW
6,0.0,0.0,,,0.0,0.0,2023-12-31 00:42:06,False,False,False,True,0.0,0.0006127481647081875,LOW
6,,,0.0,0.0,0.0,0.0,2023-12-27 08:24:39,False,False,False,True,0.0,3.0139949879913706e-05,LOW
6,,,0.0,0.0,0.0,0.0,2023-12-28 14:41:39,False,False,False,True,0.0,3.0139949879913706e-05,LOW
6,,,0.0,0.0,0.0,0.0,2023-12-27 03:46:13,False,False,False,True,0.0,0.005623239860436105,LOW
6,,,0.0,0.0,0.0,0.0,2023-12-27 20:42:45,False,False,False,True,0.0,3.753451253192207e-05,LOW
6,0.0,0.0,,,0.0,0.0,2022-12-18 23:19:26,False,False,False,True,0.0,0.00025551987623733427,LOW
6,,,0.0,0.0,0.0,0.0,2023-12-27 18:52:47,False,False,False,True,0.0,9.059508097528004e-05,LOW
6,,,0.0,0.0,0.0,0.0,2023-12-28 08:51:06,False,False,False,True,0.0,0.0003568395696197922,LOW
6,,,0.0,0.0,0.0,0.0,2023-12-28 03:21:48,False,False,False,True,0.0,7.283614524450449e-05,LOW
6,,,0.0,0.0,0.0,0.0,2023-12-31 00:42:12,False,False,False,True,0.0,0.030887069071325924,LOW
6,,,0.0,0.0,0.0,0.0,2023-12-27 05:13:29,False,False,False,True,0.0,7.283614524450449e-05,LOW
6,0.0,0.0,,,0.0,0.0,2023-12-31 00:36:49,False,False,False,True,0.0,0.0005596116586794154,LOW
6,,,0.0,0.0,0.0,0.0,2023-12-28 14:57:27,False,False,False,True,0.0,3.0139949879913706e-05,LOW
6,,,0.0,0.0,0.0,0.0,2023-12-27 11:59:17,False,False,False,True,0.0,3.0139949879913706e-05,LOW
6,0.0,0.0,1.0,0.0,1.0,0.0,2023-12-31 00:36:33,False,False,True,False,1.0,0.6154503614591635,MEDIUM
6,,,0.0,0.0,0.0,0.0,2023-12-27 06:40:17,False,False,False,True,0.0,0.0005910108738322358,LOW
6,0.0,0.0,,,0.0,0.0,2023-12-31 00:42:08,False,False,False,True,0.0,0.0005685162394458921,LOW
6,0.0,0.0,,,0.0,0.0,2023-12-25 17:39:10,False,False,False,True,0.0,0.0008084267925056306,LOW
6,,,0.0,0.0,0.0,0.0,2023-12-28 19:52:18,False,False,False,True,0.0,0.00010102318599643639,LOW
6,,,0.0,0.0,0.0,0.0,2023-12-28 11:21:14,False,False,False,True,0.0,5.61283640291821e-05,LOW
6,,,0.0,0.0,0.0,0.0,2023-12-28 05:45:43,False,False,False,True,0.0,0.0001603481623357919,LOW
6,,,0.0,0.0,0.0,0.0,2023-12-28 22:16:23,False,False,False,True,0.0,0.0001294299124572474,LOW
6,,,0.0,0.0,0.0,0.0,2023-12-28 09:22:17,False,False,False,True,0.0,8.608940587476259e-05,LOW
6,,,0.0,0.0,0.0,0.0,2023-12-27 11:09:20,False,False,False,True,0.0,0.00040295350085856936,LOW
6,,,0.0,0.0,0.0,0.0,2023-12-27 19:56:35,False,False,False,True,0.0,0.00014591920905147448,LOW
6,,,0.0,0.0,0.0,0.0,2023-12-27 03:45:42,False,False,False,True,0.0,0.00019141664142826242,LOW
6,,,0.0,0.0,0.0,0.0,2023-12-27 23:37:40,False,False,False,True,0.0,0.0001294299124572474,LOW
6,0.0,0.0,0.0,0.0,0.0,0.0,2023-12-28 22:42:25,False,False,False,True,0.0,0.10978286517250052,LOW
6,,,0.0,0.0,0.0,0.0,2023-12-28 13:57:37,False,False,False,True,0.0,3.0139949879913706e-05,LOW
6,,,0.0,0.0,0.0,0.0,2023-12-27 10:19:38,False,False,False,True,0.0,3.0139949879913706e-05,LOW
6,,,0.0,0.0,0.0,0.0,2023-12-27 08:04:51,False,False,False,True,0.0,0.00021128801419722194,LOW
6,0.0,0.0,,,0.0,0.0,2023-12-28 22:21:43,False,False,False,True,0.0,0.0011429606996649425,LOW
6,,,0.0,0.0,0.0,0.0,2023-12-27 15:01:01,False,False,False,True,0.0,3.0139949879913706e-05,LOW
6,,,0.0,0.0,0.0,0.0,2023-12-27 18:24:36,False,False,False,True,0.0,3.753451253192207e-05,LOW
6,,,0.0,0.0,0.0,0.0,2023-12-28 09:51:13,False,False,False,True,0.0,8.036744896549962e-05,LOW
6,0.0,0.0,,,0.0,0.0,2022-12-18 23:23:01,False,False,False,True,0.0,0.0003259580759852396,LOW
6,,,0.0,0.0,0.0,0.0,2023-12-28 14:51:36,False,False,False,True,0.0,0.0016115534528089892,LOW
6,,,0.0,0.0,0.0,0.0,2023-12-28 06:23:26,False,False,False,True,0.0,7.283614524450449e-05,LOW
6,,,0.0,0.0,0.0,0.0,2023-12-27 22:33:06,False,False,False,True,0.0,8.640697866422331e-05,LOW
6,,,0.0,0.0,0.0,0.0,2023-12-28 15:30:34,False,False,False,True,0.0,3.0139949879913706e-05,LOW
6,,,0.0,0.0,0.0,0.0,2023-12-27 11:36:05,False,False,False,True,0.0,3.0139949879913706e-05,LOW
6,,,0.0,0.0,0.0,0.0,2023-12-27 05:53:43,False,False,False,True,0.0,0.00012203534980523903,LOW
6,,,0.0,0.0,0.0,0.0,2023-12-27 07:36:12,False,False,False,True,0.0,0.00021605905226393957,LOW
6,,,0.0,0.0,0.0,0.0,2023-12-27 21:42:34,False,False,False,True,0.0,0.0074205355334820275,LOW
6,,,0.0,0.0,0.0,0.0,2023-12-28 06:15:43,False,False,False,True,0.0,0.0016628171601680967,LOW
6,,,0.0,0.0,0.0,0.0,2023-12-27 05:24:16,False,False,False,True,0.0,0.00012203534980523903,LOW
6,,,0.0,0.0,0.0,0.0,2023-12-27 18:49:44,False,False,False,True,0.0,3.753451253192207e-05,LOW
6,,,0.0,0.0,0.0,0.0,2023-12-28 04:21:31,False,False,False,True,0.0,0.0001555592810498414,LOW
6,,,0.0,0.0,0.0,0.0,2023-12-27 21:50:24,False,False,False,True,0.0,3.753451253192207e-05,LOW
6,,,0.0,0.0,0.0,0.0,2023-12-28 13:25:00,False,False,False,True,0.0,0.0005111391728552208,LOW
6,,,0.0,0.0,0.0,0.0,2023-12-28 12:58:47,False,False,False,True,0.0,3.0139949879913706e-05,LOW
6,,,0.0,0.0,0.0,0.0,2023-12-27 21:29:17,False,False,False,True,0.0,3.753451253192207e-05,LOW
6,,,0.0,0.0,0.0,0.0,2023-12-27 13:30:52,False,False,False,True,0.0,3.0139949879913706e-05,LOW
6,,,0.0,0.0,0.0,0.0,2023-12-28 04:15:42,False,False,False,True,0.0,0.00011630447699680458,LOW
6,0.0,0.0,,,0.0,0.0,2022-09-08 11:02:17,False,False,False,True,0.0,0.0008339510698330127,LOW
6,0.0,0.0,,,0.0,0.0,2023-12-31 00:42:03,False,False,False,True,0.0,0.0006620747785162296,LOW
6,,,0.0,0.0,0.0,0.0,2023-12-27 20:25:49,False,False,False,True,0.0,3.753451253192207e-05,LOW
6,,,0.0,0.0,0.0,0.0,2023-12-27 16:54:02,False,False,False,True,0.0,0.00039777796428537647,LOW
6,,,0.0,0.0,0.0,0.0,2023-12-27 16:23:06,False,False,False,True,0.0,0.00015768084111753358,LOW
6,,,0.0,0.0,0.0,0.0,2023-12-27 13:27:09,False,False,False,True,0.0,3.0139949879913706e-05,LOW
6,,,0.0,0.0,0.0,0.0,2023-12-28 19:19:52,False,False,False,True,0.0,3.753451253192207e-05,LOW
6,,,0.0,0.0,0.0,0.0,2023-12-27 03:25:08,False,False,False,True,0.0,7.564710566760944e-05,LOW
6,,,0.0,0.0,0.0,0.0,2023-12-27 15:07:02,False,False,False,True,0.0,3.0139949879913706e-05,LOW
6,,,0.0,0.0,0.0,0.0,2023-12-28 22:32:07,False,False,False,True,0.0,8.640697866422331e-05,LOW
6,,,0.0,0.0,0.0,0.0,2023-12-28 07:03:16,False,False,False,True,0.0,3.295091030301866e-05,LOW
6,,,0.0,0.0,0.0,0.0,2023-12-27 16:07:16,False,False,False,True,0.0,0.0003944047227873386,LOW
6,,,0.0,0.0,0.0,0.0,2023-12-28 18:51:14,False,False,False,True,0.0,9.530122908717343e-05,LOW
6,,,0.0,0.0,0.0,0.0,2023-12-28 18:51:14,False,False,False,True,0.0,9.348396852677098e-05,LOW
6,0.0,0.0,,,0.0,0.0,2023-12-25 17:36:15,False,False,False,True,0.0,0.0008104397803028986,LOW
6,,,0.0,0.0,0.0,0.0,2023-12-28 09:31:44,False,False,False,True,0.0,0.002068849968111156,LOW
6,,,0.0,0.0,0.0,0.0,2023-12-28 09:26:46,False,False,False,True,0.0,0.000405552940416032,LOW
6,,,0.0,0.0,0.0,0.0,2023-12-27 13:01:24,False,False,False,True,0.0,3.0139949879913706e-05,LOW
6,,,0.0,0.0,0.0,0.0,2023-12-27 20:16:06,False,False,False,True,0.0,3.753451253192207e-05,LOW
6,0.0,0.0,0.0,0.0,0.0,0.0,2023-12-28 22:22:01,False,False,False,True,0.0,0.02504825282979068,LOW
6,,,0.0,0.0,0.0,0.0,2023-12-27 20:47:21,False,False,False,True,0.0,3.753451253192207e-05,LOW
6,,,0.0,0.0,0.0,0.0,2023-12-27 05:01:26,False,False,False,True,0.0,7.283614524450449e-05,LOW
6,,,0.0,0.0,0.0,0.0,2023-12-27 17:04:45,False,False,False,True,0.0,0.00036532407662462856,LOW
6,,,0.0,0.0,0.0,0.0,2023-12-27 18:57:03,False,False,False,True,0.0,3.753451253192207e-05,LOW
6,,,0.0,0.0,0.0,0.0,2023-12-27 14:35:51,False,False,False,True,0.0,3.0139949879913706e-05,LOW
6,,,0.0,0.0,0.0,0.0,2023-12-27 20:03:49,False,False,False,True,0.0,8.28634373108617e-05,LOW
6,0.0,0.0,,,0.0,0.0,2023-12-31 00:42:08,False,False,False,True,0.0,0.0005685162394458921,LOW
6,,,0.0,0.0,0.0,0.0,2023-12-27 13:23:55,False,False,False,True,0.0,5.6497247184580446e-05,LOW
6,0.0,0.0,,,0.0,0.0,2023-12-31 00:36:43,False,False,False,True,0.0,0.07801524617251651,LOW
6,,,0.0,0.0,0.0,0.0,2023-12-27 02:49:26,False,False,False,True,0.0,0.00010920467496958221,LOW
6,,,0.0,0.0,0.0,0.0,2023-12-31 00:36:59,False,False,False,True,0.0,0.003074051655370692,LOW
6,,,0.0,0.0,0.0,0.0,2023-12-28 04:56:05,False,False,False,True,0.0,0.0006828272444968525,LOW
6,,,0.0,0.0,0.0,0.0,2023-12-27 11:05:32,False,False,False,True,0.0,8.534794612040772e-05,LOW
6,,,0.0,0.0,0.0,0.0,2023-12-28 13:36:14,False,False,False,True,0.0,8.13832577628692e-05,LOW
6,,,0.0,0.0,0.0,0.0,2023-12-28 03:15:42,False,False,False,True,0.0,0.0001603481623357919,LOW
6,0.0,0.0,1.0,0.0,1.0,0.0,2023-12-31 00:36:33,False,False,True,False,1.0,0.6543564919166868,MEDIUM
6,,,0.0,0.0,0.0,0.0,2023-12-28 13:53:48,False,False,False,True,0.0,6.506475917909724e-05,LOW
6,,,0.0,0.0,0.0,0.0,2023-12-27 21:35:37,False,False,False,True,0.0,8.673371709265663e-05,LOW
6,,,0.0,0.0,0.0,0.0,2023-12-27 15:23:29,False,False,False,True,0.0,7.933915444064827e-05,LOW
6,0.0,0.0,,,0.0,0.0,2023-12-25 17:41:26,False,False,False,True,0.0,0.0008084267925056306,LOW
6,,,0.0,0.0,0.0,0.0,2023-12-28 20:13:22,False,False,False,True,0.0,8.673371709265663e-05,LOW
6,0.0,0.0,,,0.0,0.0,2023-12-31 00:42:05,False,False,False,True,0.0,0.005810388394575837,LOW
6,0.0,0.0,,,0.0,0.0,2023-12-31 00:42:02,False,False,False,True,0.0,0.0007103820938169967,LOW
6,,,0.0,0.0,0.0,0.0,2023-12-28 09:31:44,False,False,False,True,0.0,0.00039291301291609744,LOW
6,,,0.0,0.0,0.0,0.0,2023-12-27 07:47:49,False,False,False,True,0.0,9.568164256582048e-05,LOW
6,,,0.0,0.0,0.0,0.0,2023-12-28 17:22:01,False,False,False,True,0.0,5.179109907268707e-05,LOW
6,,,0.0,0.0,0.0,0.0,2023-12-28 22:11:18,False,False,False,True,0.0,0.0001294299124572474,LOW
6,,,0.0,0.0,0.0,0.0,2023-12-28 19:51:14,False,False,False,True,0.0,0.0016275155274555145,LOW
6,,,0.0,0.0,0.0,0.0,2023-12-27 11:57:29,False,False,False,True,0.0,3.0139949879913706e-05,LOW
6,,,0.0,0.0,0.0,0.0,2023-12-28 17:29:00,False,False,False,True,0.0,0.00018795699639765885,LOW
6,,,0.0,0.0,0.0,0.0,2023-12-27 13:45:31,False,False,False,True,0.0,3.0139949879913706e-05,LOW
6,0.0,0.0,,,0.0,0.0,2023-12-25 17:36:00,False,False,False,True,0.0,0.0008104397803028986,LOW
6,,,0.0,0.0,0.0,0.0,2023-12-27 13:01:11,False,False,False,True,0.0,3.0139949879913706e-05,LOW
6,,,0.0,0.0,0.0,0.0,2023-12-28 09:29:30,False,False,False,True,0.0,0.00048408766484213384,LOW
6,,,0.0,0.0,0.0,0.0,2023-12-28 15:36:27,False,False,False,True,0.0,7.933915444064827e-05,LOW
6,,,0.0,0.0,0.0,0.0,2023-12-28 20:52:01,False,False,False,True,0.0,5.918566172469544e-05,LOW
6,,,0.0,0.0,0.0,0.0,2023-12-28 12:36:14,False,False,False,True,0.0,8.13832577628692e-05,LOW
6,,,0.0,0.0,0.0,0.0,2023-12-28 09:57:30,False,False,False,True,0.0,0.0001725579096889057,LOW
6,,,0.0,0.0,0.0,0.0,2023-12-27 10:15:36,False,False,False,True,0.0,0.00040295350085856936,LOW
6,0.0,0.0,1.0,0.0,1.0,0.0,2023-12-31 00:36:33,False,False,True,False,1.0,0.5957623418348653,MEDIUM
6,,,0.0,0.0,0.0,0.0,2023-12-27 06:38:33,False,False,False,True,0.0,7.283614524450449e-05,LOW
6,,,0.0,0.0,0.0,0.0,2023-12-28 08:13:20,False,False,False,True,0.0,0.00013715301064141935,LOW
6,,,0.0,0.0,0.0,0.0,2023-12-27 07:54:57,False,False,False,True,0.0,8.403638665337012e-05,LOW
6,,,0.0,0.0,0.0,0.0,2023-12-28 22:13:36,False,False,False,True,0.0,0.001252106860478903,LOW
6,0.0,0.0,,,0.0,0.0,2023-12-25 16:11:51,False,False,False,True,0.0,0.0009290985484248299,LOW
6,,,0.0,0.0,0.0,0.0,2023-12-28 13:21:14,False,False,False,True,0.0,8.320051832327168e-05,LOW
6,,,0.0,0.0,0.0,0.0,2023-12-27 06:22:45,False,False,False,True,0.0,0.0001306028617997558,LOW
6,,,0.0,0.0,0.0,0.0,2023-12-28 07:30:43,False,False,False,True,0.0,8.320051832327168e-05,LOW
6,,,0.0,0.0,0.0,0.0,2023-12-28 14:27:39,False,False,False,True,0.0,3.0139949879913706e-05,LOW
6,,,0.0,0.0,0.0,0.0,2023-12-28 01:05:53,False,False,False,True,0.0,0.0001683899558854982,LOW
6,,,0.0,0.0,0.0,0.0,2023-12-28 18:25:50,False,False,False,True,0.0,3.753451253192207e-05,LOW
6,,,0.0,0.0,0.0,0.0,2023-12-28 17:05:16,False,False,False,True,0.0,3.0139949879913706e-05,LOW
6,,,0.0,0.0,0.0,0.0,2023-12-27 12:53:53,False,False,False,True,0.0,3.0139949879913706e-05,LOW
6,0.0,0.0,,,0.0,0.0,2019-12-07 22:54:22,False,False,False,True,0.0,0.0013457087475273605,LOW
6,,,0.0,0.0,0.0,0.0,2023-12-27 07:50:04,False,False,False,True,0.0,3.0139949879913706e-05,LOW
6,,,0.0,0.0,0.0,0.0,2023-12-27 18:27:15,False,False,False,True,0.0,3.753451253192207e-05,LOW
6,,,0.0,0.0,0.0,0.0,2023-12-28 10:36:39,False,False,False,True,0.0,0.00016901318059627202,LOW
6,,,0.0,0.0,0.0,0.0,2023-12-28 21:23:33,False,False,False,True,0.0,3.753451253192207e-05,LOW
6,,,0.0,0.0,0.0,0.0,2023-12-27 06:39:31,False,False,False,True,0.0,7.283614524450449e-05,LOW
6,0.0,0.0,,,0.0,0.0,2023-12-28 22:31:52,False,False,False,True,0.0,0.0005162761049386322,LOW
6,0.0,0.0,,,0.0,0.0,2023-12-25 16:11:56,False,False,False,True,0.0,0.0009290985484248299,LOW
6,,,0.0,0.0,0.0,0.0,2023-12-28 15:03:37,False,False,False,True,0.0,0.0001725579096889057,LOW
6,,,0.0,0.0,0.0,0.0,2023-12-27 13:14:13,False,False,False,True,0.0,0.0001725579096889057,LOW
6,,,0.0,0.0,0.0,0.0,2023-12-27 05:22:54,False,False,False,True,0.0,0.00165424964817358,LOW
6,,,0.0,0.0,0.0,0.0,2023-12-28 01:09:42,False,False,False,True,0.0,7.283614524450449e-05,LOW
6,,,0.0,0.0,0.0,0.0,2023-12-27 18:32:29,False,False,False,True,0.0,0.00034739161136349174,LOW
6,,,0.0,0.0,0.0,0.0,2023-12-28 02:29:15,False,False,False,True,0.0,7.283614524450449e-05,LOW
6,,,0.0,0.0,0.0,0.0,2023-12-28 17:28:40,False,False,False,True,0.0,7.933915444064827e-05,LOW
6,,,0.0,0.0,0.0,0.0,2023-12-28 15:50:26,False,False,False,True,0.0,3.0139949879913706e-05,LOW
6,,,0.0,0.0,0.0,0.0,2023-12-27 20:52:45,False,False,False,True,0.0,3.753451253192207e-05,LOW
6,,,0.0,0.0,0.0,0.0,2023-12-27 04:52:45,False,False,False,True,0.0,0.0016628171601680967,LOW
6,0.0,0.0,,,0.0,0.0,2023-12-31 00:36:32,False,False,False,True,0.0,0.0006147611525054554,LOW
6,,,0.0,0.0,0.0,0.0,2023-12-28 06:33:16,False,False,False,True,0.0,0.00016607011924505487,LOW
6,,,0.0,0.0,0.0,0.0,2023-12-28 16:01:40,False,False,False,True,0.0,3.0139949879913706e-05,LOW
6,,,0.0,0.0,0.0,0.0,2023-12-28 10:42:18,False,False,False,True,0.0,9.362862334442803e-05,LOW
6,0.0,0.0,1.0,0.0,1.0,0.0,2023-12-31 00:36:32,False,False,True,False,1.0,0.597997446975585,MEDIUM
6,,,0.0,0.0,0.0,0.0,2023-12-28 05:58:46,False,False,False,True,0.0,7.283614524450449e-05,LOW
6,,,0.0,0.0,0.0,0.0,2023-12-28 11:51:38,False,False,False,True,0.0,3.0139949879913706e-05,LOW
6,,,0.0,0.0,0.0,0.0,2023-12-27 02:49:17,False,False,False,True,0.0,0.00015400586760325145,LOW
6,,,0.0,0.0,0.0,0.0,2023-12-27 12:37:23,False,False,False,True,0.0,3.0139949879913706e-05,LOW
6,,,0.0,0.0,0.0,0.0,2023-12-28 14:39:32,False,False,False,True,0.0,6.711252278237554e-05,LOW
6,0.0,0.0,,,0.0,0.0,2019-12-07 22:54:25,False,False,False,True,0.0,0.0013457087475273605,LOW
6,,,0.0,0.0,0.0,0.0,2023-12-28 04:33:15,False,False,False,True,0.0,7.564710566760944e-05,LOW
6,,,0.0,0.0,0.0,0.0,2023-12-27 13:23:36,False,False,False,True,0.0,3.0139949879913706e-05,LOW
6,,,0.0,0.0,0.0,0.0,2023-12-28 02:00:42,False,False,False,True,0.0,0.00011777218696409897,LOW
6,,,0.0,0.0,0.0,0.0,2023-12-27 17:58:10,False,False,False,True,0.0,3.0139949879913706e-05,LOW
6,,,0.0,0.0,0.0,0.0,2023-12-28 04:00:42,False,False,False,True,0.0,0.00016930855738965384,LOW
6,,,0.0,0.0,0.0,0.0,2023-12-27 12:59:09,False,False,False,True,0.0,3.0139949879913706e-05,LOW
6,,,0.0,0.0,0.0,0.0,2023-12-28 17:13:49,False,False,False,True,0.0,0.00012418224545509307,LOW
6,,,0.0,0.0,0.0,0.0,2023-12-27 06:06:34,False,False,False,True,0.0,0.0002391110107360706,LOW
6,,,0.0,0.0,0.0,0.0,2023-12-27 04:27:00,False,False,False,True,0.0,0.005610877827444619,LOW
6,,,0.0,0.0,0.0,0.0,2023-12-28 01:30:38,False,False,False,True,0.0,7.283614524450449e-05,LOW
6,,,0.0,0.0,0.0,0.0,2023-12-27 13:44:13,False,False,False,True,0.0,0.0001725579096889057,LOW
6,,,0.0,0.0,0.0,0.0,2023-12-27 07:20:41,False,False,False,True,0.0,3.0139949879913706e-05,LOW
6,,,0.0,0.0,0.0,0.0,2023-12-28 09:22:28,False,False,False,True,0.0,0.00213836239157604,LOW
6,,,0.0,0.0,0.0,0.0,2023-12-27 10:32:29,False,False,False,True,0.0,7.309676910474161e-05,LOW
6,,,0.0,0.0,0.0,0.0,2023-12-28 03:39:47,False,False,False,True,0.0,0.0002625997200188618,LOW
6,0.0,0.0,,,0.0,0.0,2023-12-31 00:42:03,False,False,False,True,0.0,0.0007103820938169967,LOW
6,,,0.0,0.0,0.0,0.0,2023-12-28 05:07:33,False,False,False,True,0.0,0.0016628171601680967,LOW
6,,,0.0,0.0,0.0,0.0,2023-12-28 04:33:34,False,False,False,True,0.0,7.283614524450449e-05,LOW
6,,,0.0,0.0,0.0,0.0,2023-12-27 07:02:49,False,False,False,True,0.0,7.546887465885332e-05,LOW
6,0.0,0.0,,,0.0,0.0,2023-12-25 16:11:53,False,False,False,True,0.0,0.0009290985484248299,LOW
6,,,0.0,0.0,0.0,0.0,2023-12-28 22:05:00,False,False,False,True,0.0,8.640697866422331e-05,LOW
6,,,0.0,0.0,0.0,0.0,2023-12-27 07:53:19,False,False,False,True,0.0,7.933915444064827e-05,LOW
6,,,0.0,0.0,0.0,0.0,2023-12-28 06:15:50,False,False,False,True,0.0,0.00015178065034127515,LOW
6,,,0.0,0.0,0.0,0.0,2023-12-27 10:35:43,False,False,False,True,0.0,3.0139949879913706e-05,LOW
6,,,0.0,0.0,0.0,0.0,2023-12-27 18:02:33,False,False,False,True,0.0,8.673371709265663e-05,LOW
6,,,0.0,0.0,0.0,0.0,2023-12-28 06:16:16,False,False,False,True,0.0,0.00014073220749684132,LOW
6,,,0.0,0.0,0.0,0.0,2023-12-27 07:57:23,False,False,False,True,0.0,0.00010540440385021582,LOW
6,,,0.0,0.0,0.0,0.0,2023-12-27 08:49:03,False,False,False,True,0.0,8.320051832327168e-05,LOW
6,,,0.0,0.0,0.0,0.0,2023-12-27 12:37:49,False,False,False,True,0.0,3.0139949879913706e-05,LOW
6,,,0.0,0.0,0.0,0.0,2023-12-27 07:03:14,False,False,False,True,0.0,7.546887465885332e-05,LOW
6,,,0.0,0.0,0.0,0.0,2023-12-28 15:51:14,False,False,False,True,0.0,8.320051832327168e-05,LOW
6,,,0.0,0.0,0.0,0.0,2023-12-28 09:42:52,False,False,False,True,0.0,3.0139949879913706e-05,LOW
6,,,0.0,0.0,0.0,0.0,2023-12-28 05:11:24,False,False,False,True,0.0,9.02570473992561e-05,LOW
6,,,0.0,0.0,0.0,0.0,2023-12-27 11:43:13,False,False,False,True,0.0,3.0139949879913706e-05,LOW
6,,,0.0,0.0,0.0,0.0,2023-12-27 16:04:17,False,False,False,True,0.0,8.790666643516506e-05,LOW
6,,,0.0,0.0,0.0,0.0,2023-12-27 11:52:16,False,False,False,True,0.0,3.0139949879913706e-05,LOW
6,0.0,0.0,,,0.0,0.0,2022-12-16 17:16:31,False,False,False,True,0.0,0.011126360043727041,LOW
6,0.0,0.0,1.0,0.0,1.0,0.0,2023-12-31 00:36:32,False,False,True,False,1.0,0.5553750148837949,MEDIUM
6,,,0.0,0.0,0.0,0.0,2023-12-28 22:00:54,False,False,False,True,0.0,0.00015438633170733297,LOW
6,,,0.0,0.0,0.0,0.0,2023-12-28 09:22:58,False,False,False,True,0.0,0.00014911332912301677,LOW
6,0.0,0.0,1.0,0.0,1.0,0.0,2023-12-31 00:36:33,False,False,True,False,1.0,0.5707899435314164,MEDIUM
6,,,0.0,0.0,0.0,0.0,2023-12-27 15:13:45,False,False,False,True,0.0,0.00032368613173122034,LOW
6,,,0.0,0.0,0.0,0.0,2023-12-27 12:17:48,False,False,False,True,0.0,3.0139949879913706e-05,LOW
6,,,0.0,0.0,0.0,0.0,2023-12-27 10:57:44,False,False,False,True,0.0,3.0139949879913706e-05,LOW
6,,,0.0,0.0,0.0,0.0,2023-12-27 05:17:03,False,False,False,True,0.0,7.283614524450449e-05,LOW
6,0.0,0.0,,,0.0,0.0,2023-12-25 16:18:49,False,False,False,True,0.0,0.0008790146120205469,LOW
6,,,0.0,0.0,0.0,0.0,2023-12-27 12:12:46,False,False,False,True,0.0,3.0139949879913706e-05,LOW
6,,,0.0,0.0,0.0,0.0,2023-12-31 00:44:57,False,False,False,True,0.0,0.006625308961725553,LOW
6,,,0.0,0.0,0.0,0.0,2023-12-28 16:42:25,False,False,False,True,0.0,7.831442974410716e-05,LOW
6,,,0.0,0.0,0.0,0.0,2023-12-27 21:41:22,False,False,False,True,0.0,3.753451253192207e-05,LOW
6,0.0,0.0,,,0.0,0.0,2023-12-31 00:36:34,False,False,False,True,0.0,0.019858686836439564,LOW
6,,,0.0,0.0,0.0,0.0,2023-12-27 05:32:18,False,False,False,True,0.0,0.00037259722096311414,LOW
6,,,0.0,0.0,0.0,0.0,2023-12-27 13:55:23,False,False,False,True,0.0,3.0139949879913706e-05,LOW
6,,,0.0,0.0,0.0,0.0,2023-12-28 06:46:57,False,False,False,True,0.0,0.0001575026072505381,LOW
6,0.0,0.0,,,0.0,0.0,2023-12-25 17:13:06,False,False,False,True,0.0,0.0008084267925056306,LOW
6,,,0.0,0.0,0.0,0.0,2023-12-27 04:53:07,False,False,False,True,0.0,9.02570473992561e-05,LOW
6,,,0.0,0.0,0.0,0.0,2023-12-27 21:29:45,False,False,False,True,0.0,3.753451253192207e-05,LOW
6,,,0.0,0.0,0.0,0.0,2023-12-27 23:36:55,False,False,False,True,0.0,8.640697866422331e-05,LOW
6,,,0.0,0.0,0.0,0.0,2023-12-28 11:22:45,False,False,False,True,0.0,0.004198773594213113,LOW
6,,,0.0,0.0,0.0,0.0,2023-12-27 03:46:29,False,False,False,True,0.0,7.283614524450449e-05,LOW
6,,,0.0,0.0,0.0,0.0,2023-12-27 20:25:17,False,False,False,True,0.0,0.00012554910570325043,LOW
6,,,0.0,0.0,0.0,0.0,2023-12-28 01:11:47,False,False,False,True,0.0,7.283614524450449e-05,LOW
6,,,0.0,0.0,0.0,0.0,2023-12-27 11:13:41,False,False,False,True,0.0,3.0139949879913706e-05,LOW
6,,,0.0,0.0,0.0,0.0,2023-12-27 20:19:22,False,False,False,True,0.0,3.753451253192207e-05,LOW
6,,,0.0,0.0,0.0,0.0,2023-12-27 08:40:05,False,False,False,True,0.0,8.403638665337012e-05,LOW
6,,,0.0,0.0,0.0,0.0,2023-12-27 07:47:24,False,False,False,True,0.0,8.036744896549962e-05,LOW
6,,,0.0,0.0,0.0,0.0,2023-12-27 13:20:26,False,False,False,True,0.0,7.933915444064827e-05,LOW
6,,,0.0,0.0,0.0,0.0,2023-12-27 19:07:59,False,False,False,True,0.0,0.00014899695296940798,LOW
6,,,0.0,0.0,0.0,0.0,2023-12-28 13:32:24,False,False,False,True,0.0,7.933915444064827e-05,LOW
6,,,0.0,0.0,0.0,0.0,2023-12-27 13:13:01,False,False,False,True,0.0,0.0009216833537626995,LOW
6,0.0,0.0,,,0.0,0.0,2023-12-28 22:33:54,False,False,False,True,0.0,0.000796314377626418,LOW
6,,,0.0,0.0,0.0,0.0,2023-12-28 06:15:43,False,False,False,True,0.0,0.00018462275098997467,LOW
6,0.0,0.0,,,0.0,0.0,2022-12-18 23:31:01,False,False,False,True,0.0,0.0002575328640346022,LOW
6,,,0.0,0.0,0.0,0.0,2023-12-28 01:48:45,False,False,False,True,0.0,0.0054512717058152116,LOW
6,,,0.0,0.0,0.0,0.0,2023-12-27 03:39:32,False,False,False,True,0.0,0.005417691048435992,LOW
6,,,0.0,0.0,0.0,0.0,2023-12-27 22:20:13,False,False,False,True,0.0,8.640697866422331e-05,LOW
6,,,0.0,0.0,0.0,0.0,2023-12-28 09:22:28,False,False,False,True,0.0,0.008929775256512569,LOW
6,,,0.0,0.0,0.0,0.0,2023-12-28 09:22:19,False,False,False,True,0.0,0.0005032053934671797,LOW
6,,,0.0,0.0,0.0,0.0,2023-12-28 19:11:25,False,False,False,True,0.0,3.753451253192207e-05,LOW
6,,,0.0,0.0,0.0,0.0,2023-12-27 07:47:49,False,False,False,True,0.0,9.568164256582048e-05,LOW
6,,,0.0,0.0,0.0,0.0,2023-12-27 22:36:38,False,False,False,True,0.0,0.0001294299124572474,LOW
6,,,0.0,0.0,0.0,0.0,2023-12-28 19:06:32,False,False,False,True,0.0,8.673371709265663e-05,LOW
6,,,0.0,0.0,0.0,0.0,2023-12-28 11:54:12,False,False,False,True,0.0,8.608940587476259e-05,LOW
6,0.0,0.0,,,0.0,0.0,2023-12-25 17:36:04,False,False,False,True,0.0,0.0008084267925056306,LOW
6,0.0,0.0,,,0.0,0.0,2023-12-25 17:10:13,False,False,False,True,0.0,0.0008104397803028986,LOW
6,,,0.0,0.0,0.0,0.0,2023-12-28 04:47:36,False,False,False,True,0.0,7.283614524450449e-05,LOW
6,,,0.0,0.0,0.0,0.0,2023-12-27 17:53:00,False,False,False,True,0.0,3.0139949879913706e-05,LOW
6,,,0.0,0.0,0.0,0.0,2023-12-28 12:22:14,False,False,False,True,0.0,0.00015768084111753358,LOW
6,,,0.0,0.0,0.0,0.0,2023-12-28 03:45:08,False,False,False,True,0.0,7.283614524450449e-05,LOW
6,,,0.0,0.0,0.0,0.0,2023-12-27 19:17:42,False,False,False,True,0.0,3.753451253192207e-05,LOW
6,,,0.0,0.0,0.0,0.0,2023-12-28 19:34:53,False,False,False,True,0.0,3.753451253192207e-05,LOW
6,,,0.0,0.0,0.0,0.0,2023-12-27 15:53:58,False,False,False,True,0.0,7.463300632875488e-05,LOW
6,,,0.0,0.0,0.0,0.0,2023-12-28 12:09:23,False,False,False,True,0.0,3.0139949879913706e-05,LOW
6,,,0.0,0.0,0.0,0.0,2023-12-27 11:23:50,False,False,False,True,0.0,7.933915444064827e-05,LOW
6,,,0.0,0.0,0.0,0.0,2023-12-28 08:51:06,False,False,False,True,0.0,0.000474342876410763,LOW
6,,,0.0,0.0,0.0,0.0,2023-12-27 18:52:47,False,False,False,True,0.0,0.00014797222827286693,LOW
6,,,0.0,0.0,0.0,0.0,2023-12-28 01:51:30,False,False,False,True,0.0,7.283614524450449e-05,LOW
6,,,0.0,0.0,0.0,0.0,2023-12-27 13:37:46,False,False,False,True,0.0,8.13832577628692e-05,LOW
6,,,0.0,0.0,0.0,0.0,2023-12-27 21:24:17,False,False,False,True,0.0,3.753451253192207e-05,LOW
6,,,0.0,0.0,0.0,0.0,2023-12-27 18:23:06,False,False,False,True,0.0,0.00016507540376954196,LOW
6,,,0.0,0.0,0.0,0.0,2023-12-28 06:02:40,False,False,False,True,0.0,7.283614524450449e-05,LOW
6,,,0.0,0.0,0.0,0.0,2023-12-28 05:26:30,False,False,False,True,0.0,7.283614524450449e-05,LOW
6,,,0.0,0.0,0.0,0.0,2023-12-27 11:14:34,False,False,False,True,0.0,0.00015016990231191642,LOW
6,,,0.0,0.0,0.0,0.0,2023-12-27 14:55:14,False,False,False,True,0.0,0.00010319258137143763,LOW
6,,,0.0,0.0,0.0,0.0,2023-12-28 03:45:42,False,False,False,True,0.0,0.00016607011924505487,LOW
6,,,0.0,0.0,0.0,0.0,2023-12-27 18:34:33,False,False,False,True,0.0,8.673371709265663e-05,LOW
6,0.0,0.0,,,0.0,0.0,2023-12-25 16:12:07,False,False,False,True,0.0,0.0009290985484248299,LOW
6,0.0,0.0,,,0.0,0.0,2023-12-31 00:42:03,False,False,False,True,0.0,0.0007103820938169967,LOW
6,,,0.0,0.0,0.0,0.0,2023-12-28 18:33:26,False,False,False,True,0.0,9.530122908717343e-05,LOW
6,,,0.0,0.0,0.0,0.0,2023-12-27 18:04:06,False,False,False,True,0.0,3.753451253192207e-05,LOW
6,,,0.0,0.0,0.0,0.0,2023-12-27 21:16:25,False,False,False,True,0.0,3.753451253192207e-05,LOW
6,,,0.0,0.0,0.0,0.0,2023-12-28 09:23:14,False,False,False,True,0.0,0.0001249012246570461,LOW
6,,,0.0,0.0,0.0,0.0,2023-12-27 19:46:12,False,False,False,True,0.0,3.753451253192207e-05,LOW
6,,,0.0,0.0,0.0,0.0,2023-12-28 09:23:14,False,False,False,True,0.0,0.00039777796428537647,LOW
6,0.0,0.0,0.0,0.0,0.0,0.0,2023-12-31 00:43:25,False,False,False,True,0.0,0.1770544563638547,LOW
6,0.0,0.0,,,0.0,0.0,2023-12-25 16:11:52,False,False,False,True,0.0,0.0009290985484248299,LOW
6,,,0.0,0.0,0.0,0.0,2023-12-28 11:40:19,False,False,False,True,0.0,3.0139949879913706e-05,LOW
6,,,0.0,0.0,0.0,0.0,2023-12-27 20:45:29,False,False,False,True,0.0,9.143094930537852e-05,LOW
6,,,0.0,0.0,0.0,0.0,2023-12-28 19:36:46,False,False,False,True,0.0,8.673371709265663e-05,LOW
6,,,0.0,0.0,0.0,0.0,2023-12-27 07:15:05,False,False,False,True,0.0,3.0139949879913706e-05,LOW
6,,,0.0,0.0,0.0,0.0,2023-12-28 01:25:45,False,False,False,True,0.0,0.0001750305142989168,LOW
6,,,0.0,0.0,0.0,0.0,2023-12-27 04:40:54,False,False,False,True,0.0,7.283614524450449e-05,LOW
6,,,0.0,0.0,0.0,0.0,2023-12-27 03:37:45,False,False,False,True,0.0,0.00011777218696409897,LOW
6,,,0.0,0.0,0.0,0.0,2023-12-27 16:11:30,False,False,False,True,0.0,0.00013852464639946608,LOW
6,,,0.0,0.0,0.0,0.0,2023-12-28 04:13:41,False,False,False,True,0.0,0.00010569694135637237,LOW
6,,,0.0,0.0,0.0,0.0,2023-12-27 23:32:20,False,False,False,True,0.0,8.640697866422331e-05,LOW
6,,,0.0,0.0,0.0,0.0,2023-12-28 14:53:26,False,False,False,True,0.0,8.790666643516506e-05,LOW
6,,,0.0,0.0,0.0,0.0,2023-12-28 07:46:10,False,False,False,True,0.0,3.0139949879913706e-05,LOW
6,,,0.0,0.0,0.0,0.0,2023-12-27 19:45:45,False,False,False,True,0.0,0.00016507540376954196,LOW
6,,,0.0,0.0,0.0,0.0,2023-12-27 15:15:29,False,False,False,True,0.0,8.403638665337012e-05,LOW
6,,,0.0,0.0,0.0,0.0,2023-12-27 06:47:16,False,False,False,True,0.0,7.283614524450449e-05,LOW
6,,,0.0,0.0,0.0,0.0,2023-12-27 08:45:38,False,False,False,True,0.0,8.790666643516506e-05,LOW
6,,,0.0,0.0,0.0,0.0,2023-12-28 03:21:10,False,False,False,True,0.0,7.283614524450449e-05,LOW
6,,,0.0,0.0,0.0,0.0,2023-12-28 01:35:13,False,False,False,True,0.0,7.283614524450449e-05,LOW
6,,,0.0,0.0,0.0,0.0,2023-12-28 18:22:19,False,False,False,True,0.0,8.28634373108617e-05,LOW
6,,,0.0,0.0,0.0,0.0,2023-12-27 06:32:28,False,False,False,True,0.0,7.283614524450449e-05,LOW
6,,,0.0,0.0,0.0,0.0,2023-12-27 18:02:41,False,False,False,True,0.0,3.753451253192207e-05,LOW
6,0.0,0.0,,,0.0,0.0,2023-12-28 22:38:29,False,False,False,True,0.0,0.004515920496619597,LOW
6,,,0.0,0.0,0.0,0.0,2023-12-27 09:32:44,False,False,False,True,0.0,3.0139949879913706e-05,LOW
6,0.0,0.0,0.0,0.0,0.0,0.0,2023-12-28 22:13:27,False,False,False,True,0.0,0.019259926292753877,LOW
6,0.0,0.0,0.0,0.0,0.0,0.0,2023-12-28 22:34:55,False,False,False,True,0.0,0.008814156283568386,LOW
6,,,0.0,0.0,0.0,0.0,2023-12-28 22:22:10,False,False,False,True,0.0,8.640697866422331e-05,LOW
6,,,0.0,0.0,0.0,0.0,2023-12-28 05:56:02,False,False,False,True,0.0,7.283614524450449e-05,LOW
6,0.0,0.0,,,0.0,0.0,2023-12-31 00:42:06,False,False,False,True,0.0,0.0006127481647081875,LOW
6,,,0.0,0.0,0.0,0.0,2023-12-28 10:36:13,False,False,False,True,0.0,0.00014057766562085855,LOW
6,,,0.0,0.0,0.0,0.0,2023-12-27 13:40:23,False,False,False,True,0.0,3.0139949879913706e-05,LOW
6,,,0.0,0.0,0.0,0.0,2023-12-27 20:32:29,False,False,False,True,0.0,8.049133175674999e-05,LOW
6,,,0.0,0.0,0.0,0.0,2023-12-28 19:21:14,False,False,False,True,0.0,7.245932183110562e-05,LOW
6,,,0.0,0.0,0.0,0.0,2023-12-28 06:27:08,False,False,False,True,0.0,7.283614524450449e-05,LOW
6,,,0.0,0.0,0.0,0.0,2023-12-27 15:28:32,False,False,False,True,0.0,3.0139949879913706e-05,LOW
6,,,0.0,0.0,0.0,0.0,2023-12-31 00:43:13,False,False,False,True,0.0,0.004976771237960085,LOW
6,,,0.0,0.0,0.0,0.0,2023-12-28 08:51:19,False,False,False,True,0.0,0.00020191247943532193,LOW
6,,,0.0,0.0,0.0,0.0,2023-12-28 16:41:27,False,False,False,True,0.0,3.0139949879913706e-05,LOW
6,,,0.0,0.0,0.0,0.0,2023-12-27 08:36:10,False,False,False,True,0.0,3.0139949879913706e-05,LOW
6,,,0.0,0.0,0.0,0.0,2023-12-28 09:30:14,False,False,False,True,0.0,0.0016201209648035058,LOW
6,0.0,0.0,,,0.0,0.0,2022-12-18 23:22:29,False,False,False,True,0.0,0.00025551987623733427,LOW
6,,,0.0,0.0,0.0,0.0,2023-12-27 13:05:14,False,False,False,True,0.0,0.0033869634732478933,LOW
6,,,0.0,0.0,0.0,0.0,2023-12-27 22:53:10,False,False,False,True,0.0,0.0008096656862108505,LOW
6,,,0.0,0.0,0.0,0.0,2023-12-27 06:22:45,False,False,False,True,0.0,0.00017991660287808132,LOW
6,,,0.0,0.0,0.0,0.0,2023-12-27 08:13:20,False,False,False,True,0.0,7.933915444064827e-05,LOW
6,,,0.0,0.0,0.0,0.0,2023-12-27 05:25:43,False,False,False,True,0.0,7.283614524450449e-05,LOW
6,,,0.0,0.0,0.0,0.0,2023-12-28 15:51:14,False,False,False,True,0.0,0.00013852464639946608,LOW
6,,,0.0,0.0,0.0,0.0,2023-12-27 10:35:27,False,False,False,True,0.0,3.0139949879913706e-05,LOW
6,,,0.0,0.0,0.0,0.0,2023-12-27 12:48:26,False,False,False,True,0.0,3.0139949879913706e-05,LOW
6,,,0.0,0.0,0.0,0.0,2023-12-27 17:26:34,False,False,False,True,0.0,3.0139949879913706e-05,LOW
6,,,0.0,0.0,0.0,0.0,2023-12-27 18:53:11,False,False,False,True,0.0,0.00010102318599643639,LOW
6,,,0.0,0.0,0.0,0.0,2023-12-27 19:31:11,False,False,False,True,0.0,3.753451253192207e-05,LOW
6,,,0.0,0.0,0.0,0.0,2023-12-28 09:51:13,False,False,False,True,0.0,0.00019794298157232957,LOW
6,,,0.0,0.0,0.0,0.0,2023-12-27 19:51:12,False,False,False,True,0.0,3.753451253192207e-05,LOW
6,,,0.0,0.0,0.0,0.0,2023-12-27 13:53:56,False,False,False,True,0.0,5.6497247184580446e-05,LOW
6,0.0,0.0,1.0,0.0,1.0,0.0,2023-12-31 00:36:32,False,False,True,False,1.0,0.6543564919166868,MEDIUM
6,,,0.0,0.0,0.0,0.0,2023-12-28 05:32:49,False,False,False,True,0.0,0.0002391110107360706,LOW
6,,,0.0,0.0,0.0,0.0,2023-12-27 19:22:47,False,False,False,True,0.0,0.00010307620521782884,LOW
6,,,0.0,0.0,0.0,0.0,2023-12-28 02:22:35,False,False,False,True,0.0,0.0001750305142989168,LOW
6,,,0.0,0.0,0.0,0.0,2023-12-27 11:13:34,False,False,False,True,0.0,0.00033999704871148334,LOW
6,0.0,0.0,,,0.0,0.0,2019-12-07 22:54:22,False,False,False,True,0.0,0.0013457087475273605,LOW
6,,,0.0,0.0,0.0,0.0,2023-12-28 08:01:56,False,False,False,True,0.0,3.0139949879913706e-05,LOW
6,,,0.0,0.0,0.0,0.0,2023-12-27 12:07:46,False,False,False,True,0.0,8.403638665337012e-05,LOW
6,,,0.0,0.0,0.0,0.0,2023-12-28 12:27:53,False,False,False,True,0.0,3.0139949879913706e-05,LOW
6,,,0.0,0.0,0.0,0.0,2023-12-28 09:27:14,False,False,False,True,0.0,0.00016632444025217055,LOW
6,,,0.0,0.0,0.0,0.0,2023-12-28 16:04:43,False,False,False,True,0.0,3.0139949879913706e-05,LOW
6,,,0.0,0.0,0.0,0.0,2023-12-28 13:22:25,False,False,False,True,0.0,7.831442974410716e-05,LOW
6,,,0.0,0.0,0.0,0.0,2023-12-27 21:31:42,False,False,False,True,0.0,3.753451253192207e-05,LOW
6,,,0.0,0.0,0.0,0.0,2023-12-27 09:16:24,False,False,False,True,0.0,3.0139949879913706e-05,LOW
6,,,0.0,0.0,0.0,0.0,2023-12-28 12:08:14,False,False,False,True,0.0,8.403638665337012e-05,LOW
6,,,0.0,0.0,0.0,0.0,2023-12-28 20:53:38,False,False,False,True,0.0,0.000181965460138182,LOW
6,0.0,0.0,,,0.0,0.0,2023-12-31 00:36:41,False,False,False,True,0.0,0.0007103820938169967,LOW
6,,,0.0,0.0,0.0,0.0,2023-12-28 11:23:04,False,False,False,True,0.0,0.00014057766562085855,LOW
6,,,0.0,0.0,0.0,0.0,2023-12-27 15:22:46,False,False,False,True,0.0,8.320051832327168e-05,LOW
6,,,0.0,0.0,0.0,0.0,2023-12-28 02:15:38,False,False,False,True,0.0,7.283614524450449e-05,LOW
6,0.0,0.0,,,0.0,0.0,2023-12-25 16:24:18,False,False,False,True,0.0,0.0009326158143409794,LOW
6,,,0.0,0.0,0.0,0.0,2023-12-28 07:59:54,False,False,False,True,0.0,3.0139949879913706e-05,LOW
6,,,0.0,0.0,0.0,0.0,2023-12-28 09:51:13,False,False,False,True,0.0,0.00019544865593921438,LOW
6,,,0.0,0.0,0.0,0.0,2023-12-27 12:47:50,False,False,False,True,0.0,3.0139949879913706e-05,LOW
6,,,0.0,0.0,0.0,0.0,2023-12-28 09:21:45,False,False,False,True,0.0,8.608940587476259e-05,LOW
6,,,0.0,0.0,0.0,0.0,2023-12-28 19:43:53,False,False,False,True,0.0,8.673371709265663e-05,LOW
6,,,0.0,0.0,0.0,0.0,2023-12-28 15:57:14,False,False,False,True,0.0,3.0139949879913706e-05,LOW
6,,,0.0,0.0,0.0,0.0,2023-12-27 05:00:26,False,False,False,True,0.0,7.283614524450449e-05,LOW
6,,,0.0,0.0,0.0,0.0,2023-12-28 22:31:21,False,False,False,True,0.0,8.640697866422331e-05,LOW
6,,,0.0,0.0,0.0,0.0,2023-12-27 20:56:01,False,False,False,True,0.0,3.753451253192207e-05,LOW
6,,,0.0,0.0,0.0,0.0,2023-12-27 22:33:27,False,False,False,True,0.0,8.640697866422331e-05,LOW
6,,,0.0,0.0,0.0,0.0,2023-12-28 19:13:44,False,False,False,True,0.0,0.00013984142518153433,LOW
6,,,0.0,0.0,0.0,0.0,2023-12-28 03:32:19,False,False,False,True,0.0,7.283614524450449e-05,LOW
6,,,0.0,0.0,0.0,0.0,2023-12-28 09:22:48,False,False,False,True,0.0,0.0022352053973886173,LOW
6,,,0.0,0.0,0.0,0.0,2023-12-28 04:50:01,False,False,False,True,0.0,0.0054512717058152116,LOW
6,,,0.0,0.0,0.0,0.0,2023-12-27 15:07:31,False,False,False,True,0.0,3.0139949879913706e-05,LOW
6,,,0.0,0.0,0.0,0.0,2023-12-27 22:28:57,False,False,False,True,0.0,8.640697866422331e-05,LOW
6,,,0.0,0.0,0.0,0.0,2023-12-28 13:05:05,False,False,False,True,0.0,6.506475917909724e-05,LOW
6,,,0.0,0.0,0.0,0.0,2023-12-28 08:51:08,False,False,False,True,0.0,0.00014911332912301677,LOW
6,,,0.0,0.0,0.0,0.0,2023-12-28 17:51:14,False,False,False,True,0.0,8.403638665337012e-05,LOW
6,,,0.0,0.0,0.0,0.0,2023-12-28 16:41:28,False,False,False,True,0.0,3.0139949879913706e-05,LOW
6,,,0.0,0.0,0.0,0.0,2023-12-28 20:49:51,False,False,False,True,0.0,3.753451253192207e-05,LOW
6,,,0.0,0.0,0.0,0.0,2023-12-28 19:04:51,False,False,False,True,0.0,3.753451253192207e-05,LOW
6,,,0.0,0.0,0.0,0.0,2023-12-27 19:24:19,False,False,False,True,0.0,3.753451253192207e-05,LOW
6,,,0.0,0.0,0.0,0.0,2023-12-28 18:44:22,False,False,False,True,0.0,3.753451253192207e-05,LOW
6,,,0.0,0.0,0.0,0.0,2023-12-27 21:23:02,False,False,False,True,0.0,5.495541468667367e-05,LOW
6,,,0.0,0.0,0.0,0.0,2023-12-27 21:35:45,False,False,False,True,0.0,3.753451253192207e-05,LOW
6,,,0.0,0.0,0.0,0.0,2023-12-27 06:09:17,False,False,False,True,0.0,0.00012203534980523903,LOW
6,,,0.0,0.0,0.0,0.0,2023-12-27 22:02:38,False,False,False,True,0.0,0.0001294299124572474,LOW
6,,,0.0,0.0,0.0,0.0,2023-12-28 22:13:47,False,False,False,True,0.0,0.0003946379022024197,LOW
6,,,0.0,0.0,0.0,0.0,2023-12-28 09:22:48,False,False,False,True,0.0,0.0022352053973886173,LOW
6,,,0.0,0.0,0.0,0.0,2023-12-28 11:02:32,False,False,False,True,0.0,0.0007878273945677917,LOW
6,,,0.0,0.0,0.0,0.0,2023-12-28 15:02:02,False,False,False,True,0.0,3.0139949879913706e-05,LOW
6,,,0.0,0.0,0.0,0.0,2023-12-28 17:02:32,False,False,False,True,0.0,0.0009470630633576009,LOW
6,,,0.0,0.0,0.0,0.0,2023-12-28 17:39:58,False,False,False,True,0.0,3.0139949879913706e-05,LOW
6,0.0,0.0,,,0.0,0.0,2023-12-31 00:42:06,False,False,False,True,0.0,0.0006147611525054554,LOW
6,,,0.0,0.0,0.0,0.0,2023-12-27 09:37:45,False,False,False,True,0.0,0.00015016990231191642,LOW
6,,,0.0,0.0,0.0,0.0,2023-12-28 09:22:48,False,False,False,True,0.0,0.0022352053973886173,LOW
6,,,0.0,0.0,0.0,0.0,2023-12-31 00:41:10,False,False,False,True,0.0,0.004452111032949794,LOW
6,,,0.0,0.0,0.0,0.0,2023-12-28 02:29:13,False,False,False,True,0.0,7.283614524450449e-05,LOW
6,,,0.0,0.0,0.0,0.0,2023-12-27 11:09:18,False,False,False,True,0.0,3.0139949879913706e-05,LOW
6,,,0.0,0.0,0.0,0.0,2023-12-28 19:53:37,False,False,False,True,0.0,0.00017995247234091404,LOW
6,,,0.0,0.0,0.0,0.0,2023-12-28 09:21:58,False,False,False,True,0.0,0.00041354040913711134,LOW
6,0.0,0.0,,,0.0,0.0,2023-12-28 22:40:01,False,False,False,True,0.0,0.0005077085929441154,LOW
6,0.0,0.0,,,0.0,0.0,2023-12-31 00:36:46,False,False,False,True,0.0,0.0006127481647081875,LOW
6,,,0.0,0.0,0.0,0.0,2023-12-27 04:20:03,False,False,False,True,0.0,7.283614524450449e-05,LOW
6,,,0.0,0.0,0.0,0.0,2023-12-28 09:58:08,False,False,False,True,0.0,3.0139949879913706e-05,LOW
6,,,0.0,0.0,0.0,0.0,2023-12-28 08:32:45,False,False,False,True,0.0,7.933915444064827e-05,LOW
6,0.0,0.0,,,0.0,0.0,2023-12-31 00:36:28,False,False,False,True,0.0,0.0017233274529635794,LOW
6,,,0.0,0.0,0.0,0.0,2023-12-28 19:08:14,False,False,False,True,0.0,9.143094930537852e-05,LOW
6,,,0.0,0.0,0.0,0.0,2023-12-28 22:10:43,False,False,False,True,0.0,8.640697866422331e-05,LOW
6,,,0.0,0.0,0.0,0.0,2023-12-27 11:57:43,False,False,False,True,0.0,3.0139949879913706e-05,LOW
6,,,0.0,0.0,0.0,0.0,2023-12-28 02:33:24,False,False,False,True,0.0,0.0005171341140111215,LOW
6,,,0.0,0.0,0.0,0.0,2023-12-27 19:23:32,False,False,False,True,0.0,0.0016189480154609975,LOW
6,0.0,0.0,,,0.0,0.0,2023-12-31 00:36:42,False,False,False,True,0.0,0.07801323318471924,LOW
6,,,0.0,0.0,0.0,0.0,2023-12-27 18:18:11,False,False,False,True,0.0,3.753451253192207e-05,LOW
6,,,0.0,0.0,0.0,0.0,2023-12-27 06:03:59,False,False,False,True,0.0,7.283614524450449e-05,LOW
6,,,0.0,0.0,0.0,0.0,2023-12-27 03:07:45,False,False,False,True,0.0,0.00012186219388670622,LOW
6,,,0.0,0.0,0.0,0.0,2023-12-27 04:52:55,False,False,False,True,0.0,7.283614524450449e-05,LOW
6,,,0.0,0.0,0.0,0.0,2023-12-28 21:06:34,False,False,False,True,0.0,8.673371709265663e-05,LOW
6,,,0.0,0.0,0.0,0.0,2023-12-27 02:44:50,False,False,False,True,0.0,7.283614524450449e-05,LOW
6,,,0.0,0.0,0.0,0.0,2023-12-27 14:31:19,False,False,False,True,0.0,3.0139949879913706e-05,LOW
6,,,0.0,0.0,0.0,0.0,2023-12-27 08:42:07,False,False,False,True,0.0,3.0139949879913706e-05,LOW
6,,,0.0,0.0,0.0,0.0,2023-12-28 18:40:31,False,False,False,True,0.0,8.673371709265663e-05,LOW
6,,,0.0,0.0,0.0,0.0,2023-12-27 21:28:38,False,False,False,True,0.0,3.753451253192207e-05,LOW
6,,,0.0,0.0,0.0,0.0,2023-12-27 04:13:59,False,False,False,True,0.0,0.0006030581428068015,LOW
6,0.0,0.0,,,0.0,0.0,2023-12-28 09:22:53,False,False,False,True,0.0,0.0004654732038299754,LOW
6,,,0.0,0.0,0.0,0.0,2023-12-28 13:32:32,False,False,False,True,0.0,0.00041695131335242066,LOW
6,,,0.0,0.0,0.0,0.0,2023-12-27 22:43:11,False,False,False,True,0.0,0.00014371938136102712,LOW
6,,,0.0,0.0,0.0,0.0,2023-12-27 03:57:32,False,False,False,True,0.0,0.0001981352564215343,LOW
6,,,0.0,0.0,0.0,0.0,2023-12-27 15:12:33,False,False,False,True,0.0,8.036744896549962e-05,LOW
6,,,0.0,0.0,0.0,0.0,2023-12-27 12:04:08,False,False,False,True,0.0,3.0139949879913706e-05,LOW
6,,,0.0,0.0,0.0,0.0,2023-12-28 21:21:15,False,False,False,True,0.0,9.530122908717343e-05,LOW
6,,,0.0,0.0,0.0,0.0,2023-12-28 02:15:42,False,False,False,True,0.0,0.00012101062510869794,LOW
6,,,0.0,0.0,0.0,0.0,2023-12-28 21:53:08,False,False,False,True,0.0,3.753451253192207e-05,LOW
6,,,0.0,0.0,0.0,0.0,2023-12-28 02:40:56,False,False,False,True,0.0,7.283614524450449e-05,LOW
6,,,0.0,0.0,0.0,0.0,2023-12-27 08:22:45,False,False,False,True,0.0,6.035861106720386e-05,LOW
6,,,0.0,0.0,0.0,0.0,2023-12-27 14:04:27,False,False,False,True,0.0,7.933915444064827e-05,LOW
6,0.0,0.0,,,0.0,0.0,2023-12-25 16:20:08,False,False,False,True,0.0,0.0011297192507965456,LOW
6,,,0.0,0.0,0.0,0.0,2023-12-27 10:05:38,False,False,False,True,0.0,3.0139949879913706e-05,LOW
6,,,0.0,0.0,0.0,0.0,2023-12-28 18:52:55,False,False,False,True,0.0,6.775317371921225e-05,LOW
6,,,0.0,0.0,0.0,0.0,2023-12-27 07:05:33,False,False,False,True,0.0,3.0139949879913706e-05,LOW
6,,,0.0,0.0,0.0,0.0,2023-12-28 19:54:57,False,False,False,True,0.0,3.753451253192207e-05,LOW
6,,,0.0,0.0,0.0,0.0,2023-12-27 20:42:00,False,False,False,True,0.0,0.0001953515590496672,LOW
6,,,0.0,0.0,0.0,0.0,2023-12-28 03:51:42,False,False,False,True,0.0,0.00010847581153311085,LOW
6,,,0.0,0.0,0.0,0.0,2023-12-27 05:04:34,False,False,False,True,0.0,0.00011777218696409897,LOW
6,,,0.0,0.0,0.0,0.0,2023-12-27 18:56:09,False,False,False,True,0.0,3.753451253192207e-05,LOW
6,,,0.0,0.0,0.0,0.0,2023-12-28 17:52:18,False,False,False,True,0.0,9.362862334442803e-05,LOW
6,,,0.0,0.0,0.0,0.0,2023-12-27 21:11:09,False,False,False,True,0.0,3.753451253192207e-05,LOW
6,,,0.0,0.0,0.0,0.0,2023-12-28 12:36:31,False,False,False,True,0.0,7.885332067615346e-05,LOW
6,,,0.0,0.0,0.0,0.0,2023-12-27 16:04:11,False,False,False,True,0.0,3.0139949879913706e-05,LOW
6,,,0.0,0.0,0.0,0.0,2023-12-27 17:25:43,False,False,False,True,0.0,3.0139949879913706e-05,LOW
6,,,0.0,0.0,0.0,0.0,2023-12-28 09:31:44,False,False,False,True,0.0,0.00039291301291609744,LOW
6,,,0.0,0.0,0.0,0.0,2023-12-28 03:13:18,False,False,False,True,0.0,7.283614524450449e-05,LOW
6,,,0.0,0.0,0.0,0.0,2023-12-28 06:30:45,False,False,False,True,0.0,0.00024289066309379228,LOW
6,,,0.0,0.0,0.0,0.0,2023-12-28 14:21:40,False,False,False,True,0.0,0.0001725579096889057,LOW
6,,,0.0,0.0,0.0,0.0,2023-12-27 08:29:33,False,False,False,True,0.0,3.0139949879913706e-05,LOW
6,,,0.0,0.0,0.0,0.0,2023-12-27 18:03:17,False,False,False,True,0.0,0.00040517252693738487,LOW
6,,,0.0,0.0,0.0,0.0,2023-12-27 13:52:46,False,False,False,True,0.0,8.790666643516506e-05,LOW
6,,,0.0,0.0,0.0,0.0,2023-12-27 12:42:48,False,False,False,True,0.0,3.0139949879913706e-05,LOW
6,,,0.0,0.0,0.0,0.0,2023-12-28 14:52:10,False,False,False,True,0.0,3.0139949879913706e-05,LOW
6,,,0.0,0.0,0.0,0.0,2023-12-27 10:39:31,False,False,False,True,0.0,0.0004953767280034859,LOW
6,0.0,0.0,1.0,0.0,1.0,0.0,2023-12-31 00:36:32,False,False,True,False,1.0,0.6037768664347278,MEDIUM
6,,,0.0,0.0,0.0,0.0,2023-12-28 04:06:01,False,False,False,True,0.0,7.283614524450449e-05,LOW
6,0.0,0.0,,,0.0,0.0,2023-12-28 22:01:17,False,False,False,True,0.0,0.001473971192241955,LOW
6,,,0.0,0.0,0.0,0.0,2023-12-28 22:01:04,False,False,False,True,0.0,0.0001738575649564084,LOW
6,,,0.0,0.0,0.0,0.0,2023-12-28 19:21:14,False,False,False,True,0.0,0.0016275155274555145,LOW
6,,,0.0,0.0,0.0,0.0,2023-12-27 08:46:07,False,False,False,True,0.0,3.0139949879913706e-05,LOW
6,,,0.0,0.0,0.0,0.0,2023-12-27 14:06:53,False,False,False,True,0.0,3.0139949879913706e-05,LOW
6,,,0.0,0.0,0.0,0.0,2023-12-27 14:14:07,False,False,False,True,0.0,0.00010540440385021582,LOW
6,,,0.0,0.0,0.0,0.0,2023-12-28 10:51:13,False,False,False,True,0.0,9.097549445392709e-05,LOW
6,,,0.0,0.0,0.0,0.0,2023-12-27 10:54:10,False,False,False,True,0.0,3.0139949879913706e-05,LOW
6,,,0.0,0.0,0.0,0.0,2023-12-28 18:51:48,False,False,False,True,0.0,3.753451253192207e-05,LOW
6,,,0.0,0.0,0.0,0.0,2023-12-27 09:25:11,False,False,False,True,0.0,0.005853723317104743,LOW
6,,,0.0,0.0,0.0,0.0,2023-12-27 11:39:43,False,False,False,True,0.0,0.0004113285866583332,LOW
6,0.0,0.0,,,0.0,0.0,2022-12-18 23:32:22,False,False,False,True,0.0,0.0003259580759852396,LOW
6,,,0.0,0.0,0.0,0.0,2023-12-28 07:01:31,False,False,False,True,0.0,3.0139949879913706e-05,LOW
6,,,0.0,0.0,0.0,0.0,2023-12-27 13:19:47,False,False,False,True,0.0,3.0139949879913706e-05,LOW
6,,,0.0,0.0,0.0,0.0,2023-12-27 10:39:32,False,False,False,True,0.0,3.0139949879913706e-05,LOW
6,,,0.0,0.0,0.0,0.0,2023-12-28 06:02:09,False,False,False,True,0.0,7.283614524450449e-05,LOW
6,,,0.0,0.0,0.0,0.0,2023-12-27 17:10:58,False,False,False,True,0.0,3.0139949879913706e-05,LOW
6,,,0.0,0.0,0.0,0.0,2023-12-27 12:22:46,False,False,False,True,0.0,5.61283640291821e-05,LOW
6,,,0.0,0.0,0.0,0.0,2023-12-27 04:50:27,False,False,False,True,0.0,7.283614524450449e-05,LOW
6,0.0,0.0,,,0.0,0.0,2019-12-07 22:54:23,False,False,False,True,0.0,0.0013457087475273605,LOW
6,,,0.0,0.0,0.0,0.0,2023-12-27 16:32:01,False,False,False,True,0.0,3.0139949879913706e-05,LOW
6,,,0.0,0.0,0.0,0.0,2023-12-27 11:32:19,False,False,False,True,0.0,3.0139949879913706e-05,LOW
6,,,0.0,0.0,0.0,0.0,2023-12-28 09:23:12,False,False,False,True,0.0,0.0004805429357495002,LOW
6,,,0.0,0.0,0.0,0.0,2023-12-28 01:08:09,False,False,False,True,0.0,7.283614524450449e-05,LOW
6,,,0.0,0.0,0.0,0.0,2023-12-27 05:52:45,False,False,False,True,0.0,0.0016628171601680967,LOW
6,,,0.0,0.0,0.0,0.0,2023-12-27 07:50:19,False,False,False,True,0.0,7.933915444064827e-05,LOW
6,,,0.0,0.0,0.0,0.0,2023-12-28 12:43:32,False,False,False,True,0.0,3.0139949879913706e-05,LOW
6,0.0,0.0,,,0.0,0.0,2023-12-19 16:38:23,False,False,False,True,0.0,0.0007794628100869167,LOW
6,,,0.0,0.0,0.0,0.0,2023-12-28 19:03:04,False,False,False,True,0.0,0.0018673482897040615,LOW
6,,,0.0,0.0,0.0,0.0,2023-12-28 10:49:58,False,False,False,True,0.0,3.0139949879913706e-05,LOW
6,,,0.0,0.0,0.0,0.0,2023-12-28 07:18:16,False,False,False,True,0.0,3.295091030301866e-05,LOW
6,,,0.0,0.0,0.0,0.0,2023-12-28 02:36:42,False,False,False,True,0.0,0.00010847581153311085,LOW
6,,,0.0,0.0,0.0,0.0,2023-12-28 18:58:27,False,False,False,True,0.0,3.753451253192207e-05,LOW
6,,,0.0,0.0,0.0,0.0,2023-12-28 22:28:35,False,False,False,True,0.0,0.0001294299124572474,LOW
6,,,0.0,0.0,0.0,0.0,2023-12-31 00:43:29,False,False,False,True,0.0,0.004219155269290667,LOW
6,0.0,0.0,,,0.0,0.0,2023-12-31 00:42:02,False,False,False,True,0.0,0.001074347069384097,LOW
6,,,0.0,0.0,0.0,0.0,2023-12-27 04:18:00,False,False,False,True,0.0,7.283614524450449e-05,LOW
6,,,0.0,0.0,0.0,0.0,2023-12-28 16:30:00,False,False,False,True,0.0,0.00018795699639765885,LOW
6,,,0.0,0.0,0.0,0.0,2023-12-27 07:30:10,False,False,False,True,0.0,0.00017938948440314204,LOW
6,,,0.0,0.0,0.0,0.0,2023-12-27 13:03:12,False,False,False,True,0.0,3.0139949879913706e-05,LOW
6,,,0.0,0.0,0.0,0.0,2023-12-27 21:51:37,False,False,False,True,0.0,0.00012452081117839904,LOW
6,,,0.0,0.0,0.0,0.0,2023-12-28 05:15:43,False,False,False,True,0.0,0.00014929971949135807,LOW
6,,,0.0,0.0,0.0,0.0,2023-12-28 19:09:08,False,False,False,True,0.0,0.009104782202659707,LOW
6,,,0.0,0.0,0.0,0.0,2023-12-27 06:32:18,False,False,False,True,0.0,0.0001799355211536838,LOW
6,,,0.0,0.0,0.0,0.0,2023-12-28 10:02:17,False,False,False,True,0.0,0.0006412666771913599,LOW
6,,,0.0,0.0,0.0,0.0,2023-12-27 09:46:37,False,False,False,True,0.0,3.0139949879913706e-05,LOW
6,,,0.0,0.0,0.0,0.0,2023-12-27 03:29:53,False,False,False,True,0.0,7.283614524450449e-05,LOW
6,,,0.0,0.0,0.0,0.0,2023-12-28 19:04:02,False,False,False,True,0.0,3.753451253192207e-05,LOW
6,,,0.0,0.0,0.0,0.0,2023-12-27 16:44:03,False,False,False,True,0.0,7.752189388024579e-05,LOW
6,0.0,0.0,,,0.0,0.0,2023-12-25 16:38:27,False,False,False,True,0.0,0.0008104397803028986,LOW
6,0.0,0.0,,,0.0,0.0,2023-12-31 00:42:08,False,False,False,True,0.0,0.000566503251648624,LOW
6,,,0.0,0.0,0.0,0.0,2023-12-28 15:20:54,False,False,False,True,0.0,3.0139949879913706e-05,LOW
6,,,0.0,0.0,0.0,0.0,2023-12-28 05:40:47,False,False,False,True,0.0,7.283614524450449e-05,LOW
6,,,0.0,0.0,0.0,0.0,2023-12-27 12:29:05,False,False,False,True,0.0,3.0139949879913706e-05,LOW
6,,,0.0,0.0,0.0,0.0,2023-12-28 16:29:46,False,False,False,True,0.0,3.0139949879913706e-05,LOW
6,,,0.0,0.0,0.0,0.0,2023-12-27 13:14:06,False,False,False,True,0.0,0.00012418224545509307,LOW
6,,,0.0,0.0,0.0,0.0,2023-12-28 19:21:14,False,False,False,True,0.0,7.245932183110562e-05,LOW
6,0.0,0.0,,,0.0,0.0,2022-12-16 16:16:59,False,False,False,True,0.0,0.0003804509452189122,LOW
6,,,0.0,0.0,0.0,0.0,2023-12-27 16:04:18,False,False,False,True,0.0,0.00014911332912301677,LOW
6,,,0.0,0.0,0.0,0.0,2023-12-27 20:22:47,False,False,False,True,0.0,9.348396852677098e-05,LOW
6,0.0,0.0,,,0.0,0.0,2023-12-31 00:36:37,False,False,False,True,0.0,0.020045386881331406,LOW
6,,,0.0,0.0,0.0,0.0,2023-12-28 01:05:54,False,False,False,True,0.0,0.0002625517215563295,LOW
6,,,0.0,0.0,0.0,0.0,2023-12-28 07:18:29,False,False,False,True,0.0,3.0139949879913706e-05,LOW
6,,,0.0,0.0,0.0,0.0,2023-12-28 17:10:29,False,False,False,True,0.0,7.933915444064827e-05,LOW
6,,,0.0,0.0,0.0,0.0,2023-12-28 02:31:37,False,False,False,True,0.0,0.00017226044671019494,LOW
6,0.0,0.0,0.0,0.0,0.0,0.0,2023-12-28 22:01:47,False,False,False,True,0.0,0.008814156283568386,LOW
6,0.0,0.0,,,0.0,0.0,2023-12-28 22:28:14,False,False,False,True,0.0,0.001165329291524211,LOW
6,0.0,0.0,,,0.0,0.0,2023-12-25 16:11:53,False,False,False,True,0.0,0.0009290985484248299,LOW
6,0.0,0.0,,,0.0,0.0,2023-12-28 21:02:25,False,False,False,True,0.0,0.005734795680749084,LOW
6,,,0.0,0.0,0.0,0.0,2023-12-27 03:39:52,False,False,False,True,0.0,7.283614524450449e-05,LOW
6,,,0.0,0.0,0.0,0.0,2023-12-28 11:36:51,False,False,False,True,0.0,3.0139949879913706e-05,LOW
6,,,0.0,0.0,0.0,0.0,2023-12-27 06:36:01,False,False,False,True,0.0,7.283614524450449e-05,LOW
6,,,0.0,0.0,0.0,0.0,2023-12-27 07:06:45,False,False,False,True,0.0,8.036744896549962e-05,LOW
6,,,0.0,0.0,0.0,0.0,2023-12-28 06:49:04,False,False,False,True,0.0,7.283614524450449e-05,LOW
6,,,0.0,0.0,0.0,0.0,2023-12-27 02:52:45,False,False,False,True,0.0,0.0001306028617997558,LOW
6,,,0.0,0.0,0.0,0.0,2023-12-28 06:30:55,False,False,False,True,0.0,0.00024899389396656433,LOW
6,,,0.0,0.0,0.0,0.0,2023-12-28 21:18:58,False,False,False,True,0.0,3.753451253192207e-05,LOW
6,,,0.0,0.0,0.0,0.0,2023-12-27 12:45:28,False,False,False,True,0.0,0.00014363236337664378,LOW
6,,,0.0,0.0,0.0,0.0,2023-12-27 10:23:54,False,False,False,True,0.0,0.0016068473046970957,LOW
6,,,0.0,0.0,0.0,0.0,2023-12-28 14:06:28,False,False,False,True,0.0,3.0139949879913706e-05,LOW
6,,,0.0,0.0,0.0,0.0,2023-12-27 04:30:22,False,False,False,True,0.0,7.283614524450449e-05,LOW
6,0.0,0.0,1.0,0.0,1.0,0.0,2023-12-31 00:36:32,False,False,True,False,1.0,0.6154503614591635,MEDIUM
6,,,0.0,0.0,0.0,0.0,2023-12-28 13:26:17,False,False,False,True,0.0,3.0139949879913706e-05,LOW
6,,,0.0,0.0,0.0,0.0,2023-12-27 09:52:45,False,False,False,True,0.0,7.715301072484744e-05,LOW
6,,,0.0,0.0,0.0,0.0,2023-12-28 08:17:08,False,False,False,True,0.0,3.0139949879913706e-05,LOW
6,,,0.0,0.0,0.0,0.0,2023-12-27 06:52:45,False,False,False,True,0.0,0.0001258967136878624,LOW
6,,,0.0,0.0,0.0,0.0,2023-12-27 21:35:07,False,False,False,True,0.0,3.753451253192207e-05,LOW
6,,,0.0,0.0,0.0,0.0,2023-12-27 19:32:28,False,False,False,True,0.0,8.877782041487759e-05,LOW
6,,,0.0,0.0,0.0,0.0,2023-12-28 09:22:40,False,False,False,True,0.0,0.0004362360094785349,LOW
6,,,0.0,0.0,0.0,0.0,2023-12-28 02:06:45,False,False,False,True,0.0,7.283614524450449e-05,LOW
6,,,0.0,0.0,0.0,0.0,2023-12-27 20:26:58,False,False,False,True,0.0,3.753451253192207e-05,LOW
6,,,0.0,0.0,0.0,0.0,2023-12-27 21:22:10,False,False,False,True,0.0,3.753451253192207e-05,LOW
6,,,0.0,0.0,0.0,0.0,2023-12-28 09:22:56,False,False,False,True,0.0,5.721210417400328e-05,LOW
6,,,0.0,0.0,0.0,0.0,2023-12-28 09:51:13,False,False,False,True,0.0,0.00016527556839502738,LOW
6,,,0.0,0.0,0.0,0.0,2023-12-27 16:34:56,False,False,False,True,0.0,3.0139949879913706e-05,LOW
6,0.0,0.0,,,0.0,0.0,2019-12-07 22:54:25,False,False,False,True,0.0,0.0013457087475273605,LOW
6,,,0.0,0.0,0.0,0.0,2023-12-27 13:52:46,False,False,False,True,0.0,0.0016201209648035058,LOW
6,,,0.0,0.0,0.0,0.0,2023-12-27 13:56:05,False,False,False,True,0.0,0.0090973876400077,LOW
6,0.0,0.0,,,0.0,0.0,2023-12-25 17:39:40,False,False,False,True,0.0,0.0008084267925056306,LOW
6,0.0,0.0,,,0.0,0.0,2023-12-31 00:37:00,False,False,False,True,0.0,0.0003198518173440013,LOW
6,,,0.0,0.0,0.0,0.0,2023-12-28 05:26:08,False,False,False,True,0.0,0.0007131455870941238,LOW
6,,,0.0,0.0,0.0,0.0,2023-12-27 20:39:00,False,False,False,True,0.0,0.00012554910570325043,LOW
6,,,0.0,0.0,0.0,0.0,2023-12-28 07:45:55,False,False,False,True,0.0,0.00016901318059627202,LOW
6,,,0.0,0.0,0.0,0.0,2023-12-27 11:52:46,False,False,False,True,0.0,0.00015016990231191642,LOW
6,,,0.0,0.0,0.0,0.0,2023-12-28 11:02:14,False,False,False,True,0.0,0.00013852464639946608,LOW
6,,,0.0,0.0,0.0,0.0,2023-12-27 19:01:57,False,False,False,True,0.0,3.753451253192207e-05,LOW
6,,,0.0,0.0,0.0,0.0,2023-12-28 11:12:29,False,False,False,True,0.0,3.0139949879913706e-05,LOW
6,,,0.0,0.0,0.0,0.0,2023-12-28 05:33:56,False,False,False,True,0.0,7.283614524450449e-05,LOW
6,,,0.0,0.0,0.0,0.0,2023-12-27 16:01:38,False,False,False,True,0.0,3.0139949879913706e-05,LOW
6,0.0,0.0,0.0,0.0,0.0,0.0,2023-12-28 21:50:34,False,False,False,True,0.0,0.009083741578770678,LOW
6,0.0,0.0,1.0,0.0,1.0,0.0,2023-12-31 00:36:32,False,False,True,False,1.0,0.6231943715648821,MEDIUM
6,,,0.0,0.0,0.0,0.0,2023-12-28 16:53:01,False,False,False,True,0.0,8.320051832327168e-05,LOW
6,,,0.0,0.0,0.0,0.0,2023-12-27 07:55:57,False,False,False,True,0.0,3.0139949879913706e-05,LOW
6,,,0.0,0.0,0.0,0.0,2023-12-27 14:32:18,False,False,False,True,0.0,8.403638665337012e-05,LOW
6,,,0.0,0.0,0.0,0.0,2023-12-28 20:34:30,False,False,False,True,0.0,3.753451253192207e-05,LOW
6,,,0.0,0.0,0.0,0.0,2023-12-28 21:12:25,False,False,False,True,0.0,0.0016275155274555145,LOW
6,0.0,0.0,0.0,0.0,0.0,0.0,2023-12-28 22:13:00,False,False,False,True,0.0,0.008814156283568386,LOW
6,0.0,0.0,,,0.0,0.0,2022-12-18 23:23:35,False,False,False,True,0.0,0.0002575328640346022,LOW
6,,,0.0,0.0,0.0,0.0,2023-12-27 02:52:45,False,False,False,True,0.0,0.00039635101617282233,LOW
6,,,0.0,0.0,0.0,0.0,2023-12-28 15:17:51,False,False,False,True,0.0,3.0139949879913706e-05,LOW
6,0.0,0.0,,,0.0,0.0,2023-12-31 00:42:03,False,False,False,True,0.0,0.0007103820938169967,LOW
6,,,0.0,0.0,0.0,0.0,2023-12-28 02:45:42,False,False,False,True,0.0,0.00011984920608943824,LOW
6,,,0.0,0.0,0.0,0.0,2023-12-28 12:51:14,False,False,False,True,0.0,0.00015016990231191642,LOW
6,,,0.0,0.0,0.0,0.0,2023-12-27 20:30:14,False,False,False,True,0.0,3.753451253192207e-05,LOW
6,,,0.0,0.0,0.0,0.0,2023-12-28 18:53:21,False,False,False,True,0.0,3.753451253192207e-05,LOW
6,,,0.0,0.0,0.0,0.0,2023-12-28 20:22:25,False,False,False,True,0.0,8.28634373108617e-05,LOW
6,,,0.0,0.0,0.0,0.0,2023-12-28 22:23:06,False,False,False,True,0.0,8.640697866422331e-05,LOW
6,,,0.0,0.0,0.0,0.0,2023-12-27 10:32:05,False,False,False,True,0.0,8.790666643516506e-05,LOW
6,,,0.0,0.0,0.0,0.0,2023-12-27 16:40:47,False,False,False,True,0.0,3.0139949879913706e-05,LOW
6,,,0.0,0.0,0.0,0.0,2023-12-28 13:52:42,False,False,False,True,0.0,3.0139949879913706e-05,LOW
6,0.0,0.0,,,0.0,0.0,2023-12-28 13:02:25,False,False,False,True,0.0,0.005725388130299808,LOW
6,,,0.0,0.0,0.0,0.0,2023-12-27 03:29:49,False,False,False,True,0.0,7.283614524450449e-05,LOW
6,,,0.0,0.0,0.0,0.0,2023-12-27 20:41:38,False,False,False,True,0.0,3.753451253192207e-05,LOW
6,,,0.0,0.0,0.0,0.0,2023-12-28 15:50:03,False,False,False,True,0.0,7.933915444064827e-05,LOW
6,,,0.0,0.0,0.0,0.0,2023-12-27 07:09:48,False,False,False,True,0.0,8.403638665337012e-05,LOW
6,,,0.0,0.0,0.0,0.0,2023-12-28 15:31:05,False,False,False,True,0.0,3.0139949879913706e-05,LOW
6,,,0.0,0.0,0.0,0.0,2023-12-27 17:51:33,False,False,False,True,0.0,0.00013852464639946608,LOW
6,0.0,0.0,,,0.0,0.0,2022-12-18 23:36:33,False,False,False,True,0.0,0.0002575328640346022,LOW
6,,,0.0,0.0,0.0,0.0,2023-12-27 19:05:04,False,False,False,True,0.0,0.00017640774324828037,LOW
6,,,0.0,0.0,0.0,0.0,2023-12-27 08:36:37,False,False,False,True,0.0,3.0139949879913706e-05,LOW
6,,,0.0,0.0,0.0,0.0,2023-12-27 11:28:56,False,False,False,True,0.0,3.0139949879913706e-05,LOW
6,,,0.0,0.0,0.0,0.0,2023-12-28 09:31:45,False,False,False,True,0.0,0.00039291301291609744,LOW
6,,,0.0,0.0,0.0,0.0,2023-12-27 03:36:21,False,False,False,True,0.0,7.283614524450449e-05,LOW
6,,,0.0,0.0,0.0,0.0,2023-12-27 20:59:34,False,False,False,True,0.0,3.753451253192207e-05,LOW
6,,,0.0,0.0,0.0,0.0,2023-12-27 08:57:00,False,False,False,True,0.0,3.0139949879913706e-05,LOW
6,,,0.0,0.0,0.0,0.0,2023-12-28 07:13:35,False,False,False,True,0.0,0.00014194102630218244,LOW
6,0.0,0.0,,,0.0,0.0,2023-12-31 00:42:06,False,False,False,True,0.0,0.005263286675448702,LOW
6,0.0,0.0,1.0,0.0,1.0,0.0,2023-12-31 00:36:33,False,False,True,False,1.0,0.6154558483511682,MEDIUM
6,0.0,0.0,,,0.0,0.0,2023-12-25 16:11:57,False,False,False,True,0.0,0.0009311115362220978,LOW
6,,,0.0,0.0,0.0,0.0,2023-12-27 11:03:05,False,False,False,True,0.0,6.506475917909724e-05,LOW
6,,,0.0,0.0,0.0,0.0,2023-12-28 09:22:29,False,False,False,True,0.0,0.00213836239157604,LOW
6,,,0.0,0.0,0.0,0.0,2023-12-28 17:32:30,False,False,False,True,0.0,0.00015016990231191642,LOW
6,,,0.0,0.0,0.0,0.0,2023-12-27 15:04:22,False,False,False,True,0.0,3.0139949879913706e-05,LOW
6,,,0.0,0.0,0.0,0.0,2023-12-28 09:24:00,False,False,False,True,0.0,0.00015880197546330846,LOW
6,,,0.0,0.0,0.0,0.0,2023-12-27 13:24:26,False,False,False,True,0.0,7.933915444064827e-05,LOW
6,,,0.0,0.0,0.0,0.0,2023-12-28 04:32:33,False,False,False,True,0.0,7.283614524450449e-05,LOW
6,,,0.0,0.0,0.0,0.0,2023-12-28 12:25:42,False,False,False,True,0.0,7.933915444064827e-05,LOW
6,,,0.0,0.0,0.0,0.0,2023-12-28 05:08:16,False,False,False,True,0.0,7.283614524450449e-05,LOW
6,,,0.0,0.0,0.0,0.0,2023-12-28 19:29:20,False,False,False,True,0.0,0.00017138496034639728,LOW
6,0.0,0.0,,,0.0,0.0,2022-12-16 17:14:04,False,False,False,True,0.0,0.0007152923017110812,LOW
6,,,0.0,0.0,0.0,0.0,2023-12-28 12:25:43,False,False,False,True,0.0,3.0139949879913706e-05,LOW
6,,,0.0,0.0,0.0,0.0,2023-12-28 19:09:06,False,False,False,True,0.0,0.006608001609698341,LOW
6,,,0.0,0.0,0.0,0.0,2023-12-28 05:08:15,False,False,False,True,0.0,7.283614524450449e-05,LOW
6,,,0.0,0.0,0.0,0.0,2023-12-27 18:13:42,False,False,False,True,0.0,0.00013984142518153433,LOW
6,,,0.0,0.0,0.0,0.0,2023-12-28 12:36:14,False,False,False,True,0.0,0.00014057766562085855,LOW
6,,,0.0,0.0,0.0,0.0,2023-12-27 16:41:54,False,False,False,True,0.0,3.0139949879913706e-05,LOW
6,,,0.0,0.0,0.0,0.0,2023-12-27 14:45:44,False,False,False,True,0.0,8.790666643516506e-05,LOW
6,,,0.0,0.0,0.0,0.0,2023-12-27 05:54:55,False,False,False,True,0.0,7.283614524450449e-05,LOW
6,0.0,0.0,,,0.0,0.0,2023-12-31 00:42:03,False,False,False,True,0.0,0.0007103820938169967,LOW
6,0.0,0.0,,,0.0,0.0,2019-12-07 17:03:48,False,False,False,True,0.0,0.001960011245211956,LOW
6,0.0,0.0,,,0.0,0.0,2023-12-31 00:42:02,False,False,False,True,0.0,0.001116283869571378,LOW
6,,,0.0,0.0,0.0,0.0,2023-12-27 03:50:22,False,False,False,True,0.0,7.283614524450449e-05,LOW
6,0.0,0.0,,,0.0,0.0,2023-12-31 00:37:00,False,False,False,True,0.0,0.0007125738624951117,LOW
6,,,0.0,0.0,0.0,0.0,2023-12-28 16:59:29,False,False,False,True,0.0,7.933915444064827e-05,LOW
6,,,0.0,0.0,0.0,0.0,2023-12-28 17:53:42,False,False,False,True,0.0,3.0139949879913706e-05,LOW
6,,,0.0,0.0,0.0,0.0,2023-12-27 13:27:22,False,False,False,True,0.0,3.0139949879913706e-05,LOW
6,,,0.0,0.0,0.0,0.0,2023-12-27 06:04:03,False,False,False,True,0.0,0.00016607011924505487,LOW
6,,,0.0,0.0,0.0,0.0,2023-12-27 22:00:40,False,False,False,True,0.0,0.0004610039061596485,LOW
6,,,0.0,0.0,0.0,0.0,2023-12-28 04:18:33,False,False,False,True,0.0,0.0016628171601680967,LOW
6,,,0.0,0.0,0.0,0.0,2023-12-28 21:11:49,False,False,False,True,0.0,3.753451253192207e-05,LOW
6,,,0.0,0.0,0.0,0.0,2023-12-27 16:58:27,False,False,False,True,0.0,3.0139949879913706e-05,LOW
6,0.0,0.0,,,0.0,0.0,2022-09-08 11:00:14,False,False,False,True,0.0,0.0008339510698330127,LOW
6,,,0.0,0.0,0.0,0.0,2023-12-27 20:40:17,False,False,False,True,0.0,0.00011058714402344599,LOW
6,0.0,0.0,0.0,0.0,0.0,0.0,2023-12-28 22:40:01,False,False,False,True,0.0,0.008814156283568386,LOW
6,0.0,0.0,0.0,0.0,0.0,0.0,2023-12-28 22:09:55,False,False,False,True,0.0,0.008814156283568386,LOW
6,,,0.0,0.0,0.0,0.0,2023-12-27 06:44:31,False,False,False,True,0.0,7.283614524450449e-05,LOW
6,,,0.0,0.0,0.0,0.0,2023-12-28 09:23:08,False,False,False,True,0.0,0.0017773379572067346,LOW
6,0.0,0.0,,,0.0,0.0,2022-12-18 23:27:58,False,False,False,True,0.0,0.0002575328640346022,LOW
6,,,0.0,0.0,0.0,0.0,2023-12-27 16:03:49,False,False,False,True,0.0,3.0139949879913706e-05,LOW
6,0.0,0.0,,,0.0,0.0,2023-12-31 00:36:32,False,False,False,True,0.0,0.0017233274529635794,LOW
6,,,0.0,0.0,0.0,0.0,2023-12-27 16:09:30,False,False,False,True,0.0,3.0139949879913706e-05,LOW
6,,,0.0,0.0,0.0,0.0,2023-12-27 06:50:49,False,False,False,True,0.0,7.283614524450449e-05,LOW
6,,,0.0,0.0,0.0,0.0,2023-12-27 21:28:37,False,False,False,True,0.0,8.673371709265663e-05,LOW
6,,,0.0,0.0,0.0,0.0,2023-12-28 08:26:47,False,False,False,True,0.0,0.00011815454305124203,LOW
6,,,0.0,0.0,0.0,0.0,2023-12-28 21:22:17,False,False,False,True,0.0,0.0006789795824406396,LOW
6,,,0.0,0.0,0.0,0.0,2023-12-27 03:39:05,False,False,False,True,0.0,0.005895283884410236,LOW
6,,,0.0,0.0,0.0,0.0,2023-12-28 06:43:28,False,False,False,True,0.0,7.283614524450449e-05,LOW
6,,,0.0,0.0,0.0,0.0,2023-12-27 08:11:38,False,False,False,True,0.0,3.0139949879913706e-05,LOW
6,,,0.0,0.0,0.0,0.0,2023-12-28 04:29:21,False,False,False,True,0.0,7.283614524450449e-05,LOW
6,,,0.0,0.0,0.0,0.0,2023-12-28 16:12:08,False,False,False,True,0.0,3.0139949879913706e-05,LOW
6,,,0.0,0.0,0.0,0.0,2023-12-28 09:32:14,False,False,False,True,0.0,0.00032587804561243737,LOW
6,0.0,0.0,,,0.0,0.0,2023-12-28 22:37:55,False,False,False,True,0.0,0.000796314377626418,LOW
6,,,0.0,0.0,0.0,0.0,2023-12-28 21:13:02,False,False,False,True,0.0,0.000929077916414708,LOW
6,,,0.0,0.0,0.0,0.0,2023-12-28 16:34:47,False,False,False,True,0.0,7.933915444064827e-05,LOW
6,,,0.0,0.0,0.0,0.0,2023-12-28 19:13:17,False,False,False,True,0.0,9.348396852677098e-05,LOW
6,0.0,0.0,,,0.0,0.0,2022-12-16 17:18:26,False,False,False,True,0.0,0.0007152923017110812,LOW
6,,,0.0,0.0,0.0,0.0,2023-12-27 05:00:53,False,False,False,True,0.0,7.283614524450449e-05,LOW
6,,,0.0,0.0,0.0,0.0,2023-12-28 19:49:24,False,False,False,True,0.0,3.753451253192207e-05,LOW
6,,,0.0,0.0,0.0,0.0,2023-12-27 07:09:32,False,False,False,True,0.0,3.0139949879913706e-05,LOW
6,,,0.0,0.0,0.0,0.0,2023-12-28 16:21:28,False,False,False,True,0.0,4.75608520346653e-05,LOW
6,,,0.0,0.0,0.0,0.0,2023-12-27 20:33:04,False,False,False,True,0.0,3.753451253192207e-05,LOW
6,,,0.0,0.0,0.0,0.0,2023-12-27 06:49:01,False,False,False,True,0.0,0.00022951877404501274,LOW
6,0.0,0.0,,,0.0,0.0,2023-12-31 00:42:03,False,False,False,True,0.0,0.0007103820938169967,LOW
6,,,0.0,0.0,0.0,0.0,2023-12-27 18:13:47,False,False,False,True,0.0,0.00013157680810710145,LOW
6,,,0.0,0.0,0.0,0.0,2023-12-27 08:45:48,False,False,False,True,0.0,0.00021128801419722194,LOW
6,,,0.0,0.0,0.0,0.0,2023-12-28 11:47:01,False,False,False,True,0.0,3.0139949879913706e-05,LOW
6,,,0.0,0.0,0.0,0.0,2023-12-28 11:52:39,False,False,False,True,0.0,3.0139949879913706e-05,LOW
6,,,0.0,0.0,0.0,0.0,2023-12-27 15:12:16,False,False,False,True,0.0,0.00046786986562582155,LOW
6,0.0,0.0,,,0.0,0.0,2023-12-25 17:35:20,False,False,False,True,0.0,0.0008104397803028986,LOW
6,,,0.0,0.0,0.0,0.0,2023-12-27 15:19:28,False,False,False,True,0.0,3.0139949879913706e-05,LOW
6,0.0,0.0,1.0,0.0,1.0,0.0,2023-12-31 00:36:33,False,False,True,False,1.0,0.6834791021109627,MEDIUM
6,,,0.0,0.0,0.0,0.0,2023-12-27 14:07:46,False,False,False,True,0.0,7.360828163221378e-05,LOW
6,,,0.0,0.0,0.0,0.0,2023-12-27 10:50:30,False,False,False,True,0.0,0.00019626269517478132,LOW
6,,,0.0,0.0,0.0,0.0,2023-12-27 12:53:10,False,False,False,True,0.0,0.0006412666771913599,LOW
6,,,0.0,0.0,0.0,0.0,2023-12-28 13:32:15,False,False,False,True,0.0,0.0006715850197886311,LOW
6,,,0.0,0.0,0.0,0.0,2023-12-27 03:58:14,False,False,False,True,0.0,0.00012203534980523903,LOW
6,,,0.0,0.0,0.0,0.0,2023-12-28 18:23:02,False,False,False,True,0.0,7.831410394012068e-05,LOW
6,,,0.0,0.0,0.0,0.0,2023-12-27 16:29:27,False,False,False,True,0.0,0.00014057766562085855,LOW
6,,,0.0,0.0,0.0,0.0,2023-12-27 10:42:20,False,False,False,True,0.0,0.00014363236337664378,LOW
6,,,0.0,0.0,0.0,0.0,2023-12-27 03:53:08,False,False,False,True,0.0,0.00016369293471567815,LOW
6,,,0.0,0.0,0.0,0.0,2023-12-28 05:02:05,False,False,False,True,0.0,7.283614524450449e-05,LOW
6,,,0.0,0.0,0.0,0.0,2023-12-27 20:30:37,False,False,False,True,0.0,3.753451253192207e-05,LOW
6,,,0.0,0.0,0.0,0.0,2023-12-28 22:40:37,False,False,False,True,0.0,8.640697866422331e-05,LOW
6,,,0.0,0.0,0.0,0.0,2023-12-28 12:33:21,False,False,False,True,0.0,3.0139949879913706e-05,LOW
6,0.0,0.0,,,0.0,0.0,2023-12-31 00:36:46,False,False,False,True,0.0,0.000310817550685833,LOW
6,,,0.0,0.0,0.0,0.0,2023-12-28 11:52:25,False,False,False,True,0.0,7.831442974410716e-05,LOW
6,,,0.0,0.0,0.0,0.0,2023-12-28 09:21:49,False,False,False,True,0.0,7.752189388024579e-05,LOW
6,,,0.0,0.0,0.0,0.0,2023-12-28 04:44:23,False,False,False,True,0.0,7.283614524450449e-05,LOW
6,0.0,0.0,,,0.0,0.0,2022-09-08 11:02:17,False,False,False,True,0.0,0.0008339510698330127,LOW
6,,,0.0,0.0,0.0,0.0,2023-12-28 20:06:23,False,False,False,True,0.0,3.753451253192207e-05,LOW
6,0.0,0.0,1.0,0.0,1.0,0.0,2023-12-31 00:36:33,False,False,True,False,1.0,0.6237837534647028,MEDIUM
6,,,0.0,0.0,0.0,0.0,2023-12-27 08:12:36,False,False,False,True,0.0,3.0139949879913706e-05,LOW
6,0.0,0.0,,,0.0,0.0,2023-12-25 16:03:02,False,False,False,True,0.0,0.0008629150522517265,LOW
6,,,0.0,0.0,0.0,0.0,2023-12-28 20:26:02,False,False,False,True,0.0,3.753451253192207e-05,LOW
6,,,0.0,0.0,0.0,0.0,2023-12-27 07:00:30,False,False,False,True,0.0,3.0139949879913706e-05,LOW
6,,,0.0,0.0,0.0,0.0,2023-12-28 21:00:36,False,False,False,True,0.0,3.753451253192207e-05,LOW
6,0.0,0.0,,,0.0,0.0,2023-12-25 17:26:20,False,False,False,True,0.0,0.0010908113281115769,LOW
6,,,0.0,0.0,0.0,0.0,2023-12-28 10:52:55,False,False,False,True,0.0,5.721210417400328e-05,LOW
6,,,0.0,0.0,0.0,0.0,2023-12-28 21:54:04,False,False,False,True,0.0,3.753451253192207e-05,LOW
6,,,0.0,0.0,0.0,0.0,2023-12-27 18:37:50,False,False,False,True,0.0,9.059508097528004e-05,LOW
6,0.0,0.0,,,0.0,0.0,2022-09-08 11:00:26,False,False,False,True,0.0,0.0008339510698330127,LOW
6,,,0.0,0.0,0.0,0.0,2023-12-27 14:05:27,False,False,False,True,0.0,7.933915444064827e-05,LOW
6,,,0.0,0.0,0.0,0.0,2023-12-28 06:07:14,False,False,False,True,0.0,0.0001306028617997558,LOW
6,,,0.0,0.0,0.0,0.0,2023-12-28 09:57:47,False,False,False,True,0.0,0.0017074546067881366,LOW
6,,,0.0,0.0,0.0,0.0,2023-12-27 16:53:55,False,False,False,True,0.0,8.608940587476259e-05,LOW
6,,,0.0,0.0,0.0,0.0,2023-12-28 05:40:26,False,False,False,True,0.0,7.283614524450449e-05,LOW
6,0.0,0.0,,,0.0,0.0,2023-12-25 15:53:34,False,False,False,True,0.0,0.0008781275545948836,LOW
6,,,0.0,0.0,0.0,0.0,2023-12-27 20:10:16,False,False,False,True,0.0,4.034547295502703e-05,LOW
6,,,0.0,0.0,0.0,0.0,2023-12-28 05:57:34,False,False,False,True,0.0,7.283614524450449e-05,LOW
6,0.0,0.0,,,0.0,0.0,2023-12-31 00:36:43,False,False,False,True,0.0,0.00040984707688279193,LOW
6,,,0.0,0.0,0.0,0.0,2023-12-28 09:22:23,False,False,False,True,0.0,0.0004240182937194336,LOW
6,0.0,0.0,,,0.0,0.0,2023-12-25 16:11:55,False,False,False,True,0.0,0.0009290985484248299,LOW
6,,,0.0,0.0,0.0,0.0,2023-12-27 19:31:41,False,False,False,True,0.0,3.753451253192207e-05,LOW
6,0.0,0.0,,,0.0,0.0,2023-12-25 16:12:09,False,False,False,True,0.0,0.0009290985484248299,LOW
6,,,0.0,0.0,0.0,0.0,2023-12-27 05:19:36,False,False,False,True,0.0,7.283614524450449e-05,LOW
6,,,0.0,0.0,0.0,0.0,2023-12-27 06:52:45,False,False,False,True,0.0,0.00022951877404501274,LOW
6,,,0.0,0.0,0.0,0.0,2023-12-27 15:24:58,False,False,False,True,0.0,3.0139949879913706e-05,LOW
6,,,0.0,0.0,0.0,0.0,2023-12-28 16:21:14,False,False,False,True,0.0,0.00013852464639946608,LOW
6,0.0,0.0,1.0,0.0,1.0,0.0,2023-12-31 00:36:33,False,False,True,False,1.0,0.6781605572949313,MEDIUM
6,,,0.0,0.0,0.0,0.0,2023-12-31 00:42:13,False,False,False,True,0.0,0.007864566947480375,LOW
6,0.0,0.0,,,0.0,0.0,2023-12-25 16:37:46,False,False,False,True,0.0,0.0008104397803028986,LOW
6,,,0.0,0.0,0.0,0.0,2023-12-28 04:16:17,False,False,False,True,0.0,7.283614524450449e-05,LOW
6,,,0.0,0.0,0.0,0.0,2023-12-28 05:28:24,False,False,False,True,0.0,7.283614524450449e-05,LOW
6,,,0.0,0.0,0.0,0.0,2023-12-28 21:43:17,False,False,False,True,0.0,9.348396852677098e-05,LOW
6,,,0.0,0.0,0.0,0.0,2023-12-27 09:18:12,False,False,False,True,0.0,3.0139949879913706e-05,LOW
6,,,0.0,0.0,0.0,0.0,2023-12-28 18:04:19,False,False,False,True,0.0,3.753451253192207e-05,LOW
6,,,0.0,0.0,0.0,0.0,2023-12-27 06:59:34,False,False,False,True,0.0,7.283614524450449e-05,LOW
6,,,0.0,0.0,0.0,0.0,2023-12-27 13:42:57,False,False,False,True,0.0,3.0139949879913706e-05,LOW
6,,,0.0,0.0,0.0,0.0,2023-12-27 08:23:33,False,False,False,True,0.0,3.0139949879913706e-05,LOW
6,,,0.0,0.0,0.0,0.0,2023-12-27 22:30:38,False,False,False,True,0.0,8.640697866422331e-05,LOW
6,0.0,0.0,1.0,0.0,1.0,0.0,2023-12-31 00:36:32,False,False,True,False,1.0,0.6401876648144288,MEDIUM
6,,,0.0,0.0,0.0,0.0,2023-12-27 12:02:25,False,False,False,True,0.0,7.933915444064827e-05,LOW
6,,,0.0,0.0,0.0,0.0,2023-12-27 12:23:52,False,False,False,True,0.0,3.0139949879913706e-05,LOW
6,,,0.0,0.0,0.0,0.0,2023-12-28 09:22:13,False,False,False,True,0.0,0.00020017780155757978,LOW
6,,,0.0,0.0,0.0,0.0,2023-12-27 09:14:06,False,False,False,True,0.0,8.13832577628692e-05,LOW
6,,,0.0,0.0,0.0,0.0,2023-12-27 03:54:14,False,False,False,True,0.0,0.00012203534980523903,LOW
6,0.0,0.0,,,0.0,0.0,2023-12-31 00:42:08,False,False,False,True,0.0,0.000566503251648624,LOW
6,,,0.0,0.0,0.0,0.0,2023-12-28 04:01:39,False,False,False,True,0.0,0.00011777218696409897,LOW
6,,,0.0,0.0,0.0,0.0,2023-12-27 06:30:59,False,False,False,True,0.0,7.283614524450449e-05,LOW
6,,,0.0,0.0,0.0,0.0,2023-12-28 10:03:25,False,False,False,True,0.0,8.790666643516506e-05,LOW
6,,,0.0,0.0,0.0,0.0,2023-12-27 15:48:35,False,False,False,True,0.0,8.403638665337012e-05,LOW
6,0.0,0.0,,,0.0,0.0,2023-12-25 17:11:19,False,False,False,True,0.0,0.0008084267925056306,LOW
6,,,0.0,0.0,0.0,0.0,2023-12-28 10:04:12,False,False,False,True,0.0,3.0139949879913706e-05,LOW
6,,,0.0,0.0,0.0,0.0,2023-12-27 12:43:09,False,False,False,True,0.0,9.362862334442803e-05,LOW
6,,,0.0,0.0,0.0,0.0,2023-12-27 11:53:55,False,False,False,True,0.0,3.0139949879913706e-05,LOW
6,,,0.0,0.0,0.0,0.0,2023-12-28 14:36:34,False,False,False,True,0.0,3.0139949879913706e-05,LOW
6,0.0,0.0,1.0,0.0,1.0,0.0,2023-12-31 00:36:32,False,False,True,False,1.0,0.6051546403657538,MEDIUM
6,,,0.0,0.0,0.0,0.0,2023-12-28 18:51:14,False,False,False,True,0.0,9.143094930537852e-05,LOW
6,,,0.0,0.0,0.0,0.0,2023-12-27 13:03:54,False,False,False,True,0.0,3.0139949879913706e-05,LOW
6,,,0.0,0.0,0.0,0.0,2023-12-28 14:28:14,False,False,False,True,0.0,0.00015016990231191642,LOW
6,,,0.0,0.0,0.0,0.0,2023-12-28 12:17:04,False,False,False,True,0.0,0.00013587151750896515,LOW
6,,,0.0,0.0,0.0,0.0,2023-12-27 11:53:32,False,False,False,True,0.0,8.403638665337012e-05,LOW
6,,,0.0,0.0,0.0,0.0,2023-12-28 09:23:36,False,False,False,True,0.0,0.0018599537270520532,LOW
6,,,0.0,0.0,0.0,0.0,2023-12-28 02:39:25,False,False,False,True,0.0,7.283614524450449e-05,LOW
6,,,0.0,0.0,0.0,0.0,2023-12-28 01:35:59,False,False,False,True,0.0,0.0001555592810498414,LOW
6,,,0.0,0.0,0.0,0.0,2023-12-27 15:47:59,False,False,False,True,0.0,3.0139949879913706e-05,LOW
6,,,0.0,0.0,0.0,0.0,2023-12-28 04:02:21,False,False,False,True,0.0,7.283614524450449e-05,LOW
6,0.0,0.0,,,0.0,0.0,2022-09-08 11:02:18,False,False,False,True,0.0,0.0008339510698330127,LOW
6,,,0.0,0.0,0.0,0.0,2023-12-28 13:46:38,False,False,False,True,0.0,3.0139949879913706e-05,LOW
6,0.0,0.0,,,0.0,0.0,2023-12-25 16:22:12,False,False,False,True,0.0,0.0008790146120205469,LOW
6,,,0.0,0.0,0.0,0.0,2023-12-28 05:01:01,False,False,False,True,0.0,0.00016368380777360484,LOW
6,,,0.0,0.0,0.0,0.0,2023-12-28 07:46:10,False,False,False,True,0.0,3.0139949879913706e-05,LOW
6,,,0.0,0.0,0.0,0.0,2023-12-27 12:22:46,False,False,False,True,0.0,8.320051832327168e-05,LOW
6,,,0.0,0.0,0.0,0.0,2023-12-27 16:41:37,False,False,False,True,0.0,0.00741314097083002,LOW
6,,,0.0,0.0,0.0,0.0,2023-12-27 17:50:00,False,False,False,True,0.0,3.0139949879913706e-05,LOW
6,,,0.0,0.0,0.0,0.0,2023-12-28 16:28:00,False,False,False,True,0.0,0.00021648250753193726,LOW
6,,,0.0,0.0,0.0,0.0,2023-12-27 08:30:20,False,False,False,True,0.0,7.933915444064827e-05,LOW
6,0.0,0.0,,,0.0,0.0,2023-12-25 17:41:48,False,False,False,True,0.0,0.0008104397803028986,LOW
6,,,0.0,0.0,0.0,0.0,2023-12-27 21:52:47,False,False,False,True,0.0,9.348396852677098e-05,LOW
6,,,0.0,0.0,0.0,0.0,2023-12-27 04:55:40,False,False,False,True,0.0,7.283614524450449e-05,LOW
6,0.0,0.0,,,0.0,0.0,2023-12-31 00:43:21,False,False,False,True,0.0,0.016993613237502297,LOW
6,,,0.0,0.0,0.0,0.0,2023-12-27 12:43:12,False,False,False,True,0.0,0.00015016990231191642,LOW
6,,,0.0,0.0,0.0,0.0,2023-12-28 09:22:27,False,False,False,True,0.0,0.0005235012058467061,LOW
6,,,0.0,0.0,0.0,0.0,2023-12-28 09:23:41,False,False,False,True,0.0,0.00015880197546330846,LOW
6,,,0.0,0.0,0.0,0.0,2023-12-28 03:09:57,False,False,False,True,0.0,7.283614524450449e-05,LOW
6,,,0.0,0.0,0.0,0.0,2023-12-27 12:30:52,False,False,False,True,0.0,3.0139949879913706e-05,LOW
6,,,0.0,0.0,0.0,0.0,2023-12-28 09:22:03,False,False,False,True,0.0,0.00039761916102799084,LOW
6,,,0.0,0.0,0.0,0.0,2023-12-27 17:03:36,False,False,False,True,0.0,0.00015016990231191642,LOW
6,,,0.0,0.0,0.0,0.0,2023-12-27 10:33:00,False,False,False,True,0.0,0.00018795699639765885,LOW
6,,,0.0,0.0,0.0,0.0,2023-12-28 01:55:14,False,False,False,True,0.0,0.00011777218696409897,LOW
6,,,0.0,0.0,0.0,0.0,2023-12-28 09:33:36,False,False,False,True,0.0,0.00017457089748617365,LOW
6,,,0.0,0.0,0.0,0.0,2023-12-28 11:25:07,False,False,False,True,0.0,3.0139949879913706e-05,LOW
6,,,0.0,0.0,0.0,0.0,2023-12-28 21:13:58,False,False,False,True,0.0,3.753451253192207e-05,LOW
6,,,0.0,0.0,0.0,0.0,2023-12-28 10:56:14,False,False,False,True,0.0,7.933915444064827e-05,LOW
6,,,0.0,0.0,0.0,0.0,2023-12-28 15:13:25,False,False,False,True,0.0,0.00033999704871148334,LOW
6,,,0.0,0.0,0.0,0.0,2023-12-27 11:36:00,False,False,False,True,0.0,0.00021648250753193726,LOW
6,,,0.0,0.0,0.0,0.0,2023-12-27 10:45:31,False,False,False,True,0.0,0.00016652036914780298,LOW
6,0.0,0.0,0.0,0.0,0.0,0.0,2023-12-28 21:50:53,False,False,False,True,0.0,0.02531783812499297,LOW
6,,,0.0,0.0,0.0,0.0,2023-12-27 12:27:53,False,False,False,True,0.0,0.00015016990231191642,LOW
6,,,0.0,0.0,0.0,0.0,2023-12-27 15:13:56,False,False,False,True,0.0,0.00013587151750896515,LOW
6,0.0,0.0,,,0.0,0.0,2023-12-25 16:12:09,False,False,False,True,0.0,0.0009290985484248299,LOW
6,,,0.0,0.0,0.0,0.0,2023-12-27 18:11:33,False,False,False,True,0.0,8.673371709265663e-05,LOW
6,,,0.0,0.0,0.0,0.0,2023-12-27 03:25:21,False,False,False,True,0.0,7.283614524450449e-05,LOW
6,,,0.0,0.0,0.0,0.0,2023-12-27 20:45:38,False,False,False,True,0.0,3.753451253192207e-05,LOW
6,,,0.0,0.0,0.0,0.0,2023-12-28 05:18:25,False,False,False,True,0.0,7.283614524450449e-05,LOW
6,,,0.0,0.0,0.0,0.0,2023-12-28 02:09:21,False,False,False,True,0.0,7.283614524450449e-05,LOW
6,0.0,0.0,,,0.0,0.0,2019-12-07 22:54:23,False,False,False,True,0.0,0.0013457087475273605,LOW
6,,,0.0,0.0,0.0,0.0,2023-12-28 15:35:40,False,False,False,True,0.0,3.0139949879913706e-05,LOW
6,,,0.0,0.0,0.0,0.0,2023-12-27 17:39:31,False,False,False,True,0.0,0.004928497483977803,LOW
6,0.0,0.0,,,0.0,0.0,2023-12-25 16:11:52,False,False,False,True,0.0,0.0009290985484248299,LOW
6,,,0.0,0.0,0.0,0.0,2023-12-27 08:22:20,False,False,False,True,0.0,7.933915444064827e-05,LOW
6,,,0.0,0.0,0.0,0.0,2023-12-28 09:43:17,False,False,False,True,0.0,0.000123876499960505,LOW
6,,,0.0,0.0,0.0,0.0,2023-12-28 02:06:05,False,False,False,True,0.0,0.00013632481870901877,LOW
6,,,0.0,0.0,0.0,0.0,2023-12-27 21:21:53,False,False,False,True,0.0,0.00040517252693738487,LOW
6,,,0.0,0.0,0.0,0.0,2023-12-28 09:21:49,False,False,False,True,0.0,8.403638665337012e-05,LOW
6,,,0.0,0.0,0.0,0.0,2023-12-28 13:20:12,False,False,False,True,0.0,3.0139949879913706e-05,LOW
6,,,0.0,0.0,0.0,0.0,2023-12-27 09:01:05,False,False,False,True,0.0,3.0139949879913706e-05,LOW
6,,,0.0,0.0,0.0,0.0,2023-12-27 21:04:59,False,False,False,True,0.0,8.28634373108617e-05,LOW
6,,,0.0,0.0,0.0,0.0,2023-12-28 17:16:16,False,False,False,True,0.0,3.0139949879913706e-05,LOW
6,,,0.0,0.0,0.0,0.0,2023-12-28 11:29:00,False,False,False,True,0.0,3.0139949879913706e-05,LOW
6,,,0.0,0.0,0.0,0.0,2023-12-27 10:01:54,False,False,False,True,0.0,0.00011815454305124203,LOW
6,,,0.0,0.0,0.0,0.0,2023-12-27 19:39:05,False,False,False,True,0.0,3.753451253192207e-05,LOW
6,0.0,0.0,,,0.0,0.0,2019-12-07 22:54:22,False,False,False,True,0.0,0.0013457087475273605,LOW
6,,,0.0,0.0,0.0,0.0,2023-12-27 23:31:40,False,False,False,True,0.0,0.0001710874973676865,LOW
6,,,0.0,0.0,0.0,0.0,2023-12-28 09:24:32,False,False,False,True,0.0,0.00039661654526611674,LOW
6,,,0.0,0.0,0.0,0.0,2023-12-28 05:00:43,False,False,False,True,0.0,0.0002389588905393721,LOW
6,,,0.0,0.0,0.0,0.0,2023-12-27 23:25:46,False,False,False,True,0.0,8.640697866422331e-05,LOW
6,,,0.0,0.0,0.0,0.0,2023-12-28 04:51:23,False,False,False,True,0.0,7.283614524450449e-05,LOW
6,0.0,0.0,,,0.0,0.0,2023-12-25 16:11:54,False,False,False,True,0.0,0.0009290985484248299,LOW
6,,,0.0,0.0,0.0,0.0,2023-12-28 17:29:15,False,False,False,True,0.0,0.0001725579096889057,LOW
6,,,0.0,0.0,0.0,0.0,2023-12-27 08:47:19,False,False,False,True,0.0,3.0139949879913706e-05,LOW
6,,,0.0,0.0,0.0,0.0,2023-12-27 17:00:37,False,False,False,True,0.0,3.0139949879913706e-05,LOW
6,,,0.0,0.0,0.0,0.0,2023-12-27 18:45:42,False,False,False,True,0.0,3.753451253192207e-05,LOW
6,,,0.0,0.0,0.0,0.0,2023-12-27 09:23:39,False,False,False,True,0.0,3.0139949879913706e-05,LOW
6,,,0.0,0.0,0.0,0.0,2023-12-27 09:18:06,False,False,False,True,0.0,3.0139949879913706e-05,LOW
6,0.0,0.0,,,0.0,0.0,2022-12-18 23:35:15,False,False,False,True,0.0,0.00025551987623733427,LOW
6,,,0.0,0.0,0.0,0.0,2023-12-27 18:17:10,False,False,False,True,0.0,3.753451253192207e-05,LOW
6,,,0.0,0.0,0.0,0.0,2023-12-27 04:25:14,False,False,False,True,0.0,0.00012203534980523903,LOW
6,,,0.0,0.0,0.0,0.0,2023-12-28 01:14:03,False,False,False,True,0.0,0.00039550795662484414,LOW
6,,,0.0,0.0,0.0,0.0,2023-12-27 20:37:50,False,False,False,True,0.0,0.0004040111079181251,LOW
6,,,0.0,0.0,0.0,0.0,2023-12-28 08:51:19,False,False,False,True,0.0,0.00010748032250229449,LOW
6,,,0.0,0.0,0.0,0.0,2023-12-27 13:22:46,False,False,False,True,0.0,0.00015016990231191642,LOW
6,,,0.0,0.0,0.0,0.0,2023-12-28 13:46:07,False,False,False,True,0.0,3.0139949879913706e-05,LOW
6,,,0.0,0.0,0.0,0.0,2023-12-28 09:22:48,False,False,False,True,0.0,0.00027659143763659696,LOW
6,,,0.0,0.0,0.0,0.0,2023-12-31 00:42:12,False,False,False,True,0.0,0.031243794300290516,LOW
6,,,0.0,0.0,0.0,0.0,2023-12-27 12:52:46,False,False,False,True,0.0,0.00013587151750896515,LOW
6,,,0.0,0.0,0.0,0.0,2023-12-28 22:03:30,False,False,False,True,0.0,8.640697866422331e-05,LOW
6,,,0.0,0.0,0.0,0.0,2023-12-28 08:04:45,False,False,False,True,0.0,0.0002198555261917387,LOW
6,,,0.0,0.0,0.0,0.0,2023-12-27 12:52:46,False,False,False,True,0.0,9.568164256582048e-05,LOW
6,,,0.0,0.0,0.0,0.0,2023-12-28 11:35:21,False,False,False,True,0.0,7.933915444064827e-05,LOW
6,,,0.0,0.0,0.0,0.0,2023-12-28 18:51:18,False,False,False,True,0.0,3.753451253192207e-05,LOW
6,0.0,0.0,,,0.0,0.0,2023-12-25 17:10:41,False,False,False,True,0.0,0.0008084267925056306,LOW
6,0.0,0.0,,,0.0,0.0,2022-12-18 23:40:43,False,False,False,True,0.0,0.0002382794336069059,LOW
6,,,0.0,0.0,0.0,0.0,2023-12-28 11:12:25,False,False,False,True,0.0,3.0139949879913706e-05,LOW
6,,,0.0,0.0,0.0,0.0,2023-12-27 07:22:56,False,False,False,True,0.0,7.179993697098282e-05,LOW
6,,,0.0,0.0,0.0,0.0,2023-12-28 09:22:29,False,False,False,True,0.0,0.002307040406821068,LOW
6,0.0,0.0,,,0.0,0.0,2019-12-07 22:54:23,False,False,False,True,0.0,0.0013457087475273605,LOW
6,,,0.0,0.0,0.0,0.0,2023-12-27 13:52:46,False,False,False,True,0.0,6.035861106720386e-05,LOW
6,,,0.0,0.0,0.0,0.0,2023-12-28 20:28:24,False,False,False,True,0.0,0.00014933558895419082,LOW
6,,,0.0,0.0,0.0,0.0,2023-12-27 08:20:20,False,False,False,True,0.0,7.933915444064827e-05,LOW
6,0.0,0.0,,,0.0,0.0,2023-12-31 00:36:44,False,False,False,True,0.0,0.002455585116481732,LOW
6,,,0.0,0.0,0.0,0.0,2023-12-28 13:43:02,False,False,False,True,0.0,3.0139949879913706e-05,LOW
6,,,0.0,0.0,0.0,0.0,2023-12-28 07:44:07,False,False,False,True,0.0,3.0139949879913706e-05,LOW
6,,,0.0,0.0,0.0,0.0,2023-12-28 09:51:13,False,False,False,True,0.0,8.036744896549962e-05,LOW
6,0.0,0.0,,,0.0,0.0,2023-12-25 17:37:14,False,False,False,True,0.0,0.0008084267925056306,LOW
6,0.0,0.0,,,0.0,0.0,2022-12-18 23:40:34,False,False,False,True,0.0,0.0002575328640346022,LOW
6,,,0.0,0.0,0.0,0.0,2023-12-27 09:32:24,False,False,False,True,0.0,0.0001725579096889057,LOW
6,,,0.0,0.0,0.0,0.0,2023-12-27 14:52:46,False,False,False,True,0.0,8.036744896549962e-05,LOW
6,,,0.0,0.0,0.0,0.0,2023-12-27 22:35:20,False,False,False,True,0.0,8.640697866422331e-05,LOW
6,,,0.0,0.0,0.0,0.0,2023-12-27 14:54:47,False,False,False,True,0.0,3.0139949879913706e-05,LOW
6,0.0,0.0,,,0.0,0.0,2019-12-07 17:03:46,False,False,False,True,0.0,0.001960011245211956,LOW
6,,,0.0,0.0,0.0,0.0,2023-12-27 20:00:18,False,False,False,True,0.0,3.753451253192207e-05,LOW
6,,,0.0,0.0,0.0,0.0,2023-12-28 01:06:07,False,False,False,True,0.0,0.0006828272444968525,LOW
6,,,0.0,0.0,0.0,0.0,2023-12-28 03:27:25,False,False,False,True,0.0,0.00025455161085646594,LOW
6,,,0.0,0.0,0.0,0.0,2023-12-27 22:42:39,False,False,False,True,0.0,0.0001294299124572474,LOW
6,,,0.0,0.0,0.0,0.0,2023-12-27 06:46:22,False,False,False,True,0.0,7.283614524450449e-05,LOW
6,,,0.0,0.0,0.0,0.0,2023-12-27 19:25:45,False,False,False,True,0.0,3.753451253192207e-05,LOW
6,,,0.0,0.0,0.0,0.0,2023-12-28 13:19:06,False,False,False,True,0.0,3.0139949879913706e-05,LOW
6,,,0.0,0.0,0.0,0.0,2023-12-27 11:26:49,False,False,False,True,0.0,3.0139949879913706e-05,LOW
6,,,0.0,0.0,0.0,0.0,2023-12-27 05:25:29,False,False,False,True,0.0,7.283614524450449e-05,LOW
6,,,0.0,0.0,0.0,0.0,2023-12-28 09:51:13,False,False,False,True,0.0,0.00016511676513764165,LOW
6,,,0.0,0.0,0.0,0.0,2023-12-28 19:45:23,False,False,False,True,0.0,3.753451253192207e-05,LOW
6,,,0.0,0.0,0.0,0.0,2023-12-28 09:23:48,False,False,False,True,0.0,6.974691774959036e-05,LOW
6,,,0.0,0.0,0.0,0.0,2023-12-27 09:25:21,False,False,False,True,0.0,7.933915444064827e-05,LOW
6,,,0.0,0.0,0.0,0.0,2023-12-27 03:39:31,False,False,False,True,0.0,0.000540429581236108,LOW
6,,,0.0,0.0,0.0,0.0,2023-12-27 20:19:13,False,False,False,True,0.0,3.753451253192207e-05,LOW
6,,,0.0,0.0,0.0,0.0,2023-12-28 17:13:44,False,False,False,True,0.0,7.7802917216635e-05,LOW
6,,,0.0,0.0,0.0,0.0,2023-12-28 08:36:03,False,False,False,True,0.0,3.0139949879913706e-05,LOW
6,,,0.0,0.0,0.0,0.0,2023-12-27 19:33:11,False,False,False,True,0.0,0.00032619186714151157,LOW
6,0.0,0.0,,,0.0,0.0,2023-12-25 17:39:09,False,False,False,True,0.0,0.0008104397803028986,LOW
6,,,0.0,0.0,0.0,0.0,2023-12-27 16:38:02,False,False,False,True,0.0,3.0139949879913706e-05,LOW
6,,,0.0,0.0,0.0,0.0,2023-12-27 06:27:58,False,False,False,True,0.0,7.283614524450449e-05,LOW
6,,,0.0,0.0,0.0,0.0,2023-12-28 16:33:38,False,False,False,True,0.0,3.0139949879913706e-05,LOW
6,,,0.0,0.0,0.0,0.0,2023-12-27 21:22:53,False,False,False,True,0.0,3.753451253192207e-05,LOW
6,,,0.0,0.0,0.0,0.0,2023-12-28 16:19:14,False,False,False,True,0.0,3.0139949879913706e-05,LOW
6,,,0.0,0.0,0.0,0.0,2023-12-27 09:01:10,False,False,False,True,0.0,0.00015016990231191642,LOW
6,,,0.0,0.0,0.0,0.0,2023-12-27 05:32:57,False,False,False,True,0.0,9.02570473992561e-05,LOW
6,,,0.0,0.0,0.0,0.0,2023-12-27 08:28:20,False,False,False,True,0.0,7.933915444064827e-05,LOW
6,,,0.0,0.0,0.0,0.0,2023-12-28 08:15:43,False,False,False,True,0.0,0.0016201209648035058,LOW
6,,,0.0,0.0,0.0,0.0,2023-12-28 13:37:55,False,False,False,True,0.0,3.0139949879913706e-05,LOW
6,,,0.0,0.0,0.0,0.0,2023-12-28 14:52:25,False,False,False,True,0.0,0.0004327137582041555,LOW
6,,,0.0,0.0,0.0,0.0,2023-12-27 22:42:15,False,False,False,True,0.0,0.00028087670155047396,LOW
6,,,0.0,0.0,0.0,0.0,2023-12-28 19:07:55,False,False,False,True,0.0,3.753451253192207e-05,LOW
6,,,0.0,0.0,0.0,0.0,2023-12-28 06:33:16,False,False,False,True,0.0,7.283614524450449e-05,LOW
6,,,0.0,0.0,0.0,0.0,2023-12-27 07:46:01,False,False,False,True,0.0,3.0139949879913706e-05,LOW
6,,,0.0,0.0,0.0,0.0,2023-12-27 12:05:51,False,False,False,True,0.0,3.0139949879913706e-05,LOW
6,,,0.0,0.0,0.0,0.0,2023-12-31 00:42:06,False,False,False,True,0.0,0.024162015784968217,LOW
6,,,0.0,0.0,0.0,0.0,2023-12-27 22:55:14,False,False,False,True,0.0,8.640697866422331e-05,LOW
6,,,0.0,0.0,0.0,0.0,2023-12-27 12:43:10,False,False,False,True,0.0,0.0006412666771913599,LOW
6,,,0.0,0.0,0.0,0.0,2023-12-27 16:15:29,False,False,False,True,0.0,8.403638665337012e-05,LOW
6,,,0.0,0.0,0.0,0.0,2023-12-28 21:34:59,False,False,False,True,0.0,3.753451253192207e-05,LOW
6,,,0.0,0.0,0.0,0.0,2023-12-31 00:43:08,False,False,False,True,0.0,0.0011186229018753026,LOW
6,,,0.0,0.0,0.0,0.0,2023-12-28 10:42:23,False,False,False,True,0.0,3.0139949879913706e-05,LOW
6,,,0.0,0.0,0.0,0.0,2023-12-28 07:28:13,False,False,False,True,0.0,3.0139949879913706e-05,LOW
6,,,0.0,0.0,0.0,0.0,2023-12-28 11:51:14,False,False,False,True,0.0,0.00014057766562085855,LOW
6,,,0.0,0.0,0.0,0.0,2023-12-27 18:16:33,False,False,False,True,0.0,0.00014591920905147448,LOW
6,,,0.0,0.0,0.0,0.0,2023-12-27 13:32:26,False,False,False,True,0.0,3.0139949879913706e-05,LOW
6,,,0.0,0.0,0.0,0.0,2023-12-27 14:34:28,False,False,False,True,0.0,0.0001725579096889057,LOW
6,0.0,0.0,,,0.0,0.0,2023-12-31 00:42:13,False,False,False,True,0.0,0.006427531604817838,LOW
6,,,0.0,0.0,0.0,0.0,2023-12-28 02:06:07,False,False,False,True,0.0,0.00013632481870901877,LOW
6,,,0.0,0.0,0.0,0.0,2023-12-28 20:20:25,False,False,False,True,0.0,3.753451253192207e-05,LOW
6,,,0.0,0.0,0.0,0.0,2023-12-27 20:56:01,False,False,False,True,0.0,3.753451253192207e-05,LOW
6,,,0.0,0.0,0.0,0.0,2023-12-27 16:05:13,False,False,False,True,0.0,3.0139949879913706e-05,LOW
6,,,0.0,0.0,0.0,0.0,2023-12-28 16:42:25,False,False,False,True,0.0,0.0005919494269939645,LOW
6,,,0.0,0.0,0.0,0.0,2023-12-28 22:35:18,False,False,False,True,0.0,8.640697866422331e-05,LOW
6,0.0,0.0,1.0,0.0,1.0,0.0,2023-12-31 00:36:33,False,False,True,False,1.0,0.6852874331626962,MEDIUM
6,,,0.0,0.0,0.0,0.0,2023-12-28 02:17:30,False,False,False,True,0.0,7.283614524450449e-05,LOW
6,,,0.0,0.0,0.0,0.0,2023-12-28 20:21:14,False,False,False,True,0.0,9.143094930537852e-05,LOW
6,0.0,0.0,1.0,0.0,1.0,0.0,2023-12-31 00:36:33,False,False,True,False,1.0,0.6779937580852665,MEDIUM
6,0.0,0.0,,,0.0,0.0,2023-12-31 00:42:02,False,False,False,True,0.0,0.0007456169231353962,LOW
6,,,0.0,0.0,0.0,0.0,2023-12-27 23:22:47,False,False,False,True,0.0,0.00013090003511306448,LOW
6,,,0.0,0.0,0.0,0.0,2023-12-27 13:22:46,False,False,False,True,0.0,8.790666643516506e-05,LOW
6,,,0.0,0.0,0.0,0.0,2023-12-27 19:12:37,False,False,False,True,0.0,3.753451253192207e-05,LOW
6,,,0.0,0.0,0.0,0.0,2023-12-28 11:41:40,False,False,False,True,0.0,3.0139949879913706e-05,LOW
6,0.0,0.0,,,0.0,0.0,2022-12-16 17:27:53,False,False,False,True,0.0,0.0005315442320431962,LOW
6,,,0.0,0.0,0.0,0.0,2023-12-28 14:20:09,False,False,False,True,0.0,3.0139949879913706e-05,LOW
6,,,0.0,0.0,0.0,0.0,2023-12-27 09:59:44,False,False,False,True,0.0,3.0139949879913706e-05,LOW
6,,,0.0,0.0,0.0,0.0,2023-12-27 12:38:46,False,False,False,True,0.0,8.24079824594103e-05,LOW
6,,,0.0,0.0,0.0,0.0,2023-12-28 19:47:47,False,False,False,True,0.0,3.753451253192207e-05,LOW
6,0.0,0.0,,,0.0,0.0,2022-12-18 22:47:59,False,False,False,True,0.0,0.00025551987623733427,LOW
6,,,0.0,0.0,0.0,0.0,2023-12-28 02:51:46,False,False,False,True,0.0,7.283614524450449e-05,LOW
6,,,0.0,0.0,0.0,0.0,2023-12-28 22:11:00,False,False,False,True,0.0,8.640697866422331e-05,LOW
6,,,0.0,0.0,0.0,0.0,2023-12-28 03:30:42,False,False,False,True,0.0,0.00012186219388670622,LOW
6,,,0.0,0.0,0.0,0.0,2023-12-27 18:35:13,False,False,False,True,0.0,3.753451253192207e-05,LOW
6,0.0,0.0,,,0.0,0.0,2023-12-25 16:48:31,False,False,False,True,0.0,0.0008084267925056306,LOW
6,0.0,0.0,,,0.0,0.0,2023-04-19 15:57:05,False,False,False,True,0.0,0.003197969644997537,LOW
6,,,0.0,0.0,0.0,0.0,2023-12-27 20:45:29,False,False,False,True,0.0,0.0005308957684987144,LOW
6,,,0.0,0.0,0.0,0.0,2023-12-28 09:24:33,False,False,False,True,0.0,7.885332067615346e-05,LOW
6,0.0,0.0,,,0.0,0.0,2023-12-28 22:11:27,False,False,False,True,0.0,0.004515920496619597,LOW
6,0.0,0.0,,,0.0,0.0,2022-09-08 11:00:14,False,False,False,True,0.0,0.0008339510698330127,LOW
6,,,0.0,0.0,0.0,0.0,2023-12-28 09:23:45,False,False,False,True,0.0,0.0001249012246570461,LOW
6,,,0.0,0.0,0.0,0.0,2023-12-28 14:44:09,False,False,False,True,0.0,3.0139949879913706e-05,LOW
6,,,0.0,0.0,0.0,0.0,2023-12-27 16:34:45,False,False,False,True,0.0,9.240394304911013e-05,LOW
6,,,0.0,0.0,0.0,0.0,2023-12-27 08:36:04,False,False,False,True,0.0,3.0139949879913706e-05,LOW
6,,,0.0,0.0,0.0,0.0,2023-12-31 00:36:49,False,False,False,True,0.0,0.017114332734157463,LOW
6,0.0,0.0,,,0.0,0.0,2019-12-07 23:03:00,False,False,False,True,0.0,0.0006858166036248528,LOW
6,,,0.0,0.0,0.0,0.0,2023-12-28 05:43:19,False,False,False,True,0.0,7.283614524450449e-05,LOW
6,,,0.0,0.0,0.0,0.0,2023-12-28 19:51:58,False,False,False,True,0.0,3.753451253192207e-05,LOW
6,,,0.0,0.0,0.0,0.0,2023-12-27 05:45:07,False,False,False,True,0.0,7.283614524450449e-05,LOW
6,,,0.0,0.0,0.0,0.0,2023-12-27 20:25:16,False,False,False,True,0.0,0.00011058714402344599,LOW
6,,,0.0,0.0,0.0,0.0,2023-12-28 04:15:42,False,False,False,True,0.0,0.0016628171601680967,LOW
6,0.0,0.0,,,0.0,0.0,2023-12-28 22:28:49,False,False,False,True,0.0,0.001473971192241955,LOW
6,,,0.0,0.0,0.0,0.0,2023-12-27 16:22:52,False,False,False,True,0.0,7.179993697098282e-05,LOW
6,,,0.0,0.0,0.0,0.0,2023-12-28 20:13:17,False,False,False,True,0.0,9.348396852677098e-05,LOW
6,,,0.0,0.0,0.0,0.0,2023-12-28 01:12:58,False,False,False,True,0.0,0.000252538623059198,LOW
6,,,0.0,0.0,0.0,0.0,2023-12-28 10:22:54,False,False,False,True,0.0,8.320051832327168e-05,LOW
6,,,0.0,0.0,0.0,0.0,2023-12-28 02:46:07,False,False,False,True,0.0,0.00011128169409492144,LOW
6,,,0.0,0.0,0.0,0.0,2023-12-28 21:33:33,False,False,False,True,0.0,3.753451253192207e-05,LOW
6,0.0,0.0,,,0.0,0.0,2023-12-28 22:26:31,False,False,False,True,0.0,0.000796314377626418,LOW
6,,,0.0,0.0,0.0,0.0,2023-12-27 17:13:38,False,False,False,True,0.0,3.0139949879913706e-05,LOW
6,,,0.0,0.0,0.0,0.0,2023-12-28 08:37:14,False,False,False,True,0.0,8.790666643516506e-05,LOW
6,,,0.0,0.0,0.0,0.0,2023-12-28 20:01:34,False,False,False,True,0.0,3.753451253192207e-05,LOW
6,,,0.0,0.0,0.0,0.0,2023-12-28 19:12:52,False,False,False,True,0.0,3.753451253192207e-05,LOW
6,,,0.0,0.0,0.0,0.0,2023-12-28 03:30:42,False,False,False,True,0.0,0.00015400586760325145,LOW
6,0.0,0.0,,,0.0,0.0,2022-09-08 11:02:18,False,False,False,True,0.0,0.0008339510698330127,LOW
6,,,0.0,0.0,0.0,0.0,2023-12-28 10:22:56,False,False,False,True,0.0,3.0139949879913706e-05,LOW
6,,,0.0,0.0,0.0,0.0,2023-12-27 09:37:49,False,False,False,True,0.0,0.00039661654526611674,LOW
6,,,0.0,0.0,0.0,0.0,2023-12-27 07:37:45,False,False,False,True,0.0,0.00013587151750896515,LOW
6,,,0.0,0.0,0.0,0.0,2023-12-27 05:22:45,False,False,False,True,0.0,0.00014929971949135807,LOW
6,,,0.0,0.0,0.0,0.0,2023-12-28 15:51:30,False,False,False,True,0.0,8.320051832327168e-05,LOW
6,,,0.0,0.0,0.0,0.0,2023-12-28 19:21:14,False,False,False,True,0.0,0.00010307620521782884,LOW
6,,,0.0,0.0,0.0,0.0,2023-12-27 19:04:29,False,False,False,True,0.0,3.753451253192207e-05,LOW
6,0.0,0.0,1.0,0.0,1.0,0.0,2023-12-31 00:36:32,False,False,True,False,1.0,0.7067360855005559,HIGH
6,,,0.0,0.0,0.0,0.0,2023-12-28 09:31:44,False,False,False,True,0.0,0.00039761916102799084,LOW
6,,,0.0,0.0,0.0,0.0,2023-12-28 12:20:37,False,False,False,True,0.0,3.0139949879913706e-05,LOW
6,,,0.0,0.0,0.0,0.0,2023-12-27 11:13:01,False,False,False,True,0.0,0.0009216833537626995,LOW
6,,,0.0,0.0,0.0,0.0,2023-12-27 07:13:16,False,False,False,True,0.0,0.00013587151750896515,LOW
6,,,0.0,0.0,0.0,0.0,2023-12-27 08:52:59,False,False,False,True,0.0,3.0139949879913706e-05,LOW
6,,,0.0,0.0,0.0,0.0,2023-12-28 09:31:44,False,False,False,True,0.0,0.00043179326985008903,LOW
6,0.0,0.0,,,0.0,0.0,2022-12-21 00:07:49,False,False,False,True,0.0,0.000789489465266866,LOW
6,,,0.0,0.0,0.0,0.0,2023-12-27 17:07:46,False,False,False,True,0.0,0.00020223082077897223,LOW
6,,,0.0,0.0,0.0,0.0,2023-12-28 10:42:54,False,False,False,True,0.0,3.0139949879913706e-05,LOW
6,0.0,0.0,,,0.0,0.0,2022-12-18 23:29:18,False,False,False,True,0.0,0.0003259580759852396,LOW
6,,,0.0,0.0,0.0,0.0,2023-12-28 08:36:06,False,False,False,True,0.0,9.362862334442803e-05,LOW
6,,,0.0,0.0,0.0,0.0,2023-12-28 19:14:26,False,False,False,True,0.0,3.753451253192207e-05,LOW
6,,,0.0,0.0,0.0,0.0,2023-12-27 14:41:12,False,False,False,True,0.0,0.0090973876400077,LOW
6,,,0.0,0.0,0.0,0.0,2023-12-27 15:42:24,False,False,False,True,0.0,3.0139949879913706e-05,LOW
6,,,0.0,0.0,0.0,0.0,2023-12-28 10:21:20,False,False,False,True,0.0,7.933915444064827e-05,LOW
6,,,0.0,0.0,0.0,0.0,2023-12-27 05:09:58,False,False,False,True,0.0,7.283614524450449e-05,LOW
6,,,0.0,0.0,0.0,0.0,2023-12-28 09:26:46,False,False,False,True,0.0,0.00047580364501386275,LOW
6,,,0.0,0.0,0.0,0.0,2023-12-28 17:13:44,False,False,False,True,0.0,0.00013244686252952595,LOW
6,,,0.0,0.0,0.0,0.0,2023-12-27 20:08:13,False,False,False,True,0.0,3.753451253192207e-05,LOW
6,,,0.0,0.0,0.0,0.0,2023-12-27 18:15:01,False,False,False,True,0.0,3.753451253192207e-05,LOW
6,,,0.0,0.0,0.0,0.0,2023-12-28 18:23:50,False,False,False,True,0.0,3.753451253192207e-05,LOW
6,,,0.0,0.0,0.0,0.0,2023-12-28 22:17:06,False,False,False,True,0.0,8.640697866422331e-05,LOW
6,,,0.0,0.0,0.0,0.0,2023-12-27 15:12:08,False,False,False,True,0.0,3.0139949879913706e-05,LOW
6,,,0.0,0.0,0.0,0.0,2023-12-27 09:24:03,False,False,False,True,0.0,3.0139949879913706e-05,LOW
6,,,0.0,0.0,0.0,0.0,2023-12-28 16:28:46,False,False,False,True,0.0,3.0139949879913706e-05,LOW
6,,,0.0,0.0,0.0,0.0,2023-12-28 13:54:03,False,False,False,True,0.0,0.00015016990231191642,LOW
6,,,0.0,0.0,0.0,0.0,2023-12-28 09:45:55,False,False,False,True,0.0,3.0139949879913706e-05,LOW
6,,,0.0,0.0,0.0,0.0,2023-12-27 03:39:37,False,False,False,True,0.0,0.00043557380949538335,LOW
6,,,0.0,0.0,0.0,0.0,2023-12-28 09:22:30,False,False,False,True,0.0,0.00039661654526611674,LOW
6,,,0.0,0.0,0.0,0.0,2023-12-27 12:52:46,False,False,False,True,0.0,0.0016154148166916127,LOW
6,,,0.0,0.0,0.0,0.0,2023-12-28 13:25:00,False,False,False,True,0.0,0.00015016990231191642,LOW
6,,,0.0,0.0,0.0,0.0,2023-12-28 12:12:26,False,False,False,True,0.0,3.0139949879913706e-05,LOW
6,0.0,0.0,1.0,0.0,1.0,0.0,2023-12-31 00:36:33,False,False,True,False,1.0,0.6902993663369206,MEDIUM
6,0.0,0.0,,,0.0,0.0,2023-12-31 00:42:03,False,False,False,True,0.0,0.0007103820938169967,LOW
6,,,0.0,0.0,0.0,0.0,2023-12-28 02:56:37,False,False,False,True,0.0,0.00012203534980523903,LOW
6,0.0,0.0,,,0.0,0.0,2023-12-31 00:42:03,False,False,False,True,0.0,0.0007103820938169967,LOW
6,0.0,0.0,,,0.0,0.0,2023-12-25 16:11:53,False,False,False,True,0.0,0.0009290985484248299,LOW
6,,,0.0,0.0,0.0,0.0,2023-12-27 22:56:18,False,False,False,True,0.0,0.00024650557338807904,LOW
6,0.0,0.0,1.0,0.0,1.0,0.0,2023-12-31 00:36:33,False,False,True,False,1.0,0.6510666467308692,MEDIUM
6,,,0.0,0.0,0.0,0.0,2023-12-27 19:42:35,False,False,False,True,0.0,3.753451253192207e-05,LOW
6,,,0.0,0.0,0.0,0.0,2023-12-28 09:32:44,False,False,False,True,0.0,0.0005087523957987315,LOW
6,,,0.0,0.0,0.0,0.0,2023-12-28 13:13:36,False,False,False,True,0.0,0.0001725579096889057,LOW
6,,,0.0,0.0,0.0,0.0,2023-12-28 19:14:11,False,False,False,True,0.0,3.753451253192207e-05,LOW
6,,,0.0,0.0,0.0,0.0,2023-12-27 19:22:47,False,False,False,True,0.0,0.0001013100207669329,LOW
6,,,0.0,0.0,0.0,0.0,2023-12-28 18:03:53,False,False,False,True,0.0,3.753451253192207e-05,LOW
6,,,0.0,0.0,0.0,0.0,2023-12-28 21:27:55,False,False,False,True,0.0,3.753451253192207e-05,LOW
6,,,0.0,0.0,0.0,0.0,2023-12-28 13:21:14,False,False,False,True,0.0,6.506475917909724e-05,LOW
6,,,0.0,0.0,0.0,0.0,2023-12-28 08:30:43,False,False,False,True,0.0,8.403638665337012e-05,LOW
6,,,0.0,0.0,0.0,0.0,2023-12-28 13:07:58,False,False,False,True,0.0,3.0139949879913706e-05,LOW
6,,,0.0,0.0,0.0,0.0,2023-12-27 21:52:47,False,False,False,True,0.0,9.059508097528004e-05,LOW
6,,,0.0,0.0,0.0,0.0,2023-12-28 21:21:31,False,False,False,True,0.0,5.495541468667367e-05,LOW
6,,,0.0,0.0,0.0,0.0,2023-12-27 20:41:13,False,False,False,True,0.0,3.753451253192207e-05,LOW
6,,,0.0,0.0,0.0,0.0,2023-12-27 20:21:50,False,False,False,True,0.0,3.753451253192207e-05,LOW
6,,,0.0,0.0,0.0,0.0,2023-12-27 23:07:47,False,False,False,True,0.0,0.00023793806139356223,LOW
6,,,0.0,0.0,0.0,0.0,2023-12-27 03:54:15,False,False,False,True,0.0,0.0001306028617997558,LOW
6,0.0,0.0,,,0.0,0.0,2022-12-18 23:01:47,False,False,False,True,0.0,0.000981500826950056,LOW
6,0.0,0.0,,,0.0,0.0,2023-12-31 00:42:02,False,False,False,True,0.0,0.001223253928641931,LOW
6,,,0.0,0.0,0.0,0.0,2023-12-28 10:51:13,False,False,False,True,0.0,6.035861106720386e-05,LOW
6,,,0.0,0.0,0.0,0.0,2023-12-28 12:27:15,False,False,False,True,0.0,3.0139949879913706e-05,LOW
6,,,0.0,0.0,0.0,0.0,2023-12-28 09:51:13,False,False,False,True,0.0,0.0016201209648035058,LOW
6,0.0,0.0,1.0,0.0,1.0,0.0,2023-12-31 00:36:33,False,False,True,False,1.0,0.589595801315622,MEDIUM
6,,,0.0,0.0,0.0,0.0,2023-12-28 04:06:31,False,False,False,True,0.0,7.283614524450449e-05,LOW
6,,,0.0,0.0,0.0,0.0,2023-12-28 19:24:12,False,False,False,True,0.0,0.00012921804339112095,LOW
6,,,0.0,0.0,0.0,0.0,2023-12-28 15:35:40,False,False,False,True,0.0,3.0139949879913706e-05,LOW
6,,,0.0,0.0,0.0,0.0,2023-12-27 07:30:00,False,False,False,True,0.0,0.00047580364501386275,LOW
6,,,0.0,0.0,0.0,0.0,2023-12-27 07:32:29,False,False,False,True,0.0,7.309676910474161e-05,LOW
6,0.0,0.0,,,0.0,0.0,2022-12-18 23:30:16,False,False,False,True,0.0,0.0002575328640346022,LOW
6,0.0,0.0,,,0.0,0.0,2019-12-07 22:54:23,False,False,False,True,0.0,0.0013457087475273605,LOW
6,,,0.0,0.0,0.0,0.0,2023-12-28 03:00:01,False,False,False,True,0.0,0.0004177382090370727,LOW
6,,,0.0,0.0,0.0,0.0,2023-12-28 05:44:21,False,False,False,True,0.0,7.283614524450449e-05,LOW
6,,,0.0,0.0,0.0,0.0,2023-12-27 08:40:05,False,False,False,True,0.0,9.362862334442803e-05,LOW
6,,,0.0,0.0,0.0,0.0,2023-12-27 16:33:52,False,False,False,True,0.0,8.711413057130368e-05,LOW
6,,,0.0,0.0,0.0,0.0,2023-12-27 04:22:45,False,False,False,True,0.0,0.0001306028617997558,LOW
6,,,0.0,0.0,0.0,0.0,2023-12-28 21:22:01,False,False,False,True,0.0,6.389180983658881e-05,LOW
6,,,0.0,0.0,0.0,0.0,2023-12-27 03:39:37,False,False,False,True,0.0,0.0005535220749260574,LOW
6,,,0.0,0.0,0.0,0.0,2023-12-27 20:44:03,False,False,False,True,0.0,9.348396852677098e-05,LOW
6,,,0.0,0.0,0.0,0.0,2023-12-27 21:29:23,False,False,False,True,0.0,3.753451253192207e-05,LOW
6,,,0.0,0.0,0.0,0.0,2023-12-27 16:43:31,False,False,False,True,0.0,7.933915444064827e-05,LOW
6,,,0.0,0.0,0.0,0.0,2023-12-28 01:09:14,False,False,False,True,0.0,0.005554721312590447,LOW
6,,,0.0,0.0,0.0,0.0,2023-12-27 06:07:45,False,False,False,True,0.0,0.0001258967136878624,LOW
6,,,0.0,0.0,0.0,0.0,2023-12-27 11:03:23,False,False,False,True,0.0,7.933915444064827e-05,LOW
6,,,0.0,0.0,0.0,0.0,2023-12-27 03:04:41,False,False,False,True,0.0,7.283614524450449e-05,LOW
6,,,0.0,0.0,0.0,0.0,2023-12-28 03:08:18,False,False,False,True,0.0,7.283614524450449e-05,LOW
6,0.0,0.0,,,0.0,0.0,2023-12-31 00:42:08,False,False,False,True,0.0,0.000566503251648624,LOW
6,,,0.0,0.0,0.0,0.0,2023-12-27 22:41:29,False,False,False,True,0.0,0.0002761705534385806,LOW
6,,,0.0,0.0,0.0,0.0,2023-12-27 15:40:29,False,False,False,True,0.0,3.0139949879913706e-05,LOW
6,,,0.0,0.0,0.0,0.0,2023-12-28 05:15:43,False,False,False,True,0.0,0.00011777218696409897,LOW
6,0.0,0.0,1.0,0.0,1.0,0.0,2023-12-31 00:36:32,False,False,True,False,1.0,0.6161548679078807,MEDIUM
6,,,0.0,0.0,0.0,0.0,2023-12-27 18:52:48,False,False,False,True,0.0,5.495541468667367e-05,LOW
6,,,0.0,0.0,0.0,0.0,2023-12-28 13:36:27,False,False,False,True,0.0,3.0139949879913706e-05,LOW
6,,,0.0,0.0,0.0,0.0,2023-12-27 20:52:47,False,False,False,True,0.0,6.775317371921225e-05,LOW
6,,,0.0,0.0,0.0,0.0,2023-12-27 18:17:40,False,False,False,True,0.0,3.753451253192207e-05,LOW
6,,,0.0,0.0,0.0,0.0,2023-12-28 22:24:42,False,False,False,True,0.0,0.00013799742445176416,LOW
6,,,0.0,0.0,0.0,0.0,2023-12-27 03:17:56,False,False,False,True,0.0,7.283614524450449e-05,LOW
6,,,0.0,0.0,0.0,0.0,2023-12-27 03:25:08,False,False,False,True,0.0,0.0001458887767360284,LOW
6,,,0.0,0.0,0.0,0.0,2023-12-27 04:29:56,False,False,False,True,0.0,7.283614524450449e-05,LOW
6,,,0.0,0.0,0.0,0.0,2023-12-27 07:57:08,False,False,False,True,0.0,3.0139949879913706e-05,LOW
6,,,0.0,0.0,0.0,0.0,2023-12-28 09:47:24,False,False,False,True,0.0,3.0139949879913706e-05,LOW
6,,,0.0,0.0,0.0,0.0,2023-12-27 06:23:02,False,False,False,True,0.0,7.283614524450449e-05,LOW
6,,,0.0,0.0,0.0,0.0,2023-12-28 09:22:48,False,False,False,True,0.0,0.0022352053973886173,LOW
6,,,0.0,0.0,0.0,0.0,2023-12-27 06:22:45,False,False,False,True,0.0,0.0002391110107360706,LOW
6,,,0.0,0.0,0.0,0.0,2023-12-27 21:19:52,False,False,False,True,0.0,0.00012554910570325043,LOW
6,,,0.0,0.0,0.0,0.0,2023-12-27 13:25:17,False,False,False,True,0.0,4.75608520346653e-05,LOW
6,,,0.0,0.0,0.0,0.0,2023-12-27 04:15:28,False,False,False,True,0.0,7.283614524450449e-05,LOW
6,,,0.0,0.0,0.0,0.0,2023-12-28 10:36:13,False,False,False,True,0.0,0.00013587151750896515,LOW
6,0.0,0.0,,,0.0,0.0,2023-12-31 00:42:02,False,False,False,True,0.0,0.001223253928641931,LOW
6,0.0,0.0,1.0,0.0,1.0,0.0,2023-12-31 00:36:33,False,False,True,False,1.0,0.5829287525734058,MEDIUM
6,0.0,0.0,,,0.0,0.0,2023-12-31 00:36:30,False,False,False,True,0.0,0.0006127481647081875,LOW
6,,,0.0,0.0,0.0,0.0,2023-12-28 05:22:26,False,False,False,True,0.0,7.283614524450449e-05,LOW
6,,,0.0,0.0,0.0,0.0,2023-12-27 17:56:50,False,False,False,True,0.0,0.00011815454305124203,LOW
6,,,0.0,0.0,0.0,0.0,2023-12-27 21:52:34,False,False,False,True,0.0,3.753451253192207e-05,LOW
6,,,0.0,0.0,0.0,0.0,2023-12-27 05:52:45,False,False,False,True,0.0,0.0001603481623357919,LOW
6,,,0.0,0.0,0.0,0.0,2023-12-28 07:20:01,False,False,False,True,0.0,3.0139949879913706e-05,LOW
6,,,0.0,0.0,0.0,0.0,2023-12-28 22:29:15,False,False,False,True,0.0,0.0010248716285055522,LOW
6,0.0,0.0,,,0.0,0.0,2023-12-31 00:36:42,False,False,False,True,0.0,0.07801524617251651,LOW
6,0.0,0.0,,,0.0,0.0,2023-12-25 16:12:08,False,False,False,True,0.0,0.0009290985484248299,LOW
6,,,0.0,0.0,0.0,0.0,2023-12-28 08:16:16,False,False,False,True,0.0,5.6497247184580446e-05,LOW
6,,,0.0,0.0,0.0,0.0,2023-12-27 05:22:57,False,False,False,True,0.0,0.00023054349874155385,LOW
6,,,0.0,0.0,0.0,0.0,2023-12-27 11:13:41,False,False,False,True,0.0,3.0139949879913706e-05,LOW
6,,,0.0,0.0,0.0,0.0,2023-12-27 08:03:19,False,False,False,True,0.0,7.933915444064827e-05,LOW
6,,,0.0,0.0,0.0,0.0,2023-12-28 14:39:54,False,False,False,True,0.0,7.933915444064827e-05,LOW
6,,,0.0,0.0,0.0,0.0,2023-12-27 10:38:22,False,False,False,True,0.0,0.00014160239031739963,LOW
6,,,0.0,0.0,0.0,0.0,2023-12-28 04:33:34,False,False,False,True,0.0,7.283614524450449e-05,LOW
6,0.0,0.0,,,0.0,0.0,2023-12-25 16:23:17,False,False,False,True,0.0,0.0011297192507965456,LOW
6,,,0.0,0.0,0.0,0.0,2023-12-28 11:51:17,False,False,False,True,0.0,0.00013201015362634174,LOW
6,,,0.0,0.0,0.0,0.0,2023-12-27 19:34:29,False,False,False,True,0.0,3.753451253192207e-05,LOW
6,,,0.0,0.0,0.0,0.0,2023-12-27 16:34:17,False,False,False,True,0.0,0.00014911332912301677,LOW
6,,,0.0,0.0,0.0,0.0,2023-12-28 18:52:02,False,False,False,True,0.0,8.673371709265663e-05,LOW
6,,,0.0,0.0,0.0,0.0,2023-12-27 20:22:51,False,False,False,True,0.0,0.0016189480154609975,LOW
6,,,0.0,0.0,0.0,0.0,2023-12-28 12:48:04,False,False,False,True,0.0,7.933915444064827e-05,LOW
6,,,0.0,0.0,0.0,0.0,2023-12-28 14:19:09,False,False,False,True,0.0,3.0139949879913706e-05,LOW
6,,,0.0,0.0,0.0,0.0,2023-12-27 22:44:14,False,False,False,True,0.0,8.640697866422331e-05,LOW
6,,,0.0,0.0,0.0,0.0,2023-12-28 05:13:50,False,False,False,True,0.0,7.283614524450449e-05,LOW
6,,,0.0,0.0,0.0,0.0,2023-12-28 21:53:13,False,False,False,True,0.0,0.001622809379343621,LOW
6,,,0.0,0.0,0.0,0.0,2023-12-28 16:01:13,False,False,False,True,0.0,3.0139949879913706e-05,LOW
6,,,0.0,0.0,0.0,0.0,2023-12-28 09:22:48,False,False,False,True,0.0,0.0022352053973886173,LOW
6,,,0.0,0.0,0.0,0.0,2023-12-28 09:23:59,False,False,False,True,0.0,0.00039307181617348317,LOW
6,,,0.0,0.0,0.0,0.0,2023-12-28 05:17:36,False,False,False,True,0.0,0.0001306028617997558,LOW
6,,,0.0,0.0,0.0,0.0,2023-12-27 14:33:53,False,False,False,True,0.0,8.036744896549962e-05,LOW
6,,,0.0,0.0,0.0,0.0,2023-12-28 03:02:59,False,False,False,True,0.0,0.00010920467496958221,LOW
6,,,0.0,0.0,0.0,0.0,2023-12-27 07:48:01,False,False,False,True,0.0,3.0139949879913706e-05,LOW
6,,,0.0,0.0,0.0,0.0,2023-12-27 05:11:59,False,False,False,True,0.0,7.283614524450449e-05,LOW
6,,,0.0,0.0,0.0,0.0,2023-12-27 06:09:37,False,False,False,True,0.0,0.008040276096342837,LOW
6,,,0.0,0.0,0.0,0.0,2023-12-27 11:09:51,False,False,False,True,0.0,8.403638665337012e-05,LOW
6,,,0.0,0.0,0.0,0.0,2023-12-28 14:22:55,False,False,False,True,0.0,6.577961616852005e-05,LOW
6,,,0.0,0.0,0.0,0.0,2023-12-27 22:07:47,False,False,False,True,0.0,0.00024308960746473158,LOW
6,,,0.0,0.0,0.0,0.0,2023-12-28 05:03:23,False,False,False,True,0.0,7.283614524450449e-05,LOW
6,,,0.0,0.0,0.0,0.0,2023-12-28 09:32:44,False,False,False,True,0.0,0.0005087523957987315,LOW
6,,,0.0,0.0,0.0,0.0,2023-12-28 03:17:10,False,False,False,True,0.0,0.0002673058681307551,LOW
6,,,0.0,0.0,0.0,0.0,2023-12-27 08:20:42,False,False,False,True,0.0,3.0139949879913706e-05,LOW
6,,,0.0,0.0,0.0,0.0,2023-12-27 21:52:50,False,False,False,True,0.0,0.0016189480154609975,LOW
6,,,0.0,0.0,0.0,0.0,2023-12-27 03:39:38,False,False,False,True,0.0,0.0004549609839610448,LOW
6,,,0.0,0.0,0.0,0.0,2023-12-27 11:33:42,False,False,False,True,0.0,3.0139949879913706e-05,LOW
6,0.0,0.0,,,0.0,0.0,2023-12-28 16:12:25,False,False,False,True,0.0,0.0057274011180970755,LOW
6,0.0,0.0,1.0,0.0,1.0,0.0,2023-12-31 00:36:32,False,False,True,False,1.0,0.568298377652205,MEDIUM
6,,,0.0,0.0,0.0,0.0,2023-12-28 01:06:42,False,False,False,True,0.0,7.283614524450449e-05,LOW
6,0.0,0.0,,,0.0,0.0,2023-12-28 22:06:24,False,False,False,True,0.0,0.001165329291524211,LOW
6,,,0.0,0.0,0.0,0.0,2023-12-27 19:55:02,False,False,False,True,0.0,0.00040517252693738487,LOW
6,,,0.0,0.0,0.0,0.0,2023-12-28 04:15:12,False,False,False,True,0.0,7.283614524450449e-05,LOW
6,,,0.0,0.0,0.0,0.0,2023-12-28 13:36:52,False,False,False,True,0.0,3.0139949879913706e-05,LOW
6,,,0.0,0.0,0.0,0.0,2023-12-27 21:22:47,False,False,False,True,0.0,9.348396852677098e-05,LOW
6,0.0,0.0,,,0.0,0.0,2023-12-25 16:48:39,False,False,False,True,0.0,0.0008104397803028986,LOW
6,,,0.0,0.0,0.0,0.0,2023-12-28 04:45:55,False,False,False,True,0.0,0.00014699176905532462,LOW
6,,,0.0,0.0,0.0,0.0,2023-12-31 00:36:39,False,False,False,True,0.0,0.006539403624443509,LOW
6,,,0.0,0.0,0.0,0.0,2023-12-27 06:40:17,False,False,False,True,0.0,0.00012701710309800888,LOW
6,,,0.0,0.0,0.0,0.0,2023-12-27 08:21:24,False,False,False,True,0.0,3.0139949879913706e-05,LOW
6,,,0.0,0.0,0.0,0.0,2023-12-27 06:33:01,False,False,False,True,0.0,7.283614524450449e-05,LOW
6,0.0,0.0,,,0.0,0.0,2019-12-07 22:54:23,False,False,False,True,0.0,0.0013457087475273605,LOW
6,,,0.0,0.0,0.0,0.0,2023-12-31 00:42:06,False,False,False,True,0.0,0.004452111032949794,LOW
6,,,0.0,0.0,0.0,0.0,2023-12-27 22:52:47,False,False,False,True,0.0,0.0001796550093622033,LOW
6,,,0.0,0.0,0.0,0.0,2023-12-28 19:24:33,False,False,False,True,0.0,0.0016275155274555145,LOW
6,,,0.0,0.0,0.0,0.0,2023-12-27 04:50:35,False,False,False,True,0.0,7.283614524450449e-05,LOW
6,,,0.0,0.0,0.0,0.0,2023-12-28 15:19:53,False,False,False,True,0.0,3.0139949879913706e-05,LOW
6,,,0.0,0.0,0.0,0.0,2023-12-28 04:51:42,False,False,False,True,0.0,7.283614524450449e-05,LOW
6,,,0.0,0.0,0.0,0.0,2023-12-28 20:12:25,False,False,False,True,0.0,3.753451253192207e-05,LOW
6,,,0.0,0.0,0.0,0.0,2023-12-27 10:37:43,False,False,False,True,0.0,3.0139949879913706e-05,LOW
6,0.0,0.0,,,0.0,0.0,2019-12-07 17:14:53,False,False,False,True,0.0,0.001960011245211956,LOW
6,,,0.0,0.0,0.0,0.0,2023-12-27 16:26:37,False,False,False,True,0.0,3.0139949879913706e-05,LOW
6,,,0.0,0.0,0.0,0.0,2023-12-27 09:52:45,False,False,False,True,0.0,8.320051832327168e-05,LOW
6,,,0.0,0.0,0.0,0.0,2023-12-27 19:12:10,False,False,False,True,0.0,3.753451253192207e-05,LOW
6,,,0.0,0.0,0.0,0.0,2023-12-27 04:08:53,False,False,False,True,0.0,7.283614524450449e-05,LOW
6,,,0.0,0.0,0.0,0.0,2023-12-28 09:22:52,False,False,False,True,0.0,5.61283640291821e-05,LOW
6,,,0.0,0.0,0.0,0.0,2023-12-28 15:34:42,False,False,False,True,0.0,3.0139949879913706e-05,LOW
6,,,0.0,0.0,0.0,0.0,2023-12-27 03:52:45,False,False,False,True,0.0,0.0001306028617997558,LOW
6,,,0.0,0.0,0.0,0.0,2023-12-27 07:12:05,False,False,False,True,0.0,0.00015016990231191642,LOW
6,,,0.0,0.0,0.0,0.0,2023-12-28 14:33:26,False,False,False,True,0.0,8.790666643516506e-05,LOW
6,,,0.0,0.0,0.0,0.0,2023-12-28 07:39:32,False,False,False,True,0.0,0.0001124201004144973,LOW
6,,,0.0,0.0,0.0,0.0,2023-12-28 11:22:00,False,False,False,True,0.0,5.6497247184580446e-05,LOW
6,,,0.0,0.0,0.0,0.0,2023-12-28 02:22:37,False,False,False,True,0.0,7.283614524450449e-05,LOW
6,,,0.0,0.0,0.0,0.0,2023-12-27 16:33:46,False,False,False,True,0.0,0.0004008467923041386,LOW
6,,,0.0,0.0,0.0,0.0,2023-12-28 17:51:14,False,False,False,True,0.0,8.036744896549962e-05,LOW
6,,,0.0,0.0,0.0,0.0,2023-12-28 14:12:32,False,False,False,True,0.0,0.00011610152382984958,LOW
6,,,0.0,0.0,0.0,0.0,2023-12-27 08:57:42,False,False,False,True,0.0,3.0139949879913706e-05,LOW
6,,,0.0,0.0,0.0,0.0,2023-12-27 19:10:15,False,False,False,True,0.0,3.753451253192207e-05,LOW
6,,,0.0,0.0,0.0,0.0,2023-12-28 18:08:52,False,False,False,True,0.0,3.753451253192207e-05,LOW
6,,,0.0,0.0,0.0,0.0,2023-12-28 09:59:09,False,False,False,True,0.0,3.0139949879913706e-05,LOW
6,,,0.0,0.0,0.0,0.0,2023-12-28 08:38:39,False,False,False,True,0.0,3.0139949879913706e-05,LOW
6,,,0.0,0.0,0.0,0.0,2023-12-27 11:13:53,False,False,False,True,0.0,3.0139949879913706e-05,LOW
6,,,0.0,0.0,0.0,0.0,2023-12-27 03:39:30,False,False,False,True,0.0,0.00011777218696409897,LOW
6,,,0.0,0.0,0.0,0.0,2023-12-28 01:21:27,False,False,False,True,0.0,7.283614524450449e-05,LOW
6,0.0,0.0,,,0.0,0.0,2023-12-31 00:36:56,False,False,False,True,0.0,0.0014361811117603396,LOW
6,,,0.0,0.0,0.0,0.0,2023-12-27 13:21:03,False,False,False,True,0.0,3.0139949879913706e-05,LOW
6,,,0.0,0.0,0.0,0.0,2023-12-28 17:21:49,False,False,False,True,0.0,3.0139949879913706e-05,LOW
6,,,0.0,0.0,0.0,0.0,2023-12-27 17:13:01,False,False,False,True,0.0,0.00048347865880840537,LOW
6,,,0.0,0.0,0.0,0.0,2023-12-27 02:55:32,False,False,False,True,0.0,7.283614524450449e-05,LOW
6,0.0,0.0,,,0.0,0.0,2023-12-25 16:12:11,False,False,False,True,0.0,0.0009290985484248299,LOW
6,,,0.0,0.0,0.0,0.0,2023-12-28 13:38:36,False,False,False,True,0.0,3.0139949879913706e-05,LOW
6,0.0,0.0,,,0.0,0.0,2022-09-08 11:02:13,False,False,False,True,0.0,0.0008339510698330127,LOW
6,0.0,0.0,,,0.0,0.0,2023-12-25 16:37:30,False,False,False,True,0.0,0.0008104397803028986,LOW
6,,,0.0,0.0,0.0,0.0,2023-12-27 18:57:19,False,False,False,True,0.0,3.753451253192207e-05,LOW
6,,,0.0,0.0,0.0,0.0,2023-12-28 20:17:33,False,False,False,True,0.0,8.673371709265663e-05,LOW
6,,,0.0,0.0,0.0,0.0,2023-12-28 21:33:00,False,False,False,True,0.0,0.00022387707018394564,LOW
6,,,0.0,0.0,0.0,0.0,2023-12-27 13:37:50,False,False,False,True,0.0,0.00039661654526611674,LOW
6,,,0.0,0.0,0.0,0.0,2023-12-27 16:22:46,False,False,False,True,0.0,5.61283640291821e-05,LOW
6,,,0.0,0.0,0.0,0.0,2023-12-28 19:56:35,False,False,False,True,0.0,3.753451253192207e-05,LOW
6,,,0.0,0.0,0.0,0.0,2023-12-27 08:05:37,False,False,False,True,0.0,3.0139949879913706e-05,LOW
6,,,0.0,0.0,0.0,0.0,2023-12-28 22:06:00,False,False,False,True,0.0,8.640697866422331e-05,LOW
6,,,0.0,0.0,0.0,0.0,2023-12-27 20:25:36,False,False,False,True,0.0,9.530122908717343e-05,LOW
6,,,0.0,0.0,0.0,0.0,2023-12-28 13:41:37,False,False,False,True,0.0,3.0139949879913706e-05,LOW
6,,,0.0,0.0,0.0,0.0,2023-12-28 18:54:04,False,False,False,True,0.0,3.753451253192207e-05,LOW
6,,,0.0,0.0,0.0,0.0,2023-12-28 06:40:25,False,False,False,True,0.0,7.283614524450449e-05,LOW
6,,,0.0,0.0,0.0,0.0,2023-12-27 21:46:58,False,False,False,True,0.0,3.753451253192207e-05,LOW
6,,,0.0,0.0,0.0,0.0,2023-12-28 20:13:56,False,False,False,True,0.0,0.0001446338884411014,LOW
6,,,0.0,0.0,0.0,0.0,2023-12-27 14:17:51,False,False,False,True,0.0,9.44169308463781e-05,LOW
6,,,0.0,0.0,0.0,0.0,2023-12-28 14:52:55,False,False,False,True,0.0,3.0139949879913706e-05,LOW
6,,,0.0,0.0,0.0,0.0,2023-12-28 13:29:03,False,False,False,True,0.0,0.00015016990231191642,LOW
6,,,0.0,0.0,0.0,0.0,2023-12-27 20:01:18,False,False,False,True,0.0,3.753451253192207e-05,LOW
6,,,0.0,0.0,0.0,0.0,2023-12-28 09:22:28,False,False,False,True,0.0,0.00213836239157604,LOW
6,,,0.0,0.0,0.0,0.0,2023-12-28 18:29:31,False,False,False,True,0.0,8.673371709265663e-05,LOW
6,,,0.0,0.0,0.0,0.0,2023-12-28 17:07:18,False,False,False,True,0.0,3.0139949879913706e-05,LOW
6,,,0.0,0.0,0.0,0.0,2023-12-27 14:53:59,False,False,False,True,0.0,0.0016068473046970957,LOW
6,,,0.0,0.0,0.0,0.0,2023-12-28 16:55:41,False,False,False,True,0.0,3.0139949879913706e-05,LOW
6,,,0.0,0.0,0.0,0.0,2023-12-27 05:26:37,False,False,False,True,0.0,7.283614524450449e-05,LOW
6,,,0.0,0.0,0.0,0.0,2023-12-28 08:04:04,False,False,False,True,0.0,7.546887465885332e-05,LOW
6,,,0.0,0.0,0.0,0.0,2023-12-27 04:07:45,False,False,False,True,0.0,0.00022951877404501274,LOW
6,0.0,0.0,,,0.0,0.0,2023-12-31 00:42:03,False,False,False,True,0.0,0.0007103820938169967,LOW
6,,,0.0,0.0,0.0,0.0,2023-12-28 09:52:01,False,False,False,True,0.0,7.752189388024579e-05,LOW
6,0.0,0.0,1.0,0.0,1.0,0.0,2023-12-31 00:36:32,False,False,True,False,1.0,0.5946077344898463,MEDIUM
6,,,0.0,0.0,0.0,0.0,2023-12-28 19:16:56,False,False,False,True,0.0,3.753451253192207e-05,LOW
6,,,0.0,0.0,0.0,0.0,2023-12-27 12:05:44,False,False,False,True,0.0,3.0139949879913706e-05,LOW
6,,,0.0,0.0,0.0,0.0,2023-12-28 09:31:45,False,False,False,True,0.0,0.00039291301291609744,LOW
6,,,0.0,0.0,0.0,0.0,2023-12-27 05:52:45,False,False,False,True,0.0,0.0001258967136878624,LOW
6,,,0.0,0.0,0.0,0.0,2023-12-27 14:56:47,False,False,False,True,0.0,3.0139949879913706e-05,LOW
6,,,0.0,0.0,0.0,0.0,2023-12-27 13:23:26,False,False,False,True,0.0,7.933915444064827e-05,LOW
6,,,0.0,0.0,0.0,0.0,2023-12-27 19:58:12,False,False,False,True,0.0,3.753451253192207e-05,LOW
6,,,0.0,0.0,0.0,0.0,2023-12-27 15:22:46,False,False,False,True,0.0,6.035861106720386e-05,LOW
6,,,0.0,0.0,0.0,0.0,2023-12-28 02:44:16,False,False,False,True,0.0,7.283614524450449e-05,LOW
6,,,0.0,0.0,0.0,0.0,2023-12-27 14:59:22,False,False,False,True,0.0,3.0139949879913706e-05,LOW
6,,,0.0,0.0,0.0,0.0,2023-12-27 15:32:28,False,False,False,True,0.0,8.13832577628692e-05,LOW
6,,,0.0,0.0,0.0,0.0,2023-12-28 06:01:11,False,False,False,True,0.0,0.00011732920169334565,LOW
6,,,0.0,0.0,0.0,0.0,2023-12-27 23:22:48,False,False,False,True,0.0,0.00018344980164746626,LOW
6,,,0.0,0.0,0.0,0.0,2023-12-27 03:26:08,False,False,False,True,0.0,0.0001481005992148066,LOW
6,,,0.0,0.0,0.0,0.0,2023-12-27 13:22:46,False,False,False,True,0.0,0.00013587151750896515,LOW
6,,,0.0,0.0,0.0,0.0,2023-12-27 13:54:27,False,False,False,True,0.0,3.0139949879913706e-05,LOW
6,,,0.0,0.0,0.0,0.0,2023-12-27 04:23:07,False,False,False,True,0.0,7.283614524450449e-05,LOW
6,,,0.0,0.0,0.0,0.0,2023-12-28 05:56:55,False,False,False,True,0.0,7.283614524450449e-05,LOW
6,,,0.0,0.0,0.0,0.0,2023-12-27 14:18:52,False,False,False,True,0.0,0.00021605905226393957,LOW
6,,,0.0,0.0,0.0,0.0,2023-12-27 07:58:02,False,False,False,True,0.0,3.0139949879913706e-05,LOW
6,,,0.0,0.0,0.0,0.0,2023-12-27 21:10:22,False,False,False,True,0.0,3.753451253192207e-05,LOW
6,,,0.0,0.0,0.0,0.0,2023-12-28 13:38:10,False,False,False,True,0.0,9.362862334442803e-05,LOW
6,,,0.0,0.0,0.0,0.0,2023-12-28 08:43:03,False,False,False,True,0.0,3.0139949879913706e-05,LOW
6,,,0.0,0.0,0.0,0.0,2023-12-31 00:43:21,False,False,False,True,0.0,0.0071870418086924116,LOW
6,,,0.0,0.0,0.0,0.0,2023-12-27 03:22:00,False,False,False,True,0.0,7.283614524450449e-05,LOW
6,,,0.0,0.0,0.0,0.0,2023-12-28 04:28:51,False,False,False,True,0.0,7.283614524450449e-05,LOW
6,,,0.0,0.0,0.0,0.0,2023-12-28 17:21:14,False,False,False,True,0.0,7.360828163221378e-05,LOW
6,0.0,0.0,,,0.0,0.0,2023-12-27 03:39:36,False,False,False,True,0.0,0.0020489163636272854,LOW
6,,,0.0,0.0,0.0,0.0,2023-12-27 20:07:37,False,False,False,True,0.0,3.753451253192207e-05,LOW
6,0.0,0.0,,,0.0,0.0,2023-12-25 16:06:38,False,False,False,True,0.0,0.0009290985484248299,LOW
6,0.0,0.0,,,0.0,0.0,2023-12-25 16:22:43,False,False,False,True,0.0,0.0011297192507965456,LOW
6,,,0.0,0.0,0.0,0.0,2023-12-27 07:04:02,False,False,False,True,0.0,3.0139949879913706e-05,LOW
6,,,0.0,0.0,0.0,0.0,2023-12-27 19:39:35,False,False,False,True,0.0,8.673371709265663e-05,LOW
6,,,0.0,0.0,0.0,0.0,2023-12-28 05:25:25,False,False,False,True,0.0,7.283614524450449e-05,LOW
6,,,0.0,0.0,0.0,0.0,2023-12-27 22:02:45,False,False,False,True,0.0,8.640697866422331e-05,LOW
6,,,0.0,0.0,0.0,0.0,2023-12-28 11:22:04,False,False,False,True,0.0,3.0139949879913706e-05,LOW
6,,,0.0,0.0,0.0,0.0,2023-12-28 11:57:31,False,False,False,True,0.0,3.0139949879913706e-05,LOW
6,0.0,0.0,,,0.0,0.0,2023-12-25 17:09:47,False,False,False,True,0.0,0.0008104397803028986,LOW
6,,,0.0,0.0,0.0,0.0,2023-12-28 09:21:39,False,False,False,True,0.0,0.0009245950769746779,LOW
6,,,0.0,0.0,0.0,0.0,2023-12-28 09:22:17,False,False,False,True,0.0,7.546887465885332e-05,LOW
6,0.0,0.0,1.0,0.0,1.0,0.0,2023-12-31 00:36:32,False,False,True,False,1.0,0.5421592867083153,MEDIUM
6,,,0.0,0.0,0.0,0.0,2023-12-28 02:47:04,False,False,False,True,0.0,0.0054512717058152116,LOW
6,,,0.0,0.0,0.0,0.0,2023-12-28 10:24:43,False,False,False,True,0.0,8.790666643516506e-05,LOW
6,,,0.0,0.0,0.0,0.0,2023-12-28 17:19:47,False,False,False,True,0.0,3.0139949879913706e-05,LOW
6,0.0,0.0,,,0.0,0.0,2023-12-31 00:42:06,False,False,False,True,0.0,0.0006127481647081875,LOW
6,,,0.0,0.0,0.0,0.0,2023-12-28 09:51:13,False,False,False,True,0.0,8.036744896549962e-05,LOW
6,0.0,0.0,,,0.0,0.0,2023-12-31 00:36:30,False,False,False,True,0.0,0.0006127481647081875,LOW
6,,,0.0,0.0,0.0,0.0,2023-12-27 23:04:49,False,False,False,True,0.0,0.0002631326917047022,LOW
6,,,0.0,0.0,0.0,0.0,2023-12-28 08:51:18,False,False,False,True,0.0,8.320051832327168e-05,LOW
6,,,0.0,0.0,0.0,0.0,2023-12-28 15:15:12,False,False,False,True,0.0,3.0139949879913706e-05,LOW
6,,,0.0,0.0,0.0,0.0,2023-12-27 12:17:51,False,False,False,True,0.0,9.240394304911013e-05,LOW
6,,,0.0,0.0,0.0,0.0,2023-12-27 09:21:21,False,False,False,True,0.0,7.933915444064827e-05,LOW
6,,,0.0,0.0,0.0,0.0,2023-12-28 21:51:15,False,False,False,True,0.0,9.530122908717343e-05,LOW
6,,,0.0,0.0,0.0,0.0,2023-12-27 06:03:06,False,False,False,True,0.0,0.00017226044671019494,LOW
6,,,0.0,0.0,0.0,0.0,2023-12-27 08:07:45,False,False,False,True,0.0,8.320051832327168e-05,LOW
6,,,0.0,0.0,0.0,0.0,2023-12-28 13:10:38,False,False,False,True,0.0,3.0139949879913706e-05,LOW
6,,,0.0,0.0,0.0,0.0,2023-12-28 09:23:19,False,False,False,True,0.0,0.0007570908715408507,LOW
6,,,0.0,0.0,0.0,0.0,2023-12-27 03:23:55,False,False,False,True,0.0,0.0004270048950389693,LOW
6,,,0.0,0.0,0.0,0.0,2023-12-28 21:51:15,False,False,False,True,0.0,9.348396852677098e-05,LOW
6,,,0.0,0.0,0.0,0.0,2023-12-28 20:03:44,False,False,False,True,0.0,0.0033943580358999008,LOW
6,,,0.0,0.0,0.0,0.0,2023-12-28 06:15:43,False,False,False,True,0.0,0.0001306028617997558,LOW
6,,,0.0,0.0,0.0,0.0,2023-12-28 11:09:59,False,False,False,True,0.0,3.0139949879913706e-05,LOW
6,0.0,0.0,,,0.0,0.0,2023-12-28 22:16:29,False,False,False,True,0.0,0.0005077085929441154,LOW
6,,,0.0,0.0,0.0,0.0,2023-12-28 04:01:21,False,False,False,True,0.0,7.283614524450449e-05,LOW
6,,,0.0,0.0,0.0,0.0,2023-12-28 19:52:25,False,False,False,True,0.0,8.28634373108617e-05,LOW
6,,,0.0,0.0,0.0,0.0,2023-12-27 08:14:16,False,False,False,True,0.0,0.00015768084111753358,LOW
6,,,0.0,0.0,0.0,0.0,2023-12-27 05:54:34,False,False,False,True,0.0,0.008076296749418573,LOW
6,,,0.0,0.0,0.0,0.0,2023-12-27 14:24:09,False,False,False,True,0.0,0.00039777796428537647,LOW
6,,,0.0,0.0,0.0,0.0,2023-12-28 09:22:52,False,False,False,True,0.0,5.721210417400328e-05,LOW
6,,,0.0,0.0,0.0,0.0,2023-12-27 14:49:56,False,False,False,True,0.0,3.0139949879913706e-05,LOW
6,,,0.0,0.0,0.0,0.0,2023-12-28 10:34:52,False,False,False,True,0.0,3.0139949879913706e-05,LOW
6,,,0.0,0.0,0.0,0.0,2023-12-28 09:23:11,False,False,False,True,0.0,0.00039307181617348317,LOW
6,,,0.0,0.0,0.0,0.0,2023-12-28 09:23:20,False,False,False,True,0.0,0.00019544865593921438,LOW
6,0.0,0.0,1.0,0.0,1.0,0.0,2023-12-31 00:36:32,False,False,True,False,1.0,0.6231943715648821,MEDIUM
6,,,0.0,0.0,0.0,0.0,2023-12-28 21:22:15,False,False,False,True,0.0,9.143094930537852e-05,LOW
6,,,0.0,0.0,0.0,0.0,2023-12-27 06:23:27,False,False,False,True,0.0,7.283614524450449e-05,LOW
6,,,0.0,0.0,0.0,0.0,2023-12-27 05:24:03,False,False,False,True,0.0,0.0001575026072505381,LOW
6,,,0.0,0.0,0.0,0.0,2023-12-27 03:39:31,False,False,False,True,0.0,0.006201130057719659,LOW
6,0.0,0.0,,,0.0,0.0,2023-12-31 00:36:52,False,False,False,True,0.0,0.00034806536780150057,LOW
6,,,0.0,0.0,0.0,0.0,2023-12-28 19:02:44,False,False,False,True,0.0,8.28634373108617e-05,LOW
6,,,0.0,0.0,0.0,0.0,2023-12-28 10:07:16,False,False,False,True,0.0,3.295091030301866e-05,LOW
6,,,0.0,0.0,0.0,0.0,2023-12-28 17:29:00,False,False,False,True,0.0,0.00047580364501386275,LOW
6,,,0.0,0.0,0.0,0.0,2023-12-27 17:33:44,False,False,False,True,0.0,9.240394304911013e-05,LOW
6,,,0.0,0.0,0.0,0.0,2023-12-28 06:30:27,False,False,False,True,0.0,7.283614524450449e-05,LOW
6,,,0.0,0.0,0.0,0.0,2023-12-28 19:32:53,False,False,False,True,0.0,3.753451253192207e-05,LOW
6,0.0,0.0,1.0,0.0,1.0,0.0,2023-12-31 00:36:32,False,False,True,False,1.0,0.6157518137667732,MEDIUM
6,,,0.0,0.0,0.0,0.0,2023-12-27 03:15:22,False,False,False,True,0.0,7.283614524450449e-05,LOW
6,,,0.0,0.0,0.0,0.0,2023-12-28 15:21:42,False,False,False,True,0.0,3.0139949879913706e-05,LOW
6,,,0.0,0.0,0.0,0.0,2023-12-28 08:39:15,False,False,False,True,0.0,0.00015016990231191642,LOW
6,,,0.0,0.0,0.0,0.0,2023-12-28 11:03:34,False,False,False,True,0.0,0.00015016990231191642,LOW
6,,,0.0,0.0,0.0,0.0,2023-12-27 11:36:39,False,False,False,True,0.0,0.00011815454305124203,LOW
6,,,0.0,0.0,0.0,0.0,2023-12-28 15:08:26,False,False,False,True,0.0,9.362862334442803e-05,LOW
6,,,0.0,0.0,0.0,0.0,2023-12-28 15:51:14,False,False,False,True,0.0,8.608940587476259e-05,LOW
6,,,0.0,0.0,0.0,0.0,2023-12-27 07:23:00,False,False,False,True,0.0,0.0001725579096889057,LOW
6,,,0.0,0.0,0.0,0.0,2023-12-28 09:55:14,False,False,False,True,0.0,7.933915444064827e-05,LOW
6,,,0.0,0.0,0.0,0.0,2023-12-27 08:54:41,False,False,False,True,0.0,3.0139949879913706e-05,LOW
6,0.0,0.0,,,0.0,0.0,2023-12-25 17:14:04,False,False,False,True,0.0,0.0008084267925056306,LOW
6,,,0.0,0.0,0.0,0.0,2023-12-28 13:52:07,False,False,False,True,0.0,7.933915444064827e-05,LOW
6,,,0.0,0.0,0.0,0.0,2023-12-27 12:13:06,False,False,False,True,0.0,3.0139949879913706e-05,LOW
6,0.0,0.0,,,0.0,0.0,2023-12-31 00:42:03,False,False,False,True,0.0,0.0007103820938169967,LOW
6,,,0.0,0.0,0.0,0.0,2023-12-28 06:50:17,False,False,False,True,0.0,0.00044801876583257114,LOW
6,,,0.0,0.0,0.0,0.0,2023-12-28 18:16:13,False,False,False,True,0.0,3.753451253192207e-05,LOW
6,,,0.0,0.0,0.0,0.0,2023-12-27 08:02:38,False,False,False,True,0.0,3.0139949879913706e-05,LOW
6,,,0.0,0.0,0.0,0.0,2023-12-28 14:14:06,False,False,False,True,0.0,3.0139949879913706e-05,LOW
6,,,0.0,0.0,0.0,0.0,2023-12-27 15:33:02,False,False,False,True,0.0,3.0139949879913706e-05,LOW
6,,,0.0,0.0,0.0,0.0,2023-12-28 19:18:52,False,False,False,True,0.0,3.753451253192207e-05,LOW
6,,,0.0,0.0,0.0,0.0,2023-12-28 20:37:13,False,False,False,True,0.0,3.753451253192207e-05,LOW
6,0.0,0.0,,,0.0,0.0,2023-12-25 17:37:55,False,False,False,True,0.0,0.0008084267925056306,LOW
6,0.0,0.0,,,0.0,0.0,2022-12-18 23:36:54,False,False,False,True,0.0,0.0002575328640346022,LOW
6,,,0.0,0.0,0.0,0.0,2023-12-27 21:01:03,False,False,False,True,0.0,0.00040517252693738487,LOW
6,,,0.0,0.0,0.0,0.0,2023-12-28 05:16:41,False,False,False,True,0.0,0.0001981352564215343,LOW
6,,,0.0,0.0,0.0,0.0,2023-12-28 02:45:42,False,False,False,True,0.0,0.00016607011924505487,LOW
6,,,0.0,0.0,0.0,0.0,2023-12-27 16:19:31,False,False,False,True,0.0,0.00011712624852639069,LOW
6,,,0.0,0.0,0.0,0.0,2023-12-28 03:10:47,False,False,False,True,0.0,7.283614524450449e-05,LOW
6,,,0.0,0.0,0.0,0.0,2023-12-27 15:53:28,False,False,False,True,0.0,3.0139949879913706e-05,LOW
6,,,0.0,0.0,0.0,0.0,2023-12-28 21:00:08,False,False,False,True,0.0,8.673371709265663e-05,LOW
6,,,0.0,0.0,0.0,0.0,2023-12-28 10:21:13,False,False,False,True,0.0,0.0016201209648035058,LOW
6,,,0.0,0.0,0.0,0.0,2023-12-28 18:21:14,False,False,False,True,0.0,9.348396852677098e-05,LOW
6,,,0.0,0.0,0.0,0.0,2023-12-28 13:06:14,False,False,False,True,0.0,0.00014057766562085855,LOW
6,,,0.0,0.0,0.0,0.0,2023-12-27 03:39:31,False,False,False,True,0.0,0.000540429581236108,LOW
6,,,0.0,0.0,0.0,0.0,2023-12-27 08:33:33,False,False,False,True,0.0,3.0139949879913706e-05,LOW
6,,,0.0,0.0,0.0,0.0,2023-12-27 10:37:46,False,False,False,True,0.0,0.00014057766562085855,LOW
6,,,0.0,0.0,0.0,0.0,2023-12-27 08:37:45,False,False,False,True,0.0,8.790666643516506e-05,LOW
6,,,0.0,0.0,0.0,0.0,2023-12-28 09:31:44,False,False,False,True,0.0,0.002068849968111156,LOW
6,,,0.0,0.0,0.0,0.0,2023-12-28 05:59:37,False,False,False,True,0.0,7.283614524450449e-05,LOW
6,,,0.0,0.0,0.0,0.0,2023-12-28 01:44:53,False,False,False,True,0.0,7.283614524450449e-05,LOW
6,0.0,0.0,,,0.0,0.0,2023-12-25 16:20:09,False,False,False,True,0.0,0.0011297192507965456,LOW
6,,,0.0,0.0,0.0,0.0,2023-12-28 22:28:14,False,False,False,True,0.0,0.0005250844025968023,LOW
6,,,0.0,0.0,0.0,0.0,2023-12-27 10:25:14,False,False,False,True,0.0,3.0139949879913706e-05,LOW
6,,,0.0,0.0,0.0,0.0,2023-12-27 16:22:20,False,False,False,True,0.0,0.00014160239031739963,LOW
6,,,0.0,0.0,0.0,0.0,2023-12-28 09:22:16,False,False,False,True,0.0,0.000195467935203276,LOW
6,0.0,0.0,,,0.0,0.0,2022-09-08 11:02:18,False,False,False,True,0.0,0.0008339510698330127,LOW
6,,,0.0,0.0,0.0,0.0,2023-12-28 17:42:16,False,False,False,True,0.0,9.362862334442803e-05,LOW
6,,,0.0,0.0,0.0,0.0,2023-12-27 04:44:36,False,False,False,True,0.0,7.283614524450449e-05,LOW
6,,,0.0,0.0,0.0,0.0,2023-12-28 14:59:30,False,False,False,True,0.0,3.0139949879913706e-05,LOW
6,,,0.0,0.0,0.0,0.0,2023-12-28 19:46:53,False,False,False,True,0.0,3.753451253192207e-05,LOW
6,0.0,0.0,,,0.0,0.0,2023-12-25 17:07:43,False,False,False,True,0.0,0.0008084267925056306,LOW
6,,,0.0,0.0,0.0,0.0,2023-12-28 11:52:00,False,False,False,True,0.0,8.711413057130368e-05,LOW
6,,,0.0,0.0,0.0,0.0,2023-12-27 10:58:47,False,False,False,True,0.0,3.0139949879913706e-05,LOW
6,,,0.0,0.0,0.0,0.0,2023-12-28 19:25:56,False,False,False,True,0.0,3.753451253192207e-05,LOW
6,,,0.0,0.0,0.0,0.0,2023-12-27 10:45:31,False,False,False,True,0.0,0.00020047019531393311,LOW
6,,,0.0,0.0,0.0,0.0,2023-12-28 11:23:05,False,False,False,True,0.0,3.0139949879913706e-05,LOW
6,,,0.0,0.0,0.0,0.0,2023-12-27 19:24:41,False,False,False,True,0.0,3.753451253192207e-05,LOW
6,,,0.0,0.0,0.0,0.0,2023-12-28 06:58:58,False,False,False,True,0.0,7.283614524450449e-05,LOW
6,,,0.0,0.0,0.0,0.0,2023-12-27 22:22:47,False,False,False,True,0.0,0.00023838345935283824,LOW
6,0.0,0.0,,,0.0,0.0,2023-12-22 14:42:39,False,False,False,True,0.0,0.046350743307150104,LOW
6,,,0.0,0.0,0.0,0.0,2023-12-27 05:44:05,False,False,False,True,0.0,7.283614524450449e-05,LOW
6,,,0.0,0.0,0.0,0.0,2023-12-28 05:18:23,False,False,False,True,0.0,7.283614524450449e-05,LOW
6,0.0,0.0,,,0.0,0.0,2022-12-16 17:28:57,False,False,False,True,0.0,0.0005315442320431962,LOW
6,,,0.0,0.0,0.0,0.0,2023-12-28 10:40:17,False,False,False,True,0.0,0.00014057766562085855,LOW
6,,,0.0,0.0,0.0,0.0,2023-12-27 14:18:56,False,False,False,True,0.0,0.00014057766562085855,LOW
6,0.0,0.0,,,0.0,0.0,2022-12-24 11:24:41,False,False,False,True,0.0,0.021235449002446852,LOW
6,,,0.0,0.0,0.0,0.0,2023-12-28 02:23:36,False,False,False,True,0.0,0.00012203534980523903,LOW
6,0.0,0.0,,,0.0,0.0,2023-12-25 16:11:56,False,False,False,True,0.0,0.0009290985484248299,LOW
6,0.0,0.0,0.0,0.0,0.0,0.0,2023-12-28 22:29:10,False,False,False,True,0.0,0.01752824675987257,LOW
6,,,0.0,0.0,0.0,0.0,2023-12-27 20:12:13,False,False,False,True,0.0,3.753451253192207e-05,LOW
6,,,0.0,0.0,0.0,0.0,2023-12-27 09:05:19,False,False,False,True,0.0,7.546887465885332e-05,LOW
6,,,0.0,0.0,0.0,0.0,2023-12-27 12:52:16,False,False,False,True,0.0,3.0139949879913706e-05,LOW
6,,,0.0,0.0,0.0,0.0,2023-12-27 19:41:35,False,False,False,True,0.0,0.00014591920905147448,LOW
6,,,0.0,0.0,0.0,0.0,2023-12-28 02:01:04,False,False,False,True,0.0,0.00016074104539513706,LOW
6,,,0.0,0.0,0.0,0.0,2023-12-28 12:36:31,False,False,False,True,0.0,7.885332067615346e-05,LOW
6,,,0.0,0.0,0.0,0.0,2023-12-27 18:43:10,False,False,False,True,0.0,0.00010102318599643639,LOW
6,,,0.0,0.0,0.0,0.0,2023-12-28 12:21:14,False,False,False,True,0.0,9.097549445392709e-05,LOW
6,,,0.0,0.0,0.0,0.0,2023-12-28 16:21:14,False,False,False,True,0.0,9.568164256582048e-05,LOW
6,,,0.0,0.0,0.0,0.0,2023-12-28 20:17:51,False,False,False,True,0.0,3.753451253192207e-05,LOW
6,,,0.0,0.0,0.0,0.0,2023-12-27 14:27:45,False,False,False,True,0.0,3.0139949879913706e-05,LOW
6,,,0.0,0.0,0.0,0.0,2023-12-28 22:03:27,False,False,False,True,0.0,0.0002678633759697979,LOW
6,,,0.0,0.0,0.0,0.0,2023-12-27 16:05:30,False,False,False,True,0.0,3.0139949879913706e-05,LOW
6,0.0,0.0,,,0.0,0.0,2023-12-25 16:19:51,False,False,False,True,0.0,0.0008790146120205469,LOW
6,0.0,0.0,,,0.0,0.0,2019-12-07 22:54:23,False,False,False,True,0.0,0.0013457087475273605,LOW
6,,,0.0,0.0,0.0,0.0,2023-12-28 02:11:21,False,False,False,True,0.0,0.0001981352564215343,LOW
6,0.0,0.0,0.0,0.0,0.0,0.0,2023-12-31 00:36:44,False,False,False,True,0.0,0.2120865216142107,LOW
6,,,0.0,0.0,0.0,0.0,2023-12-27 08:25:11,False,False,False,True,0.0,0.00010319258137143763,LOW
6,,,0.0,0.0,0.0,0.0,2023-12-28 12:27:22,False,False,False,True,0.0,0.00011712624852639069,LOW
6,,,0.0,0.0,0.0,0.0,2023-12-27 15:17:44,False,False,False,True,0.0,3.0139949879913706e-05,LOW
6,,,0.0,0.0,0.0,0.0,2023-12-27 07:25:06,False,False,False,True,0.0,3.0139949879913706e-05,LOW
6,,,0.0,0.0,0.0,0.0,2023-12-28 01:05:55,False,False,False,True,0.0,0.00018284912943374563,LOW
6,,,0.0,0.0,0.0,0.0,2023-12-28 22:17:39,False,False,False,True,0.0,8.640697866422331e-05,LOW
6,,,0.0,0.0,0.0,0.0,2023-12-28 05:43:50,False,False,False,True,0.0,7.283614524450449e-05,LOW
6,,,0.0,0.0,0.0,0.0,2023-12-27 23:13:59,False,False,False,True,0.0,8.640697866422331e-05,LOW
6,,,0.0,0.0,0.0,0.0,2023-12-28 06:16:28,False,False,False,True,0.0,7.283614524450449e-05,LOW
6,,,0.0,0.0,0.0,0.0,2023-12-27 23:22:47,False,False,False,True,0.0,0.001770754958234208,LOW
6,0.0,0.0,,,0.0,0.0,2023-12-25 16:12:07,False,False,False,True,0.0,0.0009290985484248299,LOW
6,,,0.0,0.0,0.0,0.0,2023-12-27 06:52:45,False,False,False,True,0.0,0.0001306028617997558,LOW
6,0.0,0.0,,,0.0,0.0,2023-12-28 21:53:29,False,False,False,True,0.0,0.0004800705974698487,LOW
6,,,0.0,0.0,0.0,0.0,2023-12-27 20:54:29,False,False,False,True,0.0,3.753451253192207e-05,LOW
6,,,0.0,0.0,0.0,0.0,2023-12-27 16:57:27,False,False,False,True,0.0,3.0139949879913706e-05,LOW
6,,,0.0,0.0,0.0,0.0,2023-12-27 21:36:18,False,False,False,True,0.0,5.495541468667367e-05,LOW
6,,,0.0,0.0,0.0,0.0,2023-12-27 20:22:47,False,False,False,True,0.0,8.454757337685583e-05,LOW
6,0.0,0.0,,,0.0,0.0,2023-12-31 00:42:02,False,False,False,True,0.0,0.0007103820938169967,LOW
6,,,0.0,0.0,0.0,0.0,2023-12-27 13:22:46,False,False,False,True,0.0,6.035861106720386e-05,LOW
6,,,0.0,0.0,0.0,0.0,2023-12-27 07:30:36,False,False,False,True,0.0,3.0139949879913706e-05,LOW
6,,,0.0,0.0,0.0,0.0,2023-12-28 09:31:13,False,False,False,True,0.0,0.00010540440385021582,LOW
6,,,0.0,0.0,0.0,0.0,2023-12-28 08:39:05,False,False,False,True,0.0,3.0139949879913706e-05,LOW
6,,,0.0,0.0,0.0,0.0,2023-12-28 15:30:34,False,False,False,True,0.0,3.0139949879913706e-05,LOW
6,,,0.0,0.0,0.0,0.0,2023-12-27 09:20:05,False,False,False,True,0.0,3.0139949879913706e-05,LOW
6,0.0,0.0,,,0.0,0.0,2023-12-28 10:52:25,False,False,False,True,0.0,0.005725388130299808,LOW
6,,,0.0,0.0,0.0,0.0,2023-12-28 11:34:49,False,False,False,True,0.0,3.0139949879913706e-05,LOW
6,,,0.0,0.0,0.0,0.0,2023-12-28 11:29:12,False,False,False,True,0.0,3.0139949879913706e-05,LOW
6,,,0.0,0.0,0.0,0.0,2023-12-27 07:33:08,False,False,False,True,0.0,0.0006715850197886311,LOW
6,,,0.0,0.0,0.0,0.0,2023-12-27 17:43:02,False,False,False,True,0.0,0.00015016990231191642,LOW
6,,,0.0,0.0,0.0,0.0,2023-12-28 17:31:49,False,False,False,True,0.0,3.0139949879913706e-05,LOW
6,0.0,0.0,0.0,0.0,0.0,0.0,2023-12-31 00:36:37,False,False,False,True,0.0,0.07171938832146844,LOW
6,,,0.0,0.0,0.0,0.0,2023-12-28 16:55:29,False,False,False,True,0.0,7.933915444064827e-05,LOW
6,,,0.0,0.0,0.0,0.0,2023-12-28 19:13:52,False,False,False,True,0.0,3.753451253192207e-05,LOW
6,,,0.0,0.0,0.0,0.0,2023-12-27 14:11:29,False,False,False,True,0.0,3.0139949879913706e-05,LOW
6,,,0.0,0.0,0.0,0.0,2023-12-27 22:18:38,False,False,False,True,0.0,0.0001294299124572474,LOW
6,,,0.0,0.0,0.0,0.0,2023-12-28 01:06:25,False,False,False,True,0.0,0.0019015142943575461,LOW
6,,,0.0,0.0,0.0,0.0,2023-12-27 04:02:44,False,False,False,True,0.0,7.283614524450449e-05,LOW
6,,,0.0,0.0,0.0,0.0,2023-12-27 11:50:30,False,False,False,True,0.0,0.00011815454305124203,LOW
6,,,0.0,0.0,0.0,0.0,2023-12-27 22:45:29,False,False,False,True,0.0,0.000271700203699219,LOW
6,,,0.0,0.0,0.0,0.0,2023-12-27 18:12:34,False,False,False,True,0.0,8.656056117412381e-05,LOW
6,,,0.0,0.0,0.0,0.0,2023-12-28 09:22:14,False,False,False,True,0.0,0.0004500544015526943,LOW
6,,,0.0,0.0,0.0,0.0,2023-12-27 22:00:30,False,False,False,True,0.0,0.00046650920395124423,LOW
6,,,0.0,0.0,0.0,0.0,2023-12-28 16:37:49,False,False,False,True,0.0,3.0139949879913706e-05,LOW
6,,,0.0,0.0,0.0,0.0,2023-12-27 06:24:57,False,False,False,True,0.0,7.283614524450449e-05,LOW
6,,,0.0,0.0,0.0,0.0,2023-12-27 12:19:14,False,False,False,True,0.0,3.0139949879913706e-05,LOW
6,,,0.0,0.0,0.0,0.0,2023-12-27 19:29:19,False,False,False,True,0.0,3.753451253192207e-05,LOW
6,,,0.0,0.0,0.0,0.0,2023-12-28 09:51:13,False,False,False,True,0.0,8.036744896549962e-05,LOW
6,0.0,0.0,,,0.0,0.0,2023-12-19 15:01:12,False,False,False,True,0.0,0.0007697805614571772,LOW
6,,,0.0,0.0,0.0,0.0,2023-12-28 10:14:33,False,False,False,True,0.0,7.933915444064827e-05,LOW
6,,,0.0,0.0,0.0,0.0,2023-12-28 20:17:21,False,False,False,True,0.0,3.753451253192207e-05,LOW
6,,,0.0,0.0,0.0,0.0,2023-12-28 11:32:30,False,False,False,True,0.0,3.0139949879913706e-05,LOW
6,0.0,0.0,1.0,0.0,1.0,0.0,2023-12-31 00:36:32,False,False,True,False,1.0,0.597997446975585,MEDIUM
6,,,0.0,0.0,0.0,0.0,2023-12-28 04:13:01,False,False,False,True,0.0,0.0009643795491272904,LOW
6,,,0.0,0.0,0.0,0.0,2023-12-28 15:22:25,False,False,False,True,0.0,7.831442974410716e-05,LOW
6,,,0.0,0.0,0.0,0.0,2023-12-27 12:31:36,False,False,False,True,0.0,3.0139949879913706e-05,LOW
6,,,0.0,0.0,0.0,0.0,2023-12-28 16:28:38,False,False,False,True,0.0,3.0139949879913706e-05,LOW
6,,,0.0,0.0,0.0,0.0,2023-12-28 09:32:44,False,False,False,True,0.0,0.0005087523957987315,LOW
6,,,0.0,0.0,0.0,0.0,2023-12-28 16:33:44,False,False,False,True,0.0,3.0139949879913706e-05,LOW
6,0.0,0.0,,,0.0,0.0,2023-12-31 00:42:06,False,False,False,True,0.0,0.0007456169231353962,LOW
6,,,0.0,0.0,0.0,0.0,2023-12-28 10:01:26,False,False,False,True,0.0,3.0139949879913706e-05,LOW
6,,,0.0,0.0,0.0,0.0,2023-12-27 17:39:31,False,False,False,True,0.0,7.817773542138853e-05,LOW
6,,,0.0,0.0,0.0,0.0,2023-12-27 12:44:16,False,False,False,True,0.0,3.0139949879913706e-05,LOW
6,0.0,0.0,,,0.0,0.0,2023-12-28 22:26:31,False,False,False,True,0.0,0.0005077085929441154,LOW
6,,,0.0,0.0,0.0,0.0,2023-12-27 09:07:45,False,False,False,True,0.0,7.360828163221378e-05,LOW
6,,,0.0,0.0,0.0,0.0,2023-12-27 23:24:10,False,False,False,True,0.0,0.001772225080890025,LOW
6,,,0.0,0.0,0.0,0.0,2023-12-27 22:27:57,False,False,False,True,0.0,8.640697866422331e-05,LOW
6,,,0.0,0.0,0.0,0.0,2023-12-27 17:43:33,False,False,False,True,0.0,3.0139949879913706e-05,LOW
6,,,0.0,0.0,0.0,0.0,2023-12-27 19:23:10,False,False,False,True,0.0,0.00013735169705695767,LOW
6,,,0.0,0.0,0.0,0.0,2023-12-28 06:46:58,False,False,False,True,0.0,7.283614524450449e-05,LOW
6,0.0,0.0,,,0.0,0.0,2023-12-31 00:36:41,False,False,False,True,0.0,0.0007103820938169967,LOW
6,,,0.0,0.0,0.0,0.0,2023-12-27 16:30:27,False,False,False,True,0.0,0.0001209876124090141,LOW
6,,,0.0,0.0,0.0,0.0,2023-12-27 06:35:03,False,False,False,True,0.0,7.283614524450449e-05,LOW
6,0.0,0.0,0.0,0.0,0.0,0.0,2023-12-31 00:36:53,False,False,False,True,0.0,0.004433970330483446,LOW
6,,,0.0,0.0,0.0,0.0,2023-12-28 16:21:14,False,False,False,True,0.0,8.790666643516506e-05,LOW
6,,,0.0,0.0,0.0,0.0,2023-12-28 15:01:41,False,False,False,True,0.0,3.0139949879913706e-05,LOW
6,,,0.0,0.0,0.0,0.0,2023-12-28 19:42:32,False,False,False,True,0.0,0.00014591920905147448,LOW
6,,,0.0,0.0,0.0,0.0,2023-12-27 07:12:05,False,False,False,True,0.0,3.0139949879913706e-05,LOW
6,,,0.0,0.0,0.0,0.0,2023-12-28 06:48:03,False,False,False,True,0.0,7.283614524450449e-05,LOW
6,,,0.0,0.0,0.0,0.0,2023-12-27 20:15:35,False,False,False,True,0.0,8.673371709265663e-05,LOW
6,,,0.0,0.0,0.0,0.0,2023-12-27 05:49:17,False,False,False,True,0.0,0.00011777218696409897,LOW
6,,,0.0,0.0,0.0,0.0,2023-12-27 06:41:31,False,False,False,True,0.0,7.283614524450449e-05,LOW
6,,,0.0,0.0,0.0,0.0,2023-12-27 18:32:24,False,False,False,True,0.0,0.00034739161136349174,LOW
6,,,0.0,0.0,0.0,0.0,2023-12-28 13:40:30,False,False,False,True,0.0,3.0139949879913706e-05,LOW
6,,,0.0,0.0,0.0,0.0,2023-12-28 17:37:58,False,False,False,True,0.0,0.00016982291324953502,LOW
6,0.0,0.0,,,0.0,0.0,2023-12-28 21:57:00,False,False,False,True,0.0,0.005854110089619214,LOW
6,,,0.0,0.0,0.0,0.0,2023-12-27 02:44:49,False,False,False,True,0.0,7.283614524450449e-05,LOW
6,,,0.0,0.0,0.0,0.0,2023-12-27 21:33:45,False,False,False,True,0.0,0.00016507540376954196,LOW
6,,,0.0,0.0,0.0,0.0,2023-12-28 03:16:27,False,False,False,True,0.0,0.0001760552389954579,LOW
6,,,0.0,0.0,0.0,0.0,2023-12-27 10:43:08,False,False,False,True,0.0,3.0139949879913706e-05,LOW
6,,,0.0,0.0,0.0,0.0,2023-12-27 07:52:54,False,False,False,True,0.0,3.0139949879913706e-05,LOW
6,,,0.0,0.0,0.0,0.0,2023-12-28 17:46:34,False,False,False,True,0.0,3.0139949879913706e-05,LOW
6,0.0,0.0,,,0.0,0.0,2023-12-21 14:51:47,False,False,False,True,0.0,0.04642118150689801,LOW
6,,,0.0,0.0,0.0,0.0,2023-12-27 23:20:05,False,False,False,True,0.0,0.0001268655153119082,LOW
6,,,0.0,0.0,0.0,0.0,2023-12-28 05:04:24,False,False,False,True,0.0,7.283614524450449e-05,LOW
6,,,0.0,0.0,0.0,0.0,2023-12-28 12:23:36,False,False,False,True,0.0,0.0001725579096889057,LOW
6,,,0.0,0.0,0.0,0.0,2023-12-28 22:12:17,False,False,False,True,0.0,0.00015438633170733297,LOW
6,0.0,0.0,1.0,0.0,1.0,0.0,2023-12-31 00:36:32,False,False,True,False,1.0,0.6379976528665547,MEDIUM
6,0.0,0.0,,,0.0,0.0,2019-12-07 17:07:56,False,False,False,True,0.0,0.0013001191013094484,LOW
6,,,0.0,0.0,0.0,0.0,2023-12-28 21:02:32,False,False,False,True,0.0,7.714148040159874e-05,LOW
6,,,0.0,0.0,0.0,0.0,2023-12-28 11:13:54,False,False,False,True,0.0,3.0139949879913706e-05,LOW
6,,,0.0,0.0,0.0,0.0,2023-12-28 02:29:44,False,False,False,True,0.0,7.283614524450449e-05,LOW
6,,,0.0,0.0,0.0,0.0,2023-12-28 15:47:21,False,False,False,True,0.0,3.0139949879913706e-05,LOW
6,,,0.0,0.0,0.0,0.0,2023-12-27 05:03:02,False,False,False,True,0.0,7.283614524450449e-05,LOW
6,,,0.0,0.0,0.0,0.0,2023-12-28 06:06:04,False,False,False,True,0.0,0.00010920467496958221,LOW
6,0.0,0.0,1.0,0.0,1.0,0.0,2023-12-31 00:36:33,False,False,True,False,1.0,0.5829287525734058,MEDIUM
6,,,0.0,0.0,0.0,0.0,2023-12-27 13:45:43,False,False,False,True,0.0,3.0139949879913706e-05,LOW
6,,,0.0,0.0,0.0,0.0,2023-12-27 07:47:49,False,False,False,True,0.0,8.885921395647646e-05,LOW
6,,,0.0,0.0,0.0,0.0,2023-12-28 08:10:02,False,False,False,True,0.0,3.0139949879913706e-05,LOW
6,,,0.0,0.0,0.0,0.0,2023-12-28 13:18:10,False,False,False,True,0.0,3.0139949879913706e-05,LOW
6,,,0.0,0.0,0.0,0.0,2023-12-28 18:12:32,False,False,False,True,0.0,0.00012349608648185798,LOW
6,,,0.0,0.0,0.0,0.0,2023-12-27 12:25:45,False,False,False,True,0.0,0.006584296130066069,LOW
6,0.0,0.0,1.0,0.0,1.0,0.0,2023-12-31 00:36:32,False,False,True,False,1.0,0.5982988992831948,MEDIUM
6,,,0.0,0.0,0.0,0.0,2023-12-28 08:17:14,False,False,False,True,0.0,0.0016154148166916127,LOW
6,,,0.0,0.0,0.0,0.0,2023-12-27 21:21:00,False,False,False,True,0.0,3.753451253192207e-05,LOW
6,,,0.0,0.0,0.0,0.0,2023-12-27 07:33:34,False,False,False,True,0.0,3.0139949879913706e-05,LOW
6,,,0.0,0.0,0.0,0.0,2023-12-27 09:44:17,False,False,False,True,0.0,0.00014911332912301677,LOW
6,,,0.0,0.0,0.0,0.0,2023-12-28 09:21:38,False,False,False,True,0.0,0.0009549899967068472,LOW
6,,,0.0,0.0,0.0,0.0,2023-12-28 22:21:15,False,False,False,True,0.0,0.0001430122762002149,LOW
6,,,0.0,0.0,0.0,0.0,2023-12-27 13:00:41,False,False,False,True,0.0,6.577961616852005e-05,LOW
6,,,0.0,0.0,0.0,0.0,2023-12-27 05:22:45,False,False,False,True,0.0,9.882455939377285e-05,LOW
6,,,0.0,0.0,0.0,0.0,2023-12-27 14:55:17,False,False,False,True,0.0,3.0139949879913706e-05,LOW
6,,,0.0,0.0,0.0,0.0,2023-12-28 07:48:35,False,False,False,True,0.0,8.403638665337012e-05,LOW
6,,,0.0,0.0,0.0,0.0,2023-12-27 11:07:23,False,False,False,True,0.0,7.933915444064827e-05,LOW
6,,,0.0,0.0,0.0,0.0,2023-12-28 06:30:45,False,False,False,True,0.0,0.0005039413009888505,LOW
6,,,0.0,0.0,0.0,0.0,2023-12-27 19:24:03,False,False,False,True,0.0,8.491645653225415e-05,LOW
6,,,0.0,0.0,0.0,0.0,2023-12-27 18:53:44,False,False,False,True,0.0,3.753451253192207e-05,LOW
6,,,0.0,0.0,0.0,0.0,2023-12-27 17:04:45,False,False,False,True,0.0,0.00013587151750896515,LOW
6,,,0.0,0.0,0.0,0.0,2023-12-27 21:52:47,False,False,False,True,0.0,9.143094930537852e-05,LOW
6,,,0.0,0.0,0.0,0.0,2023-12-28 03:16:04,False,False,False,True,0.0,7.283614524450449e-05,LOW
6,,,0.0,0.0,0.0,0.0,2023-12-28 20:59:34,False,False,False,True,0.0,8.673371709265663e-05,LOW
6,,,0.0,0.0,0.0,0.0,2023-12-27 22:40:59,False,False,False,True,0.0,0.0004953694195894824,LOW
6,,,0.0,0.0,0.0,0.0,2023-12-27 18:13:42,False,False,False,True,0.0,0.00013984142518153433,LOW
6,0.0,0.0,,,0.0,0.0,2023-12-31 00:36:28,False,False,False,True,0.0,0.0005685162394458921,LOW
6,,,0.0,0.0,0.0,0.0,2023-12-28 14:52:59,False,False,False,True,0.0,8.320051832327168e-05,LOW
6,,,0.0,0.0,0.0,0.0,2023-12-28 06:36:19,False,False,False,True,0.0,7.283614524450449e-05,LOW
6,,,0.0,0.0,0.0,0.0,2023-12-27 09:04:40,False,False,False,True,0.0,3.0139949879913706e-05,LOW
6,,,0.0,0.0,0.0,0.0,2023-12-28 18:47:44,False,False,False,True,0.0,3.753451253192207e-05,LOW
6,,,0.0,0.0,0.0,0.0,2023-12-28 19:24:52,False,False,False,True,0.0,3.753451253192207e-05,LOW
6,0.0,0.0,,,0.0,0.0,2022-12-18 23:19:46,False,False,False,True,0.0,0.00025551987623733427,LOW
6,,,0.0,0.0,0.0,0.0,2023-12-28 14:19:49,False,False,False,True,0.0,3.0139949879913706e-05,LOW
6,,,0.0,0.0,0.0,0.0,2023-12-28 18:18:30,False,False,False,True,0.0,8.673371709265663e-05,LOW
6,,,0.0,0.0,0.0,0.0,2023-12-28 17:10:25,False,False,False,True,0.0,3.0139949879913706e-05,LOW
6,0.0,0.0,,,0.0,0.0,2022-12-20 22:37:49,False,False,False,True,0.0,0.000790531468046442,LOW
6,,,0.0,0.0,0.0,0.0,2023-12-28 02:55:19,False,False,False,True,0.0,0.0009418608621901748,LOW
6,,,0.0,0.0,0.0,0.0,2023-12-28 04:27:14,False,False,False,True,0.0,0.0001306028617997558,LOW
6,,,0.0,0.0,0.0,0.0,2023-12-28 02:15:14,False,False,False,True,0.0,7.283614524450449e-05,LOW
6,,,0.0,0.0,0.0,0.0,2023-12-27 11:50:43,False,False,False,True,0.0,3.0139949879913706e-05,LOW
6,,,0.0,0.0,0.0,0.0,2023-12-28 09:33:11,False,False,False,True,0.0,8.534794612040772e-05,LOW
6,,,0.0,0.0,0.0,0.0,2023-12-27 12:23:29,False,False,False,True,0.0,3.0139949879913706e-05,LOW
6,,,0.0,0.0,0.0,0.0,2023-12-27 03:48:31,False,False,False,True,0.0,7.283614524450449e-05,LOW
6,,,0.0,0.0,0.0,0.0,2023-12-27 21:53:05,False,False,False,True,0.0,3.753451253192207e-05,LOW
6,,,0.0,0.0,0.0,0.0,2023-12-27 14:29:11,False,False,False,True,0.0,0.00010540440385021582,LOW
6,,,0.0,0.0,0.0,0.0,2023-12-28 19:12:22,False,False,False,True,0.0,3.753451253192207e-05,LOW
6,,,0.0,0.0,0.0,0.0,2023-12-28 07:40:00,False,False,False,True,0.0,3.0139949879913706e-05,LOW
6,,,0.0,0.0,0.0,0.0,2023-12-27 04:05:41,False,False,False,True,0.0,0.0001280441414849985,LOW
6,,,0.0,0.0,0.0,0.0,2023-12-27 10:25:12,False,False,False,True,0.0,0.00011325596874459574,LOW
6,,,0.0,0.0,0.0,0.0,2023-12-27 22:22:47,False,False,False,True,0.0,0.0001628705529110769,LOW
6,,,0.0,0.0,0.0,0.0,2023-12-27 15:37:46,False,False,False,True,0.0,0.00015016990231191642,LOW
6,0.0,0.0,,,0.0,0.0,2023-12-31 00:36:39,False,False,False,True,0.0,0.007418615089865201,LOW
6,,,0.0,0.0,0.0,0.0,2023-12-27 09:23:02,False,False,False,True,0.0,4.75608520346653e-05,LOW
6,,,0.0,0.0,0.0,0.0,2023-12-27 03:22:09,False,False,False,True,0.0,0.0001981352564215343,LOW
6,,,0.0,0.0,0.0,0.0,2023-12-27 10:57:51,False,False,False,True,0.0,0.00015016990231191642,LOW
6,,,0.0,0.0,0.0,0.0,2023-12-28 13:28:13,False,False,False,True,0.0,9.240394304911013e-05,LOW
6,,,0.0,0.0,0.0,0.0,2023-12-27 12:22:46,False,False,False,True,0.0,6.035861106720386e-05,LOW
6,,,0.0,0.0,0.0,0.0,2023-12-28 07:39:31,False,False,False,True,0.0,0.0001256937605209075,LOW
6,,,0.0,0.0,0.0,0.0,2023-12-28 04:25:24,False,False,False,True,0.0,7.283614524450449e-05,LOW
6,,,0.0,0.0,0.0,0.0,2023-12-27 10:42:07,False,False,False,True,0.0,3.0139949879913706e-05,LOW
6,,,0.0,0.0,0.0,0.0,2023-12-27 16:33:46,False,False,False,True,0.0,8.790666643516506e-05,LOW
6,0.0,0.0,,,0.0,0.0,2022-12-20 22:11:01,False,False,False,True,0.0,0.0008450197277925378,LOW
6,,,0.0,0.0,0.0,0.0,2023-12-27 20:26:37,False,False,False,True,0.0,3.753451253192207e-05,LOW
6,,,0.0,0.0,0.0,0.0,2023-12-28 01:46:00,False,False,False,True,0.0,0.00014543835560873466,LOW
6,,,0.0,0.0,0.0,0.0,2023-12-28 01:16:04,False,False,False,True,0.0,0.0054512717058152116,LOW
6,,,0.0,0.0,0.0,0.0,2023-12-27 04:38:15,False,False,False,True,0.0,0.00012203534980523903,LOW
6,0.0,0.0,,,0.0,0.0,2023-12-25 16:06:34,False,False,False,True,0.0,0.0008761145667976156,LOW
6,,,0.0,0.0,0.0,0.0,2023-12-28 09:22:13,False,False,False,True,0.0,0.00019794298157232957,LOW
6,,,0.0,0.0,0.0,0.0,2023-12-28 03:58:19,False,False,False,True,0.0,7.283614524450449e-05,LOW
6,,,0.0,0.0,0.0,0.0,2023-12-27 12:34:04,False,False,False,True,0.0,6.506475917909724e-05,LOW
6,,,0.0,0.0,0.0,0.0,2023-12-27 09:44:40,False,False,False,True,0.0,3.0139949879913706e-05,LOW
6,,,0.0,0.0,0.0,0.0,2023-12-27 11:16:44,False,False,False,True,0.0,3.0139949879913706e-05,LOW
6,,,0.0,0.0,0.0,0.0,2023-12-28 09:52:25,False,False,False,True,0.0,5.179109907268707e-05,LOW
6,,,0.0,0.0,0.0,0.0,2023-12-28 16:01:36,False,False,False,True,0.0,3.0139949879913706e-05,LOW
6,,,0.0,0.0,0.0,0.0,2023-12-27 02:52:45,False,False,False,True,0.0,0.00017226044671019494,LOW
6,,,0.0,0.0,0.0,0.0,2023-12-27 19:56:36,False,False,False,True,0.0,3.753451253192207e-05,LOW
6,,,0.0,0.0,0.0,0.0,2023-12-27 13:55:43,False,False,False,True,0.0,3.0139949879913706e-05,LOW
6,,,0.0,0.0,0.0,0.0,2023-12-27 08:25:42,False,False,False,True,0.0,3.0139949879913706e-05,LOW
6,,,0.0,0.0,0.0,0.0,2023-12-27 08:53:30,False,False,False,True,0.0,8.403638665337012e-05,LOW
6,,,0.0,0.0,0.0,0.0,2023-12-28 03:24:44,False,False,False,True,0.0,7.283614524450449e-05,LOW
6,0.0,0.0,,,0.0,0.0,2022-12-16 16:17:19,False,False,False,True,0.0,0.0007794628100869167,LOW
6,0.0,0.0,1.0,0.0,1.0,0.0,2023-12-31 00:36:33,False,False,True,False,1.0,0.6744084512462558,MEDIUM
6,,,0.0,0.0,0.0,0.0,2023-12-27 14:58:21,False,False,False,True,0.0,3.0139949879913706e-05,LOW
6,,,0.0,0.0,0.0,0.0,2023-12-28 13:39:59,False,False,False,True,0.0,3.0139949879913706e-05,LOW
6,,,0.0,0.0,0.0,0.0,2023-12-31 00:36:34,False,False,False,True,0.0,0.0015295688125448869,LOW
6,,,0.0,0.0,0.0,0.0,2023-12-27 10:39:32,False,False,False,True,0.0,0.0003944047227873386,LOW
6,,,0.0,0.0,0.0,0.0,2023-12-28 09:31:26,False,False,False,True,0.0,0.00017365861159470756,LOW
6,,,0.0,0.0,0.0,0.0,2023-12-28 03:13:40,False,False,False,True,0.0,0.0003872433395504113,LOW
6,,,0.0,0.0,0.0,0.0,2023-12-27 18:07:36,False,False,False,True,0.0,3.753451253192207e-05,LOW
6,,,0.0,0.0,0.0,0.0,2023-12-27 14:10:27,False,False,False,True,0.0,3.0139949879913706e-05,LOW
6,,,0.0,0.0,0.0,0.0,2023-12-27 18:14:17,False,False,False,True,0.0,9.530122908717343e-05,LOW
6,,,0.0,0.0,0.0,0.0,2023-12-27 14:18:23,False,False,False,True,0.0,6.035861106720386e-05,LOW
6,,,0.0,0.0,0.0,0.0,2023-12-27 08:32:24,False,False,False,True,0.0,0.00013244686252952595,LOW
6,,,0.0,0.0,0.0,0.0,2023-12-27 03:39:32,False,False,False,True,0.0,0.005417691048435992,LOW
6,,,0.0,0.0,0.0,0.0,2023-12-27 10:08:08,False,False,False,True,0.0,3.0139949879913706e-05,LOW
6,,,0.0,0.0,0.0,0.0,2023-12-27 12:17:53,False,False,False,True,0.0,3.0139949879913706e-05,LOW
6,,,0.0,0.0,0.0,0.0,2023-12-27 13:36:56,False,False,False,True,0.0,3.0139949879913706e-05,LOW
6,,,0.0,0.0,0.0,0.0,2023-12-28 13:04:54,False,False,False,True,0.0,0.00021128801419722194,LOW
6,,,0.0,0.0,0.0,0.0,2023-12-27 19:49:42,False,False,False,True,0.0,3.753451253192207e-05,LOW
6,0.0,0.0,,,0.0,0.0,2023-12-25 16:11:52,False,False,False,True,0.0,0.0009290985484248299,LOW
6,,,0.0,0.0,0.0,0.0,2023-12-27 09:33:08,False,False,False,True,0.0,0.0006715850197886311,LOW
6,,,0.0,0.0,0.0,0.0,2023-12-28 21:42:35,False,False,False,True,0.0,8.673371709265663e-05,LOW
6,,,0.0,0.0,0.0,0.0,2023-12-28 06:15:43,False,False,False,True,0.0,0.00016607011924505487,LOW
6,,,0.0,0.0,0.0,0.0,2023-12-28 17:08:17,False,False,False,True,0.0,3.0139949879913706e-05,LOW
6,,,0.0,0.0,0.0,0.0,2023-12-28 01:55:33,False,False,False,True,0.0,7.283614524450449e-05,LOW
6,,,0.0,0.0,0.0,0.0,2023-12-31 00:36:37,False,False,False,True,0.0,0.004118394815979696,LOW
6,,,0.0,0.0,0.0,0.0,2023-12-28 07:17:15,False,False,False,True,0.0,0.00013852464639946608,LOW
6,,,0.0,0.0,0.0,0.0,2023-12-27 02:45:05,False,False,False,True,0.0,7.283614524450449e-05,LOW
6,,,0.0,0.0,0.0,0.0,2023-12-28 12:36:14,False,False,False,True,0.0,0.00013587151750896515,LOW
6,,,0.0,0.0,0.0,0.0,2023-12-28 18:12:52,False,False,False,True,0.0,3.753451253192207e-05,LOW
6,0.0,0.0,,,0.0,0.0,2023-12-31 00:36:30,False,False,False,True,0.0,0.0006127481647081875,LOW
6,,,0.0,0.0,0.0,0.0,2023-12-28 06:42:27,False,False,False,True,0.0,7.283614524450449e-05,LOW
6,,,0.0,0.0,0.0,0.0,2023-12-28 01:38:13,False,False,False,True,0.0,7.283614524450449e-05,LOW
6,0.0,0.0,,,0.0,0.0,2022-12-18 23:36:08,False,False,False,True,0.0,0.00025551987623733427,LOW
6,,,0.0,0.0,0.0,0.0,2023-12-28 04:57:34,False,False,False,True,0.0,7.283614524450449e-05,LOW
6,,,0.0,0.0,0.0,0.0,2023-12-27 18:23:07,False,False,False,True,0.0,3.753451253192207e-05,LOW
6,,,0.0,0.0,0.0,0.0,2023-12-27 19:56:42,False,False,False,True,0.0,3.753451253192207e-05,LOW
6,,,0.0,0.0,0.0,0.0,2023-12-27 08:07:45,False,False,False,True,0.0,8.403638665337012e-05,LOW
6,,,0.0,0.0,0.0,0.0,2023-12-28 09:22:28,False,False,False,True,0.0,0.0004805429357495002,LOW
6,,,0.0,0.0,0.0,0.0,2023-12-28 09:22:50,False,False,False,True,0.0,8.493795391282441e-05,LOW
6,0.0,0.0,,,0.0,0.0,2023-12-31 00:36:34,False,False,False,True,0.0,0.0005685162394458921,LOW
6,,,0.0,0.0,0.0,0.0,2023-12-28 21:21:15,False,False,False,True,0.0,9.143094930537852e-05,LOW
6,,,0.0,0.0,0.0,0.0,2023-12-28 14:12:04,False,False,False,True,0.0,3.0139949879913706e-05,LOW
6,,,0.0,0.0,0.0,0.0,2023-12-27 19:35:59,False,False,False,True,0.0,3.753451253192207e-05,LOW
6,0.0,0.0,,,0.0,0.0,2022-09-08 11:02:18,False,False,False,True,0.0,0.0008339510698330127,LOW
6,0.0,0.0,,,0.0,0.0,2023-12-25 16:11:53,False,False,False,True,0.0,0.0009290985484248299,LOW
6,,,0.0,0.0,0.0,0.0,2023-12-28 04:32:56,False,False,False,True,0.0,7.283614524450449e-05,LOW
6,,,0.0,0.0,0.0,0.0,2023-12-27 16:04:42,False,False,False,True,0.0,3.0139949879913706e-05,LOW
6,0.0,0.0,,,0.0,0.0,2023-12-31 00:42:06,False,False,False,True,0.0,0.0006147611525054554,LOW
6,,,0.0,0.0,0.0,0.0,2023-12-28 16:12:28,False,False,False,True,0.0,0.00013852464639946608,LOW
6,,,0.0,0.0,0.0,0.0,2023-12-28 12:36:32,False,False,False,True,0.0,0.00015960119748924682,LOW
6,,,0.0,0.0,0.0,0.0,2023-12-27 04:59:45,False,False,False,True,0.0,7.283614524450449e-05,LOW
6,,,0.0,0.0,0.0,0.0,2023-12-28 13:05:14,False,False,False,True,0.0,7.546887465885332e-05,LOW
6,,,0.0,0.0,0.0,0.0,2023-12-27 18:29:43,False,False,False,True,0.0,3.753451253192207e-05,LOW
6,,,0.0,0.0,0.0,0.0,2023-12-27 07:32:38,False,False,False,True,0.0,3.0139949879913706e-05,LOW
6,,,0.0,0.0,0.0,0.0,2023-12-27 13:54:57,False,False,False,True,0.0,3.0139949879913706e-05,LOW
6,,,0.0,0.0,0.0,0.0,2023-12-27 22:46:00,False,False,False,True,0.0,0.00024650557338807904,LOW
6,0.0,0.0,,,0.0,0.0,2023-12-28 22:20:01,False,False,False,True,0.0,0.000796314377626418,LOW
6,,,0.0,0.0,0.0,0.0,2023-12-28 18:43:39,False,False,False,True,0.0,3.753451253192207e-05,LOW
6,,,0.0,0.0,0.0,0.0,2023-12-27 03:59:11,False,False,False,True,0.0,7.283614524450449e-05,LOW
6,,,0.0,0.0,0.0,0.0,2023-12-28 17:51:14,False,False,False,True,0.0,8.403638665337012e-05,LOW
6,,,0.0,0.0,0.0,0.0,2023-12-28 15:04:35,False,False,False,True,0.0,3.0139949879913706e-05,LOW
6,,,0.0,0.0,0.0,0.0,2023-12-28 05:26:24,False,False,False,True,0.0,7.283614524450449e-05,LOW
6,,,0.0,0.0,0.0,0.0,2023-12-28 15:33:37,False,False,False,True,0.0,3.0139949879913706e-05,LOW
6,,,0.0,0.0,0.0,0.0,2023-12-27 17:07:08,False,False,False,True,0.0,3.0139949879913706e-05,LOW
6,,,0.0,0.0,0.0,0.0,2023-12-28 09:51:13,False,False,False,True,0.0,8.790666643516506e-05,LOW
6,,,0.0,0.0,0.0,0.0,2023-12-28 08:51:06,False,False,False,True,0.0,0.0020348041441366855,LOW
6,,,0.0,0.0,0.0,0.0,2023-12-27 22:06:29,False,False,False,True,0.0,0.00011659923762159054,LOW
6,,,0.0,0.0,0.0,0.0,2023-12-27 12:46:54,False,False,False,True,0.0,8.534794612040772e-05,LOW
6,,,0.0,0.0,0.0,0.0,2023-12-27 05:36:58,False,False,False,True,0.0,7.283614524450449e-05,LOW
6,,,0.0,0.0,0.0,0.0,2023-12-27 10:52:46,False,False,False,True,0.0,9.568164256582048e-05,LOW
6,,,0.0,0.0,0.0,0.0,2023-12-27 16:45:46,False,False,False,True,0.0,8.790666643516506e-05,LOW
6,,,0.0,0.0,0.0,0.0,2023-12-27 05:22:54,False,False,False,True,0.0,0.00165424964817358,LOW
6,,,0.0,0.0,0.0,0.0,2023-12-28 12:45:17,False,False,False,True,0.0,0.00014057766562085855,LOW
6,,,0.0,0.0,0.0,0.0,2023-12-27 17:54:29,False,False,False,True,0.0,8.790666643516506e-05,LOW
6,,,0.0,0.0,0.0,0.0,2023-12-27 09:09:15,False,False,False,True,0.0,3.0139949879913706e-05,LOW
6,,,0.0,0.0,0.0,0.0,2023-12-28 21:36:17,False,False,False,True,0.0,0.00013469856816645674,LOW
6,,,0.0,0.0,0.0,0.0,2023-12-27 06:47:16,False,False,False,True,0.0,7.283614524450449e-05,LOW
6,,,0.0,0.0,0.0,0.0,2023-12-28 22:20:27,False,False,False,True,0.0,0.0001294299124572474,LOW
6,0.0,0.0,,,0.0,0.0,2022-12-16 17:15:40,False,False,False,True,0.0,0.000811941761688735,LOW
6,,,0.0,0.0,0.0,0.0,2023-12-28 10:49:07,False,False,False,True,0.0,7.933915444064827e-05,LOW
6,,,0.0,0.0,0.0,0.0,2023-12-28 21:56:35,False,False,False,True,0.0,3.753451253192207e-05,LOW
6,,,0.0,0.0,0.0,0.0,2023-12-28 15:03:20,False,False,False,True,0.0,0.0018599537270520532,LOW
6,,,0.0,0.0,0.0,0.0,2023-12-28 05:15:43,False,False,False,True,0.0,0.00014929971949135807,LOW
6,0.0,0.0,1.0,0.0,1.0,0.0,2023-12-31 00:36:33,False,False,True,False,1.0,0.6401876648144288,MEDIUM
6,,,0.0,0.0,0.0,0.0,2023-12-28 20:19:25,False,False,False,True,0.0,3.753451253192207e-05,LOW
6,0.0,0.0,,,0.0,0.0,2023-12-31 00:42:02,False,False,False,True,0.0,0.0011548287166912939,LOW
6,,,0.0,0.0,0.0,0.0,2023-12-28 01:58:36,False,False,False,True,0.0,0.00012203534980523903,LOW
6,0.0,0.0,,,0.0,0.0,2023-12-31 00:42:06,False,False,False,True,0.0,0.0017233274529635794,LOW
6,,,0.0,0.0,0.0,0.0,2023-12-27 06:52:45,False,False,False,True,0.0,0.0001306028617997558,LOW
6,,,0.0,0.0,0.0,0.0,2023-12-28 13:08:29,False,False,False,True,0.0,3.0139949879913706e-05,LOW
6,,,0.0,0.0,0.0,0.0,2023-12-28 17:23:01,False,False,False,True,0.0,8.790666643516506e-05,LOW
6,,,0.0,0.0,0.0,0.0,2023-12-28 16:04:45,False,False,False,True,0.0,0.0005235012058467061,LOW
6,,,0.0,0.0,0.0,0.0,2023-12-27 02:49:25,False,False,False,True,0.0,7.283614524450449e-05,LOW
6,,,0.0,0.0,0.0,0.0,2023-12-28 10:47:25,False,False,False,True,0.0,3.0139949879913706e-05,LOW
6,,,0.0,0.0,0.0,0.0,2023-12-27 16:33:47,False,False,False,True,0.0,0.003681427837299495,LOW
6,,,0.0,0.0,0.0,0.0,2023-12-27 18:15:42,False,False,False,True,0.0,3.753451253192207e-05,LOW
6,,,0.0,0.0,0.0,0.0,2023-12-27 13:14:06,False,False,False,True,0.0,7.309676910474161e-05,LOW
6,0.0,0.0,,,0.0,0.0,2023-12-31 00:42:03,False,False,False,True,0.0,0.0007103820938169967,LOW
6,,,0.0,0.0,0.0,0.0,2023-12-28 11:22:40,False,False,False,True,0.0,7.933915444064827e-05,LOW
6,0.0,0.0,,,0.0,0.0,2023-12-19 15:10:04,False,False,False,True,0.0,0.0008402187612050827,LOW
6,,,0.0,0.0,0.0,0.0,2023-12-28 01:36:05,False,False,False,True,0.0,0.00013632481870901877,LOW
6,,,0.0,0.0,0.0,0.0,2023-12-27 17:53:15,False,False,False,True,0.0,3.0139949879913706e-05,LOW
6,,,0.0,0.0,0.0,0.0,2023-12-28 21:02:08,False,False,False,True,0.0,3.753451253192207e-05,LOW
6,,,0.0,0.0,0.0,0.0,2023-12-28 15:22:14,False,False,False,True,0.0,0.00015768084111753358,LOW
6,0.0,0.0,,,0.0,0.0,2023-12-31 00:38:16,False,False,False,True,0.0,0.0006620747785162296,LOW
6,,,0.0,0.0,0.0,0.0,2023-12-28 02:38:46,False,False,False,True,0.0,7.283614524450449e-05,LOW
6,,,0.0,0.0,0.0,0.0,2023-12-27 03:18:57,False,False,False,True,0.0,7.283614524450449e-05,LOW
6,,,0.0,0.0,0.0,0.0,2023-12-28 17:12:25,False,False,False,True,0.0,0.00017503942301241138,LOW
6,,,0.0,0.0,0.0,0.0,2023-12-27 04:02:10,False,False,False,True,0.0,7.283614524450449e-05,LOW
6,,,0.0,0.0,0.0,0.0,2023-12-27 19:07:47,False,False,False,True,0.0,0.00014797222827286693,LOW
6,0.0,0.0,1.0,0.0,1.0,0.0,2023-12-31 00:36:32,False,False,True,False,1.0,0.6379976528665547,MEDIUM
6,,,0.0,0.0,0.0,0.0,2023-12-28 17:58:51,False,False,False,True,0.0,3.0139949879913706e-05,LOW
6,,,0.0,0.0,0.0,0.0,2023-12-28 07:06:56,False,False,False,True,0.0,3.0139949879913706e-05,LOW
6,0.0,0.0,,,0.0,0.0,2023-12-28 09:22:16,False,False,False,True,0.0,0.00031426744904580875,LOW
6,,,0.0,0.0,0.0,0.0,2023-12-28 22:17:35,False,False,False,True,0.0,0.0001294299124572474,LOW
6,,,0.0,0.0,0.0,0.0,2023-12-27 04:32:14,False,False,False,True,0.0,7.283614524450449e-05,LOW
6,,,0.0,0.0,0.0,0.0,2023-12-28 08:51:19,False,False,False,True,0.0,7.752189388024579e-05,LOW
6,,,0.0,0.0,0.0,0.0,2023-12-28 15:02:33,False,False,False,True,0.0,3.0139949879913706e-05,LOW
6,0.0,0.0,,,0.0,0.0,2019-12-07 23:03:16,False,False,False,True,0.0,0.0006858166036248528,LOW
6,,,0.0,0.0,0.0,0.0,2023-12-27 16:32:19,False,False,False,True,0.0,0.0009216833537626995,LOW
6,,,0.0,0.0,0.0,0.0,2023-12-28 11:53:40,False,False,False,True,0.0,3.0139949879913706e-05,LOW
6,,,0.0,0.0,0.0,0.0,2023-12-27 18:33:44,False,False,False,True,0.0,0.00010307620521782884,LOW
6,,,0.0,0.0,0.0,0.0,2023-12-28 18:03:23,False,False,False,True,0.0,3.753451253192207e-05,LOW
6,,,0.0,0.0,0.0,0.0,2023-12-27 09:33:45,False,False,False,True,0.0,3.0139949879913706e-05,LOW
6,,,0.0,0.0,0.0,0.0,2023-12-28 09:22:48,False,False,False,True,0.0,0.0022352053973886173,LOW
6,,,0.0,0.0,0.0,0.0,2023-12-27 22:54:51,False,False,False,True,0.0,8.640697866422331e-05,LOW
6,,,0.0,0.0,0.0,0.0,2023-12-27 16:56:10,False,False,False,True,0.0,3.0139949879913706e-05,LOW
6,,,0.0,0.0,0.0,0.0,2023-12-27 22:52:47,False,False,False,True,0.0,0.00013342003950915705,LOW
6,,,0.0,0.0,0.0,0.0,2023-12-27 13:54:25,False,False,False,True,0.0,8.790666643516506e-05,LOW
6,,,0.0,0.0,0.0,0.0,2023-12-28 07:47:09,False,False,False,True,0.0,8.790666643516506e-05,LOW
6,0.0,0.0,,,0.0,0.0,2023-12-25 17:14:27,False,False,False,True,0.0,0.0008084267925056306,LOW
6,0.0,0.0,1.0,0.0,1.0,0.0,2023-12-31 00:36:32,False,False,True,False,0.0,0.49545170888776163,MEDIUM
6,,,0.0,0.0,0.0,0.0,2023-12-27 09:43:43,False,False,False,True,0.0,3.0139949879913706e-05,LOW
6,,,0.0,0.0,0.0,0.0,2023-12-27 21:57:55,False,False,False,True,0.0,3.753451253192207e-05,LOW
6,0.0,0.0,,,0.0,0.0,2023-12-25 17:38:12,False,False,False,True,0.0,0.0008084267925056306,LOW
6,,,0.0,0.0,0.0,0.0,2023-12-28 09:23:11,False,False,False,True,0.0,6.858549873033064e-05,LOW
6,,,0.0,0.0,0.0,0.0,2023-12-27 14:17:51,False,False,False,True,0.0,8.885921395647646e-05,LOW
6,,,0.0,0.0,0.0,0.0,2023-12-28 02:45:42,False,False,False,True,0.0,0.00011777218696409897,LOW
6,0.0,0.0,,,0.0,0.0,2023-12-28 22:32:22,False,False,False,True,0.0,0.000796314377626418,LOW
6,,,0.0,0.0,0.0,0.0,2023-12-28 21:22:32,False,False,False,True,0.0,0.00012349608648185798,LOW
6,,,0.0,0.0,0.0,0.0,2023-12-27 22:13:49,False,False,False,True,0.0,8.640697866422331e-05,LOW
6,0.0,0.0,,,0.0,0.0,2023-12-31 00:42:03,False,False,False,True,0.0,0.0007103820938169967,LOW
6,,,0.0,0.0,0.0,0.0,2023-12-28 12:21:14,False,False,False,True,0.0,8.790666643516506e-05,LOW
6,,,0.0,0.0,0.0,0.0,2023-12-27 23:24:16,False,False,False,True,0.0,8.640697866422331e-05,LOW
6,,,0.0,0.0,0.0,0.0,2023-12-28 05:56:05,False,False,False,True,0.0,0.0007131455870941238,LOW
6,,,0.0,0.0,0.0,0.0,2023-12-27 09:02:37,False,False,False,True,0.0,3.0139949879913706e-05,LOW
6,,,0.0,0.0,0.0,0.0,2023-12-28 20:27:15,False,False,False,True,0.0,0.00011279896650222419,LOW
6,,,0.0,0.0,0.0,0.0,2023-12-27 08:35:08,False,False,False,True,0.0,3.0139949879913706e-05,LOW
6,0.0,0.0,,,0.0,0.0,2022-09-08 11:02:13,False,False,False,True,0.0,0.0008339510698330127,LOW
6,,,0.0,0.0,0.0,0.0,2023-12-27 11:11:24,False,False,False,True,0.0,7.933915444064827e-05,LOW
6,,,0.0,0.0,0.0,0.0,2023-12-27 11:03:19,False,False,False,True,0.0,7.546887465885332e-05,LOW
6,,,0.0,0.0,0.0,0.0,2023-12-27 04:49:15,False,False,False,True,0.0,0.00012203534980523903,LOW
6,,,0.0,0.0,0.0,0.0,2023-12-28 20:51:15,False,False,False,True,0.0,9.059508097528004e-05,LOW
6,,,0.0,0.0,0.0,0.0,2023-12-28 19:15:25,False,False,False,True,0.0,8.673371709265663e-05,LOW
6,,,0.0,0.0,0.0,0.0,2023-12-28 04:03:06,False,False,False,True,0.0,7.283614524450449e-05,LOW
6,,,0.0,0.0,0.0,0.0,2023-12-27 08:53:22,False,False,False,True,0.0,5.6497247184580446e-05,LOW
6,,,0.0,0.0,0.0,0.0,2023-12-27 03:18:13,False,False,False,True,0.0,0.00012203534980523903,LOW
6,,,0.0,0.0,0.0,0.0,2023-12-28 13:26:17,False,False,False,True,0.0,3.0139949879913706e-05,LOW
6,,,0.0,0.0,0.0,0.0,2023-12-27 12:24:19,False,False,False,True,0.0,3.0139949879913706e-05,LOW
6,,,0.0,0.0,0.0,0.0,2023-12-28 18:25:17,False,False,False,True,0.0,0.00014797222827286693,LOW
6,0.0,0.0,,,0.0,0.0,2023-12-31 00:42:03,False,False,False,True,0.0,0.0007103820938169967,LOW
6,,,0.0,0.0,0.0,0.0,2023-12-28 17:08:45,False,False,False,True,0.0,0.005823404974507472,LOW
6,,,0.0,0.0,0.0,0.0,2023-12-28 07:04:52,False,False,False,True,0.0,0.00021128801419722194,LOW
6,0.0,0.0,,,0.0,0.0,2023-12-31 00:42:13,False,False,False,True,0.0,0.0017233274529635794,LOW
6,0.0,0.0,,,0.0,0.0,2023-12-19 15:08:51,False,False,False,True,0.0,0.0007697805614571772,LOW
6,,,0.0,0.0,0.0,0.0,2023-12-27 07:02:34,False,False,False,True,0.0,0.0018599537270520532,LOW
6,,,0.0,0.0,0.0,0.0,2023-12-27 08:30:04,False,False,False,True,0.0,3.0139949879913706e-05,LOW
6,0.0,0.0,1.0,0.0,1.0,0.0,2023-12-31 00:36:32,False,False,True,False,1.0,0.6781605572949313,MEDIUM
6,,,0.0,0.0,0.0,0.0,2023-12-27 07:25:42,False,False,False,True,0.0,8.534794612040772e-05,LOW
6,,,0.0,0.0,0.0,0.0,2023-12-27 23:18:00,False,False,False,True,0.0,8.640697866422331e-05,LOW
6,,,0.0,0.0,0.0,0.0,2023-12-28 08:51:12,False,False,False,True,0.0,0.00018734297701776575,LOW
6,,,0.0,0.0,0.0,0.0,2023-12-27 13:09:55,False,False,False,True,0.0,3.0139949879913706e-05,LOW
6,,,0.0,0.0,0.0,0.0,2023-12-28 06:15:56,False,False,False,True,0.0,7.283614524450449e-05,LOW
6,,,0.0,0.0,0.0,0.0,2023-12-28 09:31:54,False,False,False,True,0.0,0.0004805429357495002,LOW
6,,,0.0,0.0,0.0,0.0,2023-12-28 09:22:26,False,False,False,True,0.0,0.00041237899011785156,LOW
6,0.0,0.0,1.0,0.0,1.0,0.0,2023-12-31 00:36:32,False,False,True,False,1.0,0.5874199173667543,MEDIUM
6,,,0.0,0.0,0.0,0.0,2023-12-27 06:25:36,False,False,False,True,0.0,7.283614524450449e-05,LOW
6,,,0.0,0.0,0.0,0.0,2023-12-27 21:33:37,False,False,False,True,0.0,8.673371709265663e-05,LOW
6,,,0.0,0.0,0.0,0.0,2023-12-31 00:42:05,False,False,False,True,0.0,0.024162015784968217,LOW
6,,,0.0,0.0,0.0,0.0,2023-12-28 22:16:35,False,False,False,True,0.0,0.0001294299124572474,LOW
6,,,0.0,0.0,0.0,0.0,2023-12-28 09:51:13,False,False,False,True,0.0,0.0007617970196527441,LOW
6,,,0.0,0.0,0.0,0.0,2023-12-28 22:06:30,False,False,False,True,0.0,8.640697866422331e-05,LOW
6,,,0.0,0.0,0.0,0.0,2023-12-27 10:39:32,False,False,False,True,0.0,9.534206939258049e-05,LOW
6,,,0.0,0.0,0.0,0.0,2023-12-28 21:09:46,False,False,False,True,0.0,3.753451253192207e-05,LOW
6,,,0.0,0.0,0.0,0.0,2023-12-28 06:25:42,False,False,False,True,0.0,0.00012203534980523903,LOW
6,,,0.0,0.0,0.0,0.0,2023-12-27 13:41:02,False,False,False,True,0.0,0.005883020263390793,LOW
6,,,0.0,0.0,0.0,0.0,2023-12-28 17:22:25,False,False,False,True,0.0,0.0004327137582041555,LOW
6,,,0.0,0.0,0.0,0.0,2023-12-28 05:26:08,False,False,False,True,0.0,0.00013632481870901877,LOW
6,,,0.0,0.0,0.0,0.0,2023-12-27 16:43:10,False,False,False,True,0.0,9.362862334442803e-05,LOW
6,,,0.0,0.0,0.0,0.0,2023-12-27 13:39:50,False,False,False,True,0.0,0.00014833851148853718,LOW
6,,,0.0,0.0,0.0,0.0,2023-12-27 05:43:16,False,False,False,True,0.0,0.00012203534980523903,LOW
6,,,0.0,0.0,0.0,0.0,2023-12-28 20:30:06,False,False,False,True,0.0,3.753451253192207e-05,LOW
6,,,0.0,0.0,0.0,0.0,2023-12-28 17:22:42,False,False,False,True,0.0,0.00020017780155757978,LOW
6,0.0,0.0,,,0.0,0.0,2023-12-31 00:36:54,False,False,False,True,0.0,0.0009715799238496503,LOW
6,0.0,0.0,,,0.0,0.0,2022-12-16 17:29:01,False,False,False,True,0.0,0.0005315442320431962,LOW
6,,,0.0,0.0,0.0,0.0,2023-12-27 11:33:10,False,False,False,True,0.0,9.362862334442803e-05,LOW
6,0.0,0.0,,,0.0,0.0,2023-12-28 22:26:31,False,False,False,True,0.0,0.000796314377626418,LOW
6,,,0.0,0.0,0.0,0.0,2023-12-28 04:13:35,False,False,False,True,0.0,0.00011777218696409897,LOW
6,,,0.0,0.0,0.0,0.0,2023-12-28 03:34:18,False,False,False,True,0.0,7.283614524450449e-05,LOW
6,,,0.0,0.0,0.0,0.0,2023-12-28 12:00:17,False,False,False,True,0.0,7.933915444064827e-05,LOW
6,,,0.0,0.0,0.0,0.0,2023-12-28 07:57:15,False,False,False,True,0.0,0.00015768084111753358,LOW
6,,,0.0,0.0,0.0,0.0,2023-12-28 20:07:33,False,False,False,True,0.0,8.673371709265663e-05,LOW
6,,,0.0,0.0,0.0,0.0,2023-12-28 15:14:26,False,False,False,True,0.0,3.0139949879913706e-05,LOW
6,,,0.0,0.0,0.0,0.0,2023-12-28 12:35:45,False,False,False,True,0.0,3.0139949879913706e-05,LOW
6,,,0.0,0.0,0.0,0.0,2023-12-28 15:37:42,False,False,False,True,0.0,3.0139949879913706e-05,LOW
6,0.0,0.0,,,0.0,0.0,2022-12-16 17:14:26,False,False,False,True,0.0,0.0005315442320431962,LOW
6,,,0.0,0.0,0.0,0.0,2023-12-27 10:52:14,False,False,False,True,0.0,3.0139949879913706e-05,LOW
6,,,0.0,0.0,0.0,0.0,2023-12-28 17:57:08,False,False,False,True,0.0,7.933915444064827e-05,LOW
6,,,0.0,0.0,0.0,0.0,2023-12-28 18:21:14,False,False,False,True,0.0,9.348396852677098e-05,LOW
6,,,0.0,0.0,0.0,0.0,2023-12-27 16:31:36,False,False,False,True,0.0,3.0139949879913706e-05,LOW
6,,,0.0,0.0,0.0,0.0,2023-12-27 18:10:03,False,False,False,True,0.0,3.753451253192207e-05,LOW
6,,,0.0,0.0,0.0,0.0,2023-12-28 11:02:32,False,False,False,True,0.0,6.974691774959036e-05,LOW
6,,,0.0,0.0,0.0,0.0,2023-12-28 09:32:32,False,False,False,True,0.0,0.00011610152382984958,LOW
6,,,0.0,0.0,0.0,0.0,2023-12-27 06:52:49,False,False,False,True,0.0,0.0001258967136878624,LOW
6,,,0.0,0.0,0.0,0.0,2023-12-28 01:06:40,False,False,False,True,0.0,0.00010920467496958221,LOW
6,,,0.0,0.0,0.0,0.0,2023-12-27 21:29:39,False,False,False,True,0.0,3.753451253192207e-05,LOW
6,0.0,0.0,,,0.0,0.0,2022-12-16 17:28:33,False,False,False,True,0.0,0.0005315442320431962,LOW
6,,,0.0,0.0,0.0,0.0,2023-12-28 01:47:35,False,False,False,True,0.0,7.283614524450449e-05,LOW
6,,,0.0,0.0,0.0,0.0,2023-12-27 10:22:46,False,False,False,True,0.0,6.506475917909724e-05,LOW
6,0.0,0.0,,,0.0,0.0,2023-12-31 00:36:48,False,False,False,True,0.0,0.0035108600848300616,LOW
6,,,0.0,0.0,0.0,0.0,2023-12-28 05:57:12,False,False,False,True,0.0,0.00044801876583257114,LOW
6,,,0.0,0.0,0.0,0.0,2023-12-28 18:23:19,False,False,False,True,0.0,3.753451253192207e-05,LOW
6,0.0,0.0,,,0.0,0.0,2019-12-07 23:03:09,False,False,False,True,0.0,0.0006858166036248528,LOW
6,,,0.0,0.0,0.0,0.0,2023-12-27 23:32:19,False,False,False,True,0.0,0.000964960519275663,LOW
6,0.0,0.0,,,0.0,0.0,2023-12-25 16:11:56,False,False,False,True,0.0,0.0009311115362220978,LOW
6,,,0.0,0.0,0.0,0.0,2023-12-28 10:23:26,False,False,False,True,0.0,3.0139949879913706e-05,LOW
6,,,0.0,0.0,0.0,0.0,2023-12-28 07:43:23,False,False,False,True,0.0,0.00016289950589688784,LOW
6,0.0,0.0,,,0.0,0.0,2023-12-25 17:42:03,False,False,False,True,0.0,0.0008084267925056306,LOW
6,,,0.0,0.0,0.0,0.0,2023-12-27 19:25:50,False,False,False,True,0.0,3.753451253192207e-05,LOW
6,,,0.0,0.0,0.0,0.0,2023-12-28 21:10:48,False,False,False,True,0.0,3.753451253192207e-05,LOW
6,,,0.0,0.0,0.0,0.0,2023-12-27 22:32:50,False,False,False,True,0.0,8.640697866422331e-05,LOW
6,,,0.0,0.0,0.0,0.0,2023-12-31 00:42:09,False,False,False,True,0.0,0.015195929282989455,LOW
6,,,0.0,0.0,0.0,0.0,2023-12-28 17:21:54,False,False,False,True,0.0,8.790666643516506e-05,LOW
6,,,0.0,0.0,0.0,0.0,2023-12-28 11:23:36,False,False,False,True,0.0,3.0139949879913706e-05,LOW
6,,,0.0,0.0,0.0,0.0,2023-12-28 13:36:52,False,False,False,True,0.0,7.933915444064827e-05,LOW
6,,,0.0,0.0,0.0,0.0,2023-12-28 05:37:44,False,False,False,True,0.0,7.283614524450449e-05,LOW
6,,,0.0,0.0,0.0,0.0,2023-12-27 12:30:45,False,False,False,True,0.0,3.0139949879913706e-05,LOW
6,,,0.0,0.0,0.0,0.0,2023-12-28 16:02:44,False,False,False,True,0.0,0.0003821066286949995,LOW
6,0.0,0.0,,,0.0,0.0,2023-12-31 00:42:06,False,False,False,True,0.0,0.0006127481647081875,LOW
6,,,0.0,0.0,0.0,0.0,2023-12-28 13:29:09,False,False,False,True,0.0,0.0009216833537626995,LOW
6,,,0.0,0.0,0.0,0.0,2023-12-28 09:31:44,False,False,False,True,0.0,0.00039291301291609744,LOW
6,,,0.0,0.0,0.0,0.0,2023-12-28 11:35:00,False,False,False,True,0.0,3.0139949879913706e-05,LOW
6,,,0.0,0.0,0.0,0.0,2023-12-28 03:59:26,False,False,False,True,0.0,7.283614524450449e-05,LOW
6,,,0.0,0.0,0.0,0.0,2023-12-28 11:54:24,False,False,False,True,0.0,0.0016201209648035058,LOW
6,,,0.0,0.0,0.0,0.0,2023-12-27 19:22:47,False,False,False,True,0.0,8.776201161750801e-05,LOW
6,,,0.0,0.0,0.0,0.0,2023-12-27 13:35:18,False,False,False,True,0.0,3.0139949879913706e-05,LOW
6,0.0,0.0,0.0,0.0,0.0,0.0,2023-12-28 21:52:18,False,False,False,True,0.0,0.11222554571134878,LOW
6,,,0.0,0.0,0.0,0.0,2023-12-27 03:39:31,False,False,False,True,0.0,0.005474376467795545,LOW
6,,,0.0,0.0,0.0,0.0,2023-12-28 17:29:09,False,False,False,True,0.0,0.0009216833537626995,LOW
6,,,0.0,0.0,0.0,0.0,2023-12-27 21:49:24,False,False,False,True,0.0,3.753451253192207e-05,LOW
6,,,0.0,0.0,0.0,0.0,2023-12-28 17:21:47,False,False,False,True,0.0,0.00014057766562085855,LOW
6,,,0.0,0.0,0.0,0.0,2023-12-27 03:39:20,False,False,False,True,0.0,7.283614524450449e-05,LOW
6,0.0,0.0,1.0,0.0,1.0,0.0,2023-12-31 00:36:33,False,False,True,False,1.0,0.6779937580852665,MEDIUM
6,,,0.0,0.0,0.0,0.0,2023-12-28 15:03:26,False,False,False,True,0.0,8.790666643516506e-05,LOW
6,,,0.0,0.0,0.0,0.0,2023-12-28 20:45:20,False,False,False,True,0.0,3.753451253192207e-05,LOW
6,,,0.0,0.0,0.0,0.0,2023-12-27 16:52:57,False,False,False,True,0.0,3.0139949879913706e-05,LOW
6,,,0.0,0.0,0.0,0.0,2023-12-28 03:11:17,False,False,False,True,0.0,7.283614524450449e-05,LOW
6,0.0,0.0,,,0.0,0.0,2022-12-16 17:28:43,False,False,False,True,0.0,0.0005315442320431962,LOW
