case_id,is_timestomped_lf,timestomp_tool_executed_lf,is_timestomped_usn,timestomp_tool_executed_usn,is_timestomped,timestomp_tool_executed,eventtime_dt,label_source_both,label_source_logfile,label_source_usnjrnl,label_source_nan,prediction,confidence,risk_level
6,,,0.0,0.0,0.0,0.0,2023-12-28 16:58:48,False,False,False,True,0.0,3.0139949879913706e-05,LOW
6,,,0.0,0.0,0.0,0.0,2023-12-28 09:32:44,False,False,False,True,0.0,0.0005087523957987315,LOW
6,,,0.0,0.0,0.0,0.0,2023-12-27 11:25:16,False,False,False,True,0.0,3.0139949879913706e-05,LOW
6,0.0,0.0,,,0.0,0.0,2023-12-25 16:11:53,False,False,False,True,0.0,0.0009290985484248299,LOW
6,,,0.0,0.0,0.0,0.0,2023-12-28 16:20:46,False,False,False,True,0.0,3.0139949879913706e-05,LOW
6,,,0.0,0.0,0.0,0.0,2023-12-27 15:19:53,False,False,False,True,0.0,3.0139949879913706e-05,LOW
6,,,0.0,0.0,0.0,0.0,2023-12-28 05:52:59,False,False,False,True,0.0,7.283614524450449e-05,LOW
6,,,0.0,0.0,0.0,0.0,2023-12-28 02:45:42,False,False,False,True,0.0,0.00015400586760325145,LOW
6,,,0.0,0.0,0.0,0.0,2023-12-28 22:42:33,False,False,False,True,0.0,0.0001628705529110769,LOW
6,,,0.0,0.0,0.0,0.0,2023-12-27 17:07:58,False,False,False,True,0.0,3.0139949879913706e-05,LOW
6,,,0.0,0.0,0.0,0.0,2023-12-28 17:51:14,False,False,False,True,0.0,8.036744896549965e-05,LOW
6,0.0,0.0,,,0.0,0.0,2023-12-31 00:37:00,False,False,False,True,0.0,0.0003383965779903419,LOW
6,,,0.0,0.0,0.0,0.0,2023-12-27 21:39:55,False,False,False,True,0.0,3.753451253192207e-05,LOW
6,,,0.0,0.0,0.0,0.0,2023-12-27 23:24:53,False,False,False,True,0.0,8.640697866422332e-05,LOW
6,,,0.0,0.0,0.0,0.0,2023-12-28 10:52:38,False,False,False,True,0.0,0.006600607047046332,LOW
6,,,0.0,0.0,0.0,0.0,2023-12-28 13:28:44,False,False,False,True,0.0,7.933915444064827e-05,LOW
6,,,0.0,0.0,0.0,0.0,2023-12-28 11:22:32,False,False,False,True,0.0,0.0001725579096889057,LOW
6,,,0.0,0.0,0.0,0.0,2023-12-27 05:28:16,False,False,False,True,0.0,7.283614524450449e-05,LOW
6,,,0.0,0.0,0.0,0.0,2023-12-28 21:57:05,False,False,False,True,0.0,3.753451253192207e-05,LOW
6,,,0.0,0.0,0.0,0.0,2023-12-27 14:24:28,False,False,False,True,0.0,7.933915444064827e-05,LOW
6,,,0.0,0.0,0.0,0.0,2023-12-28 15:58:11,False,False,False,True,0.0,7.933915444064827e-05,LOW
6,,,0.0,0.0,0.0,0.0,2023-12-27 13:24:17,False,False,False,True,0.0,0.00014911332912301677,LOW
6,,,0.0,0.0,0.0,0.0,2023-12-27 10:52:46,False,False,False,True,0.0,8.790666643516506e-05,LOW
6,,,0.0,0.0,0.0,0.0,2023-12-28 06:54:00,False,False,False,True,0.0,7.283614524450449e-05,LOW
6,,,0.0,0.0,0.0,0.0,2023-12-28 07:53:44,False,False,False,True,0.0,7.933915444064827e-05,LOW
6,,,0.0,0.0,0.0,0.0,2023-12-27 04:31:15,False,False,False,True,0.0,0.00017226044671019494,LOW
6,,,0.0,0.0,0.0,0.0,2023-12-28 20:04:24,False,False,False,True,0.0,3.753451253192207e-05,LOW
6,,,0.0,0.0,0.0,0.0,2023-12-27 06:31:28,False,False,False,True,0.0,7.283614524450449e-05,LOW
6,,,0.0,0.0,0.0,0.0,2023-12-27 15:30:00,False,False,False,True,0.0,3.0139949879913706e-05,LOW
6,,,0.0,0.0,0.0,0.0,2023-12-28 18:58:57,False,False,False,True,0.0,3.753451253192207e-05,LOW
6,0.0,0.0,,,0.0,0.0,2023-12-25 23:39:32,False,False,False,True,0.0,0.0006410336805436158,LOW
6,,,0.0,0.0,0.0,0.0,2023-12-27 16:13:25,False,False,False,True,0.0,0.00033999704871148334,LOW
6,,,0.0,0.0,0.0,0.0,2023-12-27 05:15:27,False,False,False,True,0.0,7.283614524450449e-05,LOW
6,,,0.0,0.0,0.0,0.0,2023-12-27 14:43:04,False,False,False,True,0.0,3.0139949879913706e-05,LOW
6,,,0.0,0.0,0.0,0.0,2023-12-27 07:07:45,False,False,False,True,0.0,7.360828163221378e-05,LOW
6,,,0.0,0.0,0.0,0.0,2023-12-28 10:40:27,False,False,False,True,0.0,3.0139949879913706e-05,LOW
6,,,0.0,0.0,0.0,0.0,2023-12-27 05:28:27,False,False,False,True,0.0,7.283614524450449e-05,LOW
6,0.0,0.0,1.0,0.0,1.0,0.0,2023-12-31 00:36:33,False,False,True,False,1.0,0.5430615787679397,MEDIUM
6,,,0.0,0.0,0.0,0.0,2023-12-27 03:14:15,False,False,False,True,0.0,0.0001306028617997558,LOW
6,,,0.0,0.0,0.0,0.0,2023-12-28 17:01:18,False,False,False,True,0.0,3.0139949879913706e-05,LOW
6,,,0.0,0.0,0.0,0.0,2023-12-28 01:25:32,False,False,False,True,0.0,7.283614524450449e-05,LOW
6,0.0,0.0,1.0,0.0,1.0,0.0,2023-12-31 00:36:33,False,False,True,False,1.0,0.6744084512462557,MEDIUM
6,,,0.0,0.0,0.0,0.0,2023-12-27 20:52:47,False,False,False,True,0.0,9.837005710593548e-05,LOW
6,0.0,0.0,1.0,0.0,1.0,0.0,2023-12-31 00:36:32,False,False,True,False,1.0,0.7079959126261047,HIGH
6,0.0,0.0,1.0,0.0,1.0,0.0,2023-12-31 00:36:33,False,False,True,False,1.0,0.6037768664347278,MEDIUM
6,,,0.0,0.0,0.0,0.0,2023-12-28 09:24:02,False,False,False,True,0.0,0.0001402969773440864,LOW
6,,,0.0,0.0,0.0,0.0,2023-12-27 11:10:55,False,False,False,True,0.0,8.036744896549965e-05,LOW
6,,,0.0,0.0,0.0,0.0,2023-12-27 20:22:47,False,False,False,True,0.0,7.245932183110563e-05,LOW
6,,,0.0,0.0,0.0,0.0,2023-12-27 13:52:46,False,False,False,True,0.0,0.0016154148166916127,LOW
6,,,0.0,0.0,0.0,0.0,2023-12-27 03:40:21,False,False,False,True,0.0,7.283614524450449e-05,LOW
6,,,0.0,0.0,0.0,0.0,2023-12-28 15:39:12,False,False,False,True,0.0,3.0139949879913706e-05,LOW
6,,,0.0,0.0,0.0,0.0,2023-12-27 22:57:58,False,False,False,True,0.0,8.640697866422332e-05,LOW
6,,,0.0,0.0,0.0,0.0,2023-12-28 05:10:17,False,False,False,True,0.0,7.283614524450449e-05,LOW
6,,,0.0,0.0,0.0,0.0,2023-12-27 16:54:28,False,False,False,True,0.0,0.0001725579096889057,LOW
6,,,0.0,0.0,0.0,0.0,2023-12-28 14:21:30,False,False,False,True,0.0,7.463300632875488e-05,LOW
6,,,0.0,0.0,0.0,0.0,2023-12-27 16:07:46,False,False,False,True,0.0,0.00014057766562085855,LOW
6,,,0.0,0.0,0.0,0.0,2023-12-27 23:04:23,False,False,False,True,0.0,8.640697866422332e-05,LOW
6,,,0.0,0.0,0.0,0.0,2023-12-27 04:45:40,False,False,False,True,0.0,7.283614524450449e-05,LOW
6,,,0.0,0.0,0.0,0.0,2023-12-27 15:11:20,False,False,False,True,0.0,9.362862334442803e-05,LOW
6,,,0.0,0.0,0.0,0.0,2023-12-28 15:51:14,False,False,False,True,0.0,8.790666643516506e-05,LOW
6,,,0.0,0.0,0.0,0.0,2023-12-28 12:34:22,False,False,False,True,0.0,3.0139949879913706e-05,LOW
6,,,0.0,0.0,0.0,0.0,2023-12-27 04:14:25,False,False,False,True,0.0,7.283614524450449e-05,LOW
6,,,0.0,0.0,0.0,0.0,2023-12-27 04:44:23,False,False,False,True,0.0,7.283614524450449e-05,LOW
6,,,0.0,0.0,0.0,0.0,2023-12-28 03:04:51,False,False,False,True,0.0,7.283614524450449e-05,LOW
6,,,0.0,0.0,0.0,0.0,2023-12-27 10:38:10,False,False,False,True,0.0,3.0139949879913706e-05,LOW
6,,,0.0,0.0,0.0,0.0,2023-12-28 14:26:00,False,False,False,True,0.0,0.00021648250753193726,LOW
6,,,0.0,0.0,0.0,0.0,2023-12-28 20:30:34,False,False,False,True,0.0,3.753451253192207e-05,LOW
6,,,0.0,0.0,0.0,0.0,2023-12-27 03:10:52,False,False,False,True,0.0,7.283614524450449e-05,LOW
6,0.0,0.0,,,0.0,0.0,2022-12-18 23:22:33,False,False,False,True,0.0,0.00025551987623733427,LOW
6,0.0,0.0,,,0.0,0.0,2022-12-18 23:28:19,False,False,False,True,0.0,0.00025551987623733427,LOW
6,,,0.0,0.0,0.0,0.0,2023-12-28 03:11:47,False,False,False,True,0.0,7.283614524450449e-05,LOW
6,,,0.0,0.0,0.0,0.0,2023-12-28 21:29:40,False,False,False,True,0.0,3.753451253192207e-05,LOW
6,,,0.0,0.0,0.0,0.0,2023-12-28 03:17:05,False,False,False,True,0.0,7.283614524450449e-05,LOW
6,,,0.0,0.0,0.0,0.0,2023-12-28 11:21:14,False,False,False,True,0.0,8.790666643516506e-05,LOW
6,,,0.0,0.0,0.0,0.0,2023-12-28 09:38:25,False,False,False,True,0.0,3.0139949879913706e-05,LOW
6,,,0.0,0.0,0.0,0.0,2023-12-31 00:43:56,False,False,False,True,0.0,0.004364724679280326,LOW
6,,,0.0,0.0,0.0,0.0,2023-12-28 19:02:18,False,False,False,True,0.0,3.753451253192207e-05,LOW
6,,,0.0,0.0,0.0,0.0,2023-12-28 09:52:02,False,False,False,True,0.0,3.0139949879913706e-05,LOW
6,,,0.0,0.0,0.0,0.0,2023-12-28 12:51:14,False,False,False,True,0.0,0.00015016990231191642,LOW
6,,,0.0,0.0,0.0,0.0,2023-12-27 14:29:36,False,False,False,True,0.0,3.0139949879913706e-05,LOW
6,,,0.0,0.0,0.0,0.0,2023-12-27 13:23:09,False,False,False,True,0.0,0.0001299571344049493,LOW
6,,,0.0,0.0,0.0,0.0,2023-12-27 15:34:03,False,False,False,True,0.0,3.0139949879913706e-05,LOW
6,,,0.0,0.0,0.0,0.0,2023-12-27 17:48:40,False,False,False,True,0.0,3.0139949879913706e-05,LOW
6,,,0.0,0.0,0.0,0.0,2023-12-28 16:58:43,False,False,False,True,0.0,3.0139949879913706e-05,LOW
6,,,0.0,0.0,0.0,0.0,2023-12-27 06:42:17,False,False,False,True,0.0,0.00012203534980523903,LOW
6,,,0.0,0.0,0.0,0.0,2023-12-28 03:15:42,False,False,False,True,0.0,0.00015400586760325145,LOW
6,,,0.0,0.0,0.0,0.0,2023-12-27 05:04:24,False,False,False,True,0.0,7.283614524450449e-05,LOW
6,,,0.0,0.0,0.0,0.0,2023-12-28 09:51:13,False,False,False,True,0.0,0.00025243124131842554,LOW
6,0.0,0.0,,,0.0,0.0,2022-09-08 11:02:13,False,False,False,True,0.0,0.0008339510698330127,LOW
6,,,0.0,0.0,0.0,0.0,2023-12-28 12:03:02,False,False,False,True,0.0,3.0139949879913706e-05,LOW
6,,,0.0,0.0,0.0,0.0,2023-12-27 20:56:51,False,False,False,True,0.0,3.753451253192207e-05,LOW
6,,,0.0,0.0,0.0,0.0,2023-12-28 09:22:40,False,False,False,True,0.0,0.0001604456686017552,LOW
6,0.0,0.0,,,0.0,0.0,2023-12-31 00:44:00,False,False,False,True,0.0,0.0003198518173440013,LOW
6,0.0,0.0,,,0.0,0.0,2023-12-25 17:10:42,False,False,False,True,0.0,0.0008084267925056306,LOW
6,0.0,0.0,1.0,0.0,1.0,0.0,2023-12-31 00:36:33,False,False,True,False,1.0,0.72857887045923,HIGH
6,,,0.0,0.0,0.0,0.0,2023-12-28 02:46:37,False,False,False,True,0.0,0.00017226044671019494,LOW
6,,,0.0,0.0,0.0,0.0,2023-12-28 21:23:12,False,False,False,True,0.0,0.001622809379343621,LOW
6,,,0.0,0.0,0.0,0.0,2023-12-28 10:29:14,False,False,False,True,0.0,0.0001725579096889057,LOW
6,,,0.0,0.0,0.0,0.0,2023-12-27 22:52:47,False,False,False,True,0.0,0.00016757670102297026,LOW
6,,,0.0,0.0,0.0,0.0,2023-12-27 13:12:54,False,False,False,True,0.0,3.0139949879913706e-05,LOW
6,,,0.0,0.0,0.0,0.0,2023-12-27 03:55:08,False,False,False,True,0.0,0.0001458887767360284,LOW
6,,,0.0,0.0,0.0,0.0,2023-12-27 08:19:06,False,False,False,True,0.0,3.0139949879913706e-05,LOW
6,,,0.0,0.0,0.0,0.0,2023-12-28 19:21:14,False,False,False,True,0.0,0.0016275155274555141,LOW
6,,,0.0,0.0,0.0,0.0,2023-12-28 06:16:16,False,False,False,True,0.0,0.0001407322074968413,LOW
6,,,0.0,0.0,0.0,0.0,2023-12-27 06:06:04,False,False,False,True,0.0,0.0019015142943575461,LOW
6,,,0.0,0.0,0.0,0.0,2023-12-28 07:28:18,False,False,False,True,0.0,3.0139949879913706e-05,LOW
6,,,0.0,0.0,0.0,0.0,2023-12-28 16:47:45,False,False,False,True,0.0,3.0139949879913706e-05,LOW
6,,,0.0,0.0,0.0,0.0,2023-12-27 04:53:09,False,False,False,True,0.0,0.00013632481870901877,LOW
6,,,0.0,0.0,0.0,0.0,2023-12-28 20:49:56,False,False,False,True,0.0,3.753451253192207e-05,LOW
6,,,0.0,0.0,0.0,0.0,2023-12-27 04:32:18,False,False,False,True,0.0,0.00024899389396656433,LOW
6,,,0.0,0.0,0.0,0.0,2023-12-27 23:25:46,False,False,False,True,0.0,8.640697866422332e-05,LOW
6,,,0.0,0.0,0.0,0.0,2023-12-28 21:29:10,False,False,False,True,0.0,0.00034739161136349174,LOW
6,0.0,0.0,,,0.0,0.0,2023-12-25 16:22:12,False,False,False,True,0.0,0.0011297192507965454,LOW
6,0.0,0.0,0.0,0.0,0.0,0.0,2023-12-28 22:00:16,False,False,False,True,0.0,0.008814156283568386,LOW
6,,,0.0,0.0,0.0,0.0,2023-12-28 11:03:29,False,False,False,True,0.0,3.0139949879913706e-05,LOW
6,,,0.0,0.0,0.0,0.0,2023-12-27 08:08:38,False,False,False,True,0.0,3.0139949879913706e-05,LOW
6,,,0.0,0.0,0.0,0.0,2023-12-27 18:29:43,False,False,False,True,0.0,3.753451253192207e-05,LOW
6,,,0.0,0.0,0.0,0.0,2023-12-27 23:42:32,False,False,False,True,0.0,8.640697866422332e-05,LOW
6,,,0.0,0.0,0.0,0.0,2023-12-28 09:30:14,False,False,False,True,0.0,0.00014311538901025026,LOW
6,,,0.0,0.0,0.0,0.0,2023-12-28 18:28:14,False,False,False,True,0.0,0.000510599956119188,LOW
6,,,0.0,0.0,0.0,0.0,2023-12-28 04:13:31,False,False,False,True,0.0,0.0001799355211536838,LOW
6,,,0.0,0.0,0.0,0.0,2023-12-28 16:48:33,False,False,False,True,0.0,3.0139949879913706e-05,LOW
6,,,0.0,0.0,0.0,0.0,2023-12-27 17:30:34,False,False,False,True,0.0,3.0139949879913706e-05,LOW
6,,,0.0,0.0,0.0,0.0,2023-12-27 17:52:46,False,False,False,True,0.0,5.61283640291821e-05,LOW
6,0.0,0.0,,,0.0,0.0,2023-12-31 00:42:02,False,False,False,True,0.0,0.0011548287166912939,LOW
6,,,0.0,0.0,0.0,0.0,2023-12-27 20:30:36,False,False,False,True,0.0,8.673371709265663e-05,LOW
6,,,0.0,0.0,0.0,0.0,2023-12-27 06:56:04,False,False,False,True,0.0,7.283614524450449e-05,LOW
6,0.0,0.0,,,0.0,0.0,2022-12-18 23:29:34,False,False,False,True,0.0,0.00025551987623733427,LOW
6,,,0.0,0.0,0.0,0.0,2023-12-28 04:45:43,False,False,False,True,0.0,0.00015400586760325145,LOW
6,,,0.0,0.0,0.0,0.0,2023-12-27 19:22:47,False,False,False,True,0.0,0.00010131002076693291,LOW
6,0.0,0.0,,,0.0,0.0,2023-12-25 16:40:05,False,False,False,True,0.0,0.0008781275545948836,LOW
6,,,0.0,0.0,0.0,0.0,2023-12-28 13:22:17,False,False,False,True,0.0,0.00015768084111753358,LOW
6,,,0.0,0.0,0.0,0.0,2023-12-27 06:26:55,False,False,False,True,0.0,7.283614524450449e-05,LOW
6,,,0.0,0.0,0.0,0.0,2023-12-28 17:51:14,False,False,False,True,0.0,8.790666643516506e-05,LOW
6,,,0.0,0.0,0.0,0.0,2023-12-27 22:52:47,False,False,False,True,0.0,0.00012516674961610735,LOW
6,,,0.0,0.0,0.0,0.0,2023-12-28 19:32:32,False,False,False,True,0.0,0.00044212130865343193,LOW
6,,,0.0,0.0,0.0,0.0,2023-12-28 04:34:12,False,False,False,True,0.0,7.283614524450449e-05,LOW
6,,,0.0,0.0,0.0,0.0,2023-12-27 14:54:19,False,False,False,True,0.0,3.0139949879913706e-05,LOW
6,,,0.0,0.0,0.0,0.0,2023-12-27 17:04:59,False,False,False,True,0.0,0.0033869634732478933,LOW
6,,,0.0,0.0,0.0,0.0,2023-12-28 14:10:34,False,False,False,True,0.0,3.0139949879913706e-05,LOW
6,0.0,0.0,,,0.0,0.0,2023-12-25 16:11:57,False,False,False,True,0.0,0.0009290985484248299,LOW
6,,,0.0,0.0,0.0,0.0,2023-12-28 06:55:19,False,False,False,True,0.0,0.00039550795662484414,LOW
6,,,0.0,0.0,0.0,0.0,2023-12-27 16:29:37,False,False,False,True,0.0,0.00017457089748617365,LOW
6,,,0.0,0.0,0.0,0.0,2023-12-28 13:21:14,False,False,False,True,0.0,8.320051832327168e-05,LOW
6,0.0,0.0,,,0.0,0.0,2019-12-07 23:03:10,False,False,False,True,0.0,0.0006838036158275849,LOW
6,,,0.0,0.0,0.0,0.0,2023-12-28 14:05:34,False,False,False,True,0.0,8.403638665337012e-05,LOW
6,,,0.0,0.0,0.0,0.0,2023-12-27 14:52:46,False,False,False,True,0.0,6.035861106720388e-05,LOW
6,,,0.0,0.0,0.0,0.0,2023-12-28 01:45:40,False,False,False,True,0.0,0.00025455161085646594,LOW
6,0.0,0.0,,,0.0,0.0,2023-12-31 00:36:44,False,False,False,True,0.0,0.0006831863644560926,LOW
6,,,0.0,0.0,0.0,0.0,2023-12-27 15:44:17,False,False,False,True,0.0,3.0139949879913706e-05,LOW
6,,,0.0,0.0,0.0,0.0,2023-12-28 16:35:45,False,False,False,True,0.0,8.534794612040772e-05,LOW
6,,,0.0,0.0,0.0,0.0,2023-12-27 03:35:49,False,False,False,True,0.0,7.283614524450449e-05,LOW
6,,,0.0,0.0,0.0,0.0,2023-12-27 03:25:51,False,False,False,True,0.0,7.283614524450449e-05,LOW
6,,,0.0,0.0,0.0,0.0,2023-12-27 03:39:32,False,False,False,True,0.0,0.0031512123262928244,LOW
6,,,0.0,0.0,0.0,0.0,2023-12-27 12:46:54,False,False,False,True,0.0,3.0139949879913706e-05,LOW
6,,,0.0,0.0,0.0,0.0,2023-12-28 09:59:14,False,False,False,True,0.0,7.546887465885332e-05,LOW
6,,,0.0,0.0,0.0,0.0,2023-12-27 03:54:14,False,False,False,True,0.0,0.00012203534980523903,LOW
6,,,0.0,0.0,0.0,0.0,2023-12-28 05:16:55,False,False,False,True,0.0,7.283614524450449e-05,LOW
6,,,0.0,0.0,0.0,0.0,2023-12-28 03:27:46,False,False,False,True,0.0,7.283614524450449e-05,LOW
6,0.0,0.0,,,0.0,0.0,2023-12-31 00:36:41,False,False,False,True,0.0,0.007377260571873634,LOW
6,,,0.0,0.0,0.0,0.0,2023-12-27 10:41:47,False,False,False,True,0.0,3.0139949879913706e-05,LOW
6,,,0.0,0.0,0.0,0.0,2023-12-27 03:39:32,False,False,False,True,0.0,0.005453026576277351,LOW
6,,,0.0,0.0,0.0,0.0,2023-12-27 18:26:57,False,False,False,True,0.0,0.00010102318599643639,LOW
6,0.0,0.0,,,0.0,0.0,2019-12-07 17:09:37,False,False,False,True,0.0,0.0013678068756014336,LOW
6,,,0.0,0.0,0.0,0.0,2023-12-28 18:20:49,False,False,False,True,0.0,3.753451253192207e-05,LOW
6,,,0.0,0.0,0.0,0.0,2023-12-28 15:15:12,False,False,False,True,0.0,3.0139949879913706e-05,LOW
6,,,0.0,0.0,0.0,0.0,2023-12-27 22:26:42,False,False,False,True,0.0,0.00044293411157588517,LOW
6,,,0.0,0.0,0.0,0.0,2023-12-28 10:41:08,False,False,False,True,0.0,3.0139949879913706e-05,LOW
6,,,0.0,0.0,0.0,0.0,2023-12-28 08:24:21,False,False,False,True,0.0,3.0139949879913706e-05,LOW
6,,,0.0,0.0,0.0,0.0,2023-12-27 21:22:47,False,False,False,True,0.0,8.776201161750801e-05,LOW
6,0.0,0.0,,,0.0,0.0,2019-12-07 17:08:55,False,False,False,True,0.0,0.006269767659915159,LOW
6,0.0,0.0,,,0.0,0.0,2023-12-31 00:42:06,False,False,False,True,0.0,0.0006127481647081874,LOW
6,0.0,0.0,,,0.0,0.0,2023-12-27 03:39:31,False,False,False,True,0.0,0.005607691927991725,LOW
6,,,0.0,0.0,0.0,0.0,2023-12-27 22:29:38,False,False,False,True,0.0,0.00012942991245724737,LOW
6,,,0.0,0.0,0.0,0.0,2023-12-28 01:05:55,False,False,False,True,0.0,0.00018284912943374563,LOW
6,,,0.0,0.0,0.0,0.0,2023-12-28 09:50:29,False,False,False,True,0.0,3.0139949879913706e-05,LOW
6,,,0.0,0.0,0.0,0.0,2023-12-27 10:39:33,False,False,False,True,0.0,7.430745563959362e-05,LOW
6,,,0.0,0.0,0.0,0.0,2023-12-28 09:32:44,False,False,False,True,0.0,0.0005087523957987315,LOW
6,,,0.0,0.0,0.0,0.0,2023-12-28 11:26:00,False,False,False,True,0.0,3.0139949879913706e-05,LOW
6,,,0.0,0.0,0.0,0.0,2023-12-28 09:56:04,False,False,False,True,0.0,3.0139949879913706e-05,LOW
6,0.0,0.0,,,0.0,0.0,2019-12-07 17:03:45,False,False,False,True,0.0,0.001960011245211956,LOW
6,,,0.0,0.0,0.0,0.0,2023-12-28 10:07:33,False,False,False,True,0.0,0.009081076723027437,LOW
6,,,0.0,0.0,0.0,0.0,2023-12-27 05:05:15,False,False,False,True,0.0,0.00012203534980523903,LOW
6,,,0.0,0.0,0.0,0.0,2023-12-28 19:02:44,False,False,False,True,0.0,0.0033943580358999008,LOW
6,,,0.0,0.0,0.0,0.0,2023-12-28 13:51:14,False,False,False,True,0.0,8.13832577628692e-05,LOW
6,,,0.0,0.0,0.0,0.0,2023-12-28 17:35:23,False,False,False,True,0.0,3.0139949879913706e-05,LOW
6,,,0.0,0.0,0.0,0.0,2023-12-27 03:23:07,False,False,False,True,0.0,0.00013632481870901877,LOW
6,,,0.0,0.0,0.0,0.0,2023-12-27 03:39:35,False,False,False,True,0.0,0.0031030419739116527,LOW
6,,,0.0,0.0,0.0,0.0,2023-12-27 20:40:20,False,False,False,True,0.0,3.753451253192207e-05,LOW
6,,,0.0,0.0,0.0,0.0,2023-12-27 09:04:45,False,False,False,True,0.0,0.0005235012058467061,LOW
6,,,0.0,0.0,0.0,0.0,2023-12-27 19:07:10,False,False,False,True,0.0,3.753451253192207e-05,LOW
6,,,0.0,0.0,0.0,0.0,2023-12-28 11:42:28,False,False,False,True,0.0,3.0139949879913706e-05,LOW
6,,,0.0,0.0,0.0,0.0,2023-12-28 21:42:32,False,False,False,True,0.0,0.00012349608648185793,LOW
6,0.0,0.0,,,0.0,0.0,2019-12-07 23:03:07,False,False,False,True,0.0,0.0006858166036248528,LOW
6,,,0.0,0.0,0.0,0.0,2023-12-28 03:15:42,False,False,False,True,0.0,0.00016607011924505487,LOW
6,,,0.0,0.0,0.0,0.0,2023-12-27 18:07:30,False,False,False,True,0.0,3.753451253192207e-05,LOW
6,,,0.0,0.0,0.0,0.0,2023-12-27 17:37:46,False,False,False,True,0.0,8.608940587476261e-05,LOW
6,,,0.0,0.0,0.0,0.0,2023-12-27 04:12:25,False,False,False,True,0.0,7.283614524450449e-05,LOW
6,,,0.0,0.0,0.0,0.0,2023-12-27 17:50:10,False,False,False,True,0.0,3.0139949879913706e-05,LOW
6,,,0.0,0.0,0.0,0.0,2023-12-27 16:49:57,False,False,False,True,0.0,8.608940587476261e-05,LOW
6,,,0.0,0.0,0.0,0.0,2023-12-28 01:45:42,False,False,False,True,0.0,0.0001306028617997558,LOW
6,0.0,0.0,0.0,0.0,0.0,0.0,2023-12-31 00:36:33,False,False,False,True,0.0,0.015221971079519616,LOW
6,,,0.0,0.0,0.0,0.0,2023-12-28 04:56:03,False,False,False,True,0.0,7.283614524450449e-05,LOW
6,,,0.0,0.0,0.0,0.0,2023-12-27 15:20:53,False,False,False,True,0.0,3.0139949879913706e-05,LOW
6,,,0.0,0.0,0.0,0.0,2023-12-28 09:23:13,False,False,False,True,0.0,0.00039661654526611674,LOW
6,,,0.0,0.0,0.0,0.0,2023-12-27 07:27:15,False,False,False,True,0.0,0.00010540440385021582,LOW
6,,,0.0,0.0,0.0,0.0,2023-12-27 21:34:18,False,False,False,True,0.0,9.530122908717343e-05,LOW
6,,,0.0,0.0,0.0,0.0,2023-12-28 08:04:34,False,False,False,True,0.0,3.0139949879913706e-05,LOW
6,0.0,0.0,,,0.0,0.0,2023-12-31 00:42:06,False,False,False,True,0.0,0.0006620747785162296,LOW
6,,,0.0,0.0,0.0,0.0,2023-12-28 19:57:07,False,False,False,True,0.0,9.530122908717343e-05,LOW
6,,,0.0,0.0,0.0,0.0,2023-12-27 02:44:20,False,False,False,True,0.0,7.283614524450449e-05,LOW
6,,,0.0,0.0,0.0,0.0,2023-12-28 10:17:57,False,False,False,True,0.0,8.534794612040772e-05,LOW
6,,,0.0,0.0,0.0,0.0,2023-12-27 16:35:17,False,False,False,True,0.0,3.0139949879913706e-05,LOW
6,,,0.0,0.0,0.0,0.0,2023-12-28 19:04:14,False,False,False,True,0.0,8.673371709265663e-05,LOW
6,,,0.0,0.0,0.0,0.0,2023-12-28 15:32:25,False,False,False,True,0.0,7.831442974410716e-05,LOW
6,,,0.0,0.0,0.0,0.0,2023-12-27 04:53:46,False,False,False,True,0.0,0.00021624511393860259,LOW
6,0.0,0.0,,,0.0,0.0,2023-12-28 22:37:27,False,False,False,True,0.0,0.0005077085929441154,LOW
6,0.0,0.0,,,0.0,0.0,2023-12-25 17:09:23,False,False,False,True,0.0,0.0008104397803028986,LOW
6,,,0.0,0.0,0.0,0.0,2023-12-27 10:45:41,False,False,False,True,0.0,6.577961616852005e-05,LOW
6,,,0.0,0.0,0.0,0.0,2023-12-28 21:21:15,False,False,False,True,0.0,7.245932183110563e-05,LOW
6,,,0.0,0.0,0.0,0.0,2023-12-28 08:00:43,False,False,False,True,0.0,0.00015016990231191642,LOW
6,0.0,0.0,0.0,0.0,0.0,0.0,2023-12-31 00:43:17,False,False,False,True,0.0,0.016785397395871367,LOW
6,,,0.0,0.0,0.0,0.0,2023-12-27 17:39:31,False,False,False,True,0.0,7.817773542138853e-05,LOW
6,,,0.0,0.0,0.0,0.0,2023-12-28 17:21:55,False,False,False,True,0.0,0.0007913840799174598,LOW
6,,,0.0,0.0,0.0,0.0,2023-12-27 23:15:29,False,False,False,True,0.0,0.00011659923762159058,LOW
6,0.0,0.0,,,0.0,0.0,2023-12-25 16:11:54,False,False,False,True,0.0,0.0009290985484248299,LOW
6,,,0.0,0.0,0.0,0.0,2023-12-28 12:27:22,False,False,False,True,0.0,0.00011712624852639069,LOW
6,,,0.0,0.0,0.0,0.0,2023-12-28 19:52:26,False,False,False,True,0.0,8.28634373108617e-05,LOW
6,0.0,0.0,,,0.0,0.0,2023-12-31 00:36:41,False,False,False,True,0.0,0.0007103820938169967,LOW
6,,,0.0,0.0,0.0,0.0,2023-12-28 17:01:29,False,False,False,True,0.0,7.933915444064827e-05,LOW
6,,,0.0,0.0,0.0,0.0,2023-12-27 11:14:41,False,False,False,True,0.0,3.0139949879913706e-05,LOW
6,,,0.0,0.0,0.0,0.0,2023-12-28 08:28:57,False,False,False,True,0.0,3.0139949879913706e-05,LOW
6,0.0,0.0,,,0.0,0.0,2023-12-19 15:00:12,False,False,False,True,0.0,0.0008374683357491622,LOW
6,,,0.0,0.0,0.0,0.0,2023-12-27 15:03:31,False,False,False,True,0.0,3.0139949879913706e-05,LOW
6,,,0.0,0.0,0.0,0.0,2023-12-28 17:04:44,False,False,False,True,0.0,7.546887465885332e-05,LOW
6,,,0.0,0.0,0.0,0.0,2023-12-27 20:25:17,False,False,False,True,0.0,9.143094930537848e-05,LOW
6,,,0.0,0.0,0.0,0.0,2023-12-27 05:09:25,False,False,False,True,0.0,0.009760543418596255,LOW
6,0.0,0.0,,,0.0,0.0,2023-12-28 22:18:31,False,False,False,True,0.0,0.0008751375878215288,LOW
6,,,0.0,0.0,0.0,0.0,2023-12-27 20:50:21,False,False,False,True,0.0,3.753451253192207e-05,LOW
6,0.0,0.0,1.0,0.0,1.0,0.0,2023-12-31 00:36:33,False,False,True,False,1.0,0.72857887045923,HIGH
6,,,0.0,0.0,0.0,0.0,2023-12-28 06:28:09,False,False,False,True,0.0,0.00012804414148499848,LOW
6,,,0.0,0.0,0.0,0.0,2023-12-27 18:54:09,False,False,False,True,0.0,3.753451253192207e-05,LOW
6,,,0.0,0.0,0.0,0.0,2023-12-28 09:53:25,False,False,False,True,0.0,8.790666643516506e-05,LOW
6,,,0.0,0.0,0.0,0.0,2023-12-28 19:17:15,False,False,False,True,0.0,3.753451253192207e-05,LOW
6,0.0,0.0,,,0.0,0.0,2023-12-28 22:26:31,False,False,False,True,0.0,0.0007899522573559757,LOW
6,,,0.0,0.0,0.0,0.0,2023-12-27 13:03:10,False,False,False,True,0.0,0.0006715850197886311,LOW
6,,,0.0,0.0,0.0,0.0,2023-12-28 21:13:27,False,False,False,True,0.0,0.00017995247234091404,LOW
6,,,0.0,0.0,0.0,0.0,2023-12-27 02:49:11,False,False,False,True,0.0,0.003658984962397073,LOW
6,,,0.0,0.0,0.0,0.0,2023-12-27 22:32:19,False,False,False,True,0.0,0.0007511476690870207,LOW
6,,,0.0,0.0,0.0,0.0,2023-12-27 07:07:05,False,False,False,True,0.0,3.0139949879913706e-05,LOW
6,,,0.0,0.0,0.0,0.0,2023-12-27 13:08:04,False,False,False,True,0.0,0.00012730400551444834,LOW
6,,,0.0,0.0,0.0,0.0,2023-12-28 04:30:42,False,False,False,True,0.0,0.00016607011924505487,LOW
6,,,0.0,0.0,0.0,0.0,2023-12-28 20:11:19,False,False,False,True,0.0,0.00014326608016097353,LOW
6,,,0.0,0.0,0.0,0.0,2023-12-27 02:48:49,False,False,False,True,0.0,7.283614524450449e-05,LOW
6,,,0.0,0.0,0.0,0.0,2023-12-28 20:32:25,False,False,False,True,0.0,0.00018243398566441973,LOW
6,,,0.0,0.0,0.0,0.0,2023-12-28 17:32:32,False,False,False,True,0.0,0.00011610152382984958,LOW
6,,,0.0,0.0,0.0,0.0,2023-12-27 08:25:11,False,False,False,True,0.0,0.00010319258137143763,LOW
6,,,0.0,0.0,0.0,0.0,2023-12-28 04:20:51,False,False,False,True,0.0,7.283614524450449e-05,LOW
6,0.0,0.0,,,0.0,0.0,2023-12-31 00:36:37,False,False,False,True,0.0,0.0006620747785162296,LOW
6,,,0.0,0.0,0.0,0.0,2023-12-27 13:06:26,False,False,False,True,0.0,7.933915444064827e-05,LOW
6,0.0,0.0,0.0,0.0,0.0,0.0,2023-12-28 22:32:25,False,False,False,True,0.0,0.01707667522976226,LOW
6,0.0,0.0,,,0.0,0.0,2023-12-31 00:42:02,False,False,False,True,0.0,0.0011548287166912939,LOW
6,0.0,0.0,1.0,0.0,1.0,0.0,2023-12-31 00:36:32,False,False,True,False,1.0,0.5874199173667543,MEDIUM
6,,,0.0,0.0,0.0,0.0,2023-12-28 18:23:02,False,False,False,True,0.0,7.831410394012067e-05,LOW
6,,,0.0,0.0,0.0,0.0,2023-12-28 12:09:23,False,False,False,True,0.0,3.0139949879913706e-05,LOW
6,0.0,0.0,1.0,0.0,1.0,0.0,2023-12-31 00:36:32,False,False,True,False,1.0,0.5796759072610357,MEDIUM
6,,,0.0,0.0,0.0,0.0,2023-12-28 11:05:47,False,False,False,True,0.0,3.0139949879913706e-05,LOW
6,,,0.0,0.0,0.0,0.0,2023-12-28 11:51:14,False,False,False,True,0.0,8.608940587476261e-05,LOW
6,0.0,0.0,,,0.0,0.0,2023-12-25 16:11:51,False,False,False,True,0.0,0.0009290985484248299,LOW
6,,,0.0,0.0,0.0,0.0,2023-12-28 20:21:26,False,False,False,True,0.0,3.753451253192207e-05,LOW
6,,,0.0,0.0,0.0,0.0,2023-12-28 11:50:07,False,False,False,True,0.0,7.933915444064827e-05,LOW
6,,,0.0,0.0,0.0,0.0,2023-12-28 09:21:50,False,False,False,True,0.0,0.00036653183918084663,LOW
6,,,0.0,0.0,0.0,0.0,2023-12-28 03:54:49,False,False,False,True,0.0,7.283614524450449e-05,LOW
6,0.0,0.0,,,0.0,0.0,2023-12-31 00:42:08,False,False,False,True,0.0,0.000568516239445892,LOW
6,,,0.0,0.0,0.0,0.0,2023-12-28 02:46:49,False,False,False,True,0.0,0.00022951877404501274,LOW
6,0.0,0.0,,,0.0,0.0,2023-12-31 00:36:34,False,False,False,True,0.0,0.0011065708158344623,LOW
6,,,0.0,0.0,0.0,0.0,2023-12-27 06:44:04,False,False,False,True,0.0,7.283614524450449e-05,LOW
6,,,0.0,0.0,0.0,0.0,2023-12-28 12:22:14,False,False,False,True,0.0,0.00015768084111753358,LOW
6,,,0.0,0.0,0.0,0.0,2023-12-27 17:05:50,False,False,False,True,0.0,0.00019626269517478132,LOW
6,,,0.0,0.0,0.0,0.0,2023-12-27 20:24:14,False,False,False,True,0.0,9.530122908717343e-05,LOW
6,,,0.0,0.0,0.0,0.0,2023-12-28 13:25:41,False,False,False,True,0.0,7.933915444064827e-05,LOW
6,,,0.0,0.0,0.0,0.0,2023-12-28 17:57:23,False,False,False,True,0.0,3.0139949879913706e-05,LOW
6,,,0.0,0.0,0.0,0.0,2023-12-27 09:05:05,False,False,False,True,0.0,6.506475917909724e-05,LOW
6,,,0.0,0.0,0.0,0.0,2023-12-27 17:32:29,False,False,False,True,0.0,0.00016399039769438888,LOW
6,,,0.0,0.0,0.0,0.0,2023-12-27 14:32:29,False,False,False,True,0.0,0.00016399039769438888,LOW
6,,,0.0,0.0,0.0,0.0,2023-12-27 10:05:34,False,False,False,True,0.0,8.403638665337012e-05,LOW
6,,,0.0,0.0,0.0,0.0,2023-12-28 06:01:08,False,False,False,True,0.0,7.283614524450449e-05,LOW
6,,,0.0,0.0,0.0,0.0,2023-12-27 11:38:38,False,False,False,True,0.0,3.0139949879913706e-05,LOW
6,,,0.0,0.0,0.0,0.0,2023-12-27 09:33:21,False,False,False,True,0.0,7.933915444064827e-05,LOW
6,,,0.0,0.0,0.0,0.0,2023-12-27 08:49:21,False,False,False,True,0.0,3.0139949879913706e-05,LOW
6,,,0.0,0.0,0.0,0.0,2023-12-28 15:22:56,False,False,False,True,0.0,3.0139949879913706e-05,LOW
6,,,0.0,0.0,0.0,0.0,2023-12-27 10:37:10,False,False,False,True,0.0,3.0139949879913706e-05,LOW
6,0.0,0.0,,,0.0,0.0,2023-12-25 16:22:35,False,False,False,True,0.0,0.0008790146120205469,LOW
6,,,0.0,0.0,0.0,0.0,2023-12-27 11:37:06,False,False,False,True,0.0,3.0139949879913706e-05,LOW
6,,,0.0,0.0,0.0,0.0,2023-12-28 22:05:44,False,False,False,True,0.0,0.00011659923762159058,LOW
6,,,0.0,0.0,0.0,0.0,2023-12-28 12:53:04,False,False,False,True,0.0,3.0139949879913706e-05,LOW
6,,,0.0,0.0,0.0,0.0,2023-12-27 11:34:19,False,False,False,True,0.0,3.0139949879913706e-05,LOW
6,0.0,0.0,,,0.0,0.0,2023-12-25 16:11:55,False,False,False,True,0.0,0.0009290985484248299,LOW
6,,,0.0,0.0,0.0,0.0,2023-12-27 17:46:37,False,False,False,True,0.0,3.0139949879913706e-05,LOW
6,0.0,0.0,0.0,0.0,0.0,0.0,2023-12-28 22:32:25,False,False,False,True,0.0,0.10978286517250052,LOW
6,,,0.0,0.0,0.0,0.0,2023-12-27 11:42:13,False,False,False,True,0.0,3.0139949879913706e-05,LOW
6,,,0.0,0.0,0.0,0.0,2023-12-27 22:40:18,False,False,False,True,0.0,8.921793908732825e-05,LOW
6,,,0.0,0.0,0.0,0.0,2023-12-28 09:22:21,False,False,False,True,0.0,7.09195412881123e-05,LOW
6,,,0.0,0.0,0.0,0.0,2023-12-28 09:31:44,False,False,False,True,0.0,0.0020688499681111566,LOW
6,0.0,0.0,,,0.0,0.0,2023-12-25 17:37:20,False,False,False,True,0.0,0.0008084267925056306,LOW
6,,,0.0,0.0,0.0,0.0,2023-12-27 15:26:25,False,False,False,True,0.0,3.0139949879913706e-05,LOW
6,,,0.0,0.0,0.0,0.0,2023-12-28 10:25:06,False,False,False,True,0.0,7.546887465885332e-05,LOW
6,0.0,0.0,1.0,0.0,1.0,0.0,2023-12-31 00:36:32,False,False,True,False,1.0,0.6422193038871388,MEDIUM
6,,,0.0,0.0,0.0,0.0,2023-12-28 13:21:14,False,False,False,True,0.0,4.653612733812421e-05,LOW
6,,,0.0,0.0,0.0,0.0,2023-12-27 11:46:17,False,False,False,True,0.0,3.0139949879913706e-05,LOW
6,,,0.0,0.0,0.0,0.0,2023-12-28 10:22:41,False,False,False,True,0.0,7.933915444064827e-05,LOW
6,0.0,0.0,1.0,0.0,1.0,0.0,2023-12-31 00:36:32,False,False,True,False,1.0,0.627833849824321,MEDIUM
6,,,0.0,0.0,0.0,0.0,2023-12-27 18:10:15,False,False,False,True,0.0,4.034547295502703e-05,LOW
6,,,0.0,0.0,0.0,0.0,2023-12-27 10:27:48,False,False,False,True,0.0,3.0139949879913706e-05,LOW
6,,,0.0,0.0,0.0,0.0,2023-12-27 20:22:50,False,False,False,True,0.0,7.919449962299119e-05,LOW
6,,,0.0,0.0,0.0,0.0,2023-12-28 15:35:40,False,False,False,True,0.0,3.0139949879913706e-05,LOW
6,,,0.0,0.0,0.0,0.0,2023-12-27 02:50:26,False,False,False,True,0.0,7.283614524450449e-05,LOW
6,,,0.0,0.0,0.0,0.0,2023-12-27 21:18:46,False,False,False,True,0.0,3.753451253192207e-05,LOW
6,,,0.0,0.0,0.0,0.0,2023-12-28 04:39:39,False,False,False,True,0.0,0.00012203534980523903,LOW
6,,,0.0,0.0,0.0,0.0,2023-12-27 10:35:09,False,False,False,True,0.0,3.0139949879913706e-05,LOW
6,,,0.0,0.0,0.0,0.0,2023-12-27 11:10:36,False,False,False,True,0.0,3.0139949879913706e-05,LOW
6,0.0,0.0,,,0.0,0.0,2022-12-18 23:39:32,False,False,False,True,0.0,0.0002575328640346022,LOW
6,,,0.0,0.0,0.0,0.0,2023-12-28 20:04:13,False,False,False,True,0.0,8.673371709265663e-05,LOW
6,,,0.0,0.0,0.0,0.0,2023-12-27 12:03:06,False,False,False,True,0.0,3.0139949879913706e-05,LOW
6,,,0.0,0.0,0.0,0.0,2023-12-27 10:05:23,False,False,False,True,0.0,3.0139949879913706e-05,LOW
6,,,0.0,0.0,0.0,0.0,2023-12-27 22:16:33,False,False,False,True,0.0,8.640697866422332e-05,LOW
6,,,0.0,0.0,0.0,0.0,2023-12-27 23:19:39,False,False,False,True,0.0,0.00012942991245724737,LOW
6,,,0.0,0.0,0.0,0.0,2023-12-28 19:33:38,False,False,False,True,0.0,0.00017995247234091404,LOW
6,,,0.0,0.0,0.0,0.0,2023-12-28 14:57:11,False,False,False,True,0.0,3.0139949879913706e-05,LOW
6,0.0,0.0,,,0.0,0.0,2022-12-20 21:56:09,False,False,False,True,0.0,0.0005389387946952046,LOW
6,,,0.0,0.0,0.0,0.0,2023-12-27 11:41:24,False,False,False,True,0.0,0.00013852464639946608,LOW
6,,,0.0,0.0,0.0,0.0,2023-12-28 10:21:13,False,False,False,True,0.0,0.00014057766562085855,LOW
6,,,0.0,0.0,0.0,0.0,2023-12-27 08:29:48,False,False,False,True,0.0,3.0139949879913706e-05,LOW
6,,,0.0,0.0,0.0,0.0,2023-12-28 19:28:26,False,False,False,True,0.0,3.753451253192207e-05,LOW
6,,,0.0,0.0,0.0,0.0,2023-12-28 09:51:13,False,False,False,True,0.0,0.0007570908715408507,LOW
6,0.0,0.0,,,0.0,0.0,2023-12-25 16:11:52,False,False,False,True,0.0,0.0008649280400489944,LOW
6,,,0.0,0.0,0.0,0.0,2023-12-31 00:42:18,False,False,False,True,0.0,0.0022510063878809798,LOW
6,0.0,0.0,,,0.0,0.0,2023-12-27 03:39:31,False,False,False,True,0.0,0.0006697580165597234,LOW
6,0.0,0.0,1.0,0.0,1.0,0.0,2023-12-31 00:36:33,False,False,True,False,1.0,0.7176998885427895,HIGH
6,,,0.0,0.0,0.0,0.0,2023-12-28 22:21:15,False,False,False,True,0.0,0.0001430122762002149,LOW
6,,,0.0,0.0,0.0,0.0,2023-12-28 17:22:09,False,False,False,True,0.0,3.0139949879913706e-05,LOW
6,,,0.0,0.0,0.0,0.0,2023-12-28 22:22:29,False,False,False,True,0.0,0.00012942991245724737,LOW
6,,,0.0,0.0,0.0,0.0,2023-12-28 06:45:43,False,False,False,True,0.0,0.00011777218696409897,LOW
6,,,0.0,0.0,0.0,0.0,2023-12-27 07:22:45,False,False,False,True,0.0,7.916599852211542e-05,LOW
6,0.0,0.0,,,0.0,0.0,2023-12-28 21:52:25,False,False,False,True,0.0,0.005233649948593569,LOW
6,,,0.0,0.0,0.0,0.0,2023-12-27 19:07:47,False,False,False,True,0.0,0.00014591920905147445,LOW
6,,,0.0,0.0,0.0,0.0,2023-12-28 07:13:35,False,False,False,True,0.0,8.403638665337012e-05,LOW
6,,,0.0,0.0,0.0,0.0,2023-12-28 08:04:01,False,False,False,True,0.0,3.0139949879913706e-05,LOW
6,,,0.0,0.0,0.0,0.0,2023-12-28 20:53:02,False,False,False,True,0.0,9.530122908717343e-05,LOW
6,,,0.0,0.0,0.0,0.0,2023-12-28 01:05:52,False,False,False,True,0.0,0.00011777218696409897,LOW
6,,,0.0,0.0,0.0,0.0,2023-12-28 04:48:22,False,False,False,True,0.0,7.283614524450449e-05,LOW
6,,,0.0,0.0,0.0,0.0,2023-12-27 16:14:28,False,False,False,True,0.0,0.00017457089748617365,LOW
6,0.0,0.0,1.0,0.0,1.0,0.0,2023-12-31 00:36:32,False,False,True,False,1.0,0.6231943715648821,MEDIUM
6,,,0.0,0.0,0.0,0.0,2023-12-27 15:12:16,False,False,False,True,0.0,0.00015016990231191642,LOW
6,,,0.0,0.0,0.0,0.0,2023-12-28 07:42:03,False,False,False,True,0.0,3.0139949879913706e-05,LOW
6,,,0.0,0.0,0.0,0.0,2023-12-28 12:09:54,False,False,False,True,0.0,3.0139949879913706e-05,LOW
6,,,0.0,0.0,0.0,0.0,2023-12-28 15:49:44,False,False,False,True,0.0,3.0139949879913706e-05,LOW
6,,,0.0,0.0,0.0,0.0,2023-12-27 22:26:42,False,False,False,True,0.0,0.00046158959925229,LOW
6,,,0.0,0.0,0.0,0.0,2023-12-27 16:19:05,False,False,False,True,0.0,3.0139949879913706e-05,LOW
6,,,0.0,0.0,0.0,0.0,2023-12-27 13:15:26,False,False,False,True,0.0,3.0139949879913706e-05,LOW
6,,,0.0,0.0,0.0,0.0,2023-12-28 03:45:42,False,False,False,True,0.0,0.00015400586760325145,LOW
6,,,0.0,0.0,0.0,0.0,2023-12-28 09:31:44,False,False,False,True,0.0,0.00039291301291609744,LOW
6,,,0.0,0.0,0.0,0.0,2023-12-28 18:21:14,False,False,False,True,0.0,9.143094930537848e-05,LOW
6,0.0,0.0,,,0.0,0.0,2023-12-31 00:36:47,False,False,False,True,0.0,0.00041064324847275716,LOW
6,,,0.0,0.0,0.0,0.0,2023-12-27 16:45:37,False,False,False,True,0.0,3.0139949879913706e-05,LOW
6,,,0.0,0.0,0.0,0.0,2023-12-27 07:19:50,False,False,False,True,0.0,3.0139949879913706e-05,LOW
6,,,0.0,0.0,0.0,0.0,2023-12-28 17:04:58,False,False,False,True,0.0,0.0005235012058467061,LOW
6,0.0,0.0,1.0,0.0,1.0,0.0,2023-12-31 00:36:32,False,False,True,False,1.0,0.6032352171553779,MEDIUM
6,,,0.0,0.0,0.0,0.0,2023-12-28 16:21:14,False,False,False,True,0.0,8.13832577628692e-05,LOW
6,,,0.0,0.0,0.0,0.0,2023-12-28 03:16:16,False,False,False,True,0.0,0.0001407322074968413,LOW
6,,,0.0,0.0,0.0,0.0,2023-12-28 21:35:00,False,False,False,True,0.0,0.00015756446496392482,LOW
6,0.0,0.0,,,0.0,0.0,2023-12-31 00:42:03,False,False,False,True,0.0,0.0007103820938169967,LOW
6,,,0.0,0.0,0.0,0.0,2023-12-28 10:00:02,False,False,False,True,0.0,0.00012098761240901408,LOW
6,,,0.0,0.0,0.0,0.0,2023-12-28 14:29:15,False,False,False,True,0.0,9.44169308463781e-05,LOW
6,,,0.0,0.0,0.0,0.0,2023-12-28 14:32:59,False,False,False,True,0.0,3.0139949879913706e-05,LOW
6,0.0,0.0,,,0.0,0.0,2023-12-25 17:13:58,False,False,False,True,0.0,0.0008084267925056306,LOW
6,,,0.0,0.0,0.0,0.0,2023-12-28 07:15:43,False,False,False,True,0.0,0.0016154148166916127,LOW
6,,,0.0,0.0,0.0,0.0,2023-12-28 03:26:07,False,False,False,True,0.0,0.0006828272444968525,LOW
6,0.0,0.0,0.0,0.0,0.0,0.0,2023-12-31 00:36:53,False,False,False,True,0.0,0.059938364459410635,LOW
6,,,0.0,0.0,0.0,0.0,2023-12-28 21:06:34,False,False,False,True,0.0,8.673371709265663e-05,LOW
6,0.0,0.0,,,0.0,0.0,2023-12-28 21:59:00,False,False,False,True,0.0,0.0019591396646052514,LOW
6,0.0,0.0,1.0,0.0,1.0,0.0,2023-12-31 00:36:32,False,False,True,False,1.0,0.5796759072610357,MEDIUM
6,,,0.0,0.0,0.0,0.0,2023-12-27 18:30:55,False,False,False,True,0.0,3.753451253192207e-05,LOW
6,,,0.0,0.0,0.0,0.0,2023-12-27 13:33:47,False,False,False,True,0.0,3.0139949879913706e-05,LOW
6,,,0.0,0.0,0.0,0.0,2023-12-27 17:44:03,False,False,False,True,0.0,3.0139949879913706e-05,LOW
6,,,0.0,0.0,0.0,0.0,2023-12-27 17:39:09,False,False,False,True,0.0,3.0139949879913706e-05,LOW
6,,,0.0,0.0,0.0,0.0,2023-12-28 09:48:42,False,False,False,True,0.0,3.0139949879913706e-05,LOW
6,,,0.0,0.0,0.0,0.0,2023-12-28 09:22:55,False,False,False,True,0.0,0.0003977779642853765,LOW
6,,,0.0,0.0,0.0,0.0,2023-12-28 12:36:30,False,False,False,True,0.0,7.885332067615346e-05,LOW
6,,,0.0,0.0,0.0,0.0,2023-12-27 15:53:29,False,False,False,True,0.0,4.75608520346653e-05,LOW
6,,,0.0,0.0,0.0,0.0,2023-12-28 09:52:25,False,False,False,True,0.0,7.831442974410716e-05,LOW
6,0.0,0.0,,,0.0,0.0,2023-12-25 16:11:55,False,False,False,True,0.0,0.0009290985484248299,LOW
6,0.0,0.0,,,0.0,0.0,2023-12-25 16:11:52,False,False,False,True,0.0,0.0009290985484248299,LOW
6,,,0.0,0.0,0.0,0.0,2023-12-27 19:17:50,False,False,False,True,0.0,0.00017149551899228038,LOW
6,,,0.0,0.0,0.0,0.0,2023-12-27 10:28:43,False,False,False,True,0.0,3.0139949879913706e-05,LOW
6,,,0.0,0.0,0.0,0.0,2023-12-28 09:37:16,False,False,False,True,0.0,0.00013852464639946608,LOW
6,,,0.0,0.0,0.0,0.0,2023-12-28 22:02:09,False,False,False,True,0.0,0.00012942991245724737,LOW
6,,,0.0,0.0,0.0,0.0,2023-12-28 21:22:01,False,False,False,True,0.0,6.389180983658884e-05,LOW
6,,,0.0,0.0,0.0,0.0,2023-12-27 09:17:56,False,False,False,True,0.0,3.0139949879913706e-05,LOW
6,,,0.0,0.0,0.0,0.0,2023-12-27 18:33:02,False,False,False,True,0.0,3.753451253192207e-05,LOW
6,0.0,0.0,,,0.0,0.0,2023-12-31 00:36:51,False,False,False,True,0.0,0.0017233274529635794,LOW
6,,,0.0,0.0,0.0,0.0,2023-12-27 03:43:50,False,False,False,True,0.0,7.283614524450449e-05,LOW
6,,,0.0,0.0,0.0,0.0,2023-12-27 15:26:55,False,False,False,True,0.0,3.0139949879913706e-05,LOW
6,,,0.0,0.0,0.0,0.0,2023-12-28 03:09:00,False,False,False,True,0.0,0.00016607011924505487,LOW
6,0.0,0.0,,,0.0,0.0,2023-12-31 00:36:34,False,False,False,True,0.0,0.0049008742726782545,LOW
6,,,0.0,0.0,0.0,0.0,2023-12-27 04:13:21,False,False,False,True,0.0,7.283614524450449e-05,LOW
6,,,0.0,0.0,0.0,0.0,2023-12-28 22:14:04,False,False,False,True,0.0,0.00011659923762159058,LOW
6,,,0.0,0.0,0.0,0.0,2023-12-28 15:12:16,False,False,False,True,0.0,9.362862334442803e-05,LOW
6,,,0.0,0.0,0.0,0.0,2023-12-27 22:03:46,False,False,False,True,0.0,8.640697866422332e-05,LOW
6,,,0.0,0.0,0.0,0.0,2023-12-27 03:39:30,False,False,False,True,0.0,0.0005830288375085965,LOW
6,,,0.0,0.0,0.0,0.0,2023-12-28 09:22:48,False,False,False,True,0.0,0.000707322811972098,LOW
6,,,0.0,0.0,0.0,0.0,2023-12-27 16:29:01,False,False,False,True,0.0,3.0139949879913706e-05,LOW
6,,,0.0,0.0,0.0,0.0,2023-12-28 14:15:39,False,False,False,True,0.0,3.0139949879913706e-05,LOW
6,,,0.0,0.0,0.0,0.0,2023-12-28 02:55:42,False,False,False,True,0.0,0.00012944144278049608,LOW
6,,,0.0,0.0,0.0,0.0,2023-12-27 05:07:45,False,False,False,True,0.0,0.00022951877404501274,LOW
6,,,0.0,0.0,0.0,0.0,2023-12-31 00:43:36,False,False,False,True,0.0,0.0011186229018753026,LOW
6,,,0.0,0.0,0.0,0.0,2023-12-28 11:06:14,False,False,False,True,0.0,8.320051832327168e-05,LOW
6,0.0,0.0,,,0.0,0.0,2023-12-25 16:11:56,False,False,False,True,0.0,0.0009290985484248299,LOW
6,,,0.0,0.0,0.0,0.0,2023-12-28 09:21:39,False,False,False,True,0.0,0.0009245950769746779,LOW
6,,,0.0,0.0,0.0,0.0,2023-12-28 04:04:50,False,False,False,True,0.0,7.283614524450449e-05,LOW
6,,,0.0,0.0,0.0,0.0,2023-12-28 14:24:08,False,False,False,True,0.0,3.0139949879913706e-05,LOW
6,,,0.0,0.0,0.0,0.0,2023-12-28 09:25:01,False,False,False,True,0.0,3.0139949879913706e-05,LOW
6,,,0.0,0.0,0.0,0.0,2023-12-27 07:52:45,False,False,False,True,0.0,8.403638665337012e-05,LOW
6,,,0.0,0.0,0.0,0.0,2023-12-28 02:45:42,False,False,False,True,0.0,0.00012101062510869794,LOW
6,,,0.0,0.0,0.0,0.0,2023-12-27 05:40:48,False,False,False,True,0.0,0.00014929971949135807,LOW
6,0.0,0.0,,,0.0,0.0,2023-12-31 00:36:44,False,False,False,True,0.0,0.0006127481647081874,LOW
6,,,0.0,0.0,0.0,0.0,2023-12-27 14:53:21,False,False,False,True,0.0,8.711413057130371e-05,LOW
6,,,0.0,0.0,0.0,0.0,2023-12-27 16:20:56,False,False,False,True,0.0,3.0139949879913706e-05,LOW
6,0.0,0.0,1.0,0.0,1.0,0.0,2023-12-31 00:36:32,False,False,True,False,1.0,0.6401876648144288,MEDIUM
6,,,0.0,0.0,0.0,0.0,2023-12-28 15:06:14,False,False,False,True,0.0,6.506475917909724e-05,LOW
6,,,0.0,0.0,0.0,0.0,2023-12-27 20:24:09,False,False,False,True,0.0,0.00040517252693738487,LOW
6,,,0.0,0.0,0.0,0.0,2023-12-28 20:13:12,False,False,False,True,0.0,0.00017995247234091404,LOW
6,0.0,0.0,,,0.0,0.0,2022-09-08 11:02:17,False,False,False,True,0.0,0.0008339510698330127,LOW
6,,,0.0,0.0,0.0,0.0,2023-12-27 19:58:36,False,False,False,True,0.0,3.753451253192207e-05,LOW
6,0.0,0.0,,,0.0,0.0,2023-12-28 15:42:25,False,False,False,True,0.0,0.005725388130299808,LOW
6,0.0,0.0,,,0.0,0.0,2023-12-31 00:36:51,False,False,False,True,0.0,0.07737118311992225,LOW
6,,,0.0,0.0,0.0,0.0,2023-12-27 23:35:01,False,False,False,True,0.0,8.640697866422332e-05,LOW
6,,,0.0,0.0,0.0,0.0,2023-12-28 19:59:31,False,False,False,True,0.0,3.753451253192207e-05,LOW
6,0.0,0.0,,,0.0,0.0,2022-12-16 17:15:40,False,False,False,True,0.0,0.000811941761688735,LOW
6,,,0.0,0.0,0.0,0.0,2023-12-28 17:04:48,False,False,False,True,0.0,3.0139949879913706e-05,LOW
6,,,0.0,0.0,0.0,0.0,2023-12-28 19:22:32,False,False,False,True,0.0,8.673371709265663e-05,LOW
6,,,0.0,0.0,0.0,0.0,2023-12-27 06:26:03,False,False,False,True,0.0,0.0001603481623357919,LOW
6,,,0.0,0.0,0.0,0.0,2023-12-27 17:52:46,False,False,False,True,0.0,0.00013587151750896515,LOW
6,,,0.0,0.0,0.0,0.0,2023-12-27 20:54:33,False,False,False,True,0.0,0.00010307620521782888,LOW
6,,,0.0,0.0,0.0,0.0,2023-12-27 15:09:36,False,False,False,True,0.0,3.0139949879913706e-05,LOW
6,0.0,0.0,1.0,0.0,1.0,0.0,2023-12-31 00:36:33,False,False,True,False,1.0,0.6852874331626961,MEDIUM
6,,,0.0,0.0,0.0,0.0,2023-12-27 14:06:54,False,False,False,True,0.0,0.00040765964897046265,LOW
6,,,0.0,0.0,0.0,0.0,2023-12-27 21:35:47,False,False,False,True,0.0,3.753451253192207e-05,LOW
6,,,0.0,0.0,0.0,0.0,2023-12-27 04:52:25,False,False,False,True,0.0,7.283614524450449e-05,LOW
6,,,0.0,0.0,0.0,0.0,2023-12-28 03:44:50,False,False,False,True,0.0,7.283614524450449e-05,LOW
6,,,0.0,0.0,0.0,0.0,2023-12-27 12:57:37,False,False,False,True,0.0,3.0139949879913706e-05,LOW
6,,,0.0,0.0,0.0,0.0,2023-12-27 12:37:50,False,False,False,True,0.0,0.00015960119748924682,LOW
6,,,0.0,0.0,0.0,0.0,2023-12-28 08:29:35,False,False,False,True,0.0,3.0139949879913706e-05,LOW
6,,,0.0,0.0,0.0,0.0,2023-12-27 19:26:15,False,False,False,True,0.0,0.00040517252693738487,LOW
6,,,0.0,0.0,0.0,0.0,2023-12-27 16:33:44,False,False,False,True,0.0,9.568164256582048e-05,LOW
6,0.0,0.0,,,0.0,0.0,2023-12-28 21:53:29,False,False,False,True,0.0,0.0019591396646052514,LOW
6,,,0.0,0.0,0.0,0.0,2023-12-27 03:01:29,False,False,False,True,0.0,0.0004508392759189182,LOW
6,,,0.0,0.0,0.0,0.0,2023-12-28 22:12:00,False,False,False,True,0.0,8.640697866422332e-05,LOW
6,,,0.0,0.0,0.0,0.0,2023-12-28 05:34:09,False,False,False,True,0.0,7.283614524450449e-05,LOW
6,0.0,0.0,,,0.0,0.0,2023-12-25 16:11:54,False,False,False,True,0.0,0.0009290985484248299,LOW
6,0.0,0.0,,,0.0,0.0,2023-12-19 15:24:27,False,False,False,True,0.0,0.0007677675736599092,LOW
6,,,0.0,0.0,0.0,0.0,2023-12-28 16:51:14,False,False,False,True,0.0,6.035861106720388e-05,LOW
6,,,0.0,0.0,0.0,0.0,2023-12-27 10:46:03,False,False,False,True,0.0,0.00021128801419722194,LOW
6,,,0.0,0.0,0.0,0.0,2023-12-28 11:01:43,False,False,False,True,0.0,3.0139949879913706e-05,LOW
6,,,0.0,0.0,0.0,0.0,2023-12-28 03:46:07,False,False,False,True,0.0,0.00011128169409492144,LOW
6,,,0.0,0.0,0.0,0.0,2023-12-27 17:58:40,False,False,False,True,0.0,3.0139949879913706e-05,LOW
6,,,0.0,0.0,0.0,0.0,2023-12-27 11:02:11,False,False,False,True,0.0,3.0139949879913706e-05,LOW
6,0.0,0.0,,,0.0,0.0,2023-02-05 23:46:48,False,False,False,True,0.0,0.01936371545005472,LOW
6,,,0.0,0.0,0.0,0.0,2023-12-27 05:04:45,False,False,False,True,0.0,0.005623239860436105,LOW
6,,,0.0,0.0,0.0,0.0,2023-12-27 11:39:40,False,False,False,True,0.0,0.00041296912449003233,LOW
6,,,0.0,0.0,0.0,0.0,2023-12-27 06:41:18,False,False,False,True,0.0,0.0003519203080517947,LOW
6,,,0.0,0.0,0.0,0.0,2023-12-28 03:30:45,False,False,False,True,0.0,0.00011732920169334565,LOW
6,0.0,0.0,,,0.0,0.0,2023-12-25 16:11:56,False,False,False,True,0.0,0.0009290985484248299,LOW
6,,,0.0,0.0,0.0,0.0,2023-12-28 21:22:17,False,False,False,True,0.0,0.00013735169705695767,LOW
6,,,0.0,0.0,0.0,0.0,2023-12-28 07:00:45,False,False,False,True,0.0,6.504076963769699e-05,LOW
6,0.0,0.0,,,0.0,0.0,2023-12-28 22:26:31,False,False,False,True,0.0,0.000796314377626418,LOW
6,,,0.0,0.0,0.0,0.0,2023-12-27 14:42:26,False,False,False,True,0.0,3.0139949879913706e-05,LOW
6,,,0.0,0.0,0.0,0.0,2023-12-27 18:06:19,False,False,False,True,0.0,8.28634373108617e-05,LOW
6,,,0.0,0.0,0.0,0.0,2023-12-28 14:08:16,False,False,False,True,0.0,8.403638665337012e-05,LOW
6,,,0.0,0.0,0.0,0.0,2023-12-28 19:32:18,False,False,False,True,0.0,0.00010102318599643639,LOW
6,,,0.0,0.0,0.0,0.0,2023-12-28 14:30:45,False,False,False,True,0.0,7.933915444064827e-05,LOW
6,,,0.0,0.0,0.0,0.0,2023-12-28 14:40:03,False,False,False,True,0.0,6.506475917909724e-05,LOW
6,,,0.0,0.0,0.0,0.0,2023-12-27 07:52:45,False,False,False,True,0.0,0.0016201209648035058,LOW
6,,,0.0,0.0,0.0,0.0,2023-12-27 14:36:57,False,False,False,True,0.0,3.0139949879913706e-05,LOW
6,0.0,0.0,,,0.0,0.0,2022-12-20 22:00:18,False,False,False,True,0.0,0.0008861524093579832,LOW
6,,,0.0,0.0,0.0,0.0,2023-12-28 15:03:04,False,False,False,True,0.0,3.0139949879913706e-05,LOW
6,,,0.0,0.0,0.0,0.0,2023-12-28 13:21:17,False,False,False,True,0.0,0.00013201015362634174,LOW
6,,,0.0,0.0,0.0,0.0,2023-12-27 02:52:51,False,False,False,True,0.0,0.00165424964817358,LOW
6,,,0.0,0.0,0.0,0.0,2023-12-28 16:22:33,False,False,False,True,0.0,0.0001725579096889057,LOW
6,,,0.0,0.0,0.0,0.0,2023-12-28 13:09:30,False,False,False,True,0.0,3.0139949879913706e-05,LOW
6,0.0,0.0,,,0.0,0.0,2022-12-18 23:12:37,False,False,False,True,0.0,0.0003259580759852396,LOW
6,,,0.0,0.0,0.0,0.0,2023-12-27 03:22:45,False,False,False,True,0.0,0.00017226044671019494,LOW
6,,,0.0,0.0,0.0,0.0,2023-12-27 14:53:10,False,False,False,True,0.0,0.0001299571344049493,LOW
6,0.0,0.0,1.0,0.0,1.0,0.0,2023-12-31 00:36:32,False,False,True,False,1.0,0.507287124569812,MEDIUM
6,,,0.0,0.0,0.0,0.0,2023-12-27 22:24:29,False,False,False,True,0.0,0.00026987636376706584,LOW
6,,,0.0,0.0,0.0,0.0,2023-12-27 16:37:50,False,False,False,True,0.0,0.00039661654526611674,LOW
6,0.0,0.0,,,0.0,0.0,2023-12-25 17:41:44,False,False,False,True,0.0,0.0008104397803028986,LOW
6,,,0.0,0.0,0.0,0.0,2023-12-27 18:23:16,False,False,False,True,0.0,5.495541468667368e-05,LOW
6,0.0,0.0,,,0.0,0.0,2023-12-31 00:42:02,False,False,False,True,0.0,0.0007456169231353962,LOW
6,,,0.0,0.0,0.0,0.0,2023-12-28 17:21:48,False,False,False,True,0.0,0.0001597594278005911,LOW
6,,,0.0,0.0,0.0,0.0,2023-12-27 11:22:46,False,False,False,True,0.0,8.608940587476261e-05,LOW
6,,,0.0,0.0,0.0,0.0,2023-12-28 19:22:53,False,False,False,True,0.0,3.753451253192207e-05,LOW
6,0.0,0.0,,,0.0,0.0,2022-12-20 21:24:58,False,False,False,True,0.0,0.000841345632485021,LOW
6,,,0.0,0.0,0.0,0.0,2023-12-28 09:31:44,False,False,False,True,0.0,0.00039645774200873106,LOW
6,,,0.0,0.0,0.0,0.0,2023-12-27 04:04:45,False,False,False,True,0.0,0.0002625517215563295,LOW
6,,,0.0,0.0,0.0,0.0,2023-12-28 09:24:44,False,False,False,True,0.0,0.00012418224545509307,LOW
6,,,0.0,0.0,0.0,0.0,2023-12-28 08:05:00,False,False,False,True,0.0,0.00021128801419722194,LOW
6,,,0.0,0.0,0.0,0.0,2023-12-27 09:33:06,False,False,False,True,0.0,3.0139949879913706e-05,LOW
6,,,0.0,0.0,0.0,0.0,2023-12-27 03:13:48,False,False,False,True,0.0,7.283614524450449e-05,LOW
6,,,0.0,0.0,0.0,0.0,2023-12-27 22:42:14,False,False,False,True,0.0,8.640697866422332e-05,LOW
6,,,0.0,0.0,0.0,0.0,2023-12-28 20:14:01,False,False,False,True,0.0,0.00013984142518153433,LOW
6,,,0.0,0.0,0.0,0.0,2023-12-27 07:37:01,False,False,False,True,0.0,3.0139949879913706e-05,LOW
6,0.0,0.0,,,0.0,0.0,2023-12-28 22:14:00,False,False,False,True,0.0,0.000796314377626418,LOW
6,,,0.0,0.0,0.0,0.0,2023-12-28 20:39:45,False,False,False,True,0.0,3.753451253192207e-05,LOW
6,,,0.0,0.0,0.0,0.0,2023-12-27 18:41:34,False,False,False,True,0.0,0.00014591920905147445,LOW
6,,,0.0,0.0,0.0,0.0,2023-12-28 15:07:18,False,False,False,True,0.0,3.295091030301866e-05,LOW
6,0.0,0.0,,,0.0,0.0,2023-12-31 00:42:03,False,False,False,True,0.0,0.0007103820938169967,LOW
6,,,0.0,0.0,0.0,0.0,2023-12-28 06:26:07,False,False,False,True,0.0,0.0001306028617997558,LOW
6,,,0.0,0.0,0.0,0.0,2023-12-28 17:41:29,False,False,False,True,0.0,3.0139949879913706e-05,LOW
6,,,0.0,0.0,0.0,0.0,2023-12-28 18:21:14,False,False,False,True,0.0,8.100284428422217e-05,LOW
6,,,0.0,0.0,0.0,0.0,2023-12-28 19:05:21,False,False,False,True,0.0,3.753451253192207e-05,LOW
6,,,0.0,0.0,0.0,0.0,2023-12-28 14:33:26,False,False,False,True,0.0,8.790666643516506e-05,LOW
6,,,0.0,0.0,0.0,0.0,2023-12-28 09:22:21,False,False,False,True,0.0,0.00014833851148853718,LOW
6,1.0,0.0,,,1.0,0.0,,False,True,False,False,0.0,0.1550652414561642,LOW
6,0.0,0.0,,,0.0,0.0,2023-12-31 00:42:08,False,False,False,True,0.0,0.000568516239445892,LOW
6,,,0.0,0.0,0.0,0.0,2023-12-27 11:23:20,False,False,False,True,0.0,5.649724718458047e-05,LOW
6,0.0,0.0,,,0.0,0.0,2023-12-19 15:12:18,False,False,False,True,0.0,0.0007132793139138133,LOW
6,,,0.0,0.0,0.0,0.0,2023-12-28 04:05:24,False,False,False,True,0.0,7.283614524450449e-05,LOW
6,0.0,0.0,0.0,0.0,0.0,0.0,2023-12-28 21:52:32,False,False,False,True,0.0,0.08090897746761008,LOW
6,,,0.0,0.0,0.0,0.0,2023-12-28 02:12:44,False,False,False,True,0.0,7.283614524450449e-05,LOW
6,,,0.0,0.0,0.0,0.0,2023-12-28 14:17:27,False,False,False,True,0.0,3.0139949879913706e-05,LOW
6,,,0.0,0.0,0.0,0.0,2023-12-28 11:17:59,False,False,False,True,0.0,3.0139949879913706e-05,LOW
6,,,0.0,0.0,0.0,0.0,2023-12-28 21:21:51,False,False,False,True,0.0,0.0016189480154609975,LOW
6,,,0.0,0.0,0.0,0.0,2023-12-27 18:00:54,False,False,False,True,0.0,3.753451253192207e-05,LOW
6,,,0.0,0.0,0.0,0.0,2023-12-27 17:13:20,False,False,False,True,0.0,8.13832577628692e-05,LOW
6,,,0.0,0.0,0.0,0.0,2023-12-28 08:51:12,False,False,False,True,0.0,8.403638665337012e-05,LOW
6,,,0.0,0.0,0.0,0.0,2023-12-27 08:03:24,False,False,False,True,0.0,3.0139949879913706e-05,LOW
6,,,0.0,0.0,0.0,0.0,2023-12-28 13:53:37,False,False,False,True,0.0,3.0139949879913706e-05,LOW
6,,,0.0,0.0,0.0,0.0,2023-12-27 14:17:44,False,False,False,True,0.0,3.0139949879913706e-05,LOW
6,0.0,0.0,,,0.0,0.0,2019-12-07 17:08:41,False,False,False,True,0.0,0.0013678068756014336,LOW
6,,,0.0,0.0,0.0,0.0,2023-12-27 03:23:22,False,False,False,True,0.0,7.283614524450449e-05,LOW
6,,,0.0,0.0,0.0,0.0,2023-12-27 10:51:17,False,False,False,True,0.0,3.0139949879913706e-05,LOW
6,,,0.0,0.0,0.0,0.0,2023-12-27 02:51:17,False,False,False,True,0.0,0.0001258967136878624,LOW
6,0.0,0.0,,,0.0,0.0,2022-09-08 11:02:17,False,False,False,True,0.0,0.0008339510698330127,LOW
6,,,0.0,0.0,0.0,0.0,2023-12-27 20:25:17,False,False,False,True,0.0,0.0001255491057032504,LOW
6,,,0.0,0.0,0.0,0.0,2023-12-27 18:40:16,False,False,False,True,0.0,4.034547295502703e-05,LOW
6,,,0.0,0.0,0.0,0.0,2023-12-27 13:57:57,False,False,False,True,0.0,3.0139949879913706e-05,LOW
6,,,0.0,0.0,0.0,0.0,2023-12-27 14:50:28,False,False,False,True,0.0,7.933915444064827e-05,LOW
6,,,0.0,0.0,0.0,0.0,2023-12-27 07:58:01,False,False,False,True,0.0,8.608940587476261e-05,LOW
6,,,0.0,0.0,0.0,0.0,2023-12-28 14:33:29,False,False,False,True,0.0,3.0139949879913706e-05,LOW
6,,,0.0,0.0,0.0,0.0,2023-12-28 18:59:58,False,False,False,True,0.0,3.753451253192207e-05,LOW
6,,,0.0,0.0,0.0,0.0,2023-12-28 10:26:06,False,False,False,True,0.0,3.0139949879913706e-05,LOW
6,,,0.0,0.0,0.0,0.0,2023-12-28 20:06:14,False,False,False,True,0.0,9.837005710593548e-05,LOW
6,,,0.0,0.0,0.0,0.0,2023-12-27 04:34:22,False,False,False,True,0.0,7.283614524450449e-05,LOW
6,,,0.0,0.0,0.0,0.0,2023-12-27 15:18:29,False,False,False,True,0.0,7.933915444064827e-05,LOW
6,,,0.0,0.0,0.0,0.0,2023-12-28 19:53:37,False,False,False,True,0.0,0.00017995247234091404,LOW
6,,,0.0,0.0,0.0,0.0,2023-12-27 21:54:38,False,False,False,True,0.0,8.673371709265663e-05,LOW
6,,,0.0,0.0,0.0,0.0,2023-12-27 20:38:10,False,False,False,True,0.0,0.00038950119134700784,LOW
6,,,0.0,0.0,0.0,0.0,2023-12-28 21:17:56,False,False,False,True,0.0,3.753451253192207e-05,LOW
6,,,0.0,0.0,0.0,0.0,2023-12-28 14:36:26,False,False,False,True,0.0,7.933915444064827e-05,LOW
6,,,0.0,0.0,0.0,0.0,2023-12-28 05:11:00,False,False,False,True,0.0,0.005546682083965022,LOW
6,,,0.0,0.0,0.0,0.0,2023-12-27 10:02:38,False,False,False,True,0.0,3.0139949879913706e-05,LOW
6,,,0.0,0.0,0.0,0.0,2023-12-27 03:10:17,False,False,False,True,0.0,7.283614524450449e-05,LOW
6,,,0.0,0.0,0.0,0.0,2023-12-28 08:37:08,False,False,False,True,0.0,0.0001725579096889057,LOW
6,,,0.0,0.0,0.0,0.0,2023-12-27 13:37:46,False,False,False,True,0.0,8.608940587476261e-05,LOW
6,,,0.0,0.0,0.0,0.0,2023-12-27 23:03:22,False,False,False,True,0.0,8.640697866422332e-05,LOW
6,,,0.0,0.0,0.0,0.0,2023-12-28 14:52:26,False,False,False,True,0.0,0.00013852464639946608,LOW
6,,,0.0,0.0,0.0,0.0,2023-12-28 07:14:54,False,False,False,True,0.0,7.916599852211542e-05,LOW
6,,,0.0,0.0,0.0,0.0,2023-12-27 19:59:27,False,False,False,True,0.0,3.753451253192207e-05,LOW
6,,,0.0,0.0,0.0,0.0,2023-12-27 23:39:01,False,False,False,True,0.0,8.640697866422332e-05,LOW
6,,,0.0,0.0,0.0,0.0,2023-12-27 10:49:44,False,False,False,True,0.0,3.0139949879913706e-05,LOW
6,,,0.0,0.0,0.0,0.0,2023-12-28 09:22:21,False,False,False,True,0.0,0.0008274546440368424,LOW
6,,,0.0,0.0,0.0,0.0,2023-12-28 07:42:30,False,False,False,True,0.0,3.0139949879913706e-05,LOW
6,,,0.0,0.0,0.0,0.0,2023-12-27 08:16:17,False,False,False,True,0.0,3.0139949879913706e-05,LOW
6,,,0.0,0.0,0.0,0.0,2023-12-28 22:35:19,False,False,False,True,0.0,8.640697866422332e-05,LOW
6,0.0,0.0,,,0.0,0.0,2022-12-18 23:09:32,False,False,False,True,0.0,0.0002575328640346022,LOW
6,,,0.0,0.0,0.0,0.0,2023-12-27 11:55:47,False,False,False,True,0.0,3.0139949879913706e-05,LOW
6,,,0.0,0.0,0.0,0.0,2023-12-28 05:40:24,False,False,False,True,0.0,7.283614524450449e-05,LOW
6,,,0.0,0.0,0.0,0.0,2023-12-27 07:40:01,False,False,False,True,0.0,3.0139949879913706e-05,LOW
6,0.0,0.0,,,0.0,0.0,2023-12-25 17:09:29,False,False,False,True,0.0,0.0008084267925056306,LOW
6,0.0,0.0,1.0,0.0,1.0,0.0,2023-12-31 00:36:32,False,False,True,False,0.0,0.479365274313932,MEDIUM
6,,,0.0,0.0,0.0,0.0,2023-12-28 18:29:54,False,False,False,True,0.0,3.753451253192207e-05,LOW
6,,,0.0,0.0,0.0,0.0,2023-12-28 07:15:43,False,False,False,True,0.0,0.00019626269517478132,LOW
6,,,0.0,0.0,0.0,0.0,2023-12-28 09:51:13,False,False,False,True,0.0,0.001824926312013181,LOW
6,,,0.0,0.0,0.0,0.0,2023-12-28 16:50:28,False,False,False,True,0.0,7.933915444064827e-05,LOW
6,,,0.0,0.0,0.0,0.0,2023-12-28 07:42:59,False,False,False,True,0.0,8.320051832327168e-05,LOW
6,,,0.0,0.0,0.0,0.0,2023-12-27 03:16:13,False,False,False,True,0.0,0.00012203534980523903,LOW
6,,,0.0,0.0,0.0,0.0,2023-12-28 06:16:58,False,False,False,True,0.0,7.283614524450449e-05,LOW
6,,,0.0,0.0,0.0,0.0,2023-12-28 20:59:07,False,False,False,True,0.0,8.673371709265663e-05,LOW
6,,,0.0,0.0,0.0,0.0,2023-12-28 09:51:59,False,False,False,True,0.0,7.179993697098282e-05,LOW
6,0.0,0.0,,,0.0,0.0,2022-12-18 23:31:27,False,False,False,True,0.0,0.00025551987623733427,LOW
6,,,0.0,0.0,0.0,0.0,2023-12-28 16:13:48,False,False,False,True,0.0,0.00013723932578909304,LOW
6,,,0.0,0.0,0.0,0.0,2023-12-28 21:05:57,False,False,False,True,0.0,3.753451253192207e-05,LOW
6,0.0,0.0,,,0.0,0.0,2023-12-31 00:36:39,False,False,False,True,0.0,0.00040643849199737417,LOW
6,0.0,0.0,,,0.0,0.0,2023-12-31 00:36:33,False,False,False,True,0.0,0.0006127481647081874,LOW
6,,,0.0,0.0,0.0,0.0,2023-12-28 20:13:48,False,False,False,True,0.0,3.753451253192207e-05,LOW
6,,,0.0,0.0,0.0,0.0,2023-12-27 04:22:45,False,False,False,True,0.0,0.0016628171601680967,LOW
6,,,0.0,0.0,0.0,0.0,2023-12-28 05:09:34,False,False,False,True,0.0,7.283614524450449e-05,LOW
6,,,0.0,0.0,0.0,0.0,2023-12-27 11:52:46,False,False,False,True,0.0,9.568164256582048e-05,LOW
6,0.0,0.0,,,0.0,0.0,2022-12-16 17:15:18,False,False,False,True,0.0,0.0005315442320431962,LOW
6,,,0.0,0.0,0.0,0.0,2023-12-28 03:16:05,False,False,False,True,0.0,0.00013632481870901877,LOW
6,,,0.0,0.0,0.0,0.0,2023-12-27 11:39:41,False,False,False,True,0.0,9.568164256582048e-05,LOW
6,,,0.0,0.0,0.0,0.0,2023-12-28 09:22:53,False,False,False,True,0.0,0.0019414229945536304,LOW
6,0.0,0.0,1.0,0.0,1.0,0.0,2023-12-31 00:36:32,False,False,True,False,1.0,0.553536816317146,MEDIUM
6,,,0.0,0.0,0.0,0.0,2023-12-28 01:26:13,False,False,False,True,0.0,0.00012804414148499848,LOW
6,,,0.0,0.0,0.0,0.0,2023-12-28 18:20:44,False,False,False,True,0.0,3.753451253192207e-05,LOW
6,,,0.0,0.0,0.0,0.0,2023-12-28 22:21:15,False,False,False,True,0.0,0.0002481073726822616,LOW
6,,,0.0,0.0,0.0,0.0,2023-12-28 15:22:23,False,False,False,True,0.0,3.7968615343607415e-05,LOW
6,,,0.0,0.0,0.0,0.0,2023-12-27 09:42:03,False,False,False,True,0.0,3.0139949879913706e-05,LOW
6,,,0.0,0.0,0.0,0.0,2023-12-31 00:44:15,False,False,False,True,0.0,0.009068458809631596,LOW
6,,,0.0,0.0,0.0,0.0,2023-12-27 13:22:46,False,False,False,True,0.0,8.608940587476261e-05,LOW
6,,,0.0,0.0,0.0,0.0,2023-12-27 17:20:44,False,False,False,True,0.0,3.0139949879913706e-05,LOW
6,,,0.0,0.0,0.0,0.0,2023-12-27 18:26:08,False,False,False,True,0.0,3.753451253192207e-05,LOW
6,,,0.0,0.0,0.0,0.0,2023-12-28 13:21:14,False,False,False,True,0.0,0.00013852464639946608,LOW
6,0.0,0.0,,,0.0,0.0,2023-04-19 16:33:52,False,False,False,True,0.0,0.003197969644997537,LOW
6,,,0.0,0.0,0.0,0.0,2023-12-27 18:24:17,False,False,False,True,0.0,9.530122908717343e-05,LOW
6,,,0.0,0.0,0.0,0.0,2023-12-28 21:22:56,False,False,False,True,0.0,7.317417882052844e-05,LOW
6,,,0.0,0.0,0.0,0.0,2023-12-28 02:15:42,False,False,False,True,0.0,0.0001258967136878624,LOW
6,,,0.0,0.0,0.0,0.0,2023-12-27 10:33:09,False,False,False,True,0.0,3.0139949879913706e-05,LOW
6,,,0.0,0.0,0.0,0.0,2023-12-27 13:40:13,False,False,False,True,0.0,3.295091030301866e-05,LOW
6,,,0.0,0.0,0.0,0.0,2023-12-27 11:02:18,False,False,False,True,0.0,3.0139949879913706e-05,LOW
6,,,0.0,0.0,0.0,0.0,2023-12-28 01:43:03,False,False,False,True,0.0,7.283614524450449e-05,LOW
6,,,0.0,0.0,0.0,0.0,2023-12-28 05:50:55,False,False,False,True,0.0,7.283614524450449e-05,LOW
6,,,0.0,0.0,0.0,0.0,2023-12-28 19:52:56,False,False,False,True,0.0,9.059508097528008e-05,LOW
6,,,0.0,0.0,0.0,0.0,2023-12-27 05:43:03,False,False,False,True,0.0,0.00011248010859360498,LOW
6,,,0.0,0.0,0.0,0.0,2023-12-28 17:28:14,False,False,False,True,0.0,0.00015768084111753358,LOW
6,,,0.0,0.0,0.0,0.0,2023-12-27 08:24:18,False,False,False,True,0.0,8.790666643516506e-05,LOW
6,,,0.0,0.0,0.0,0.0,2023-12-27 14:13:20,False,False,False,True,0.0,3.0139949879913706e-05,LOW
6,,,0.0,0.0,0.0,0.0,2023-12-28 06:50:30,False,False,False,True,0.0,7.283614524450449e-05,LOW
6,,,0.0,0.0,0.0,0.0,2023-12-27 21:37:47,False,False,False,True,0.0,0.00014591920905147445,LOW
6,,,0.0,0.0,0.0,0.0,2023-12-28 20:29:00,False,False,False,True,0.0,3.753451253192207e-05,LOW
6,,,0.0,0.0,0.0,0.0,2023-12-28 11:42:28,False,False,False,True,0.0,3.0139949879913706e-05,LOW
6,,,0.0,0.0,0.0,0.0,2023-12-27 10:24:09,False,False,False,True,0.0,0.0003977779642853765,LOW
6,,,0.0,0.0,0.0,0.0,2023-12-27 11:39:45,False,False,False,True,0.0,0.0005431299257822042,LOW
6,,,0.0,0.0,0.0,0.0,2023-12-27 07:52:45,False,False,False,True,0.0,9.568164256582048e-05,LOW
6,,,0.0,0.0,0.0,0.0,2023-12-28 09:51:13,False,False,False,True,0.0,8.493795391282441e-05,LOW
6,,,0.0,0.0,0.0,0.0,2023-12-28 08:43:03,False,False,False,True,0.0,3.0139949879913706e-05,LOW
6,,,0.0,0.0,0.0,0.0,2023-12-27 10:05:37,False,False,False,True,0.0,0.0005235012058467061,LOW
6,,,0.0,0.0,0.0,0.0,2023-12-27 10:01:41,False,False,False,True,0.0,3.0139949879913706e-05,LOW
6,,,0.0,0.0,0.0,0.0,2023-12-28 10:33:27,False,False,False,True,0.0,0.0001725579096889057,LOW
6,,,0.0,0.0,0.0,0.0,2023-12-27 16:50:57,False,False,False,True,0.0,0.0003821066286949995,LOW
6,,,0.0,0.0,0.0,0.0,2023-12-27 02:45:17,False,False,False,True,0.0,7.283614524450449e-05,LOW
6,,,0.0,0.0,0.0,0.0,2023-12-27 12:07:46,False,False,False,True,0.0,0.00014057766562085855,LOW
6,0.0,0.0,,,0.0,0.0,2023-12-28 21:59:00,False,False,False,True,0.0,0.00048497327426122845,LOW
6,,,0.0,0.0,0.0,0.0,2023-12-27 22:22:47,False,False,False,True,0.0,0.0001628705529110769,LOW
6,,,0.0,0.0,0.0,0.0,2023-12-28 19:21:26,False,False,False,True,0.0,3.753451253192207e-05,LOW
6,,,0.0,0.0,0.0,0.0,2023-12-28 21:33:27,False,False,False,True,0.0,9.530122908717343e-05,LOW
6,,,0.0,0.0,0.0,0.0,2023-12-27 08:26:08,False,False,False,True,0.0,3.0139949879913706e-05,LOW
6,,,0.0,0.0,0.0,0.0,2023-12-28 19:02:32,False,False,False,True,0.0,7.714148040159874e-05,LOW
6,0.0,0.0,,,0.0,0.0,2023-12-25 16:20:21,False,False,False,True,0.0,0.0008629150522517265,LOW
6,,,0.0,0.0,0.0,0.0,2023-12-27 12:40:26,False,False,False,True,0.0,7.933915444064827e-05,LOW
6,,,0.0,0.0,0.0,0.0,2023-12-27 09:18:36,False,False,False,True,0.0,3.0139949879913706e-05,LOW
6,,,0.0,0.0,0.0,0.0,2023-12-28 21:12:51,False,False,False,True,0.0,3.753451253192207e-05,LOW
6,,,0.0,0.0,0.0,0.0,2023-12-28 03:43:05,False,False,False,True,0.0,7.283614524450449e-05,LOW
6,,,0.0,0.0,0.0,0.0,2023-12-28 10:51:13,False,False,False,True,0.0,6.035861106720388e-05,LOW
6,0.0,0.0,,,0.0,0.0,2023-12-25 16:20:35,False,False,False,True,0.0,0.0011297192507965454,LOW
6,,,0.0,0.0,0.0,0.0,2023-12-27 12:56:20,False,False,False,True,0.0,3.0139949879913706e-05,LOW
6,,,0.0,0.0,0.0,0.0,2023-12-28 09:52:09,False,False,False,True,0.0,8.107659003020097e-05,LOW
6,,,0.0,0.0,0.0,0.0,2023-12-28 16:51:06,False,False,False,True,0.0,3.0139949879913706e-05,LOW
6,,,0.0,0.0,0.0,0.0,2023-12-28 07:39:31,False,False,False,True,0.0,0.0005761732930121476,LOW
6,,,0.0,0.0,0.0,0.0,2023-12-28 14:48:10,False,False,False,True,0.0,3.0139949879913706e-05,LOW
6,,,0.0,0.0,0.0,0.0,2023-12-28 01:30:42,False,False,False,True,0.0,0.00017386909527965713,LOW
6,,,0.0,0.0,0.0,0.0,2023-12-28 06:08:46,False,False,False,True,0.0,7.283614524450449e-05,LOW
6,0.0,0.0,,,0.0,0.0,2022-09-08 11:13:03,False,False,False,True,0.0,0.000866430021434831,LOW
6,,,0.0,0.0,0.0,0.0,2023-12-27 18:44:03,False,False,False,True,0.0,9.348396852677098e-05,LOW
6,,,0.0,0.0,0.0,0.0,2023-12-28 22:13:36,False,False,False,True,0.0,0.001252106860478903,LOW
6,,,0.0,0.0,0.0,0.0,2023-12-28 07:22:40,False,False,False,True,0.0,3.0139949879913706e-05,LOW
6,,,0.0,0.0,0.0,0.0,2023-12-28 09:31:44,False,False,False,True,0.0,0.0020688499681111566,LOW
6,,,0.0,0.0,0.0,0.0,2023-12-28 17:34:29,False,False,False,True,0.0,7.933915444064827e-05,LOW
6,0.0,0.0,,,0.0,0.0,2022-12-20 21:20:57,False,False,False,True,0.0,0.000841345632485021,LOW
6,0.0,0.0,,,0.0,0.0,2023-12-31 00:36:44,False,False,False,True,0.0,0.0006147611525054554,LOW
6,,,0.0,0.0,0.0,0.0,2023-12-28 03:25:38,False,False,False,True,0.0,0.00012203534980523903,LOW
6,,,0.0,0.0,0.0,0.0,2023-12-27 13:55:53,False,False,False,True,0.0,3.0139949879913706e-05,LOW
6,,,0.0,0.0,0.0,0.0,2023-12-28 09:22:22,False,False,False,True,0.0,6.858549873033064e-05,LOW
6,,,0.0,0.0,0.0,0.0,2023-12-27 21:43:00,False,False,False,True,0.0,0.0004831982076658711,LOW
6,0.0,0.0,,,0.0,0.0,2022-12-16 17:14:04,False,False,False,True,0.0,0.0007152923017110812,LOW
6,0.0,0.0,,,0.0,0.0,2023-12-31 00:42:06,False,False,False,True,0.0,0.0006620747785162296,LOW
6,,,0.0,0.0,0.0,0.0,2023-12-28 18:02:13,False,False,False,True,0.0,8.673371709265663e-05,LOW
6,,,0.0,0.0,0.0,0.0,2023-12-28 08:26:54,False,False,False,True,0.0,3.0139949879913706e-05,LOW
6,,,0.0,0.0,0.0,0.0,2023-12-28 16:37:18,False,False,False,True,0.0,3.0139949879913706e-05,LOW
6,,,0.0,0.0,0.0,0.0,2023-12-28 21:06:15,False,False,False,True,0.0,0.00020365725782678967,LOW
6,,,0.0,0.0,0.0,0.0,2023-12-28 17:35:29,False,False,False,True,0.0,7.933915444064827e-05,LOW
6,,,0.0,0.0,0.0,0.0,2023-12-27 05:24:28,False,False,False,True,0.0,0.00011777218696409897,LOW
6,,,0.0,0.0,0.0,0.0,2023-12-28 15:51:14,False,False,False,True,0.0,8.403638665337012e-05,LOW
6,,,0.0,0.0,0.0,0.0,2023-12-28 14:26:25,False,False,False,True,0.0,7.933915444064827e-05,LOW
6,0.0,0.0,,,0.0,0.0,2023-12-28 21:59:00,False,False,False,True,0.0,0.0019591396646052514,LOW
6,,,0.0,0.0,0.0,0.0,2023-12-27 14:06:54,False,False,False,True,0.0,0.00014833851148853718,LOW
6,,,0.0,0.0,0.0,0.0,2023-12-27 03:37:17,False,False,False,True,0.0,7.283614524450449e-05,LOW
6,,,0.0,0.0,0.0,0.0,2023-12-28 18:51:34,False,False,False,True,0.0,3.753451253192207e-05,LOW
6,,,0.0,0.0,0.0,0.0,2023-12-27 22:08:23,False,False,False,True,0.0,8.640697866422332e-05,LOW
6,,,0.0,0.0,0.0,0.0,2023-12-28 03:22:41,False,False,False,True,0.0,7.283614524450449e-05,LOW
6,0.0,0.0,,,0.0,0.0,2023-12-25 16:11:52,False,False,False,True,0.0,0.0009290985484248299,LOW
6,,,0.0,0.0,0.0,0.0,2023-12-28 01:27:13,False,False,False,True,0.0,7.283614524450449e-05,LOW
6,0.0,0.0,,,0.0,0.0,2019-12-07 22:54:23,False,False,False,True,0.0,0.0013457087475273605,LOW
6,,,0.0,0.0,0.0,0.0,2023-12-27 04:07:45,False,False,False,True,0.0,0.0001258967136878624,LOW
6,,,0.0,0.0,0.0,0.0,2023-12-28 14:28:45,False,False,False,True,0.0,6.506475917909724e-05,LOW
6,,,0.0,0.0,0.0,0.0,2023-12-31 00:36:38,False,False,False,True,0.0,0.002554115247581852,LOW
6,,,0.0,0.0,0.0,0.0,2023-12-28 01:25:27,False,False,False,True,0.0,0.0004576445186434188,LOW
6,,,0.0,0.0,0.0,0.0,2023-12-28 14:49:09,False,False,False,True,0.0,3.0139949879913706e-05,LOW
6,,,0.0,0.0,0.0,0.0,2023-12-27 10:25:11,False,False,False,True,0.0,8.403638665337012e-05,LOW
6,0.0,0.0,1.0,0.0,1.0,0.0,2023-12-31 00:36:33,False,False,True,False,1.0,0.72857887045923,HIGH
6,,,0.0,0.0,0.0,0.0,2023-12-28 09:51:13,False,False,False,True,0.0,0.00023855915991122782,LOW
6,,,0.0,0.0,0.0,0.0,2023-12-28 21:02:17,False,False,False,True,0.0,0.00010102318599643639,LOW
6,,,0.0,0.0,0.0,0.0,2023-12-27 17:33:52,False,False,False,True,0.0,3.0139949879913706e-05,LOW
6,,,0.0,0.0,0.0,0.0,2023-12-28 09:27:14,False,False,False,True,0.0,0.00016632444025217055,LOW
6,,,0.0,0.0,0.0,0.0,2023-12-27 20:22:24,False,False,False,True,0.0,3.753451253192207e-05,LOW
6,,,0.0,0.0,0.0,0.0,2023-12-28 01:17:42,False,False,False,True,0.0,7.283614524450449e-05,LOW
6,,,0.0,0.0,0.0,0.0,2023-12-27 19:55:02,False,False,False,True,0.0,0.00040517252693738487,LOW
6,,,0.0,0.0,0.0,0.0,2023-12-27 07:54:57,False,False,False,True,0.0,8.403638665337012e-05,LOW
6,,,0.0,0.0,0.0,0.0,2023-12-27 04:58:15,False,False,False,True,0.0,0.00012203534980523903,LOW
6,,,0.0,0.0,0.0,0.0,2023-12-27 03:53:24,False,False,False,True,0.0,0.0001407322074968413,LOW
6,,,0.0,0.0,0.0,0.0,2023-12-27 16:33:45,False,False,False,True,0.0,0.0004435546934239126,LOW
6,,,0.0,0.0,0.0,0.0,2023-12-27 11:04:11,False,False,False,True,0.0,3.0139949879913706e-05,LOW
6,,,0.0,0.0,0.0,0.0,2023-12-27 03:40:00,False,False,False,True,0.0,0.00018284912943374563,LOW
6,,,0.0,0.0,0.0,0.0,2023-12-28 18:06:34,False,False,False,True,0.0,8.28634373108617e-05,LOW
6,,,0.0,0.0,0.0,0.0,2023-12-27 05:23:11,False,False,False,True,0.0,7.283614524450449e-05,LOW
6,,,0.0,0.0,0.0,0.0,2023-12-28 04:33:22,False,False,False,True,0.0,7.283614524450449e-05,LOW
6,,,0.0,0.0,0.0,0.0,2023-12-28 09:21:38,False,False,False,True,0.0,0.0005975247091576971,LOW
6,,,0.0,0.0,0.0,0.0,2023-12-27 09:05:24,False,False,False,True,0.0,0.0005235012058467061,LOW
6,,,0.0,0.0,0.0,0.0,2023-12-27 07:18:18,False,False,False,True,0.0,7.933915444064827e-05,LOW
6,,,0.0,0.0,0.0,0.0,2023-12-27 08:33:09,False,False,False,True,0.0,9.362862334442803e-05,LOW
6,,,0.0,0.0,0.0,0.0,2023-12-27 16:24:14,False,False,False,True,0.0,8.790666643516506e-05,LOW
6,,,0.0,0.0,0.0,0.0,2023-12-27 11:52:15,False,False,False,True,0.0,3.0139949879913706e-05,LOW
6,,,0.0,0.0,0.0,0.0,2023-12-28 19:08:50,False,False,False,True,0.0,0.00040517252693738487,LOW
6,,,0.0,0.0,0.0,0.0,2023-12-28 18:25:17,False,False,False,True,0.0,0.00014797222827286693,LOW
6,0.0,0.0,,,0.0,0.0,2023-12-31 00:36:29,False,False,False,True,0.0,0.0014361811117603396,LOW
6,,,0.0,0.0,0.0,0.0,2023-12-27 08:23:20,False,False,False,True,0.0,5.179109907268707e-05,LOW
6,0.0,0.0,,,0.0,0.0,2023-12-25 16:37:49,False,False,False,True,0.0,0.0008104397803028986,LOW
6,,,0.0,0.0,0.0,0.0,2023-12-28 09:22:29,False,False,False,True,0.0,0.002307040406821068,LOW
6,,,0.0,0.0,0.0,0.0,2023-12-28 19:12:25,False,False,False,True,0.0,8.570899239611552e-05,LOW
6,,,0.0,0.0,0.0,0.0,2023-12-27 03:06:18,False,False,False,True,0.0,7.283614524450449e-05,LOW
6,,,0.0,0.0,0.0,0.0,2023-12-28 06:46:02,False,False,False,True,0.0,0.00019141664142826242,LOW
6,0.0,0.0,1.0,0.0,1.0,0.0,2023-12-31 00:36:32,False,False,True,False,1.0,0.6145989059388685,MEDIUM
6,,,0.0,0.0,0.0,0.0,2023-12-27 08:23:09,False,False,False,True,0.0,0.0006412666771913599,LOW
6,,,0.0,0.0,0.0,0.0,2023-12-27 15:22:32,False,False,False,True,0.0,3.0139949879913706e-05,LOW
6,0.0,0.0,0.0,0.0,0.0,0.0,2023-12-28 22:34:00,False,False,False,True,0.0,0.02634023679672715,LOW
6,,,0.0,0.0,0.0,0.0,2023-12-28 17:51:14,False,False,False,True,0.0,0.00014057766562085855,LOW
6,,,0.0,0.0,0.0,0.0,2023-12-27 22:01:44,False,False,False,True,0.0,8.640697866422332e-05,LOW
6,,,0.0,0.0,0.0,0.0,2023-12-27 05:53:20,False,False,False,True,0.0,0.0001760552389954579,LOW
6,0.0,0.0,,,0.0,0.0,2023-12-28 22:26:46,False,False,False,True,0.0,0.001473971192241955,LOW
6,,,0.0,0.0,0.0,0.0,2023-12-28 18:28:24,False,False,False,True,0.0,0.00017995247234091404,LOW
6,,,0.0,0.0,0.0,0.0,2023-12-28 20:34:24,False,False,False,True,0.0,0.00020365725782678967,LOW
6,,,0.0,0.0,0.0,0.0,2023-12-27 12:38:23,False,False,False,True,0.0,3.0139949879913706e-05,LOW
6,,,0.0,0.0,0.0,0.0,2023-12-27 16:13:25,False,False,False,True,0.0,0.0009131158417681827,LOW
6,,,0.0,0.0,0.0,0.0,2023-12-28 03:01:07,False,False,False,True,0.0,0.00011732920169334565,LOW
6,,,0.0,0.0,0.0,0.0,2023-12-27 16:32:36,False,False,False,True,0.0,3.0139949879913706e-05,LOW
6,,,0.0,0.0,0.0,0.0,2023-12-28 07:03:07,False,False,False,True,0.0,8.403638665337012e-05,LOW
6,,,0.0,0.0,0.0,0.0,2023-12-27 07:07:00,False,False,False,True,0.0,8.534794612040772e-05,LOW
6,,,0.0,0.0,0.0,0.0,2023-12-28 09:23:39,False,False,False,True,0.0,8.96441020247178e-05,LOW
6,,,0.0,0.0,0.0,0.0,2023-12-28 20:42:34,False,False,False,True,0.0,8.673371709265663e-05,LOW
6,,,0.0,0.0,0.0,0.0,2023-12-28 15:47:44,False,False,False,True,0.0,3.0139949879913706e-05,LOW
6,,,0.0,0.0,0.0,0.0,2023-12-27 06:11:17,False,False,False,True,0.0,0.00012203534980523903,LOW
6,,,0.0,0.0,0.0,0.0,2023-12-28 08:23:32,False,False,False,True,0.0,3.0139949879913706e-05,LOW
6,,,0.0,0.0,0.0,0.0,2023-12-27 04:47:23,False,False,False,True,0.0,7.283614524450449e-05,LOW
6,,,0.0,0.0,0.0,0.0,2023-12-27 08:31:00,False,False,False,True,0.0,0.00018795699639765883,LOW
6,0.0,0.0,,,0.0,0.0,2023-12-25 16:10:29,False,False,False,True,0.0,0.0008084267925056306,LOW
6,,,0.0,0.0,0.0,0.0,2023-12-27 06:02:56,False,False,False,True,0.0,7.283614524450449e-05,LOW
6,,,0.0,0.0,0.0,0.0,2023-12-27 09:05:04,False,False,False,True,0.0,0.0018599537270520532,LOW
6,,,0.0,0.0,0.0,0.0,2023-12-28 11:44:22,False,False,False,True,0.0,0.00011712624852639069,LOW
6,,,0.0,0.0,0.0,0.0,2023-12-27 15:34:25,False,False,False,True,0.0,3.0139949879913706e-05,LOW
6,,,0.0,0.0,0.0,0.0,2023-12-27 03:39:32,False,False,False,True,0.0,0.0004837441618765554,LOW
6,0.0,0.0,,,0.0,0.0,2023-12-25 17:33:33,False,False,False,True,0.0,0.0008084267925056306,LOW
6,,,0.0,0.0,0.0,0.0,2023-12-28 12:32:15,False,False,False,True,0.0,0.0006715850197886311,LOW
6,,,0.0,0.0,0.0,0.0,2023-12-27 06:46:34,False,False,False,True,0.0,7.283614524450449e-05,LOW
6,0.0,0.0,0.0,0.0,0.0,0.0,2023-12-31 00:43:25,False,False,False,True,0.0,0.11541883836319482,LOW
6,,,0.0,0.0,0.0,0.0,2023-12-27 22:43:30,False,False,False,True,0.0,8.640697866422332e-05,LOW
6,,,0.0,0.0,0.0,0.0,2023-12-28 16:01:36,False,False,False,True,0.0,3.0139949879913706e-05,LOW
6,0.0,0.0,1.0,0.0,1.0,0.0,2023-12-31 00:36:33,False,False,True,False,1.0,0.6674162284764357,MEDIUM
6,,,0.0,0.0,0.0,0.0,2023-12-27 15:39:41,False,False,False,True,0.0,3.0139949879913706e-05,LOW
6,,,0.0,0.0,0.0,0.0,2023-12-27 15:34:54,False,False,False,True,0.0,3.0139949879913706e-05,LOW
6,,,0.0,0.0,0.0,0.0,2023-12-27 06:13:09,False,False,False,True,0.0,7.283614524450449e-05,LOW
6,,,0.0,0.0,0.0,0.0,2023-12-28 20:02:32,False,False,False,True,0.0,7.714148040159874e-05,LOW
6,,,0.0,0.0,0.0,0.0,2023-12-27 09:04:45,False,False,False,True,0.0,0.0002198555261917387,LOW
6,,,0.0,0.0,0.0,0.0,2023-12-27 19:31:17,False,False,False,True,0.0,7.919449962299119e-05,LOW
6,,,0.0,0.0,0.0,0.0,2023-12-27 20:31:08,False,False,False,True,0.0,0.00040517252693738487,LOW
6,0.0,0.0,,,0.0,0.0,2023-12-31 00:41:57,False,False,False,True,0.0,0.0003198518173440013,LOW
6,0.0,0.0,,,0.0,0.0,2023-12-28 22:26:31,False,False,False,True,0.0,0.000796314377626418,LOW
6,,,0.0,0.0,0.0,0.0,2023-12-27 22:57:48,False,False,False,True,0.0,0.012627558067114986,LOW
6,0.0,0.0,,,0.0,0.0,2023-12-31 00:36:32,False,False,False,True,0.0,0.0011065708158344623,LOW
6,,,0.0,0.0,0.0,0.0,2023-12-27 14:26:44,False,False,False,True,0.0,3.0139949879913706e-05,LOW
6,,,0.0,0.0,0.0,0.0,2023-12-28 02:04:11,False,False,False,True,0.0,0.0054512717058152116,LOW
6,0.0,0.0,1.0,0.0,1.0,0.0,2023-12-31 00:36:32,False,False,True,False,1.0,0.6142974536312588,MEDIUM
6,0.0,0.0,,,0.0,0.0,2023-12-25 16:21:24,False,False,False,True,0.0,0.0011297192507965454,LOW
6,,,0.0,0.0,0.0,0.0,2023-12-27 22:25:26,False,False,False,True,0.0,8.640697866422332e-05,LOW
6,,,0.0,0.0,0.0,0.0,2023-12-28 09:51:13,False,False,False,True,0.0,8.320051832327168e-05,LOW
6,0.0,0.0,,,0.0,0.0,2023-12-25 16:20:51,False,False,False,True,0.0,0.0011297192507965454,LOW
6,,,0.0,0.0,0.0,0.0,2023-12-31 00:43:21,False,False,False,True,0.0,0.0009568625827268987,LOW
6,,,0.0,0.0,0.0,0.0,2023-12-27 04:23:07,False,False,False,True,0.0,7.283614524450449e-05,LOW
6,,,0.0,0.0,0.0,0.0,2023-12-27 08:27:35,False,False,False,True,0.0,0.00040295350085856925,LOW
6,0.0,0.0,,,0.0,0.0,2023-12-31 00:42:05,False,False,False,True,0.0,0.00028906996418229974,LOW
6,0.0,0.0,1.0,0.0,1.0,0.0,2023-12-31 00:36:32,False,False,True,False,1.0,0.6943580840274031,MEDIUM
6,,,0.0,0.0,0.0,0.0,2023-12-27 07:54:16,False,False,False,True,0.0,8.790666643516506e-05,LOW
6,,,0.0,0.0,0.0,0.0,2023-12-27 10:04:45,False,False,False,True,0.0,0.0005235012058467061,LOW
6,,,0.0,0.0,0.0,0.0,2023-12-27 11:15:48,False,False,False,True,0.0,3.0139949879913706e-05,LOW
6,,,0.0,0.0,0.0,0.0,2023-12-27 06:33:32,False,False,False,True,0.0,7.283614524450449e-05,LOW
6,0.0,0.0,,,0.0,0.0,2023-12-31 00:42:03,False,False,False,True,0.0,0.0007103820938169967,LOW
6,,,0.0,0.0,0.0,0.0,2023-12-28 10:21:13,False,False,False,True,0.0,8.790666643516506e-05,LOW
6,,,0.0,0.0,0.0,0.0,2023-12-28 02:06:05,False,False,False,True,0.0,0.00011777218696409897,LOW
6,,,0.0,0.0,0.0,0.0,2023-12-27 07:59:35,False,False,False,True,0.0,3.0139949879913706e-05,LOW
6,0.0,0.0,,,0.0,0.0,2023-12-31 00:36:32,False,False,False,True,0.0,0.0007103820938169967,LOW
6,0.0,0.0,,,0.0,0.0,2023-12-28 22:20:01,False,False,False,True,0.0,0.0005658616878933484,LOW
6,,,0.0,0.0,0.0,0.0,2023-12-27 11:39:41,False,False,False,True,0.0,0.0003955661418065984,LOW
6,,,0.0,0.0,0.0,0.0,2023-12-27 06:04:59,False,False,False,True,0.0,7.283614524450449e-05,LOW
6,,,0.0,0.0,0.0,0.0,2023-12-27 09:22:45,False,False,False,True,0.0,6.035861106720388e-05,LOW
6,0.0,0.0,,,0.0,0.0,2023-12-31 00:36:28,False,False,False,True,0.0,0.0054626071196451145,LOW
6,,,0.0,0.0,0.0,0.0,2023-12-27 04:20:56,False,False,False,True,0.0,7.283614524450449e-05,LOW
6,,,0.0,0.0,0.0,0.0,2023-12-28 07:15:59,False,False,False,True,0.0,4.75608520346653e-05,LOW
6,,,0.0,0.0,0.0,0.0,2023-12-28 19:42:18,False,False,False,True,0.0,0.00010102318599643639,LOW
6,,,0.0,0.0,0.0,0.0,2023-12-27 16:04:14,False,False,False,True,0.0,7.546887465885332e-05,LOW
6,0.0,0.0,,,0.0,0.0,2023-12-28 22:08:21,False,False,False,True,0.0,0.000796314377626418,LOW
6,0.0,0.0,1.0,0.0,1.0,0.0,2023-12-31 00:36:32,False,False,True,False,1.0,0.6154503614591635,MEDIUM
6,0.0,0.0,,,0.0,0.0,2023-12-25 17:42:26,False,False,False,True,0.0,0.0008084267925056306,LOW
6,,,0.0,0.0,0.0,0.0,2023-12-27 18:45:22,False,False,False,True,0.0,0.00011279896650222419,LOW
6,,,0.0,0.0,0.0,0.0,2023-12-28 09:21:39,False,False,False,True,0.0,0.0009190373600847762,LOW
6,0.0,0.0,,,0.0,0.0,2023-12-25 16:19:07,False,False,False,True,0.0,0.0011297192507965454,LOW
6,,,0.0,0.0,0.0,0.0,2023-12-28 09:51:13,False,False,False,True,0.0,9.568164256582048e-05,LOW
6,,,0.0,0.0,0.0,0.0,2023-12-27 09:49:51,False,False,False,True,0.0,0.00015016990231191642,LOW
6,,,0.0,0.0,0.0,0.0,2023-12-27 17:43:46,False,False,False,True,0.0,9.568164256582048e-05,LOW
6,,,0.0,0.0,0.0,0.0,2023-12-28 13:22:17,False,False,False,True,0.0,0.00015768084111753358,LOW
6,,,0.0,0.0,0.0,0.0,2023-12-28 09:22:48,False,False,False,True,0.0,0.0022352053973886173,LOW
6,,,0.0,0.0,0.0,0.0,2023-12-28 20:02:18,False,False,False,True,0.0,0.0006486612398433682,LOW
6,,,0.0,0.0,0.0,0.0,2023-12-27 21:11:49,False,False,False,True,0.0,3.753451253192207e-05,LOW
6,,,0.0,0.0,0.0,0.0,2023-12-27 05:17:54,False,False,False,True,0.0,7.283614524450449e-05,LOW
6,0.0,0.0,,,0.0,0.0,2023-12-31 00:42:08,False,False,False,True,0.0,0.000568516239445892,LOW
6,,,0.0,0.0,0.0,0.0,2023-12-27 16:22:46,False,False,False,True,0.0,0.00015016990231191642,LOW
6,,,0.0,0.0,0.0,0.0,2023-12-28 12:53:48,False,False,False,True,0.0,6.506475917909724e-05,LOW
6,,,0.0,0.0,0.0,0.0,2023-12-28 10:00:41,False,False,False,True,0.0,3.0139949879913706e-05,LOW
6,,,0.0,0.0,0.0,0.0,2023-12-28 01:06:05,False,False,False,True,0.0,0.00022192173967247475,LOW
6,,,0.0,0.0,0.0,0.0,2023-12-28 19:12:32,False,False,False,True,0.0,0.00012349608648185793,LOW
6,,,0.0,0.0,0.0,0.0,2023-12-27 17:52:46,False,False,False,True,0.0,0.00013852464639946608,LOW
6,,,0.0,0.0,0.0,0.0,2023-12-27 16:47:27,False,False,False,True,0.0,3.0139949879913706e-05,LOW
6,,,0.0,0.0,0.0,0.0,2023-12-27 02:56:18,False,False,False,True,0.0,7.283614524450449e-05,LOW
6,,,0.0,0.0,0.0,0.0,2023-12-27 10:37:13,False,False,False,True,0.0,3.0139949879913706e-05,LOW
6,,,0.0,0.0,0.0,0.0,2023-12-27 16:42:25,False,False,False,True,0.0,3.0139949879913706e-05,LOW
6,,,0.0,0.0,0.0,0.0,2023-12-28 09:31:45,False,False,False,True,0.0,0.0010226808881457295,LOW
6,,,0.0,0.0,0.0,0.0,2023-12-28 06:33:42,False,False,False,True,0.0,0.00012203534980523903,LOW
6,,,0.0,0.0,0.0,0.0,2023-12-28 01:32:40,False,False,False,True,0.0,7.283614524450449e-05,LOW
6,,,0.0,0.0,0.0,0.0,2023-12-28 09:22:48,False,False,False,True,0.0,0.000707322811972098,LOW
6,,,0.0,0.0,0.0,0.0,2023-12-27 23:33:33,False,False,False,True,0.0,0.000579393131123026,LOW
6,,,0.0,0.0,0.0,0.0,2023-12-27 19:07:47,False,False,False,True,0.0,0.00014797222827286693,LOW
6,,,0.0,0.0,0.0,0.0,2023-12-28 21:35:05,False,False,False,True,0.0,0.00015756446496392482,LOW
6,,,0.0,0.0,0.0,0.0,2023-12-27 23:00:19,False,False,False,True,0.0,8.640697866422332e-05,LOW
6,,,0.0,0.0,0.0,0.0,2023-12-28 11:52:51,False,False,False,True,0.0,8.790666643516506e-05,LOW
6,,,0.0,0.0,0.0,0.0,2023-12-27 22:26:42,False,False,False,True,0.0,0.0004438141666032871,LOW
6,,,0.0,0.0,0.0,0.0,2023-12-28 19:51:42,False,False,False,True,0.0,0.0016189480154609975,LOW
6,,,0.0,0.0,0.0,0.0,2023-12-28 10:34:27,False,False,False,True,0.0,3.0139949879913706e-05,LOW
6,,,0.0,0.0,0.0,0.0,2023-12-27 10:11:45,False,False,False,True,0.0,3.0139949879913706e-05,LOW
6,,,0.0,0.0,0.0,0.0,2023-12-27 22:37:47,False,False,False,True,0.0,0.00024308960746473158,LOW
6,,,0.0,0.0,0.0,0.0,2023-12-28 08:45:15,False,False,False,True,0.0,3.0139949879913706e-05,LOW
6,,,0.0,0.0,0.0,0.0,2023-12-28 07:22:04,False,False,False,True,0.0,0.00741314097083002,LOW
6,,,0.0,0.0,0.0,0.0,2023-12-27 12:36:25,False,False,False,True,0.0,0.00013852464639946608,LOW
6,,,0.0,0.0,0.0,0.0,2023-12-27 11:11:15,False,False,False,True,0.0,3.0139949879913706e-05,LOW
6,,,0.0,0.0,0.0,0.0,2023-12-28 04:07:50,False,False,False,True,0.0,7.283614524450449e-05,LOW
6,,,0.0,0.0,0.0,0.0,2023-12-28 04:23:51,False,False,False,True,0.0,7.283614524450449e-05,LOW
6,,,0.0,0.0,0.0,0.0,2023-12-27 10:58:35,False,False,False,True,0.0,0.0004064581985270784,LOW
6,,,0.0,0.0,0.0,0.0,2023-12-28 06:03:15,False,False,False,True,0.0,7.564710566760943e-05,LOW
6,,,0.0,0.0,0.0,0.0,2023-12-27 02:52:45,False,False,False,True,0.0,9.025704739925607e-05,LOW
6,,,0.0,0.0,0.0,0.0,2023-12-27 06:46:59,False,False,False,True,0.0,7.283614524450449e-05,LOW
6,,,0.0,0.0,0.0,0.0,2023-12-27 13:26:29,False,False,False,True,0.0,0.00014833851148853718,LOW
6,0.0,0.0,,,0.0,0.0,2023-12-31 00:42:02,False,False,False,True,0.0,0.0012988863397405137,LOW
6,,,0.0,0.0,0.0,0.0,2023-12-27 08:44:27,False,False,False,True,0.0,0.00017457089748617365,LOW
6,0.0,0.0,,,0.0,0.0,2023-12-25 16:11:51,False,False,False,True,0.0,0.0009290985484248299,LOW
6,,,0.0,0.0,0.0,0.0,2023-12-27 19:13:11,False,False,False,True,0.0,0.0006789795824406396,LOW
6,,,0.0,0.0,0.0,0.0,2023-12-27 17:44:10,False,False,False,True,0.0,3.0139949879913706e-05,LOW
6,,,0.0,0.0,0.0,0.0,2023-12-28 19:59:24,False,False,False,True,0.0,3.753451253192207e-05,LOW
6,,,0.0,0.0,0.0,0.0,2023-12-27 07:16:08,False,False,False,True,0.0,3.0139949879913706e-05,LOW
6,,,0.0,0.0,0.0,0.0,2023-12-27 08:24:09,False,False,False,True,0.0,0.0003977779642853765,LOW
6,,,0.0,0.0,0.0,0.0,2023-12-27 09:06:39,False,False,False,True,0.0,3.0139949879913706e-05,LOW
6,,,0.0,0.0,0.0,0.0,2023-12-27 23:32:24,False,False,False,True,0.0,0.0009816085909307081,LOW
6,,,0.0,0.0,0.0,0.0,2023-12-28 04:17:50,False,False,False,True,0.0,7.283614524450449e-05,LOW
6,,,0.0,0.0,0.0,0.0,2023-12-27 03:54:36,False,False,False,True,0.0,7.283614524450449e-05,LOW
6,,,0.0,0.0,0.0,0.0,2023-12-27 20:53:11,False,False,False,True,0.0,0.0006789795824406396,LOW
6,,,0.0,0.0,0.0,0.0,2023-12-27 18:24:12,False,False,False,True,0.0,3.753451253192207e-05,LOW
6,,,0.0,0.0,0.0,0.0,2023-12-27 03:26:00,False,False,False,True,0.0,0.000276898104821813,LOW
6,,,0.0,0.0,0.0,0.0,2023-12-28 15:58:44,False,False,False,True,0.0,3.0139949879913706e-05,LOW
6,,,0.0,0.0,0.0,0.0,2023-12-28 04:32:21,False,False,False,True,0.0,7.283614524450449e-05,LOW
6,,,0.0,0.0,0.0,0.0,2023-12-28 11:27:21,False,False,False,True,0.0,7.933915444064827e-05,LOW
6,,,0.0,0.0,0.0,0.0,2023-12-27 05:22:45,False,False,False,True,0.0,0.0016628171601680967,LOW
6,,,0.0,0.0,0.0,0.0,2023-12-28 18:06:34,False,False,False,True,0.0,0.00015756446496392482,LOW
6,,,0.0,0.0,0.0,0.0,2023-12-28 17:42:32,False,False,False,True,0.0,6.974691774959036e-05,LOW
6,,,0.0,0.0,0.0,0.0,2023-12-27 03:39:36,False,False,False,True,0.0,0.005435188785851043,LOW
6,,,0.0,0.0,0.0,0.0,2023-12-28 09:51:13,False,False,False,True,0.0,8.403638665337012e-05,LOW
6,,,0.0,0.0,0.0,0.0,2023-12-28 21:37:35,False,False,False,True,0.0,8.673371709265663e-05,LOW
6,,,0.0,0.0,0.0,0.0,2023-12-28 20:16:54,False,False,False,True,0.0,8.877782041487759e-05,LOW
6,,,0.0,0.0,0.0,0.0,2023-12-27 12:47:24,False,False,False,True,0.0,3.0139949879913706e-05,LOW
6,,,0.0,0.0,0.0,0.0,2023-12-28 11:29:43,False,False,False,True,0.0,3.0139949879913706e-05,LOW
6,,,0.0,0.0,0.0,0.0,2023-12-28 20:04:07,False,False,False,True,0.0,3.753451253192207e-05,LOW
6,0.0,0.0,,,0.0,0.0,2023-12-25 16:11:54,False,False,False,True,0.0,0.0009290985484248299,LOW
6,,,0.0,0.0,0.0,0.0,2023-12-28 08:51:19,False,False,False,True,0.0,7.463300632875488e-05,LOW
6,,,0.0,0.0,0.0,0.0,2023-12-27 19:31:35,False,False,False,True,0.0,0.00014591920905147445,LOW
6,,,0.0,0.0,0.0,0.0,2023-12-27 09:55:41,False,False,False,True,0.0,3.0139949879913706e-05,LOW
6,,,0.0,0.0,0.0,0.0,2023-12-27 15:43:33,False,False,False,True,0.0,3.0139949879913706e-05,LOW
6,,,0.0,0.0,0.0,0.0,2023-12-27 14:04:24,False,False,False,True,0.0,3.0139949879913706e-05,LOW
6,,,0.0,0.0,0.0,0.0,2023-12-27 12:30:35,False,False,False,True,0.0,3.0139949879913706e-05,LOW
6,,,0.0,0.0,0.0,0.0,2023-12-27 15:12:57,False,False,False,True,0.0,3.0139949879913706e-05,LOW
6,,,0.0,0.0,0.0,0.0,2023-12-27 14:24:09,False,False,False,True,0.0,0.0003977779642853765,LOW
6,,,0.0,0.0,0.0,0.0,2023-12-27 04:32:28,False,False,False,True,0.0,0.0002439711110646812,LOW
6,,,0.0,0.0,0.0,0.0,2023-12-27 14:53:26,False,False,False,True,0.0,3.0139949879913706e-05,LOW
6,,,0.0,0.0,0.0,0.0,2023-12-28 09:51:31,False,False,False,True,0.0,3.0139949879913706e-05,LOW
6,,,0.0,0.0,0.0,0.0,2023-12-28 01:54:14,False,False,False,True,0.0,7.283614524450449e-05,LOW
6,,,0.0,0.0,0.0,0.0,2023-12-28 07:26:43,False,False,False,True,0.0,0.00013852464639946608,LOW
6,,,0.0,0.0,0.0,0.0,2023-12-27 20:18:37,False,False,False,True,0.0,3.753451253192207e-05,LOW
6,0.0,0.0,1.0,0.0,1.0,0.0,2023-12-31 00:36:32,False,False,True,False,1.0,0.6425207561947484,MEDIUM
6,0.0,0.0,,,0.0,0.0,2023-12-25 17:41:56,False,False,False,True,0.0,0.0008084267925056306,LOW
6,,,0.0,0.0,0.0,0.0,2023-12-27 18:40:08,False,False,False,True,0.0,3.753451253192207e-05,LOW
6,,,0.0,0.0,0.0,0.0,2023-12-27 13:38:26,False,False,False,True,0.0,3.0139949879913706e-05,LOW
6,,,0.0,0.0,0.0,0.0,2023-12-27 18:59:54,False,False,False,True,0.0,3.753451253192207e-05,LOW
6,0.0,0.0,0.0,0.0,0.0,0.0,2023-12-31 00:44:37,False,False,False,True,0.0,0.018068835660797245,LOW
6,,,0.0,0.0,0.0,0.0,2023-12-27 05:15:57,False,False,False,True,0.0,7.283614524450449e-05,LOW
6,,,0.0,0.0,0.0,0.0,2023-12-28 08:13:16,False,False,False,True,0.0,0.00014363236337664378,LOW
6,0.0,0.0,0.0,0.0,0.0,0.0,2023-12-31 00:42:02,False,False,False,True,0.0,0.02164976206663204,LOW
6,,,0.0,0.0,0.0,0.0,2023-12-28 10:22:18,False,False,False,True,0.0,9.362862334442803e-05,LOW
6,,,0.0,0.0,0.0,0.0,2023-12-27 08:24:57,False,False,False,True,0.0,3.0139949879913706e-05,LOW
6,,,0.0,0.0,0.0,0.0,2023-12-27 13:23:12,False,False,False,True,0.0,6.858549873033064e-05,LOW
6,,,0.0,0.0,0.0,0.0,2023-12-28 09:22:13,False,False,False,True,0.0,6.035861106720388e-05,LOW
6,,,0.0,0.0,0.0,0.0,2023-12-27 16:46:31,False,False,False,True,0.0,7.933915444064827e-05,LOW
6,,,0.0,0.0,0.0,0.0,2023-12-27 10:32:54,False,False,False,True,0.0,3.0139949879913706e-05,LOW
6,,,0.0,0.0,0.0,0.0,2023-12-27 18:22:46,False,False,False,True,0.0,0.00015756446496392482,LOW
6,,,0.0,0.0,0.0,0.0,2023-12-27 14:03:20,False,False,False,True,0.0,3.0139949879913706e-05,LOW
6,0.0,0.0,,,0.0,0.0,2023-12-31 00:42:06,False,False,False,True,0.0,0.0007456169231353962,LOW
6,,,0.0,0.0,0.0,0.0,2023-12-27 16:39:52,False,False,False,True,0.0,3.0139949879913706e-05,LOW
6,,,0.0,0.0,0.0,0.0,2023-12-27 07:49:53,False,False,False,True,0.0,3.0139949879913706e-05,LOW
6,0.0,0.0,,,0.0,0.0,2023-12-31 00:42:02,False,False,False,True,0.0,0.0012988863397405137,LOW
6,,,0.0,0.0,0.0,0.0,2023-12-27 23:19:15,False,False,False,True,0.0,8.640697866422332e-05,LOW
6,,,0.0,0.0,0.0,0.0,2023-12-28 20:28:35,False,False,False,True,0.0,3.753451253192207e-05,LOW
6,,,0.0,0.0,0.0,0.0,2023-12-27 05:32:47,False,False,False,True,0.0,7.283614524450449e-05,LOW
6,,,0.0,0.0,0.0,0.0,2023-12-27 11:10:32,False,False,False,True,0.0,0.00741314097083002,LOW
6,,,0.0,0.0,0.0,0.0,2023-12-28 10:57:08,False,False,False,True,0.0,3.0139949879913706e-05,LOW
6,,,0.0,0.0,0.0,0.0,2023-12-27 22:38:57,False,False,False,True,0.0,8.640697866422332e-05,LOW
6,,,0.0,0.0,0.0,0.0,2023-12-28 14:06:14,False,False,False,True,0.0,8.403638665337012e-05,LOW
6,0.0,0.0,,,0.0,0.0,2023-12-28 21:49:53,False,False,False,True,0.0,0.0019591396646052514,LOW
6,,,0.0,0.0,0.0,0.0,2023-12-28 01:28:06,False,False,False,True,0.0,7.283614524450449e-05,LOW
6,,,0.0,0.0,0.0,0.0,2023-12-27 10:30:41,False,False,False,True,0.0,3.0139949879913706e-05,LOW
6,,,0.0,0.0,0.0,0.0,2023-12-28 03:26:38,False,False,False,True,0.0,0.00012203534980523903,LOW
6,,,0.0,0.0,0.0,0.0,2023-12-27 07:47:49,False,False,False,True,0.0,0.0005032053934671797,LOW
6,,,0.0,0.0,0.0,0.0,2023-12-28 14:14:39,False,False,False,True,0.0,3.0139949879913706e-05,LOW
6,,,0.0,0.0,0.0,0.0,2023-12-28 21:05:29,False,False,False,True,0.0,0.0033943580358999008,LOW
6,,,0.0,0.0,0.0,0.0,2023-12-27 04:28:56,False,False,False,True,0.0,7.283614524450449e-05,LOW
6,,,0.0,0.0,0.0,0.0,2023-12-28 05:45:43,False,False,False,True,0.0,0.0001306028617997558,LOW
6,,,0.0,0.0,0.0,0.0,2023-12-28 10:25:01,False,False,False,True,0.0,7.546887465885332e-05,LOW
6,,,0.0,0.0,0.0,0.0,2023-12-27 03:25:21,False,False,False,True,0.0,7.283614524450449e-05,LOW
6,,,0.0,0.0,0.0,0.0,2023-12-28 20:14:01,False,False,False,True,0.0,0.00034739161136349174,LOW
6,,,0.0,0.0,0.0,0.0,2023-12-27 04:26:26,False,False,False,True,0.0,7.283614524450449e-05,LOW
6,,,0.0,0.0,0.0,0.0,2023-12-27 08:22:45,False,False,False,True,0.0,8.320051832327168e-05,LOW
6,,,0.0,0.0,0.0,0.0,2023-12-28 19:52:25,False,False,False,True,0.0,8.570899239611552e-05,LOW
6,,,0.0,0.0,0.0,0.0,2023-12-28 13:03:53,False,False,False,True,0.0,3.0139949879913706e-05,LOW
6,0.0,0.0,0.0,0.0,0.0,0.0,2023-12-28 22:42:35,False,False,False,True,0.0,0.008814156283568386,LOW
6,,,0.0,0.0,0.0,0.0,2023-12-27 10:39:31,False,False,False,True,0.0,0.0005148476141750466,LOW
6,,,0.0,0.0,0.0,0.0,2023-12-27 16:41:04,False,False,False,True,0.0,0.00014057766562085855,LOW
6,,,0.0,0.0,0.0,0.0,2023-12-28 13:46:38,False,False,False,True,0.0,3.0139949879913706e-05,LOW
6,,,0.0,0.0,0.0,0.0,2023-12-27 16:34:02,False,False,False,True,0.0,8.534794612040772e-05,LOW
6,,,0.0,0.0,0.0,0.0,2023-12-28 02:45:45,False,False,False,True,0.0,0.00016607011924505487,LOW
6,,,0.0,0.0,0.0,0.0,2023-12-27 10:15:33,False,False,False,True,0.0,3.0139949879913706e-05,LOW
6,,,0.0,0.0,0.0,0.0,2023-12-28 09:29:21,False,False,False,True,0.0,0.0005431299257822042,LOW
6,0.0,0.0,,,0.0,0.0,2023-12-31 00:36:30,False,False,False,True,0.0,0.0006127481647081874,LOW
6,,,0.0,0.0,0.0,0.0,2023-12-27 21:00:45,False,False,False,True,0.0,3.753451253192207e-05,LOW
6,,,0.0,0.0,0.0,0.0,2023-12-27 14:53:10,False,False,False,True,0.0,0.0006412666771913599,LOW
6,0.0,0.0,,,0.0,0.0,2023-12-19 15:11:11,False,False,False,True,0.0,0.0007697805614571772,LOW
6,,,0.0,0.0,0.0,0.0,2023-12-27 05:40:17,False,False,False,True,0.0,0.00018462275098997467,LOW
6,,,0.0,0.0,0.0,0.0,2023-12-27 07:55:10,False,False,False,True,0.0,0.00010319258137143763,LOW
6,,,0.0,0.0,0.0,0.0,2023-12-28 07:03:58,False,False,False,True,0.0,3.0139949879913706e-05,LOW
6,,,0.0,0.0,0.0,0.0,2023-12-27 21:09:22,False,False,False,True,0.0,3.753451253192207e-05,LOW
6,,,0.0,0.0,0.0,0.0,2023-12-28 18:01:21,False,False,False,True,0.0,3.753451253192207e-05,LOW
6,,,0.0,0.0,0.0,0.0,2023-12-28 16:05:15,False,False,False,True,0.0,3.0139949879913706e-05,LOW
6,,,0.0,0.0,0.0,0.0,2023-12-27 20:45:38,False,False,False,True,0.0,3.753451253192207e-05,LOW
6,,,0.0,0.0,0.0,0.0,2023-12-27 04:47:31,False,False,False,True,0.0,7.283614524450449e-05,LOW
6,,,0.0,0.0,0.0,0.0,2023-12-27 19:02:33,False,False,False,True,0.0,3.753451253192207e-05,LOW
6,,,0.0,0.0,0.0,0.0,2023-12-27 05:22:40,False,False,False,True,0.0,7.283614524450449e-05,LOW
6,,,0.0,0.0,0.0,0.0,2023-12-27 04:39:20,False,False,False,True,0.0,0.00013632481870901877,LOW
6,,,0.0,0.0,0.0,0.0,2023-12-28 17:45:02,False,False,False,True,0.0,3.0139949879913706e-05,LOW
6,,,0.0,0.0,0.0,0.0,2023-12-27 22:55:28,False,False,False,True,0.0,8.640697866422332e-05,LOW
6,,,0.0,0.0,0.0,0.0,2023-12-28 01:36:36,False,False,False,True,0.0,0.00012203534980523903,LOW
6,,,0.0,0.0,0.0,0.0,2023-12-28 12:55:14,False,False,False,True,0.0,3.0139949879913706e-05,LOW
6,,,0.0,0.0,0.0,0.0,2023-12-28 16:14:48,False,False,False,True,0.0,3.0139949879913706e-05,LOW
6,,,0.0,0.0,0.0,0.0,2023-12-31 00:43:24,False,False,False,True,0.0,0.006500336006374887,LOW
6,,,0.0,0.0,0.0,0.0,2023-12-27 11:37:49,False,False,False,True,0.0,7.546887465885332e-05,LOW
6,,,0.0,0.0,0.0,0.0,2023-12-27 10:39:30,False,False,False,True,0.0,8.287496763411043e-05,LOW
6,,,0.0,0.0,0.0,0.0,2023-12-28 09:43:55,False,False,False,True,0.0,3.0139949879913706e-05,LOW
6,0.0,0.0,,,0.0,0.0,2023-12-25 17:38:33,False,False,False,True,0.0,0.0008084267925056306,LOW
6,,,0.0,0.0,0.0,0.0,2023-12-27 03:39:32,False,False,False,True,0.0,0.0031512123262928244,LOW
6,0.0,0.0,,,0.0,0.0,2019-12-07 22:54:22,False,False,False,True,0.0,0.0013457087475273605,LOW
6,,,0.0,0.0,0.0,0.0,2023-12-28 14:13:17,False,False,False,True,0.0,8.608940587476261e-05,LOW
6,,,0.0,0.0,0.0,0.0,2023-12-27 21:40:17,False,False,False,True,0.0,0.00011058714402344599,LOW
6,0.0,0.0,,,0.0,0.0,2023-12-28 22:06:24,False,False,False,True,0.0,0.0005077085929441154,LOW
6,,,0.0,0.0,0.0,0.0,2023-12-28 14:08:31,False,False,False,True,0.0,3.0139949879913706e-05,LOW
6,,,0.0,0.0,0.0,0.0,2023-12-28 14:26:00,False,False,False,True,0.0,0.00015016990231191642,LOW
6,,,0.0,0.0,0.0,0.0,2023-12-27 11:36:00,False,False,False,True,0.0,0.00021648250753193726,LOW
6,,,0.0,0.0,0.0,0.0,2023-12-28 14:04:07,False,False,False,True,0.0,3.0139949879913706e-05,LOW
6,,,0.0,0.0,0.0,0.0,2023-12-28 09:29:21,False,False,False,True,0.0,0.0004497487761991491,LOW
6,0.0,0.0,1.0,0.0,1.0,0.0,2023-12-31 00:36:32,False,False,True,False,1.0,0.6943580840274031,MEDIUM
6,,,0.0,0.0,0.0,0.0,2023-12-27 07:43:42,False,False,False,True,0.0,3.0139949879913706e-05,LOW
6,,,0.0,0.0,0.0,0.0,2023-12-28 02:21:45,False,False,False,True,0.0,7.283614524450449e-05,LOW
6,,,0.0,0.0,0.0,0.0,2023-12-27 11:48:49,False,False,False,True,0.0,3.0139949879913706e-05,LOW
6,,,0.0,0.0,0.0,0.0,2023-12-28 17:32:30,False,False,False,True,0.0,0.00015016990231191642,LOW
6,,,0.0,0.0,0.0,0.0,2023-12-28 17:13:12,False,False,False,True,0.0,0.0001725579096889057,LOW
6,,,0.0,0.0,0.0,0.0,2023-12-28 09:47:06,False,False,False,True,0.0,7.933915444064827e-05,LOW
6,,,0.0,0.0,0.0,0.0,2023-12-27 19:29:24,False,False,False,True,0.0,3.753451253192207e-05,LOW
6,0.0,0.0,,,0.0,0.0,2023-12-25 16:11:52,False,False,False,True,0.0,0.0009290985484248299,LOW
6,0.0,0.0,,,0.0,0.0,2023-12-31 00:42:08,False,False,False,True,0.0,0.0006620747785162296,LOW
6,,,0.0,0.0,0.0,0.0,2023-12-27 04:39:25,False,False,False,True,0.0,7.283614524450449e-05,LOW
6,0.0,0.0,,,0.0,0.0,2019-12-07 22:54:24,False,False,False,True,0.0,0.0013457087475273605,LOW
6,,,0.0,0.0,0.0,0.0,2023-12-28 06:45:43,False,False,False,True,0.0,0.00022951877404501274,LOW
6,,,0.0,0.0,0.0,0.0,2023-12-27 23:22:00,False,False,False,True,0.0,8.640697866422332e-05,LOW
6,,,0.0,0.0,0.0,0.0,2023-12-28 10:54:38,False,False,False,True,0.0,0.00010540440385021582,LOW
6,,,0.0,0.0,0.0,0.0,2023-12-27 17:53:10,False,False,False,True,0.0,9.362862334442803e-05,LOW
6,,,0.0,0.0,0.0,0.0,2023-12-27 12:44:16,False,False,False,True,0.0,3.0139949879913706e-05,LOW
6,,,0.0,0.0,0.0,0.0,2023-12-27 08:53:57,False,False,False,True,0.0,3.0139949879913706e-05,LOW
6,,,0.0,0.0,0.0,0.0,2023-12-28 06:54:09,False,False,False,True,0.0,7.283614524450449e-05,LOW
6,,,0.0,0.0,0.0,0.0,2023-12-28 09:23:16,False,False,False,True,0.0,0.00043311349212673454,LOW
6,,,0.0,0.0,0.0,0.0,2023-12-28 16:38:16,False,False,False,True,0.0,9.568164256582048e-05,LOW
6,,,0.0,0.0,0.0,0.0,2023-12-27 20:05:03,False,False,False,True,0.0,3.753451253192207e-05,LOW
6,,,0.0,0.0,0.0,0.0,2023-12-27 18:45:13,False,False,False,True,0.0,3.753451253192207e-05,LOW
6,,,0.0,0.0,0.0,0.0,2023-12-27 20:32:19,False,False,False,True,0.0,9.143094930537848e-05,LOW
6,,,0.0,0.0,0.0,0.0,2023-12-28 04:55:24,False,False,False,True,0.0,0.0002439711110646812,LOW
6,,,0.0,0.0,0.0,0.0,2023-12-27 14:52:46,False,False,False,True,0.0,0.00013852464639946608,LOW
6,,,0.0,0.0,0.0,0.0,2023-12-27 10:48:51,False,False,False,True,0.0,9.240394304911012e-05,LOW
6,,,0.0,0.0,0.0,0.0,2023-12-27 13:43:57,False,False,False,True,0.0,3.0139949879913706e-05,LOW
6,,,0.0,0.0,0.0,0.0,2023-12-27 19:29:28,False,False,False,True,0.0,9.348396852677098e-05,LOW
6,,,0.0,0.0,0.0,0.0,2023-12-27 19:52:47,False,False,False,True,0.0,3.753451253192207e-05,LOW
6,,,0.0,0.0,0.0,0.0,2023-12-28 10:59:39,False,False,False,True,0.0,3.0139949879913706e-05,LOW
6,,,0.0,0.0,0.0,0.0,2023-12-27 06:32:58,False,False,False,True,0.0,7.283614524450449e-05,LOW
6,,,0.0,0.0,0.0,0.0,2023-12-28 03:52:19,False,False,False,True,0.0,7.283614524450449e-05,LOW
6,,,0.0,0.0,0.0,0.0,2023-12-27 11:46:46,False,False,False,True,0.0,3.0139949879913706e-05,LOW
6,,,0.0,0.0,0.0,0.0,2023-12-28 15:30:34,False,False,False,True,0.0,3.0139949879913706e-05,LOW
6,,,0.0,0.0,0.0,0.0,2023-12-28 09:22:53,False,False,False,True,0.0,0.00012569376052090747,LOW
6,0.0,0.0,,,0.0,0.0,2023-12-25 16:23:41,False,False,False,True,0.0,0.0008790146120205469,LOW
6,,,0.0,0.0,0.0,0.0,2023-12-28 11:28:14,False,False,False,True,0.0,9.568164256582048e-05,LOW
6,,,0.0,0.0,0.0,0.0,2023-12-28 10:22:53,False,False,False,True,0.0,8.320051832327168e-05,LOW
6,,,0.0,0.0,0.0,0.0,2023-12-27 06:32:29,False,False,False,True,0.0,0.0006030581428068015,LOW
6,,,0.0,0.0,0.0,0.0,2023-12-28 09:51:13,False,False,False,True,0.0,8.403638665337012e-05,LOW
6,,,0.0,0.0,0.0,0.0,2023-12-27 15:23:31,False,False,False,True,0.0,5.179109907268707e-05,LOW
6,,,0.0,0.0,0.0,0.0,2023-12-27 17:53:17,False,False,False,True,0.0,0.00012730400551444834,LOW
6,0.0,0.0,1.0,0.0,1.0,0.0,2023-12-31 00:36:32,False,False,True,False,1.0,0.603719924022428,MEDIUM
6,0.0,0.0,,,0.0,0.0,2023-12-28 22:32:22,False,False,False,True,0.0,0.000796314377626418,LOW
6,,,0.0,0.0,0.0,0.0,2023-12-27 18:16:31,False,False,False,True,0.0,3.753451253192207e-05,LOW
6,,,0.0,0.0,0.0,0.0,2023-12-28 19:14:42,False,False,False,True,0.0,3.753451253192207e-05,LOW
6,,,0.0,0.0,0.0,0.0,2023-12-27 17:03:45,False,False,False,True,0.0,3.0139949879913706e-05,LOW
6,,,0.0,0.0,0.0,0.0,2023-12-28 05:36:14,False,False,False,True,0.0,0.0054512717058152116,LOW
6,,,0.0,0.0,0.0,0.0,2023-12-28 06:05:58,False,False,False,True,0.0,0.0001306028617997558,LOW
6,,,0.0,0.0,0.0,0.0,2023-12-27 10:39:31,False,False,False,True,0.0,0.0005039470030020002,LOW
6,,,0.0,0.0,0.0,0.0,2023-12-28 01:09:14,False,False,False,True,0.0,0.0004911505402472562,LOW
6,,,0.0,0.0,0.0,0.0,2023-12-28 14:33:10,False,False,False,True,0.0,3.0139949879913706e-05,LOW
6,,,0.0,0.0,0.0,0.0,2023-12-27 23:31:23,False,False,False,True,0.0,8.640697866422332e-05,LOW
6,,,0.0,0.0,0.0,0.0,2023-12-27 14:24:12,False,False,False,True,0.0,3.0139949879913706e-05,LOW
6,,,0.0,0.0,0.0,0.0,2023-12-28 16:56:03,False,False,False,True,0.0,0.00015016990231191642,LOW
6,,,0.0,0.0,0.0,0.0,2023-12-27 11:42:50,False,False,False,True,0.0,3.0139949879913706e-05,LOW
6,,,0.0,0.0,0.0,0.0,2023-12-28 06:31:42,False,False,False,True,0.0,0.00012203534980523903,LOW
6,,,0.0,0.0,0.0,0.0,2023-12-27 10:25:16,False,False,False,True,0.0,3.0139949879913706e-05,LOW
6,0.0,0.0,,,0.0,0.0,2023-12-31 00:42:03,False,False,False,True,0.0,0.0007456169231353962,LOW
6,,,0.0,0.0,0.0,0.0,2023-12-27 19:03:04,False,False,False,True,0.0,8.28634373108617e-05,LOW
6,,,0.0,0.0,0.0,0.0,2023-12-27 14:10:43,False,False,False,True,0.0,3.0139949879913706e-05,LOW
6,0.0,0.0,,,0.0,0.0,2023-12-31 00:42:03,False,False,False,True,0.0,0.0007456169231353962,LOW
6,,,0.0,0.0,0.0,0.0,2023-12-28 12:02:27,False,False,False,True,0.0,0.0003977779642853765,LOW
6,,,0.0,0.0,0.0,0.0,2023-12-27 16:46:57,False,False,False,True,0.0,3.0139949879913706e-05,LOW
6,,,0.0,0.0,0.0,0.0,2023-12-27 15:24:17,False,False,False,True,0.0,8.790666643516506e-05,LOW
6,0.0,0.0,,,0.0,0.0,2023-12-31 00:42:03,False,False,False,True,0.0,0.0007103820938169967,LOW
6,,,0.0,0.0,0.0,0.0,2023-12-28 09:23:22,False,False,False,True,0.0,0.0007570908715408507,LOW
6,,,0.0,0.0,0.0,0.0,2023-12-27 06:50:21,False,False,False,True,0.0,0.00023054349874155385,LOW
6,,,0.0,0.0,0.0,0.0,2023-12-27 11:02:44,False,False,False,True,0.0,7.546887465885332e-05,LOW
6,,,0.0,0.0,0.0,0.0,2023-12-28 08:51:19,False,False,False,True,0.0,0.00019752467266707883,LOW
6,,,0.0,0.0,0.0,0.0,2023-12-27 19:07:47,False,False,False,True,0.0,0.00015756446496392482,LOW
6,0.0,0.0,,,0.0,0.0,2019-12-07 22:55:22,False,False,False,True,0.0,0.0007814375449363941,LOW
6,,,0.0,0.0,0.0,0.0,2023-12-27 13:54:42,False,False,False,True,0.0,3.0139949879913706e-05,LOW
6,0.0,0.0,,,0.0,0.0,2022-12-18 23:32:40,False,False,False,True,0.0,0.00025551987623733427,LOW
6,,,0.0,0.0,0.0,0.0,2023-12-28 17:36:48,False,False,False,True,0.0,0.00020515844109089302,LOW
6,0.0,0.0,1.0,0.0,1.0,0.0,2023-12-31 00:36:32,False,False,True,False,1.0,0.6340733534813225,MEDIUM
6,,,0.0,0.0,0.0,0.0,2023-12-27 08:48:20,False,False,False,True,0.0,6.506475917909724e-05,LOW
6,,,0.0,0.0,0.0,0.0,2023-12-27 22:38:29,False,False,False,True,0.0,0.00023793806139356223,LOW
6,0.0,0.0,1.0,0.0,1.0,0.0,2023-12-31 00:36:32,False,False,True,False,1.0,0.507287124569812,MEDIUM
6,0.0,0.0,,,0.0,0.0,2023-12-31 00:36:33,False,False,False,True,0.0,0.0006127481647081874,LOW
6,,,0.0,0.0,0.0,0.0,2023-12-27 15:22:29,False,False,False,True,0.0,0.00014160239031739966,LOW
6,,,0.0,0.0,0.0,0.0,2023-12-27 09:53:20,False,False,False,True,0.0,5.649724718458047e-05,LOW
6,,,0.0,0.0,0.0,0.0,2023-12-27 13:24:26,False,False,False,True,0.0,7.933915444064827e-05,LOW
6,,,0.0,0.0,0.0,0.0,2023-12-28 09:44:22,False,False,False,True,0.0,3.0139949879913706e-05,LOW
6,,,0.0,0.0,0.0,0.0,2023-12-28 03:28:38,False,False,False,True,0.0,0.00012203534980523903,LOW
6,,,0.0,0.0,0.0,0.0,2023-12-28 21:28:14,False,False,False,True,0.0,0.0004140170011984482,LOW
6,,,0.0,0.0,0.0,0.0,2023-12-27 04:38:54,False,False,False,True,0.0,0.00039488330620552785,LOW
6,,,0.0,0.0,0.0,0.0,2023-12-27 12:06:14,False,False,False,True,0.0,3.0139949879913706e-05,LOW
6,,,0.0,0.0,0.0,0.0,2023-12-27 15:24:23,False,False,False,True,0.0,3.0139949879913706e-05,LOW
6,,,0.0,0.0,0.0,0.0,2023-12-28 16:48:45,False,False,False,True,0.0,3.0139949879913706e-05,LOW
6,,,0.0,0.0,0.0,0.0,2023-12-28 12:35:52,False,False,False,True,0.0,7.933915444064827e-05,LOW
6,,,0.0,0.0,0.0,0.0,2023-12-28 15:40:27,False,False,False,True,0.0,7.933915444064827e-05,LOW
6,0.0,0.0,,,0.0,0.0,2023-12-28 22:33:54,False,False,False,True,0.0,0.000796314377626418,LOW
6,,,0.0,0.0,0.0,0.0,2023-12-27 05:03:56,False,False,False,True,0.0,7.283614524450449e-05,LOW
6,,,0.0,0.0,0.0,0.0,2023-12-28 08:51:19,False,False,False,True,0.0,0.0001871965352075229,LOW
6,,,0.0,0.0,0.0,0.0,2023-12-27 11:03:19,False,False,False,True,0.0,7.546887465885332e-05,LOW
6,,,0.0,0.0,0.0,0.0,2023-12-27 21:38:20,False,False,False,True,0.0,3.753451253192207e-05,LOW
6,,,0.0,0.0,0.0,0.0,2023-12-27 06:39:46,False,False,False,True,0.0,0.0004529383705315254,LOW
6,,,0.0,0.0,0.0,0.0,2023-12-28 19:28:32,False,False,False,True,0.0,8.673371709265663e-05,LOW
6,,,0.0,0.0,0.0,0.0,2023-12-27 06:52:49,False,False,False,True,0.0,0.0001258967136878624,LOW
6,,,0.0,0.0,0.0,0.0,2023-12-27 05:34:15,False,False,False,True,0.0,0.0001306028617997558,LOW
6,,,0.0,0.0,0.0,0.0,2023-12-27 03:39:30,False,False,False,True,0.0,0.00551148192247057,LOW
6,,,0.0,0.0,0.0,0.0,2023-12-27 07:13:46,False,False,False,True,0.0,0.00033999704871148334,LOW
6,,,0.0,0.0,0.0,0.0,2023-12-28 10:42:27,False,False,False,True,0.0,3.0139949879913706e-05,LOW
6,,,0.0,0.0,0.0,0.0,2023-12-28 09:39:24,False,False,False,True,0.0,3.0139949879913706e-05,LOW
6,,,0.0,0.0,0.0,0.0,2023-12-27 14:59:01,False,False,False,True,0.0,3.0139949879913706e-05,LOW
6,,,0.0,0.0,0.0,0.0,2023-12-27 11:16:24,False,False,False,True,0.0,7.933915444064827e-05,LOW
6,,,0.0,0.0,0.0,0.0,2023-12-27 03:50:40,False,False,False,True,0.0,7.283614524450449e-05,LOW
6,0.0,0.0,1.0,0.0,1.0,0.0,2023-12-31 00:36:33,False,False,True,False,1.0,0.7176998885427895,HIGH
6,0.0,0.0,1.0,0.0,1.0,0.0,2023-12-31 00:36:32,False,False,True,False,1.0,0.6316417742783079,MEDIUM
6,,,0.0,0.0,0.0,0.0,2023-12-28 19:21:16,False,False,False,True,0.0,8.673371709265663e-05,LOW
6,,,0.0,0.0,0.0,0.0,2023-12-28 07:27:32,False,False,False,True,0.0,3.0139949879913706e-05,LOW
6,,,0.0,0.0,0.0,0.0,2023-12-28 19:16:52,False,False,False,True,0.0,3.753451253192207e-05,LOW
6,,,0.0,0.0,0.0,0.0,2023-12-28 04:45:45,False,False,False,True,0.0,0.00016607011924505487,LOW
6,,,0.0,0.0,0.0,0.0,2023-12-28 14:24:18,False,False,False,True,0.0,3.0139949879913706e-05,LOW
6,0.0,0.0,,,0.0,0.0,2022-12-18 23:30:27,False,False,False,True,0.0,0.00025551987623733427,LOW
6,,,0.0,0.0,0.0,0.0,2023-12-28 22:12:32,False,False,False,True,0.0,0.0002678633759697979,LOW
6,,,0.0,0.0,0.0,0.0,2023-12-27 14:32:59,False,False,False,True,0.0,3.0139949879913706e-05,LOW
6,,,0.0,0.0,0.0,0.0,2023-12-27 10:14:09,False,False,False,True,0.0,7.309676910474161e-05,LOW
6,,,0.0,0.0,0.0,0.0,2023-12-28 09:51:13,False,False,False,True,0.0,0.00016982291324953497,LOW
6,0.0,0.0,,,0.0,0.0,2023-12-25 16:12:07,False,False,False,True,0.0,0.0009290985484248299,LOW
6,,,0.0,0.0,0.0,0.0,2023-12-28 03:12:18,False,False,False,True,0.0,7.283614524450449e-05,LOW
6,,,0.0,0.0,0.0,0.0,2023-12-28 03:09:57,False,False,False,True,0.0,7.283614524450449e-05,LOW
6,,,0.0,0.0,0.0,0.0,2023-12-27 03:03:20,False,False,False,True,0.0,7.283614524450449e-05,LOW
6,,,0.0,0.0,0.0,0.0,2023-12-27 14:46:30,False,False,False,True,0.0,3.0139949879913706e-05,LOW
6,,,0.0,0.0,0.0,0.0,2023-12-27 07:10:30,False,False,False,True,0.0,3.0139949879913706e-05,LOW
6,,,0.0,0.0,0.0,0.0,2023-12-27 19:53:17,False,False,False,True,0.0,3.753451253192207e-05,LOW
6,,,0.0,0.0,0.0,0.0,2023-12-28 21:53:38,False,False,False,True,0.0,3.753451253192207e-05,LOW
6,,,0.0,0.0,0.0,0.0,2023-12-27 22:16:38,False,False,False,True,0.0,0.00012942991245724737,LOW
6,,,0.0,0.0,0.0,0.0,2023-12-27 23:23:40,False,False,False,True,0.0,0.0004741348426961944,LOW
6,0.0,0.0,,,0.0,0.0,2023-12-28 22:41:02,False,False,False,True,0.0,0.000796314377626418,LOW
6,,,0.0,0.0,0.0,0.0,2023-12-28 01:56:04,False,False,False,True,0.0,7.283614524450449e-05,LOW
6,,,0.0,0.0,0.0,0.0,2023-12-27 08:33:37,False,False,False,True,0.0,3.0139949879913706e-05,LOW
6,0.0,0.0,1.0,0.0,1.0,0.0,2023-12-31 00:36:32,False,False,True,False,1.0,0.7067360855005558,HIGH
6,,,0.0,0.0,0.0,0.0,2023-12-27 04:12:25,False,False,False,True,0.0,7.283614524450449e-05,LOW
6,,,0.0,0.0,0.0,0.0,2023-12-28 10:23:25,False,False,False,True,0.0,8.790666643516506e-05,LOW
6,,,0.0,0.0,0.0,0.0,2023-12-27 23:35:35,False,False,False,True,0.0,0.00020313857784673634,LOW
6,0.0,0.0,1.0,0.0,1.0,0.0,2023-12-31 00:36:33,False,False,True,False,1.0,0.6040728318503328,MEDIUM
6,,,0.0,0.0,0.0,0.0,2023-12-27 17:45:29,False,False,False,True,0.0,0.0005235012058467061,LOW
6,0.0,0.0,,,0.0,0.0,2022-09-08 11:02:18,False,False,False,True,0.0,0.0008339510698330127,LOW
6,,,0.0,0.0,0.0,0.0,2023-12-28 19:39:23,False,False,False,True,0.0,3.753451253192207e-05,LOW
6,,,0.0,0.0,0.0,0.0,2023-12-28 19:53:58,False,False,False,True,0.0,3.753451253192207e-05,LOW
6,0.0,0.0,1.0,0.0,1.0,0.0,2023-12-31 00:36:32,False,False,True,False,1.0,0.5874199173667543,MEDIUM
6,,,0.0,0.0,0.0,0.0,2023-12-27 20:13:37,False,False,False,True,0.0,3.753451253192207e-05,LOW
6,,,0.0,0.0,0.0,0.0,2023-12-28 20:23:04,False,False,False,True,0.0,0.00013308832317291582,LOW
6,,,0.0,0.0,0.0,0.0,2023-12-28 07:25:59,False,False,False,True,0.0,0.001752114727218274,LOW
6,0.0,0.0,1.0,0.0,1.0,0.0,2023-12-31 00:36:32,False,False,True,False,1.0,0.6337719011737127,MEDIUM
6,,,0.0,0.0,0.0,0.0,2023-12-27 11:20:15,False,False,False,True,0.0,3.0139949879913706e-05,LOW
6,,,0.0,0.0,0.0,0.0,2023-12-28 09:21:38,False,False,False,True,0.0,0.0006048188645874467,LOW
6,,,0.0,0.0,0.0,0.0,2023-12-28 08:10:34,False,False,False,True,0.0,3.0139949879913706e-05,LOW
6,,,0.0,0.0,0.0,0.0,2023-12-28 17:50:51,False,False,False,True,0.0,3.0139949879913706e-05,LOW
6,,,0.0,0.0,0.0,0.0,2023-12-28 17:53:42,False,False,False,True,0.0,3.0139949879913706e-05,LOW
6,,,0.0,0.0,0.0,0.0,2023-12-27 11:22:46,False,False,False,True,0.0,9.568164256582048e-05,LOW
6,0.0,0.0,,,0.0,0.0,2023-12-31 00:36:36,False,False,False,True,0.0,0.0006127481647081874,LOW
6,,,0.0,0.0,0.0,0.0,2023-12-28 18:22:18,False,False,False,True,0.0,0.00010102318599643639,LOW
6,0.0,0.0,,,0.0,0.0,2019-12-07 23:03:09,False,False,False,True,0.0,0.0006838036158275849,LOW
6,,,0.0,0.0,0.0,0.0,2023-12-28 17:23:29,False,False,False,True,0.0,7.933915444064827e-05,LOW
6,,,0.0,0.0,0.0,0.0,2023-12-28 18:33:20,False,False,False,True,0.0,3.753451253192207e-05,LOW
6,,,0.0,0.0,0.0,0.0,2023-12-28 08:11:44,False,False,False,True,0.0,7.933915444064827e-05,LOW
6,0.0,0.0,,,0.0,0.0,2023-12-31 00:36:51,False,False,False,True,0.0,0.0020579924407405493,LOW
6,0.0,0.0,,,0.0,0.0,2023-04-19 17:31:45,False,False,False,True,0.0,0.0031337991366217014,LOW
6,,,0.0,0.0,0.0,0.0,2023-12-28 19:22:32,False,False,False,True,0.0,0.0003416696544542287,LOW
6,,,0.0,0.0,0.0,0.0,2023-12-27 09:52:45,False,False,False,True,0.0,0.0016201209648035058,LOW
6,,,0.0,0.0,0.0,0.0,2023-12-28 19:27:53,False,False,False,True,0.0,3.753451253192207e-05,LOW
6,,,0.0,0.0,0.0,0.0,2023-12-28 01:06:25,False,False,False,True,0.0,0.00014929971949135807,LOW
6,,,0.0,0.0,0.0,0.0,2023-12-28 02:40:10,False,False,False,True,0.0,7.283614524450449e-05,LOW
6,,,0.0,0.0,0.0,0.0,2023-12-28 17:21:14,False,False,False,True,0.0,0.0016201209648035058,LOW
6,,,0.0,0.0,0.0,0.0,2023-12-28 19:50:32,False,False,False,True,0.0,8.673371709265663e-05,LOW
6,0.0,0.0,,,0.0,0.0,2023-12-31 00:42:05,False,False,False,True,0.0,0.006427531604817838,LOW
6,0.0,0.0,,,0.0,0.0,2023-12-25 16:11:45,False,False,False,True,0.0,0.0009311115362220978,LOW
6,,,0.0,0.0,0.0,0.0,2023-12-28 17:21:50,False,False,False,True,0.0,0.004380153938498642,LOW
6,0.0,0.0,1.0,0.0,1.0,0.0,2023-12-31 00:36:33,False,False,True,False,0.0,0.47395932329449586,MEDIUM
6,,,0.0,0.0,0.0,0.0,2023-12-27 07:22:18,False,False,False,True,0.0,7.933915444064827e-05,LOW
6,,,0.0,0.0,0.0,0.0,2023-12-27 22:46:14,False,False,False,True,0.0,8.640697866422332e-05,LOW
6,,,0.0,0.0,0.0,0.0,2023-12-28 21:32:17,False,False,False,True,0.0,0.0006789795824406396,LOW
6,,,0.0,0.0,0.0,0.0,2023-12-28 02:09:36,False,False,False,True,0.0,0.00012203534980523903,LOW
6,,,0.0,0.0,0.0,0.0,2023-12-27 15:45:44,False,False,False,True,0.0,0.00015768084111753358,LOW
6,,,0.0,0.0,0.0,0.0,2023-12-27 02:52:12,False,False,False,True,0.0,0.00012203534980523903,LOW
6,,,0.0,0.0,0.0,0.0,2023-12-27 04:29:41,False,False,False,True,0.0,7.283614524450449e-05,LOW
6,,,0.0,0.0,0.0,0.0,2023-12-27 11:13:01,False,False,False,True,0.0,0.0009216833537626995,LOW
6,0.0,0.0,,,0.0,0.0,2023-12-31 00:42:05,False,False,False,True,0.0,0.01875063451088039,LOW
6,,,0.0,0.0,0.0,0.0,2023-12-28 15:36:41,False,False,False,True,0.0,3.0139949879913706e-05,LOW
6,,,0.0,0.0,0.0,0.0,2023-12-27 07:47:59,False,False,False,True,0.0,0.0001725579096889057,LOW
6,0.0,0.0,1.0,0.0,1.0,0.0,2023-12-31 00:36:32,False,False,True,False,1.0,0.5824689254478568,MEDIUM
6,,,0.0,0.0,0.0,0.0,2023-12-27 03:57:32,False,False,False,True,0.0,0.0005218402621230149,LOW
6,,,0.0,0.0,0.0,0.0,2023-12-28 07:46:05,False,False,False,True,0.0,8.036744896549965e-05,LOW
6,0.0,0.0,1.0,0.0,1.0,0.0,2023-12-31 00:36:33,False,False,True,False,1.0,0.6040728318503328,MEDIUM
6,,,0.0,0.0,0.0,0.0,2023-12-27 21:25:23,False,False,False,True,0.0,3.753451253192207e-05,LOW
6,0.0,0.0,1.0,0.0,1.0,0.0,2023-12-31 00:36:33,False,False,True,False,1.0,0.6510666467308692,MEDIUM
6,,,0.0,0.0,0.0,0.0,2023-12-28 19:53:30,False,False,False,True,0.0,9.530122908717343e-05,LOW
6,,,0.0,0.0,0.0,0.0,2023-12-27 16:05:04,False,False,False,True,0.0,3.0139949879913706e-05,LOW
6,,,0.0,0.0,0.0,0.0,2023-12-27 06:53:12,False,False,False,True,0.0,0.00011128169409492144,LOW
6,,,0.0,0.0,0.0,0.0,2023-12-28 17:01:15,False,False,False,True,0.0,3.0139949879913706e-05,LOW
6,,,0.0,0.0,0.0,0.0,2023-12-28 14:34:40,False,False,False,True,0.0,3.0139949879913706e-05,LOW
6,0.0,0.0,,,0.0,0.0,2023-12-31 00:36:50,False,False,False,True,0.0,0.07737118311992225,LOW
6,,,0.0,0.0,0.0,0.0,2023-12-28 15:58:45,False,False,False,True,0.0,8.534794612040772e-05,LOW
6,,,0.0,0.0,0.0,0.0,2023-12-28 16:58:18,False,False,False,True,0.0,3.0139949879913706e-05,LOW
6,,,0.0,0.0,0.0,0.0,2023-12-27 11:19:45,False,False,False,True,0.0,3.0139949879913706e-05,LOW
6,,,0.0,0.0,0.0,0.0,2023-12-27 07:42:10,False,False,False,True,0.0,3.0139949879913706e-05,LOW
6,0.0,0.0,,,0.0,0.0,2023-12-25 16:11:56,False,False,False,True,0.0,0.0009290985484248299,LOW
6,,,0.0,0.0,0.0,0.0,2023-12-27 12:14:27,False,False,False,True,0.0,0.00017457089748617365,LOW
6,,,0.0,0.0,0.0,0.0,2023-12-28 14:51:14,False,False,False,True,0.0,8.790666643516506e-05,LOW
6,,,0.0,0.0,0.0,0.0,2023-12-27 08:22:45,False,False,False,True,0.0,8.790666643516506e-05,LOW
6,0.0,0.0,,,0.0,0.0,2023-12-25 16:19:16,False,False,False,True,0.0,0.0011297192507965454,LOW
6,,,0.0,0.0,0.0,0.0,2023-12-27 13:53:10,False,False,False,True,0.0,3.0139949879913706e-05,LOW
6,,,0.0,0.0,0.0,0.0,2023-12-27 13:01:26,False,False,False,True,0.0,0.00013852464639946608,LOW
6,,,0.0,0.0,0.0,0.0,2023-12-28 08:36:43,False,False,False,True,0.0,6.577961616852005e-05,LOW
6,0.0,0.0,,,0.0,0.0,2023-12-25 17:11:15,False,False,False,True,0.0,0.0008084267925056306,LOW
6,0.0,0.0,,,0.0,0.0,2023-12-31 00:36:30,False,False,False,True,0.0,0.0003198518173440013,LOW
6,,,0.0,0.0,0.0,0.0,2023-12-27 21:47:48,False,False,False,True,0.0,3.753451253192207e-05,LOW
6,0.0,0.0,,,0.0,0.0,2023-12-25 16:18:55,False,False,False,True,0.0,0.0009326158143409794,LOW
6,0.0,0.0,,,0.0,0.0,2023-12-19 15:27:03,False,False,False,True,0.0,0.0008354553479518942,LOW
6,,,0.0,0.0,0.0,0.0,2023-12-31 00:36:40,False,False,False,True,0.0,0.0033022906211972554,LOW
6,,,0.0,0.0,0.0,0.0,2023-12-27 10:55:31,False,False,False,True,0.0,0.00012182348073911254,LOW
6,,,0.0,0.0,0.0,0.0,2023-12-28 20:25:25,False,False,False,True,0.0,3.753451253192207e-05,LOW
6,,,0.0,0.0,0.0,0.0,2023-12-27 16:45:57,False,False,False,True,0.0,3.0139949879913706e-05,LOW
6,0.0,0.0,,,0.0,0.0,2022-12-20 22:11:05,False,False,False,True,0.0,0.0008450197277925378,LOW
6,,,0.0,0.0,0.0,0.0,2023-12-27 23:29:48,False,False,False,True,0.0,8.640697866422332e-05,LOW
6,,,0.0,0.0,0.0,0.0,2023-12-27 12:23:15,False,False,False,True,0.0,3.0139949879913706e-05,LOW
6,,,0.0,0.0,0.0,0.0,2023-12-28 08:00:11,False,False,False,True,0.0,0.00016901318059627202,LOW
6,,,0.0,0.0,0.0,0.0,2023-12-31 00:44:57,False,False,False,True,0.0,0.006625308961725554,LOW
6,,,0.0,0.0,0.0,0.0,2023-12-27 20:30:14,False,False,False,True,0.0,3.753451253192207e-05,LOW
6,,,0.0,0.0,0.0,0.0,2023-12-28 02:30:42,False,False,False,True,0.0,0.0001258967136878624,LOW
6,,,0.0,0.0,0.0,0.0,2023-12-27 15:53:59,False,False,False,True,0.0,3.0139949879913706e-05,LOW
6,,,0.0,0.0,0.0,0.0,2023-12-27 18:07:46,False,False,False,True,0.0,0.00015756446496392482,LOW
6,,,0.0,0.0,0.0,0.0,2023-12-28 20:21:40,False,False,False,True,0.0,0.00017995247234091404,LOW
6,0.0,0.0,,,0.0,0.0,2023-12-28 18:12:25,False,False,False,True,0.0,0.005734795680749084,LOW
6,,,0.0,0.0,0.0,0.0,2023-12-27 23:13:12,False,False,False,True,0.0,0.0015239514004965647,LOW
6,0.0,0.0,,,0.0,0.0,2019-12-07 22:54:23,False,False,False,True,0.0,0.0013457087475273605,LOW
6,,,0.0,0.0,0.0,0.0,2023-12-27 03:39:31,False,False,False,True,0.0,0.0006057291884749927,LOW
6,,,0.0,0.0,0.0,0.0,2023-12-27 11:36:49,False,False,False,True,0.0,3.0139949879913706e-05,LOW
6,,,0.0,0.0,0.0,0.0,2023-12-27 07:23:36,False,False,False,True,0.0,3.0139949879913706e-05,LOW
6,,,0.0,0.0,0.0,0.0,2023-12-28 18:12:05,False,False,False,True,0.0,3.753451253192207e-05,LOW
6,,,0.0,0.0,0.0,0.0,2023-12-28 09:45:25,False,False,False,True,0.0,3.0139949879913706e-05,LOW
6,,,0.0,0.0,0.0,0.0,2023-12-28 20:44:01,False,False,False,True,0.0,3.753451253192207e-05,LOW
6,0.0,0.0,1.0,0.0,1.0,0.0,2023-12-31 00:36:32,False,False,True,False,1.0,0.6446525160000021,MEDIUM
6,,,0.0,0.0,0.0,0.0,2023-12-28 07:41:00,False,False,False,True,0.0,3.0139949879913706e-05,LOW
6,,,0.0,0.0,0.0,0.0,2023-12-28 06:53:58,False,False,False,True,0.0,7.283614524450449e-05,LOW
6,,,0.0,0.0,0.0,0.0,2023-12-28 15:22:14,False,False,False,True,0.0,8.403638665337012e-05,LOW
6,,,0.0,0.0,0.0,0.0,2023-12-28 11:37:21,False,False,False,True,0.0,7.933915444064827e-05,LOW
6,,,0.0,0.0,0.0,0.0,2023-12-27 04:52:45,False,False,False,True,0.0,0.00017991660287808127,LOW
6,,,0.0,0.0,0.0,0.0,2023-12-28 15:56:31,False,False,False,True,0.0,3.0139949879913706e-05,LOW
6,,,1.0,0.0,1.0,0.0,2023-12-31 00:43:48,False,False,True,False,0.0,0.025112039763412516,LOW
6,,,0.0,0.0,0.0,0.0,2023-12-28 09:23:46,False,False,False,True,0.0,0.00010748032250229449,LOW
6,,,0.0,0.0,0.0,0.0,2023-12-28 14:06:14,False,False,False,True,0.0,0.0033869634732478933,LOW
6,,,0.0,0.0,0.0,0.0,2023-12-28 10:12:14,False,False,False,True,0.0,9.362862334442803e-05,LOW
6,,,0.0,0.0,0.0,0.0,2023-12-28 20:23:37,False,False,False,True,0.0,0.00017995247234091404,LOW
6,,,0.0,0.0,0.0,0.0,2023-12-27 20:32:29,False,False,False,True,0.0,0.00017138496034639728,LOW
6,,,0.0,0.0,0.0,0.0,2023-12-28 03:00:45,False,False,False,True,0.0,0.00011732920169334565,LOW
6,0.0,0.0,,,0.0,0.0,2023-12-31 00:42:06,False,False,False,True,0.0,0.0017233274529635794,LOW
6,0.0,0.0,,,0.0,0.0,2023-12-25 16:20:50,False,False,False,True,0.0,0.0011297192507965454,LOW
6,,,0.0,0.0,0.0,0.0,2023-12-27 11:59:07,False,False,False,True,0.0,3.0139949879913706e-05,LOW
6,,,0.0,0.0,0.0,0.0,2023-12-27 16:14:25,False,False,False,True,0.0,3.0139949879913706e-05,LOW
6,0.0,0.0,,,0.0,0.0,2023-12-25 16:11:51,False,False,False,True,0.0,0.0009290985484248299,LOW
6,,,0.0,0.0,0.0,0.0,2023-12-28 06:24:41,False,False,False,True,0.0,7.283614524450449e-05,LOW
6,,,0.0,0.0,0.0,0.0,2023-12-27 23:22:47,False,False,False,True,0.0,0.0001038278808189749,LOW
6,,,0.0,0.0,0.0,0.0,2023-12-27 22:41:58,False,False,False,True,0.0,8.640697866422332e-05,LOW
6,0.0,0.0,,,0.0,0.0,2023-12-31 00:36:34,False,False,False,True,0.0,0.0005665032516486239,LOW
6,,,0.0,0.0,0.0,0.0,2023-12-28 09:22:48,False,False,False,True,0.0,0.0003838527161750689,LOW
6,,,0.0,0.0,0.0,0.0,2023-12-28 15:46:50,False,False,False,True,0.0,3.0139949879913706e-05,LOW
6,,,0.0,0.0,0.0,0.0,2023-12-27 06:27:03,False,False,False,True,0.0,7.283614524450449e-05,LOW
6,,,0.0,0.0,0.0,0.0,2023-12-27 23:35:40,False,False,False,True,0.0,0.00012942991245724737,LOW
6,0.0,0.0,,,0.0,0.0,2023-12-31 00:42:08,False,False,False,True,0.0,0.000568516239445892,LOW
6,,,0.0,0.0,0.0,0.0,2023-12-28 22:36:15,False,False,False,True,0.0,0.00022834582470250434,LOW
6,,,0.0,0.0,0.0,0.0,2023-12-28 21:28:14,False,False,False,True,0.0,0.00014591920905147445,LOW
6,,,0.0,0.0,0.0,0.0,2023-12-27 18:05:01,False,False,False,True,0.0,3.753451253192207e-05,LOW
6,0.0,0.0,1.0,0.0,1.0,0.0,2023-12-31 00:36:33,False,False,True,False,1.0,0.6781605572949312,MEDIUM
6,,,0.0,0.0,0.0,0.0,2023-12-28 09:24:02,False,False,False,True,0.0,0.00012639406793387128,LOW
6,0.0,0.0,0.0,0.0,0.0,0.0,2023-12-31 00:36:36,False,False,False,True,0.0,0.019790311748843353,LOW
6,,,0.0,0.0,0.0,0.0,2023-12-27 21:27:23,False,False,False,True,0.0,3.753451253192207e-05,LOW
6,,,0.0,0.0,0.0,0.0,2023-12-28 08:51:17,False,False,False,True,0.0,8.650044924049595e-05,LOW
6,,,0.0,0.0,0.0,0.0,2023-12-27 13:42:46,False,False,False,True,0.0,8.790666643516506e-05,LOW
6,,,0.0,0.0,0.0,0.0,2023-12-27 11:01:41,False,False,False,True,0.0,3.0139949879913706e-05,LOW
6,,,0.0,0.0,0.0,0.0,2023-12-27 21:59:41,False,False,False,True,0.0,3.753451253192207e-05,LOW
6,,,0.0,0.0,0.0,0.0,2023-12-27 17:54:28,False,False,False,True,0.0,0.00017457089748617365,LOW
6,,,0.0,0.0,0.0,0.0,2023-12-28 02:55:16,False,False,False,True,0.0,7.283614524450449e-05,LOW
6,,,0.0,0.0,0.0,0.0,2023-12-28 12:04:49,False,False,False,True,0.0,3.0139949879913706e-05,LOW
6,0.0,0.0,,,0.0,0.0,2019-12-07 22:54:23,False,False,False,True,0.0,0.0013457087475273605,LOW
6,,,0.0,0.0,0.0,0.0,2023-12-28 21:02:15,False,False,False,True,0.0,3.753451253192207e-05,LOW
6,,,0.0,0.0,0.0,0.0,2023-12-28 19:50:18,False,False,False,True,0.0,0.00014797222827286693,LOW
6,0.0,0.0,1.0,0.0,1.0,0.0,2023-12-31 00:36:32,False,False,True,False,0.0,0.4907428039227627,MEDIUM
6,,,0.0,0.0,0.0,0.0,2023-12-28 13:32:24,False,False,False,True,0.0,8.403638665337012e-05,LOW
6,,,0.0,0.0,0.0,0.0,2023-12-28 12:51:14,False,False,False,True,0.0,7.360828163221378e-05,LOW
6,,,0.0,0.0,0.0,0.0,2023-12-27 22:24:34,False,False,False,True,0.0,0.00013799742445176416,LOW
6,0.0,0.0,,,0.0,0.0,2023-12-25 16:11:54,False,False,False,True,0.0,0.0009290985484248299,LOW
6,,,0.0,0.0,0.0,0.0,2023-12-28 15:39:14,False,False,False,True,0.0,3.0139949879913706e-05,LOW
6,0.0,0.0,,,0.0,0.0,2022-12-20 21:37:54,False,False,False,True,0.0,0.0006618522663919379,LOW
6,,,0.0,0.0,0.0,0.0,2023-12-28 02:45:45,False,False,False,True,0.0,0.00024289066309379228,LOW
6,,,0.0,0.0,0.0,0.0,2023-12-28 15:47:53,False,False,False,True,0.0,3.0139949879913706e-05,LOW
6,,,0.0,0.0,0.0,0.0,2023-12-27 09:41:10,False,False,False,True,0.0,3.0139949879913706e-05,LOW
6,,,0.0,0.0,0.0,0.0,2023-12-28 21:28:24,False,False,False,True,0.0,0.00017640774324828037,LOW
6,,,0.0,0.0,0.0,0.0,2023-12-28 11:51:14,False,False,False,True,0.0,8.320051832327168e-05,LOW
6,,,0.0,0.0,0.0,0.0,2023-12-27 16:32:24,False,False,False,True,0.0,0.00013244686252952595,LOW
6,0.0,0.0,,,0.0,0.0,2023-12-25 16:12:44,False,False,False,True,0.0,0.0008629150522517265,LOW
6,,,0.0,0.0,0.0,0.0,2023-12-28 11:53:40,False,False,False,True,0.0,3.0139949879913706e-05,LOW
6,,,0.0,0.0,0.0,0.0,2023-12-28 21:01:37,False,False,False,True,0.0,3.753451253192207e-05,LOW
6,,,0.0,0.0,0.0,0.0,2023-12-28 08:51:12,False,False,False,True,0.0,0.00019794298157232957,LOW
6,,,0.0,0.0,0.0,0.0,2023-12-28 05:51:58,False,False,False,True,0.0,7.283614524450449e-05,LOW
6,,,0.0,0.0,0.0,0.0,2023-12-27 11:29:16,False,False,False,True,0.0,3.0139949879913706e-05,LOW
6,,,0.0,0.0,0.0,0.0,2023-12-28 19:00:29,False,False,False,True,0.0,3.753451253192207e-05,LOW
6,,,0.0,0.0,0.0,0.0,2023-12-28 15:22:30,False,False,False,True,0.0,7.179993697098282e-05,LOW
6,,,0.0,0.0,0.0,0.0,2023-12-28 12:22:32,False,False,False,True,0.0,4.75608520346653e-05,LOW
6,,,0.0,0.0,0.0,0.0,2023-12-28 08:15:34,False,False,False,True,0.0,3.0139949879913706e-05,LOW
6,,,0.0,0.0,0.0,0.0,2023-12-27 18:23:06,False,False,False,True,0.0,8.28634373108617e-05,LOW
6,,,0.0,0.0,0.0,0.0,2023-12-27 08:13:06,False,False,False,True,0.0,3.0139949879913706e-05,LOW
6,0.0,0.0,,,0.0,0.0,2023-12-28 09:22:27,False,False,False,True,0.0,0.0010353092098633807,LOW
6,,,0.0,0.0,0.0,0.0,2023-12-27 06:34:16,False,False,False,True,0.0,0.00019141664142826242,LOW
6,,,0.0,0.0,0.0,0.0,2023-12-28 17:53:04,False,False,False,True,0.0,7.933915444064827e-05,LOW
6,,,0.0,0.0,0.0,0.0,2023-12-28 14:37:26,False,False,False,True,0.0,0.00013852464639946608,LOW
6,,,0.0,0.0,0.0,0.0,2023-12-27 19:59:36,False,False,False,True,0.0,3.753451253192207e-05,LOW
6,,,0.0,0.0,0.0,0.0,2023-12-28 04:21:31,False,False,False,True,0.0,0.00015555928104984138,LOW
6,,,0.0,0.0,0.0,0.0,2023-12-27 18:44:13,False,False,False,True,0.0,3.753451253192207e-05,LOW
6,,,0.0,0.0,0.0,0.0,2023-12-27 16:44:58,False,False,False,True,0.0,3.0139949879913706e-05,LOW
6,0.0,0.0,,,0.0,0.0,2022-12-26 01:52:16,False,False,False,True,0.0,0.00092013334816242,LOW
6,,,0.0,0.0,0.0,0.0,2023-12-27 04:09:11,False,False,False,True,0.0,0.005895283884410236,LOW
6,,,0.0,0.0,0.0,0.0,2023-12-28 09:24:34,False,False,False,True,0.0,0.00041354040913711134,LOW
6,,,0.0,0.0,0.0,0.0,2023-12-28 10:46:26,False,False,False,True,0.0,3.0139949879913706e-05,LOW
6,,,0.0,0.0,0.0,0.0,2023-12-27 15:23:00,False,False,False,True,0.0,0.00015734178900698618,LOW
6,,,0.0,0.0,0.0,0.0,2023-12-28 01:05:55,False,False,False,True,0.0,0.00018284912943374563,LOW
6,,,0.0,0.0,0.0,0.0,2023-12-27 04:41:17,False,False,False,True,0.0,0.0005253650594188212,LOW
6,,,0.0,0.0,0.0,0.0,2023-12-27 14:28:33,False,False,False,True,0.0,3.0139949879913706e-05,LOW
6,,,0.0,0.0,0.0,0.0,2023-12-27 16:14:31,False,False,False,True,0.0,3.0139949879913706e-05,LOW
6,0.0,0.0,,,0.0,0.0,2019-12-07 17:10:45,False,False,False,True,0.0,0.001960011245211956,LOW
6,,,0.0,0.0,0.0,0.0,2023-12-28 08:51:17,False,False,False,True,0.0,9.568164256582048e-05,LOW
6,,,0.0,0.0,0.0,0.0,2023-12-28 14:13:01,False,False,False,True,0.0,0.0004113285866583332,LOW
6,,,0.0,0.0,0.0,0.0,2023-12-27 19:37:47,False,False,False,True,0.0,0.00014797222827286693,LOW
6,,,0.0,0.0,0.0,0.0,2023-12-28 19:37:08,False,False,False,True,0.0,3.753451253192207e-05,LOW
6,,,0.0,0.0,0.0,0.0,2023-12-27 08:37:45,False,False,False,True,0.0,0.00015016990231191642,LOW
6,,,0.0,0.0,0.0,0.0,2023-12-27 23:09:38,False,False,False,True,0.0,0.00011659923762159058,LOW
6,,,0.0,0.0,0.0,0.0,2023-12-28 10:27:37,False,False,False,True,0.0,3.0139949879913706e-05,LOW
6,,,0.0,0.0,0.0,0.0,2023-12-27 03:13:15,False,False,False,True,0.0,0.0004399428003418848,LOW
6,0.0,0.0,,,0.0,0.0,2022-12-18 22:46:51,False,False,False,True,0.0,0.00035315380534614344,LOW
6,,,0.0,0.0,0.0,0.0,2023-12-28 16:52:32,False,False,False,True,0.0,6.974691774959036e-05,LOW
6,,,0.0,0.0,0.0,0.0,2023-12-27 19:04:14,False,False,False,True,0.0,3.753451253192207e-05,LOW
6,0.0,0.0,1.0,0.0,1.0,0.0,2023-12-31 00:36:33,False,False,True,False,1.0,0.627833849824321,MEDIUM
6,,,0.0,0.0,0.0,0.0,2023-12-28 16:21:14,False,False,False,True,0.0,4.653612733812421e-05,LOW
6,,,0.0,0.0,0.0,0.0,2023-12-28 20:56:01,False,False,False,True,0.0,3.753451253192207e-05,LOW
6,,,0.0,0.0,0.0,0.0,2023-12-28 09:21:34,False,False,False,True,0.0,0.0001423228531463889,LOW
6,,,0.0,0.0,0.0,0.0,2023-12-27 18:40:00,False,False,False,True,0.0,0.00015756446496392482,LOW
6,,,0.0,0.0,0.0,0.0,2023-12-28 21:49:33,False,False,False,True,0.0,3.753451253192207e-05,LOW
6,,,0.0,0.0,0.0,0.0,2023-12-28 08:05:54,False,False,False,True,0.0,8.403638665337012e-05,LOW
6,,,0.0,0.0,0.0,0.0,2023-12-28 13:51:14,False,False,False,True,0.0,7.360828163221378e-05,LOW
6,0.0,0.0,,,0.0,0.0,2023-12-27 03:39:31,False,False,False,True,0.0,0.005607691927991725,LOW
6,,,0.0,0.0,0.0,0.0,2023-12-27 12:54:17,False,False,False,True,0.0,0.00013852464639946608,LOW
6,,,0.0,0.0,0.0,0.0,2023-12-28 08:16:06,False,False,False,True,0.0,0.0001299571344049493,LOW
6,,,0.0,0.0,0.0,0.0,2023-12-27 07:22:45,False,False,False,True,0.0,8.403638665337012e-05,LOW
6,,,0.0,0.0,0.0,0.0,2023-12-27 09:54:22,False,False,False,True,0.0,7.933915444064827e-05,LOW
6,,,0.0,0.0,0.0,0.0,2023-12-27 07:32:11,False,False,False,True,0.0,0.00035894627817422293,LOW
6,,,0.0,0.0,0.0,0.0,2023-12-28 15:06:11,False,False,False,True,0.0,3.0139949879913706e-05,LOW
6,,,0.0,0.0,0.0,0.0,2023-12-28 12:53:47,False,False,False,True,0.0,3.0139949879913706e-05,LOW
6,,,0.0,0.0,0.0,0.0,2023-12-28 07:16:49,False,False,False,True,0.0,6.506475917909724e-05,LOW
6,,,0.0,0.0,0.0,0.0,2023-12-27 08:21:20,False,False,False,True,0.0,7.933915444064827e-05,LOW
6,,,0.0,0.0,0.0,0.0,2023-12-27 03:03:21,False,False,False,True,0.0,7.283614524450449e-05,LOW
6,,,0.0,0.0,0.0,0.0,2023-12-28 19:14:32,False,False,False,True,0.0,8.673371709265663e-05,LOW
6,0.0,0.0,,,0.0,0.0,2022-09-08 11:02:18,False,False,False,True,0.0,0.0008339510698330127,LOW
6,,,0.0,0.0,0.0,0.0,2023-12-28 06:28:29,False,False,False,True,0.0,7.283614524450449e-05,LOW
6,0.0,0.0,1.0,0.0,1.0,0.0,2023-12-31 00:36:32,False,False,True,False,1.0,0.5707899435314164,MEDIUM
6,0.0,0.0,0.0,0.0,0.0,0.0,2023-12-31 00:36:33,False,False,False,True,0.0,0.11452940032067349,LOW
6,,,0.0,0.0,0.0,0.0,2023-12-27 16:09:30,False,False,False,True,0.0,3.0139949879913706e-05,LOW
6,,,0.0,0.0,0.0,0.0,2023-12-28 03:13:01,False,False,False,True,0.0,0.0009643795491272904,LOW
6,,,0.0,0.0,0.0,0.0,2023-12-27 10:56:55,False,False,False,True,0.0,3.0139949879913706e-05,LOW
6,,,0.0,0.0,0.0,0.0,2023-12-28 09:21:39,False,False,False,True,0.0,0.0009245950769746779,LOW
6,,,0.0,0.0,0.0,0.0,2023-12-27 21:49:31,False,False,False,True,0.0,3.753451253192207e-05,LOW
6,,,0.0,0.0,0.0,0.0,2023-12-28 09:22:29,False,False,False,True,0.0,0.002307040406821068,LOW
6,,,0.0,0.0,0.0,0.0,2023-12-27 07:22:45,False,False,False,True,0.0,8.403638665337012e-05,LOW
6,0.0,0.0,,,0.0,0.0,2019-12-07 22:54:22,False,False,False,True,0.0,0.0013457087475273605,LOW
6,,,0.0,0.0,0.0,0.0,2023-12-27 19:54:51,False,False,False,True,0.0,3.753451253192207e-05,LOW
6,,,0.0,0.0,0.0,0.0,2023-12-27 16:22:46,False,False,False,True,0.0,0.00013587151750896515,LOW
6,,,0.0,0.0,0.0,0.0,2023-12-27 08:55:07,False,False,False,True,0.0,0.00741314097083002,LOW
6,,,0.0,0.0,0.0,0.0,2023-12-28 21:32:15,False,False,False,True,0.0,3.753451253192207e-05,LOW
6,0.0,0.0,,,0.0,0.0,2023-12-28 21:42:18,False,False,False,True,0.0,0.005233649948593569,LOW
6,,,0.0,0.0,0.0,0.0,2023-12-28 15:06:14,False,False,False,True,0.0,0.00014057766562085855,LOW
6,,,0.0,0.0,0.0,0.0,2023-12-28 16:43:37,False,False,False,True,0.0,0.00017457089748617365,LOW
6,0.0,0.0,1.0,0.0,1.0,0.0,2023-12-31 00:36:32,False,False,True,False,1.0,0.6154558483511682,MEDIUM
6,,,0.0,0.0,0.0,0.0,2023-12-27 07:23:23,False,False,False,True,0.0,3.0139949879913706e-05,LOW
6,,,0.0,0.0,0.0,0.0,2023-12-27 05:22:45,False,False,False,True,0.0,0.00011777218696409897,LOW
6,,,0.0,0.0,0.0,0.0,2023-12-27 15:22:46,False,False,False,True,0.0,8.403638665337012e-05,LOW
6,,,0.0,0.0,0.0,0.0,2023-12-27 13:34:18,False,False,False,True,0.0,3.0139949879913706e-05,LOW
6,,,0.0,0.0,0.0,0.0,2023-12-28 17:31:10,False,False,False,True,0.0,0.00015016990231191642,LOW
6,,,0.0,0.0,0.0,0.0,2023-12-27 05:54:31,False,False,False,True,0.0,0.005895283884410236,LOW
6,,,0.0,0.0,0.0,0.0,2023-12-27 23:00:43,False,False,False,True,0.0,8.640697866422332e-05,LOW
6,,,0.0,0.0,0.0,0.0,2023-12-27 20:47:51,False,False,False,True,0.0,3.753451253192207e-05,LOW
6,0.0,0.0,,,0.0,0.0,2023-12-31 00:42:02,False,False,False,True,0.0,0.001223253928641931,LOW
6,,,0.0,0.0,0.0,0.0,2023-12-27 20:22:47,False,False,False,True,0.0,0.0016275155274555141,LOW
6,0.0,0.0,,,0.0,0.0,2023-12-31 00:42:05,False,False,False,True,0.0,0.006427531604817838,LOW
6,,,0.0,0.0,0.0,0.0,2023-12-28 16:09:28,False,False,False,True,0.0,7.933915444064827e-05,LOW
6,,,0.0,0.0,0.0,0.0,2023-12-28 17:26:17,False,False,False,True,0.0,3.0139949879913706e-05,LOW
6,,,0.0,0.0,0.0,0.0,2023-12-28 07:44:00,False,False,False,True,0.0,3.0139949879913706e-05,LOW
6,,,0.0,0.0,0.0,0.0,2023-12-28 09:22:48,False,False,False,True,0.0,0.0022352053973886173,LOW
6,,,0.0,0.0,0.0,0.0,2023-12-27 08:41:04,False,False,False,True,0.0,3.0139949879913706e-05,LOW
6,,,0.0,0.0,0.0,0.0,2023-12-28 03:42:38,False,False,False,True,0.0,0.00012203534980523903,LOW
6,0.0,0.0,,,0.0,0.0,2023-12-25 16:12:07,False,False,False,True,0.0,0.0009290985484248299,LOW
6,,,0.0,0.0,0.0,0.0,2023-12-27 17:22:46,False,False,False,True,0.0,0.0016201209648035058,LOW
6,,,0.0,0.0,0.0,0.0,2023-12-27 03:45:29,False,False,False,True,0.0,0.0002625517215563295,LOW
6,,,0.0,0.0,0.0,0.0,2023-12-27 17:51:00,False,False,False,True,0.0,6.506475917909724e-05,LOW
6,,,0.0,0.0,0.0,0.0,2023-12-27 16:40:57,False,False,False,True,0.0,3.0139949879913706e-05,LOW
6,,,0.0,0.0,0.0,0.0,2023-12-27 11:03:14,False,False,False,True,0.0,0.0033869634732478933,LOW
6,,,0.0,0.0,0.0,0.0,2023-12-28 13:13:35,False,False,False,True,0.0,8.403638665337012e-05,LOW
6,0.0,0.0,0.0,0.0,0.0,0.0,2023-12-28 21:57:00,False,False,False,True,0.0,0.02531783812499297,LOW
6,0.0,0.0,,,0.0,0.0,2023-12-25 16:11:57,False,False,False,True,0.0,0.0009290985484248299,LOW
6,,,0.0,0.0,0.0,0.0,2023-12-27 11:22:46,False,False,False,True,0.0,0.0016154148166916127,LOW
6,0.0,0.0,,,0.0,0.0,2023-12-31 00:42:06,False,False,False,True,0.0,0.0006147611525054554,LOW
6,,,0.0,0.0,0.0,0.0,2023-12-27 19:03:10,False,False,False,True,0.0,0.00010102318599643639,LOW
6,,,0.0,0.0,0.0,0.0,2023-12-28 17:44:39,False,False,False,True,0.0,0.00015016990231191642,LOW
6,,,0.0,0.0,0.0,0.0,2023-12-27 13:23:55,False,False,False,True,0.0,3.0139949879913706e-05,LOW
6,,,0.0,0.0,0.0,0.0,2023-12-27 03:22:37,False,False,False,True,0.0,0.00014810059921480657,LOW
6,0.0,0.0,,,0.0,0.0,2023-12-28 22:26:31,False,False,False,True,0.0,0.000796314377626418,LOW
6,,,0.0,0.0,0.0,0.0,2023-12-28 05:26:43,False,False,False,True,0.0,7.283614524450449e-05,LOW
6,,,0.0,0.0,0.0,0.0,2023-12-27 07:04:30,False,False,False,True,0.0,3.0139949879913706e-05,LOW
6,,,0.0,0.0,0.0,0.0,2023-12-27 07:35:19,False,False,False,True,0.0,7.933915444064827e-05,LOW
6,,,0.0,0.0,0.0,0.0,2023-12-28 20:51:15,False,False,False,True,0.0,9.530122908717343e-05,LOW
6,,,0.0,0.0,0.0,0.0,2023-12-28 09:31:45,False,False,False,True,0.0,0.00039761916102799084,LOW
6,,,0.0,0.0,0.0,0.0,2023-12-28 06:32:42,False,False,False,True,0.0,0.00012203534980523903,LOW
6,,,0.0,0.0,0.0,0.0,2023-12-27 23:31:16,False,False,False,True,0.0,8.640697866422332e-05,LOW
6,,,0.0,0.0,0.0,0.0,2023-12-27 07:37:37,False,False,False,True,0.0,3.0139949879913706e-05,LOW
6,,,0.0,0.0,0.0,0.0,2023-12-28 08:31:33,False,False,False,True,0.0,3.0139949879913706e-05,LOW
6,,,0.0,0.0,0.0,0.0,2023-12-28 17:56:51,False,False,False,True,0.0,3.0139949879913706e-05,LOW
6,0.0,0.0,,,0.0,0.0,2023-12-25 16:41:26,False,False,False,True,0.0,0.0007294318357899254,LOW
6,0.0,0.0,,,0.0,0.0,2023-12-31 00:42:06,False,False,False,True,0.0,0.0006127481647081874,LOW
6,,,0.0,0.0,0.0,0.0,2023-12-28 09:22:48,False,False,False,True,0.0,0.0022352053973886173,LOW
6,,,0.0,0.0,0.0,0.0,2023-12-27 13:22:46,False,False,False,True,0.0,5.61283640291821e-05,LOW
6,,,0.0,0.0,0.0,0.0,2023-12-27 21:02:39,False,False,False,True,0.0,3.753451253192207e-05,LOW
6,,,0.0,0.0,0.0,0.0,2023-12-27 16:23:36,False,False,False,True,0.0,5.179109907268707e-05,LOW
6,,,0.0,0.0,0.0,0.0,2023-12-27 03:55:07,False,False,False,True,0.0,7.283614524450449e-05,LOW
6,,,0.0,0.0,0.0,0.0,2023-12-31 00:43:29,False,False,False,True,0.0,0.004219155269290667,LOW
6,0.0,0.0,,,0.0,0.0,2023-12-25 16:11:56,False,False,False,True,0.0,0.0009290985484248299,LOW
6,,,0.0,0.0,0.0,0.0,2023-12-27 05:13:54,False,False,False,True,0.0,7.283614524450449e-05,LOW
6,0.0,0.0,,,0.0,0.0,2019-12-07 22:54:23,False,False,False,True,0.0,0.0013457087475273605,LOW
6,,,0.0,0.0,0.0,0.0,2023-12-28 03:17:17,False,False,False,True,0.0,9.025704739925607e-05,LOW
6,,,0.0,0.0,0.0,0.0,2023-12-28 21:23:02,False,False,False,True,0.0,3.753451253192207e-05,LOW
6,,,0.0,0.0,0.0,0.0,2023-12-27 09:23:39,False,False,False,True,0.0,3.0139949879913706e-05,LOW
6,,,0.0,0.0,0.0,0.0,2023-12-28 17:45:02,False,False,False,True,0.0,3.0139949879913706e-05,LOW
6,,,0.0,0.0,0.0,0.0,2023-12-28 16:24:52,False,False,False,True,0.0,3.0139949879913706e-05,LOW
6,0.0,0.0,1.0,0.0,1.0,0.0,2023-12-31 00:36:33,False,False,True,False,1.0,0.627833849824321,MEDIUM
6,0.0,0.0,,,0.0,0.0,2023-12-25 17:34:38,False,False,False,True,0.0,0.0008084267925056306,LOW
6,,,0.0,0.0,0.0,0.0,2023-12-27 09:13:35,False,False,False,True,0.0,8.403638665337012e-05,LOW
6,0.0,0.0,,,0.0,0.0,2023-12-25 16:20:51,False,False,False,True,0.0,0.0011297192507965454,LOW
6,,,0.0,0.0,0.0,0.0,2023-12-27 21:59:38,False,False,False,True,0.0,8.673371709265663e-05,LOW
6,,,0.0,0.0,0.0,0.0,2023-12-27 04:27:00,False,False,False,True,0.0,0.000276898104821813,LOW
6,,,0.0,0.0,0.0,0.0,2023-12-28 14:37:55,False,False,False,True,0.0,3.0139949879913706e-05,LOW
6,0.0,0.0,1.0,0.0,1.0,0.0,2023-12-31 00:36:32,False,False,True,False,1.0,0.6834791021109626,MEDIUM
6,,,0.0,0.0,0.0,0.0,2023-12-27 15:32:19,False,False,False,True,0.0,0.00033999704871148334,LOW
6,,,0.0,0.0,0.0,0.0,2023-12-27 04:24:13,False,False,False,True,0.0,0.0005173679952134543,LOW
6,,,0.0,0.0,0.0,0.0,2023-12-28 13:30:20,False,False,False,True,0.0,3.0139949879913706e-05,LOW
6,,,0.0,0.0,0.0,0.0,2023-12-27 17:00:12,False,False,False,True,0.0,3.0139949879913706e-05,LOW
6,,,0.0,0.0,0.0,0.0,2023-12-27 15:48:34,False,False,False,True,0.0,3.0139949879913706e-05,LOW
6,,,0.0,0.0,0.0,0.0,2023-12-28 09:22:22,False,False,False,True,0.0,0.0008274546440368424,LOW
6,,,0.0,0.0,0.0,0.0,2023-12-27 02:45:29,False,False,False,True,0.0,0.00039635101617282233,LOW
6,,,0.0,0.0,0.0,0.0,2023-12-27 06:19:00,False,False,False,True,0.0,7.283614524450449e-05,LOW
6,,,0.0,0.0,0.0,0.0,2023-12-28 02:13:01,False,False,False,True,0.0,0.00016607011924505487,LOW
6,,,0.0,0.0,0.0,0.0,2023-12-27 10:03:51,False,False,False,True,0.0,3.0139949879913706e-05,LOW
6,,,0.0,0.0,0.0,0.0,2023-12-27 12:45:52,False,False,False,True,0.0,3.0139949879913706e-05,LOW
6,,,0.0,0.0,0.0,0.0,2023-12-27 10:14:03,False,False,False,True,0.0,0.00015016990231191642,LOW
6,,,0.0,0.0,0.0,0.0,2023-12-28 15:17:41,False,False,False,True,0.0,3.0139949879913706e-05,LOW
6,,,0.0,0.0,0.0,0.0,2023-12-28 14:58:11,False,False,False,True,0.0,3.0139949879913706e-05,LOW
6,0.0,0.0,,,0.0,0.0,2023-12-31 00:42:02,False,False,False,True,0.0,0.0011548287166912939,LOW
6,,,0.0,0.0,0.0,0.0,2023-12-27 16:36:32,False,False,False,True,0.0,3.0139949879913706e-05,LOW
6,,,0.0,0.0,0.0,0.0,2023-12-27 12:34:13,False,False,False,True,0.0,0.0001725579096889057,LOW
6,,,0.0,0.0,0.0,0.0,2023-12-28 20:02:33,False,False,False,True,0.0,0.00014591920905147445,LOW
6,,,0.0,0.0,0.0,0.0,2023-12-27 13:28:26,False,False,False,True,0.0,7.933915444064827e-05,LOW
6,,,0.0,0.0,0.0,0.0,2023-12-27 21:06:49,False,False,False,True,0.0,0.00040517252693738487,LOW
6,,,0.0,0.0,0.0,0.0,2023-12-28 11:43:30,False,False,False,True,0.0,3.0139949879913706e-05,LOW
6,0.0,0.0,,,0.0,0.0,2023-12-31 00:42:02,False,False,False,True,0.0,0.0012988863397405137,LOW
6,,,0.0,0.0,0.0,0.0,2023-12-27 19:45:41,False,False,False,True,0.0,3.753451253192207e-05,LOW
6,0.0,0.0,,,0.0,0.0,2023-12-25 17:21:27,False,False,False,True,0.0,0.0008084267925056306,LOW
6,,,0.0,0.0,0.0,0.0,2023-12-27 22:14:17,False,False,False,True,0.0,8.640697866422332e-05,LOW
6,,,0.0,0.0,0.0,0.0,2023-12-28 09:22:48,False,False,False,True,0.0,0.001953925281709485,LOW
6,,,0.0,0.0,0.0,0.0,2023-12-27 03:14:22,False,False,False,True,0.0,7.283614524450449e-05,LOW
6,0.0,0.0,,,0.0,0.0,2023-12-31 00:36:39,False,False,False,True,0.0,0.0006620747785162296,LOW
6,,,0.0,0.0,0.0,0.0,2023-12-28 04:55:19,False,False,False,True,0.0,0.00039550795662484414,LOW
6,,,0.0,0.0,0.0,0.0,2023-12-27 20:58:51,False,False,False,True,0.0,3.753451253192207e-05,LOW
6,,,0.0,0.0,0.0,0.0,2023-12-28 14:57:11,False,False,False,True,0.0,7.933915444064827e-05,LOW
6,,,0.0,0.0,0.0,0.0,2023-12-27 17:13:10,False,False,False,True,0.0,0.0006412666771913599,LOW
6,,,0.0,0.0,0.0,0.0,2023-12-27 08:54:17,False,False,False,True,0.0,0.00013852464639946608,LOW
6,,,0.0,0.0,0.0,0.0,2023-12-28 04:24:46,False,False,False,True,0.0,0.0054512717058152116,LOW
6,,,0.0,0.0,0.0,0.0,2023-12-28 10:28:13,False,False,False,True,0.0,9.240394304911012e-05,LOW
6,0.0,0.0,,,0.0,0.0,2023-12-25 16:22:43,False,False,False,True,0.0,0.0009326158143409794,LOW
6,,,0.0,0.0,0.0,0.0,2023-12-28 15:47:21,False,False,False,True,0.0,3.0139949879913706e-05,LOW
6,0.0,0.0,1.0,0.0,1.0,0.0,2023-12-31 00:36:32,False,False,True,False,1.0,0.5700755967197052,MEDIUM
6,,,0.0,0.0,0.0,0.0,2023-12-27 06:32:30,False,False,False,True,0.0,7.283614524450449e-05,LOW
6,,,0.0,0.0,0.0,0.0,2023-12-28 10:41:28,False,False,False,True,0.0,3.0139949879913706e-05,LOW
6,,,0.0,0.0,0.0,0.0,2023-12-28 01:50:29,False,False,False,True,0.0,7.283614524450449e-05,LOW
6,,,0.0,0.0,0.0,0.0,2023-12-27 09:54:27,False,False,False,True,0.0,0.00017457089748617365,LOW
6,,,0.0,0.0,0.0,0.0,2023-12-28 21:51:15,False,False,False,True,0.0,8.877782041487759e-05,LOW
6,0.0,0.0,,,0.0,0.0,2023-12-31 00:36:51,False,False,False,True,0.0,0.0017233274529635794,LOW
6,,,0.0,0.0,0.0,0.0,2023-12-28 13:57:07,False,False,False,True,0.0,3.0139949879913706e-05,LOW
6,,,0.0,0.0,0.0,0.0,2023-12-28 11:12:30,False,False,False,True,0.0,7.933915444064827e-05,LOW
6,,,0.0,0.0,0.0,0.0,2023-12-27 04:20:51,False,False,False,True,0.0,7.283614524450449e-05,LOW
6,,,0.0,0.0,0.0,0.0,2023-12-28 13:37:06,False,False,False,True,0.0,3.0139949879913706e-05,LOW
6,,,0.0,0.0,0.0,0.0,2023-12-28 20:09:29,False,False,False,True,0.0,3.753451253192207e-05,LOW
6,,,0.0,0.0,0.0,0.0,2023-12-27 08:18:20,False,False,False,True,0.0,7.933915444064827e-05,LOW
6,,,0.0,0.0,0.0,0.0,2023-12-27 05:52:45,False,False,False,True,0.0,0.0001306028617997558,LOW
6,,,0.0,0.0,0.0,0.0,2023-12-28 09:21:39,False,False,False,True,0.0,0.0007114313040766565,LOW
6,,,0.0,0.0,0.0,0.0,2023-12-28 10:21:13,False,False,False,True,0.0,8.403638665337012e-05,LOW
6,,,0.0,0.0,0.0,0.0,2023-12-28 10:55:37,False,False,False,True,0.0,3.0139949879913706e-05,LOW
6,0.0,0.0,,,0.0,0.0,2019-12-07 17:14:52,False,False,False,True,0.0,0.0013001191013094484,LOW
6,,,0.0,0.0,0.0,0.0,2023-12-27 09:41:46,False,False,False,True,0.0,0.0003977779642853765,LOW
6,,,0.0,0.0,0.0,0.0,2023-12-28 01:05:55,False,False,False,True,0.0,0.00018284912943374563,LOW
6,,,0.0,0.0,0.0,0.0,2023-12-28 13:42:25,False,False,False,True,0.0,0.0016201209648035058,LOW
6,0.0,0.0,,,0.0,0.0,2023-12-25 16:19:59,False,False,False,True,0.0,0.0011297192507965454,LOW
6,,,0.0,0.0,0.0,0.0,2023-12-28 09:25:43,False,False,False,True,0.0,3.0139949879913706e-05,LOW
6,,,0.0,0.0,0.0,0.0,2023-12-28 09:22:57,False,False,False,True,0.0,0.00039661654526611674,LOW
6,,,0.0,0.0,0.0,0.0,2023-12-27 20:22:51,False,False,False,True,0.0,3.753451253192207e-05,LOW
6,,,0.0,0.0,0.0,0.0,2023-12-27 12:24:52,False,False,False,True,0.0,3.0139949879913706e-05,LOW
6,,,0.0,0.0,0.0,0.0,2023-12-28 09:23:46,False,False,False,True,0.0,0.0001249012246570461,LOW
6,,,0.0,0.0,0.0,0.0,2023-12-27 03:22:45,False,False,False,True,0.0,9.882455939377285e-05,LOW
6,,,0.0,0.0,0.0,0.0,2023-12-27 20:04:45,False,False,False,True,0.0,9.143094930537848e-05,LOW
6,,,0.0,0.0,0.0,0.0,2023-12-27 21:17:10,False,False,False,True,0.0,3.753451253192207e-05,LOW
6,,,0.0,0.0,0.0,0.0,2023-12-28 19:08:52,False,False,False,True,0.0,8.776201161750801e-05,LOW
6,0.0,0.0,1.0,0.0,1.0,0.0,2023-12-31 00:36:32,False,False,True,False,1.0,0.5982988992831948,MEDIUM
6,,,0.0,0.0,0.0,0.0,2023-12-27 17:21:07,False,False,False,True,0.0,3.0139949879913706e-05,LOW
6,0.0,0.0,0.0,0.0,0.0,0.0,2023-12-31 00:40:03,False,False,False,True,0.0,0.018068835660797245,LOW
6,,,0.0,0.0,0.0,0.0,2023-12-27 16:43:10,False,False,False,True,0.0,9.362862334442803e-05,LOW
6,,,0.0,0.0,0.0,0.0,2023-12-27 11:32:30,False,False,False,True,0.0,3.0139949879913706e-05,LOW
6,0.0,0.0,,,0.0,0.0,2022-12-16 16:13:00,False,False,False,True,0.0,0.0071271135012706535,LOW
6,,,0.0,0.0,0.0,0.0,2023-12-27 05:33:25,False,False,False,True,0.0,7.283614524450449e-05,LOW
6,,,0.0,0.0,0.0,0.0,2023-12-27 13:36:21,False,False,False,True,0.0,3.0139949879913706e-05,LOW
6,,,0.0,0.0,0.0,0.0,2023-12-28 12:21:29,False,False,False,True,0.0,7.360828163221378e-05,LOW
6,,,0.0,0.0,0.0,0.0,2023-12-27 21:58:10,False,False,False,True,0.0,3.753451253192207e-05,LOW
6,,,0.0,0.0,0.0,0.0,2023-12-28 09:23:07,False,False,False,True,0.0,0.00041354040913711134,LOW
6,,,0.0,0.0,0.0,0.0,2023-12-28 16:35:42,False,False,False,True,0.0,0.0003977779642853765,LOW
6,,,0.0,0.0,0.0,0.0,2023-12-28 08:41:12,False,False,False,True,0.0,3.0139949879913706e-05,LOW
6,,,0.0,0.0,0.0,0.0,2023-12-28 03:53:50,False,False,False,True,0.0,7.283614524450449e-05,LOW
6,,,0.0,0.0,0.0,0.0,2023-12-27 13:53:24,False,False,False,True,0.0,7.179993697098282e-05,LOW
6,,,0.0,0.0,0.0,0.0,2023-12-27 08:04:19,False,False,False,True,0.0,7.546887465885332e-05,LOW
6,0.0,0.0,,,0.0,0.0,2023-12-31 00:42:06,False,False,False,True,0.0,0.014046430359026127,LOW
6,,,0.0,0.0,0.0,0.0,2023-12-28 13:13:01,False,False,False,True,0.0,0.0009216833537626995,LOW
6,,,0.0,0.0,0.0,0.0,2023-12-28 17:22:23,False,False,False,True,0.0,6.504076963769699e-05,LOW
6,,,0.0,0.0,0.0,0.0,2023-12-28 12:04:04,False,False,False,True,0.0,7.546887465885332e-05,LOW
6,,,0.0,0.0,0.0,0.0,2023-12-27 21:53:48,False,False,False,True,0.0,3.753451253192207e-05,LOW
6,,,0.0,0.0,0.0,0.0,2023-12-27 19:02:22,False,False,False,True,0.0,3.753451253192207e-05,LOW
6,,,0.0,0.0,0.0,0.0,2023-12-27 10:52:46,False,False,False,True,0.0,9.39154581149245e-05,LOW
6,,,0.0,0.0,0.0,0.0,2023-12-27 18:10:44,False,False,False,True,0.0,3.753451253192207e-05,LOW
6,,,0.0,0.0,0.0,0.0,2023-12-27 22:50:39,False,False,False,True,0.0,8.640697866422332e-05,LOW
6,,,0.0,0.0,0.0,0.0,2023-12-27 18:22:46,False,False,False,True,0.0,9.530122908717343e-05,LOW
6,,,0.0,0.0,0.0,0.0,2023-12-28 09:43:25,False,False,False,True,0.0,3.0139949879913706e-05,LOW
6,,,0.0,0.0,0.0,0.0,2023-12-28 22:32:36,False,False,False,True,0.0,0.00012942991245724737,LOW
6,,,0.0,0.0,0.0,0.0,2023-12-28 07:13:35,False,False,False,True,0.0,0.00015346392762168222,LOW
6,0.0,0.0,,,0.0,0.0,2023-12-25 17:14:14,False,False,False,True,0.0,0.0008084267925056306,LOW
6,,,0.0,0.0,0.0,0.0,2023-12-27 13:35:53,False,False,False,True,0.0,8.534794612040772e-05,LOW
6,,,0.0,0.0,0.0,0.0,2023-12-27 15:36:37,False,False,False,True,0.0,3.0139949879913706e-05,LOW
6,,,0.0,0.0,0.0,0.0,2023-12-28 16:52:56,False,False,False,True,0.0,5.721210417400328e-05,LOW
6,,,0.0,0.0,0.0,0.0,2023-12-28 18:12:52,False,False,False,True,0.0,3.753451253192207e-05,LOW
6,,,0.0,0.0,0.0,0.0,2023-12-27 03:13:47,False,False,False,True,0.0,7.283614524450449e-05,LOW
6,,,0.0,0.0,0.0,0.0,2023-12-28 16:23:31,False,False,False,True,0.0,3.0139949879913706e-05,LOW
6,,,0.0,0.0,0.0,0.0,2023-12-28 16:39:17,False,False,False,True,0.0,3.0139949879913706e-05,LOW
6,,,0.0,0.0,0.0,0.0,2023-12-28 07:52:08,False,False,False,True,0.0,0.002639355940487837,LOW
6,,,0.0,0.0,0.0,0.0,2023-12-27 06:55:18,False,False,False,True,0.0,0.00012203534980523903,LOW
6,,,0.0,0.0,0.0,0.0,2023-12-28 13:07:35,False,False,False,True,0.0,3.0139949879913706e-05,LOW
6,0.0,0.0,0.0,0.0,0.0,0.0,2023-12-28 22:31:21,False,False,False,True,0.0,0.008814156283568386,LOW
6,,,0.0,0.0,0.0,0.0,2023-12-28 05:05:34,False,False,False,True,0.0,0.005623239860436105,LOW
6,,,0.0,0.0,0.0,0.0,2023-12-28 02:05:14,False,False,False,True,0.0,7.283614524450449e-05,LOW
6,,,0.0,0.0,0.0,0.0,2023-12-28 04:53:54,False,False,False,True,0.0,7.283614524450449e-05,LOW
6,,,0.0,0.0,0.0,0.0,2023-12-28 20:25:01,False,False,False,True,0.0,3.753451253192207e-05,LOW
6,,,0.0,0.0,0.0,0.0,2023-12-27 08:26:06,False,False,False,True,0.0,3.0139949879913706e-05,LOW
6,0.0,0.0,,,0.0,0.0,2023-12-31 00:36:29,False,False,False,True,0.0,0.0007103820938169967,LOW
6,,,0.0,0.0,0.0,0.0,2023-12-27 15:55:14,False,False,False,True,0.0,0.00010319258137143763,LOW
6,0.0,0.0,,,0.0,0.0,2022-12-16 17:14:05,False,False,False,True,0.0,0.0007310165425772033,LOW
6,0.0,0.0,,,0.0,0.0,2023-12-25 17:31:38,False,False,False,True,0.0,0.0008084267925056306,LOW
6,,,0.0,0.0,0.0,0.0,2023-12-27 22:20:15,False,False,False,True,0.0,0.00028087670155047396,LOW
6,,,0.0,0.0,0.0,0.0,2023-12-28 12:22:17,False,False,False,True,0.0,0.0001299571344049493,LOW
6,,,0.0,0.0,0.0,0.0,2023-12-28 09:23:09,False,False,False,True,0.0,6.858549873033064e-05,LOW
6,0.0,0.0,,,0.0,0.0,2023-12-25 16:21:19,False,False,False,True,0.0,0.0009326158143409794,LOW
6,,,0.0,0.0,0.0,0.0,2023-12-28 09:22:28,False,False,False,True,0.0,0.00213836239157604,LOW
6,0.0,0.0,,,0.0,0.0,2023-12-31 00:42:02,False,False,False,True,0.0,0.003319330881193458,LOW
6,,,0.0,0.0,0.0,0.0,2023-12-27 22:45:39,False,False,False,True,0.0,0.00012942991245724737,LOW
6,0.0,0.0,,,0.0,0.0,2022-12-18 23:35:33,False,False,False,True,0.0,0.0002575328640346022,LOW
6,0.0,0.0,,,0.0,0.0,2023-12-31 00:42:08,False,False,False,True,0.0,0.000568516239445892,LOW
6,,,0.0,0.0,0.0,0.0,2023-12-28 16:20:57,False,False,False,True,0.0,3.0139949879913706e-05,LOW
6,,,0.0,0.0,0.0,0.0,2023-12-27 09:21:06,False,False,False,True,0.0,3.0139949879913706e-05,LOW
6,,,0.0,0.0,0.0,0.0,2023-12-28 22:28:24,False,False,False,True,0.0,0.0002678633759697979,LOW
6,,,0.0,0.0,0.0,0.0,2023-12-27 08:13:14,False,False,False,True,0.0,3.0139949879913706e-05,LOW
6,,,0.0,0.0,0.0,0.0,2023-12-27 12:55:34,False,False,False,True,0.0,3.0139949879913706e-05,LOW
6,0.0,0.0,1.0,0.0,1.0,0.0,2023-12-31 00:36:32,False,False,True,False,1.0,0.5430615787679397,MEDIUM
6,,,0.0,0.0,0.0,0.0,2023-12-28 02:35:27,False,False,False,True,0.0,7.283614524450449e-05,LOW
6,,,0.0,0.0,0.0,0.0,2023-12-28 10:19:44,False,False,False,True,0.0,0.00014057766562085855,LOW
6,,,0.0,0.0,0.0,0.0,2023-12-28 10:29:57,False,False,False,True,0.0,3.0139949879913706e-05,LOW
6,0.0,0.0,,,0.0,0.0,2023-12-31 00:36:30,False,False,False,True,0.0,0.000568516239445892,LOW
6,,,0.0,0.0,0.0,0.0,2023-12-27 14:37:50,False,False,False,True,0.0,8.320051832327168e-05,LOW
6,,,0.0,0.0,0.0,0.0,2023-12-28 13:24:47,False,False,False,True,0.0,3.0139949879913706e-05,LOW
6,,,0.0,0.0,0.0,0.0,2023-12-28 12:43:03,False,False,False,True,0.0,3.0139949879913706e-05,LOW
6,0.0,0.0,1.0,0.0,1.0,0.0,2023-12-31 00:36:32,False,False,True,False,1.0,0.5544391083767704,MEDIUM
6,,,0.0,0.0,0.0,0.0,2023-12-28 03:57:19,False,False,False,True,0.0,7.283614524450449e-05,LOW
6,,,0.0,0.0,0.0,0.0,2023-12-27 09:11:39,False,False,False,True,0.0,3.0139949879913706e-05,LOW
6,,,0.0,0.0,0.0,0.0,2023-12-28 05:01:01,False,False,False,True,0.0,0.0001636838077736048,LOW
6,,,0.0,0.0,0.0,0.0,2023-12-27 22:23:21,False,False,False,True,0.0,0.00015430304091656013,LOW
6,,,0.0,0.0,0.0,0.0,2023-12-27 14:47:26,False,False,False,True,0.0,0.00040765964897046265,LOW
6,,,0.0,0.0,0.0,0.0,2023-12-28 09:57:18,False,False,False,True,0.0,0.00013852464639946608,LOW
6,,,0.0,0.0,0.0,0.0,2023-12-27 15:11:20,False,False,False,True,0.0,0.0090973876400077,LOW
6,,,0.0,0.0,0.0,0.0,2023-12-27 14:51:12,False,False,False,True,0.0,3.0139949879913706e-05,LOW
6,,,0.0,0.0,0.0,0.0,2023-12-28 16:33:46,False,False,False,True,0.0,3.0139949879913706e-05,LOW
6,,,0.0,0.0,0.0,0.0,2023-12-28 17:03:48,False,False,False,True,0.0,3.0139949879913706e-05,LOW
6,,,0.0,0.0,0.0,0.0,2023-12-27 19:53:47,False,False,False,True,0.0,3.753451253192207e-05,LOW
6,,,0.0,0.0,0.0,0.0,2023-12-28 03:40:19,False,False,False,True,0.0,7.283614524450449e-05,LOW
6,,,0.0,0.0,0.0,0.0,2023-12-28 18:57:26,False,False,False,True,0.0,0.00015756446496392482,LOW
6,,,0.0,0.0,0.0,0.0,2023-12-28 17:51:31,False,False,False,True,0.0,8.24079824594103e-05,LOW
6,,,0.0,0.0,0.0,0.0,2023-12-28 13:09:35,False,False,False,True,0.0,3.0139949879913706e-05,LOW
6,,,0.0,0.0,0.0,0.0,2023-12-28 09:53:36,False,False,False,True,0.0,0.0001725579096889057,LOW
6,,,0.0,0.0,0.0,0.0,2023-12-27 07:17:49,False,False,False,True,0.0,3.0139949879913706e-05,LOW
6,,,0.0,0.0,0.0,0.0,2023-12-28 17:59:51,False,False,False,True,0.0,3.0139949879913706e-05,LOW
6,0.0,0.0,1.0,0.0,1.0,0.0,2023-12-31 00:36:32,False,False,True,False,1.0,0.6040728318503328,MEDIUM
6,,,0.0,0.0,0.0,0.0,2023-12-28 16:51:30,False,False,False,True,0.0,8.320051832327168e-05,LOW
6,,,0.0,0.0,0.0,0.0,2023-12-27 19:15:34,False,False,False,True,0.0,3.753451253192207e-05,LOW
6,0.0,0.0,,,0.0,0.0,2022-09-08 11:02:18,False,False,False,True,0.0,0.0008339510698330127,LOW
6,,,0.0,0.0,0.0,0.0,2023-12-27 22:31:57,False,False,False,True,0.0,8.640697866422332e-05,LOW
6,,,0.0,0.0,0.0,0.0,2023-12-28 10:25:59,False,False,False,True,0.0,0.00015016990231191642,LOW
6,,,0.0,0.0,0.0,0.0,2023-12-27 06:37:01,False,False,False,True,0.0,7.283614524450449e-05,LOW
6,,,0.0,0.0,0.0,0.0,2023-12-27 04:40:57,False,False,False,True,0.0,7.283614524450449e-05,LOW
6,,,0.0,0.0,0.0,0.0,2023-12-27 20:46:52,False,False,False,True,0.0,3.753451253192207e-05,LOW
6,,,0.0,0.0,0.0,0.0,2023-12-28 22:37:30,False,False,False,True,0.0,8.640697866422332e-05,LOW
6,,,0.0,0.0,0.0,0.0,2023-12-28 10:01:19,False,False,False,True,0.0,7.933915444064827e-05,LOW
6,,,0.0,0.0,0.0,0.0,2023-12-28 10:52:13,False,False,False,True,0.0,7.546887465885332e-05,LOW
6,,,0.0,0.0,0.0,0.0,2023-12-28 13:13:58,False,False,False,True,0.0,8.13832577628692e-05,LOW
6,0.0,0.0,1.0,0.0,1.0,0.0,2023-12-31 00:36:32,False,False,True,False,1.0,0.5186646541786426,MEDIUM
6,,,0.0,0.0,0.0,0.0,2023-12-27 15:58:04,False,False,False,True,0.0,3.0139949879913706e-05,LOW
6,0.0,0.0,1.0,0.0,1.0,0.0,2023-12-31 00:36:32,False,False,True,False,1.0,0.6379976528665547,MEDIUM
6,,,0.0,0.0,0.0,0.0,2023-12-28 21:51:15,False,False,False,True,0.0,0.00015756446496392482,LOW
6,,,0.0,0.0,0.0,0.0,2023-12-27 13:52:46,False,False,False,True,0.0,0.00013852464639946608,LOW
6,,,0.0,0.0,0.0,0.0,2023-12-27 22:26:27,False,False,False,True,0.0,8.640697866422332e-05,LOW
6,,,0.0,0.0,0.0,0.0,2023-12-27 13:50:37,False,False,False,True,0.0,3.0139949879913706e-05,LOW
6,,,0.0,0.0,0.0,0.0,2023-12-28 14:06:14,False,False,False,True,0.0,8.403638665337012e-05,LOW
6,,,0.0,0.0,0.0,0.0,2023-12-27 05:59:02,False,False,False,True,0.0,0.0001981352564215343,LOW
6,0.0,0.0,,,0.0,0.0,2019-12-07 17:03:46,False,False,False,True,0.0,0.001960011245211956,LOW
6,,,0.0,0.0,0.0,0.0,2023-12-27 16:22:46,False,False,False,True,0.0,8.608940587476261e-05,LOW
6,,,0.0,0.0,0.0,0.0,2023-12-28 08:51:06,False,False,False,True,0.0,0.0003568395696197922,LOW
6,0.0,0.0,,,0.0,0.0,2022-12-18 23:35:16,False,False,False,True,0.0,0.0002575328640346022,LOW
6,,,0.0,0.0,0.0,0.0,2023-12-28 15:31:12,False,False,False,True,0.0,0.00015016990231191642,LOW
6,,,0.0,0.0,0.0,0.0,2023-12-28 03:19:08,False,False,False,True,0.0,7.283614524450449e-05,LOW
6,,,0.0,0.0,0.0,0.0,2023-12-27 22:44:39,False,False,False,True,0.0,0.00012942991245724737,LOW
6,,,0.0,0.0,0.0,0.0,2023-12-28 13:28:24,False,False,False,True,0.0,0.0001725579096889057,LOW
6,0.0,0.0,,,0.0,0.0,2023-12-28 09:31:54,False,False,False,True,0.0,0.0009668839979127433,LOW
6,,,0.0,0.0,0.0,0.0,2023-12-27 09:06:35,False,False,False,True,0.0,3.0139949879913706e-05,LOW
6,,,0.0,0.0,0.0,0.0,2023-12-28 09:21:38,False,False,False,True,0.0,0.0006185593229106841,LOW
6,,,0.0,0.0,0.0,0.0,2023-12-28 08:16:41,False,False,False,True,0.0,3.0139949879913706e-05,LOW
6,,,0.0,0.0,0.0,0.0,2023-12-28 15:21:14,False,False,False,True,0.0,8.320051832327168e-05,LOW
6,,,0.0,0.0,0.0,0.0,2023-12-28 11:42:21,False,False,False,True,0.0,7.933915444064827e-05,LOW
6,,,0.0,0.0,0.0,0.0,2023-12-27 22:26:38,False,False,False,True,0.0,0.0001796550093622033,LOW
6,,,0.0,0.0,0.0,0.0,2023-12-27 08:52:34,False,False,False,True,0.0,3.0139949879913706e-05,LOW
6,,,0.0,0.0,0.0,0.0,2023-12-28 15:03:14,False,False,False,True,0.0,0.0033869634732478933,LOW
6,0.0,0.0,,,0.0,0.0,2023-12-28 22:38:29,False,False,False,True,0.0,0.004515920496619597,LOW
6,,,0.0,0.0,0.0,0.0,2023-12-28 16:21:14,False,False,False,True,0.0,0.00015016990231191642,LOW
6,,,0.0,0.0,0.0,0.0,2023-12-27 12:21:49,False,False,False,True,0.0,3.0139949879913706e-05,LOW
6,0.0,0.0,1.0,0.0,1.0,0.0,2023-12-31 00:36:32,False,False,True,False,1.0,0.5874199173667543,MEDIUM
6,,,0.0,0.0,0.0,0.0,2023-12-28 12:36:31,False,False,False,True,0.0,7.885332067615346e-05,LOW
6,,,0.0,0.0,0.0,0.0,2023-12-27 14:46:01,False,False,False,True,0.0,0.00015016990231191642,LOW
6,,,0.0,0.0,0.0,0.0,2023-12-28 02:13:15,False,False,False,True,0.0,7.283614524450449e-05,LOW
6,,,0.0,0.0,0.0,0.0,2023-12-27 09:32:19,False,False,False,True,0.0,0.0007628541204459146,LOW
6,,,0.0,0.0,0.0,0.0,2023-12-27 08:58:21,False,False,False,True,0.0,7.933915444064827e-05,LOW
6,,,0.0,0.0,0.0,0.0,2023-12-27 19:57:18,False,False,False,True,0.0,3.753451253192207e-05,LOW
6,,,0.0,0.0,0.0,0.0,2023-12-27 12:22:46,False,False,False,True,0.0,8.403638665337012e-05,LOW
6,,,0.0,0.0,0.0,0.0,2023-12-31 00:36:42,False,False,False,True,0.0,0.016234149761531206,LOW
6,,,0.0,0.0,0.0,0.0,2023-12-27 03:14:26,False,False,False,True,0.0,0.000252538623059198,LOW
6,,,0.0,0.0,0.0,0.0,2023-12-28 17:25:47,False,False,False,True,0.0,3.0139949879913706e-05,LOW
6,,,0.0,0.0,0.0,0.0,2023-12-28 13:19:35,False,False,False,True,0.0,7.933915444064827e-05,LOW
6,0.0,0.0,,,0.0,0.0,2022-12-18 23:32:11,False,False,False,True,0.0,0.0003259580759852396,LOW
6,0.0,0.0,,,0.0,0.0,2019-12-07 17:09:05,False,False,False,True,0.0,0.0013657938878041656,LOW
6,,,0.0,0.0,0.0,0.0,2023-12-27 17:07:46,False,False,False,True,0.0,0.00014057766562085855,LOW
6,0.0,0.0,,,0.0,0.0,2023-12-25 16:12:11,False,False,False,True,0.0,0.0009290985484248299,LOW
6,,,0.0,0.0,0.0,0.0,2023-12-27 12:44:45,False,False,False,True,0.0,0.00016088651809961985,LOW
6,,,0.0,0.0,0.0,0.0,2023-12-27 18:29:12,False,False,False,True,0.0,3.753451253192207e-05,LOW
6,,,0.0,0.0,0.0,0.0,2023-12-27 20:02:36,False,False,False,True,0.0,3.753451253192207e-05,LOW
6,,,0.0,0.0,0.0,0.0,2023-12-28 21:22:31,False,False,False,True,0.0,3.753451253192207e-05,LOW
6,,,0.0,0.0,0.0,0.0,2023-12-28 15:52:42,False,False,False,True,0.0,3.0139949879913706e-05,LOW
6,,,0.0,0.0,0.0,0.0,2023-12-27 18:27:21,False,False,False,True,0.0,3.753451253192207e-05,LOW
6,,,0.0,0.0,0.0,0.0,2023-12-27 08:04:34,False,False,False,True,0.0,0.00015016990231191642,LOW
6,,,0.0,0.0,0.0,0.0,2023-12-27 11:50:13,False,False,False,True,0.0,3.0139949879913706e-05,LOW
6,0.0,0.0,,,0.0,0.0,2023-12-25 17:23:39,False,False,False,True,0.0,0.0008084267925056306,LOW
6,,,0.0,0.0,0.0,0.0,2023-12-27 22:23:02,False,False,False,True,0.0,8.640697866422332e-05,LOW
6,,,0.0,0.0,0.0,0.0,2023-12-28 08:50:52,False,False,False,True,0.0,3.0139949879913706e-05,LOW
6,,,0.0,0.0,0.0,0.0,2023-12-27 19:12:37,False,False,False,True,0.0,3.753451253192207e-05,LOW
6,0.0,0.0,1.0,0.0,1.0,0.0,2023-12-31 00:36:32,False,False,True,False,1.0,0.6316417742783079,MEDIUM
6,0.0,0.0,,,0.0,0.0,2023-12-28 22:05:53,False,False,False,True,0.0,0.0005077085929441154,LOW
6,,,0.0,0.0,0.0,0.0,2023-12-27 14:32:24,False,False,False,True,0.0,0.0006951106850751195,LOW
6,,,0.0,0.0,0.0,0.0,2023-12-27 14:33:29,False,False,False,True,0.0,3.0139949879913706e-05,LOW
6,,,0.0,0.0,0.0,0.0,2023-12-27 06:52:45,False,False,False,True,0.0,0.0001258967136878624,LOW
6,,,0.0,0.0,0.0,0.0,2023-12-27 19:40:36,False,False,False,True,0.0,3.753451253192207e-05,LOW
6,,,0.0,0.0,0.0,0.0,2023-12-28 04:13:36,False,False,False,True,0.0,0.00039550795662484414,LOW
6,,,0.0,0.0,0.0,0.0,2023-12-27 13:14:48,False,False,False,True,0.0,3.0139949879913706e-05,LOW
6,,,0.0,0.0,0.0,0.0,2023-12-27 20:13:26,False,False,False,True,0.0,0.00040517252693738487,LOW
6,,,0.0,0.0,0.0,0.0,2023-12-28 08:51:06,False,False,False,True,0.0,7.715301072484744e-05,LOW
6,,,0.0,0.0,0.0,0.0,2023-12-28 10:38:16,False,False,False,True,0.0,9.568164256582048e-05,LOW
6,0.0,0.0,,,0.0,0.0,2023-12-25 16:11:52,False,False,False,True,0.0,0.0009290985484248299,LOW
6,,,0.0,0.0,0.0,0.0,2023-12-28 12:54:34,False,False,False,True,0.0,3.0139949879913706e-05,LOW
6,,,0.0,0.0,0.0,0.0,2023-12-27 04:51:42,False,False,False,True,0.0,0.0001981352564215343,LOW
6,0.0,0.0,,,0.0,0.0,2023-12-31 00:36:46,False,False,False,True,0.0,0.00031283053848310094,LOW
6,,,0.0,0.0,0.0,0.0,2023-12-28 08:11:44,False,False,False,True,0.0,0.00013852464639946608,LOW
6,,,0.0,0.0,0.0,0.0,2023-12-28 09:21:23,False,False,False,True,0.0,0.0006323001542223504,LOW
6,0.0,0.0,,,0.0,0.0,2022-12-16 17:14:04,False,False,False,True,0.0,0.0007152923017110812,LOW
6,0.0,0.0,1.0,0.0,1.0,0.0,2023-12-31 00:36:32,False,False,True,False,1.0,0.6781605572949312,MEDIUM
6,,,0.0,0.0,0.0,0.0,2023-12-27 15:07:12,False,False,False,True,0.0,4.8713355154753526e-05,LOW
6,,,0.0,0.0,0.0,0.0,2023-12-28 07:50:01,False,False,False,True,0.0,3.0139949879913706e-05,LOW
6,,,0.0,0.0,0.0,0.0,2023-12-27 16:59:09,False,False,False,True,0.0,6.035861106720388e-05,LOW
6,,,0.0,0.0,0.0,0.0,2023-12-27 03:14:26,False,False,False,True,0.0,0.00025455161085646594,LOW
6,0.0,0.0,,,0.0,0.0,2023-12-25 17:20:00,False,False,False,True,0.0,0.0008084267925056306,LOW
6,0.0,0.0,1.0,0.0,1.0,0.0,2023-12-31 00:36:32,False,False,True,False,1.0,0.72857887045923,HIGH
6,,,0.0,0.0,0.0,0.0,2023-12-28 10:28:13,False,False,False,True,0.0,9.44169308463781e-05,LOW
6,,,0.0,0.0,0.0,0.0,2023-12-27 16:38:32,False,False,False,True,0.0,3.0139949879913706e-05,LOW
6,0.0,0.0,,,0.0,0.0,2023-12-25 16:23:12,False,False,False,True,0.0,0.0011297192507965454,LOW
6,,,0.0,0.0,0.0,0.0,2023-12-27 17:02:33,False,False,False,True,0.0,3.0139949879913706e-05,LOW
6,,,0.0,0.0,0.0,0.0,2023-12-27 09:32:24,False,False,False,True,0.0,0.00013244686252952595,LOW
6,0.0,0.0,,,0.0,0.0,2023-12-25 16:19:21,False,False,False,True,0.0,0.0011297192507965454,LOW
6,,,0.0,0.0,0.0,0.0,2023-12-27 12:51:30,False,False,False,True,0.0,3.0139949879913706e-05,LOW
6,,,0.0,0.0,0.0,0.0,2023-12-27 04:52:45,False,False,False,True,0.0,0.0002389588905393721,LOW
6,0.0,0.0,,,0.0,0.0,2023-12-25 16:11:53,False,False,False,True,0.0,0.0009290985484248299,LOW
6,,,0.0,0.0,0.0,0.0,2023-12-27 22:21:19,False,False,False,True,0.0,8.640697866422332e-05,LOW
6,0.0,0.0,,,0.0,0.0,2023-12-25 16:23:07,False,False,False,True,0.0,0.0011297192507965454,LOW
6,,,0.0,0.0,0.0,0.0,2023-12-27 11:31:46,False,False,False,True,0.0,3.0139949879913706e-05,LOW
6,,,0.0,0.0,0.0,0.0,2023-12-28 21:21:15,False,False,False,True,0.0,0.00015756446496392482,LOW
6,0.0,0.0,,,0.0,0.0,2023-12-25 16:19:51,False,False,False,True,0.0,0.0008790146120205469,LOW
6,,,0.0,0.0,0.0,0.0,2023-12-28 01:48:30,False,False,False,True,0.0,0.0001306028617997558,LOW
6,,,0.0,0.0,0.0,0.0,2023-12-28 13:19:42,False,False,False,True,0.0,3.0139949879913706e-05,LOW
6,,,0.0,0.0,0.0,0.0,2023-12-27 09:34:16,False,False,False,True,0.0,3.0139949879913706e-05,LOW
6,0.0,0.0,0.0,0.0,0.0,0.0,2023-12-28 21:52:37,False,False,False,True,0.0,0.009083741578770678,LOW
6,,,0.0,0.0,0.0,0.0,2023-12-28 09:22:29,False,False,False,True,0.0,0.0016201209648035058,LOW
6,,,0.0,0.0,0.0,0.0,2023-12-28 03:47:29,False,False,False,True,0.0,0.00015400586760325145,LOW
6,,,0.0,0.0,0.0,0.0,2023-12-28 05:43:41,False,False,False,True,0.0,0.00012203534980523903,LOW
6,,,0.0,0.0,0.0,0.0,2023-12-27 20:12:48,False,False,False,True,0.0,3.753451253192207e-05,LOW
6,,,0.0,0.0,0.0,0.0,2023-12-27 06:56:02,False,False,False,True,0.0,0.00012186219388670618,LOW
6,,,0.0,0.0,0.0,0.0,2023-12-28 03:41:03,False,False,False,True,0.0,7.283614524450449e-05,LOW
6,,,0.0,0.0,0.0,0.0,2023-12-28 09:31:44,False,False,False,True,0.0,0.00039291301291609744,LOW
6,,,0.0,0.0,0.0,0.0,2023-12-27 08:04:05,False,False,False,True,0.0,3.0139949879913706e-05,LOW
6,,,0.0,0.0,0.0,0.0,2023-12-27 13:51:49,False,False,False,True,0.0,3.0139949879913706e-05,LOW
6,,,0.0,0.0,0.0,0.0,2023-12-27 12:22:46,False,False,False,True,0.0,0.0016154148166916127,LOW
6,,,0.0,0.0,0.0,0.0,2023-12-27 04:02:23,False,False,False,True,0.0,7.283614524450449e-05,LOW
6,,,0.0,0.0,0.0,0.0,2023-12-27 18:10:14,False,False,False,True,0.0,0.00014797222827286693,LOW
6,,,0.0,0.0,0.0,0.0,2023-12-28 10:36:13,False,False,False,True,0.0,8.13832577628692e-05,LOW
6,,,0.0,0.0,0.0,0.0,2023-12-27 12:24:30,False,False,False,True,0.0,3.0139949879913706e-05,LOW
6,,,0.0,0.0,0.0,0.0,2023-12-27 07:38:37,False,False,False,True,0.0,3.0139949879913706e-05,LOW
6,,,0.0,0.0,0.0,0.0,2023-12-27 17:36:39,False,False,False,True,0.0,0.0003977779642853765,LOW
6,,,0.0,0.0,0.0,0.0,2023-12-28 10:23:00,False,False,False,True,0.0,0.00047580364501386275,LOW
6,,,0.0,0.0,0.0,0.0,2023-12-28 19:21:21,False,False,False,True,0.0,3.753451253192207e-05,LOW
6,,,0.0,0.0,0.0,0.0,2023-12-28 18:14:30,False,False,False,True,0.0,8.673371709265663e-05,LOW
6,,,0.0,0.0,0.0,0.0,2023-12-28 14:30:39,False,False,False,True,0.0,3.0139949879913706e-05,LOW
6,0.0,0.0,,,0.0,0.0,2022-12-16 18:35:53,False,False,False,True,0.0,0.0005389387946952046,LOW
6,,,0.0,0.0,0.0,0.0,2023-12-28 13:14:30,False,False,False,True,0.0,7.933915444064827e-05,LOW
6,0.0,0.0,,,0.0,0.0,2023-12-31 00:42:02,False,False,False,True,0.0,0.0006620747785162296,LOW
6,,,0.0,0.0,0.0,0.0,2023-12-27 04:13:27,False,False,False,True,0.0,7.283614524450449e-05,LOW
6,0.0,0.0,1.0,0.0,1.0,0.0,2023-12-31 00:36:33,False,False,True,False,1.0,0.6231943715648821,MEDIUM
6,,,0.0,0.0,0.0,0.0,2023-12-28 15:51:45,False,False,False,True,0.0,0.0016115534528089892,LOW
6,,,0.0,0.0,0.0,0.0,2023-12-28 16:36:15,False,False,False,True,0.0,3.0139949879913706e-05,LOW
6,,,0.0,0.0,0.0,0.0,2023-12-27 06:39:46,False,False,False,True,0.0,0.0001981352564215343,LOW
6,,,0.0,0.0,0.0,0.0,2023-12-28 01:05:56,False,False,False,True,0.0,8.140365723902127e-05,LOW
6,,,0.0,0.0,0.0,0.0,2023-12-27 03:09:20,False,False,False,True,0.0,7.283614524450449e-05,LOW
6,,,0.0,0.0,0.0,0.0,2023-12-27 11:23:42,False,False,False,True,0.0,3.0139949879913706e-05,LOW
6,,,0.0,0.0,0.0,0.0,2023-12-28 01:50:59,False,False,False,True,0.0,0.006625856697371562,LOW
6,0.0,0.0,,,0.0,0.0,2022-12-26 07:49:34,False,False,False,True,0.0,0.0006266917106350135,LOW
6,0.0,0.0,1.0,0.0,1.0,0.0,2023-12-31 00:36:32,False,False,True,False,1.0,0.5334271934443194,MEDIUM
6,,,0.0,0.0,0.0,0.0,2023-12-28 08:51:19,False,False,False,True,0.0,0.000574599178539799,LOW
6,0.0,0.0,,,0.0,0.0,2023-12-31 00:42:08,False,False,False,True,0.0,0.000568516239445892,LOW
6,,,0.0,0.0,0.0,0.0,2023-12-28 11:24:42,False,False,False,True,0.0,7.933915444064827e-05,LOW
6,,,0.0,0.0,0.0,0.0,2023-12-27 05:54:01,False,False,False,True,0.0,7.283614524450449e-05,LOW
6,,,0.0,0.0,0.0,0.0,2023-12-27 15:24:29,False,False,False,True,0.0,7.933915444064827e-05,LOW
6,,,0.0,0.0,0.0,0.0,2023-12-27 18:45:43,False,False,False,True,0.0,3.753451253192207e-05,LOW
6,,,0.0,0.0,0.0,0.0,2023-12-27 03:38:19,False,False,False,True,0.0,7.283614524450449e-05,LOW
6,,,0.0,0.0,0.0,0.0,2023-12-27 22:55:44,False,False,False,True,0.0,8.640697866422332e-05,LOW
6,,,0.0,0.0,0.0,0.0,2023-12-27 13:13:35,False,False,False,True,0.0,0.0001419410263021824,LOW
6,,,0.0,0.0,0.0,0.0,2023-12-27 06:03:17,False,False,False,True,0.0,0.00012203534980523903,LOW
6,,,0.0,0.0,0.0,0.0,2023-12-27 06:12:25,False,False,False,True,0.0,0.0004817985861697635,LOW
6,,,0.0,0.0,0.0,0.0,2023-12-27 02:53:46,False,False,False,True,0.0,0.00014543835560873466,LOW
6,,,0.0,0.0,0.0,0.0,2023-12-28 09:24:33,False,False,False,True,0.0,7.885332067615346e-05,LOW
6,,,0.0,0.0,0.0,0.0,2023-12-28 19:06:03,False,False,False,True,0.0,3.753451253192207e-05,LOW
6,,,0.0,0.0,0.0,0.0,2023-12-27 23:14:01,False,False,False,True,0.0,8.640697866422332e-05,LOW
6,,,0.0,0.0,0.0,0.0,2023-12-28 08:43:45,False,False,False,True,0.0,3.0139949879913706e-05,LOW
6,,,0.0,0.0,0.0,0.0,2023-12-28 08:51:17,False,False,False,True,0.0,0.000711268402982551,LOW
6,,,0.0,0.0,0.0,0.0,2023-12-27 16:42:06,False,False,False,True,0.0,4.75608520346653e-05,LOW
6,0.0,0.0,,,0.0,0.0,2023-12-25 17:39:26,False,False,False,True,0.0,0.0008084267925056306,LOW
6,,,0.0,0.0,0.0,0.0,2023-12-28 06:45:55,False,False,False,True,0.0,0.000252538623059198,LOW
6,,,0.0,0.0,0.0,0.0,2023-12-27 07:14:13,False,False,False,True,0.0,3.0139949879913706e-05,LOW
6,,,0.0,0.0,0.0,0.0,2023-12-28 14:52:18,False,False,False,True,0.0,0.0006715850197886311,LOW
6,,,0.0,0.0,0.0,0.0,2023-12-28 12:05:22,False,False,False,True,0.0,7.933915444064827e-05,LOW
6,,,0.0,0.0,0.0,0.0,2023-12-28 05:36:45,False,False,False,True,0.0,0.008076296749418574,LOW
6,,,0.0,0.0,0.0,0.0,2023-12-28 11:42:32,False,False,False,True,0.0,0.0001725579096889057,LOW
6,,,0.0,0.0,0.0,0.0,2023-12-28 21:31:13,False,False,False,True,0.0,3.753451253192207e-05,LOW
6,,,0.0,0.0,0.0,0.0,2023-12-27 17:36:32,False,False,False,True,0.0,0.00013852464639946608,LOW
6,,,0.0,0.0,0.0,0.0,2023-12-27 21:46:54,False,False,False,True,0.0,0.0001255491057032504,LOW
6,,,0.0,0.0,0.0,0.0,2023-12-28 04:46:36,False,False,False,True,0.0,0.0001407322074968413,LOW
6,,,0.0,0.0,0.0,0.0,2023-12-27 09:30:41,False,False,False,True,0.0,3.0139949879913706e-05,LOW
6,,,0.0,0.0,0.0,0.0,2023-12-28 19:26:27,False,False,False,True,0.0,3.753451253192207e-05,LOW
6,0.0,0.0,,,0.0,0.0,2019-12-07 17:08:58,False,False,False,True,0.0,0.0013678068756014336,LOW
6,,,0.0,0.0,0.0,0.0,2023-12-28 18:42:18,False,False,False,True,0.0,0.00010102318599643639,LOW
6,,,0.0,0.0,0.0,0.0,2023-12-27 19:52:47,False,False,False,True,0.0,9.530122908717343e-05,LOW
6,,,0.0,0.0,0.0,0.0,2023-12-28 20:22:56,False,False,False,True,0.0,9.059508097528008e-05,LOW
6,,,0.0,0.0,0.0,0.0,2023-12-28 12:13:35,False,False,False,True,0.0,3.0139949879913706e-05,LOW
6,,,0.0,0.0,0.0,0.0,2023-12-28 19:13:48,False,False,False,True,0.0,0.0026251256136894776,LOW
6,,,0.0,0.0,0.0,0.0,2023-12-28 11:23:36,False,False,False,True,0.0,0.00017457089748617365,LOW
6,,,0.0,0.0,0.0,0.0,2023-12-28 14:38:20,False,False,False,True,0.0,0.00741314097083002,LOW
6,,,0.0,0.0,0.0,0.0,2023-12-27 13:28:10,False,False,False,True,0.0,3.0139949879913706e-05,LOW
6,,,0.0,0.0,0.0,0.0,2023-12-28 19:21:14,False,False,False,True,0.0,6.352292668119047e-05,LOW
6,0.0,0.0,0.0,0.0,0.0,0.0,2023-12-31 00:42:06,False,False,False,True,0.0,0.02226390699511443,LOW
6,,,0.0,0.0,0.0,0.0,2023-12-27 05:54:31,False,False,False,True,0.0,0.00012186219388670618,LOW
6,,,0.0,0.0,0.0,0.0,2023-12-27 03:11:15,False,False,False,True,0.0,0.00022951877404501274,LOW
6,,,0.0,0.0,0.0,0.0,2023-12-28 16:52:32,False,False,False,True,0.0,0.00011610152382984958,LOW
6,0.0,0.0,,,0.0,0.0,2023-12-25 16:11:56,False,False,False,True,0.0,0.0009290985484248299,LOW
6,,,0.0,0.0,0.0,0.0,2023-12-28 04:46:07,False,False,False,True,0.0,0.00013632481870901877,LOW
6,0.0,0.0,,,0.0,0.0,2023-12-31 00:42:03,False,False,False,True,0.0,0.0007083691060197286,LOW
6,,,0.0,0.0,0.0,0.0,2023-12-27 13:02:11,False,False,False,True,0.0,3.0139949879913706e-05,LOW
6,,,0.0,0.0,0.0,0.0,2023-12-27 03:14:23,False,False,False,True,0.0,7.283614524450449e-05,LOW
6,,,0.0,0.0,0.0,0.0,2023-12-27 16:43:09,False,False,False,True,0.0,3.0139949879913706e-05,LOW
6,,,0.0,0.0,0.0,0.0,2023-12-27 04:23:06,False,False,False,True,0.0,0.00011777218696409897,LOW
6,,,0.0,0.0,0.0,0.0,2023-12-27 06:57:06,False,False,False,True,0.0,0.00014810059921480657,LOW
6,,,0.0,0.0,0.0,0.0,2023-12-28 11:28:42,False,False,False,True,0.0,3.0139949879913706e-05,LOW
6,,,0.0,0.0,0.0,0.0,2023-12-28 09:22:48,False,False,False,True,0.0,0.0022352053973886173,LOW
6,,,0.0,0.0,0.0,0.0,2023-12-27 18:52:17,False,False,False,True,0.0,3.753451253192207e-05,LOW
6,,,0.0,0.0,0.0,0.0,2023-12-27 11:39:51,False,False,False,True,0.0,0.0001725579096889057,LOW
6,,,0.0,0.0,0.0,0.0,2023-12-27 09:10:41,False,False,False,True,0.0,3.0139949879913706e-05,LOW
6,,,0.0,0.0,0.0,0.0,2023-12-28 19:13:39,False,False,False,True,0.0,0.00034739161136349174,LOW
6,,,0.0,0.0,0.0,0.0,2023-12-27 10:11:20,False,False,False,True,0.0,3.0139949879913706e-05,LOW
6,,,0.0,0.0,0.0,0.0,2023-12-27 15:38:00,False,False,False,True,0.0,0.00015016990231191642,LOW
6,0.0,0.0,,,0.0,0.0,2022-09-08 11:02:19,False,False,False,True,0.0,0.0008339510698330127,LOW
6,,,0.0,0.0,0.0,0.0,2023-12-27 08:32:39,False,False,False,True,0.0,3.0139949879913706e-05,LOW
6,,,0.0,0.0,0.0,0.0,2023-12-27 23:04:53,False,False,False,True,0.0,8.640697866422332e-05,LOW
6,,,0.0,0.0,0.0,0.0,2023-12-28 19:52:56,False,False,False,True,0.0,6.775317371921225e-05,LOW
6,,,0.0,0.0,0.0,0.0,2023-12-27 08:20:24,False,False,False,True,0.0,3.0139949879913706e-05,LOW
6,,,0.0,0.0,0.0,0.0,2023-12-27 22:01:25,False,False,False,True,0.0,8.640697866422332e-05,LOW
6,,,0.0,0.0,0.0,0.0,2023-12-28 04:16:17,False,False,False,True,0.0,0.00165424964817358,LOW
6,,,0.0,0.0,0.0,0.0,2023-12-27 17:45:04,False,False,False,True,0.0,0.00014057766562085855,LOW
6,,,0.0,0.0,0.0,0.0,2023-12-28 21:14:05,False,False,False,True,0.0,0.0001445475732934277,LOW
6,,,0.0,0.0,0.0,0.0,2023-12-28 09:22:27,False,False,False,True,0.0,0.00043195207310747476,LOW
6,,,0.0,0.0,0.0,0.0,2023-12-28 09:24:11,False,False,False,True,0.0,0.0003955661418065984,LOW
6,,,0.0,0.0,0.0,0.0,2023-12-27 04:24:09,False,False,False,True,0.0,0.0054512717058152116,LOW
6,,,0.0,0.0,0.0,0.0,2023-12-27 06:54:16,False,False,False,True,0.0,0.00019141664142826242,LOW
6,,,0.0,0.0,0.0,0.0,2023-12-27 21:21:27,False,False,False,True,0.0,3.753451253192207e-05,LOW
6,,,0.0,0.0,0.0,0.0,2023-12-28 09:31:44,False,False,False,True,0.0,0.007210201057694227,LOW
6,,,0.0,0.0,0.0,0.0,2023-12-28 08:51:17,False,False,False,True,0.0,5.179109907268707e-05,LOW
6,,,0.0,0.0,0.0,0.0,2023-12-28 20:51:24,False,False,False,True,0.0,0.0016189480154609975,LOW
6,1.0,0.0,,,1.0,0.0,,False,True,False,False,0.0,0.157927619802876,LOW
6,,,0.0,0.0,0.0,0.0,2023-12-27 15:19:29,False,False,False,True,0.0,7.933915444064827e-05,LOW
6,,,0.0,0.0,0.0,0.0,2023-12-27 16:07:46,False,False,False,True,0.0,3.0139949879913706e-05,LOW
6,0.0,0.0,,,0.0,0.0,2023-12-28 09:42:25,False,False,False,True,0.0,0.005725388130299808,LOW
6,,,0.0,0.0,0.0,0.0,2023-12-27 06:21:30,False,False,False,True,0.0,7.283614524450449e-05,LOW
6,0.0,0.0,,,0.0,0.0,2023-12-25 16:12:08,False,False,False,True,0.0,0.0009290985484248299,LOW
6,,,0.0,0.0,0.0,0.0,2023-12-28 15:06:14,False,False,False,True,0.0,0.00013587151750896515,LOW
6,,,0.0,0.0,0.0,0.0,2023-12-27 14:54:29,False,False,False,True,0.0,7.933915444064827e-05,LOW
6,,,0.0,0.0,0.0,0.0,2023-12-27 23:00:10,False,False,False,True,0.0,0.0002592958639752811,LOW
6,,,0.0,0.0,0.0,0.0,2023-12-28 06:06:41,False,False,False,True,0.0,0.00012203534980523903,LOW
6,,,0.0,0.0,0.0,0.0,2023-12-27 20:52:51,False,False,False,True,0.0,3.753451253192207e-05,LOW
6,,,0.0,0.0,0.0,0.0,2023-12-27 16:25:35,False,False,False,True,0.0,0.0018288290202753096,LOW
6,,,0.0,0.0,0.0,0.0,2023-12-27 15:18:45,False,False,False,True,0.0,3.0139949879913706e-05,LOW
6,,,0.0,0.0,0.0,0.0,2023-12-28 18:24:53,False,False,False,True,0.0,3.753451253192207e-05,LOW
6,,,0.0,0.0,0.0,0.0,2023-12-28 15:32:06,False,False,False,True,0.0,3.0139949879913706e-05,LOW
6,,,0.0,0.0,0.0,0.0,2023-12-28 08:06:43,False,False,False,True,0.0,8.534794612040772e-05,LOW
6,,,0.0,0.0,0.0,0.0,2023-12-28 03:34:19,False,False,False,True,0.0,7.283614524450449e-05,LOW
6,,,0.0,0.0,0.0,0.0,2023-12-27 11:14:24,False,False,False,True,0.0,7.933915444064827e-05,LOW
6,,,0.0,0.0,0.0,0.0,2023-12-27 06:37:45,False,False,False,True,0.0,0.00011777218696409897,LOW
6,,,0.0,0.0,0.0,0.0,2023-12-28 13:21:14,False,False,False,True,0.0,5.61283640291821e-05,LOW
6,,,0.0,0.0,0.0,0.0,2023-12-27 04:56:15,False,False,False,True,0.0,0.00017226044671019494,LOW
6,,,0.0,0.0,0.0,0.0,2023-12-27 07:09:30,False,False,False,True,0.0,3.0139949879913706e-05,LOW
6,,,0.0,0.0,0.0,0.0,2023-12-28 19:21:14,False,False,False,True,0.0,9.059508097528008e-05,LOW
6,,,0.0,0.0,0.0,0.0,2023-12-27 11:47:49,False,False,False,True,0.0,9.568164256582048e-05,LOW
6,,,0.0,0.0,0.0,0.0,2023-12-27 02:53:12,False,False,False,True,0.0,0.00012203534980523903,LOW
6,,,0.0,0.0,0.0,0.0,2023-12-27 14:55:23,False,False,False,True,0.0,0.0016201209648035058,LOW
6,,,0.0,0.0,0.0,0.0,2023-12-27 06:04:45,False,False,False,True,0.0,0.0002625517215563295,LOW
6,0.0,0.0,,,0.0,0.0,2023-12-19 15:12:17,False,False,False,True,0.0,0.0007132793139138133,LOW
6,,,0.0,0.0,0.0,0.0,2023-12-28 13:10:38,False,False,False,True,0.0,3.0139949879913706e-05,LOW
6,,,0.0,0.0,0.0,0.0,2023-12-27 18:40:16,False,False,False,True,0.0,0.00011058714402344599,LOW
6,0.0,0.0,0.0,0.0,0.0,0.0,2023-12-31 00:36:33,False,False,False,True,0.0,0.015221971079519616,LOW
6,,,0.0,0.0,0.0,0.0,2023-12-28 09:21:41,False,False,False,True,0.0,7.826074041106885e-05,LOW
6,0.0,0.0,,,0.0,0.0,2023-12-31 00:36:39,False,False,False,True,0.0,0.0007103820938169967,LOW
6,,,0.0,0.0,0.0,0.0,2023-12-28 21:33:17,False,False,False,True,0.0,9.348396852677098e-05,LOW
6,,,0.0,0.0,0.0,0.0,2023-12-28 18:58:08,False,False,False,True,0.0,8.673371709265663e-05,LOW
6,,,0.0,0.0,0.0,0.0,2023-12-28 11:55:42,False,False,False,True,0.0,3.0139949879913706e-05,LOW
6,,,0.0,0.0,0.0,0.0,2023-12-27 22:56:15,False,False,False,True,0.0,8.640697866422332e-05,LOW
6,,,0.0,0.0,0.0,0.0,2023-12-28 09:23:15,False,False,False,True,0.0,7.179993697098282e-05,LOW
6,0.0,0.0,0.0,0.0,0.0,0.0,2023-12-28 22:02:25,False,False,False,True,0.0,0.01707667522976226,LOW
6,,,0.0,0.0,0.0,0.0,2023-12-27 10:29:09,False,False,False,True,0.0,3.0139949879913706e-05,LOW
6,0.0,0.0,,,0.0,0.0,2023-12-25 17:08:08,False,False,False,True,0.0,0.0008104397803028986,LOW
6,,,0.0,0.0,0.0,0.0,2023-12-27 23:23:45,False,False,False,True,0.0,0.00023953986068774475,LOW
6,0.0,0.0,,,0.0,0.0,2023-12-25 16:11:56,False,False,False,True,0.0,0.0009290985484248299,LOW
6,,,0.0,0.0,0.0,0.0,2023-12-28 17:39:50,False,False,False,True,0.0,3.0139949879913706e-05,LOW
6,,,0.0,0.0,0.0,0.0,2023-12-28 17:06:46,False,False,False,True,0.0,3.0139949879913706e-05,LOW
6,,,0.0,0.0,0.0,0.0,2023-12-28 10:13:45,False,False,False,True,0.0,0.0001419410263021824,LOW
6,,,0.0,0.0,0.0,0.0,2023-12-27 20:22:47,False,False,False,True,0.0,0.001622809379343621,LOW
6,,,0.0,0.0,0.0,0.0,2023-12-28 10:43:17,False,False,False,True,0.0,8.608940587476261e-05,LOW
6,,,0.0,0.0,0.0,0.0,2023-12-28 09:23:05,False,False,False,True,0.0,0.00015880197546330843,LOW
6,,,0.0,0.0,0.0,0.0,2023-12-27 16:38:13,False,False,False,True,0.0,0.00013201015362634174,LOW
6,,,0.0,0.0,0.0,0.0,2023-12-27 06:23:32,False,False,False,True,0.0,7.283614524450449e-05,LOW
6,,,0.0,0.0,0.0,0.0,2023-12-27 10:22:46,False,False,False,True,0.0,0.0016201209648035058,LOW
6,,,0.0,0.0,0.0,0.0,2023-12-28 20:33:37,False,False,False,True,0.0,0.000181965460138182,LOW
6,,,0.0,0.0,0.0,0.0,2023-12-27 17:41:48,False,False,False,True,0.0,0.007737936264596385,LOW
6,,,0.0,0.0,0.0,0.0,2023-12-28 16:08:45,False,False,False,True,0.0,3.0139949879913706e-05,LOW
6,,,0.0,0.0,0.0,0.0,2023-12-27 13:47:57,False,False,False,True,0.0,3.0139949879913706e-05,LOW
6,,,0.0,0.0,0.0,0.0,2023-12-27 16:47:30,False,False,False,True,0.0,3.0139949879913706e-05,LOW
6,0.0,0.0,,,0.0,0.0,2023-12-25 17:37:22,False,False,False,True,0.0,0.0008084267925056306,LOW
6,,,0.0,0.0,0.0,0.0,2023-12-27 16:20:35,False,False,False,True,0.0,3.0139949879913706e-05,LOW
6,,,0.0,0.0,0.0,0.0,2023-12-28 05:29:41,False,False,False,True,0.0,0.00012203534980523903,LOW
6,,,0.0,0.0,0.0,0.0,2023-12-27 10:07:46,False,False,False,True,0.0,0.00014057766562085855,LOW
6,0.0,0.0,,,0.0,0.0,2023-12-28 22:28:14,False,False,False,True,0.0,0.0008118046106226064,LOW
6,,,0.0,0.0,0.0,0.0,2023-12-27 15:12:16,False,False,False,True,0.0,9.240394304911012e-05,LOW
6,,,0.0,0.0,0.0,0.0,2023-12-27 07:33:34,False,False,False,True,0.0,3.0139949879913706e-05,LOW
6,,,0.0,0.0,0.0,0.0,2023-12-28 01:30:45,False,False,False,True,0.0,0.00010773696500228778,LOW
6,,,0.0,0.0,0.0,0.0,2023-12-28 18:32:17,False,False,False,True,0.0,0.0006789795824406396,LOW
6,,,0.0,0.0,0.0,0.0,2023-12-28 09:23:15,False,False,False,True,0.0,0.0018131664183189905,LOW
6,,,0.0,0.0,0.0,0.0,2023-12-27 11:48:19,False,False,False,True,0.0,3.0139949879913706e-05,LOW
6,,,0.0,0.0,0.0,0.0,2023-12-28 06:58:10,False,False,False,True,0.0,7.283614524450449e-05,LOW
6,,,0.0,0.0,0.0,0.0,2023-12-28 07:00:43,False,False,False,True,0.0,0.00019544865593921438,LOW
6,,,0.0,0.0,0.0,0.0,2023-12-28 04:11:51,False,False,False,True,0.0,7.283614524450449e-05,LOW
6,,,0.0,0.0,0.0,0.0,2023-12-27 16:10:05,False,False,False,True,0.0,3.0139949879913706e-05,LOW
6,,,0.0,0.0,0.0,0.0,2023-12-28 03:27:48,False,False,False,True,0.0,7.283614524450449e-05,LOW
6,,,0.0,0.0,0.0,0.0,2023-12-28 17:48:18,False,False,False,True,0.0,3.0139949879913706e-05,LOW
6,,,0.0,0.0,0.0,0.0,2023-12-28 13:59:08,False,False,False,True,0.0,3.0139949879913706e-05,LOW
6,,,0.0,0.0,0.0,0.0,2023-12-28 06:22:58,False,False,False,True,0.0,7.283614524450449e-05,LOW
6,,,0.0,0.0,0.0,0.0,2023-12-27 08:13:36,False,False,False,True,0.0,3.0139949879913706e-05,LOW
6,0.0,0.0,,,0.0,0.0,2019-12-07 17:03:48,False,False,False,True,0.0,0.001960011245211956,LOW
6,,,0.0,0.0,0.0,0.0,2023-12-27 05:37:53,False,False,False,True,0.0,0.00010920467496958217,LOW
6,,,0.0,0.0,0.0,0.0,2023-12-28 12:23:01,False,False,False,True,0.0,0.0016154148166916127,LOW
6,,,0.0,0.0,0.0,0.0,2023-12-28 21:41:23,False,False,False,True,0.0,3.753451253192207e-05,LOW
6,,,0.0,0.0,0.0,0.0,2023-12-28 13:42:32,False,False,False,True,0.0,0.00041695131335242066,LOW
6,,,0.0,0.0,0.0,0.0,2023-12-28 20:22:18,False,False,False,True,0.0,0.00014899695296940804,LOW
6,,,0.0,0.0,0.0,0.0,2023-12-28 03:45:42,False,False,False,True,0.0,0.00017226044671019494,LOW
6,,,0.0,0.0,0.0,0.0,2023-12-27 08:51:54,False,False,False,True,0.0,3.0139949879913706e-05,LOW
6,,,0.0,0.0,0.0,0.0,2023-12-28 01:20:55,False,False,False,True,0.0,0.00013632481870901877,LOW
6,,,0.0,0.0,0.0,0.0,2023-12-27 14:30:18,False,False,False,True,0.0,3.0139949879913706e-05,LOW
6,,,0.0,0.0,0.0,0.0,2023-12-31 00:42:34,False,False,False,True,0.0,0.011257675117805233,LOW
6,,,0.0,0.0,0.0,0.0,2023-12-27 05:20:37,False,False,False,True,0.0,7.283614524450449e-05,LOW
6,,,0.0,0.0,0.0,0.0,2023-12-27 06:34:32,False,False,False,True,0.0,7.283614524450449e-05,LOW
6,,,0.0,0.0,0.0,0.0,2023-12-27 20:53:03,False,False,False,True,0.0,9.450869322331207e-05,LOW
6,,,0.0,0.0,0.0,0.0,2023-12-28 03:47:04,False,False,False,True,0.0,0.005446565557703318,LOW
6,,,0.0,0.0,0.0,0.0,2023-12-28 04:50:15,False,False,False,True,0.0,7.283614524450449e-05,LOW
6,0.0,0.0,0.0,0.0,0.0,0.0,2023-12-31 00:36:53,False,False,False,True,0.0,0.03274225895188099,LOW
6,,,0.0,0.0,0.0,0.0,2023-12-27 10:08:08,False,False,False,True,0.0,3.0139949879913706e-05,LOW
6,,,0.0,0.0,0.0,0.0,2023-12-27 04:25:09,False,False,False,True,0.0,7.564710566760943e-05,LOW
6,,,0.0,0.0,0.0,0.0,2023-12-28 19:13:02,False,False,False,True,0.0,0.0004187231493103416,LOW
6,,,0.0,0.0,0.0,0.0,2023-12-28 04:33:15,False,False,False,True,0.0,0.0001458887767360284,LOW
6,,,0.0,0.0,0.0,0.0,2023-12-28 17:52:24,False,False,False,True,0.0,6.504076963769699e-05,LOW
6,,,0.0,0.0,0.0,0.0,2023-12-27 22:06:04,False,False,False,True,0.0,0.002369190278946171,LOW
6,,,0.0,0.0,0.0,0.0,2023-12-28 06:39:57,False,False,False,True,0.0,7.283614524450449e-05,LOW
6,,,0.0,0.0,0.0,0.0,2023-12-28 04:27:26,False,False,False,True,0.0,7.283614524450449e-05,LOW
6,,,0.0,0.0,0.0,0.0,2023-12-28 18:33:10,False,False,False,True,0.0,0.00015756446496392482,LOW
6,,,0.0,0.0,0.0,0.0,2023-12-28 05:32:07,False,False,False,True,0.0,7.283614524450449e-05,LOW
6,,,0.0,0.0,0.0,0.0,2023-12-27 19:37:31,False,False,False,True,0.0,3.753451253192207e-05,LOW
6,,,0.0,0.0,0.0,0.0,2023-12-27 04:10:08,False,False,False,True,0.0,0.0001458887767360284,LOW
6,0.0,0.0,,,0.0,0.0,2022-12-18 23:32:20,False,False,False,True,0.0,0.00025551987623733427,LOW
6,,,0.0,0.0,0.0,0.0,2023-12-27 05:22:45,False,False,False,True,0.0,0.00015400586760325145,LOW
6,,,0.0,0.0,0.0,0.0,2023-12-27 14:57:20,False,False,False,True,0.0,3.0139949879913706e-05,LOW
6,,,0.0,0.0,0.0,0.0,2023-12-28 19:45:50,False,False,False,True,0.0,3.753451253192207e-05,LOW
6,,,0.0,0.0,0.0,0.0,2023-12-28 20:52:17,False,False,False,True,0.0,0.0006789795824406396,LOW
6,,,0.0,0.0,0.0,0.0,2023-12-28 06:25:06,False,False,False,True,0.0,7.283614524450449e-05,LOW
6,,,0.0,0.0,0.0,0.0,2023-12-27 21:52:47,False,False,False,True,0.0,7.245932183110563e-05,LOW
6,,,0.0,0.0,0.0,0.0,2023-12-28 15:52:27,False,False,False,True,0.0,0.00013852464639946608,LOW
6,,,0.0,0.0,0.0,0.0,2023-12-28 06:46:36,False,False,False,True,0.0,0.0001407322074968413,LOW
6,,,0.0,0.0,0.0,0.0,2023-12-27 20:52:47,False,False,False,True,0.0,6.775317371921225e-05,LOW
6,,,0.0,0.0,0.0,0.0,2023-12-28 11:19:20,False,False,False,True,0.0,3.0139949879913706e-05,LOW
6,,,0.0,0.0,0.0,0.0,2023-12-27 17:46:02,False,False,False,True,0.0,3.0139949879913706e-05,LOW
6,0.0,0.0,,,0.0,0.0,2023-12-31 00:42:05,False,False,False,True,0.0,0.001444299151954615,LOW
6,0.0,0.0,,,0.0,0.0,2023-12-25 16:24:18,False,False,False,True,0.0,0.0008790146120205469,LOW
6,,,0.0,0.0,0.0,0.0,2023-12-28 07:50:44,False,False,False,True,0.0,3.0139949879913706e-05,LOW
6,0.0,0.0,,,0.0,0.0,2023-12-28 21:55:30,False,False,False,True,0.0,0.005566963748415974,LOW
6,,,0.0,0.0,0.0,0.0,2023-12-27 07:54:27,False,False,False,True,0.0,3.0139949879913706e-05,LOW
6,0.0,0.0,1.0,0.0,1.0,0.0,2023-12-31 00:36:32,False,False,True,False,1.0,0.6781605572949312,MEDIUM
6,,,0.0,0.0,0.0,0.0,2023-12-28 13:17:08,False,False,False,True,0.0,3.0139949879913706e-05,LOW
6,,,0.0,0.0,0.0,0.0,2023-12-27 06:32:18,False,False,False,True,0.0,0.00037259722096311403,LOW
6,,,0.0,0.0,0.0,0.0,2023-12-27 09:33:09,False,False,False,True,0.0,0.0006715850197886311,LOW
6,,,0.0,0.0,0.0,0.0,2023-12-27 19:32:24,False,False,False,True,0.0,8.519747986864336e-05,LOW
6,0.0,0.0,,,0.0,0.0,2023-12-31 00:42:05,False,False,False,True,0.0,0.01875063451088039,LOW
6,,,0.0,0.0,0.0,0.0,2023-12-27 14:17:50,False,False,False,True,0.0,3.0139949879913706e-05,LOW
6,,,0.0,0.0,0.0,0.0,2023-12-28 02:22:36,False,False,False,True,0.0,0.00012203534980523903,LOW
6,,,0.0,0.0,0.0,0.0,2023-12-28 21:10:18,False,False,False,True,0.0,8.673371709265663e-05,LOW
6,,,0.0,0.0,0.0,0.0,2023-12-28 14:02:51,False,False,False,True,0.0,3.0139949879913706e-05,LOW
6,,,0.0,0.0,0.0,0.0,2023-12-28 20:14:55,False,False,False,True,0.0,3.753451253192207e-05,LOW
6,,,0.0,0.0,0.0,0.0,2023-12-27 17:56:50,False,False,False,True,0.0,0.00011815454305124204,LOW
6,,,0.0,0.0,0.0,0.0,2023-12-27 20:35:38,False,False,False,True,0.0,3.753451253192207e-05,LOW
6,,,0.0,0.0,0.0,0.0,2023-12-27 22:04:03,False,False,False,True,0.0,0.00017346468189706325,LOW
6,,,0.0,0.0,0.0,0.0,2023-12-27 09:05:24,False,False,False,True,0.0,0.00021128801419722194,LOW
6,,,0.0,0.0,0.0,0.0,2023-12-28 12:53:23,False,False,False,True,0.0,7.933915444064827e-05,LOW
6,,,0.0,0.0,0.0,0.0,2023-12-27 12:40:45,False,False,False,True,0.0,3.0139949879913706e-05,LOW
6,,,0.0,0.0,0.0,0.0,2023-12-27 05:02:26,False,False,False,True,0.0,7.283614524450449e-05,LOW
6,,,0.0,0.0,0.0,0.0,2023-12-27 05:22:29,False,False,False,True,0.0,7.283614524450449e-05,LOW
6,0.0,0.0,,,0.0,0.0,2022-12-16 16:12:55,False,False,False,True,0.0,0.00034918608861561113,LOW
6,,,0.0,0.0,0.0,0.0,2023-12-28 20:08:42,False,False,False,True,0.0,3.753451253192207e-05,LOW
6,0.0,0.0,1.0,0.0,1.0,0.0,2023-12-31 00:36:33,False,False,True,False,1.0,0.644192688874453,MEDIUM
6,,,0.0,0.0,0.0,0.0,2023-12-28 07:16:02,False,False,False,True,0.0,4.75608520346653e-05,LOW
6,0.0,0.0,1.0,0.0,1.0,0.0,2023-12-31 00:36:32,False,False,True,False,1.0,0.5874199173667543,MEDIUM
6,,,0.0,0.0,0.0,0.0,2023-12-28 04:01:39,False,False,False,True,0.0,0.00011777218696409897,LOW
6,,,0.0,0.0,0.0,0.0,2023-12-28 22:06:15,False,False,False,True,0.0,0.00024308960746473158,LOW
6,,,0.0,0.0,0.0,0.0,2023-12-27 18:24:08,False,False,False,True,0.0,0.0001255491057032504,LOW
6,,,0.0,0.0,0.0,0.0,2023-12-28 02:09:45,False,False,False,True,0.0,7.283614524450449e-05,LOW
6,,,0.0,0.0,0.0,0.0,2023-12-27 17:24:39,False,False,False,True,0.0,3.0139949879913706e-05,LOW
6,,,0.0,0.0,0.0,0.0,2023-12-28 08:32:33,False,False,False,True,0.0,3.0139949879913706e-05,LOW
6,,,0.0,0.0,0.0,0.0,2023-12-28 07:36:34,False,False,False,True,0.0,3.0139949879913706e-05,LOW
6,,,0.0,0.0,0.0,0.0,2023-12-27 17:05:34,False,False,False,True,0.0,7.546887465885332e-05,LOW
6,0.0,0.0,,,0.0,0.0,2022-12-18 23:35:27,False,False,False,True,0.0,0.0003279710637825076,LOW
6,0.0,0.0,,,0.0,0.0,2022-12-20 22:10:36,False,False,False,True,0.0,0.0008450197277925378,LOW
6,,,0.0,0.0,0.0,0.0,2023-12-28 19:20:51,False,False,False,True,0.0,3.753451253192207e-05,LOW
6,,,0.0,0.0,0.0,0.0,2023-12-27 23:32:00,False,False,False,True,0.0,8.640697866422332e-05,LOW
6,,,0.0,0.0,0.0,0.0,2023-12-28 09:29:21,False,False,False,True,0.0,0.002270540925229975,LOW
6,,,0.0,0.0,0.0,0.0,2023-12-27 10:22:46,False,False,False,True,0.0,8.036744896549965e-05,LOW
6,,,0.0,0.0,0.0,0.0,2023-12-28 02:13:56,False,False,False,True,0.0,7.283614524450449e-05,LOW
6,,,0.0,0.0,0.0,0.0,2023-12-27 16:37:46,False,False,False,True,0.0,0.00013587151750896515,LOW
6,,,0.0,0.0,0.0,0.0,2023-12-28 12:32:25,False,False,False,True,0.0,7.831442974410716e-05,LOW
6,,,0.0,0.0,0.0,0.0,2023-12-28 19:52:01,False,False,False,True,0.0,9.450869322331207e-05,LOW
6,,,0.0,0.0,0.0,0.0,2023-12-28 12:21:40,False,False,False,True,0.0,0.0001725579096889057,LOW
6,,,0.0,0.0,0.0,0.0,2023-12-28 12:28:03,False,False,False,True,0.0,0.00015016990231191642,LOW
6,,,0.0,0.0,0.0,0.0,2023-12-28 07:40:33,False,False,False,True,0.0,3.0139949879913706e-05,LOW
6,,,0.0,0.0,0.0,0.0,2023-12-27 13:21:22,False,False,False,True,0.0,3.0139949879913706e-05,LOW
6,,,0.0,0.0,0.0,0.0,2023-12-28 07:54:01,False,False,False,True,0.0,3.0139949879913706e-05,LOW
6,0.0,0.0,,,0.0,0.0,2023-12-28 22:20:31,False,False,False,True,0.0,0.001165329291524211,LOW
6,,,0.0,0.0,0.0,0.0,2023-12-28 08:11:44,False,False,False,True,0.0,3.0139949879913706e-05,LOW
6,,,0.0,0.0,0.0,0.0,2023-12-28 04:31:43,False,False,False,True,0.0,7.283614524450449e-05,LOW
6,0.0,0.0,,,0.0,0.0,2023-12-31 00:36:44,False,False,False,True,0.0,0.0006147611525054554,LOW
6,,,0.0,0.0,0.0,0.0,2023-12-27 05:32:53,False,False,False,True,0.0,7.283614524450449e-05,LOW
6,,,0.0,0.0,0.0,0.0,2023-12-27 16:53:59,False,False,False,True,0.0,7.463300632875488e-05,LOW
6,,,0.0,0.0,0.0,0.0,2023-12-28 07:34:56,False,False,False,True,0.0,0.0003977779642853765,LOW
6,,,0.0,0.0,0.0,0.0,2023-12-27 23:20:38,False,False,False,True,0.0,8.640697866422332e-05,LOW
6,,,0.0,0.0,0.0,0.0,2023-12-28 18:23:31,False,False,False,True,0.0,8.673371709265663e-05,LOW
6,,,0.0,0.0,0.0,0.0,2023-12-27 21:04:44,False,False,False,True,0.0,0.0033943580358999008,LOW
6,,,0.0,0.0,0.0,0.0,2023-12-28 05:36:41,False,False,False,True,0.0,0.00017226044671019494,LOW
6,,,0.0,0.0,0.0,0.0,2023-12-27 04:37:22,False,False,False,True,0.0,7.283614524450449e-05,LOW
6,,,0.0,0.0,0.0,0.0,2023-12-28 09:32:44,False,False,False,True,0.0,0.0005087523957987315,LOW
6,,,0.0,0.0,0.0,0.0,2023-12-28 08:45:43,False,False,False,True,0.0,8.320051832327168e-05,LOW
6,,,0.0,0.0,0.0,0.0,2023-12-27 11:42:43,False,False,False,True,0.0,3.0139949879913706e-05,LOW
6,,,0.0,0.0,0.0,0.0,2023-12-28 07:04:19,False,False,False,True,0.0,3.0139949879913706e-05,LOW
6,,,0.0,0.0,0.0,0.0,2023-12-27 10:47:23,False,False,False,True,0.0,7.933915444064827e-05,LOW
6,,,0.0,0.0,0.0,0.0,2023-12-27 06:54:26,False,False,False,True,0.0,0.00025455161085646594,LOW
6,,,0.0,0.0,0.0,0.0,2023-12-28 13:22:17,False,False,False,True,0.0,0.00015768084111753358,LOW
6,0.0,0.0,,,0.0,0.0,2023-12-31 00:36:49,False,False,False,True,0.0,0.0005596116586794154,LOW
6,,,0.0,0.0,0.0,0.0,2023-12-28 11:04:21,False,False,False,True,0.0,3.0139949879913706e-05,LOW
6,0.0,0.0,,,0.0,0.0,2023-12-31 00:42:02,False,False,False,True,0.0,0.001223253928641931,LOW
6,,,0.0,0.0,0.0,0.0,2023-12-28 06:38:47,False,False,False,True,0.0,0.0002625997200188618,LOW
6,0.0,0.0,,,0.0,0.0,2023-12-25 16:19:59,False,False,False,True,0.0,0.0009326158143409794,LOW
6,,,0.0,0.0,0.0,0.0,2023-12-28 08:51:18,False,False,False,True,0.0,0.0016201209648035058,LOW
6,0.0,0.0,1.0,0.0,1.0,0.0,2023-12-31 00:36:32,False,False,True,False,1.0,0.5779168193991815,MEDIUM
6,,,0.0,0.0,0.0,0.0,2023-12-27 07:26:19,False,False,False,True,0.0,0.00013852464639946608,LOW
6,,,0.0,0.0,0.0,0.0,2023-12-28 05:47:45,False,False,False,True,0.0,7.283614524450449e-05,LOW
6,,,0.0,0.0,0.0,0.0,2023-12-27 12:32:06,False,False,False,True,0.0,3.0139949879913706e-05,LOW
6,,,0.0,0.0,0.0,0.0,2023-12-27 13:20:26,False,False,False,True,0.0,7.933915444064827e-05,LOW
6,,,0.0,0.0,0.0,0.0,2023-12-27 17:47:08,False,False,False,True,0.0,3.0139949879913706e-05,LOW
6,,,0.0,0.0,0.0,0.0,2023-12-28 01:51:36,False,False,False,True,0.0,0.00017226044671019494,LOW
6,0.0,0.0,,,0.0,0.0,2023-12-28 22:05:53,False,False,False,True,0.0,0.0007462690876660806,LOW
6,,,0.0,0.0,0.0,0.0,2023-12-28 17:33:51,False,False,False,True,0.0,3.0139949879913706e-05,LOW
6,,,0.0,0.0,0.0,0.0,2023-12-28 08:31:00,False,False,False,True,0.0,3.0139949879913706e-05,LOW
6,,,0.0,0.0,0.0,0.0,2023-12-27 23:16:34,False,False,False,True,0.0,8.640697866422332e-05,LOW
6,0.0,0.0,,,0.0,0.0,2023-12-31 00:42:03,False,False,False,True,0.0,0.0007103820938169967,LOW
6,,,0.0,0.0,0.0,0.0,2023-12-28 16:35:17,False,False,False,True,0.0,3.0139949879913706e-05,LOW
6,,,0.0,0.0,0.0,0.0,2023-12-27 12:52:46,False,False,False,True,0.0,7.715301072484744e-05,LOW
6,,,0.0,0.0,0.0,0.0,2023-12-27 06:02:59,False,False,False,True,0.0,7.283614524450449e-05,LOW
6,0.0,0.0,1.0,0.0,1.0,0.0,2023-12-31 00:36:32,False,False,True,False,1.0,0.5186646541786426,MEDIUM
6,,,0.0,0.0,0.0,0.0,2023-12-28 21:48:35,False,False,False,True,0.0,8.673371709265663e-05,LOW
6,,,0.0,0.0,0.0,0.0,2023-12-27 08:56:08,False,False,False,True,0.0,3.0139949879913706e-05,LOW
6,0.0,0.0,,,0.0,0.0,2023-12-31 00:42:06,False,False,False,True,0.0,0.0007456169231353962,LOW
6,,,0.0,0.0,0.0,0.0,2023-12-27 16:33:45,False,False,False,True,0.0,9.568164256582048e-05,LOW
6,,,0.0,0.0,0.0,0.0,2023-12-28 17:41:50,False,False,False,True,0.0,3.0139949879913706e-05,LOW
6,,,0.0,0.0,0.0,0.0,2023-12-28 21:21:15,False,False,False,True,0.0,9.143094930537848e-05,LOW
6,0.0,0.0,1.0,0.0,1.0,0.0,2023-12-31 00:36:32,False,False,True,False,1.0,0.5700755967197052,MEDIUM
6,,,0.0,0.0,0.0,0.0,2023-12-27 17:32:34,False,False,False,True,0.0,3.0139949879913706e-05,LOW
6,,,0.0,0.0,0.0,0.0,2023-12-27 04:41:03,False,False,False,True,0.0,7.283614524450449e-05,LOW
6,,,0.0,0.0,0.0,0.0,2023-12-27 20:49:08,False,False,False,True,0.0,3.753451253192207e-05,LOW
6,0.0,0.0,,,0.0,0.0,2022-12-18 23:11:27,False,False,False,True,0.0,0.0002575328640346022,LOW
6,,,0.0,0.0,0.0,0.0,2023-12-27 05:37:45,False,False,False,True,0.0,0.00016136397113316152,LOW
6,,,0.0,0.0,0.0,0.0,2023-12-28 14:52:16,False,False,False,True,0.0,0.0006412666771913599,LOW
6,0.0,0.0,,,0.0,0.0,2023-12-31 00:42:06,False,False,False,True,0.0,0.0006831863644560926,LOW
6,,,0.0,0.0,0.0,0.0,2023-12-28 08:51:17,False,False,False,True,0.0,0.0005313298713103998,LOW
6,0.0,0.0,,,0.0,0.0,2022-12-16 17:36:06,False,False,False,True,0.0,0.0007152923017110812,LOW
6,,,0.0,0.0,0.0,0.0,2023-12-28 06:33:25,False,False,False,True,0.0,0.001794810922582865,LOW
6,,,0.0,0.0,0.0,0.0,2023-12-27 12:02:35,False,False,False,True,0.0,3.0139949879913706e-05,LOW
6,,,0.0,0.0,0.0,0.0,2023-12-27 09:23:05,False,False,False,True,0.0,7.546887465885332e-05,LOW
6,,,0.0,0.0,0.0,0.0,2023-12-27 17:44:32,False,False,False,True,0.0,7.933915444064827e-05,LOW
6,,,0.0,0.0,0.0,0.0,2023-12-27 17:14:28,False,False,False,True,0.0,3.0139949879913706e-05,LOW
6,,,0.0,0.0,0.0,0.0,2023-12-27 11:55:27,False,False,False,True,0.0,3.0139949879913706e-05,LOW
6,,,0.0,0.0,0.0,0.0,2023-12-27 20:25:07,False,False,False,True,0.0,3.753451253192207e-05,LOW
6,,,0.0,0.0,0.0,0.0,2023-12-28 19:44:53,False,False,False,True,0.0,3.753451253192207e-05,LOW
6,,,0.0,0.0,0.0,0.0,2023-12-28 16:59:18,False,False,False,True,0.0,3.0139949879913706e-05,LOW
6,,,0.0,0.0,0.0,0.0,2023-12-27 12:37:23,False,False,False,True,0.0,3.0139949879913706e-05,LOW
6,,,0.0,0.0,0.0,0.0,2023-12-27 17:03:04,False,False,False,True,0.0,0.00014833851148853718,LOW
6,0.0,0.0,1.0,0.0,1.0,0.0,2023-12-31 00:36:32,False,False,True,False,1.0,0.507287124569812,MEDIUM
6,0.0,0.0,,,0.0,0.0,2023-12-31 00:42:02,False,False,False,True,0.0,0.0007103820938169967,LOW
6,,,0.0,0.0,0.0,0.0,2023-12-28 19:40:58,False,False,False,True,0.0,0.00042093497178911975,LOW
6,,,0.0,0.0,0.0,0.0,2023-12-28 03:50:13,False,False,False,True,0.0,7.283614524450449e-05,LOW
6,,,0.0,0.0,0.0,0.0,2023-12-28 07:21:23,False,False,False,True,0.0,0.0003977779642853765,LOW
6,,,0.0,0.0,0.0,0.0,2023-12-28 08:51:06,False,False,False,True,0.0,0.0003568395696197922,LOW
6,,,0.0,0.0,0.0,0.0,2023-12-27 11:55:12,False,False,False,True,0.0,0.00010319258137143763,LOW
6,,,0.0,0.0,0.0,0.0,2023-12-27 14:59:22,False,False,False,True,0.0,3.0139949879913706e-05,LOW
6,,,0.0,0.0,0.0,0.0,2023-12-28 06:15:43,False,False,False,True,0.0,0.0001603481623357919,LOW
6,,,0.0,0.0,0.0,0.0,2023-12-27 08:24:03,False,False,False,True,0.0,7.752189388024579e-05,LOW
6,,,0.0,0.0,0.0,0.0,2023-12-28 17:39:58,False,False,False,True,0.0,3.0139949879913706e-05,LOW
6,,,0.0,0.0,0.0,0.0,2023-12-27 05:51:58,False,False,False,True,0.0,7.283614524450449e-05,LOW
6,,,0.0,0.0,0.0,0.0,2023-12-27 11:54:20,False,False,False,True,0.0,3.0139949879913706e-05,LOW
6,,,0.0,0.0,0.0,0.0,2023-12-28 18:57:26,False,False,False,True,0.0,0.00015756446496392482,LOW
6,,,0.0,0.0,0.0,0.0,2023-12-28 08:40:55,False,False,False,True,0.0,3.0139949879913706e-05,LOW
6,,,0.0,0.0,0.0,0.0,2023-12-27 03:13:11,False,False,False,True,0.0,0.00012145938620810725,LOW
6,,,0.0,0.0,0.0,0.0,2023-12-28 04:17:15,False,False,False,True,0.0,7.283614524450449e-05,LOW
6,,,0.0,0.0,0.0,0.0,2023-12-27 06:30:59,False,False,False,True,0.0,7.283614524450449e-05,LOW
