mean_fit_time,std_fit_time,mean_score_time,std_score_time,param_max_depth,param_max_features,param_min_samples_leaf,param_min_samples_split,param_n_estimators,params,split0_test_score,split1_test_score,split2_test_score,split3_test_score,split4_test_score,mean_test_score,std_test_score,rank_test_score,split0_train_score,split1_train_score,split2_train_score,split3_train_score,split4_train_score,mean_train_score,std_train_score
9.99018383026123,1.1989679212830222,0.2007073402404785,0.08169385019306143,10,sqrt,2,20,100,"{'max_depth': 10, 'max_features': 'sqrt', 'min_samples_leaf': 2, 'min_samples_split': 20, 'n_estimators': 100}",0.4,0.06557377049180328,0.3841059602649007,0.42105263157894735,0.7710843373493976,0.40836333993700985,0.2235578649612223,1,0.7806841046277666,0.8651162790697674,0.7971360381861575,0.6666666666666666,0.7767441860465116,0.7772694549193739,0.06380698731847356
11.763630723953247,0.6142264390794415,0.186478853225708,0.043412683133522804,10,log2,5,5,200,"{'max_depth': 10, 'max_features': 'log2', 'min_samples_leaf': 5, 'min_samples_split': 5, 'n_estimators': 200}",0.4,0.04316546762589928,0.3924050632911392,0.4186046511627907,0.7857142857142857,0.407977893558823,0.23502849864603484,2,0.5705882352941176,0.7126436781609196,0.7455357142857143,0.6643109540636042,0.5632377740303541,0.6512632711669419,0.07359624920133537
11.002177000045776,0.3201920229072903,0.2031764030456543,0.05085044085228651,10,log2,5,20,200,"{'max_depth': 10, 'max_features': 'log2', 'min_samples_leaf': 5, 'min_samples_split': 20, 'n_estimators': 200}",0.4,0.04316546762589928,0.3924050632911392,0.4186046511627907,0.7857142857142857,0.407977893558823,0.23502849864603484,2,0.6024844720496895,0.7112810707456979,0.6788617886178862,0.6643109540636042,0.5566666666666666,0.6427209904287088,0.05567242133406177
10.821646928787231,0.2813100086103837,0.2129270076751709,0.0722195891288602,10,log2,5,10,200,"{'max_depth': 10, 'max_features': 'log2', 'min_samples_leaf': 5, 'min_samples_split': 10, 'n_estimators': 200}",0.4,0.04316546762589928,0.3924050632911392,0.4186046511627907,0.7857142857142857,0.407977893558823,0.23502849864603484,2,0.5705882352941176,0.7126436781609196,0.7455357142857143,0.6643109540636042,0.5632377740303541,0.6512632711669419,0.07359624920133537
7.257860946655273,0.47532287478915725,0.12113480567932129,0.02530378716320503,10,log2,5,5,100,"{'max_depth': 10, 'max_features': 'log2', 'min_samples_leaf': 5, 'min_samples_split': 5, 'n_estimators': 100}",0.4,0.028985507246376812,0.3924050632911392,0.41420118343195267,0.8,0.40711835079389375,0.24399088340246783,5,0.5817091454272864,0.7112810707456979,0.7324561403508771,0.6643109540636042,0.5748709122203098,0.6529256445615551,0.06484506424993423
5.9469092845916744,0.21929971601613804,0.12032341957092285,0.039044117595895295,10,log2,5,10,100,"{'max_depth': 10, 'max_features': 'log2', 'min_samples_leaf': 5, 'min_samples_split': 10, 'n_estimators': 100}",0.4,0.028985507246376812,0.3924050632911392,0.41420118343195267,0.8,0.40711835079389375,0.24399088340246783,5,0.5817091454272864,0.7112810707456979,0.7324561403508771,0.6643109540636042,0.5748709122203098,0.6529256445615551,0.06484506424993423
6.408855819702149,0.14232954858296096,0.10403013229370117,0.00963844468507846,10,log2,2,20,100,"{'max_depth': 10, 'max_features': 'log2', 'min_samples_leaf': 2, 'min_samples_split': 20, 'n_estimators': 100}",0.4,0.014598540145985401,0.3924050632911392,0.4528301886792453,0.775,0.40696675842327396,0.2415637880736517,7,0.5941807044410413,0.75,0.767816091954023,0.6988847583643123,0.5768566493955095,0.6775476408309772,0.07866604355278482
16.609558582305908,0.45255505883104263,0.3345940589904785,0.05222062158548551,10,log2,5,5,300,"{'max_depth': 10, 'max_features': 'log2', 'min_samples_leaf': 5, 'min_samples_split': 5, 'n_estimators': 300}",0.4,0.028985507246376812,0.3924050632911392,0.4161849710982659,0.7857142857142857,0.40465796547001354,0.23943200169516773,8,0.5705882352941176,0.7181467181467182,0.750561797752809,0.6619718309859155,0.5651438240270727,0.6532824812413266,0.07530325445497418
16.162054347991944,0.6065882907782758,0.39522747993469237,0.11366223881176206,10,log2,5,10,300,"{'max_depth': 10, 'max_features': 'log2', 'min_samples_leaf': 5, 'min_samples_split': 10, 'n_estimators': 300}",0.4,0.028985507246376812,0.3924050632911392,0.4161849710982659,0.7857142857142857,0.40465796547001354,0.23943200169516773,8,0.5705882352941176,0.7181467181467182,0.750561797752809,0.6619718309859155,0.5651438240270727,0.6532824812413266,0.07530325445497418
6.3368322372436525,0.11580721638899566,0.12513461112976074,0.05757686483626492,10,log2,10,20,100,"{'max_depth': 10, 'max_features': 'log2', 'min_samples_leaf': 10, 'min_samples_split': 20, 'n_estimators': 100}",0.36363636363636365,0.028985507246376812,0.3875,0.4161849710982659,0.8095238095238095,0.40116613030096315,0.24782865953709474,10,0.5735512630014858,0.7294117647058823,0.7324561403508771,0.6619718309859155,0.5604026845637584,0.6515587367215838,0.07363220520076061
6.605283403396607,0.3647050050610361,0.10428061485290527,0.018877812711192998,10,log2,10,10,100,"{'max_depth': 10, 'max_features': 'log2', 'min_samples_leaf': 10, 'min_samples_split': 10, 'n_estimators': 100}",0.36363636363636365,0.028985507246376812,0.3875,0.4161849710982659,0.8095238095238095,0.40116613030096315,0.24782865953709474,10,0.5735512630014858,0.7294117647058823,0.7324561403508771,0.6619718309859155,0.5604026845637584,0.6515587367215838,0.07363220520076061
5.759893083572388,0.3043254735848777,0.10360298156738282,0.009960264536216713,10,log2,10,5,100,"{'max_depth': 10, 'max_features': 'log2', 'min_samples_leaf': 10, 'min_samples_split': 5, 'n_estimators': 100}",0.36363636363636365,0.028985507246376812,0.3875,0.4161849710982659,0.8095238095238095,0.40116613030096315,0.24782865953709474,10,0.5735512630014858,0.7294117647058823,0.7324561403508771,0.6619718309859155,0.5604026845637584,0.6515587367215838,0.07363220520076061
15.86222414970398,0.6579518686984424,0.35712399482727053,0.048122985749933116,10,log2,5,20,300,"{'max_depth': 10, 'max_features': 'log2', 'min_samples_leaf': 5, 'min_samples_split': 20, 'n_estimators': 300}",0.4,0.028985507246376812,0.3924050632911392,0.38095238095238093,0.7857142857142857,0.3976114474408365,0.239507508431642,13,0.6024844720496895,0.7126436781609196,0.7405764966740577,0.6287625418060201,0.5575959933222037,0.6484126364025781,0.06835640280817938
6.04993257522583,0.37826662001406475,0.11337218284606934,0.02138063101447768,10,log2,5,20,100,"{'max_depth': 10, 'max_features': 'log2', 'min_samples_leaf': 5, 'min_samples_split': 20, 'n_estimators': 100}",0.3333333333333333,0.014598540145985401,0.3924050632911392,0.45569620253164556,0.7654320987654321,0.3922930476135071,0.24057519114604395,14,0.5969230769230769,0.7265625,0.6788617886178862,0.704119850187266,0.5493421052631579,0.6511618641982774,0.06718065097460171
19.046938514709474,1.5136006922172314,0.3253443717956543,0.17745828841113284,10,log2,10,5,300,"{'max_depth': 10, 'max_features': 'log2', 'min_samples_leaf': 10, 'min_samples_split': 5, 'n_estimators': 300}",0.3076923076923077,0.05714285714285714,0.3924050632911392,0.40414507772020725,0.8,0.3922770611693023,0.23910180939480136,15,0.5861027190332326,0.7112810707456979,0.6802443991853361,0.6025641025641025,0.5475409836065573,0.6255466550269853,0.06084593631916863
17.23269991874695,0.6172651120571545,0.3546285152435303,0.13116949077786788,10,log2,10,10,300,"{'max_depth': 10, 'max_features': 'log2', 'min_samples_leaf': 10, 'min_samples_split': 10, 'n_estimators': 300}",0.3076923076923077,0.05714285714285714,0.3924050632911392,0.40414507772020725,0.8,0.3922770611693023,0.23910180939480136,15,0.5861027190332326,0.7112810707456979,0.6802443991853361,0.6025641025641025,0.5475409836065573,0.6255466550269853,0.06084593631916863
15.794050788879394,0.3719210723628133,0.3362581253051758,0.05957751002861523,10,log2,10,20,300,"{'max_depth': 10, 'max_features': 'log2', 'min_samples_leaf': 10, 'min_samples_split': 20, 'n_estimators': 300}",0.3076923076923077,0.05714285714285714,0.3924050632911392,0.40414507772020725,0.8,0.3922770611693023,0.23910180939480136,15,0.5861027190332326,0.7112810707456979,0.6802443991853361,0.6025641025641025,0.5475409836065573,0.6255466550269853,0.06084593631916863
26.001628398895264,0.9349153063139695,0.4460162162780762,0.12406274316284578,10,sqrt,10,20,300,"{'max_depth': 10, 'max_features': 'sqrt', 'min_samples_leaf': 10, 'min_samples_split': 20, 'n_estimators': 300}",0.3333333333333333,0.05714285714285714,0.389937106918239,0.4186046511627907,0.7560975609756098,0.39102310190656603,0.22308985147269716,18,0.7592954990215264,0.7099236641221374,0.734065934065934,0.6619718309859155,0.5493421052631579,0.6829198066917342,0.0741083005411242
13.282416915893554,0.4441052471502613,0.1825796604156494,0.04040670310901328,10,sqrt,10,5,200,"{'max_depth': 10, 'max_features': 'sqrt', 'min_samples_leaf': 10, 'min_samples_split': 5, 'n_estimators': 200}",0.3333333333333333,0.05714285714285714,0.389937106918239,0.4186046511627907,0.7560975609756098,0.39102310190656603,0.22308985147269716,18,0.7592954990215264,0.7085714285714285,0.734065934065934,0.6619718309859155,0.5493421052631579,0.6826493595815925,0.07401166492683203
20.796691513061525,0.6277933447099806,0.387506103515625,0.05048268738835821,10,sqrt,10,5,300,"{'max_depth': 10, 'max_features': 'sqrt', 'min_samples_leaf': 10, 'min_samples_split': 5, 'n_estimators': 300}",0.3333333333333333,0.05714285714285714,0.389937106918239,0.4186046511627907,0.7560975609756098,0.39102310190656603,0.22308985147269716,18,0.7592954990215264,0.7099236641221374,0.734065934065934,0.6619718309859155,0.5493421052631579,0.6829198066917342,0.0741083005411242
13.828018236160279,0.5529224433245046,0.17621212005615233,0.03478071469570805,10,sqrt,10,10,200,"{'max_depth': 10, 'max_features': 'sqrt', 'min_samples_leaf': 10, 'min_samples_split': 10, 'n_estimators': 200}",0.3333333333333333,0.05714285714285714,0.389937106918239,0.4186046511627907,0.7560975609756098,0.39102310190656603,0.22308985147269716,18,0.7592954990215264,0.7085714285714285,0.734065934065934,0.6619718309859155,0.5493421052631579,0.6826493595815925,0.07401166492683203
21.039885997772217,0.6939774187512009,0.31940035820007323,0.09146668037949693,10,sqrt,10,10,300,"{'max_depth': 10, 'max_features': 'sqrt', 'min_samples_leaf': 10, 'min_samples_split': 10, 'n_estimators': 300}",0.3333333333333333,0.05714285714285714,0.389937106918239,0.4186046511627907,0.7560975609756098,0.39102310190656603,0.22308985147269716,18,0.7592954990215264,0.7099236641221374,0.734065934065934,0.6619718309859155,0.5493421052631579,0.6829198066917342,0.0741083005411242
15.314367198944092,0.7912856990398766,0.20169649124145508,0.049142891332029454,10,sqrt,10,20,200,"{'max_depth': 10, 'max_features': 'sqrt', 'min_samples_leaf': 10, 'min_samples_split': 20, 'n_estimators': 200}",0.3333333333333333,0.05714285714285714,0.389937106918239,0.4186046511627907,0.7560975609756098,0.39102310190656603,0.22308985147269716,18,0.7592954990215264,0.7085714285714285,0.734065934065934,0.6619718309859155,0.5493421052631579,0.6826493595815925,0.07401166492683203
17.426632976531984,1.4557818698338059,0.455111026763916,0.47924348434675956,10,log2,2,10,200,"{'max_depth': 10, 'max_features': 'log2', 'min_samples_leaf': 2, 'min_samples_split': 10, 'n_estimators': 200}",0.4,0.014598540145985401,0.2916666666666667,0.4311377245508982,0.7951807228915663,0.3865167308510233,0.25159442174631236,24,0.6024844720496895,0.7351778656126482,0.7990430622009569,0.6643109540636042,0.571917808219178,0.6745868324292154,0.08367305302420544
13.186776971817016,0.2430423713510584,0.19235572814941407,0.019018474887214816,10,log2,10,10,200,"{'max_depth': 10, 'max_features': 'log2', 'min_samples_leaf': 10, 'min_samples_split': 10, 'n_estimators': 200}",0.3076923076923077,0.05714285714285714,0.3875,0.3891891891891892,0.7857142857142857,0.38544772794772797,0.23412027729027954,25,0.5878787878787879,0.7153846153846154,0.734065934065934,0.6308724832214765,0.548440065681445,0.6433283772464518,0.07163658785963256
13.430533266067505,0.06459368751568659,0.2152167320251465,0.02396810756495063,10,log2,10,5,200,"{'max_depth': 10, 'max_features': 'log2', 'min_samples_leaf': 10, 'min_samples_split': 5, 'n_estimators': 200}",0.3076923076923077,0.05714285714285714,0.3875,0.3891891891891892,0.7857142857142857,0.38544772794772797,0.23412027729027954,25,0.5878787878787879,0.7153846153846154,0.734065934065934,0.6308724832214765,0.548440065681445,0.6433283772464518,0.07163658785963256
11.437301540374756,0.39629067819231123,0.21386303901672363,0.04531289936055004,10,log2,10,20,200,"{'max_depth': 10, 'max_features': 'log2', 'min_samples_leaf': 10, 'min_samples_split': 20, 'n_estimators': 200}",0.3076923076923077,0.05714285714285714,0.3875,0.3891891891891892,0.7857142857142857,0.38544772794772797,0.23412027729027954,25,0.5878787878787879,0.7153846153846154,0.734065934065934,0.6308724832214765,0.548440065681445,0.6433283772464518,0.07163658785963256
21.633536100387573,2.2436403164130168,0.334763240814209,0.0843390413403338,10,log2,2,20,300,"{'max_depth': 10, 'max_features': 'log2', 'min_samples_leaf': 2, 'min_samples_split': 20, 'n_estimators': 300}",0.4,0.028985507246376812,0.2463768115942029,0.4090909090909091,0.7951807228915663,0.375926790164611,0.25084046286972844,28,0.6053042121684867,0.7425149700598802,0.835,0.6438356164383562,0.5798611111111112,0.6813031819555668,0.09469926133989272
15.002807426452637,1.593142403320215,0.3609785556793213,0.048645495128697945,10,log2,2,20,200,"{'max_depth': 10, 'max_features': 'log2', 'min_samples_leaf': 2, 'min_samples_split': 20, 'n_estimators': 200}",0.4,0.014598540145985401,0.2589928057553957,0.3829787234042553,0.7654320987654321,0.3644004336142137,0.24327392425704752,29,0.6168521462639109,0.7454909819639278,0.8246913580246914,0.6287625418060201,0.5828970331588132,0.6797388122434727,0.09084737908539035
17.261851644515993,0.46809881171311424,0.24851837158203124,0.0867912936743675,10,log2,2,5,200,"{'max_depth': 10, 'max_features': 'log2', 'min_samples_leaf': 2, 'min_samples_split': 5, 'n_estimators': 200}",0.2222222222222222,0.014598540145985401,0.3924050632911392,0.4311377245508982,0.75,0.362072710042049,0.24350526395347485,30,0.60625,0.7454909819639278,0.7877358490566038,0.6738351254480287,0.5880281690140845,0.680268025096529,0.07724196861347896
57.04605350494385,3.876944631103446,0.1257955551147461,0.016007455973638916,10,,5,10,200,"{'max_depth': 10, 'max_features': None, 'min_samples_leaf': 5, 'min_samples_split': 10, 'n_estimators': 200}",0.2857142857142857,0.12121212121212122,0.3229166666666667,0.37662337662337664,0.6732673267326733,0.3559467553898247,0.18013539502458317,31,0.697841726618705,0.7545638945233266,0.6816326530612244,0.8281938325991189,0.7121535181236673,0.7348771249852085,0.052570968501967776
56.76830801963806,4.1346475599748045,0.16214113235473632,0.041833823927523314,10,,5,5,200,"{'max_depth': 10, 'max_features': None, 'min_samples_leaf': 5, 'min_samples_split': 5, 'n_estimators': 200}",0.2857142857142857,0.12121212121212122,0.3229166666666667,0.37662337662337664,0.6732673267326733,0.3559467553898247,0.18013539502458317,31,0.697841726618705,0.7545638945233266,0.6816326530612244,0.8281938325991189,0.7121535181236673,0.7348771249852085,0.052570968501967776
29.135499429702758,2.1437865712623507,0.19990830421447753,0.15815735411183926,10,,5,5,100,"{'max_depth': 10, 'max_features': None, 'min_samples_leaf': 5, 'min_samples_split': 5, 'n_estimators': 100}",0.2857142857142857,0.125,0.3229166666666667,0.37662337662337664,0.6666666666666666,0.3553841991341991,0.1768235244330874,33,0.696588868940754,0.7717842323651453,0.6830265848670757,0.831858407079646,0.7121535181236673,0.7390823222752576,0.05540743018920756
30.471032905578614,2.3155512205650566,0.1220630168914795,0.03423202300108321,10,,5,10,100,"{'max_depth': 10, 'max_features': None, 'min_samples_leaf': 5, 'min_samples_split': 10, 'n_estimators': 100}",0.2857142857142857,0.125,0.3229166666666667,0.37662337662337664,0.6666666666666666,0.3553841991341991,0.1768235244330874,33,0.696588868940754,0.7717842323651453,0.6830265848670757,0.831858407079646,0.7121535181236673,0.7390823222752576,0.05540743018920756
29.79988036155701,1.912394621023897,0.09303727149963378,0.021800309485828017,10,,2,5,100,"{'max_depth': 10, 'max_features': None, 'min_samples_leaf': 2, 'min_samples_split': 5, 'n_estimators': 100}",0.2857142857142857,0.12698412698412698,0.3229166666666667,0.36477987421383645,0.6732673267326733,0.3547324560623178,0.1784435306395039,35,0.7003610108303249,0.7782426778242678,0.6872427983539094,0.8068669527896996,0.7121535181236673,0.7369733915843738,0.04694228015521139
56.72928867340088,4.0977827424250695,0.1696688175201416,0.04883547449507559,10,,2,5,200,"{'max_depth': 10, 'max_features': None, 'min_samples_leaf': 2, 'min_samples_split': 5, 'n_estimators': 200}",0.2857142857142857,0.12698412698412698,0.3229166666666667,0.36477987421383645,0.6732673267326733,0.3547324560623178,0.1784435306395039,35,0.701627486437613,0.7766179540709812,0.6872427983539094,0.8068669527896996,0.7121535181236673,0.7369017419551741,0.04646561437595228
84.69236216545104,6.76306950203692,0.31441683769226075,0.03283089097537156,10,,2,5,300,"{'max_depth': 10, 'max_features': None, 'min_samples_leaf': 2, 'min_samples_split': 5, 'n_estimators': 300}",0.2857142857142857,0.12698412698412698,0.3229166666666667,0.36477987421383645,0.6732673267326733,0.3547324560623178,0.1784435306395039,35,0.701627486437613,0.7766179540709812,0.6872427983539094,0.8068669527896996,0.7121535181236673,0.7369017419551741,0.04646561437595228
86.38949193954468,6.4979051272068995,0.2694704532623291,0.09490240237281161,10,,5,5,300,"{'max_depth': 10, 'max_features': None, 'min_samples_leaf': 5, 'min_samples_split': 5, 'n_estimators': 300}",0.2857142857142857,0.12121212121212122,0.3229166666666667,0.37662337662337664,0.6666666666666666,0.35462662337662343,0.17781428920488274,38,0.696588868940754,0.7576374745417516,0.6830265848670757,0.8281938325991189,0.7121535181236673,0.7355200558144736,0.052715853406438695
81.61261224746704,6.545445502701008,0.24534173011779786,0.10045123645550998,10,,5,10,300,"{'max_depth': 10, 'max_features': None, 'min_samples_leaf': 5, 'min_samples_split': 10, 'n_estimators': 300}",0.2857142857142857,0.12121212121212122,0.3229166666666667,0.37662337662337664,0.6666666666666666,0.35462662337662343,0.17781428920488274,38,0.696588868940754,0.7576374745417516,0.6830265848670757,0.8281938325991189,0.7121535181236673,0.7355200558144736,0.052715853406438695
55.81904911994934,3.9457409776225325,0.1910109043121338,0.07680147439901064,10,,2,10,200,"{'max_depth': 10, 'max_features': None, 'min_samples_leaf': 2, 'min_samples_split': 10, 'n_estimators': 200}",0.2857142857142857,0.12121212121212122,0.3229166666666667,0.36477987421383645,0.6732673267326733,0.3535780549079167,0.17992567927673445,40,0.6990990990990991,0.7654320987654321,0.6858316221765913,0.7932489451476793,0.7121535181236673,0.7311530566624939,0.04116654753142124
85.78582401275635,6.393520244296362,0.22556915283203124,0.03764599568506991,10,,2,10,300,"{'max_depth': 10, 'max_features': None, 'min_samples_leaf': 2, 'min_samples_split': 10, 'n_estimators': 300}",0.2857142857142857,0.12307692307692308,0.3229166666666667,0.36477987421383645,0.6666666666666666,0.3526308832676757,0.17709989134475465,41,0.6990990990990991,0.768595041322314,0.6858316221765913,0.7899159663865546,0.7121535181236673,0.7311190494216453,0.04073683118767683
57.275753593444826,4.165288849196202,0.13081007003784179,0.015189995535222017,10,,2,20,200,"{'max_depth': 10, 'max_features': None, 'min_samples_leaf': 2, 'min_samples_split': 20, 'n_estimators': 200}",0.2857142857142857,0.12121212121212122,0.3229166666666667,0.36477987421383645,0.6666666666666666,0.3522579228947153,0.17758422501252089,42,0.6916221033868093,0.7654320987654321,0.6747474747474748,0.7673469387755102,0.7121535181236673,0.7222604267597788,0.0379339528647286
79.99515914916992,6.580220224593364,0.25002303123474123,0.08717201709126414,10,,5,20,300,"{'max_depth': 10, 'max_features': None, 'min_samples_leaf': 5, 'min_samples_split': 20, 'n_estimators': 300}",0.2857142857142857,0.12121212121212122,0.3229166666666667,0.36477987421383645,0.6666666666666666,0.3522579228947153,0.17758422501252089,42,0.6903914590747331,0.7560975609756098,0.6761133603238867,0.749003984063745,0.7106382978723405,0.7164489324620631,0.031532709687478885
84.09378900527955,6.466941474336083,0.32611236572265623,0.08922632072679483,10,,2,20,300,"{'max_depth': 10, 'max_features': None, 'min_samples_leaf': 2, 'min_samples_split': 20, 'n_estimators': 300}",0.2857142857142857,0.12121212121212122,0.3229166666666667,0.36477987421383645,0.6666666666666666,0.3522579228947153,0.17758422501252089,42,0.6916221033868093,0.7654320987654321,0.6774847870182555,0.7673469387755102,0.7121535181236673,0.7228078892139349,0.03725802632819638
55.99204473495483,3.6987769914162847,0.12458696365356445,0.016281275671586444,10,,5,20,200,"{'max_depth': 10, 'max_features': None, 'min_samples_leaf': 5, 'min_samples_split': 20, 'n_estimators': 200}",0.2857142857142857,0.12121212121212122,0.3229166666666667,0.3625,0.6666666666666666,0.3518019480519481,0.17755441204306593,45,0.6891651865008881,0.7545638945233266,0.6747474747474748,0.746031746031746,0.7106382978723405,0.7150293199351552,0.031096606041586657
21.855256462097167,0.9421409140892499,0.49476041793823244,0.14964881771822525,10,log2,2,5,300,"{'max_depth': 10, 'max_features': 'log2', 'min_samples_leaf': 2, 'min_samples_split': 5, 'n_estimators': 300}",0.2222222222222222,0.028985507246376812,0.3,0.45569620253164556,0.75,0.35138078640004894,0.242090734818948,46,0.6081504702194357,0.7454909819639278,0.8267326732673267,0.6911764705882353,0.5901060070671378,0.6923313206212127,0.08766691185546713
21.186665058135986,1.1530642173200714,0.45468692779541015,0.15919340846633143,10,sqrt,5,20,200,"{'max_depth': 10, 'max_features': 'sqrt', 'min_samples_leaf': 5, 'min_samples_split': 20, 'n_estimators': 200}",0.4,0.12698412698412698,0.017391304347826087,0.45569620253164556,0.7560975609756098,0.35123383896784166,0.26036279630831644,47,0.7791164658634538,0.8631090487238979,0.8267326732673267,0.704119850187266,0.755656108597285,0.7857468293278458,0.05527590670569879
27.412433004379274,2.0614345969660923,0.09001383781433106,0.017517313233576873,10,,10,5,100,"{'max_depth': 10, 'max_features': None, 'min_samples_leaf': 10, 'min_samples_split': 5, 'n_estimators': 100}",0.26666666666666666,0.12307692307692308,0.3147208121827411,0.36024844720496896,0.6730769230769231,0.3475579544416446,0.1811833653182026,48,0.6855123674911661,0.7931769722814499,0.6613861386138614,0.7230769230769231,0.6844262295081968,0.7095157261943195,0.046271398144859054
27.29325089454651,2.094371347162013,0.08349356651306153,0.016822101861871497,10,,10,10,100,"{'max_depth': 10, 'max_features': None, 'min_samples_leaf': 10, 'min_samples_split': 10, 'n_estimators': 100}",0.26666666666666666,0.12307692307692308,0.3147208121827411,0.36024844720496896,0.6730769230769231,0.3475579544416446,0.1811833653182026,48,0.6855123674911661,0.7931769722814499,0.6613861386138614,0.7230769230769231,0.6844262295081968,0.7095157261943195,0.046271398144859054
27.328564882278442,1.7691914204889096,0.08628597259521484,0.013157245170346998,10,,10,20,100,"{'max_depth': 10, 'max_features': None, 'min_samples_leaf': 10, 'min_samples_split': 20, 'n_estimators': 100}",0.26666666666666666,0.12307692307692308,0.3147208121827411,0.36024844720496896,0.6730769230769231,0.3475579544416446,0.1811833653182026,48,0.6855123674911661,0.7931769722814499,0.6613861386138614,0.7230769230769231,0.6844262295081968,0.7095157261943195,0.046271398144859054
28.050984144210815,2.375840151559037,0.07791781425476074,0.018127322020964412,10,,5,20,100,"{'max_depth': 10, 'max_features': None, 'min_samples_leaf': 5, 'min_samples_split': 20, 'n_estimators': 100}",0.25,0.12121212121212122,0.3229166666666667,0.3625,0.6796116504854369,0.347248087672845,0.18538588158387556,51,0.6903914590747331,0.7607361963190185,0.6747474747474748,0.746031746031746,0.7076271186440678,0.715906798963408,0.03265229838426314
29.273827171325685,2.42488874805652,0.09378948211669921,0.008188688521855026,10,,2,10,100,"{'max_depth': 10, 'max_features': None, 'min_samples_leaf': 2, 'min_samples_split': 10, 'n_estimators': 100}",0.25,0.125,0.3229166666666667,0.36477987421383645,0.6732673267326733,0.3471927735226353,0.18223024642283406,52,0.6990990990990991,0.7733887733887734,0.6830265848670757,0.7932489451476793,0.7121535181236673,0.732183384125259,0.043218151761462285
13.066687440872192,0.48546950152428975,0.15277085304260254,0.018853907672094338,15,sqrt,10,20,200,"{'max_depth': 15, 'max_features': 'sqrt', 'min_samples_leaf': 10, 'min_samples_split': 20, 'n_estimators': 200}",0.3333333333333333,0.15625,0.017391304347826087,0.4444444444444444,0.775,0.34528381642512074,0.2599534288483528,53,0.7854251012145749,0.8340807174887892,0.8477157360406091,0.6988847583643123,0.784037558685446,0.7900287743587462,0.05221624146733131
12.954311800003051,0.4577673293757205,0.17638044357299804,0.0339308580110526,15,sqrt,10,10,200,"{'max_depth': 15, 'max_features': 'sqrt', 'min_samples_leaf': 10, 'min_samples_split': 10, 'n_estimators': 200}",0.3333333333333333,0.15625,0.017391304347826087,0.4444444444444444,0.775,0.34528381642512074,0.2599534288483528,53,0.7854251012145749,0.8340807174887892,0.8477157360406091,0.6988847583643123,0.784037558685446,0.7900287743587462,0.05221624146733131
13.244306993484496,0.5684358616011661,0.12926526069641114,0.01773133090256552,15,sqrt,10,5,200,"{'max_depth': 15, 'max_features': 'sqrt', 'min_samples_leaf': 10, 'min_samples_split': 5, 'n_estimators': 200}",0.3333333333333333,0.15625,0.017391304347826087,0.4444444444444444,0.775,0.34528381642512074,0.2599534288483528,53,0.7854251012145749,0.8340807174887892,0.8477157360406091,0.6988847583643123,0.784037558685446,0.7900287743587462,0.05221624146733131
30.06660556793213,2.2700723956233153,0.11773123741149902,0.036888706759493586,10,,2,20,100,"{'max_depth': 10, 'max_features': None, 'min_samples_leaf': 2, 'min_samples_split': 20, 'n_estimators': 100}",0.25,0.12121212121212122,0.3229166666666667,0.36477987421383645,0.6666666666666666,0.3451150657518582,0.18080614479116178,56,0.6928571428571428,0.7670103092783506,0.6706827309236948,0.7704918032786885,0.7106382978723405,0.7223360568420434,0.039971676869210604
7.322289228439331,0.3099360348566723,0.0918649673461914,0.006816834717609148,10,sqrt,5,20,100,"{'max_depth': 10, 'max_features': 'sqrt', 'min_samples_leaf': 5, 'min_samples_split': 20, 'n_estimators': 100}",0.4,0.019230769230769232,0.10852713178294573,0.42105263157894735,0.7764705882352941,0.3450562241655913,0.2672155925821645,57,0.7791164658634538,0.8551724137931035,0.8087167070217918,0.6738351254480287,0.759090909090909,0.7751863242434573,0.060114282812094244
943.454773235321,0.4771044000683095,0.2590620517730713,0.09255095427308795,,sqrt,10,20,300,"{'max_depth': None, 'max_features': 'sqrt', 'min_samples_leaf': 10, 'min_samples_split': 20, 'n_estimators': 300}",0.3333333333333333,0.15625,0.017391304347826087,0.4585987261146497,0.759493670886076,0.345013406936377,0.25604679414465864,58,0.7854251012145749,0.8611111111111112,0.8477157360406091,0.704119850187266,0.784037558685446,0.7964818714478014,0.05587432963360003
16.484096193313597,0.3632237878304322,0.310451602935791,0.09622557940054063,20,sqrt,10,20,300,"{'max_depth': 20, 'max_features': 'sqrt', 'min_samples_leaf': 10, 'min_samples_split': 20, 'n_estimators': 300}",0.3333333333333333,0.15625,0.017391304347826087,0.4585987261146497,0.759493670886076,0.345013406936377,0.25604679414465864,58,0.7854251012145749,0.8611111111111112,0.8564102564102564,0.704119850187266,0.784037558685446,0.7982207755217309,0.05755186715689314
17.601377630233763,0.5583076347694442,0.2847115993499756,0.06697252291326844,20,sqrt,10,5,300,"{'max_depth': 20, 'max_features': 'sqrt', 'min_samples_leaf': 10, 'min_samples_split': 5, 'n_estimators': 300}",0.3333333333333333,0.15625,0.017391304347826087,0.4585987261146497,0.759493670886076,0.345013406936377,0.25604679414465864,58,0.7854251012145749,0.8611111111111112,0.8564102564102564,0.704119850187266,0.784037558685446,0.7982207755217309,0.05755186715689314
17.30609154701233,0.6441990610173596,0.23913159370422363,0.0654453389636386,,sqrt,10,10,300,"{'max_depth': None, 'max_features': 'sqrt', 'min_samples_leaf': 10, 'min_samples_split': 10, 'n_estimators': 300}",0.3333333333333333,0.15625,0.017391304347826087,0.4585987261146497,0.759493670886076,0.345013406936377,0.25604679414465864,58,0.7854251012145749,0.8611111111111112,0.8477157360406091,0.704119850187266,0.784037558685446,0.7964818714478014,0.05587432963360003
17.654992437362672,0.34119813601150684,0.3695244312286377,0.18716257410762555,20,sqrt,10,10,300,"{'max_depth': 20, 'max_features': 'sqrt', 'min_samples_leaf': 10, 'min_samples_split': 10, 'n_estimators': 300}",0.3333333333333333,0.15625,0.017391304347826087,0.4585987261146497,0.759493670886076,0.345013406936377,0.25604679414465864,58,0.7854251012145749,0.8611111111111112,0.8564102564102564,0.704119850187266,0.784037558685446,0.7982207755217309,0.05755186715689314
18.13146505355835,0.5319181817402997,0.22683496475219728,0.07910208474724034,,sqrt,10,5,300,"{'max_depth': None, 'max_features': 'sqrt', 'min_samples_leaf': 10, 'min_samples_split': 5, 'n_estimators': 300}",0.3333333333333333,0.15625,0.017391304347826087,0.4585987261146497,0.759493670886076,0.345013406936377,0.25604679414465864,58,0.7854251012145749,0.8611111111111112,0.8477157360406091,0.704119850187266,0.784037558685446,0.7964818714478014,0.05587432963360003
52.773288345336915,3.9363635377287616,0.1663820743560791,0.04225388019192702,10,,10,20,200,"{'max_depth': 10, 'max_features': None, 'min_samples_leaf': 10, 'min_samples_split': 20, 'n_estimators': 200}",0.26666666666666666,0.125,0.3147208121827411,0.3558282208588957,0.6601941747572816,0.34448197489311705,0.17602057649253394,64,0.6855123674911661,0.768595041322314,0.6640159045725647,0.7203065134099617,0.688659793814433,0.7054179241220879,0.03634339435905343
53.42269048690796,3.6627251103296876,0.15300374031066893,0.04126388296733506,10,,10,10,200,"{'max_depth': 10, 'max_features': None, 'min_samples_leaf': 10, 'min_samples_split': 10, 'n_estimators': 200}",0.26666666666666666,0.125,0.3147208121827411,0.3558282208588957,0.6601941747572816,0.34448197489311705,0.17602057649253394,64,0.6855123674911661,0.768595041322314,0.6640159045725647,0.7203065134099617,0.688659793814433,0.7054179241220879,0.03634339435905343
52.9686243057251,3.489266069965767,0.1374885082244873,0.014208570419288673,10,,10,5,200,"{'max_depth': 10, 'max_features': None, 'min_samples_leaf': 10, 'min_samples_split': 5, 'n_estimators': 200}",0.26666666666666666,0.125,0.3147208121827411,0.3558282208588957,0.6601941747572816,0.34448197489311705,0.17602057649253394,64,0.6855123674911661,0.768595041322314,0.6640159045725647,0.7203065134099617,0.688659793814433,0.7054179241220879,0.03634339435905343
19.521497583389284,0.7671423784138849,0.19409918785095215,0.0389883177250345,15,sqrt,10,5,300,"{'max_depth': 15, 'max_features': 'sqrt', 'min_samples_leaf': 10, 'min_samples_split': 5, 'n_estimators': 300}",0.3333333333333333,0.15625,0.017391304347826087,0.45569620253164556,0.759493670886076,0.3444329022197762,0.25579178076635295,67,0.7854251012145749,0.859122401847575,0.8564102564102564,0.704119850187266,0.784037558685446,0.7978230336690236,0.05712111667659217
19.653811740875245,0.6592011084233497,0.269380521774292,0.0816887758456839,15,sqrt,10,10,300,"{'max_depth': 15, 'max_features': 'sqrt', 'min_samples_leaf': 10, 'min_samples_split': 10, 'n_estimators': 300}",0.3333333333333333,0.15625,0.017391304347826087,0.45569620253164556,0.759493670886076,0.3444329022197762,0.25579178076635295,67,0.7854251012145749,0.859122401847575,0.8564102564102564,0.704119850187266,0.784037558685446,0.7978230336690236,0.05712111667659217
19.073695278167726,0.7731786778836264,0.30634703636169436,0.11254365615681607,15,sqrt,10,20,300,"{'max_depth': 15, 'max_features': 'sqrt', 'min_samples_leaf': 10, 'min_samples_split': 20, 'n_estimators': 300}",0.3333333333333333,0.15625,0.017391304347826087,0.45569620253164556,0.759493670886076,0.3444329022197762,0.25579178076635295,67,0.7854251012145749,0.859122401847575,0.8564102564102564,0.704119850187266,0.784037558685446,0.7978230336690236,0.05712111667659217
80.42054996490478,6.253224488706859,0.2712378025054932,0.08798371602281732,10,,10,20,300,"{'max_depth': 10, 'max_features': None, 'min_samples_leaf': 10, 'min_samples_split': 20, 'n_estimators': 300}",0.26666666666666666,0.11940298507462686,0.3147208121827411,0.36024844720496896,0.6601941747572816,0.3442466171772571,0.17749591459181333,70,0.6855123674911661,0.7622950819672131,0.6653386454183267,0.7230769230769231,0.688659793814433,0.7049765623536123,0.03414466876448428
79.2064709186554,6.428084342202559,0.24794912338256836,0.07224508432394387,10,,10,10,300,"{'max_depth': 10, 'max_features': None, 'min_samples_leaf': 10, 'min_samples_split': 10, 'n_estimators': 300}",0.26666666666666666,0.11940298507462686,0.3147208121827411,0.36024844720496896,0.6601941747572816,0.3442466171772571,0.17749591459181333,70,0.6855123674911661,0.7622950819672131,0.6653386454183267,0.7230769230769231,0.688659793814433,0.7049765623536123,0.03414466876448428
79.1815246105194,6.315448232562405,0.25474748611450193,0.10223165613087858,10,,10,5,300,"{'max_depth': 10, 'max_features': None, 'min_samples_leaf': 10, 'min_samples_split': 5, 'n_estimators': 300}",0.26666666666666666,0.11940298507462686,0.3147208121827411,0.36024844720496896,0.6601941747572816,0.3442466171772571,0.17749591459181333,70,0.6855123674911661,0.7622950819672131,0.6653386454183267,0.7230769230769231,0.688659793814433,0.7049765623536123,0.03414466876448428
17.756937646865843,1.6591482089673764,0.21711282730102538,0.07147098193740985,10,sqrt,2,20,200,"{'max_depth': 10, 'max_features': 'sqrt', 'min_samples_leaf': 2, 'min_samples_split': 20, 'n_estimators': 200}",0.4,0.0967741935483871,0.017543859649122806,0.42105263157894735,0.7710843373493976,0.341291004425171,0.2680043495563961,73,0.7775551102204409,0.8691588785046729,0.8743455497382199,0.6690391459074733,0.755656108597285,0.7891509585936184,0.07660626845279925
14.431165933609009,0.5861567755213295,0.31212587356567384,0.05360838140440224,20,log2,5,20,300,"{'max_depth': 20, 'max_features': 'log2', 'min_samples_leaf': 5, 'min_samples_split': 20, 'n_estimators': 300}",0.4,0.06557377049180328,0.017543859649122806,0.45751633986928103,0.759493670886076,0.34002552817925663,0.273010162698526,74,0.7918367346938775,0.8752941176470588,0.8859416445623343,0.8245614035087719,0.7971360381861575,0.8349539877196401,0.039049629588138256
15.637395143508911,0.3566236162206247,0.33692231178283694,0.08219546429403685,,log2,5,20,300,"{'max_depth': None, 'max_features': 'log2', 'min_samples_leaf': 5, 'min_samples_split': 20, 'n_estimators': 300}",0.4,0.06557377049180328,0.017543859649122806,0.45751633986928103,0.759493670886076,0.34002552817925663,0.273010162698526,74,0.7918367346938775,0.8752941176470588,0.8859416445623343,0.8209606986899564,0.8009592326139089,0.8349984856414272,0.03856840767674673
10.17584319114685,0.20623988075217098,0.12798476219177246,0.01964114140636127,,log2,5,20,200,"{'max_depth': None, 'max_features': 'log2', 'min_samples_leaf': 5, 'min_samples_split': 20, 'n_estimators': 200}",0.4,0.06557377049180328,0.017543859649122806,0.4563758389261745,0.759493670886076,0.33979742799063534,0.27291236267865243,76,0.7918367346938775,0.8711943793911007,0.8859416445623343,0.8281938325991189,0.7952380952380952,0.8344809372969053,0.03845552646016886
10.275248908996582,0.3751800159825952,0.18163552284240722,0.03675678565582157,20,log2,5,20,200,"{'max_depth': 20, 'max_features': 'log2', 'min_samples_leaf': 5, 'min_samples_split': 20, 'n_estimators': 200}",0.4,0.06557377049180328,0.017543859649122806,0.4563758389261745,0.759493670886076,0.33979742799063534,0.27291236267865243,76,0.7918367346938775,0.8711943793911007,0.8859416445623343,0.8281938325991189,0.7952380952380952,0.8344809372969053,0.03845552646016886
63.18537340164185,99.25497059086848,0.32765908241271974,0.29840339295092233,,sqrt,5,20,200,"{'max_depth': None, 'max_features': 'sqrt', 'min_samples_leaf': 5, 'min_samples_split': 20, 'n_estimators': 200}",0.4,0.0967741935483871,0.017543859649122806,0.4246575342465753,0.759493670886076,0.3396938516660323,0.2645290625841311,78,0.790224032586558,0.8732394366197183,0.8835978835978836,0.8584474885844748,0.7914691943127962,0.8393956071402862,0.04044009153064323
11.773818445205688,0.23575177415895887,0.17254791259765626,0.038129261549312524,20,sqrt,5,20,200,"{'max_depth': 20, 'max_features': 'sqrt', 'min_samples_leaf': 5, 'min_samples_split': 20, 'n_estimators': 200}",0.4,0.0967741935483871,0.017543859649122806,0.4246575342465753,0.759493670886076,0.3396938516660323,0.2645290625841311,78,0.790224032586558,0.8732394366197183,0.8812664907651715,0.8584474885844748,0.7914691943127962,0.8389293285737438,0.039938071030085426
6.053769969940186,0.30065532621611535,0.12045316696166992,0.029666726528221287,15,log2,5,10,100,"{'max_depth': 15, 'max_features': 'log2', 'min_samples_leaf': 5, 'min_samples_split': 10, 'n_estimators': 100}",0.4,0.06557377049180328,0.017543859649122806,0.44871794871794873,0.759493670886076,0.33826584994899017,0.2722745723702406,80,0.7950819672131147,0.8711943793911007,0.8812664907651715,0.7642276422764228,0.7952380952380952,0.821401714976781,0.046280102677048435
15.20373601913452,0.5110251445660366,0.2943211555480957,0.042527582925711745,15,log2,5,20,300,"{'max_depth': 15, 'max_features': 'log2', 'min_samples_leaf': 5, 'min_samples_split': 20, 'n_estimators': 300}",0.4,0.06557377049180328,0.017543859649122806,0.44871794871794873,0.759493670886076,0.33826584994899017,0.2722745723702406,80,0.7918367346938775,0.8711943793911007,0.8835978835978836,0.7014925373134329,0.7990430622009569,0.8094329194394503,0.06539666778747717
6.089436292648315,0.24656480201730055,0.08426222801208497,0.00475505968324935,15,log2,5,5,100,"{'max_depth': 15, 'max_features': 'log2', 'min_samples_leaf': 5, 'min_samples_split': 5, 'n_estimators': 100}",0.4,0.06557377049180328,0.017543859649122806,0.44871794871794873,0.759493670886076,0.33826584994899017,0.2722745723702406,80,0.7950819672131147,0.8711943793911007,0.8812664907651715,0.7642276422764228,0.7952380952380952,0.821401714976781,0.046280102677048435
8.614871215820312,1.4892304193105506,0.12311139106750488,0.034265429255709606,10,sqrt,10,5,100,"{'max_depth': 10, 'max_features': 'sqrt', 'min_samples_leaf': 10, 'min_samples_split': 5, 'n_estimators': 100}",0.3076923076923077,0.014598540145985401,0.2318840579710145,0.37894736842105264,0.7560975609756098,0.337843967041194,0.24217753378229226,83,0.7171903881700554,0.6979362101313321,0.7858823529411765,0.618421052631579,0.548440065681445,0.6735740139111175,0.08223067780494975
7.548374366760254,0.7362720317088507,0.12343497276306152,0.019234182534185924,10,sqrt,10,10,100,"{'max_depth': 10, 'max_features': 'sqrt', 'min_samples_leaf': 10, 'min_samples_split': 10, 'n_estimators': 100}",0.3076923076923077,0.014598540145985401,0.2318840579710145,0.37894736842105264,0.7560975609756098,0.337843967041194,0.24217753378229226,83,0.7171903881700554,0.6979362101313321,0.7858823529411765,0.618421052631579,0.548440065681445,0.6735740139111175,0.08223067780494975
7.762021875381469,0.43722367393207323,0.0958667278289795,0.01706240155591397,10,sqrt,10,20,100,"{'max_depth': 10, 'max_features': 'sqrt', 'min_samples_leaf': 10, 'min_samples_split': 20, 'n_estimators': 100}",0.3076923076923077,0.014598540145985401,0.2318840579710145,0.37894736842105264,0.7560975609756098,0.337843967041194,0.24217753378229226,83,0.7171903881700554,0.6979362101313321,0.7858823529411765,0.618421052631579,0.548440065681445,0.6735740139111175,0.08223067780494975
10.093282747268677,0.17453920207174406,0.20649428367614747,0.0525256497224578,20,log2,5,5,200,"{'max_depth': 20, 'max_features': 'log2', 'min_samples_leaf': 5, 'min_samples_split': 5, 'n_estimators': 200}",0.4,0.06557377049180328,0.017543859649122806,0.4444444444444444,0.759493670886076,0.3374111490942893,0.27193300242368307,86,0.7918367346938775,0.8711943793911007,0.893048128342246,0.8506787330316742,0.7952380952380952,0.8403992141393987,0.040555542034571304
11.02677321434021,0.8694070103345409,0.25463666915893557,0.24114373472897577,,log2,5,5,200,"{'max_depth': None, 'max_features': 'log2', 'min_samples_leaf': 5, 'min_samples_split': 5, 'n_estimators': 200}",0.4,0.06557377049180328,0.017543859649122806,0.4444444444444444,0.759493670886076,0.3374111490942893,0.27193300242368307,86,0.7918367346938775,0.8711943793911007,0.893048128342246,0.8506787330316742,0.7952380952380952,0.8403992141393987,0.040555542034571304
10.036193609237671,0.3615569473675333,0.1896595001220703,0.025313423156912467,20,log2,5,10,200,"{'max_depth': 20, 'max_features': 'log2', 'min_samples_leaf': 5, 'min_samples_split': 10, 'n_estimators': 200}",0.4,0.06557377049180328,0.017543859649122806,0.4444444444444444,0.759493670886076,0.3374111490942893,0.27193300242368307,86,0.7918367346938775,0.8711943793911007,0.893048128342246,0.8506787330316742,0.7952380952380952,0.8403992141393987,0.040555542034571304
197.5404173851013,371.4454330836375,0.47815418243408203,0.20644871130945058,,log2,5,10,200,"{'max_depth': None, 'max_features': 'log2', 'min_samples_leaf': 5, 'min_samples_split': 10, 'n_estimators': 200}",0.4,0.06557377049180328,0.017543859649122806,0.4444444444444444,0.759493670886076,0.3374111490942893,0.27193300242368307,86,0.7918367346938775,0.8711943793911007,0.893048128342246,0.8506787330316742,0.7952380952380952,0.8403992141393987,0.040555542034571304
11.542002630233764,0.5228240499269062,0.16912317276000977,0.03924696282432068,20,sqrt,10,20,200,"{'max_depth': 20, 'max_features': 'sqrt', 'min_samples_leaf': 10, 'min_samples_split': 20, 'n_estimators': 200}",0.3333333333333333,0.12698412698412698,0.017391304347826087,0.44871794871794873,0.759493670886076,0.3371840768538622,0.2597119413052258,90,0.7870182555780934,0.8493150684931506,0.8477157360406091,0.706766917293233,0.784037558685446,0.7949707072181064,0.05234124845456845
11.561688089370728,0.35330986546530857,0.2466714859008789,0.16615705506135206,,sqrt,10,10,200,"{'max_depth': None, 'max_features': 'sqrt', 'min_samples_leaf': 10, 'min_samples_split': 10, 'n_estimators': 200}",0.3333333333333333,0.12698412698412698,0.017391304347826087,0.44871794871794873,0.759493670886076,0.3371840768538622,0.2597119413052258,90,0.7870182555780934,0.8493150684931506,0.8477157360406091,0.706766917293233,0.784037558685446,0.7949707072181064,0.05234124845456845
196.33765077590942,370.29868770082624,0.18036513328552245,0.057654018806655355,,sqrt,10,20,200,"{'max_depth': None, 'max_features': 'sqrt', 'min_samples_leaf': 10, 'min_samples_split': 20, 'n_estimators': 200}",0.3333333333333333,0.12698412698412698,0.017391304347826087,0.44871794871794873,0.759493670886076,0.3371840768538622,0.2597119413052258,90,0.7870182555780934,0.8493150684931506,0.8477157360406091,0.706766917293233,0.784037558685446,0.7949707072181064,0.05234124845456845
12.046998691558837,0.4237020358574217,0.15004181861877441,0.047806286797316425,20,sqrt,10,5,200,"{'max_depth': 20, 'max_features': 'sqrt', 'min_samples_leaf': 10, 'min_samples_split': 5, 'n_estimators': 200}",0.3333333333333333,0.12698412698412698,0.017391304347826087,0.44871794871794873,0.759493670886076,0.3371840768538622,0.2597119413052258,90,0.7870182555780934,0.8493150684931506,0.8477157360406091,0.706766917293233,0.784037558685446,0.7949707072181064,0.05234124845456845
11.722926759719849,0.32287037194518464,0.14160528182983398,0.016104668107797874,20,sqrt,10,10,200,"{'max_depth': 20, 'max_features': 'sqrt', 'min_samples_leaf': 10, 'min_samples_split': 10, 'n_estimators': 200}",0.3333333333333333,0.12698412698412698,0.017391304347826087,0.44871794871794873,0.759493670886076,0.3371840768538622,0.2597119413052258,90,0.7870182555780934,0.8493150684931506,0.8477157360406091,0.706766917293233,0.784037558685446,0.7949707072181064,0.05234124845456845
11.782666397094726,0.45863007596253097,0.16489415168762206,0.04652117778629172,,sqrt,10,5,200,"{'max_depth': None, 'max_features': 'sqrt', 'min_samples_leaf': 10, 'min_samples_split': 5, 'n_estimators': 200}",0.3333333333333333,0.12698412698412698,0.017391304347826087,0.44871794871794873,0.759493670886076,0.3371840768538622,0.2597119413052258,90,0.7870182555780934,0.8493150684931506,0.8477157360406091,0.706766917293233,0.784037558685446,0.7949707072181064,0.05234124845456845
5.455998039245605,0.13630190684972518,0.09258298873901367,0.015495563505989077,20,log2,5,20,100,"{'max_depth': 20, 'max_features': 'log2', 'min_samples_leaf': 5, 'min_samples_split': 20, 'n_estimators': 100}",0.4,0.06557377049180328,0.017543859649122806,0.45161290322580644,0.75,0.3369461066733465,0.2695917382770883,96,0.7918367346938775,0.8711943793911007,0.8859416445623343,0.8430493273542601,0.7933491686460807,0.8370742509295305,0.03884899628264345
11.479487943649293,0.37577822118122567,0.18735499382019044,0.06379441491847143,15,sqrt,5,20,200,"{'max_depth': 15, 'max_features': 'sqrt', 'min_samples_leaf': 5, 'min_samples_split': 20, 'n_estimators': 200}",0.4,0.0967741935483871,0.017543859649122806,0.4246575342465753,0.7435897435897436,0.3365130662067658,0.25951013123698086,97,0.790224032586558,0.8732394366197183,0.8859416445623343,0.749003984063745,0.7914691943127962,0.8179756584290304,0.05273195936541474
5.519998931884766,0.1880838258393395,0.0925638198852539,0.017112194745542555,15,log2,5,20,100,"{'max_depth': 15, 'max_features': 'log2', 'min_samples_leaf': 5, 'min_samples_split': 20, 'n_estimators': 100}",0.4,0.06557377049180328,0.017543859649122806,0.44871794871794873,0.75,0.33636711577177497,0.26934784982487986,98,0.7918367346938775,0.8711943793911007,0.8789473684210526,0.7966101694915254,0.789598108747045,0.8256373521489202,0.04050009062811415
17.159804344177246,0.5205819126346494,0.3080109119415283,0.08283314774091342,15,sqrt,2,20,300,"{'max_depth': 15, 'max_features': 'sqrt', 'min_samples_leaf': 2, 'min_samples_split': 20, 'n_estimators': 300}",0.4,0.06557377049180328,0.017543859649122806,0.4533333333333333,0.7435897435897436,0.3360081414128006,0.2677824373600511,99,0.8134171907756813,0.8836104513064132,0.9002695417789758,0.8623853211009175,0.7971360381861575,0.8513637086296291,0.039833873348514494
11.14113450050354,0.42949486359354266,0.21099014282226564,0.03865277672672951,20,sqrt,5,10,200,"{'max_depth': 20, 'max_features': 'sqrt', 'min_samples_leaf': 5, 'min_samples_split': 10, 'n_estimators': 200}",0.4,0.0967741935483871,0.017543859649122806,0.4217687074829932,0.7435897435897436,0.3359353008540494,0.25931638942903745,100,0.790224032586558,0.8732394366197183,0.8812664907651715,0.8584474885844748,0.8106796116504854,0.8427714120412816,0.03590827682677119
11.62458848953247,0.3755509457168226,0.17064809799194336,0.021594027854706772,20,sqrt,5,5,200,"{'max_depth': 20, 'max_features': 'sqrt', 'min_samples_leaf': 5, 'min_samples_split': 5, 'n_estimators': 200}",0.4,0.0967741935483871,0.017543859649122806,0.4217687074829932,0.7435897435897436,0.3359353008540494,0.25931638942903745,100,0.790224032586558,0.8732394366197183,0.8812664907651715,0.8584474885844748,0.8106796116504854,0.8427714120412816,0.03590827682677119
15.186251974105835,0.47993016510174663,0.3719820976257324,0.0908932373232566,20,log2,10,5,300,"{'max_depth': 20, 'max_features': 'log2', 'min_samples_leaf': 10, 'min_samples_split': 5, 'n_estimators': 300}",0.36363636363636365,0.064,0.017543859649122806,0.4585987261146497,0.775,0.33575578988002724,0.27709681751122306,102,0.7791164658634538,0.8651162790697674,0.8720626631853786,0.7014925373134329,0.7822014051522248,0.7999978701168515,0.06307105419146265
14.433406448364257,0.187090091651247,0.27418179512023927,0.10491329803605064,20,log2,10,10,300,"{'max_depth': 20, 'max_features': 'log2', 'min_samples_leaf': 10, 'min_samples_split': 10, 'n_estimators': 300}",0.36363636363636365,0.064,0.017543859649122806,0.4585987261146497,0.775,0.33575578988002724,0.27709681751122306,102,0.7791164658634538,0.8651162790697674,0.8720626631853786,0.7014925373134329,0.7822014051522248,0.7999978701168515,0.06307105419146265
16.349968814849852,0.7342851072689692,0.2937767505645752,0.09466726639272491,,log2,10,20,300,"{'max_depth': None, 'max_features': 'log2', 'min_samples_leaf': 10, 'min_samples_split': 20, 'n_estimators': 300}",0.36363636363636365,0.064,0.017543859649122806,0.4585987261146497,0.775,0.33575578988002724,0.27709681751122306,102,0.7791164658634538,0.8651162790697674,0.8720626631853786,0.7014925373134329,0.7822014051522248,0.7999978701168515,0.06307105419146265
15.376701402664185,0.49201466127597876,0.41799321174621584,0.13433555065754507,20,log2,10,20,300,"{'max_depth': 20, 'max_features': 'log2', 'min_samples_leaf': 10, 'min_samples_split': 20, 'n_estimators': 300}",0.36363636363636365,0.064,0.017543859649122806,0.4585987261146497,0.775,0.33575578988002724,0.27709681751122306,102,0.7791164658634538,0.8651162790697674,0.8720626631853786,0.7014925373134329,0.7822014051522248,0.7999978701168515,0.06307105419146265
15.643831157684327,0.7451978898843586,0.22679944038391114,0.04992894338232514,,log2,10,5,300,"{'max_depth': None, 'max_features': 'log2', 'min_samples_leaf': 10, 'min_samples_split': 5, 'n_estimators': 300}",0.36363636363636365,0.064,0.017543859649122806,0.4585987261146497,0.775,0.33575578988002724,0.27709681751122306,102,0.7791164658634538,0.8651162790697674,0.8720626631853786,0.7014925373134329,0.7822014051522248,0.7999978701168515,0.06307105419146265
15.10071153640747,0.3004649793835734,0.2668717861175537,0.06456941444607098,,log2,10,10,300,"{'max_depth': None, 'max_features': 'log2', 'min_samples_leaf': 10, 'min_samples_split': 10, 'n_estimators': 300}",0.36363636363636365,0.064,0.017543859649122806,0.4585987261146497,0.775,0.33575578988002724,0.27709681751122306,102,0.7791164658634538,0.8651162790697674,0.8720626631853786,0.7014925373134329,0.7822014051522248,0.7999978701168515,0.06307105419146265
28.181808185577392,3.779353185223088,0.35762805938720704,0.0696031681804715,10,sqrt,5,20,300,"{'max_depth': 10, 'max_features': 'sqrt', 'min_samples_leaf': 5, 'min_samples_split': 20, 'n_estimators': 300}",0.4,0.06557377049180328,0.017543859649122806,0.42105263157894735,0.7710843373493976,0.3350509198138542,0.2739227942002883,108,0.7698412698412699,0.8671328671328671,0.8498727735368957,0.6690391459074733,0.7522522522522522,0.7816276617341517,0.07161919162819644
11.090405988693238,0.37407522426519213,0.17479138374328612,0.03594917794233783,15,sqrt,2,20,200,"{'max_depth': 15, 'max_features': 'sqrt', 'min_samples_leaf': 2, 'min_samples_split': 20, 'n_estimators': 200}",0.4,0.06557377049180328,0.017543859649122806,0.4473684210526316,0.7435897435897436,0.33481515895666025,0.2672698875590053,109,0.8117154811715481,0.8836104513064132,0.8954423592493298,0.8623853211009175,0.7952380952380952,0.8496783416132608,0.03952750916621987
17.880391597747803,0.3669161383650706,0.25652298927307127,0.08419957788211226,15,sqrt,5,20,300,"{'max_depth': 15, 'max_features': 'sqrt', 'min_samples_leaf': 5, 'min_samples_split': 20, 'n_estimators': 300}",0.4,0.06557377049180328,0.017543859649122806,0.4473684210526316,0.7435897435897436,0.33481515895666025,0.2672698875590053,109,0.7886178861788617,0.8732394366197183,0.8859416445623343,0.7401574803149606,0.7933491686460807,0.8162611232643912,0.05510494339411603
5.531644201278686,0.3190219282891496,0.1102060317993164,0.025073904227140523,20,log2,5,5,100,"{'max_depth': 20, 'max_features': 'log2', 'min_samples_leaf': 5, 'min_samples_split': 5, 'n_estimators': 100}",0.4,0.0967741935483871,0.017543859649122806,0.45751633986928103,0.6984126984126984,0.33404941829589785,0.24852744749048558,111,0.7967145790554415,0.8732394366197183,0.8835978835978836,0.8623853211009175,0.7952380952380952,0.8422350631224113,0.0383640885471236
5.749863338470459,0.26566371875662864,0.10713467597961426,0.01574654716158208,20,log2,5,10,100,"{'max_depth': 20, 'max_features': 'log2', 'min_samples_leaf': 5, 'min_samples_split': 10, 'n_estimators': 100}",0.4,0.0967741935483871,0.017543859649122806,0.45751633986928103,0.6984126984126984,0.33404941829589785,0.24852744749048558,111,0.7967145790554415,0.8732394366197183,0.8835978835978836,0.8623853211009175,0.7952380952380952,0.8422350631224113,0.0383640885471236
5.608481073379517,0.2726850539733903,0.09084210395812989,0.02129730404992699,,log2,5,20,100,"{'max_depth': None, 'max_features': 'log2', 'min_samples_leaf': 5, 'min_samples_split': 20, 'n_estimators': 100}",0.4,0.06557377049180328,0.017543859649122806,0.45161290322580644,0.7341772151898734,0.3337815497113212,0.2647744283020712,113,0.7918367346938775,0.8711943793911007,0.8859416445623343,0.8430493273542601,0.7933491686460807,0.8370742509295305,0.03884899628264345
16.4639310836792,0.643207331182722,0.3021117687225342,0.0566626816876022,15,log2,2,20,300,"{'max_depth': 15, 'max_features': 'log2', 'min_samples_leaf': 2, 'min_samples_split': 20, 'n_estimators': 300}",0.4,0.03333333333333333,0.017543859649122806,0.45751633986928103,0.759493670886076,0.3335774407475626,0.2797145654439259,114,0.7967145790554415,0.8836104513064132,0.9002695417789758,0.8506787330316742,0.8048192771084337,0.8472185164561876,0.04122887458793425
14.984917163848877,0.46410131694204,0.3460066318511963,0.10539288691537055,20,log2,5,5,300,"{'max_depth': 20, 'max_features': 'log2', 'min_samples_leaf': 5, 'min_samples_split': 5, 'n_estimators': 300}",0.4,0.03333333333333333,0.017543859649122806,0.45751633986928103,0.759493670886076,0.3335774407475626,0.2797145654439259,114,0.7918367346938775,0.8711943793911007,0.8859416445623343,0.8584474885844748,0.7971360381861575,0.8409112570835889,0.038927885238545
14.60781683921814,0.2939384889468235,0.3339824676513672,0.06499457777952582,20,log2,5,10,300,"{'max_depth': 20, 'max_features': 'log2', 'min_samples_leaf': 5, 'min_samples_split': 10, 'n_estimators': 300}",0.4,0.03333333333333333,0.017543859649122806,0.45751633986928103,0.759493670886076,0.3335774407475626,0.2797145654439259,114,0.7918367346938775,0.8711943793911007,0.8859416445623343,0.8584474885844748,0.7971360381861575,0.8409112570835889,0.038927885238545
945.0480390071868,1.0404492526709468,0.30910506248474123,0.06474476833728386,,log2,5,10,300,"{'max_depth': None, 'max_features': 'log2', 'min_samples_leaf': 5, 'min_samples_split': 10, 'n_estimators': 300}",0.4,0.03333333333333333,0.017543859649122806,0.45751633986928103,0.759493670886076,0.3335774407475626,0.2797145654439259,114,0.7918367346938775,0.8711943793911007,0.8812664907651715,0.8584474885844748,0.7971360381861575,0.8399762263241565,0.037877008652031675
19.56846327781677,0.4557143991308215,0.27576112747192383,0.08384708241874861,,log2,5,5,300,"{'max_depth': None, 'max_features': 'log2', 'min_samples_leaf': 5, 'min_samples_split': 5, 'n_estimators': 300}",0.4,0.03333333333333333,0.017543859649122806,0.45751633986928103,0.759493670886076,0.3335774407475626,0.2797145654439259,114,0.7918367346938775,0.8711943793911007,0.8812664907651715,0.8584474885844748,0.7971360381861575,0.8399762263241565,0.037877008652031675
7.185423278808594,2.0620517288315776,0.08372259140014648,0.01957575240072715,,log2,5,10,100,"{'max_depth': None, 'max_features': 'log2', 'min_samples_leaf': 5, 'min_samples_split': 10, 'n_estimators': 100}",0.4,0.0967741935483871,0.017543859649122806,0.45454545454545453,0.6984126984126984,0.33345524123113257,0.24823493290743967,119,0.7967145790554415,0.8732394366197183,0.8835978835978836,0.8623853211009175,0.7952380952380952,0.8422350631224113,0.0383640885471236
5.7338683128356935,0.18641701091201857,0.09585094451904297,0.017233309488133165,,log2,5,5,100,"{'max_depth': None, 'max_features': 'log2', 'min_samples_leaf': 5, 'min_samples_split': 5, 'n_estimators': 100}",0.4,0.0967741935483871,0.017543859649122806,0.45454545454545453,0.6984126984126984,0.33345524123113257,0.24823493290743967,119,0.7967145790554415,0.8732394366197183,0.8835978835978836,0.8623853211009175,0.7952380952380952,0.8422350631224113,0.0383640885471236
26.97623200416565,2.00986157803181,0.42256736755371094,0.0801609235521135,10,sqrt,2,10,300,"{'max_depth': 10, 'max_features': 'sqrt', 'min_samples_leaf': 2, 'min_samples_split': 10, 'n_estimators': 300}",0.4,0.03333333333333333,0.017543859649122806,0.42105263157894735,0.7951807228915663,0.3334221094905939,0.28815450135461074,121,0.782258064516129,0.8691588785046729,0.8789473684210526,0.6690391459074733,0.7522522522522522,0.7903311419203161,0.0778377445307206
11.715493965148926,0.2459474933554054,0.16797523498535155,0.038884147842222244,15,log2,5,5,200,"{'max_depth': 15, 'max_features': 'log2', 'min_samples_leaf': 5, 'min_samples_split': 5, 'n_estimators': 200}",0.4,0.03333333333333333,0.017543859649122806,0.45454545454545453,0.759493670886076,0.3329832636827973,0.2794536938464774,122,0.790224032586558,0.8711943793911007,0.8835978835978836,0.7430830039525692,0.7914691943127962,0.8159136987681815,0.0532895963206927
16.883205699920655,0.7394261369552347,0.31750941276550293,0.08828202366510002,15,log2,5,5,300,"{'max_depth': 15, 'max_features': 'log2', 'min_samples_leaf': 5, 'min_samples_split': 5, 'n_estimators': 300}",0.4,0.03333333333333333,0.017543859649122806,0.45454545454545453,0.759493670886076,0.3329832636827973,0.2794536938464774,122,0.7886178861788617,0.8691588785046729,0.8789473684210526,0.7611336032388664,0.7971360381861575,0.8189987549059223,0.04660305914048852
10.424716663360595,0.16219038561074628,0.1672957420349121,0.03382435846610381,15,log2,5,10,200,"{'max_depth': 15, 'max_features': 'log2', 'min_samples_leaf': 5, 'min_samples_split': 10, 'n_estimators': 200}",0.4,0.03333333333333333,0.017543859649122806,0.45454545454545453,0.759493670886076,0.3329832636827973,0.2794536938464774,122,0.790224032586558,0.8711943793911007,0.8835978835978836,0.7430830039525692,0.7914691943127962,0.8159136987681815,0.0532895963206927
15.351145553588868,0.35473398411823887,0.3195059776306152,0.07498002088255389,15,log2,5,10,300,"{'max_depth': 15, 'max_features': 'log2', 'min_samples_leaf': 5, 'min_samples_split': 10, 'n_estimators': 300}",0.4,0.03333333333333333,0.017543859649122806,0.45454545454545453,0.759493670886076,0.3329832636827973,0.2794536938464774,122,0.7886178861788617,0.8691588785046729,0.8789473684210526,0.7611336032388664,0.7971360381861575,0.8189987549059223,0.04660305914048852
5.624062156677246,0.33540560710456807,0.08877749443054199,0.010813373809641116,,log2,10,10,100,"{'max_depth': None, 'max_features': 'log2', 'min_samples_leaf': 10, 'min_samples_split': 10, 'n_estimators': 100}",0.36363636363636365,0.05755395683453238,0.034782608695652174,0.43636363636363634,0.7654320987654321,0.3315537328591233,0.26959741277338667,126,0.7211895910780669,0.8671328671328671,0.8542199488491049,0.6886446886446886,0.784037558685446,0.7830449308780347,0.07053387599193292
5.965893173217774,0.21364742804461234,0.11464009284973145,0.028191850502462458,,log2,10,5,100,"{'max_depth': None, 'max_features': 'log2', 'min_samples_leaf': 10, 'min_samples_split': 5, 'n_estimators': 100}",0.36363636363636365,0.05755395683453238,0.034782608695652174,0.43636363636363634,0.7654320987654321,0.3315537328591233,0.26959741277338667,126,0.7211895910780669,0.8671328671328671,0.8542199488491049,0.6886446886446886,0.784037558685446,0.7830449308780347,0.07053387599193292
5.702544450759888,0.40478483543297833,0.10250997543334961,0.019074689193585702,,log2,10,20,100,"{'max_depth': None, 'max_features': 'log2', 'min_samples_leaf': 10, 'min_samples_split': 20, 'n_estimators': 100}",0.36363636363636365,0.05755395683453238,0.034782608695652174,0.43636363636363634,0.7654320987654321,0.3315537328591233,0.26959741277338667,126,0.7211895910780669,0.8671328671328671,0.8542199488491049,0.6886446886446886,0.784037558685446,0.7830449308780347,0.07053387599193292
11.011653280258178,0.11595713088303054,0.21514158248901366,0.11059508035877834,15,log2,5,20,200,"{'max_depth': 15, 'max_features': 'log2', 'min_samples_leaf': 5, 'min_samples_split': 20, 'n_estimators': 200}",0.36363636363636365,0.06557377049180328,0.017543859649122806,0.44871794871794873,0.759493670886076,0.3309931226762629,0.2710111837800463,129,0.7918367346938775,0.8732394366197183,0.8835978835978836,0.7768595041322314,0.7933491686460807,0.8237765455379584,0.04510511198742031
11.410852003097535,0.35433918722855956,0.15274734497070314,0.03600975231513945,,sqrt,5,10,200,"{'max_depth': None, 'max_features': 'sqrt', 'min_samples_leaf': 5, 'min_samples_split': 10, 'n_estimators': 200}",0.4,0.0967741935483871,0.017543859649122806,0.4217687074829932,0.71875,0.3309673521361006,0.25158159541599834,130,0.7918367346938775,0.8732394366197183,0.8812664907651715,0.8584474885844748,0.8126520681265207,0.8434884437579525,0.03508520071307844
11.723394346237182,0.34677963883297036,0.13127222061157226,0.018220713472289762,,sqrt,5,5,200,"{'max_depth': None, 'max_features': 'sqrt', 'min_samples_leaf': 5, 'min_samples_split': 5, 'n_estimators': 200}",0.4,0.0967741935483871,0.017543859649122806,0.4217687074829932,0.71875,0.3309673521361006,0.25158159541599834,130,0.7918367346938775,0.8732394366197183,0.8812664907651715,0.8584474885844748,0.8126520681265207,0.8434884437579525,0.03508520071307844
11.55099630355835,0.2921173896111103,0.18651137351989747,0.04512556847809236,15,sqrt,5,5,200,"{'max_depth': 15, 'max_features': 'sqrt', 'min_samples_leaf': 5, 'min_samples_split': 5, 'n_estimators': 200}",0.4,0.03333333333333333,0.017543859649122806,0.4444444444444444,0.759493670886076,0.3309630616625953,0.2786028203413034,132,0.790224032586558,0.8732394366197183,0.8766404199475065,0.7094339622641509,0.7933491686460807,0.808577404012803,0.061986966429803364
11.217628145217896,0.30643180745554716,0.27351946830749513,0.13459409537685102,15,sqrt,5,10,200,"{'max_depth': 15, 'max_features': 'sqrt', 'min_samples_leaf': 5, 'min_samples_split': 10, 'n_estimators': 200}",0.4,0.03333333333333333,0.017543859649122806,0.4444444444444444,0.759493670886076,0.3309630616625953,0.2786028203413034,132,0.790224032586558,0.8732394366197183,0.8766404199475065,0.7094339622641509,0.7933491686460807,0.808577404012803,0.061986966429803364
21.68689136505127,0.9820952498915514,0.36474294662475587,0.15036036732619473,10,sqrt,2,20,300,"{'max_depth': 10, 'max_features': 'sqrt', 'min_samples_leaf': 2, 'min_samples_split': 20, 'n_estimators': 300}",0.4,0.06557377049180328,0.017543859649122806,0.42105263157894735,0.75,0.33083405234397467,0.2672591154650399,134,0.7744510978043913,0.8691588785046729,0.8652849740932642,0.6690391459074733,0.759090909090909,0.7874050010801421,0.07447006614268488
17.040747928619385,0.35428811256992393,0.18284921646118163,0.0258726700600047,10,sqrt,5,5,200,"{'max_depth': 10, 'max_features': 'sqrt', 'min_samples_leaf': 5, 'min_samples_split': 5, 'n_estimators': 200}",0.4,0.07407407407407407,0.017543859649122806,0.4117647058823529,0.75,0.33067652792110996,0.264994376499539,135,0.7578125,0.8611111111111112,0.8498727735368957,0.6690391459074733,0.7405764966740577,0.7756824054459076,0.07173118934666187
14.132820415496827,0.687859635719667,0.18803939819335938,0.021760642807880655,10,sqrt,5,10,200,"{'max_depth': 10, 'max_features': 'sqrt', 'min_samples_leaf': 5, 'min_samples_split': 10, 'n_estimators': 200}",0.4,0.07407407407407407,0.017543859649122806,0.4117647058823529,0.75,0.33067652792110996,0.264994376499539,135,0.7578125,0.8611111111111112,0.8498727735368957,0.6690391459074733,0.7405764966740577,0.7756824054459076,0.07173118934666187
5.2955976009368895,0.3232021562376888,0.09238295555114746,0.01093258047392879,20,log2,10,5,100,"{'max_depth': 20, 'max_features': 'log2', 'min_samples_leaf': 10, 'min_samples_split': 5, 'n_estimators': 100}",0.36363636363636365,0.05755395683453238,0.034782608695652174,0.4311377245508982,0.7654320987654321,0.33050855049657574,0.2691988924079393,137,0.7211895910780669,0.8671328671328671,0.8542199488491049,0.6886446886446886,0.784037558685446,0.7830449308780347,0.07053387599193292
5.431176376342774,0.18391922201024224,0.09603886604309082,0.012619744554953873,20,log2,10,10,100,"{'max_depth': 20, 'max_features': 'log2', 'min_samples_leaf': 10, 'min_samples_split': 10, 'n_estimators': 100}",0.36363636363636365,0.05755395683453238,0.034782608695652174,0.4311377245508982,0.7654320987654321,0.33050855049657574,0.2691988924079393,137,0.7211895910780669,0.8671328671328671,0.8542199488491049,0.6886446886446886,0.784037558685446,0.7830449308780347,0.07053387599193292
5.377592134475708,0.26473598223241396,0.09440159797668457,0.011265533872248611,20,log2,10,20,100,"{'max_depth': 20, 'max_features': 'log2', 'min_samples_leaf': 10, 'min_samples_split': 20, 'n_estimators': 100}",0.36363636363636365,0.05755395683453238,0.034782608695652174,0.4311377245508982,0.7654320987654321,0.33050855049657574,0.2691988924079393,137,0.7211895910780669,0.8671328671328671,0.8542199488491049,0.6886446886446886,0.784037558685446,0.7830449308780347,0.07053387599193292
18.091102170944215,0.7851895226069668,0.25598535537719724,0.042205896480211044,20,sqrt,5,20,300,"{'max_depth': 20, 'max_features': 'sqrt', 'min_samples_leaf': 5, 'min_samples_split': 20, 'n_estimators': 300}",0.4,0.06557377049180328,0.017543859649122806,0.4246575342465753,0.7435897435897436,0.330272981595449,0.265505639372275,140,0.7886178861788617,0.8732394366197183,0.8859416445623343,0.8545454545454545,0.7933491686460807,0.83913871811049,0.04059501879318752
268.2600801944733,0.5109761046147301,0.26286840438842773,0.0903545763320387,,sqrt,5,20,300,"{'max_depth': None, 'max_features': 'sqrt', 'min_samples_leaf': 5, 'min_samples_split': 20, 'n_estimators': 300}",0.4,0.06557377049180328,0.017543859649122806,0.4246575342465753,0.7435897435897436,0.330272981595449,0.265505639372275,140,0.7886178861788617,0.8732394366197183,0.8859416445623343,0.8584474885844748,0.7933491686460807,0.8399191249182941,0.040919906328847996
15.342793369293213,0.26475278982959394,0.30861458778381345,0.0634778603865755,15,log2,10,10,300,"{'max_depth': 15, 'max_features': 'log2', 'min_samples_leaf': 10, 'min_samples_split': 10, 'n_estimators': 300}",0.36363636363636365,0.043478260869565216,0.017543859649122806,0.4444444444444444,0.775,0.32882058571989925,0.27998947386284034,142,0.7791164658634538,0.859122401847575,0.8720626631853786,0.6690391459074733,0.7822014051522248,0.7923084163912211,0.07252081192978041
14.716119861602783,0.2883999586245908,0.28841629028320315,0.046397086485373,15,log2,10,20,300,"{'max_depth': 15, 'max_features': 'log2', 'min_samples_leaf': 10, 'min_samples_split': 20, 'n_estimators': 300}",0.36363636363636365,0.043478260869565216,0.017543859649122806,0.4444444444444444,0.775,0.32882058571989925,0.27998947386284034,142,0.7791164658634538,0.859122401847575,0.8720626631853786,0.6690391459074733,0.7822014051522248,0.7923084163912211,0.07252081192978041
15.097978782653808,0.47001637193799994,0.3192230224609375,0.08652270591795473,15,log2,10,5,300,"{'max_depth': 15, 'max_features': 'log2', 'min_samples_leaf': 10, 'min_samples_split': 5, 'n_estimators': 300}",0.36363636363636365,0.043478260869565216,0.017543859649122806,0.4444444444444444,0.775,0.32882058571989925,0.27998947386284034,142,0.7791164658634538,0.859122401847575,0.8720626631853786,0.6690391459074733,0.7822014051522248,0.7923084163912211,0.07252081192978041
11.300560188293456,0.22050057876162601,0.176467227935791,0.02742917538442516,15,log2,2,20,200,"{'max_depth': 15, 'max_features': 'log2', 'min_samples_leaf': 2, 'min_samples_split': 20, 'n_estimators': 200}",0.4,0.03333333333333333,0.017543859649122806,0.4473684210526316,0.7435897435897436,0.3283670715249663,0.2739921315439817,145,0.7967145790554415,0.8836104513064132,0.8978494623655914,0.8506787330316742,0.8048192771084337,0.8467345005735109,0.04061283180953156
6.063650608062744,0.16168186152911873,0.08965191841125489,0.01810270163552403,15,sqrt,5,5,100,"{'max_depth': 15, 'max_features': 'sqrt', 'min_samples_leaf': 5, 'min_samples_split': 5, 'n_estimators': 100}",0.4,0.03333333333333333,0.017543859649122806,0.4444444444444444,0.7435897435897436,0.32778227620332884,0.27374052170868457,146,0.790224032586558,0.8732394366197183,0.893048128342246,0.7768595041322314,0.7933491686460807,0.8253440540653669,0.04792838308893966
17.044934844970705,0.4609263989215023,0.24888463020324708,0.0836277863655627,15,sqrt,5,5,300,"{'max_depth': 15, 'max_features': 'sqrt', 'min_samples_leaf': 5, 'min_samples_split': 5, 'n_estimators': 300}",0.4,0.03333333333333333,0.017543859649122806,0.4444444444444444,0.7435897435897436,0.32778227620332884,0.27374052170868457,146,0.790224032586558,0.8732394366197183,0.8766404199475065,0.706766917293233,0.7933491686460807,0.8080439950186193,0.0628433776533054
6.029026460647583,0.27226029081067826,0.08822369575500488,0.012190499909024948,15,sqrt,5,10,100,"{'max_depth': 15, 'max_features': 'sqrt', 'min_samples_leaf': 5, 'min_samples_split': 10, 'n_estimators': 100}",0.4,0.03333333333333333,0.017543859649122806,0.4444444444444444,0.7435897435897436,0.32778227620332884,0.27374052170868457,146,0.790224032586558,0.8732394366197183,0.893048128342246,0.7768595041322314,0.7933491686460807,0.8253440540653669,0.04792838308893966
17.055919694900513,0.40664802977912223,0.2924856185913086,0.06398360301829834,15,sqrt,5,10,300,"{'max_depth': 15, 'max_features': 'sqrt', 'min_samples_leaf': 5, 'min_samples_split': 10, 'n_estimators': 300}",0.4,0.03333333333333333,0.017543859649122806,0.4444444444444444,0.7435897435897436,0.32778227620332884,0.27374052170868457,146,0.790224032586558,0.8732394366197183,0.8766404199475065,0.706766917293233,0.7933491686460807,0.8080439950186193,0.0628433776533054
6.595752811431884,0.20863693140631878,0.10487160682678223,0.0272615391520726,20,sqrt,10,5,100,"{'max_depth': 20, 'max_features': 'sqrt', 'min_samples_leaf': 10, 'min_samples_split': 5, 'n_estimators': 100}",0.3076923076923077,0.0967741935483871,0.017391304347826087,0.4585987261146497,0.7560975609756098,0.3273108185357561,0.26483078063978494,150,0.7838383838383839,0.8551724137931035,0.8652849740932642,0.7014925373134329,0.7822014051522248,0.7975979428380818,0.05926041126000744
6.303620624542236,0.36330307066264966,0.07230744361877442,0.011737780888978826,,sqrt,10,20,100,"{'max_depth': None, 'max_features': 'sqrt', 'min_samples_leaf': 10, 'min_samples_split': 20, 'n_estimators': 100}",0.3076923076923077,0.0967741935483871,0.017391304347826087,0.4585987261146497,0.7560975609756098,0.3273108185357561,0.26483078063978494,150,0.7838383838383839,0.8551724137931035,0.8652849740932642,0.7014925373134329,0.7822014051522248,0.7975979428380818,0.05926041126000744
5.969043493270874,0.43687236015069236,0.0960315227508545,0.01948740264935804,20,sqrt,10,10,100,"{'max_depth': 20, 'max_features': 'sqrt', 'min_samples_leaf': 10, 'min_samples_split': 10, 'n_estimators': 100}",0.3076923076923077,0.0967741935483871,0.017391304347826087,0.4585987261146497,0.7560975609756098,0.3273108185357561,0.26483078063978494,150,0.7838383838383839,0.8551724137931035,0.8652849740932642,0.7014925373134329,0.7822014051522248,0.7975979428380818,0.05926041126000744
6.404032897949219,0.3483166786358924,0.09385800361633301,0.022878410780190827,20,sqrt,10,20,100,"{'max_depth': 20, 'max_features': 'sqrt', 'min_samples_leaf': 10, 'min_samples_split': 20, 'n_estimators': 100}",0.3076923076923077,0.0967741935483871,0.017391304347826087,0.4585987261146497,0.7560975609756098,0.3273108185357561,0.26483078063978494,150,0.7838383838383839,0.8551724137931035,0.8652849740932642,0.7014925373134329,0.7822014051522248,0.7975979428380818,0.05926041126000744
6.628503751754761,0.4568208795599082,0.09963774681091309,0.023915506744064233,,sqrt,10,10,100,"{'max_depth': None, 'max_features': 'sqrt', 'min_samples_leaf': 10, 'min_samples_split': 10, 'n_estimators': 100}",0.3076923076923077,0.0967741935483871,0.017391304347826087,0.4585987261146497,0.7560975609756098,0.3273108185357561,0.26483078063978494,150,0.7838383838383839,0.8551724137931035,0.8652849740932642,0.7014925373134329,0.7822014051522248,0.7975979428380818,0.05926041126000744
6.7492882251739506,0.29991932510878183,0.09514660835266113,0.019345325600505656,,sqrt,10,5,100,"{'max_depth': None, 'max_features': 'sqrt', 'min_samples_leaf': 10, 'min_samples_split': 5, 'n_estimators': 100}",0.3076923076923077,0.0967741935483871,0.017391304347826087,0.4585987261146497,0.7560975609756098,0.3273108185357561,0.26483078063978494,150,0.7838383838383839,0.8551724137931035,0.8652849740932642,0.7014925373134329,0.7822014051522248,0.7975979428380818,0.05926041126000744
14.528043842315673,0.5875517223236904,0.18586673736572265,0.04877438532446881,10,sqrt,2,5,200,"{'max_depth': 10, 'max_features': 'sqrt', 'min_samples_leaf': 2, 'min_samples_split': 5, 'n_estimators': 200}",0.4,0.03333333333333333,0.017543859649122806,0.4235294117647059,0.759493670886076,0.32678005512664765,0.2770200984496937,156,0.7637795275590551,0.8691588785046729,0.8697916666666666,0.6811594202898551,0.7952380952380952,0.795825517651669,0.07074514463113717
7.828057956695557,0.3351865708035083,0.12683801651000975,0.02435356109796155,10,sqrt,5,10,100,"{'max_depth': 10, 'max_features': 'sqrt', 'min_samples_leaf': 5, 'min_samples_split': 10, 'n_estimators': 100}",0.4,0.03333333333333333,0.034782608695652174,0.41420118343195267,0.75,0.3264634250921876,0.2696263049928935,157,0.7334593572778828,0.8359550561797753,0.8608247422680413,0.6666666666666666,0.7731481481481481,0.7740107941081028,0.07005951481694883
7.627230405807495,0.3660392953215127,0.15498080253601074,0.12259575111543816,10,sqrt,5,5,100,"{'max_depth': 10, 'max_features': 'sqrt', 'min_samples_leaf': 5, 'min_samples_split': 5, 'n_estimators': 100}",0.4,0.03333333333333333,0.034782608695652174,0.41420118343195267,0.75,0.3264634250921876,0.2696263049928935,157,0.7334593572778828,0.8359550561797753,0.8608247422680413,0.6666666666666666,0.7731481481481481,0.7740107941081028,0.07005951481694883
7.134789943695068,0.261736135529737,0.12613425254821778,0.022915368012269975,10,sqrt,2,5,100,"{'max_depth': 10, 'max_features': 'sqrt', 'min_samples_leaf': 2, 'min_samples_split': 5, 'n_estimators': 100}",0.4,0.03333333333333333,0.017543859649122806,0.4166666666666667,0.759493670886076,0.3254075061070398,0.2765539441756714,159,0.7238805970149254,0.8691588785046729,0.8630490956072352,0.6811594202898551,0.789598108747045,0.7853692200327467,0.07444902492168622
16.999042797088624,0.42244117438809126,0.2990730762481689,0.04448701278772886,20,sqrt,5,10,300,"{'max_depth': 20, 'max_features': 'sqrt', 'min_samples_leaf': 5, 'min_samples_split': 10, 'n_estimators': 300}",0.4,0.06557377049180328,0.017543859649122806,0.43243243243243246,0.7027027027027027,0.32365055305521223,0.2536328846692752,160,0.790224032586558,0.8732394366197183,0.8766404199475065,0.8584474885844748,0.7952380952380952,0.8387578945952706,0.038108401374174206
17.309166193008423,0.46963978426006575,0.2942610263824463,0.06638706264250172,20,sqrt,5,5,300,"{'max_depth': 20, 'max_features': 'sqrt', 'min_samples_leaf': 5, 'min_samples_split': 5, 'n_estimators': 300}",0.4,0.06557377049180328,0.017543859649122806,0.43243243243243246,0.7027027027027027,0.32365055305521223,0.2536328846692752,160,0.790224032586558,0.8732394366197183,0.8766404199475065,0.8584474885844748,0.7952380952380952,0.8387578945952706,0.038108401374174206
22.930061483383177,1.20570530590164,0.3686999797821045,0.09346863372955701,10,sqrt,5,5,300,"{'max_depth': 10, 'max_features': 'sqrt', 'min_samples_leaf': 5, 'min_samples_split': 5, 'n_estimators': 300}",0.4,0.029197080291970802,0.017543859649122806,0.42105263157894735,0.75,0.3235587143040082,0.27477058323561737,162,0.7775551102204409,0.8611111111111112,0.8498727735368957,0.6666666666666666,0.750561797752809,0.7811534918575846,0.07095293340252386
19.86961226463318,0.6845262098619428,0.728041124343872,0.8166126994065797,10,sqrt,5,10,300,"{'max_depth': 10, 'max_features': 'sqrt', 'min_samples_leaf': 5, 'min_samples_split': 10, 'n_estimators': 300}",0.4,0.029197080291970802,0.017543859649122806,0.42105263157894735,0.75,0.3235587143040082,0.27477058323561737,162,0.7775551102204409,0.8611111111111112,0.8498727735368957,0.6666666666666666,0.750561797752809,0.7811534918575846,0.07095293340252386
6.346125841140747,0.14127059243376544,0.09878458976745605,0.02008849015547242,,sqrt,5,10,100,"{'max_depth': None, 'max_features': 'sqrt', 'min_samples_leaf': 5, 'min_samples_split': 10, 'n_estimators': 100}",0.4,0.03333333333333333,0.017543859649122806,0.4217687074829932,0.7435897435897436,0.3232471288110386,0.2719521708254353,164,0.7934560327198364,0.8773584905660378,0.8859416445623343,0.8584474885844748,0.7971360381861575,0.8424679389237681,0.03954695401023232
6.076656246185303,0.12285013097862459,0.08684196472167968,0.007296170640931535,,sqrt,5,5,100,"{'max_depth': None, 'max_features': 'sqrt', 'min_samples_leaf': 5, 'min_samples_split': 5, 'n_estimators': 100}",0.4,0.03333333333333333,0.017543859649122806,0.4217687074829932,0.7435897435897436,0.3232471288110386,0.2719521708254353,164,0.7934560327198364,0.8773584905660378,0.8859416445623343,0.8584474885844748,0.7971360381861575,0.8424679389237681,0.03954695401023232
6.080764722824097,0.15539421375468893,0.09807548522949219,0.02215765607236583,20,sqrt,5,10,100,"{'max_depth': 20, 'max_features': 'sqrt', 'min_samples_leaf': 5, 'min_samples_split': 10, 'n_estimators': 100}",0.4,0.03333333333333333,0.017543859649122806,0.4217687074829932,0.7435897435897436,0.3232471288110386,0.2719521708254353,164,0.7934560327198364,0.8773584905660378,0.893048128342246,0.8584474885844748,0.7971360381861575,0.8438892356797505,0.0411779064906285
6.201917695999145,0.186031394727594,0.11245484352111816,0.02072664356882171,20,sqrt,5,5,100,"{'max_depth': 20, 'max_features': 'sqrt', 'min_samples_leaf': 5, 'min_samples_split': 5, 'n_estimators': 100}",0.4,0.03333333333333333,0.017543859649122806,0.4217687074829932,0.7435897435897436,0.3232471288110386,0.2719521708254353,164,0.7934560327198364,0.8773584905660378,0.893048128342246,0.8584474885844748,0.7971360381861575,0.8438892356797505,0.0411779064906285
7.089140892028809,0.4305098247101565,0.17545661926269532,0.13915637136825584,10,sqrt,2,10,100,"{'max_depth': 10, 'max_features': 'sqrt', 'min_samples_leaf': 2, 'min_samples_split': 10, 'n_estimators': 100}",0.4,0.03333333333333333,0.017543859649122806,0.38271604938271603,0.7804878048780488,0.3228162094486442,0.2814250027012573,168,0.7729083665338645,0.8611111111111112,0.8652849740932642,0.6666666666666666,0.7858823529411765,0.7903706942692166,0.07244876871200365
5.586107635498047,0.36449529146354065,0.09424352645874023,0.005038419011972868,15,log2,10,10,100,"{'max_depth': 15, 'max_features': 'log2', 'min_samples_leaf': 10, 'min_samples_split': 10, 'n_estimators': 100}",0.36363636363636365,0.028985507246376812,0.034782608695652174,0.4186046511627907,0.7654320987654321,0.3222882459013231,0.2742440442458139,169,0.6402640264026402,0.8322147651006712,0.8720626631853786,0.6738351254480287,0.784037558685446,0.760482827764433,0.08956644502593038
5.696785354614258,0.3339019460011503,0.10929694175720214,0.023247198816420993,15,log2,10,20,100,"{'max_depth': 15, 'max_features': 'log2', 'min_samples_leaf': 10, 'min_samples_split': 20, 'n_estimators': 100}",0.36363636363636365,0.028985507246376812,0.034782608695652174,0.4186046511627907,0.7654320987654321,0.3222882459013231,0.2742440442458139,169,0.6402640264026402,0.8322147651006712,0.8720626631853786,0.6738351254480287,0.784037558685446,0.760482827764433,0.08956644502593038
5.4259686946868895,0.2727844108046455,0.09642114639282226,0.011009598768805268,15,log2,10,5,100,"{'max_depth': 15, 'max_features': 'log2', 'min_samples_leaf': 10, 'min_samples_split': 5, 'n_estimators': 100}",0.36363636363636365,0.028985507246376812,0.034782608695652174,0.4186046511627907,0.7654320987654321,0.3222882459013231,0.2742440442458139,169,0.6402640264026402,0.8322147651006712,0.8720626631853786,0.6738351254480287,0.784037558685446,0.760482827764433,0.08956644502593038
13.89313097000122,0.35300530817570164,0.23524737358093262,0.0783551594520977,10,sqrt,2,10,200,"{'max_depth': 10, 'max_features': 'sqrt', 'min_samples_leaf': 2, 'min_samples_split': 10, 'n_estimators': 200}",0.4,0.03333333333333333,0.017543859649122806,0.4117647058823529,0.7435897435897436,0.3212463284909105,0.271255879221185,172,0.7838383838383839,0.8691588785046729,0.8766404199475065,0.6690391459074733,0.7822014051522248,0.7961756466700523,0.07524933112519684
6.908643913269043,0.5300505852178695,0.08439178466796875,0.022976250131153356,15,sqrt,10,10,100,"{'max_depth': 15, 'max_features': 'sqrt', 'min_samples_leaf': 10, 'min_samples_split': 10, 'n_estimators': 100}",0.3076923076923077,0.06557377049180328,0.017391304347826087,0.4585987261146497,0.7560975609756098,0.3210707339244393,0.2704962718596332,173,0.782258064516129,0.851258581235698,0.8477157360406091,0.6988847583643123,0.784037558685446,0.7928309397684389,0.05557179930801757
7.518951082229615,0.7130120661205224,0.09191107749938965,0.01722653029398525,15,sqrt,10,20,100,"{'max_depth': 15, 'max_features': 'sqrt', 'min_samples_leaf': 10, 'min_samples_split': 20, 'n_estimators': 100}",0.3076923076923077,0.06557377049180328,0.017391304347826087,0.4585987261146497,0.7560975609756098,0.3210707339244393,0.2704962718596332,173,0.782258064516129,0.851258581235698,0.8477157360406091,0.6988847583643123,0.784037558685446,0.7928309397684389,0.05557179930801757
6.520084476470947,0.43412117489232377,0.10029950141906738,0.018894227577773835,15,sqrt,10,5,100,"{'max_depth': 15, 'max_features': 'sqrt', 'min_samples_leaf': 10, 'min_samples_split': 5, 'n_estimators': 100}",0.3076923076923077,0.06557377049180328,0.017391304347826087,0.4585987261146497,0.7560975609756098,0.3210707339244393,0.2704962718596332,173,0.782258064516129,0.851258581235698,0.8477157360406091,0.6988847583643123,0.784037558685446,0.7928309397684389,0.05557179930801757
6.081934261322021,0.43599643542190847,0.09995217323303222,0.013438632382411178,15,sqrt,5,20,100,"{'max_depth': 15, 'max_features': 'sqrt', 'min_samples_leaf': 5, 'min_samples_split': 20, 'n_estimators': 100}",0.3333333333333333,0.03333333333333333,0.017543859649122806,0.45454545454545453,0.759493670886076,0.319649930349464,0.27752182823535354,176,0.7886178861788617,0.8732394366197183,0.8906666666666667,0.7430830039525692,0.7914691943127962,0.8174152375461224,0.05569538333946943
6.3108165740966795,0.5006095208910071,0.10437140464782715,0.03364914771087881,15,log2,2,20,100,"{'max_depth': 15, 'max_features': 'log2', 'min_samples_leaf': 2, 'min_samples_split': 20, 'n_estimators': 100}",0.4,0.03333333333333333,0.017543859649122806,0.4473684210526316,0.6984126984126984,0.3193316624895572,0.26056636246453924,177,0.7950819672131147,0.8836104513064132,0.8978494623655914,0.8506787330316742,0.8048192771084337,0.8464079782050454,0.041018213290034876
10.549344635009765,0.34708424796083154,0.1595125675201416,0.020826501835638327,15,log2,10,5,200,"{'max_depth': 15, 'max_features': 'log2', 'min_samples_leaf': 10, 'min_samples_split': 5, 'n_estimators': 200}",0.3076923076923077,0.07142857142857142,0.017543859649122806,0.42105263157894735,0.775,0.31854347406978983,0.2722664056537401,178,0.7106227106227107,0.8671328671328671,0.8630490956072352,0.6690391459074733,0.7822014051522248,0.7784090448845022,0.07950723078060676
10.163091230392457,0.34241793516983393,0.23619556427001953,0.13996782006444086,15,log2,10,20,200,"{'max_depth': 15, 'max_features': 'log2', 'min_samples_leaf': 10, 'min_samples_split': 20, 'n_estimators': 200}",0.3076923076923077,0.07142857142857142,0.017543859649122806,0.42105263157894735,0.775,0.31854347406978983,0.2722664056537401,178,0.7106227106227107,0.8671328671328671,0.8630490956072352,0.6690391459074733,0.7822014051522248,0.7784090448845022,0.07950723078060676
10.385363435745239,0.4001077715085778,0.20733256340026857,0.05838224473901488,15,log2,10,10,200,"{'max_depth': 15, 'max_features': 'log2', 'min_samples_leaf': 10, 'min_samples_split': 10, 'n_estimators': 200}",0.3076923076923077,0.07142857142857142,0.017543859649122806,0.42105263157894735,0.775,0.31854347406978983,0.2722664056537401,178,0.7106227106227107,0.8671328671328671,0.8630490956072352,0.6690391459074733,0.7822014051522248,0.7784090448845022,0.07950723078060676
6.296562194824219,0.40039701681754947,0.09784040451049805,0.026188801790349072,20,sqrt,5,20,100,"{'max_depth': 20, 'max_features': 'sqrt', 'min_samples_leaf': 5, 'min_samples_split': 20, 'n_estimators': 100}",0.3333333333333333,0.03333333333333333,0.017543859649122806,0.4473684210526316,0.759493670886076,0.3182145236508994,0.27683812388935813,181,0.7886178861788617,0.8752941176470588,0.8859416445623343,0.8623853211009175,0.7914691943127962,0.8407416327603936,0.04207142182524513
10.062878894805909,0.21139533757154336,0.18303370475769043,0.021677227808025425,20,log2,10,10,200,"{'max_depth': 20, 'max_features': 'log2', 'min_samples_leaf': 10, 'min_samples_split': 10, 'n_estimators': 200}",0.3076923076923077,0.07142857142857142,0.017543859649122806,0.4311377245508982,0.759493670886076,0.3174592268413952,0.26791526800613047,182,0.7729083665338645,0.8671328671328671,0.8630490956072352,0.6690391459074733,0.7822014051522248,0.7908661760667329,0.0724794708799845
11.425418615341187,0.4141686572935131,0.13828845024108888,0.030544361417086763,,log2,10,5,200,"{'max_depth': None, 'max_features': 'log2', 'min_samples_leaf': 10, 'min_samples_split': 5, 'n_estimators': 200}",0.3076923076923077,0.07142857142857142,0.017543859649122806,0.4311377245508982,0.759493670886076,0.3174592268413952,0.26791526800613047,182,0.7729083665338645,0.8671328671328671,0.8630490956072352,0.6787003610108303,0.7822014051522248,0.7927984190874043,0.06926333152467869
10.336475086212157,0.36312338825319135,0.18690381050109864,0.0377313196917077,20,log2,10,5,200,"{'max_depth': 20, 'max_features': 'log2', 'min_samples_leaf': 10, 'min_samples_split': 5, 'n_estimators': 200}",0.3076923076923077,0.07142857142857142,0.017543859649122806,0.4311377245508982,0.759493670886076,0.3174592268413952,0.26791526800613047,182,0.7729083665338645,0.8671328671328671,0.8630490956072352,0.6690391459074733,0.7822014051522248,0.7908661760667329,0.0724794708799845
10.578307342529296,0.34010468296704227,0.1482534885406494,0.02820631524112857,20,log2,10,20,200,"{'max_depth': 20, 'max_features': 'log2', 'min_samples_leaf': 10, 'min_samples_split': 20, 'n_estimators': 200}",0.3076923076923077,0.07142857142857142,0.017543859649122806,0.4311377245508982,0.759493670886076,0.3174592268413952,0.26791526800613047,182,0.7729083665338645,0.8671328671328671,0.8630490956072352,0.6690391459074733,0.7822014051522248,0.7908661760667329,0.0724794708799845
10.464055252075195,0.2005425112162135,0.19199666976928711,0.06474477963454127,,log2,10,20,200,"{'max_depth': None, 'max_features': 'log2', 'min_samples_leaf': 10, 'min_samples_split': 20, 'n_estimators': 200}",0.3076923076923077,0.07142857142857142,0.017543859649122806,0.4311377245508982,0.759493670886076,0.3174592268413952,0.26791526800613047,182,0.7729083665338645,0.8671328671328671,0.8630490956072352,0.6787003610108303,0.7822014051522248,0.7927984190874043,0.06926333152467869
10.181794929504395,0.24122120510057268,0.1484135627746582,0.018868669628107303,,log2,10,10,200,"{'max_depth': None, 'max_features': 'log2', 'min_samples_leaf': 10, 'min_samples_split': 10, 'n_estimators': 200}",0.3076923076923077,0.07142857142857142,0.017543859649122806,0.4311377245508982,0.759493670886076,0.3174592268413952,0.26791526800613047,182,0.7729083665338645,0.8671328671328671,0.8630490956072352,0.6787003610108303,0.7822014051522248,0.7927984190874043,0.06926333152467869
20.519150686264037,0.4721806885480929,0.2533726692199707,0.0771984203424299,,sqrt,5,10,300,"{'max_depth': None, 'max_features': 'sqrt', 'min_samples_leaf': 5, 'min_samples_split': 10, 'n_estimators': 300}",0.4,0.06557377049180328,0.017543859649122806,0.4217687074829932,0.6774193548387096,0.3164611384925258,0.2452163413926324,188,0.790224032586558,0.8732394366197183,0.8766404199475065,0.8468468468468469,0.7952380952380952,0.836437766247745,0.0371808750187497
17.463845872879027,0.35441406318226537,0.24508233070373536,0.09331905901994493,,sqrt,5,5,300,"{'max_depth': None, 'max_features': 'sqrt', 'min_samples_leaf': 5, 'min_samples_split': 5, 'n_estimators': 300}",0.4,0.06557377049180328,0.017543859649122806,0.4217687074829932,0.6774193548387096,0.3164611384925258,0.2452163413926324,188,0.790224032586558,0.8732394366197183,0.8766404199475065,0.8468468468468469,0.7952380952380952,0.836437766247745,0.0371808750187497
5.92605619430542,0.3757491199574583,0.10392146110534668,0.02831308936715427,20,sqrt,2,10,100,"{'max_depth': 20, 'max_features': 'sqrt', 'min_samples_leaf': 2, 'min_samples_split': 10, 'n_estimators': 100}",0.4,0.06557377049180328,0.017543859649122806,0.4027777777777778,0.6885245901639344,0.3148839996165277,0.24704011408976143,190,0.8960739030023095,0.9185185185185185,0.9277777777777778,0.8952380952380953,0.915068493150685,0.910535357537477,0.01284306143105214
8.090108489990234,2.152408947611666,0.09973082542419434,0.02255114679045694,,sqrt,5,20,100,"{'max_depth': None, 'max_features': 'sqrt', 'min_samples_leaf': 5, 'min_samples_split': 20, 'n_estimators': 100}",0.3076923076923077,0.03333333333333333,0.017543859649122806,0.4473684210526316,0.759493670886076,0.3130863185226943,0.2767480371660037,191,0.7886178861788617,0.8752941176470588,0.8859416445623343,0.8623853211009175,0.7914691943127962,0.8407416327603936,0.04207142182524513
5.476143217086792,0.2683577609262363,0.0921541690826416,0.01843371619530836,,log2,2,20,100,"{'max_depth': None, 'max_features': 'log2', 'min_samples_leaf': 2, 'min_samples_split': 20, 'n_estimators': 100}",0.4,0.03333333333333333,0.017543859649122806,0.41379310344827586,0.6984126984126984,0.3126165989686861,0.2575958998641943,192,0.8719101123595505,0.8815165876777251,0.8906666666666667,0.8623853211009175,0.8859416445623343,0.8784840664734389,0.010154938488590093
5.4199601173400875,0.27413940512552093,0.11009631156921387,0.04337702399616178,20,log2,2,20,100,"{'max_depth': 20, 'max_features': 'log2', 'min_samples_leaf': 2, 'min_samples_split': 20, 'n_estimators': 100}",0.4,0.03333333333333333,0.017543859649122806,0.41379310344827586,0.6984126984126984,0.3126165989686861,0.2575958998641943,192,0.8719101123595505,0.8815165876777251,0.8906666666666667,0.8623853211009175,0.8812664907651715,0.8775490357140063,0.009626721974972245
27.60168824195862,2.015460358722436,0.09118118286132812,0.02411529269059848,15,,2,5,100,"{'max_depth': 15, 'max_features': None, 'min_samples_leaf': 2, 'min_samples_split': 5, 'n_estimators': 100}",0.2857142857142857,0.12698412698412698,0.0,0.4027777777777778,0.746268656716418,0.3123489694385217,0.2565521679072482,194,0.8818181818181818,0.9029126213592233,0.8954423592493298,0.9215686274509803,0.893048128342246,0.8989579836439923,0.013175273689948112
6.506798553466797,0.5041836652211621,0.11384010314941406,0.02597651405656339,15,sqrt,2,20,100,"{'max_depth': 15, 'max_features': 'sqrt', 'min_samples_leaf': 2, 'min_samples_split': 20, 'n_estimators': 100}",0.3076923076923077,0.03333333333333333,0.017543859649122806,0.45751633986928103,0.7435897435897436,0.3119351168267577,0.27269865302422974,195,0.7967145790554415,0.8836104513064132,0.893048128342246,0.8623853211009175,0.7952380952380952,0.8461993150086228,0.04219520407803809
5.9482982635498045,0.20980614632979847,0.11968660354614258,0.03964753225203717,15,sqrt,2,10,100,"{'max_depth': 15, 'max_features': 'sqrt', 'min_samples_leaf': 2, 'min_samples_split': 10, 'n_estimators': 100}",0.4,0.03333333333333333,0.017543859649122806,0.41379310344827586,0.6885245901639344,0.3106389773189333,0.2546475488574374,196,0.8134171907756813,0.8836104513064132,0.9027027027027027,0.8952380952380953,0.7971360381861575,0.85842089564181,0.044118172088853
10.039503526687621,0.2465695272398542,0.16050200462341307,0.023574008592891285,20,log2,2,10,200,"{'max_depth': 20, 'max_features': 'log2', 'min_samples_leaf': 2, 'min_samples_split': 10, 'n_estimators': 200}",0.4,0.03333333333333333,0.017543859649122806,0.41379310344827586,0.6885245901639344,0.3106389773189333,0.2546475488574374,196,0.8919540229885058,0.9073170731707317,0.925207756232687,0.8952380952380953,0.925207756232687,0.9089849407725413,0.014199783012141757
14.40757999420166,0.571527275788363,0.3321312427520752,0.03076486064706755,20,log2,2,20,300,"{'max_depth': 20, 'max_features': 'log2', 'min_samples_leaf': 2, 'min_samples_split': 20, 'n_estimators': 300}",0.4,0.03333333333333333,0.017543859649122806,0.4246575342465753,0.6774193548387096,0.31059081641354824,0.2523159232481383,198,0.8738738738738738,0.8836104513064132,0.9002695417789758,0.8506787330316742,0.8978494623655914,0.8812564124713056,0.018065803307669808
55.08495497703552,4.331536796479277,0.2950292587280273,0.26075031042035723,15,,2,5,200,"{'max_depth': 15, 'max_features': None, 'min_samples_leaf': 2, 'min_samples_split': 5, 'n_estimators': 200}",0.2857142857142857,0.12698412698412698,0.0,0.4027777777777778,0.7272727272727273,0.3085497835497836,0.2501592832698278,199,0.8818181818181818,0.9007263922518159,0.8954423592493298,0.9170731707317074,0.8906666666666667,0.8971453541435404,0.011745105384188671
82.3777229309082,6.1224631542869625,0.2441556453704834,0.06171224218213215,15,,2,5,300,"{'max_depth': 15, 'max_features': None, 'min_samples_leaf': 2, 'min_samples_split': 5, 'n_estimators': 300}",0.2857142857142857,0.12698412698412698,0.0,0.4027777777777778,0.7272727272727273,0.3085497835497836,0.2501592832698278,199,0.8818181818181818,0.9029126213592233,0.8954423592493298,0.912621359223301,0.8906666666666667,0.8966922376633406,0.010502736083199165
11.406494140625,0.34446185031763044,0.19063148498535157,0.06793815922732777,15,sqrt,2,10,200,"{'max_depth': 15, 'max_features': 'sqrt', 'min_samples_leaf': 2, 'min_samples_split': 10, 'n_estimators': 200}",0.4,0.03333333333333333,0.017543859649122806,0.41379310344827586,0.6774193548387096,0.30841793025388836,0.2513692560292474,201,0.8151260504201681,0.8836104513064132,0.9027027027027027,0.8867924528301887,0.8166259168704156,0.8609715148259778,0.03738735880108605
17.482525873184205,0.4352291325525132,0.22315878868103028,0.02807331561499544,,sqrt,2,20,300,"{'max_depth': None, 'max_features': 'sqrt', 'min_samples_leaf': 2, 'min_samples_split': 20, 'n_estimators': 300}",0.4,0.03333333333333333,0.017543859649122806,0.41379310344827586,0.6774193548387096,0.30841793025388836,0.2513692560292474,201,0.8738738738738738,0.8836104513064132,0.8954423592493298,0.8867924528301887,0.8882978723404256,0.8856034019200463,0.007028979649636179
17.65445556640625,0.833648046137409,0.258923864364624,0.05414731679640743,20,sqrt,2,20,300,"{'max_depth': 20, 'max_features': 'sqrt', 'min_samples_leaf': 2, 'min_samples_split': 20, 'n_estimators': 300}",0.4,0.03333333333333333,0.017543859649122806,0.41379310344827586,0.6774193548387096,0.30841793025388836,0.2513692560292474,201,0.8738738738738738,0.8836104513064132,0.8954423592493298,0.8867924528301887,0.8882978723404256,0.8856034019200463,0.007028979649636179
12.271550512313842,0.37190751514084697,0.1648425579071045,0.030772211551666165,20,sqrt,2,20,200,"{'max_depth': 20, 'max_features': 'sqrt', 'min_samples_leaf': 2, 'min_samples_split': 20, 'n_estimators': 200}",0.4,0.03333333333333333,0.017543859649122806,0.41379310344827586,0.6774193548387096,0.30841793025388836,0.2513692560292474,201,0.8738738738738738,0.8836104513064132,0.8906666666666667,0.8867924528301887,0.8720626631853786,0.8814012215725041,0.007261737800413784
15.067881345748901,0.20549851053667723,0.2828659534454346,0.09895191387171876,,log2,2,20,300,"{'max_depth': None, 'max_features': 'log2', 'min_samples_leaf': 2, 'min_samples_split': 20, 'n_estimators': 300}",0.4,0.03333333333333333,0.017543859649122806,0.41379310344827586,0.6774193548387096,0.30841793025388836,0.2513692560292474,201,0.8738738738738738,0.8836104513064132,0.9002695417789758,0.8663594470046083,0.8978494623655914,0.8843925552658923,0.013187982315881253
10.360993719100952,0.3019201366495183,0.13010954856872559,0.01387906496086474,,log2,2,20,200,"{'max_depth': None, 'max_features': 'log2', 'min_samples_leaf': 2, 'min_samples_split': 20, 'n_estimators': 200}",0.4,0.03333333333333333,0.017543859649122806,0.41379310344827586,0.6774193548387096,0.30841793025388836,0.2513692560292474,201,0.8738738738738738,0.8836104513064132,0.9002695417789758,0.8703703703703703,0.8978494623655914,0.8851947399390449,0.012147638142880234
17.355536365509032,0.7054691381151073,0.3553009033203125,0.026374782082171522,15,sqrt,2,10,300,"{'max_depth': 15, 'max_features': 'sqrt', 'min_samples_leaf': 2, 'min_samples_split': 10, 'n_estimators': 300}",0.4,0.03333333333333333,0.017543859649122806,0.41379310344827586,0.6774193548387096,0.30841793025388836,0.2513692560292474,201,0.8134171907756813,0.8836104513064132,0.9027027027027027,0.8826291079812206,0.8246913580246914,0.8614101621581419,0.03549582027180717
10.045764684677124,0.23698129231819853,0.172859525680542,0.021248194739453847,20,log2,2,20,200,"{'max_depth': 20, 'max_features': 'log2', 'min_samples_leaf': 2, 'min_samples_split': 20, 'n_estimators': 200}",0.4,0.03333333333333333,0.017543859649122806,0.41379310344827586,0.6774193548387096,0.30841793025388836,0.2513692560292474,201,0.8738738738738738,0.8836104513064132,0.9002695417789758,0.8826291079812206,0.893048128342246,0.8866862206565458,0.009111061766351578
11.667088747024536,0.4595593209400667,0.13325748443603516,0.020164654794017346,,sqrt,2,20,200,"{'max_depth': None, 'max_features': 'sqrt', 'min_samples_leaf': 2, 'min_samples_split': 20, 'n_estimators': 200}",0.4,0.03333333333333333,0.017543859649122806,0.41379310344827586,0.6774193548387096,0.30841793025388836,0.2513692560292474,201,0.8738738738738738,0.8836104513064132,0.8906666666666667,0.8867924528301887,0.8766404199475065,0.8823167729249297,0.006243870071966221
57.71063332557678,4.463397448321651,0.15190024375915528,0.037138146308743854,,,2,5,200,"{'max_depth': None, 'max_features': None, 'min_samples_leaf': 2, 'min_samples_split': 5, 'n_estimators': 200}",0.2857142857142857,0.13333333333333333,0.0,0.4027777777777778,0.71875,0.30811507936507937,0.24640106369488807,210,0.9394673123486683,0.9370277078085643,0.9355742296918768,0.94,0.9461756373937678,0.9396489774485755,0.0036394541592572886
30.46547031402588,1.9273805859909021,0.10032320022583008,0.029876744428645644,,,2,5,100,"{'max_depth': None, 'max_features': None, 'min_samples_leaf': 2, 'min_samples_split': 5, 'n_estimators': 100}",0.2857142857142857,0.13333333333333333,0.0,0.4027777777777778,0.71875,0.30811507936507937,0.24640106369488807,210,0.9371980676328503,0.9367088607594937,0.9355742296918768,0.94,0.9488636363636364,0.9396689588895715,0.004822571384926401
52.55907826423645,3.8403321039559115,0.15360159873962403,0.017951445815699102,20,,2,5,200,"{'max_depth': 20, 'max_features': None, 'min_samples_leaf': 2, 'min_samples_split': 5, 'n_estimators': 200}",0.2857142857142857,0.13333333333333333,0.0,0.4027777777777778,0.71875,0.30811507936507937,0.24640106369488807,210,0.9371980676328503,0.9253731343283582,0.9329608938547486,0.9353233830845771,0.9461756373937678,0.9354062232588604,0.006720719588648172
79.44107584953308,6.685156047336764,0.19833803176879883,0.053485918337285415,20,,2,5,300,"{'max_depth': 20, 'max_features': None, 'min_samples_leaf': 2, 'min_samples_split': 5, 'n_estimators': 300}",0.2857142857142857,0.13333333333333333,0.0,0.4027777777777778,0.71875,0.30811507936507937,0.24640106369488807,210,0.9371980676328503,0.9276807980049875,0.9329608938547486,0.9306930693069307,0.9461756373937678,0.934941693238657,0.0064185309502061616
93.45088419914245,13.986724282995645,0.664292573928833,0.9677819196968944,,,2,5,300,"{'max_depth': None, 'max_features': None, 'min_samples_leaf': 2, 'min_samples_split': 5, 'n_estimators': 300}",0.2857142857142857,0.13333333333333333,0.0,0.4027777777777778,0.71875,0.30811507936507937,0.24640106369488807,210,0.9394673123486683,0.9370277078085643,0.9355742296918768,0.94,0.9461756373937678,0.9396489774485755,0.0036394541592572886
27.463574981689455,1.8245791452431013,0.09413862228393555,0.011198755266494656,20,,2,5,100,"{'max_depth': 20, 'max_features': None, 'min_samples_leaf': 2, 'min_samples_split': 5, 'n_estimators': 100}",0.2857142857142857,0.13333333333333333,0.0,0.4027777777777778,0.71875,0.30811507936507937,0.24640106369488807,210,0.9371980676328503,0.9343434343434344,0.9329608938547486,0.9353233830845771,0.9488636363636364,0.9377378830558494,0.005731413531696421
6.134640455245972,0.26774405632048753,0.1049713134765625,0.03423626763726592,,sqrt,2,10,100,"{'max_depth': None, 'max_features': 'sqrt', 'min_samples_leaf': 2, 'min_samples_split': 10, 'n_estimators': 100}",0.4,0.06557377049180328,0.017543859649122806,0.36879432624113473,0.6885245901639344,0.30808730930919903,0.24498739638155093,216,0.8960739030023095,0.9276807980049875,0.9408450704225352,0.9082125603864735,0.9277777777777778,0.9201180219188168,0.01590809636878774
52.43251085281372,3.6208895609997436,0.16320877075195311,0.02116153992834257,15,,2,10,200,"{'max_depth': 15, 'max_features': None, 'min_samples_leaf': 2, 'min_samples_split': 10, 'n_estimators': 200}",0.2857142857142857,0.12121212121212122,0.0,0.4027777777777778,0.7272727272727273,0.3073953823953824,0.2510063680093656,217,0.8699551569506726,0.8857142857142857,0.8789473684210526,0.8785046728971962,0.8812664907651715,0.8788775949496757,0.0051420035563734205
57.15522651672363,4.063289854318034,0.14197850227355957,0.018371081199984797,20,,2,10,200,"{'max_depth': 20, 'max_features': None, 'min_samples_leaf': 2, 'min_samples_split': 10, 'n_estimators': 200}",0.2857142857142857,0.12121212121212122,0.0,0.4027777777777778,0.71875,0.305690836940837,0.24816208139585896,218,0.9150943396226415,0.8963855421686747,0.9201101928374655,0.8785046728971962,0.925207756232687,0.907060500751733,0.017283228617565143
155.2992039203644,13.805090218293804,0.41906304359436036,0.21739573164533577,,,2,10,200,"{'max_depth': None, 'max_features': None, 'min_samples_leaf': 2, 'min_samples_split': 10, 'n_estimators': 200}",0.2857142857142857,0.12121212121212122,0.0,0.4027777777777778,0.71875,0.305690836940837,0.24816208139585896,218,0.9150943396226415,0.8985507246376812,0.9201101928374655,0.8867924528301887,0.925207756232687,0.9091510932321327,0.014321432075689566
78.5280306816101,6.160350111840327,0.26389145851135254,0.08942299849470296,15,,2,10,300,"{'max_depth': 15, 'max_features': None, 'min_samples_leaf': 2, 'min_samples_split': 10, 'n_estimators': 300}",0.2857142857142857,0.12307692307692308,0.0,0.4027777777777778,0.7164179104477612,0.3055973794033496,0.24710983438393333,220,0.8719101123595505,0.8920863309352518,0.8835978835978836,0.8744186046511628,0.8812664907651715,0.880655884461804,0.007142485486965274
53.40501704216003,3.4841728950400968,0.15806961059570312,0.02637246879244304,15,,5,10,200,"{'max_depth': 15, 'max_features': None, 'min_samples_leaf': 5, 'min_samples_split': 10, 'n_estimators': 200}",0.2857142857142857,0.12121212121212122,0.0,0.3918918918918919,0.7272727272727273,0.3052182052182052,0.2502155639332499,221,0.8778280542986425,0.8794326241134752,0.8859416445623343,0.8468468468468469,0.907608695652174,0.8795315730946947,0.019496753188231613
53.07138133049011,4.180745259366226,0.14902877807617188,0.020365369751289202,15,,5,5,200,"{'max_depth': 15, 'max_features': None, 'min_samples_leaf': 5, 'min_samples_split': 5, 'n_estimators': 200}",0.2857142857142857,0.12121212121212122,0.0,0.3918918918918919,0.7272727272727273,0.3052182052182052,0.2502155639332499,221,0.8778280542986425,0.8794326241134752,0.8859416445623343,0.8468468468468469,0.907608695652174,0.8795315730946947,0.019496753188231613
957.8093326568603,6.8118349927773645,0.16875700950622557,0.03982343291937358,20,,5,10,300,"{'max_depth': 20, 'max_features': None, 'min_samples_leaf': 5, 'min_samples_split': 10, 'n_estimators': 300}",0.2857142857142857,0.12121212121212122,0.0,0.4,0.7164179104477612,0.30466886347483363,0.2471696065235646,223,0.8919540229885058,0.8794326241134752,0.8906666666666667,0.8468468468468469,0.9100817438692098,0.8837963808969409,0.02092356899489184
140.1772271156311,10.771188413723982,0.4079605579376221,0.15541749230768515,,,5,10,300,"{'max_depth': None, 'max_features': None, 'min_samples_leaf': 5, 'min_samples_split': 10, 'n_estimators': 300}",0.2857142857142857,0.12121212121212122,0.0,0.4,0.7164179104477612,0.30466886347483363,0.2471696065235646,223,0.8919540229885058,0.8794326241134752,0.8906666666666667,0.8468468468468469,0.9100817438692098,0.8837963808969409,0.02092356899489184
81.47041392326355,5.950887305531157,0.19353609085083007,0.09220861133387495,20,,5,5,300,"{'max_depth': 20, 'max_features': None, 'min_samples_leaf': 5, 'min_samples_split': 5, 'n_estimators': 300}",0.2857142857142857,0.12121212121212122,0.0,0.4,0.7164179104477612,0.30466886347483363,0.2471696065235646,223,0.8919540229885058,0.8794326241134752,0.8906666666666667,0.8468468468468469,0.9100817438692098,0.8837963808969409,0.02092356899489184
82.5119740486145,6.066676360331067,0.2680513381958008,0.07509543275740424,15,,5,5,300,"{'max_depth': 15, 'max_features': None, 'min_samples_leaf': 5, 'min_samples_split': 5, 'n_estimators': 300}",0.2857142857142857,0.12121212121212122,0.0,0.4,0.7164179104477612,0.30466886347483363,0.2471696065235646,223,0.8778280542986425,0.8794326241134752,0.8906666666666667,0.8468468468468469,0.907608695652174,0.8804765775155611,0.01989498957161395
79.68762555122376,6.152185251829454,0.24462437629699707,0.08354727871579151,15,,5,10,300,"{'max_depth': 15, 'max_features': None, 'min_samples_leaf': 5, 'min_samples_split': 10, 'n_estimators': 300}",0.2857142857142857,0.12121212121212122,0.0,0.4,0.7164179104477612,0.30466886347483363,0.2471696065235646,223,0.8778280542986425,0.8794326241134752,0.8906666666666667,0.8468468468468469,0.907608695652174,0.8804765775155611,0.01989498957161395
128.6189245223999,11.171175820830202,0.2745033264160156,0.041332973669034094,,,5,5,300,"{'max_depth': None, 'max_features': None, 'min_samples_leaf': 5, 'min_samples_split': 5, 'n_estimators': 300}",0.2857142857142857,0.12121212121212122,0.0,0.4,0.7164179104477612,0.30466886347483363,0.2471696065235646,223,0.8919540229885058,0.8794326241134752,0.8906666666666667,0.8468468468468469,0.9100817438692098,0.8837963808969409,0.02092356899489184
17.727910566329957,0.5861286938095639,0.359920597076416,0.14128708036463813,20,sqrt,2,10,300,"{'max_depth': 20, 'max_features': 'sqrt', 'min_samples_leaf': 2, 'min_samples_split': 10, 'n_estimators': 300}",0.4,0.03333333333333333,0.017543859649122806,0.41379310344827586,0.6557377049180327,0.30408160026975295,0.2450744662840071,229,0.8960739030023095,0.9073170731707317,0.925207756232687,0.8909952606635071,0.9382022471910112,0.9115592480520494,0.017758382330747162
170.31323523521422,39.9565155430915,0.27518773078918457,0.05659492981756682,,,2,10,300,"{'max_depth': None, 'max_features': None, 'min_samples_leaf': 2, 'min_samples_split': 10, 'n_estimators': 300}",0.2857142857142857,0.12307692307692308,0.0,0.4027777777777778,0.7076923076923077,0.30385225885225886,0.24421627572529872,230,0.9150943396226415,0.9051094890510949,0.9201101928374655,0.8785046728971962,0.925207756232687,0.9088052901282172,0.01654194797053644
80.14664902687073,7.240915749906135,0.24948906898498535,0.09162192826799509,20,,2,10,300,"{'max_depth': 20, 'max_features': None, 'min_samples_leaf': 2, 'min_samples_split': 10, 'n_estimators': 300}",0.2857142857142857,0.12307692307692308,0.0,0.4027777777777778,0.7076923076923077,0.30385225885225886,0.24421627572529872,230,0.9150943396226415,0.9007263922518159,0.9201101928374655,0.8744186046511628,0.925207756232687,0.9071114571191545,0.018274360403578577
27.539160013198853,2.077187013720405,0.08670392036437988,0.008779518801360905,15,,5,5,100,"{'max_depth': 15, 'max_features': None, 'min_samples_leaf': 5, 'min_samples_split': 5, 'n_estimators': 100}",0.2857142857142857,0.125,0.0,0.3918918918918919,0.7164179104477612,0.30380481761078776,0.24601003816289574,232,0.8778280542986425,0.8899521531100478,0.8882978723404256,0.8468468468468469,0.907608695652174,0.8821067244496273,0.020058901191795066
29.26630058288574,3.03806031014616,0.08058037757873535,0.014130821023592794,15,,5,10,100,"{'max_depth': 15, 'max_features': None, 'min_samples_leaf': 5, 'min_samples_split': 10, 'n_estimators': 100}",0.2857142857142857,0.125,0.0,0.3918918918918919,0.7164179104477612,0.30380481761078776,0.24601003816289574,232,0.8778280542986425,0.8899521531100478,0.8882978723404256,0.8468468468468469,0.907608695652174,0.8821067244496273,0.020058901191795066
5.963899803161621,0.20279985711179357,0.0893714427947998,0.007692920206976388,,sqrt,2,20,100,"{'max_depth': None, 'max_features': 'sqrt', 'min_samples_leaf': 2, 'min_samples_split': 20, 'n_estimators': 100}",0.3333333333333333,0.03333333333333333,0.017543859649122806,0.4533333333333333,0.6774193548387096,0.30299264289756644,0.25215685372583224,234,0.8622222222222222,0.8836104513064132,0.893048128342246,0.8826291079812206,0.8697916666666666,0.8782603153037538,0.010911719924900474
52.3764886379242,3.5548553486048835,0.1336892604827881,0.050358823386342386,20,,5,5,200,"{'max_depth': 20, 'max_features': None, 'min_samples_leaf': 5, 'min_samples_split': 5, 'n_estimators': 200}",0.2857142857142857,0.12121212121212122,0.0,0.4,0.7076923076923077,0.3029237429237429,0.244270122455523,235,0.8919540229885058,0.8794326241134752,0.8859416445623343,0.8468468468468469,0.9201101928374655,0.8848570662697256,0.023530947243254035
54.26610178947449,4.427384114897576,0.15893340110778809,0.04472888043329787,20,,5,10,200,"{'max_depth': 20, 'max_features': None, 'min_samples_leaf': 5, 'min_samples_split': 10, 'n_estimators': 200}",0.2857142857142857,0.12121212121212122,0.0,0.4,0.7076923076923077,0.3029237429237429,0.244270122455523,235,0.8919540229885058,0.8794326241134752,0.8859416445623343,0.8468468468468469,0.9201101928374655,0.8848570662697256,0.023530947243254035
97.49981331825256,7.931888274415318,0.2002021312713623,0.029815645288498404,,,5,5,200,"{'max_depth': None, 'max_features': None, 'min_samples_leaf': 5, 'min_samples_split': 5, 'n_estimators': 200}",0.2857142857142857,0.12121212121212122,0.0,0.4,0.7076923076923077,0.3029237429237429,0.244270122455523,235,0.8919540229885058,0.8794326241134752,0.8859416445623343,0.8468468468468469,0.9201101928374655,0.8848570662697256,0.023530947243254035
88.0835042476654,6.522036209754841,0.20541806221008302,0.04864062779542925,,,5,10,200,"{'max_depth': None, 'max_features': None, 'min_samples_leaf': 5, 'min_samples_split': 10, 'n_estimators': 200}",0.2857142857142857,0.12121212121212122,0.0,0.4,0.7076923076923077,0.3029237429237429,0.244270122455523,235,0.8919540229885058,0.8794326241134752,0.8859416445623343,0.8468468468468469,0.9201101928374655,0.8848570662697256,0.023530947243254035
19.448969841003418,2.0414324826552237,0.32505097389221194,0.1010632789927833,10,log2,2,10,300,"{'max_depth': 10, 'max_features': 'log2', 'min_samples_leaf': 2, 'min_samples_split': 10, 'n_estimators': 300}",0.2222222222222222,0.028985507246376812,0.017543859649122806,0.4444444444444444,0.7951807228915663,0.3016753512907465,0.2916620719480025,239,0.6024844720496895,0.744,0.8608247422680413,0.6643109540636042,0.5758620689655173,0.6894964474693703,0.10338489905161526
27.639433002471925,2.2919144577293977,0.13442134857177734,0.05615077673376664,15,,2,10,100,"{'max_depth': 15, 'max_features': None, 'min_samples_leaf': 2, 'min_samples_split': 10, 'n_estimators': 100}",0.25,0.125,0.0,0.4027777777777778,0.7272727272727273,0.30101010101010106,0.2514935997419257,240,0.8699551569506726,0.8963855421686747,0.8743455497382199,0.8826291079812206,0.8812664907651715,0.8809163695207918,0.009007499252866856
43.477068567276,3.4874537345386587,0.10321378707885742,0.011272105673809561,,,5,10,100,"{'max_depth': None, 'max_features': None, 'min_samples_leaf': 5, 'min_samples_split': 10, 'n_estimators': 100}",0.2857142857142857,0.125,0.0,0.3972602739726027,0.696969696969697,0.3009888513313171,0.23994528280560742,241,0.8798185941043084,0.8894230769230769,0.8906666666666667,0.8506787330316742,0.9100817438692098,0.8841337629189873,0.01940006750536504
29.053157615661622,2.2178291005420268,0.08565254211425781,0.02176495279090522,20,,5,10,100,"{'max_depth': 20, 'max_features': None, 'min_samples_leaf': 5, 'min_samples_split': 10, 'n_estimators': 100}",0.2857142857142857,0.125,0.0,0.3972602739726027,0.696969696969697,0.3009888513313171,0.23994528280560742,241,0.8798185941043084,0.8894230769230769,0.8906666666666667,0.8506787330316742,0.9100817438692098,0.8841337629189873,0.01940006750536504
27.274326753616332,2.295818121843046,0.10352869033813476,0.020267589879652204,20,,5,5,100,"{'max_depth': 20, 'max_features': None, 'min_samples_leaf': 5, 'min_samples_split': 5, 'n_estimators': 100}",0.2857142857142857,0.125,0.0,0.3972602739726027,0.696969696969697,0.3009888513313171,0.23994528280560742,241,0.8798185941043084,0.8894230769230769,0.8906666666666667,0.8506787330316742,0.9100817438692098,0.8841337629189873,0.01940006750536504
53.03160457611084,4.679850719433114,0.20173993110656738,0.034669301451120446,,,5,5,100,"{'max_depth': None, 'max_features': None, 'min_samples_leaf': 5, 'min_samples_split': 5, 'n_estimators': 100}",0.2857142857142857,0.125,0.0,0.3972602739726027,0.696969696969697,0.3009888513313171,0.23994528280560742,241,0.8798185941043084,0.8894230769230769,0.8906666666666667,0.8506787330316742,0.9100817438692098,0.8841337629189873,0.01940006750536504
78.75265197753906,6.3232208464257145,0.19448256492614746,0.04155427826639842,20,,2,20,300,"{'max_depth': 20, 'max_features': None, 'min_samples_leaf': 2, 'min_samples_split': 20, 'n_estimators': 300}",0.2857142857142857,0.12121212121212122,0.0,0.36477987421383645,0.7272727272727273,0.2997958016825941,0.24856684989096717,245,0.8899082568807339,0.8435374149659864,0.893048128342246,0.7736625514403292,0.925207756232687,0.8650728215723966,0.052602734198404805
71.05044293403625,5.763898892856793,0.1908724308013916,0.035673727806485395,,,2,20,200,"{'max_depth': None, 'max_features': None, 'min_samples_leaf': 2, 'min_samples_split': 20, 'n_estimators': 200}",0.2857142857142857,0.12121212121212122,0.0,0.36477987421383645,0.7272727272727273,0.2997958016825941,0.24856684989096717,245,0.8899082568807339,0.8435374149659864,0.8882978723404256,0.7736625514403292,0.915068493150685,0.862094917755632,0.04986189060656973
53.27626996040344,3.96722271808978,0.15431714057922363,0.04329847306037775,20,,2,20,200,"{'max_depth': 20, 'max_features': None, 'min_samples_leaf': 2, 'min_samples_split': 20, 'n_estimators': 200}",0.2857142857142857,0.12121212121212122,0.0,0.36477987421383645,0.7272727272727273,0.2997958016825941,0.24856684989096717,245,0.8899082568807339,0.8435374149659864,0.8882978723404256,0.7736625514403292,0.915068493150685,0.862094917755632,0.04986189060656973
138.09395303726197,11.994953328561198,0.36802401542663576,0.06430762837272702,,,2,20,300,"{'max_depth': None, 'max_features': None, 'min_samples_leaf': 2, 'min_samples_split': 20, 'n_estimators': 300}",0.2857142857142857,0.12121212121212122,0.0,0.36477987421383645,0.7272727272727273,0.2997958016825941,0.24856684989096717,245,0.8899082568807339,0.8435374149659864,0.893048128342246,0.7736625514403292,0.925207756232687,0.8650728215723966,0.052602734198404805
10.693502140045165,0.3495039417761329,0.21028366088867187,0.15819740828199108,,log2,2,10,200,"{'max_depth': None, 'max_features': 'log2', 'min_samples_leaf': 2, 'min_samples_split': 10, 'n_estimators': 200}",0.4,0.03333333333333333,0.017543859649122806,0.3916083916083916,0.6557377049180327,0.2996446579017761,0.24324200422888206,249,0.9086651053864169,0.9073170731707317,0.9355742296918768,0.8909952606635071,0.9382022471910112,0.9161507832207088,0.018057726640214877
27.704456090927124,2.092791144860321,0.11210842132568359,0.025195475423979548,20,,2,10,100,"{'max_depth': 20, 'max_features': None, 'min_samples_leaf': 2, 'min_samples_split': 10, 'n_estimators': 100}",0.25,0.125,0.0,0.4027777777777778,0.71875,0.29930555555555555,0.24861111111111112,250,0.9107981220657277,0.9046454767726161,0.915068493150685,0.8952380952380953,0.925207756232687,0.9101915886919623,0.010039957084976738
30.82636218070984,2.6711537585983094,0.07754030227661132,0.0222839903283698,,,2,10,100,"{'max_depth': None, 'max_features': None, 'min_samples_leaf': 2, 'min_samples_split': 10, 'n_estimators': 100}",0.25,0.125,0.0,0.4027777777777778,0.71875,0.29930555555555555,0.24861111111111112,250,0.9129411764705883,0.9068627450980392,0.915068493150685,0.8952380952380953,0.925207756232687,0.911063653238019,0.009876390038351005
112.91447339057922,94.82596945824483,0.23078646659851074,0.259962855662627,20,,10,10,100,"{'max_depth': 20, 'max_features': None, 'min_samples_leaf': 10, 'min_samples_split': 10, 'n_estimators': 100}",0.26666666666666666,0.12307692307692308,0.015625,0.3625,0.7246376811594203,0.29850125418060197,0.24392384301225406,252,0.8185654008438819,0.851258581235698,0.7990430622009569,0.7286821705426356,0.8370927318295739,0.8069283893305492,0.04288384928677449
27.758148384094238,1.7891895578730983,0.08609375953674317,0.016548210942007903,15,,10,5,100,"{'max_depth': 15, 'max_features': None, 'min_samples_leaf': 10, 'min_samples_split': 5, 'n_estimators': 100}",0.26666666666666666,0.12307692307692308,0.015625,0.3625,0.7246376811594203,0.29850125418060197,0.24392384301225406,252,0.8185654008438819,0.851258581235698,0.7990430622009569,0.7258687258687259,0.8370927318295739,0.8063657003957673,0.04391295444400282
52.08611059188843,3.9375226379942965,0.14343128204345704,0.039845469870861294,,,10,10,100,"{'max_depth': None, 'max_features': None, 'min_samples_leaf': 10, 'min_samples_split': 10, 'n_estimators': 100}",0.26666666666666666,0.12307692307692308,0.015625,0.3625,0.7246376811594203,0.29850125418060197,0.24392384301225406,252,0.8185654008438819,0.851258581235698,0.7990430622009569,0.7286821705426356,0.8370927318295739,0.8069283893305492,0.04288384928677449
27.211714029312134,2.059674029095447,0.11256098747253418,0.023660847036292693,15,,10,10,100,"{'max_depth': 15, 'max_features': None, 'min_samples_leaf': 10, 'min_samples_split': 10, 'n_estimators': 100}",0.26666666666666666,0.12307692307692308,0.015625,0.3625,0.7246376811594203,0.29850125418060197,0.24392384301225406,252,0.8185654008438819,0.851258581235698,0.7990430622009569,0.7258687258687259,0.8370927318295739,0.8063657003957673,0.04391295444400282
48.516177368164065,3.889690409567301,0.14172487258911132,0.032170416136314314,,,10,5,100,"{'max_depth': None, 'max_features': None, 'min_samples_leaf': 10, 'min_samples_split': 5, 'n_estimators': 100}",0.26666666666666666,0.12307692307692308,0.015625,0.3625,0.7246376811594203,0.29850125418060197,0.24392384301225406,252,0.8185654008438819,0.851258581235698,0.7990430622009569,0.7286821705426356,0.8370927318295739,0.8069283893305492,0.04288384928677449
150.2898796081543,98.67121363613946,0.09327707290649415,0.014862020552043347,20,,10,20,100,"{'max_depth': 20, 'max_features': None, 'min_samples_leaf': 10, 'min_samples_split': 20, 'n_estimators': 100}",0.26666666666666666,0.12307692307692308,0.015625,0.3625,0.7246376811594203,0.29850125418060197,0.24392384301225406,252,0.8185654008438819,0.851258581235698,0.7990430622009569,0.7286821705426356,0.8370927318295739,0.8069283893305492,0.04288384928677449
47.542427682876585,3.8109642172028244,0.15930886268615724,0.0597133153115338,,,10,20,100,"{'max_depth': None, 'max_features': None, 'min_samples_leaf': 10, 'min_samples_split': 20, 'n_estimators': 100}",0.26666666666666666,0.12307692307692308,0.015625,0.3625,0.7246376811594203,0.29850125418060197,0.24392384301225406,252,0.8185654008438819,0.851258581235698,0.7990430622009569,0.7286821705426356,0.8370927318295739,0.8069283893305492,0.04288384928677449
30.5230281829834,2.141924323099471,0.08331327438354492,0.01694229821577596,20,,10,5,100,"{'max_depth': 20, 'max_features': None, 'min_samples_leaf': 10, 'min_samples_split': 5, 'n_estimators': 100}",0.26666666666666666,0.12307692307692308,0.015625,0.3625,0.7246376811594203,0.29850125418060197,0.24392384301225406,252,0.8185654008438819,0.851258581235698,0.7990430622009569,0.7286821705426356,0.8370927318295739,0.8069283893305492,0.04288384928677449
27.25966606140137,1.9011334097655521,0.08993477821350097,0.006400593743627247,15,,10,20,100,"{'max_depth': 15, 'max_features': None, 'min_samples_leaf': 10, 'min_samples_split': 20, 'n_estimators': 100}",0.26666666666666666,0.12307692307692308,0.015625,0.3625,0.7246376811594203,0.29850125418060197,0.24392384301225406,252,0.8185654008438819,0.851258581235698,0.7990430622009569,0.7258687258687259,0.8370927318295739,0.8063657003957673,0.04391295444400282
138.7062602519989,11.28004067352783,0.34763383865356445,0.07365140277165302,,,10,10,300,"{'max_depth': None, 'max_features': None, 'min_samples_leaf': 10, 'min_samples_split': 10, 'n_estimators': 300}",0.26666666666666666,0.11940298507462686,0.016,0.36477987421383645,0.7246376811594203,0.29829744142291004,0.24449191878102408,261,0.8185654008438819,0.8397291196388262,0.8146341463414634,0.7315175097276264,0.835,0.8078892353103596,0.03934688450159215
148.31116938591003,10.861295749978572,0.3280168056488037,0.07938022718873747,,,10,5,300,"{'max_depth': None, 'max_features': None, 'min_samples_leaf': 10, 'min_samples_split': 5, 'n_estimators': 300}",0.26666666666666666,0.11940298507462686,0.016,0.36477987421383645,0.7246376811594203,0.29829744142291004,0.24449191878102408,261,0.8185654008438819,0.8397291196388262,0.8146341463414634,0.7315175097276264,0.835,0.8078892353103596,0.03934688450159215
79.22165656089783,6.1925239197443585,0.2539938449859619,0.09512009784404306,15,,10,20,300,"{'max_depth': 15, 'max_features': None, 'min_samples_leaf': 10, 'min_samples_split': 20, 'n_estimators': 300}",0.26666666666666666,0.11940298507462686,0.016,0.36477987421383645,0.7246376811594203,0.29829744142291004,0.24449191878102408,261,0.8185654008438819,0.8397291196388262,0.8146341463414634,0.7286821705426356,0.835,0.8073221674733613,0.040448479355554255
106.66406145095826,21.826211192735872,0.21075806617736817,0.021755426623944935,,,10,20,300,"{'max_depth': None, 'max_features': None, 'min_samples_leaf': 10, 'min_samples_split': 20, 'n_estimators': 300}",0.26666666666666666,0.11940298507462686,0.016,0.36477987421383645,0.7246376811594203,0.29829744142291004,0.24449191878102408,261,0.8185654008438819,0.8397291196388262,0.8146341463414634,0.7315175097276264,0.835,0.8078892353103596,0.03934688450159215
78.42171096801758,6.170054696065051,0.20837597846984862,0.029728041956159575,15,,10,10,300,"{'max_depth': 15, 'max_features': None, 'min_samples_leaf': 10, 'min_samples_split': 10, 'n_estimators': 300}",0.26666666666666666,0.11940298507462686,0.016,0.36477987421383645,0.7246376811594203,0.29829744142291004,0.24449191878102408,261,0.8185654008438819,0.8397291196388262,0.8146341463414634,0.7286821705426356,0.835,0.8073221674733613,0.040448479355554255
400.435081911087,177.45399675942716,0.2189101219177246,0.05630635956154398,20,,10,20,300,"{'max_depth': 20, 'max_features': None, 'min_samples_leaf': 10, 'min_samples_split': 20, 'n_estimators': 300}",0.26666666666666666,0.11940298507462686,0.016,0.36477987421383645,0.7246376811594203,0.29829744142291004,0.24449191878102408,261,0.8185654008438819,0.8397291196388262,0.8146341463414634,0.7315175097276264,0.835,0.8078892353103596,0.03934688450159215
603.0161256313324,389.33077945452715,0.15072665214538575,0.026726325930781596,20,,10,5,300,"{'max_depth': 20, 'max_features': None, 'min_samples_leaf': 10, 'min_samples_split': 5, 'n_estimators': 300}",0.26666666666666666,0.11940298507462686,0.016,0.36477987421383645,0.7246376811594203,0.29829744142291004,0.24449191878102408,261,0.8185654008438819,0.8397291196388262,0.8146341463414634,0.7315175097276264,0.835,0.8078892353103596,0.03934688450159215
288.64497690200807,7.013523538584163,0.17862291336059571,0.0660772924680884,20,,10,10,300,"{'max_depth': 20, 'max_features': None, 'min_samples_leaf': 10, 'min_samples_split': 10, 'n_estimators': 300}",0.26666666666666666,0.11940298507462686,0.016,0.36477987421383645,0.7246376811594203,0.29829744142291004,0.24449191878102408,261,0.8185654008438819,0.8397291196388262,0.8146341463414634,0.7315175097276264,0.835,0.8078892353103596,0.03934688450159215
79.05384759902954,6.024741140853706,0.2774054050445557,0.05933163949139177,15,,10,5,300,"{'max_depth': 15, 'max_features': None, 'min_samples_leaf': 10, 'min_samples_split': 5, 'n_estimators': 300}",0.26666666666666666,0.11940298507462686,0.016,0.36477987421383645,0.7246376811594203,0.29829744142291004,0.24449191878102408,261,0.8185654008438819,0.8397291196388262,0.8146341463414634,0.7286821705426356,0.835,0.8073221674733613,0.040448479355554255
586.0421583652496,425.2724148358063,0.15831985473632812,0.03843394580231885,20,,5,20,200,"{'max_depth': 20, 'max_features': None, 'min_samples_leaf': 5, 'min_samples_split': 20, 'n_estimators': 200}",0.2857142857142857,0.12121212121212122,0.0,0.36477987421383645,0.7164179104477612,0.2976248383176009,0.24484333297595615,270,0.8680089485458613,0.8359550561797753,0.8743455497382199,0.7550200803212851,0.907608695652174,0.8481876660874631,0.05184170647763087
1138.1513211727142,349.13302005505994,0.18847208023071288,0.03379730687484105,20,,5,20,300,"{'max_depth': 20, 'max_features': None, 'min_samples_leaf': 5, 'min_samples_split': 20, 'n_estimators': 300}",0.2857142857142857,0.12121212121212122,0.0,0.36477987421383645,0.7164179104477612,0.2976248383176009,0.24484333297595615,270,0.8818181818181818,0.8359550561797753,0.8766404199475065,0.7550200803212851,0.907608695652174,0.8514084867837847,0.053384261534514296
52.64288444519043,3.689941279855782,0.16338305473327636,0.041286115421424574,15,,5,20,200,"{'max_depth': 15, 'max_features': None, 'min_samples_leaf': 5, 'min_samples_split': 20, 'n_estimators': 200}",0.2857142857142857,0.12121212121212122,0.0,0.36477987421383645,0.7164179104477612,0.2976248383176009,0.24484333297595615,270,0.8641425389755011,0.8359550561797753,0.8720626631853786,0.7550200803212851,0.9051490514905149,0.846465878030491,0.05076255685920494
79.25762538909912,5.954155280423985,0.23393540382385253,0.03452600498323461,15,,5,20,300,"{'max_depth': 15, 'max_features': None, 'min_samples_leaf': 5, 'min_samples_split': 20, 'n_estimators': 300}",0.2857142857142857,0.12121212121212122,0.0,0.36477987421383645,0.7164179104477612,0.2976248383176009,0.24484333297595615,270,0.8680089485458613,0.8359550561797753,0.8766404199475065,0.7550200803212851,0.9027027027027027,0.8476654415394261,0.05099569363767036
52.93185133934021,3.9078137059942866,0.19070963859558104,0.015682570680135403,15,,2,20,200,"{'max_depth': 15, 'max_features': None, 'min_samples_leaf': 2, 'min_samples_split': 20, 'n_estimators': 200}",0.2857142857142857,0.12121212121212122,0.0,0.36477987421383645,0.7164179104477612,0.2976248383176009,0.24484333297595615,270,0.8584070796460177,0.8416289592760181,0.8608247422680413,0.7736625514403292,0.8246913580246914,0.8318429381310196,0.03186680808870376
98.0324414730072,7.149816120599851,0.1973973274230957,0.03210541301810883,,,5,20,200,"{'max_depth': None, 'max_features': None, 'min_samples_leaf': 5, 'min_samples_split': 20, 'n_estimators': 200}",0.2857142857142857,0.12121212121212122,0.0,0.36477987421383645,0.7164179104477612,0.2976248383176009,0.24484333297595615,270,0.8680089485458613,0.8359550561797753,0.8743455497382199,0.7550200803212851,0.907608695652174,0.8481876660874631,0.05184170647763087
141.20843439102174,11.525776827631352,0.41012725830078123,0.07874610381272809,,,5,20,300,"{'max_depth': None, 'max_features': None, 'min_samples_leaf': 5, 'min_samples_split': 20, 'n_estimators': 300}",0.2857142857142857,0.12121212121212122,0.0,0.36477987421383645,0.7164179104477612,0.2976248383176009,0.24484333297595615,270,0.8818181818181818,0.8359550561797753,0.8766404199475065,0.7550200803212851,0.907608695652174,0.8514084867837847,0.053384261534514296
79.11867599487304,6.203731891623834,0.2990913391113281,0.05067834664176624,15,,2,20,300,"{'max_depth': 15, 'max_features': None, 'min_samples_leaf': 2, 'min_samples_split': 20, 'n_estimators': 300}",0.2857142857142857,0.12121212121212122,0.0,0.36477987421383645,0.7164179104477612,0.2976248383176009,0.24484333297595615,270,0.8584070796460177,0.8435374149659864,0.8652849740932642,0.7736625514403292,0.8652849740932642,0.8412353988477724,0.0347074048161832
11.14388599395752,0.4180265789428239,0.28296260833740233,0.262134693646732,20,sqrt,2,10,200,"{'max_depth': 20, 'max_features': 'sqrt', 'min_samples_leaf': 2, 'min_samples_split': 10, 'n_estimators': 200}",0.4,0.03333333333333333,0.017543859649122806,0.38028169014084506,0.6557377049180327,0.2973793176082668,0.24242636280910287,278,0.8981481481481481,0.9073170731707317,0.925207756232687,0.8909952606635071,0.9277777777777778,0.9098892031985704,0.014533467986893832
6.22508430480957,0.48873825306542257,0.0987961769104004,0.02514150077481133,20,sqrt,2,20,100,"{'max_depth': 20, 'max_features': 'sqrt', 'min_samples_leaf': 2, 'min_samples_split': 20, 'n_estimators': 100}",0.3076923076923077,0.03333333333333333,0.017543859649122806,0.4473684210526316,0.6774193548387096,0.296671455313221,0.2510215842561802,279,0.8603104212860311,0.8836104513064132,0.893048128342246,0.8826291079812206,0.8329177057356608,0.8705031629303143,0.021650282178924365
53.04648523330688,3.651564123554417,0.15181965827941896,0.04776902132612843,15,,10,5,200,"{'max_depth': 15, 'max_features': None, 'min_samples_leaf': 10, 'min_samples_split': 5, 'n_estimators': 200}",0.26666666666666666,0.125,0.015625,0.3625,0.7058823529411765,0.2951348039215686,0.2371217558558341,280,0.8168421052631579,0.8359550561797753,0.8106796116504854,0.7258687258687259,0.835,0.8048690997924289,0.04072439519495465
52.864465188980105,3.8456284991721117,0.17569808959960936,0.05203679546207137,15,,10,10,200,"{'max_depth': 15, 'max_features': None, 'min_samples_leaf': 10, 'min_samples_split': 10, 'n_estimators': 200}",0.26666666666666666,0.125,0.015625,0.3625,0.7058823529411765,0.2951348039215686,0.2371217558558341,280,0.8168421052631579,0.8359550561797753,0.8106796116504854,0.7258687258687259,0.835,0.8048690997924289,0.04072439519495465
94.68365626335144,6.559945576050431,0.2031456470489502,0.03821516348121708,,,10,5,200,"{'max_depth': None, 'max_features': None, 'min_samples_leaf': 10, 'min_samples_split': 5, 'n_estimators': 200}",0.26666666666666666,0.125,0.015625,0.3625,0.7058823529411765,0.2951348039215686,0.2371217558558341,280,0.8168421052631579,0.8397291196388262,0.8106796116504854,0.7286821705426356,0.835,0.806186601419021,0.04023922507926112
97.5565203666687,6.938177451114989,0.19582953453063964,0.05521332412841815,,,10,10,200,"{'max_depth': None, 'max_features': None, 'min_samples_leaf': 10, 'min_samples_split': 10, 'n_estimators': 200}",0.26666666666666666,0.125,0.015625,0.3625,0.7058823529411765,0.2951348039215686,0.2371217558558341,280,0.8168421052631579,0.8397291196388262,0.8106796116504854,0.7286821705426356,0.835,0.806186601419021,0.04023922507926112
99.52587695121765,6.2459628427829665,0.1890324115753174,0.031052222570950676,,,10,20,200,"{'max_depth': None, 'max_features': None, 'min_samples_leaf': 10, 'min_samples_split': 20, 'n_estimators': 200}",0.26666666666666666,0.125,0.015625,0.3625,0.7058823529411765,0.2951348039215686,0.2371217558558341,280,0.8168421052631579,0.8397291196388262,0.8106796116504854,0.7286821705426356,0.835,0.806186601419021,0.04023922507926112
52.820087385177615,3.8753067968592534,0.16146750450134278,0.05330320647303741,15,,10,20,200,"{'max_depth': 15, 'max_features': None, 'min_samples_leaf': 10, 'min_samples_split': 20, 'n_estimators': 200}",0.26666666666666666,0.125,0.015625,0.3625,0.7058823529411765,0.2951348039215686,0.2371217558558341,280,0.8168421052631579,0.8359550561797753,0.8106796116504854,0.7258687258687259,0.835,0.8048690997924289,0.04072439519495465
194.45650548934935,110.00466558372406,0.18707761764526368,0.13428339171324,20,,10,20,200,"{'max_depth': 20, 'max_features': None, 'min_samples_leaf': 10, 'min_samples_split': 20, 'n_estimators': 200}",0.26666666666666666,0.125,0.015625,0.3625,0.7058823529411765,0.2951348039215686,0.2371217558558341,280,0.8168421052631579,0.8397291196388262,0.8106796116504854,0.7286821705426356,0.835,0.806186601419021,0.04023922507926112
140.13760476112367,99.69412765695895,0.11248793601989746,0.026505272692425443,20,,10,10,200,"{'max_depth': 20, 'max_features': None, 'min_samples_leaf': 10, 'min_samples_split': 10, 'n_estimators': 200}",0.26666666666666666,0.125,0.015625,0.3625,0.7058823529411765,0.2951348039215686,0.2371217558558341,280,0.8168421052631579,0.8397291196388262,0.8106796116504854,0.7286821705426356,0.835,0.806186601419021,0.04023922507926112
932.5884251117707,4.403976739777253,0.1254490375518799,0.028202923907222732,20,,10,5,200,"{'max_depth': 20, 'max_features': None, 'min_samples_leaf': 10, 'min_samples_split': 5, 'n_estimators': 200}",0.26666666666666666,0.125,0.015625,0.3625,0.7058823529411765,0.2951348039215686,0.2371217558558341,280,0.8168421052631579,0.8397291196388262,0.8106796116504854,0.7286821705426356,0.835,0.806186601419021,0.04023922507926112
456.240253162384,0.33448213534761445,0.12629995346069336,0.0322164820985344,,sqrt,2,10,200,"{'max_depth': None, 'max_features': 'sqrt', 'min_samples_leaf': 2, 'min_samples_split': 10, 'n_estimators': 200}",0.4,0.03333333333333333,0.017543859649122806,0.36879432624113473,0.6557377049180327,0.29508184482832467,0.24168310454182898,289,0.9065420560747663,0.9276807980049875,0.9382022471910112,0.912621359223301,0.9329608938547486,0.923601470869763,0.012074840475863007
194.55429673194885,218.02961231588998,0.23633084297180176,0.05544216368473513,,sqrt,2,10,300,"{'max_depth': None, 'max_features': 'sqrt', 'min_samples_leaf': 2, 'min_samples_split': 10, 'n_estimators': 300}",0.4,0.03333333333333333,0.017543859649122806,0.36879432624113473,0.6557377049180327,0.29508184482832467,0.24168310454182898,289,0.9150943396226415,0.9185185185185185,0.9355742296918768,0.9082125603864735,0.9382022471910112,0.9231203790821041,0.011750732989718833
49.25489349365235,3.527688411743959,0.19056639671325684,0.14050732783415357,,,5,20,100,"{'max_depth': None, 'max_features': None, 'min_samples_leaf': 5, 'min_samples_split': 20, 'n_estimators': 100}",0.25,0.12121212121212122,0.0,0.36477987421383645,0.7352941176470589,0.2942572226146033,0.25218152553360057,291,0.8699551569506726,0.8390022675736961,0.8743455497382199,0.7550200803212851,0.9027027027027027,0.8482051514573152,0.05078290422453487
27.622711992263795,2.26587550890479,0.1028897762298584,0.035099622131921394,15,,5,20,100,"{'max_depth': 15, 'max_features': None, 'min_samples_leaf': 5, 'min_samples_split': 20, 'n_estimators': 100}",0.25,0.12121212121212122,0.0,0.36477987421383645,0.7352941176470589,0.2942572226146033,0.25218152553360057,291,0.8680089485458613,0.8397291196388262,0.8743455497382199,0.7550200803212851,0.8978494623655914,0.8469906321219568,0.04957417416135432
553.9792503833771,427.59482841523527,0.13359780311584474,0.06471373944608023,20,,5,20,100,"{'max_depth': 20, 'max_features': None, 'min_samples_leaf': 5, 'min_samples_split': 20, 'n_estimators': 100}",0.25,0.12121212121212122,0.0,0.36477987421383645,0.7352941176470589,0.2942572226146033,0.25218152553360057,291,0.8699551569506726,0.8390022675736961,0.8743455497382199,0.7550200803212851,0.9027027027027027,0.8482051514573152,0.05078290422453487
27.258165025711058,2.1265695631797294,0.08126139640808105,0.005633769985454325,15,,2,20,100,"{'max_depth': 15, 'max_features': None, 'min_samples_leaf': 2, 'min_samples_split': 20, 'n_estimators': 100}",0.25,0.12121212121212122,0.0,0.36477987421383645,0.7352941176470589,0.2942572226146033,0.25218152553360057,291,0.8565121412803532,0.8435374149659864,0.8542199488491049,0.7768595041322314,0.8166259168704156,0.8295509852196183,0.029914984508598176
27.155501222610475,1.8289837375423779,0.0854527473449707,0.005186494990585509,20,,2,20,100,"{'max_depth': 20, 'max_features': None, 'min_samples_leaf': 2, 'min_samples_split': 20, 'n_estimators': 100}",0.25,0.12121212121212122,0.0,0.36477987421383645,0.7272727272727273,0.292652944539737,0.24938068291510598,295,0.8919540229885058,0.8447488584474886,0.8812664907651715,0.7768595041322314,0.912568306010929,0.8614794364688653,0.047688039846359595
40.976270246505734,6.538788575961303,0.1059950828552246,0.02661259319693626,,,2,20,100,"{'max_depth': None, 'max_features': None, 'min_samples_leaf': 2, 'min_samples_split': 20, 'n_estimators': 100}",0.25,0.12121212121212122,0.0,0.36477987421383645,0.7272727272727273,0.292652944539737,0.24938068291510598,295,0.8919540229885058,0.8447488584474886,0.8812664907651715,0.7768595041322314,0.912568306010929,0.8614794364688653,0.047688039846359595
7.608538246154785,0.8120057048823769,0.22383589744567872,0.1054483306162692,10,log2,2,10,100,"{'max_depth': 10, 'max_features': 'log2', 'min_samples_leaf': 2, 'min_samples_split': 10, 'n_estimators': 100}",0.2222222222222222,0.014598540145985401,0.017543859649122806,0.44871794871794873,0.759493670886076,0.29251524832427106,0.28293327889867104,297,0.6034214618973561,0.7380952380952381,0.8413098236775819,0.6861313868613139,0.571917808219178,0.6881751437501336,0.09658713952746066
21.261701345443726,1.321258186040472,0.3748558521270752,0.05030127927952399,10,sqrt,2,5,300,"{'max_depth': 10, 'max_features': 'sqrt', 'min_samples_leaf': 2, 'min_samples_split': 5, 'n_estimators': 300}",0.2222222222222222,0.03333333333333333,0.017543859649122806,0.4166666666666667,0.759493670886076,0.28985195055148416,0.27610599240382305,298,0.7791164658634538,0.8691588785046729,0.8697916666666666,0.6738351254480287,0.7933491686460807,0.7970502610257806,0.07212247019965454
6.476404905319214,0.4036101509067085,0.08466744422912598,0.01856863719060183,15,sqrt,2,5,100,"{'max_depth': 15, 'max_features': 'sqrt', 'min_samples_leaf': 2, 'min_samples_split': 5, 'n_estimators': 100}",0.2222222222222222,0.03333333333333333,0.017543859649122806,0.43537414965986393,0.6885245901639344,0.2793996310056953,0.25459678183109535,299,0.8033126293995859,0.8836104513064132,0.9027027027027027,0.8952380952380953,0.8206388206388207,0.8611005398571235,0.04093751841873913
17.289899015426634,0.5896485107890704,0.2614100933074951,0.07313407614952956,15,log2,2,10,300,"{'max_depth': 15, 'max_features': 'log2', 'min_samples_leaf': 2, 'min_samples_split': 10, 'n_estimators': 300}",0.2222222222222222,0.03333333333333333,0.017543859649122806,0.4246575342465753,0.6885245901639344,0.27725630792303757,0.2533165787741125,300,0.7983539094650206,0.8836104513064132,0.9027027027027027,0.8785046728971962,0.8048192771084337,0.8535982026959534,0.04327501533566998
16.32608332633972,0.4916518017178446,0.33461837768554686,0.0705682308750383,15,log2,2,5,300,"{'max_depth': 15, 'max_features': 'log2', 'min_samples_leaf': 2, 'min_samples_split': 5, 'n_estimators': 300}",0.2222222222222222,0.03333333333333333,0.017543859649122806,0.43537414965986393,0.6774193548387096,0.27717858394065037,0.25104159404262244,301,0.8049792531120332,0.8836104513064132,0.9027027027027027,0.8909952606635071,0.8028846153846154,0.8570344566338545,0.0437884868959804
6.17308988571167,0.3589808892499599,0.07607312202453613,0.024954619702242286,,sqrt,2,5,100,"{'max_depth': None, 'max_features': 'sqrt', 'min_samples_leaf': 2, 'min_samples_split': 5, 'n_estimators': 100}",0.2222222222222222,0.03333333333333333,0.017543859649122806,0.41379310344827586,0.6885245901639344,0.2750834217633777,0.25208649834864605,302,0.9260143198090692,0.9276807980049875,0.9382022471910112,0.9261083743842364,0.9382022471910112,0.931241597316063,0.005714105230041562
6.309634113311768,0.34878081921090626,0.09120764732360839,0.007706330746792289,20,sqrt,2,5,100,"{'max_depth': 20, 'max_features': 'sqrt', 'min_samples_leaf': 2, 'min_samples_split': 5, 'n_estimators': 100}",0.2222222222222222,0.03333333333333333,0.017543859649122806,0.41379310344827586,0.6885245901639344,0.2750834217633777,0.25208649834864605,302,0.9216152019002375,0.9276807980049875,0.9382022471910112,0.9082125603864735,0.9382022471910112,0.9267826109347442,0.011253193484156215
11.893918085098267,0.44790432004540703,0.15753283500671386,0.027548844539570343,15,log2,2,10,200,"{'max_depth': 15, 'max_features': 'log2', 'min_samples_leaf': 2, 'min_samples_split': 10, 'n_estimators': 200}",0.2222222222222222,0.03333333333333333,0.017543859649122806,0.4246575342465753,0.6774193548387096,0.2750352608579926,0.24972410548372637,304,0.8,0.8836104513064132,0.9027027027027027,0.8663594470046083,0.7990430622009569,0.8503431326429363,0.04306016633801856
11.354578685760497,0.23611979969886052,0.15059218406677247,0.016240517740318587,15,log2,2,5,200,"{'max_depth': 15, 'max_features': 'log2', 'min_samples_leaf': 2, 'min_samples_split': 5, 'n_estimators': 200}",0.2222222222222222,0.03333333333333333,0.017543859649122806,0.41379310344827586,0.6774193548387096,0.27286237469833274,0.2484568177020966,305,0.8049792531120332,0.8836104513064132,0.9027027027027027,0.8909952606635071,0.8048192771084337,0.857421388978618,0.04331426786996231
16.963151359558104,0.5276666308324772,0.3298976421356201,0.08984250502352518,15,sqrt,2,5,300,"{'max_depth': 15, 'max_features': 'sqrt', 'min_samples_leaf': 2, 'min_samples_split': 5, 'n_estimators': 300}",0.2222222222222222,0.03333333333333333,0.017543859649122806,0.41379310344827586,0.6774193548387096,0.27286237469833274,0.2484568177020966,305,0.8049792531120332,0.8836104513064132,0.9027027027027027,0.8909952606635071,0.8226600985221675,0.8609895532613647,0.039391205020423606
14.671845197677612,0.5214005802171662,0.3557248592376709,0.10053749753683487,20,log2,2,10,300,"{'max_depth': 20, 'max_features': 'log2', 'min_samples_leaf': 2, 'min_samples_split': 10, 'n_estimators': 300}",0.2222222222222222,0.03333333333333333,0.017543859649122806,0.41379310344827586,0.6666666666666666,0.27071183706392415,0.24496787440195447,307,0.8960739030023095,0.9073170731707317,0.925207756232687,0.8867924528301887,0.925207756232687,0.9081197882937208,0.015392207369723316
11.693205070495605,0.3087138221296748,0.14403800964355468,0.029844059949253945,20,sqrt,2,5,200,"{'max_depth': 20, 'max_features': 'sqrt', 'min_samples_leaf': 2, 'min_samples_split': 5, 'n_estimators': 200}",0.2222222222222222,0.03333333333333333,0.017543859649122806,0.41379310344827586,0.6666666666666666,0.27071183706392415,0.24496787440195447,307,0.9238095238095239,0.9276807980049875,0.9382022471910112,0.9082125603864735,0.9382022471910112,0.9272214753166015,0.01108463746953606
11.929992818832398,0.4563059060660765,0.15635185241699218,0.03659814149551954,15,sqrt,2,5,200,"{'max_depth': 15, 'max_features': 'sqrt', 'min_samples_leaf': 2, 'min_samples_split': 5, 'n_estimators': 200}",0.2222222222222222,0.03333333333333333,0.017543859649122806,0.4246575342465753,0.6557377049180327,0.27069893087385727,0.24279127551631066,309,0.8033126293995859,0.8836104513064132,0.9027027027027027,0.8909952606635071,0.8246913580246914,0.86106248041938,0.039487198617091226
17.11934099197388,0.5815186484640238,0.2672314167022705,0.061785159470019425,,sqrt,2,5,300,"{'max_depth': None, 'max_features': 'sqrt', 'min_samples_leaf': 2, 'min_samples_split': 5, 'n_estimators': 300}",0.2222222222222222,0.03333333333333333,0.017543859649122806,0.41379310344827586,0.6557377049180327,0.2685260447141974,0.2414485870056608,310,0.9260143198090692,0.9276807980049875,0.9382022471910112,0.9170731707317074,0.9382022471910112,0.9294345565855572,0.008016512285275366
17.00528793334961,0.37306657962769846,0.3467137336730957,0.10599161085889278,20,sqrt,2,5,300,"{'max_depth': 20, 'max_features': 'sqrt', 'min_samples_leaf': 2, 'min_samples_split': 5, 'n_estimators': 300}",0.2222222222222222,0.03333333333333333,0.017543859649122806,0.41379310344827586,0.6557377049180327,0.2685260447141974,0.2414485870056608,310,0.9238095238095239,0.9276807980049875,0.9355742296918768,0.9082125603864735,0.9382022471910112,0.9266958718167746,0.010603356059813471
12.131199026107788,0.5118566759097694,0.11237597465515137,0.01022571642751815,,sqrt,2,5,200,"{'max_depth': None, 'max_features': 'sqrt', 'min_samples_leaf': 2, 'min_samples_split': 5, 'n_estimators': 200}",0.2222222222222222,0.03333333333333333,0.017543859649122806,0.41379310344827586,0.6557377049180327,0.2685260447141974,0.2414485870056608,310,0.9238095238095239,0.9276807980049875,0.9382022471910112,0.9082125603864735,0.9382022471910112,0.9272214753166015,0.01108463746953606
10.193692779541015,0.34638881033267666,0.20102829933166505,0.0363429629557618,20,log2,2,5,200,"{'max_depth': 20, 'max_features': 'log2', 'min_samples_leaf': 2, 'min_samples_split': 5, 'n_estimators': 200}",0.2222222222222222,0.0,0.017543859649122806,0.41379310344827586,0.6885245901639344,0.26841675509671103,0.25874449740981986,313,0.9260143198090692,0.9276807980049875,0.925207756232687,0.9082125603864735,0.9408450704225352,0.9255921009711505,0.010386434931616794
5.9598979473114015,0.38865228718290773,0.09475340843200683,0.01578237623625147,,log2,2,5,100,"{'max_depth': None, 'max_features': 'log2', 'min_samples_leaf': 2, 'min_samples_split': 5, 'n_estimators': 100}",0.2222222222222222,0.0,0.017543859649122806,0.41379310344827586,0.6885245901639344,0.26841675509671103,0.25874449740981986,313,0.9326923076923077,0.9276807980049875,0.9408450704225352,0.9170731707317074,0.9408450704225352,0.9318272834548145,0.008924868787311283
15.097879934310914,0.54932873389774,0.2811562538146973,0.09828329796480238,,log2,2,10,300,"{'max_depth': None, 'max_features': 'log2', 'min_samples_leaf': 2, 'min_samples_split': 10, 'n_estimators': 300}",0.2222222222222222,0.03333333333333333,0.017543859649122806,0.3916083916083916,0.6666666666666666,0.26627489469594734,0.2425248825451725,315,0.9044289044289044,0.9185185185185185,0.9329608938547486,0.8867924528301887,0.9382022471910112,0.9161806033646742,0.018834875166703142
15.001217651367188,0.4836008930909114,0.30572195053100587,0.08333468630762624,20,log2,2,5,300,"{'max_depth': 20, 'max_features': 'log2', 'min_samples_leaf': 2, 'min_samples_split': 5, 'n_estimators': 300}",0.2222222222222222,0.0,0.017543859649122806,0.41379310344827586,0.6774193548387096,0.2661957080316661,0.2551515012535963,316,0.9129411764705883,0.9185185185185185,0.925207756232687,0.9038461538461539,0.9382022471910112,0.9197431704517918,0.011585173656523935
6.235366249084473,0.28281423450218507,0.09552526473999023,0.011068531925227455,15,log2,2,5,100,"{'max_depth': 15, 'max_features': 'log2', 'min_samples_leaf': 2, 'min_samples_split': 5, 'n_estimators': 100}",0.2222222222222222,0.0,0.017543859649122806,0.41379310344827586,0.6774193548387096,0.2661957080316661,0.2551515012535963,316,0.8049792531120332,0.8836104513064132,0.9027027027027027,0.8909952606635071,0.8067632850241546,0.8578101905617622,0.04284655060855378
5.346002674102783,0.22218664672488112,0.08134641647338867,0.014531888552037457,20,log2,2,5,100,"{'max_depth': 20, 'max_features': 'log2', 'min_samples_leaf': 2, 'min_samples_split': 5, 'n_estimators': 100}",0.2222222222222222,0.0,0.017543859649122806,0.41379310344827586,0.6666666666666666,0.2640451703972575,0.2516983988490936,318,0.9216152019002375,0.9276807980049875,0.9382022471910112,0.9038461538461539,0.943502824858757,0.9269694451602295,0.013880843134845498
16.239502477645875,0.35916313162775054,0.2474085807800293,0.03941351047014318,,log2,2,5,300,"{'max_depth': None, 'max_features': 'log2', 'min_samples_leaf': 2, 'min_samples_split': 5, 'n_estimators': 300}",0.2222222222222222,0.0,0.017543859649122806,0.36879432624113473,0.6774193548387096,0.2571959525902379,0.2505385999380205,319,0.9260143198090692,0.9276807980049875,0.9382022471910112,0.9082125603864735,0.9382022471910112,0.9276624345165105,0.01098352880824745
10.407661056518554,0.3957565639379911,0.1727982997894287,0.035137190589321125,,log2,2,5,200,"{'max_depth': None, 'max_features': 'log2', 'min_samples_leaf': 2, 'min_samples_split': 5, 'n_estimators': 200}",0.2222222222222222,0.0,0.017543859649122806,0.36879432624113473,0.6774193548387096,0.2571959525902379,0.2505385999380205,319,0.9260143198090692,0.9276807980049875,0.9382022471910112,0.9082125603864735,0.9461756373937678,0.9292571125570618,0.01282283560452871
8.35857105255127,0.3318043320899397,0.1331026077270508,0.03376177199820251,10,log2,2,5,100,"{'max_depth': 10, 'max_features': 'log2', 'min_samples_leaf': 2, 'min_samples_split': 5, 'n_estimators': 100}",0.0,0.0,0.017543859649122806,0.45569620253164556,0.75,0.2446480124361537,0.3069865033086467,321,0.5987654320987654,0.744,0.8267326732673267,0.6886446886446886,0.5758620689655173,0.6868009725952595,0.09264308458484666
6.052894258499146,0.08741382429147967,0.09996609687805176,0.021622111197769366,15,log2,2,10,100,"{'max_depth': 15, 'max_features': 'log2', 'min_samples_leaf': 2, 'min_samples_split': 10, 'n_estimators': 100}",0.2222222222222222,0.03333333333333333,0.017543859649122806,0.4246575342465753,0.10526315789473684,0.1606040214691981,0.15049764743267072,322,0.8,0.8836104513064132,0.9027027027027027,0.8703703703703703,0.8206388206388207,0.8554644690036615,0.03882001041791659
5.6459822177886965,0.3273967624013567,0.10639872550964355,0.01194185755622595,20,log2,2,10,100,"{'max_depth': 20, 'max_features': 'log2', 'min_samples_leaf': 2, 'min_samples_split': 10, 'n_estimators': 100}",0.2222222222222222,0.03333333333333333,0.017543859649122806,0.41379310344827586,0.10526315789473684,0.1584311353095382,0.1467000721648519,323,0.8719101123595505,0.9073170731707317,0.925207756232687,0.8909952606635071,0.925207756232687,0.9041275917318327,0.020539442830840263
6.15811185836792,0.41809475749175373,0.08779697418212891,0.014783649478926868,,log2,2,10,100,"{'max_depth': None, 'max_features': 'log2', 'min_samples_leaf': 2, 'min_samples_split': 10, 'n_estimators': 100}",0.2222222222222222,0.03333333333333333,0.017543859649122806,0.41379310344827586,0.10526315789473684,0.1584311353095382,0.1467000721648519,323,0.8960739030023095,0.9073170731707317,0.9329608938547486,0.9038461538461539,0.9382022471910112,0.9156800542129909,0.016734744756732
