TimeStamp(UTC+8),USN,File/Directory Name,FullPath,EventInfo,SourceInfo,FileAttribute,Carving Flag,FileReferenceNumber,ParentFileReferenceNumber,case_id,label_category,label_detail
12/23/23 00:21:57,1327928416,NEWFILETIME_X64.EXE-6C60D39A.pf,\Windows\Prefetch\NEWFILETIME_X64.EXE-6C60D39A.pf,File_Created / Data_Added / File_Closed,Normal,Archive / Not_Content_Indexed,,0x0012000000020065,0x0002000000019619,1,Execution of Suspicious Programs,NewFileTime (Timestamp Manipulation) has been executed.
12/23/23 00:22:44,1328063200,NewFileTime_SI_C_Manipulation.dll,\Program Files\Windows Mail\NewFileTime_SI_C_Manipulation.dll,Basic_Info_Changed / File_Closed,Normal,Archive,,0x022400000001E27E,0x000100000000009C,1,Timestamp Manipulation,"[Suspicious] The timestamp of NewFileTime_SI_C_Manipulation.dll"" may have been manipulated. (Zero in CreationTime's 100-nanoseconds) => ((CreationTime : 2022-12-23 00:21:50(Zero in 100-nanoseconds)) != (Creation Event Time : 2023-12-23 00:21:36))"""
12/26/23 15:24:22,1717339472,NEWFILETIME_X64.EXE-6C60D39A.pf,\Windows\Prefetch\NEWFILETIME_X64.EXE-6C60D39A.pf,File_Created / Data_Added / File_Closed,Normal,Archive / Not_Content_Indexed,,0x000900000000C03C,0x0002000000019619,2,Execution of Suspicious Programs,NewFileTime (Timestamp Manipulation) has been executed.
12/26/23 0:36:52,1717182464,NEWFILETIME_X64.EXE-6C60D39A.pf,\Windows\Prefetch\NEWFILETIME_X64.EXE-6C60D39A.pf,File_Created / Data_Added / File_Closed,Normal,Archive / Not_Content_Indexed,,0x000600000000C025,0x0002000000019619,3,Execution of Suspicious Programs,NewFileTime (Timestamp Manipulation) has been executed.
12/26/23 0:37:48,1717195024,NewFileTime_SI_MAC_Manipulation.dll,\Program Files\Windows Mail\NewFileTime_SI_MAC_Manipulation.dll,Basic_Info_Changed / File_Closed,Normal,Archive,,0x000E00000000C01C,0x000100000000009C,3,Timestamp Manipulation,"[Suspicious] The timestamp of NewFileTime_SI_MAC_Manipulation.dll"" may have been manipulated. (Zero in CreationTime's 100-nanoseconds) => ((CreationTime : 2022-12-26 00:36:44(Zero in 100-nanoseconds)) != (Creation Event Time : 2023-12-26 00:36:29))"""
12/31/23 0:05:48,1754528600,PowerShell_SI_C_Manipulation.dll,\Program Files\Windows Mail\PowerShell_SI_C_Manipulation.dll,Basic_Info_Changed / File_Closed,Normal,Archive,,0x000300000000C36A,0x000100000000009C,4,Timestamp Manipulation,"[Suspicious] The timestamp of PowerShell_SI_C_Manipulation.dll"" may have been manipulated. => ((CreationTime : 2022-12-24 11:24:41) != (Creation Event Time : 2023-12-31 00:00:32))"""
12/31/23 0:36:32,1754186016,WindowsUpdate.20231225.164824.113.72.etl,\Windows\Temp\_0BF2011F-7342-4A5A-A8E9-ACD34468FCA3\WindowsUpdate.20231225.164824.113.72.etl,File_Created / Basic_Info_Changed / Data_Added / Data_Overwritten / File_Closed,Normal,Archive,,0x000200000000C9F3,0x000400000000C9F2,6,Timestamp Manipulation,"[Suspicious] The timestamp of WindowsUpdate.20231225.164824.113.72.etl"" may have been manipulated. => ((CreationTime : 2023-12-31 00:36:32) != (Creation Event Time : 2023-12-31 00:21:17))"""
12/31/23 0:36:32,1754186736,WindowsUpdate.20231225.164824.113.73.etl,\Windows\Temp\_0BF2011F-7342-4A5A-A8E9-ACD34468FCA3\WindowsUpdate.20231225.164824.113.73.etl,File_Created / Basic_Info_Changed / Data_Added / Data_Overwritten / File_Closed,Normal,Archive,,0x000200000000C9F5,0x000400000000C9F2,6,Timestamp Manipulation,"[Suspicious] The timestamp of WindowsUpdate.20231225.164824.113.73.etl"" may have been manipulated. => ((CreationTime : 2023-12-31 00:36:32) != (Creation Event Time : 2023-12-31 00:21:17))"""
12/31/23 0:36:32,1754187456,WindowsUpdate.20231225.164824.113.74.etl,\Windows\Temp\_0BF2011F-7342-4A5A-A8E9-ACD34468FCA3\WindowsUpdate.20231225.164824.113.74.etl,File_Created / Basic_Info_Changed / Data_Added / Data_Overwritten / File_Closed,Normal,Archive,,0x000200000000C9F6,0x000400000000C9F2,6,Timestamp Manipulation,"[Suspicious] The timestamp of WindowsUpdate.20231225.164824.113.74.etl"" may have been manipulated. => ((CreationTime : 2023-12-31 00:36:32) != (Creation Event Time : 2023-12-31 00:21:17))"""
12/31/23 0:36:32,1754188176,WindowsUpdate.20231225.164824.113.75.etl,\Windows\Temp\_0BF2011F-7342-4A5A-A8E9-ACD34468FCA3\WindowsUpdate.20231225.164824.113.75.etl,File_Created / Basic_Info_Changed / Data_Added / Data_Overwritten / File_Closed,Normal,Archive,,0x000300000000C9F7,0x000400000000C9F2,6,Timestamp Manipulation,"[Suspicious] The timestamp of WindowsUpdate.20231225.164824.113.75.etl"" may have been manipulated. => ((CreationTime : 2023-12-31 00:36:32) != (Creation Event Time : 2023-12-31 00:21:17))"""
12/31/23 0:36:32,1754188896,WindowsUpdate.20231225.164824.113.76.etl,\Windows\Temp\_0BF2011F-7342-4A5A-A8E9-ACD34468FCA3\WindowsUpdate.20231225.164824.113.76.etl,File_Created / Basic_Info_Changed / Data_Added / Data_Overwritten / File_Closed,Normal,Archive,,0x000300000000C9F8,0x000400000000C9F2,6,Timestamp Manipulation,"[Suspicious] The timestamp of WindowsUpdate.20231225.164824.113.76.etl"" may have been manipulated. => ((CreationTime : 2023-12-31 00:36:32) != (Creation Event Time : 2023-12-31 00:21:17))"""
12/31/23 0:36:32,1754189616,WindowsUpdate.20231225.164824.113.77.etl,\Windows\Temp\_0BF2011F-7342-4A5A-A8E9-ACD34468FCA3\WindowsUpdate.20231225.164824.113.77.etl,File_Created / Basic_Info_Changed / Data_Added / Data_Overwritten / File_Closed,Normal,Archive,,0x000200000000C9F9,0x000400000000C9F2,6,Timestamp Manipulation,"[Suspicious] The timestamp of WindowsUpdate.20231225.164824.113.77.etl"" may have been manipulated. => ((CreationTime : 2023-12-31 00:36:32) != (Creation Event Time : 2023-12-31 00:21:17))"""
12/31/23 0:36:32,1754190400,WindowsUpdate.20231225.164824.113.78.etl,\Windows\Temp\_0BF2011F-7342-4A5A-A8E9-ACD34468FCA3\WindowsUpdate.20231225.164824.113.78.etl,File_Created / Basic_Info_Changed / Data_Added / Data_Overwritten / File_Closed,Normal,Archive,,0x000200000000C9FA,0x000400000000C9F2,6,Timestamp Manipulation,"[Suspicious] The timestamp of WindowsUpdate.20231225.164824.113.78.etl"" may have been manipulated. => ((CreationTime : 2023-12-31 00:36:32) != (Creation Event Time : 2023-12-31 00:21:17))"""
12/31/23 0:36:32,1754191120,WindowsUpdate.20231225.164824.113.79.etl,\Windows\Temp\_0BF2011F-7342-4A5A-A8E9-ACD34468FCA3\WindowsUpdate.20231225.164824.113.79.etl,File_Created / Basic_Info_Changed / Data_Added / Data_Overwritten / File_Closed,Normal,Archive,,0x000200000000C9FB,0x000400000000C9F2,6,Timestamp Manipulation,"[Suspicious] The timestamp of WindowsUpdate.20231225.164824.113.79.etl"" may have been manipulated. => ((CreationTime : 2023-12-31 00:36:32) != (Creation Event Time : 2023-12-31 00:21:17))"""
12/31/23 0:36:32,1754191840,WindowsUpdate.20231225.164824.113.80.etl,\Windows\Temp\_0BF2011F-7342-4A5A-A8E9-ACD34468FCA3\WindowsUpdate.20231225.164824.113.80.etl,File_Created / Basic_Info_Changed / Data_Added / Data_Overwritten / File_Closed,Normal,Archive,,0x000200000000C9FD,0x000400000000C9F2,6,Timestamp Manipulation,"[Suspicious] The timestamp of WindowsUpdate.20231225.164824.113.80.etl"" may have been manipulated. => ((CreationTime : 2023-12-31 00:36:32) != (Creation Event Time : 2023-12-31 00:21:17))"""
12/31/23 0:36:32,1754192560,WindowsUpdate.20231225.164824.113.81.etl,\Windows\Temp\_0BF2011F-7342-4A5A-A8E9-ACD34468FCA3\WindowsUpdate.20231225.164824.113.81.etl,File_Created / Basic_Info_Changed / Data_Added / Data_Overwritten / File_Closed,Normal,Archive,,0x000200000000CA04,0x000400000000C9F2,6,Timestamp Manipulation,"[Suspicious] The timestamp of WindowsUpdate.20231225.164824.113.81.etl"" may have been manipulated. => ((CreationTime : 2023-12-31 00:36:32) != (Creation Event Time : 2023-12-31 00:21:17))"""
12/31/23 0:36:32,1754193280,WindowsUpdate.20231225.164824.113.82.etl,\Windows\Temp\_0BF2011F-7342-4A5A-A8E9-ACD34468FCA3\WindowsUpdate.20231225.164824.113.82.etl,File_Created / Basic_Info_Changed / Data_Added / Data_Overwritten / File_Closed,Normal,Archive,,0x000200000000CA05,0x000400000000C9F2,6,Timestamp Manipulation,"[Suspicious] The timestamp of WindowsUpdate.20231225.164824.113.82.etl"" may have been manipulated. => ((CreationTime : 2023-12-31 00:36:32) != (Creation Event Time : 2023-12-31 00:21:17))"""
12/31/23 0:36:32,1754194064,WindowsUpdate.20231225.164824.113.83.etl,\Windows\Temp\_0BF2011F-7342-4A5A-A8E9-ACD34468FCA3\WindowsUpdate.20231225.164824.113.83.etl,File_Created / Basic_Info_Changed / Data_Added / Data_Overwritten / File_Closed,Normal,Archive,,0x000300000000CA06,0x000400000000C9F2,6,Timestamp Manipulation,"[Suspicious] The timestamp of WindowsUpdate.20231225.164824.113.83.etl"" may have been manipulated. => ((CreationTime : 2023-12-31 00:36:32) != (Creation Event Time : 2023-12-31 00:21:17))"""
12/31/23 0:36:32,1754194784,WindowsUpdate.20231225.164824.113.84.etl,\Windows\Temp\_0BF2011F-7342-4A5A-A8E9-ACD34468FCA3\WindowsUpdate.20231225.164824.113.84.etl,File_Created / Basic_Info_Changed / Data_Added / Data_Overwritten / File_Closed,Normal,Archive,,0x000200000000CA08,0x000400000000C9F2,6,Timestamp Manipulation,"[Suspicious] The timestamp of WindowsUpdate.20231225.164824.113.84.etl"" may have been manipulated. => ((CreationTime : 2023-12-31 00:36:32) != (Creation Event Time : 2023-12-31 00:21:17))"""
12/31/23 0:36:32,1754195504,WindowsUpdate.20231225.164824.113.85.etl,\Windows\Temp\_0BF2011F-7342-4A5A-A8E9-ACD34468FCA3\WindowsUpdate.20231225.164824.113.85.etl,File_Created / Basic_Info_Changed / Data_Added / Data_Overwritten / File_Closed,Normal,Archive,,0x000200000000CA09,0x000400000000C9F2,6,Timestamp Manipulation,"[Suspicious] The timestamp of WindowsUpdate.20231225.164824.113.85.etl"" may have been manipulated. => ((CreationTime : 2023-12-31 00:36:32) != (Creation Event Time : 2023-12-31 00:21:17))"""
12/31/23 0:36:32,1754196224,WindowsUpdate.20231225.164824.113.86.etl,\Windows\Temp\_0BF2011F-7342-4A5A-A8E9-ACD34468FCA3\WindowsUpdate.20231225.164824.113.86.etl,File_Created / Basic_Info_Changed / Data_Added / Data_Overwritten / File_Closed,Normal,Archive,,0x000200000000CA0B,0x000400000000C9F2,6,Timestamp Manipulation,"[Suspicious] The timestamp of WindowsUpdate.20231225.164824.113.86.etl"" may have been manipulated. => ((CreationTime : 2023-12-31 00:36:32) != (Creation Event Time : 2023-12-31 00:21:17))"""
12/31/23 0:36:32,1754196944,WindowsUpdate.20231225.164824.113.87.etl,\Windows\Temp\_0BF2011F-7342-4A5A-A8E9-ACD34468FCA3\WindowsUpdate.20231225.164824.113.87.etl,File_Created / Basic_Info_Changed / Data_Added / Data_Overwritten / File_Closed,Normal,Archive,,0x000300000000CA0C,0x000400000000C9F2,6,Timestamp Manipulation,"[Suspicious] The timestamp of WindowsUpdate.20231225.164824.113.87.etl"" may have been manipulated. => ((CreationTime : 2023-12-31 00:36:32) != (Creation Event Time : 2023-12-31 00:21:17))"""
12/31/23 0:36:32,1754197664,WindowsUpdate.20231225.164824.113.88.etl,\Windows\Temp\_0BF2011F-7342-4A5A-A8E9-ACD34468FCA3\WindowsUpdate.20231225.164824.113.88.etl,File_Created / Basic_Info_Changed / Data_Added / Data_Overwritten / File_Closed,Normal,Archive,,0x000300000000CA0D,0x000400000000C9F2,6,Timestamp Manipulation,"[Suspicious] The timestamp of WindowsUpdate.20231225.164824.113.88.etl"" may have been manipulated. => ((CreationTime : 2023-12-31 00:36:32) != (Creation Event Time : 2023-12-31 00:21:17))"""
12/31/23 0:36:32,1754198448,WindowsUpdate.20231225.164824.113.89.etl,\Windows\Temp\_0BF2011F-7342-4A5A-A8E9-ACD34468FCA3\WindowsUpdate.20231225.164824.113.89.etl,File_Created / Basic_Info_Changed / Data_Added / Data_Overwritten / File_Closed,Normal,Archive,,0x000200000000CA0F,0x000400000000C9F2,6,Timestamp Manipulation,"[Suspicious] The timestamp of WindowsUpdate.20231225.164824.113.89.etl"" may have been manipulated. => ((CreationTime : 2023-12-31 00:36:32) != (Creation Event Time : 2023-12-31 00:21:18))"""
12/31/23 0:36:32,1754199168,WindowsUpdate.20231225.173759.428.1.etl,\Windows\Temp\_0BF2011F-7342-4A5A-A8E9-ACD34468FCA3\WindowsUpdate.20231225.173759.428.1.etl,File_Created / Basic_Info_Changed / Data_Added / Data_Overwritten / File_Closed,Normal,Archive,,0x000200000000CA10,0x000400000000C9F2,6,Timestamp Manipulation,"[Suspicious] The timestamp of WindowsUpdate.20231225.173759.428.1.etl"" may have been manipulated. => ((CreationTime : 2023-12-31 00:36:32) != (Creation Event Time : 2023-12-31 00:21:18))"""
12/31/23 0:36:32,1754199888,WindowsUpdate.20231225.173759.428.2.etl,\Windows\Temp\_0BF2011F-7342-4A5A-A8E9-ACD34468FCA3\WindowsUpdate.20231225.173759.428.2.etl,File_Created / Basic_Info_Changed / Data_Added / Data_Overwritten / File_Closed,Normal,Archive,,0x000200000000CA12,0x000400000000C9F2,6,Timestamp Manipulation,"[Suspicious] The timestamp of WindowsUpdate.20231225.173759.428.2.etl"" may have been manipulated. => ((CreationTime : 2023-12-31 00:36:32) != (Creation Event Time : 2023-12-31 00:21:18))"""
12/31/23 0:36:32,1754200608,WindowsUpdate.20231225.175817.420.1.etl,\Windows\Temp\_0BF2011F-7342-4A5A-A8E9-ACD34468FCA3\WindowsUpdate.20231225.175817.420.1.etl,File_Created / Basic_Info_Changed / Data_Added / Data_Overwritten / File_Closed,Normal,Archive,,0x000300000000CA13,0x000400000000C9F2,6,Timestamp Manipulation,"[Suspicious] The timestamp of WindowsUpdate.20231225.175817.420.1.etl"" may have been manipulated. => ((CreationTime : 2023-12-31 00:36:32) != (Creation Event Time : 2023-12-31 00:21:18))"""
12/31/23 0:36:32,1754201328,WindowsUpdate.20231225.181843.333.1.etl,\Windows\Temp\_0BF2011F-7342-4A5A-A8E9-ACD34468FCA3\WindowsUpdate.20231225.181843.333.1.etl,File_Created / Basic_Info_Changed / Data_Added / Data_Overwritten / File_Closed,Normal,Archive,,0x000200000000CA14,0x000400000000C9F2,6,Timestamp Manipulation,"[Suspicious] The timestamp of WindowsUpdate.20231225.181843.333.1.etl"" may have been manipulated. => ((CreationTime : 2023-12-31 00:36:32) != (Creation Event Time : 2023-12-31 00:21:18))"""
12/31/23 0:36:32,1754202112,WindowsUpdate.20231225.183040.874.1.etl,\Windows\Temp\_0BF2011F-7342-4A5A-A8E9-ACD34468FCA3\WindowsUpdate.20231225.183040.874.1.etl,File_Created / Basic_Info_Changed / Data_Added / Data_Overwritten / File_Closed,Normal,Archive,,0x000300000000CA17,0x000400000000C9F2,6,Timestamp Manipulation,"[Suspicious] The timestamp of WindowsUpdate.20231225.183040.874.1.etl"" may have been manipulated. => ((CreationTime : 2023-12-31 00:36:32) != (Creation Event Time : 2023-12-31 00:21:18))"""
12/31/23 0:36:32,1754202832,WindowsUpdate.20231225.184944.109.1.etl,\Windows\Temp\_0BF2011F-7342-4A5A-A8E9-ACD34468FCA3\WindowsUpdate.20231225.184944.109.1.etl,File_Created / Basic_Info_Changed / Data_Added / Data_Overwritten / File_Closed,Normal,Archive,,0x000200000000CA19,0x000400000000C9F2,6,Timestamp Manipulation,"[Suspicious] The timestamp of WindowsUpdate.20231225.184944.109.1.etl"" may have been manipulated. => ((CreationTime : 2023-12-31 00:36:32) != (Creation Event Time : 2023-12-31 00:21:18))"""
12/31/23 0:36:32,1754203640,WindowsUpdate.20231225.191048.081.1.etl,\Windows\Temp\_0BF2011F-7342-4A5A-A8E9-ACD34468FCA3\WindowsUpdate.20231225.191048.081.1.etl,File_Created / Basic_Info_Changed / Data_Added / Data_Overwritten / File_Closed,Normal,Archive,,0x000300000000CA1E,0x000400000000C9F2,6,Timestamp Manipulation,"[Suspicious] The timestamp of WindowsUpdate.20231225.191048.081.1.etl"" may have been manipulated. => ((CreationTime : 2023-12-31 00:36:32) != (Creation Event Time : 2023-12-31 00:21:18))"""
12/31/23 0:36:32,1754204536,WindowsUpdate.20231225.193041.301.1.etl,\Windows\Temp\_0BF2011F-7342-4A5A-A8E9-ACD34468FCA3\WindowsUpdate.20231225.193041.301.1.etl,File_Created / Basic_Info_Changed / Data_Added / Data_Overwritten / File_Closed,Normal,Archive,,0x000200000000CA21,0x000400000000C9F2,6,Timestamp Manipulation,"[Suspicious] The timestamp of WindowsUpdate.20231225.193041.301.1.etl"" may have been manipulated. => ((CreationTime : 2023-12-31 00:36:32) != (Creation Event Time : 2023-12-31 00:21:18))"""
12/31/23 0:36:32,1754208416,WindowsUpdate.20231225.231817.373.1.etl,\Windows\Temp\_0BF2011F-7342-4A5A-A8E9-ACD34468FCA3\WindowsUpdate.20231225.231817.373.1.etl,File_Created / Basic_Info_Changed / Data_Added / Data_Overwritten / File_Closed,Normal,Archive,,0x000200000000CA27,0x000400000000C9F2,6,Timestamp Manipulation,"[Suspicious] The timestamp of WindowsUpdate.20231225.231817.373.1.etl"" may have been manipulated. => ((CreationTime : 2023-12-31 00:36:32) != (Creation Event Time : 2023-12-31 00:21:18))"""
12/31/23 0:36:32,1754209248,WindowsUpdate.20231225.235013.988.1.etl,\Windows\Temp\_0BF2011F-7342-4A5A-A8E9-ACD34468FCA3\WindowsUpdate.20231225.235013.988.1.etl,File_Created / Basic_Info_Changed / Data_Added / Data_Overwritten / File_Closed,Normal,Archive,,0x000200000000CA29,0x000400000000C9F2,6,Timestamp Manipulation,"[Suspicious] The timestamp of WindowsUpdate.20231225.235013.988.1.etl"" may have been manipulated. => ((CreationTime : 2023-12-31 00:36:32) != (Creation Event Time : 2023-12-31 00:21:18))"""
12/31/23 0:36:32,1754211056,WindowsUpdate.20231226.001944.806.1.etl,\Windows\Temp\_0BF2011F-7342-4A5A-A8E9-ACD34468FCA3\WindowsUpdate.20231226.001944.806.1.etl,File_Created / Basic_Info_Changed / Data_Added / Data_Overwritten / File_Closed,Normal,Archive,,0x000200000000CA2C,0x000400000000C9F2,6,Timestamp Manipulation,"[Suspicious] The timestamp of WindowsUpdate.20231226.001944.806.1.etl"" may have been manipulated. => ((CreationTime : 2023-12-31 00:36:32) != (Creation Event Time : 2023-12-31 00:21:18))"""
12/31/23 0:36:32,1754212496,WindowsUpdate.20231226.010558.490.1.etl,\Windows\Temp\_0BF2011F-7342-4A5A-A8E9-ACD34468FCA3\WindowsUpdate.20231226.010558.490.1.etl,File_Created / Basic_Info_Changed / Data_Added / Data_Overwritten / File_Closed,Normal,Archive,,0x000200000000CA2E,0x000400000000C9F2,6,Timestamp Manipulation,"[Suspicious] The timestamp of WindowsUpdate.20231226.010558.490.1.etl"" may have been manipulated. => ((CreationTime : 2023-12-31 00:36:32) != (Creation Event Time : 2023-12-31 00:21:18))"""
12/31/23 0:36:32,1754213216,WindowsUpdate.20231227.004534.197.1.etl,\Windows\Temp\_0BF2011F-7342-4A5A-A8E9-ACD34468FCA3\WindowsUpdate.20231227.004534.197.1.etl,File_Created / Basic_Info_Changed / Data_Added / Data_Overwritten / File_Closed,Normal,Archive,,0x000200000000CA2F,0x000400000000C9F2,6,Timestamp Manipulation,"[Suspicious] The timestamp of WindowsUpdate.20231227.004534.197.1.etl"" may have been manipulated. => ((CreationTime : 2023-12-31 00:36:32) != (Creation Event Time : 2023-12-31 00:21:18))"""
12/31/23 0:36:32,1754213936,WindowsUpdate.20231227.014918.931.1.etl,\Windows\Temp\_0BF2011F-7342-4A5A-A8E9-ACD34468FCA3\WindowsUpdate.20231227.014918.931.1.etl,File_Created / Basic_Info_Changed / Data_Added / Data_Overwritten / File_Closed,Normal,Archive,,0x000300000000CA31,0x000400000000C9F2,6,Timestamp Manipulation,"[Suspicious] The timestamp of WindowsUpdate.20231227.014918.931.1.etl"" may have been manipulated. => ((CreationTime : 2023-12-31 00:36:32) != (Creation Event Time : 2023-12-31 00:21:18))"""
12/31/23 0:36:32,1754214688,WindowsUpdate.20231227.024016.873.1.etl,\Windows\Temp\_0BF2011F-7342-4A5A-A8E9-ACD34468FCA3\WindowsUpdate.20231227.024016.873.1.etl,File_Created / Basic_Info_Changed / Data_Added / Data_Overwritten / File_Closed,Normal,Archive,,0x000200000000CA32,0x000400000000C9F2,6,Timestamp Manipulation,"[Suspicious] The timestamp of WindowsUpdate.20231227.024016.873.1.etl"" may have been manipulated. => ((CreationTime : 2023-12-31 00:36:32) != (Creation Event Time : 2023-12-31 00:21:18))"""
12/31/23 0:36:32,1754215408,WindowsUpdate.20231227.034017.132.1.etl,\Windows\Temp\_0BF2011F-7342-4A5A-A8E9-ACD34468FCA3\WindowsUpdate.20231227.034017.132.1.etl,File_Created / Basic_Info_Changed / Data_Added / Data_Overwritten / File_Closed,Normal,Archive,,0x000200000000CA33,0x000400000000C9F2,6,Timestamp Manipulation,"[Suspicious] The timestamp of WindowsUpdate.20231227.034017.132.1.etl"" may have been manipulated. => ((CreationTime : 2023-12-31 00:36:32) != (Creation Event Time : 2023-12-31 00:21:18))"""
12/31/23 0:36:32,1754216128,WindowsUpdate.20231227.040129.253.1.etl,\Windows\Temp\_0BF2011F-7342-4A5A-A8E9-ACD34468FCA3\WindowsUpdate.20231227.040129.253.1.etl,File_Created / Basic_Info_Changed / Data_Added / Data_Overwritten / File_Closed,Normal,Archive,,0x000200000000CA34,0x000400000000C9F2,6,Timestamp Manipulation,"[Suspicious] The timestamp of WindowsUpdate.20231227.040129.253.1.etl"" may have been manipulated. => ((CreationTime : 2023-12-31 00:36:32) != (Creation Event Time : 2023-12-31 00:21:18))"""
12/31/23 0:36:32,1754216848,WindowsUpdate.20231227.044017.181.1.etl,\Windows\Temp\_0BF2011F-7342-4A5A-A8E9-ACD34468FCA3\WindowsUpdate.20231227.044017.181.1.etl,File_Created / Basic_Info_Changed / Data_Added / Data_Overwritten / File_Closed,Normal,Archive,,0x000300000000CA35,0x000400000000C9F2,6,Timestamp Manipulation,"[Suspicious] The timestamp of WindowsUpdate.20231227.044017.181.1.etl"" may have been manipulated. => ((CreationTime : 2023-12-31 00:36:32) != (Creation Event Time : 2023-12-31 00:21:18))"""
12/31/23 0:36:32,1754217568,WindowsUpdate.20231227.054017.182.1.etl,\Windows\Temp\_0BF2011F-7342-4A5A-A8E9-ACD34468FCA3\WindowsUpdate.20231227.054017.182.1.etl,File_Created / Basic_Info_Changed / Data_Added / Data_Overwritten / File_Closed,Normal,Archive,,0x000200000000CA39,0x000400000000C9F2,6,Timestamp Manipulation,"[Suspicious] The timestamp of WindowsUpdate.20231227.054017.182.1.etl"" may have been manipulated. => ((CreationTime : 2023-12-31 00:36:32) != (Creation Event Time : 2023-12-31 00:21:18))"""
12/31/23 0:36:32,1754218288,WindowsUpdate.20231227.064017.196.1.etl,\Windows\Temp\_0BF2011F-7342-4A5A-A8E9-ACD34468FCA3\WindowsUpdate.20231227.064017.196.1.etl,File_Created / Basic_Info_Changed / Data_Added / Data_Overwritten / File_Closed,Normal,Archive,,0x000200000000CA41,0x000400000000C9F2,6,Timestamp Manipulation,"[Suspicious] The timestamp of WindowsUpdate.20231227.064017.196.1.etl"" may have been manipulated. => ((CreationTime : 2023-12-31 00:36:32) != (Creation Event Time : 2023-12-31 00:21:18))"""
12/31/23 0:36:32,1754219072,WindowsUpdate.20231227.074017.195.1.etl,\Windows\Temp\_0BF2011F-7342-4A5A-A8E9-ACD34468FCA3\WindowsUpdate.20231227.074017.195.1.etl,File_Created / Basic_Info_Changed / Data_Added / Data_Overwritten / File_Closed,Normal,Archive,,0x000200000000CA42,0x000400000000C9F2,6,Timestamp Manipulation,"[Suspicious] The timestamp of WindowsUpdate.20231227.074017.195.1.etl"" may have been manipulated. => ((CreationTime : 2023-12-31 00:36:32) != (Creation Event Time : 2023-12-31 00:21:18))"""
12/31/23 0:36:32,1754219792,WindowsUpdate.20231227.083512.034.1.etl,\Windows\Temp\_0BF2011F-7342-4A5A-A8E9-ACD34468FCA3\WindowsUpdate.20231227.083512.034.1.etl,File_Created / Basic_Info_Changed / Data_Added / Data_Overwritten / File_Closed,Normal,Archive,,0x000300000000CA45,0x000400000000C9F2,6,Timestamp Manipulation,"[Suspicious] The timestamp of WindowsUpdate.20231227.083512.034.1.etl"" may have been manipulated. => ((CreationTime : 2023-12-31 00:36:32) != (Creation Event Time : 2023-12-31 00:21:18))"""
12/31/23 0:36:32,1754220512,WindowsUpdate.20231227.084749.101.1.etl,\Windows\Temp\_0BF2011F-7342-4A5A-A8E9-ACD34468FCA3\WindowsUpdate.20231227.084749.101.1.etl,File_Created / Basic_Info_Changed / Data_Added / Data_Overwritten / File_Closed,Normal,Archive,,0x000200000000CA47,0x000400000000C9F2,6,Timestamp Manipulation,"[Suspicious] The timestamp of WindowsUpdate.20231227.084749.101.1.etl"" may have been manipulated. => ((CreationTime : 2023-12-31 00:36:32) != (Creation Event Time : 2023-12-31 00:21:18))"""
12/31/23 0:36:32,1754221232,WindowsUpdate.20231227.094749.424.1.etl,\Windows\Temp\_0BF2011F-7342-4A5A-A8E9-ACD34468FCA3\WindowsUpdate.20231227.094749.424.1.etl,File_Created / Basic_Info_Changed / Data_Added / Data_Overwritten / File_Closed,Normal,Archive,,0x000200000000CA61,0x000400000000C9F2,6,Timestamp Manipulation,"[Suspicious] The timestamp of WindowsUpdate.20231227.094749.424.1.etl"" may have been manipulated. => ((CreationTime : 2023-12-31 00:36:32) != (Creation Event Time : 2023-12-31 00:21:18))"""
12/31/23 0:36:32,1754221952,WindowsUpdate.20231227.104749.422.1.etl,\Windows\Temp\_0BF2011F-7342-4A5A-A8E9-ACD34468FCA3\WindowsUpdate.20231227.104749.422.1.etl,File_Created / Basic_Info_Changed / Data_Added / Data_Overwritten / File_Closed,Normal,Archive,,0x000200000000CA80,0x000400000000C9F2,6,Timestamp Manipulation,"[Suspicious] The timestamp of WindowsUpdate.20231227.104749.422.1.etl"" may have been manipulated. => ((CreationTime : 2023-12-31 00:36:32) != (Creation Event Time : 2023-12-31 00:21:18))"""
12/31/23 0:36:32,1754222736,WindowsUpdate.20231227.114749.422.1.etl,\Windows\Temp\_0BF2011F-7342-4A5A-A8E9-ACD34468FCA3\WindowsUpdate.20231227.114749.422.1.etl,File_Created / Basic_Info_Changed / Data_Added / Data_Overwritten / File_Closed,Normal,Archive,,0x000200000000CAAB,0x000400000000C9F2,6,Timestamp Manipulation,"[Suspicious] The timestamp of WindowsUpdate.20231227.114749.422.1.etl"" may have been manipulated. => ((CreationTime : 2023-12-31 00:36:32) != (Creation Event Time : 2023-12-31 00:21:18))"""
12/31/23 0:36:32,1754223456,WindowsUpdate.20231227.123941.413.1.etl,\Windows\Temp\_0BF2011F-7342-4A5A-A8E9-ACD34468FCA3\WindowsUpdate.20231227.123941.413.1.etl,File_Created / Basic_Info_Changed / Data_Added / Data_Overwritten / File_Closed,Normal,Archive,,0x000200000000CAAC,0x000400000000C9F2,6,Timestamp Manipulation,"[Suspicious] The timestamp of WindowsUpdate.20231227.123941.413.1.etl"" may have been manipulated. => ((CreationTime : 2023-12-31 00:36:32) != (Creation Event Time : 2023-12-31 00:21:18))"""
12/31/23 0:36:32,1754224176,WindowsUpdate.20231227.131751.671.1.etl,\Windows\Temp\_0BF2011F-7342-4A5A-A8E9-ACD34468FCA3\WindowsUpdate.20231227.131751.671.1.etl,File_Created / Basic_Info_Changed / Data_Added / Data_Overwritten / File_Closed,Normal,Archive,,0x000300000000CAC0,0x000400000000C9F2,6,Timestamp Manipulation,"[Suspicious] The timestamp of WindowsUpdate.20231227.131751.671.1.etl"" may have been manipulated. => ((CreationTime : 2023-12-31 00:36:32) != (Creation Event Time : 2023-12-31 00:21:18))"""
12/31/23 0:36:32,1754224896,WindowsUpdate.20231227.141751.921.1.etl,\Windows\Temp\_0BF2011F-7342-4A5A-A8E9-ACD34468FCA3\WindowsUpdate.20231227.141751.921.1.etl,File_Created / Basic_Info_Changed / Data_Added / Data_Overwritten / File_Closed,Normal,Archive,,0x000200000000CACC,0x000400000000C9F2,6,Timestamp Manipulation,"[Suspicious] The timestamp of WindowsUpdate.20231227.141751.921.1.etl"" may have been manipulated. => ((CreationTime : 2023-12-31 00:36:32) != (Creation Event Time : 2023-12-31 00:21:18))"""
12/31/23 0:36:32,1754225616,WindowsUpdate.20231227.151751.922.1.etl,\Windows\Temp\_0BF2011F-7342-4A5A-A8E9-ACD34468FCA3\WindowsUpdate.20231227.151751.922.1.etl,File_Created / Basic_Info_Changed / Data_Added / Data_Overwritten / File_Closed,Normal,Archive,,0x000200000000CACF,0x000400000000C9F2,6,Timestamp Manipulation,"[Suspicious] The timestamp of WindowsUpdate.20231227.151751.922.1.etl"" may have been manipulated. => ((CreationTime : 2023-12-31 00:36:32) != (Creation Event Time : 2023-12-31 00:21:18))"""
12/31/23 0:36:32,1754226688,WindowsUpdate.20231227.161216.280.1.etl,\Windows\Temp\_0BF2011F-7342-4A5A-A8E9-ACD34468FCA3\WindowsUpdate.20231227.161216.280.1.etl,File_Created / Basic_Info_Changed / Data_Added / Data_Overwritten / File_Closed,Normal,Archive,,0x000200000000CB0B,0x000400000000C9F2,6,Timestamp Manipulation,"[Suspicious] The timestamp of WindowsUpdate.20231227.161216.280.1.etl"" may have been manipulated. => ((CreationTime : 2023-12-31 00:36:32) != (Creation Event Time : 2023-12-31 00:21:18))"""
12/31/23 0:36:33,1754228848,WindowsUpdate.20231227.183344.727.1.etl,\Windows\Temp\_0BF2011F-7342-4A5A-A8E9-ACD34468FCA3\WindowsUpdate.20231227.183344.727.1.etl,File_Created / Basic_Info_Changed / Data_Added / Data_Overwritten / File_Closed,Normal,Archive,,0x000200000000CB2C,0x000400000000C9F2,6,Timestamp Manipulation,"[Suspicious] The timestamp of WindowsUpdate.20231227.183344.727.1.etl"" may have been manipulated. => ((CreationTime : 2023-12-31 00:36:33) != (Creation Event Time : 2023-12-31 00:21:18))"""
12/31/23 0:36:33,1754229568,WindowsUpdate.20231227.193344.723.1.etl,\Windows\Temp\_0BF2011F-7342-4A5A-A8E9-ACD34468FCA3\WindowsUpdate.20231227.193344.723.1.etl,File_Created / Basic_Info_Changed / Data_Added / Data_Overwritten / File_Closed,Normal,Archive,,0x000300000000CB2E,0x000400000000C9F2,6,Timestamp Manipulation,"[Suspicious] The timestamp of WindowsUpdate.20231227.193344.723.1.etl"" may have been manipulated. => ((CreationTime : 2023-12-31 00:36:33) != (Creation Event Time : 2023-12-31 00:21:18))"""
12/31/23 0:36:33,1754230288,WindowsUpdate.20231227.203344.753.1.etl,\Windows\Temp\_0BF2011F-7342-4A5A-A8E9-ACD34468FCA3\WindowsUpdate.20231227.203344.753.1.etl,File_Created / Basic_Info_Changed / Data_Added / Data_Overwritten / File_Closed,Normal,Archive,,0x000300000000CB30,0x000400000000C9F2,6,Timestamp Manipulation,"[Suspicious] The timestamp of WindowsUpdate.20231227.203344.753.1.etl"" may have been manipulated. => ((CreationTime : 2023-12-31 00:36:33) != (Creation Event Time : 2023-12-31 00:21:18))"""
12/31/23 0:36:33,1754231072,WindowsUpdate.20231227.213344.760.1.etl,\Windows\Temp\_0BF2011F-7342-4A5A-A8E9-ACD34468FCA3\WindowsUpdate.20231227.213344.760.1.etl,File_Created / Basic_Info_Changed / Data_Added / Data_Overwritten / File_Closed,Normal,Archive,,0x000300000000CB32,0x000400000000C9F2,6,Timestamp Manipulation,"[Suspicious] The timestamp of WindowsUpdate.20231227.213344.760.1.etl"" may have been manipulated. => ((CreationTime : 2023-12-31 00:36:33) != (Creation Event Time : 2023-12-31 00:21:18))"""
12/31/23 0:36:33,1754231792,WindowsUpdate.20231227.223344.729.1.etl,\Windows\Temp\_0BF2011F-7342-4A5A-A8E9-ACD34468FCA3\WindowsUpdate.20231227.223344.729.1.etl,File_Created / Basic_Info_Changed / Data_Added / Data_Overwritten / File_Closed,Normal,Archive,,0x000200000000CB34,0x000400000000C9F2,6,Timestamp Manipulation,"[Suspicious] The timestamp of WindowsUpdate.20231227.223344.729.1.etl"" may have been manipulated. => ((CreationTime : 2023-12-31 00:36:33) != (Creation Event Time : 2023-12-31 00:21:18))"""
12/31/23 0:36:33,1754232512,WindowsUpdate.20231228.020554.227.1.etl,\Windows\Temp\_0BF2011F-7342-4A5A-A8E9-ACD34468FCA3\WindowsUpdate.20231228.020554.227.1.etl,File_Created / Basic_Info_Changed / Data_Added / Data_Overwritten / File_Closed,Normal,Archive,,0x000200000000CB35,0x000400000000C9F2,6,Timestamp Manipulation,"[Suspicious] The timestamp of WindowsUpdate.20231228.020554.227.1.etl"" may have been manipulated. => ((CreationTime : 2023-12-31 00:36:33) != (Creation Event Time : 2023-12-31 00:21:18))"""
12/31/23 0:36:33,1754233520,WindowsUpdate.20231228.102219.679.1.etl,\Windows\Temp\_0BF2011F-7342-4A5A-A8E9-ACD34468FCA3\WindowsUpdate.20231228.102219.679.1.etl,File_Created / Basic_Info_Changed / Data_Added / Data_Overwritten / File_Closed,Normal,Archive,,0x000200000000CB37,0x000400000000C9F2,6,Timestamp Manipulation,"[Suspicious] The timestamp of WindowsUpdate.20231228.102219.679.1.etl"" may have been manipulated. => ((CreationTime : 2023-12-31 00:36:33) != (Creation Event Time : 2023-12-31 00:21:18))"""
12/31/23 0:36:33,1754234240,WindowsUpdate.20231228.112814.052.1.etl,\Windows\Temp\_0BF2011F-7342-4A5A-A8E9-ACD34468FCA3\WindowsUpdate.20231228.112814.052.1.etl,File_Created / Basic_Info_Changed / Data_Added / Data_Overwritten / File_Closed,Normal,Archive,,0x000300000000CB3A,0x000400000000C9F2,6,Timestamp Manipulation,"[Suspicious] The timestamp of WindowsUpdate.20231228.112814.052.1.etl"" may have been manipulated. => ((CreationTime : 2023-12-31 00:36:33) != (Creation Event Time : 2023-12-31 00:21:18))"""
12/31/23 0:36:33,1754235744,WindowsUpdate.20231228.122814.011.1.etl,\Windows\Temp\_0BF2011F-7342-4A5A-A8E9-ACD34468FCA3\WindowsUpdate.20231228.122814.011.1.etl,File_Created / Basic_Info_Changed / Data_Added / Data_Overwritten / File_Closed,Normal,Archive,,0x000200000000CB3C,0x000400000000C9F2,6,Timestamp Manipulation,"[Suspicious] The timestamp of WindowsUpdate.20231228.122814.011.1.etl"" may have been manipulated. => ((CreationTime : 2023-12-31 00:36:33) != (Creation Event Time : 2023-12-31 00:21:18))"""
12/31/23 0:36:33,1754236464,WindowsUpdate.20231228.132814.206.1.etl,\Windows\Temp\_0BF2011F-7342-4A5A-A8E9-ACD34468FCA3\WindowsUpdate.20231228.132814.206.1.etl,File_Created / Basic_Info_Changed / Data_Added / Data_Overwritten / File_Closed,Normal,Archive,,0x000200000000CB3D,0x000400000000C9F2,6,Timestamp Manipulation,"[Suspicious] The timestamp of WindowsUpdate.20231228.132814.206.1.etl"" may have been manipulated. => ((CreationTime : 2023-12-31 00:36:33) != (Creation Event Time : 2023-12-31 00:21:18))"""
12/31/23 0:36:33,1754237616,WindowsUpdate.20231228.142814.057.1.etl,\Windows\Temp\_0BF2011F-7342-4A5A-A8E9-ACD34468FCA3\WindowsUpdate.20231228.142814.057.1.etl,File_Created / Basic_Info_Changed / Data_Added / Data_Overwritten / File_Closed,Normal,Archive,,0x000200000000CB43,0x000400000000C9F2,6,Timestamp Manipulation,"[Suspicious] The timestamp of WindowsUpdate.20231228.142814.057.1.etl"" may have been manipulated. => ((CreationTime : 2023-12-31 00:36:33) != (Creation Event Time : 2023-12-31 00:21:18))"""
12/31/23 0:36:33,1754244128,WindowsUpdate.20231228.172814.102.1.etl,\Windows\Temp\_0BF2011F-7342-4A5A-A8E9-ACD34468FCA3\WindowsUpdate.20231228.172814.102.1.etl,File_Created / Basic_Info_Changed / Data_Added / Data_Overwritten / File_Closed,Normal,Archive,,0x000200000000CB65,0x000400000000C9F2,6,Timestamp Manipulation,"[Suspicious] The timestamp of WindowsUpdate.20231228.172814.102.1.etl"" may have been manipulated. => ((CreationTime : 2023-12-31 00:36:33) != (Creation Event Time : 2023-12-31 00:21:18))"""
12/31/23 0:36:33,1754245808,WindowsUpdate.20231228.182814.085.1.etl,\Windows\Temp\_0BF2011F-7342-4A5A-A8E9-ACD34468FCA3\WindowsUpdate.20231228.182814.085.1.etl,File_Created / Basic_Info_Changed / Data_Added / Data_Overwritten / File_Closed,Normal,Archive,,0x000200000000CB6B,0x000400000000C9F2,6,Timestamp Manipulation,"[Suspicious] The timestamp of WindowsUpdate.20231228.182814.085.1.etl"" may have been manipulated. => ((CreationTime : 2023-12-31 00:36:33) != (Creation Event Time : 2023-12-31 00:21:18))"""
12/31/23 0:36:33,1754247008,WindowsUpdate.20231228.192814.145.1.etl,\Windows\Temp\_0BF2011F-7342-4A5A-A8E9-ACD34468FCA3\WindowsUpdate.20231228.192814.145.1.etl,File_Created / Basic_Info_Changed / Data_Added / Data_Overwritten / File_Closed,Normal,Archive,,0x000200000000CB70,0x000400000000C9F2,6,Timestamp Manipulation,"[Suspicious] The timestamp of WindowsUpdate.20231228.192814.145.1.etl"" may have been manipulated. => ((CreationTime : 2023-12-31 00:36:33) != (Creation Event Time : 2023-12-31 00:21:18))"""
12/31/23 0:36:33,1754247968,WindowsUpdate.20231228.202814.135.1.etl,\Windows\Temp\_0BF2011F-7342-4A5A-A8E9-ACD34468FCA3\WindowsUpdate.20231228.202814.135.1.etl,File_Created / Basic_Info_Changed / Data_Added / Data_Overwritten / File_Closed,Normal,Archive,,0x000200000000CB74,0x000400000000C9F2,6,Timestamp Manipulation,"[Suspicious] The timestamp of WindowsUpdate.20231228.202814.135.1.etl"" may have been manipulated. => ((CreationTime : 2023-12-31 00:36:33) != (Creation Event Time : 2023-12-31 00:21:18))"""
12/31/23 0:36:33,1754248688,WindowsUpdate.20231228.212814.155.1.etl,\Windows\Temp\_0BF2011F-7342-4A5A-A8E9-ACD34468FCA3\WindowsUpdate.20231228.212814.155.1.etl,File_Created / Basic_Info_Changed / Data_Added / Data_Overwritten / File_Closed,Normal,Archive,,0x000300000000CB78,0x000400000000C9F2,6,Timestamp Manipulation,"[Suspicious] The timestamp of WindowsUpdate.20231228.212814.155.1.etl"" may have been manipulated. => ((CreationTime : 2023-12-31 00:36:33) != (Creation Event Time : 2023-12-31 00:21:18))"""
12/31/23 0:36:33,1754249408,WindowsUpdate.20231228.222814.158.1.etl,\Windows\Temp\_0BF2011F-7342-4A5A-A8E9-ACD34468FCA3\WindowsUpdate.20231228.222814.158.1.etl,File_Created / Basic_Info_Changed / Data_Added / Data_Overwritten / File_Closed,Normal,Archive,,0x000200000000CB79,0x000400000000C9F2,6,Timestamp Manipulation,"[Suspicious] The timestamp of WindowsUpdate.20231228.222814.158.1.etl"" may have been manipulated. => ((CreationTime : 2023-12-31 00:36:33) != (Creation Event Time : 2023-12-31 00:21:18))"""
12/31/23 0:36:33,1754250128,WindowsUpdate.20231228.232814.168.1.etl,\Windows\Temp\_0BF2011F-7342-4A5A-A8E9-ACD34468FCA3\WindowsUpdate.20231228.232814.168.1.etl,File_Created / Basic_Info_Changed / Data_Added / Data_Overwritten / File_Closed,Normal,Archive,,0x000300000000CB7B,0x000400000000C9F2,6,Timestamp Manipulation,"[Suspicious] The timestamp of WindowsUpdate.20231228.232814.168.1.etl"" may have been manipulated. => ((CreationTime : 2023-12-31 00:36:33) != (Creation Event Time : 2023-12-31 00:21:18))"""
12/31/23 0:36:33,1754250848,WindowsUpdate.20231231.013631.836.1.etl,\Windows\Temp\_0BF2011F-7342-4A5A-A8E9-ACD34468FCA3\WindowsUpdate.20231231.013631.836.1.etl,File_Created / Basic_Info_Changed / Data_Added / Data_Overwritten / File_Closed,Normal,Archive,,0x000200000000CB80,0x000400000000C9F2,6,Timestamp Manipulation,"[Suspicious] The timestamp of WindowsUpdate.20231231.013631.836.1.etl"" may have been manipulated. => ((CreationTime : 2023-12-31 00:36:33) != (Creation Event Time : 2023-12-31 00:21:18))"""
12/31/23 0:43:48,1754647792,PowerShell_SI_MAC_Manipulation.dll,\Program Files\Windows Mail\PowerShell_SI_MAC_Manipulation.dll,Basic_Info_Changed / File_Closed,Normal,Archive,,0x000400000000C362,0x000100000000009C,6,Timestamp Manipulation,"[Suspicious] The timestamp of PowerShell_SI_MAC_Manipulation.dll"" may have been manipulated. => ((CreationTime : 2022-12-24 11:24:41) != (Creation Event Time : 2023-12-31 00:21:38))"""
12/26/23 22:35:54,1717468360,nTimestomp_SI_C_Manipulation.dll,\Program Files\Windows Mail\nTimestomp_SI_C_Manipulation.dll,Basic_Info_Changed / File_Closed,Normal,Archive,,0x0009000000002909,0x000100000000009C,7,Timestamp Manipulation,"[Malicious] The timestamp of nTimestomp_SI_C_Manipulation.dll"" may have been manipulated after executing nTimestomp. => ((CreationTime : 2022-12-22 23:19:23) != (Creation Event Time : 2023-12-26 22:30:34))"""
12/26/23 22:35:54,1717468760,NTIMESTOMP_V1.2_X64.EXE-6EA682C3.pf,\Windows\Prefetch\NTIMESTOMP_V1.2_X64.EXE-6EA682C3.pf,File_Created / Data_Added / File_Closed,Normal,Archive / Not_Content_Indexed,,0x00220000000002C5,0x0002000000019619,7,Execution of Suspicious Programs,nTimestomp (Timestamp Manipulation) has been executed.
12/26/23 22:39:35,1717102880,WindowsUpdate.20231225.164824.113.64.etl,\Windows\Temp\_470950CA-0017-43F9-A902-A75E8030B029\WindowsUpdate.20231225.164824.113.64.etl,File_Created / Basic_Info_Changed / Data_Added / Data_Overwritten / File_Closed,Normal,Archive,,0x000900000000A740,0x000C00000000034B,8,Timestamp Manipulation,"[Suspicious] The timestamp of WindowsUpdate.20231225.164824.113.64.etl"" may have been manipulated. => ((CreationTime : 2023-12-26 22:39:35) != (Creation Event Time : 2023-12-26 22:26:44))"""
12/26/23 22:39:35,1717105200,WindowsUpdate.20231225.164824.113.67.etl,\Windows\Temp\_470950CA-0017-43F9-A902-A75E8030B029\WindowsUpdate.20231225.164824.113.67.etl,File_Created / Basic_Info_Changed / Data_Added / Data_Overwritten / File_Closed,Normal,Archive,,0x001000000000AA2B,0x000C00000000034B,8,Timestamp Manipulation,"[Suspicious] The timestamp of WindowsUpdate.20231225.164824.113.67.etl"" may have been manipulated. => ((CreationTime : 2023-12-26 22:39:35) != (Creation Event Time : 2023-12-26 22:26:44))"""
12/26/23 22:39:35,1717108880,WindowsUpdate.20231225.164824.113.72.etl,\Windows\Temp\_470950CA-0017-43F9-A902-A75E8030B029\WindowsUpdate.20231225.164824.113.72.etl,File_Created / Basic_Info_Changed / Data_Added / Data_Overwritten / File_Closed,Normal,Archive,,0x000600000000C042,0x000C00000000034B,8,Timestamp Manipulation,"[Suspicious] The timestamp of WindowsUpdate.20231225.164824.113.72.etl"" may have been manipulated. => ((CreationTime : 2023-12-26 22:39:35) != (Creation Event Time : 2023-12-26 22:26:44))"""
12/26/23 22:39:35,1717109600,WindowsUpdate.20231225.164824.113.73.etl,\Windows\Temp\_470950CA-0017-43F9-A902-A75E8030B029\WindowsUpdate.20231225.164824.113.73.etl,File_Created / Basic_Info_Changed / Data_Added / Data_Overwritten / File_Closed,Normal,Archive,,0x000600000000C043,0x000C00000000034B,8,Timestamp Manipulation,"[Suspicious] The timestamp of WindowsUpdate.20231225.164824.113.73.etl"" may have been manipulated. => ((CreationTime : 2023-12-26 22:39:35) != (Creation Event Time : 2023-12-26 22:26:44))"""
12/26/23 22:39:35,1717110320,WindowsUpdate.20231225.164824.113.74.etl,\Windows\Temp\_470950CA-0017-43F9-A902-A75E8030B029\WindowsUpdate.20231225.164824.113.74.etl,File_Created / Basic_Info_Changed / Data_Added / Data_Overwritten / File_Closed,Normal,Archive,,0x000600000000C046,0x000C00000000034B,8,Timestamp Manipulation,"[Suspicious] The timestamp of WindowsUpdate.20231225.164824.113.74.etl"" may have been manipulated. => ((CreationTime : 2023-12-26 22:39:35) != (Creation Event Time : 2023-12-26 22:26:44))"""
12/26/23 22:39:35,1717111040,WindowsUpdate.20231225.164824.113.75.etl,\Windows\Temp\_470950CA-0017-43F9-A902-A75E8030B029\WindowsUpdate.20231225.164824.113.75.etl,File_Created / Basic_Info_Changed / Data_Added / Data_Overwritten / File_Closed,Normal,Archive,,0x000600000000C047,0x000C00000000034B,8,Timestamp Manipulation,"[Suspicious] The timestamp of WindowsUpdate.20231225.164824.113.75.etl"" may have been manipulated. => ((CreationTime : 2023-12-26 22:39:35) != (Creation Event Time : 2023-12-26 22:26:44))"""
12/26/23 22:39:35,1717111760,WindowsUpdate.20231225.164824.113.76.etl,\Windows\Temp\_470950CA-0017-43F9-A902-A75E8030B029\WindowsUpdate.20231225.164824.113.76.etl,File_Created / Basic_Info_Changed / Data_Added / Data_Overwritten / File_Closed,Normal,Archive,,0x000600000000C048,0x000C00000000034B,8,Timestamp Manipulation,"[Suspicious] The timestamp of WindowsUpdate.20231225.164824.113.76.etl"" may have been manipulated. => ((CreationTime : 2023-12-26 22:39:35) != (Creation Event Time : 2023-12-26 22:26:44))"""
12/26/23 22:39:35,1717112480,WindowsUpdate.20231225.164824.113.77.etl,\Windows\Temp\_470950CA-0017-43F9-A902-A75E8030B029\WindowsUpdate.20231225.164824.113.77.etl,File_Created / Basic_Info_Changed / Data_Added / Data_Overwritten / File_Closed,Normal,Archive,,0x000600000000C04A,0x000C00000000034B,8,Timestamp Manipulation,"[Suspicious] The timestamp of WindowsUpdate.20231225.164824.113.77.etl"" may have been manipulated. => ((CreationTime : 2023-12-26 22:39:35) != (Creation Event Time : 2023-12-26 22:26:44))"""
12/26/23 22:39:35,1717113264,WindowsUpdate.20231225.164824.113.78.etl,\Windows\Temp\_470950CA-0017-43F9-A902-A75E8030B029\WindowsUpdate.20231225.164824.113.78.etl,File_Created / Basic_Info_Changed / Data_Added / Data_Overwritten / File_Closed,Normal,Archive,,0x000600000000C04B,0x000C00000000034B,8,Timestamp Manipulation,"[Suspicious] The timestamp of WindowsUpdate.20231225.164824.113.78.etl"" may have been manipulated. => ((CreationTime : 2023-12-26 22:39:35) != (Creation Event Time : 2023-12-26 22:26:44))"""
12/26/23 22:39:35,1717114112,WindowsUpdate.20231225.164824.113.79.etl,\Windows\Temp\_470950CA-0017-43F9-A902-A75E8030B029\WindowsUpdate.20231225.164824.113.79.etl,File_Created / Basic_Info_Changed / Data_Added / Data_Overwritten / File_Closed,Normal,Archive,,0x000600000000C04C,0x000C00000000034B,8,Timestamp Manipulation,"[Suspicious] The timestamp of WindowsUpdate.20231225.164824.113.79.etl"" may have been manipulated. => ((CreationTime : 2023-12-26 22:39:35) != (Creation Event Time : 2023-12-26 22:26:44))"""
12/26/23 22:39:35,1717114832,WindowsUpdate.20231225.164824.113.80.etl,\Windows\Temp\_470950CA-0017-43F9-A902-A75E8030B029\WindowsUpdate.20231225.164824.113.80.etl,File_Created / Basic_Info_Changed / Data_Added / Data_Overwritten / File_Closed,Normal,Archive,,0x006300000000797C,0x000C00000000034B,8,Timestamp Manipulation,"[Suspicious] The timestamp of WindowsUpdate.20231225.164824.113.80.etl"" may have been manipulated. => ((CreationTime : 2023-12-26 22:39:35) != (Creation Event Time : 2023-12-26 22:26:44))"""
12/26/23 22:39:35,1717115552,WindowsUpdate.20231225.164824.113.81.etl,\Windows\Temp\_470950CA-0017-43F9-A902-A75E8030B029\WindowsUpdate.20231225.164824.113.81.etl,File_Created / Basic_Info_Changed / Data_Added / Data_Overwritten / File_Closed,Normal,Archive,,0x000600000000C04D,0x000C00000000034B,8,Timestamp Manipulation,"[Suspicious] The timestamp of WindowsUpdate.20231225.164824.113.81.etl"" may have been manipulated. => ((CreationTime : 2023-12-26 22:39:35) != (Creation Event Time : 2023-12-26 22:26:44))"""
12/26/23 22:39:35,1717116272,WindowsUpdate.20231225.164824.113.82.etl,\Windows\Temp\_470950CA-0017-43F9-A902-A75E8030B029\WindowsUpdate.20231225.164824.113.82.etl,File_Created / Basic_Info_Changed / Data_Added / Data_Overwritten / File_Closed,Normal,Archive,,0x000600000000C04F,0x000C00000000034B,8,Timestamp Manipulation,"[Suspicious] The timestamp of WindowsUpdate.20231225.164824.113.82.etl"" may have been manipulated. => ((CreationTime : 2023-12-26 22:39:35) != (Creation Event Time : 2023-12-26 22:26:44))"""
12/26/23 22:39:35,1717117072,WindowsUpdate.20231225.164824.113.83.etl,\Windows\Temp\_470950CA-0017-43F9-A902-A75E8030B029\WindowsUpdate.20231225.164824.113.83.etl,File_Created / Basic_Info_Changed / Data_Added / Data_Overwritten / File_Closed,Normal,Archive,,0x001F00000000C069,0x000C00000000034B,8,Timestamp Manipulation,"[Suspicious] The timestamp of WindowsUpdate.20231225.164824.113.83.etl"" may have been manipulated. => ((CreationTime : 2023-12-26 22:39:35) != (Creation Event Time : 2023-12-26 22:26:44))"""
12/26/23 22:39:35,1717117792,WindowsUpdate.20231225.164824.113.84.etl,\Windows\Temp\_470950CA-0017-43F9-A902-A75E8030B029\WindowsUpdate.20231225.164824.113.84.etl,File_Created / Basic_Info_Changed / Data_Added / Data_Overwritten / File_Closed,Normal,Archive,,0x000200000000C06A,0x000C00000000034B,8,Timestamp Manipulation,"[Suspicious] The timestamp of WindowsUpdate.20231225.164824.113.84.etl"" may have been manipulated. => ((CreationTime : 2023-12-26 22:39:35) != (Creation Event Time : 2023-12-26 22:26:44))"""
12/26/23 22:39:35,1717118512,WindowsUpdate.20231225.164824.113.85.etl,\Windows\Temp\_470950CA-0017-43F9-A902-A75E8030B029\WindowsUpdate.20231225.164824.113.85.etl,File_Created / Basic_Info_Changed / Data_Added / Data_Overwritten / File_Closed,Normal,Archive,,0x000300000000C06B,0x000C00000000034B,8,Timestamp Manipulation,"[Suspicious] The timestamp of WindowsUpdate.20231225.164824.113.85.etl"" may have been manipulated. => ((CreationTime : 2023-12-26 22:39:35) != (Creation Event Time : 2023-12-26 22:26:44))"""
12/26/23 22:39:35,1717119232,WindowsUpdate.20231225.164824.113.86.etl,\Windows\Temp\_470950CA-0017-43F9-A902-A75E8030B029\WindowsUpdate.20231225.164824.113.86.etl,File_Created / Basic_Info_Changed / Data_Added / Data_Overwritten / File_Closed,Normal,Archive,,0x000300000000C06C,0x000C00000000034B,8,Timestamp Manipulation,"[Suspicious] The timestamp of WindowsUpdate.20231225.164824.113.86.etl"" may have been manipulated. => ((CreationTime : 2023-12-26 22:39:35) != (Creation Event Time : 2023-12-26 22:26:44))"""
12/26/23 22:39:35,1717120080,WindowsUpdate.20231225.164824.113.87.etl,\Windows\Temp\_470950CA-0017-43F9-A902-A75E8030B029\WindowsUpdate.20231225.164824.113.87.etl,File_Created / Basic_Info_Changed / Data_Added / Data_Overwritten / File_Closed,Normal,Archive,,0x000200000000C06D,0x000C00000000034B,8,Timestamp Manipulation,"[Suspicious] The timestamp of WindowsUpdate.20231225.164824.113.87.etl"" may have been manipulated. => ((CreationTime : 2023-12-26 22:39:35) != (Creation Event Time : 2023-12-26 22:26:44))"""
12/26/23 22:39:35,1717120800,WindowsUpdate.20231225.164824.113.88.etl,\Windows\Temp\_470950CA-0017-43F9-A902-A75E8030B029\WindowsUpdate.20231225.164824.113.88.etl,File_Created / Basic_Info_Changed / Data_Added / Data_Overwritten / File_Closed,Normal,Archive,,0x000200000000C06E,0x000C00000000034B,8,Timestamp Manipulation,"[Suspicious] The timestamp of WindowsUpdate.20231225.164824.113.88.etl"" may have been manipulated. => ((CreationTime : 2023-12-26 22:39:35) != (Creation Event Time : 2023-12-26 22:26:44))"""
12/26/23 22:39:35,1717121600,WindowsUpdate.20231225.164824.113.89.etl,\Windows\Temp\_470950CA-0017-43F9-A902-A75E8030B029\WindowsUpdate.20231225.164824.113.89.etl,File_Created / Basic_Info_Changed / Data_Added / Data_Overwritten / File_Closed,Normal,Archive,,0x000200000000C06F,0x000C00000000034B,8,Timestamp Manipulation,"[Suspicious] The timestamp of WindowsUpdate.20231225.164824.113.89.etl"" may have been manipulated. => ((CreationTime : 2023-12-26 22:39:35) != (Creation Event Time : 2023-12-26 22:26:44))"""
12/26/23 22:39:35,1717122320,WindowsUpdate.20231225.173759.428.1.etl,\Windows\Temp\_470950CA-0017-43F9-A902-A75E8030B029\WindowsUpdate.20231225.173759.428.1.etl,File_Created / Basic_Info_Changed / Data_Added / Data_Overwritten / File_Closed,Normal,Archive,,0x000200000000C070,0x000C00000000034B,8,Timestamp Manipulation,"[Suspicious] The timestamp of WindowsUpdate.20231225.173759.428.1.etl"" may have been manipulated. => ((CreationTime : 2023-12-26 22:39:35) != (Creation Event Time : 2023-12-26 22:26:44))"""
12/26/23 22:39:35,1717123040,WindowsUpdate.20231225.173759.428.2.etl,\Windows\Temp\_470950CA-0017-43F9-A902-A75E8030B029\WindowsUpdate.20231225.173759.428.2.etl,File_Created / Basic_Info_Changed / Data_Added / Data_Overwritten / File_Closed,Normal,Archive,,0x000300000000C071,0x000C00000000034B,8,Timestamp Manipulation,"[Suspicious] The timestamp of WindowsUpdate.20231225.173759.428.2.etl"" may have been manipulated. => ((CreationTime : 2023-12-26 22:39:35) != (Creation Event Time : 2023-12-26 22:26:44))"""
12/26/23 22:39:35,1717123760,WindowsUpdate.20231225.175817.420.1.etl,\Windows\Temp\_470950CA-0017-43F9-A902-A75E8030B029\WindowsUpdate.20231225.175817.420.1.etl,File_Created / Basic_Info_Changed / Data_Added / Data_Overwritten / File_Closed,Normal,Archive,,0x000200000000C072,0x000C00000000034B,8,Timestamp Manipulation,"[Suspicious] The timestamp of WindowsUpdate.20231225.175817.420.1.etl"" may have been manipulated. => ((CreationTime : 2023-12-26 22:39:35) != (Creation Event Time : 2023-12-26 22:26:44))"""
12/26/23 22:39:35,1717124480,WindowsUpdate.20231225.181843.333.1.etl,\Windows\Temp\_470950CA-0017-43F9-A902-A75E8030B029\WindowsUpdate.20231225.181843.333.1.etl,File_Created / Basic_Info_Changed / Data_Added / Data_Overwritten / File_Closed,Normal,Archive,,0x000200000000C073,0x000C00000000034B,8,Timestamp Manipulation,"[Suspicious] The timestamp of WindowsUpdate.20231225.181843.333.1.etl"" may have been manipulated. => ((CreationTime : 2023-12-26 22:39:35) != (Creation Event Time : 2023-12-26 22:26:44))"""
12/26/23 22:39:35,1717125264,WindowsUpdate.20231225.183040.874.1.etl,\Windows\Temp\_470950CA-0017-43F9-A902-A75E8030B029\WindowsUpdate.20231225.183040.874.1.etl,File_Created / Basic_Info_Changed / Data_Added / Data_Overwritten / File_Closed,Normal,Archive,,0x000300000000C076,0x000C00000000034B,8,Timestamp Manipulation,"[Suspicious] The timestamp of WindowsUpdate.20231225.183040.874.1.etl"" may have been manipulated. => ((CreationTime : 2023-12-26 22:39:35) != (Creation Event Time : 2023-12-26 22:26:44))"""
12/26/23 22:39:35,1717125984,WindowsUpdate.20231225.184944.109.1.etl,\Windows\Temp\_470950CA-0017-43F9-A902-A75E8030B029\WindowsUpdate.20231225.184944.109.1.etl,File_Created / Basic_Info_Changed / Data_Added / Data_Overwritten / File_Closed,Normal,Archive,,0x000200000000C077,0x000C00000000034B,8,Timestamp Manipulation,"[Suspicious] The timestamp of WindowsUpdate.20231225.184944.109.1.etl"" may have been manipulated. => ((CreationTime : 2023-12-26 22:39:35) != (Creation Event Time : 2023-12-26 22:26:44))"""
12/26/23 22:39:35,1717126832,WindowsUpdate.20231225.191048.081.1.etl,\Windows\Temp\_470950CA-0017-43F9-A902-A75E8030B029\WindowsUpdate.20231225.191048.081.1.etl,File_Created / Basic_Info_Changed / Data_Added / Data_Overwritten / File_Closed,Normal,Archive,,0x000200000000C078,0x000C00000000034B,8,Timestamp Manipulation,"[Suspicious] The timestamp of WindowsUpdate.20231225.191048.081.1.etl"" may have been manipulated. => ((CreationTime : 2023-12-26 22:39:35) != (Creation Event Time : 2023-12-26 22:26:44))"""
12/26/23 22:39:35,1717127552,WindowsUpdate.20231225.193041.301.1.etl,\Windows\Temp\_470950CA-0017-43F9-A902-A75E8030B029\WindowsUpdate.20231225.193041.301.1.etl,File_Created / Basic_Info_Changed / Data_Added / Data_Overwritten / File_Closed,Normal,Archive,,0x000200000000C07A,0x000C00000000034B,8,Timestamp Manipulation,"[Suspicious] The timestamp of WindowsUpdate.20231225.193041.301.1.etl"" may have been manipulated. => ((CreationTime : 2023-12-26 22:39:35) != (Creation Event Time : 2023-12-26 22:26:44))"""
12/26/23 22:39:35,1717128272,WindowsUpdate.20231225.203041.323.1.etl,\Windows\Temp\_470950CA-0017-43F9-A902-A75E8030B029\WindowsUpdate.20231225.203041.323.1.etl,File_Created / Basic_Info_Changed / Data_Added / Data_Overwritten / File_Closed,Normal,Archive,,0x000200000000C07B,0x000C00000000034B,8,Timestamp Manipulation,"[Suspicious] The timestamp of WindowsUpdate.20231225.203041.323.1.etl"" may have been manipulated. => ((CreationTime : 2023-12-26 22:39:35) != (Creation Event Time : 2023-12-26 22:26:44))"""
12/26/23 22:39:35,1717130640,WindowsUpdate.20231225.231817.373.1.etl,\Windows\Temp\_470950CA-0017-43F9-A902-A75E8030B029\WindowsUpdate.20231225.231817.373.1.etl,File_Created / Basic_Info_Changed / Data_Added / Data_Overwritten / File_Closed,Normal,Archive,,0x010300000000811A,0x000C00000000034B,8,Timestamp Manipulation,"[Suspicious] The timestamp of WindowsUpdate.20231225.231817.373.1.etl"" may have been manipulated. => ((CreationTime : 2023-12-26 22:39:35) != (Creation Event Time : 2023-12-26 22:26:44))"""
12/26/23 22:51:39,1717497624,nTimestomp_SI_M_Manipulation.dll,\Program Files\Windows Mail\nTimestomp_SI_M_Manipulation.dll,Basic_Info_Changed / File_Closed,Normal,Archive,,0x000B000000007417,0x000100000000009C,8,Timestamp Manipulation,"[Malicious] The timestamp of nTimestomp_SI_M_Manipulation.dll"" may have been manipulated after executing nTimestomp. => ((MFTmodifiedTime : 2023-12-26 22:46:00) != (Last Basic_Info_Changed Event Time : 2023-12-26 22:51:39))"""
12/26/23 22:51:39,1717498128,NTIMESTOMP_V1.2_X64.EXE-6EA682C3.pf,\Windows\Prefetch\NTIMESTOMP_V1.2_X64.EXE-6EA682C3.pf,File_Created / Data_Added / File_Closed,Normal,Archive / Not_Content_Indexed,,0x001100000000026B,0x0002000000019619,8,Execution of Suspicious Programs,nTimestomp (Timestamp Manipulation) has been executed.
12/26/23 22:59:47,1717076904,WindowsUpdate.20231225.164824.113.64.etl,\Windows\Temp\_D120F901-E2B2-49F7-81C4-9C3375ADC898\WindowsUpdate.20231225.164824.113.64.etl,File_Created / Basic_Info_Changed / Data_Added / Data_Overwritten / File_Closed,Normal,Archive,,0x000800000000C03B,0x002300000000A730,9,Timestamp Manipulation,"[Suspicious] The timestamp of WindowsUpdate.20231225.164824.113.64.etl"" may have been manipulated. => ((CreationTime : 2023-12-26 22:59:46) != (Creation Event Time : 2023-12-26 22:26:44))"""
12/26/23 22:59:48,1717080352,WindowsUpdate.20231225.164824.113.68.etl,\Windows\Temp\_D120F901-E2B2-49F7-81C4-9C3375ADC898\WindowsUpdate.20231225.164824.113.68.etl,File_Created / Basic_Info_Changed / Data_Added / Data_Overwritten / File_Closed,Normal,Archive,,0x000600000000C041,0x002300000000A730,9,Timestamp Manipulation,"[Suspicious] The timestamp of WindowsUpdate.20231225.164824.113.68.etl"" may have been manipulated. => ((CreationTime : 2023-12-26 22:59:48) != (Creation Event Time : 2023-12-26 22:26:44))"""
12/26/23 22:59:48,1717081072,WindowsUpdate.20231225.164824.113.69.etl,\Windows\Temp\_D120F901-E2B2-49F7-81C4-9C3375ADC898\WindowsUpdate.20231225.164824.113.69.etl,File_Created / Basic_Info_Changed / Data_Added / Data_Overwritten / File_Closed,Normal,Archive,,0x000600000000C043,0x002300000000A730,9,Timestamp Manipulation,"[Suspicious] The timestamp of WindowsUpdate.20231225.164824.113.69.etl"" may have been manipulated. => ((CreationTime : 2023-12-26 22:59:48) != (Creation Event Time : 2023-12-26 22:26:44))"""
12/26/23 22:59:48,1717081792,WindowsUpdate.20231225.164824.113.70.etl,\Windows\Temp\_D120F901-E2B2-49F7-81C4-9C3375ADC898\WindowsUpdate.20231225.164824.113.70.etl,File_Created / Basic_Info_Changed / Data_Added / Data_Overwritten / File_Closed,Normal,Archive,,0x000600000000C046,0x002300000000A730,9,Timestamp Manipulation,"[Suspicious] The timestamp of WindowsUpdate.20231225.164824.113.70.etl"" may have been manipulated. => ((CreationTime : 2023-12-26 22:59:48) != (Creation Event Time : 2023-12-26 22:26:44))"""
12/26/23 22:59:48,1717082512,WindowsUpdate.20231225.164824.113.71.etl,\Windows\Temp\_D120F901-E2B2-49F7-81C4-9C3375ADC898\WindowsUpdate.20231225.164824.113.71.etl,File_Created / Basic_Info_Changed / Data_Added / Data_Overwritten / File_Closed,Normal,Archive,,0x000600000000C047,0x002300000000A730,9,Timestamp Manipulation,"[Suspicious] The timestamp of WindowsUpdate.20231225.164824.113.71.etl"" may have been manipulated. => ((CreationTime : 2023-12-26 22:59:48) != (Creation Event Time : 2023-12-26 22:26:44))"""
12/26/23 22:59:48,1717083232,WindowsUpdate.20231225.164824.113.72.etl,\Windows\Temp\_D120F901-E2B2-49F7-81C4-9C3375ADC898\WindowsUpdate.20231225.164824.113.72.etl,File_Created / Basic_Info_Changed / Data_Added / Data_Overwritten / File_Closed,Normal,Archive,,0x000600000000C048,0x002300000000A730,9,Timestamp Manipulation,"[Suspicious] The timestamp of WindowsUpdate.20231225.164824.113.72.etl"" may have been manipulated. => ((CreationTime : 2023-12-26 22:59:48) != (Creation Event Time : 2023-12-26 22:26:44))"""
12/26/23 22:59:49,1717083952,WindowsUpdate.20231225.164824.113.73.etl,\Windows\Temp\_D120F901-E2B2-49F7-81C4-9C3375ADC898\WindowsUpdate.20231225.164824.113.73.etl,File_Created / Basic_Info_Changed / Data_Added / Data_Overwritten / File_Closed,Normal,Archive,,0x000600000000C04A,0x002300000000A730,9,Timestamp Manipulation,"[Suspicious] The timestamp of WindowsUpdate.20231225.164824.113.73.etl"" may have been manipulated. => ((CreationTime : 2023-12-26 22:59:48) != (Creation Event Time : 2023-12-26 22:26:44))"""
12/26/23 22:59:49,1717084736,WindowsUpdate.20231225.164824.113.74.etl,\Windows\Temp\_D120F901-E2B2-49F7-81C4-9C3375ADC898\WindowsUpdate.20231225.164824.113.74.etl,File_Created / Basic_Info_Changed / Data_Added / Data_Overwritten / File_Closed,Normal,Archive,,0x000600000000C04B,0x002300000000A730,9,Timestamp Manipulation,"[Suspicious] The timestamp of WindowsUpdate.20231225.164824.113.74.etl"" may have been manipulated. => ((CreationTime : 2023-12-26 22:59:49) != (Creation Event Time : 2023-12-26 22:26:44))"""
12/26/23 22:59:49,1717085456,WindowsUpdate.20231225.164824.113.75.etl,\Windows\Temp\_D120F901-E2B2-49F7-81C4-9C3375ADC898\WindowsUpdate.20231225.164824.113.75.etl,File_Created / Basic_Info_Changed / Data_Added / Data_Overwritten / File_Closed,Normal,Archive,,0x000600000000C04C,0x002300000000A730,9,Timestamp Manipulation,"[Suspicious] The timestamp of WindowsUpdate.20231225.164824.113.75.etl"" may have been manipulated. => ((CreationTime : 2023-12-26 22:59:49) != (Creation Event Time : 2023-12-26 22:26:44))"""
12/26/23 22:59:49,1717086176,WindowsUpdate.20231225.164824.113.76.etl,\Windows\Temp\_D120F901-E2B2-49F7-81C4-9C3375ADC898\WindowsUpdate.20231225.164824.113.76.etl,File_Created / Basic_Info_Changed / Data_Added / Data_Overwritten / File_Closed,Normal,Archive,,0x000600000000C04D,0x002300000000A730,9,Timestamp Manipulation,"[Suspicious] The timestamp of WindowsUpdate.20231225.164824.113.76.etl"" may have been manipulated. => ((CreationTime : 2023-12-26 22:59:49) != (Creation Event Time : 2023-12-26 22:26:44))"""
12/26/23 22:59:49,1717086896,WindowsUpdate.20231225.164824.113.77.etl,\Windows\Temp\_D120F901-E2B2-49F7-81C4-9C3375ADC898\WindowsUpdate.20231225.164824.113.77.etl,File_Created / Basic_Info_Changed / Data_Added / Data_Overwritten / File_Closed,Normal,Archive,,0x000600000000C04F,0x002300000000A730,9,Timestamp Manipulation,"[Suspicious] The timestamp of WindowsUpdate.20231225.164824.113.77.etl"" may have been manipulated. => ((CreationTime : 2023-12-26 22:59:49) != (Creation Event Time : 2023-12-26 22:26:44))"""
12/26/23 22:59:49,1717087616,WindowsUpdate.20231225.164824.113.78.etl,\Windows\Temp\_D120F901-E2B2-49F7-81C4-9C3375ADC898\WindowsUpdate.20231225.164824.113.78.etl,File_Created / Basic_Info_Changed / Data_Added / Data_Overwritten / File_Closed,Normal,Archive,,0x001F00000000C069,0x002300000000A730,9,Timestamp Manipulation,"[Suspicious] The timestamp of WindowsUpdate.20231225.164824.113.78.etl"" may have been manipulated. => ((CreationTime : 2023-12-26 22:59:49) != (Creation Event Time : 2023-12-26 22:26:44))"""
12/26/23 22:59:49,1717088400,WindowsUpdate.20231225.164824.113.79.etl,\Windows\Temp\_D120F901-E2B2-49F7-81C4-9C3375ADC898\WindowsUpdate.20231225.164824.113.79.etl,File_Created / Basic_Info_Changed / Data_Added / Data_Overwritten / File_Closed,Normal,Archive,,0x000200000000C06A,0x002300000000A730,9,Timestamp Manipulation,"[Suspicious] The timestamp of WindowsUpdate.20231225.164824.113.79.etl"" may have been manipulated. => ((CreationTime : 2023-12-26 22:59:49) != (Creation Event Time : 2023-12-26 22:26:44))"""
12/26/23 22:59:49,1717089120,WindowsUpdate.20231225.164824.113.80.etl,\Windows\Temp\_D120F901-E2B2-49F7-81C4-9C3375ADC898\WindowsUpdate.20231225.164824.113.80.etl,File_Created / Basic_Info_Changed / Data_Added / Data_Overwritten / File_Closed,Normal,Archive,,0x000300000000C06B,0x002300000000A730,9,Timestamp Manipulation,"[Suspicious] The timestamp of WindowsUpdate.20231225.164824.113.80.etl"" may have been manipulated. => ((CreationTime : 2023-12-26 22:59:49) != (Creation Event Time : 2023-12-26 22:26:44))"""
12/26/23 22:59:49,1717089840,WindowsUpdate.20231225.164824.113.81.etl,\Windows\Temp\_D120F901-E2B2-49F7-81C4-9C3375ADC898\WindowsUpdate.20231225.164824.113.81.etl,File_Created / Basic_Info_Changed / Data_Added / Data_Overwritten / File_Closed,Normal,Archive,,0x000300000000C06C,0x002300000000A730,9,Timestamp Manipulation,"[Suspicious] The timestamp of WindowsUpdate.20231225.164824.113.81.etl"" may have been manipulated. => ((CreationTime : 2023-12-26 22:59:49) != (Creation Event Time : 2023-12-26 22:26:44))"""
12/26/23 22:59:49,1717090560,WindowsUpdate.20231225.164824.113.82.etl,\Windows\Temp\_D120F901-E2B2-49F7-81C4-9C3375ADC898\WindowsUpdate.20231225.164824.113.82.etl,File_Created / Basic_Info_Changed / Data_Added / Data_Overwritten / File_Closed,Normal,Archive,,0x000200000000C06D,0x002300000000A730,9,Timestamp Manipulation,"[Suspicious] The timestamp of WindowsUpdate.20231225.164824.113.82.etl"" may have been manipulated. => ((CreationTime : 2023-12-26 22:59:49) != (Creation Event Time : 2023-12-26 22:26:44))"""
12/26/23 22:59:49,1717091280,WindowsUpdate.20231225.164824.113.83.etl,\Windows\Temp\_D120F901-E2B2-49F7-81C4-9C3375ADC898\WindowsUpdate.20231225.164824.113.83.etl,File_Created / Basic_Info_Changed / Data_Added / Data_Overwritten / File_Closed,Normal,Archive,,0x000200000000C06E,0x002300000000A730,9,Timestamp Manipulation,"[Suspicious] The timestamp of WindowsUpdate.20231225.164824.113.83.etl"" may have been manipulated. => ((CreationTime : 2023-12-26 22:59:49) != (Creation Event Time : 2023-12-26 22:26:44))"""
12/26/23 22:59:49,1717092000,WindowsUpdate.20231225.164824.113.84.etl,\Windows\Temp\_D120F901-E2B2-49F7-81C4-9C3375ADC898\WindowsUpdate.20231225.164824.113.84.etl,File_Created / Basic_Info_Changed / Data_Added / Data_Overwritten / File_Closed,Normal,Archive,,0x000200000000C06F,0x002300000000A730,9,Timestamp Manipulation,"[Suspicious] The timestamp of WindowsUpdate.20231225.164824.113.84.etl"" may have been manipulated. => ((CreationTime : 2023-12-26 22:59:49) != (Creation Event Time : 2023-12-26 22:26:44))"""
12/26/23 22:59:50,1717092784,WindowsUpdate.20231225.164824.113.85.etl,\Windows\Temp\_D120F901-E2B2-49F7-81C4-9C3375ADC898\WindowsUpdate.20231225.164824.113.85.etl,File_Created / Basic_Info_Changed / Data_Added / Data_Overwritten / File_Closed,Normal,Archive,,0x000200000000C070,0x002300000000A730,9,Timestamp Manipulation,"[Suspicious] The timestamp of WindowsUpdate.20231225.164824.113.85.etl"" may have been manipulated. => ((CreationTime : 2023-12-26 22:59:50) != (Creation Event Time : 2023-12-26 22:26:44))"""
12/26/23 22:59:50,1717093504,WindowsUpdate.20231225.164824.113.86.etl,\Windows\Temp\_D120F901-E2B2-49F7-81C4-9C3375ADC898\WindowsUpdate.20231225.164824.113.86.etl,File_Created / Basic_Info_Changed / Data_Added / Data_Overwritten / File_Closed,Normal,Archive,,0x000300000000C071,0x002300000000A730,9,Timestamp Manipulation,"[Suspicious] The timestamp of WindowsUpdate.20231225.164824.113.86.etl"" may have been manipulated. => ((CreationTime : 2023-12-26 22:59:50) != (Creation Event Time : 2023-12-26 22:26:44))"""
12/26/23 22:59:50,1717094224,WindowsUpdate.20231225.164824.113.87.etl,\Windows\Temp\_D120F901-E2B2-49F7-81C4-9C3375ADC898\WindowsUpdate.20231225.164824.113.87.etl,File_Created / Basic_Info_Changed / Data_Added / Data_Overwritten / File_Closed,Normal,Archive,,0x000200000000C072,0x002300000000A730,9,Timestamp Manipulation,"[Suspicious] The timestamp of WindowsUpdate.20231225.164824.113.87.etl"" may have been manipulated. => ((CreationTime : 2023-12-26 22:59:50) != (Creation Event Time : 2023-12-26 22:26:44))"""
12/26/23 22:59:50,1717094944,WindowsUpdate.20231225.164824.113.88.etl,\Windows\Temp\_D120F901-E2B2-49F7-81C4-9C3375ADC898\WindowsUpdate.20231225.164824.113.88.etl,File_Created / Basic_Info_Changed / Data_Added / Data_Overwritten / File_Closed,Normal,Archive,,0x000200000000C073,0x002300000000A730,9,Timestamp Manipulation,"[Suspicious] The timestamp of WindowsUpdate.20231225.164824.113.88.etl"" may have been manipulated. => ((CreationTime : 2023-12-26 22:59:50) != (Creation Event Time : 2023-12-26 22:26:44))"""
12/26/23 22:59:50,1717095664,WindowsUpdate.20231225.164824.113.89.etl,\Windows\Temp\_D120F901-E2B2-49F7-81C4-9C3375ADC898\WindowsUpdate.20231225.164824.113.89.etl,File_Created / Basic_Info_Changed / Data_Added / Data_Overwritten / File_Closed,Normal,Archive,,0x000300000000C076,0x002300000000A730,9,Timestamp Manipulation,"[Suspicious] The timestamp of WindowsUpdate.20231225.164824.113.89.etl"" may have been manipulated. => ((CreationTime : 2023-12-26 22:59:50) != (Creation Event Time : 2023-12-26 22:26:44))"""
12/26/23 22:59:51,1717096736,WindowsUpdate.20231225.173759.428.1.etl,\Windows\Temp\_D120F901-E2B2-49F7-81C4-9C3375ADC898\WindowsUpdate.20231225.173759.428.1.etl,File_Created / Basic_Info_Changed / Data_Added / Data_Overwritten / File_Closed,Normal,Archive,,0x000200000000C077,0x002300000000A730,9,Timestamp Manipulation,"[Suspicious] The timestamp of WindowsUpdate.20231225.173759.428.1.etl"" may have been manipulated. => ((CreationTime : 2023-12-26 22:59:50) != (Creation Event Time : 2023-12-26 22:26:44))"""
12/26/23 22:59:51,1717097544,WindowsUpdate.20231225.173759.428.2.etl,\Windows\Temp\_D120F901-E2B2-49F7-81C4-9C3375ADC898\WindowsUpdate.20231225.173759.428.2.etl,File_Created / Basic_Info_Changed / Data_Added / Data_Overwritten / File_Closed,Normal,Archive,,0x000200000000C078,0x002300000000A730,9,Timestamp Manipulation,"[Suspicious] The timestamp of WindowsUpdate.20231225.173759.428.2.etl"" may have been manipulated. => ((CreationTime : 2023-12-26 22:59:51) != (Creation Event Time : 2023-12-26 22:26:44))"""
12/26/23 22:59:51,1717098264,WindowsUpdate.20231225.175817.420.1.etl,\Windows\Temp\_D120F901-E2B2-49F7-81C4-9C3375ADC898\WindowsUpdate.20231225.175817.420.1.etl,File_Created / Basic_Info_Changed / Data_Added / Data_Overwritten / File_Closed,Normal,Archive,,0x000200000000C07A,0x002300000000A730,9,Timestamp Manipulation,"[Suspicious] The timestamp of WindowsUpdate.20231225.175817.420.1.etl"" may have been manipulated. => ((CreationTime : 2023-12-26 22:59:51) != (Creation Event Time : 2023-12-26 22:26:44))"""
12/26/23 22:59:51,1717098984,WindowsUpdate.20231225.181843.333.1.etl,\Windows\Temp\_D120F901-E2B2-49F7-81C4-9C3375ADC898\WindowsUpdate.20231225.181843.333.1.etl,File_Created / Basic_Info_Changed / Data_Added / Data_Overwritten / File_Closed,Normal,Archive,,0x000200000000C07B,0x002300000000A730,9,Timestamp Manipulation,"[Suspicious] The timestamp of WindowsUpdate.20231225.181843.333.1.etl"" may have been manipulated. => ((CreationTime : 2023-12-26 22:59:51) != (Creation Event Time : 2023-12-26 22:26:44))"""
12/26/23 22:59:51,1717099704,WindowsUpdate.20231225.183040.874.1.etl,\Windows\Temp\_D120F901-E2B2-49F7-81C4-9C3375ADC898\WindowsUpdate.20231225.183040.874.1.etl,File_Created / Basic_Info_Changed / Data_Added / Data_Overwritten / File_Closed,Normal,Archive,,0x000200000000C07C,0x002300000000A730,9,Timestamp Manipulation,"[Suspicious] The timestamp of WindowsUpdate.20231225.183040.874.1.etl"" may have been manipulated. => ((CreationTime : 2023-12-26 22:59:51) != (Creation Event Time : 2023-12-26 22:39:35))"""
12/26/23 22:59:51,1717100544,WindowsUpdate.20231225.184944.109.1.etl,\Windows\Temp\_D120F901-E2B2-49F7-81C4-9C3375ADC898\WindowsUpdate.20231225.184944.109.1.etl,File_Created / Basic_Info_Changed / Data_Added / Data_Overwritten / File_Closed,Normal,Archive,,0x000200000000C07E,0x002300000000A730,9,Timestamp Manipulation,"[Suspicious] The timestamp of WindowsUpdate.20231225.184944.109.1.etl"" may have been manipulated. => ((CreationTime : 2023-12-26 22:59:51) != (Creation Event Time : 2023-12-26 22:39:35))"""
12/26/23 22:59:51,1717101984,WindowsUpdate.20231225.193041.301.1.etl,\Windows\Temp\_D120F901-E2B2-49F7-81C4-9C3375ADC898\WindowsUpdate.20231225.193041.301.1.etl,File_Created / Basic_Info_Changed / Data_Added / Data_Overwritten / File_Closed,Normal,Archive,,0x000200000000C081,0x002300000000A730,9,Timestamp Manipulation,"[Suspicious] The timestamp of WindowsUpdate.20231225.193041.301.1.etl"" may have been manipulated. => ((CreationTime : 2023-12-26 22:59:51) != (Creation Event Time : 2023-12-26 22:39:35))"""
12/26/23 22:59:51,1717102704,WindowsUpdate.20231225.203041.323.1.etl,\Windows\Temp\_D120F901-E2B2-49F7-81C4-9C3375ADC898\WindowsUpdate.20231225.203041.323.1.etl,File_Created / Basic_Info_Changed / Data_Added / Data_Overwritten / File_Closed,Normal,Archive,,0x000200000000C084,0x002300000000A730,9,Timestamp Manipulation,"[Suspicious] The timestamp of WindowsUpdate.20231225.203041.323.1.etl"" may have been manipulated. => ((CreationTime : 2023-12-26 22:59:51) != (Creation Event Time : 2023-12-26 22:39:35))"""
12/26/23 22:59:51,1717103424,WindowsUpdate.20231225.213041.312.1.etl,\Windows\Temp\_D120F901-E2B2-49F7-81C4-9C3375ADC898\WindowsUpdate.20231225.213041.312.1.etl,File_Created / Basic_Info_Changed / Data_Added / Data_Overwritten / File_Closed,Normal,Archive,,0x000200000000C085,0x002300000000A730,9,Timestamp Manipulation,"[Suspicious] The timestamp of WindowsUpdate.20231225.213041.312.1.etl"" may have been manipulated. => ((CreationTime : 2023-12-26 22:59:51) != (Creation Event Time : 2023-12-26 22:39:35))"""
12/26/23 22:59:51,1717104232,WindowsUpdate.20231225.223041.336.1.etl,\Windows\Temp\_D120F901-E2B2-49F7-81C4-9C3375ADC898\WindowsUpdate.20231225.223041.336.1.etl,File_Created / Basic_Info_Changed / Data_Added / Data_Overwritten / File_Closed,Normal,Archive,,0x000200000000C087,0x002300000000A730,9,Timestamp Manipulation,"[Suspicious] The timestamp of WindowsUpdate.20231225.223041.336.1.etl"" may have been manipulated. => ((CreationTime : 2023-12-26 22:59:51) != (Creation Event Time : 2023-12-26 22:39:35))"""
12/26/23 22:59:51,1717105216,WindowsUpdate.20231225.231817.373.1.etl,\Windows\Temp\_D120F901-E2B2-49F7-81C4-9C3375ADC898\WindowsUpdate.20231225.231817.373.1.etl,File_Created / Basic_Info_Changed / Data_Added / Data_Overwritten / File_Closed,Normal,Archive,,0x000200000000C088,0x002300000000A730,9,Timestamp Manipulation,"[Suspicious] The timestamp of WindowsUpdate.20231225.231817.373.1.etl"" may have been manipulated. => ((CreationTime : 2023-12-26 22:59:51) != (Creation Event Time : 2023-12-26 22:39:35))"""
12/26/23 23:09:09,1717631080,nTimestomp_SI_MACE_Manipulation.dll,\Program Files\Windows Mail\nTimestomp_SI_MACE_Manipulation.dll,Basic_Info_Changed / File_Closed,Normal,Archive,,0x000D00000000C026,0x000100000000009C,9,Timestamp Manipulation,"[Malicious] The timestamp of nTimestomp_SI_MACE_Manipulation.dll"" may have been manipulated after executing nTimestomp. => ((CreationTime : 2022-12-22 23:19:23) != (Creation Event Time : 2023-12-26 23:03:30))"""
12/26/23 23:09:09,1717631488,NTIMESTOMP_V1.2_X64.EXE-6EA682C3.pf,\Windows\Prefetch\NTIMESTOMP_V1.2_X64.EXE-6EA682C3.pf,File_Created / Data_Added / File_Closed,Normal,Archive / Not_Content_Indexed,,0x00160000000002C5,0x0002000000019619,9,Execution of Suspicious Programs,nTimestomp (Timestamp Manipulation) has been executed.
12/26/23 23:28:04,1717083064,WindowsUpdate.20231225.164824.113.64.etl,\Windows\Temp\_5B1CF7F0-1B92-49FC-A113-2610F85C8CAE\WindowsUpdate.20231225.164824.113.64.etl,File_Created / Basic_Info_Changed / Data_Added / Data_Overwritten / File_Closed,Normal,Archive,,0x000600000000C03E,0x000700000000C03D,10,Timestamp Manipulation,"[Suspicious] The timestamp of WindowsUpdate.20231225.164824.113.64.etl"" may have been manipulated. => ((CreationTime : 2023-12-26 23:28:04) != (Creation Event Time : 2023-12-26 22:59:48))"""
12/26/23 23:28:04,1717086320,WindowsUpdate.20231225.164824.113.68.etl,\Windows\Temp\_5B1CF7F0-1B92-49FC-A113-2610F85C8CAE\WindowsUpdate.20231225.164824.113.68.etl,File_Created / Basic_Info_Changed / Data_Added / Data_Overwritten / File_Closed,Normal,Archive,,0x000600000000C043,0x000700000000C03D,10,Timestamp Manipulation,"[Suspicious] The timestamp of WindowsUpdate.20231225.164824.113.68.etl"" may have been manipulated. => ((CreationTime : 2023-12-26 23:28:04) != (Creation Event Time : 2023-12-26 22:26:44))"""
12/26/23 23:28:04,1717087040,WindowsUpdate.20231225.164824.113.69.etl,\Windows\Temp\_5B1CF7F0-1B92-49FC-A113-2610F85C8CAE\WindowsUpdate.20231225.164824.113.69.etl,File_Created / Basic_Info_Changed / Data_Added / Data_Overwritten / File_Closed,Normal,Archive,,0x000600000000C046,0x000700000000C03D,10,Timestamp Manipulation,"[Suspicious] The timestamp of WindowsUpdate.20231225.164824.113.69.etl"" may have been manipulated. => ((CreationTime : 2023-12-26 23:28:04) != (Creation Event Time : 2023-12-26 22:26:44))"""
12/26/23 23:28:04,1717087760,WindowsUpdate.20231225.164824.113.70.etl,\Windows\Temp\_5B1CF7F0-1B92-49FC-A113-2610F85C8CAE\WindowsUpdate.20231225.164824.113.70.etl,File_Created / Basic_Info_Changed / Data_Added / Data_Overwritten / File_Closed,Normal,Archive,,0x000600000000C047,0x000700000000C03D,10,Timestamp Manipulation,"[Suspicious] The timestamp of WindowsUpdate.20231225.164824.113.70.etl"" may have been manipulated. => ((CreationTime : 2023-12-26 23:28:04) != (Creation Event Time : 2023-12-26 22:26:44))"""
12/26/23 23:28:04,1717088544,WindowsUpdate.20231225.164824.113.71.etl,\Windows\Temp\_5B1CF7F0-1B92-49FC-A113-2610F85C8CAE\WindowsUpdate.20231225.164824.113.71.etl,File_Created / Basic_Info_Changed / Data_Added / Data_Overwritten / File_Closed,Normal,Archive,,0x000600000000C048,0x000700000000C03D,10,Timestamp Manipulation,"[Suspicious] The timestamp of WindowsUpdate.20231225.164824.113.71.etl"" may have been manipulated. => ((CreationTime : 2023-12-26 23:28:04) != (Creation Event Time : 2023-12-26 22:26:44))"""
12/26/23 23:28:04,1717089264,WindowsUpdate.20231225.164824.113.72.etl,\Windows\Temp\_5B1CF7F0-1B92-49FC-A113-2610F85C8CAE\WindowsUpdate.20231225.164824.113.72.etl,File_Created / Basic_Info_Changed / Data_Added / Data_Overwritten / File_Closed,Normal,Archive,,0x000600000000C04A,0x000700000000C03D,10,Timestamp Manipulation,"[Suspicious] The timestamp of WindowsUpdate.20231225.164824.113.72.etl"" may have been manipulated. => ((CreationTime : 2023-12-26 23:28:04) != (Creation Event Time : 2023-12-26 22:26:44))"""
12/26/23 23:28:04,1717089984,WindowsUpdate.20231225.164824.113.73.etl,\Windows\Temp\_5B1CF7F0-1B92-49FC-A113-2610F85C8CAE\WindowsUpdate.20231225.164824.113.73.etl,File_Created / Basic_Info_Changed / Data_Added / Data_Overwritten / File_Closed,Normal,Archive,,0x000600000000C04B,0x000700000000C03D,10,Timestamp Manipulation,"[Suspicious] The timestamp of WindowsUpdate.20231225.164824.113.73.etl"" may have been manipulated. => ((CreationTime : 2023-12-26 23:28:04) != (Creation Event Time : 2023-12-26 22:26:44))"""
12/26/23 23:28:04,1717091024,WindowsUpdate.20231225.164824.113.74.etl,\Windows\Temp\_5B1CF7F0-1B92-49FC-A113-2610F85C8CAE\WindowsUpdate.20231225.164824.113.74.etl,File_Created / Basic_Info_Changed / Data_Added / Data_Overwritten / File_Closed,Normal,Archive,,0x000600000000C04C,0x000700000000C03D,10,Timestamp Manipulation,"[Suspicious] The timestamp of WindowsUpdate.20231225.164824.113.74.etl"" may have been manipulated. => ((CreationTime : 2023-12-26 23:28:04) != (Creation Event Time : 2023-12-26 22:26:44))"""
12/26/23 23:28:04,1717091744,WindowsUpdate.20231225.164824.113.75.etl,\Windows\Temp\_5B1CF7F0-1B92-49FC-A113-2610F85C8CAE\WindowsUpdate.20231225.164824.113.75.etl,File_Created / Basic_Info_Changed / Data_Added / Data_Overwritten / File_Closed,Normal,Archive,,0x000600000000C04F,0x000700000000C03D,10,Timestamp Manipulation,"[Suspicious] The timestamp of WindowsUpdate.20231225.164824.113.75.etl"" may have been manipulated. => ((CreationTime : 2023-12-26 23:28:04) != (Creation Event Time : 2023-12-26 22:26:44))"""
12/26/23 23:28:04,1717092496,WindowsUpdate.20231225.164824.113.76.etl,\Windows\Temp\_5B1CF7F0-1B92-49FC-A113-2610F85C8CAE\WindowsUpdate.20231225.164824.113.76.etl,File_Created / Basic_Info_Changed / Data_Added / Data_Overwritten / File_Closed,Normal,Archive,,0x001F00000000C069,0x000700000000C03D,10,Timestamp Manipulation,"[Suspicious] The timestamp of WindowsUpdate.20231225.164824.113.76.etl"" may have been manipulated. => ((CreationTime : 2023-12-26 23:28:04) != (Creation Event Time : 2023-12-26 22:26:44))"""
12/26/23 23:28:04,1717093216,WindowsUpdate.20231225.164824.113.77.etl,\Windows\Temp\_5B1CF7F0-1B92-49FC-A113-2610F85C8CAE\WindowsUpdate.20231225.164824.113.77.etl,File_Created / Basic_Info_Changed / Data_Added / Data_Overwritten / File_Closed,Normal,Archive,,0x000200000000C06A,0x000700000000C03D,10,Timestamp Manipulation,"[Suspicious] The timestamp of WindowsUpdate.20231225.164824.113.77.etl"" may have been manipulated. => ((CreationTime : 2023-12-26 23:28:04) != (Creation Event Time : 2023-12-26 22:26:44))"""
12/26/23 23:28:04,1717094336,WindowsUpdate.20231225.164824.113.78.etl,\Windows\Temp\_5B1CF7F0-1B92-49FC-A113-2610F85C8CAE\WindowsUpdate.20231225.164824.113.78.etl,File_Created / Basic_Info_Changed / Data_Added / Data_Overwritten / File_Closed,Normal,Archive,,0x000300000000C06B,0x000700000000C03D,10,Timestamp Manipulation,"[Suspicious] The timestamp of WindowsUpdate.20231225.164824.113.78.etl"" may have been manipulated. => ((CreationTime : 2023-12-26 23:28:04) != (Creation Event Time : 2023-12-26 22:26:44))"""
12/26/23 23:28:04,1717096160,WindowsUpdate.20231225.164824.113.80.etl,\Windows\Temp\_5B1CF7F0-1B92-49FC-A113-2610F85C8CAE\WindowsUpdate.20231225.164824.113.80.etl,File_Created / Basic_Info_Changed / Data_Added / Data_Overwritten / File_Closed,Normal,Archive,,0x000300000000C06C,0x000700000000C03D,10,Timestamp Manipulation,"[Suspicious] The timestamp of WindowsUpdate.20231225.164824.113.80.etl"" may have been manipulated. => ((CreationTime : 2023-12-26 23:28:04) != (Creation Event Time : 2023-12-26 22:26:44))"""
12/26/23 23:28:04,1717097384,WindowsUpdate.20231225.164824.113.81.etl,\Windows\Temp\_5B1CF7F0-1B92-49FC-A113-2610F85C8CAE\WindowsUpdate.20231225.164824.113.81.etl,File_Created / Basic_Info_Changed / Data_Added / Data_Overwritten / File_Closed,Normal,Archive,,0x000200000000C06E,0x000700000000C03D,10,Timestamp Manipulation,"[Suspicious] The timestamp of WindowsUpdate.20231225.164824.113.81.etl"" may have been manipulated. => ((CreationTime : 2023-12-26 23:28:04) != (Creation Event Time : 2023-12-26 22:26:44))"""
12/26/23 23:28:04,1717100000,WindowsUpdate.20231225.164824.113.83.etl,\Windows\Temp\_5B1CF7F0-1B92-49FC-A113-2610F85C8CAE\WindowsUpdate.20231225.164824.113.83.etl,File_Created / Basic_Info_Changed / Data_Added / Data_Overwritten / File_Closed,Normal,Archive,,0x000200000000C06F,0x000700000000C03D,10,Timestamp Manipulation,"[Suspicious] The timestamp of WindowsUpdate.20231225.164824.113.83.etl"" may have been manipulated. => ((CreationTime : 2023-12-26 23:28:04) != (Creation Event Time : 2023-12-26 22:26:44))"""
12/26/23 23:28:04,1717101064,WindowsUpdate.20231225.164824.113.84.etl,\Windows\Temp\_5B1CF7F0-1B92-49FC-A113-2610F85C8CAE\WindowsUpdate.20231225.164824.113.84.etl,File_Created / Basic_Info_Changed / Data_Added / Data_Overwritten / File_Closed,Normal,Archive,,0x000300000000C071,0x000700000000C03D,10,Timestamp Manipulation,"[Suspicious] The timestamp of WindowsUpdate.20231225.164824.113.84.etl"" may have been manipulated. => ((CreationTime : 2023-12-26 23:28:04) != (Creation Event Time : 2023-12-26 22:26:44))"""
12/26/23 23:28:04,1717102024,WindowsUpdate.20231225.164824.113.85.etl,\Windows\Temp\_5B1CF7F0-1B92-49FC-A113-2610F85C8CAE\WindowsUpdate.20231225.164824.113.85.etl,File_Created / Basic_Info_Changed / Data_Added / Data_Overwritten / File_Closed,Normal,Archive,,0x000200000000C072,0x000700000000C03D,10,Timestamp Manipulation,"[Suspicious] The timestamp of WindowsUpdate.20231225.164824.113.85.etl"" may have been manipulated. => ((CreationTime : 2023-12-26 23:28:04) != (Creation Event Time : 2023-12-26 22:26:44))"""
12/26/23 23:28:04,1717102744,WindowsUpdate.20231225.164824.113.86.etl,\Windows\Temp\_5B1CF7F0-1B92-49FC-A113-2610F85C8CAE\WindowsUpdate.20231225.164824.113.86.etl,File_Created / Basic_Info_Changed / Data_Added / Data_Overwritten / File_Closed,Normal,Archive,,0x000200000000C073,0x000700000000C03D,10,Timestamp Manipulation,"[Suspicious] The timestamp of WindowsUpdate.20231225.164824.113.86.etl"" may have been manipulated. => ((CreationTime : 2023-12-26 23:28:04) != (Creation Event Time : 2023-12-26 22:26:44))"""
12/26/23 23:28:04,1717103464,WindowsUpdate.20231225.164824.113.87.etl,\Windows\Temp\_5B1CF7F0-1B92-49FC-A113-2610F85C8CAE\WindowsUpdate.20231225.164824.113.87.etl,File_Created / Basic_Info_Changed / Data_Added / Data_Overwritten / File_Closed,Normal,Archive,,0x000300000000C076,0x000700000000C03D,10,Timestamp Manipulation,"[Suspicious] The timestamp of WindowsUpdate.20231225.164824.113.87.etl"" may have been manipulated. => ((CreationTime : 2023-12-26 23:28:04) != (Creation Event Time : 2023-12-26 22:26:44))"""
12/26/23 23:28:04,1717104184,WindowsUpdate.20231225.164824.113.88.etl,\Windows\Temp\_5B1CF7F0-1B92-49FC-A113-2610F85C8CAE\WindowsUpdate.20231225.164824.113.88.etl,File_Created / Basic_Info_Changed / Data_Added / Data_Overwritten / File_Closed,Normal,Archive,,0x000200000000C077,0x000700000000C03D,10,Timestamp Manipulation,"[Suspicious] The timestamp of WindowsUpdate.20231225.164824.113.88.etl"" may have been manipulated. => ((CreationTime : 2023-12-26 23:28:04) != (Creation Event Time : 2023-12-26 22:26:44))"""
12/26/23 23:28:04,1717105328,WindowsUpdate.20231225.164824.113.89.etl,\Windows\Temp\_5B1CF7F0-1B92-49FC-A113-2610F85C8CAE\WindowsUpdate.20231225.164824.113.89.etl,File_Created / Basic_Info_Changed / Data_Added / Data_Overwritten / File_Closed,Normal,Archive,,0x000200000000C078,0x000700000000C03D,10,Timestamp Manipulation,"[Suspicious] The timestamp of WindowsUpdate.20231225.164824.113.89.etl"" may have been manipulated. => ((CreationTime : 2023-12-26 23:28:04) != (Creation Event Time : 2023-12-26 22:26:44))"""
12/26/23 23:28:04,1717106048,WindowsUpdate.20231225.173759.428.1.etl,\Windows\Temp\_5B1CF7F0-1B92-49FC-A113-2610F85C8CAE\WindowsUpdate.20231225.173759.428.1.etl,File_Created / Basic_Info_Changed / Data_Added / Data_Overwritten / File_Closed,Normal,Archive,,0x000200000000C07B,0x000700000000C03D,10,Timestamp Manipulation,"[Suspicious] The timestamp of WindowsUpdate.20231225.173759.428.1.etl"" may have been manipulated. => ((CreationTime : 2023-12-26 23:28:04) != (Creation Event Time : 2023-12-26 22:26:44))"""
12/26/23 23:28:04,1717106768,WindowsUpdate.20231225.173759.428.2.etl,\Windows\Temp\_5B1CF7F0-1B92-49FC-A113-2610F85C8CAE\WindowsUpdate.20231225.173759.428.2.etl,File_Created / Basic_Info_Changed / Data_Added / Data_Overwritten / File_Closed,Normal,Archive,,0x000200000000C07C,0x000700000000C03D,10,Timestamp Manipulation,"[Suspicious] The timestamp of WindowsUpdate.20231225.173759.428.2.etl"" may have been manipulated. => ((CreationTime : 2023-12-26 23:28:04) != (Creation Event Time : 2023-12-26 22:39:35))"""
12/26/23 23:28:04,1717107488,WindowsUpdate.20231225.175817.420.1.etl,\Windows\Temp\_5B1CF7F0-1B92-49FC-A113-2610F85C8CAE\WindowsUpdate.20231225.175817.420.1.etl,File_Created / Basic_Info_Changed / Data_Added / Data_Overwritten / File_Closed,Normal,Archive,,0x000200000000C07E,0x000700000000C03D,10,Timestamp Manipulation,"[Suspicious] The timestamp of WindowsUpdate.20231225.175817.420.1.etl"" may have been manipulated. => ((CreationTime : 2023-12-26 23:28:04) != (Creation Event Time : 2023-12-26 22:39:35))"""
12/26/23 23:28:04,1717109024,WindowsUpdate.20231225.183040.874.1.etl,\Windows\Temp\_5B1CF7F0-1B92-49FC-A113-2610F85C8CAE\WindowsUpdate.20231225.183040.874.1.etl,File_Created / Basic_Info_Changed / Data_Added / Data_Overwritten / File_Closed,Normal,Archive,,0x000200000000C081,0x000700000000C03D,10,Timestamp Manipulation,"[Suspicious] The timestamp of WindowsUpdate.20231225.183040.874.1.etl"" may have been manipulated. => ((CreationTime : 2023-12-26 23:28:04) != (Creation Event Time : 2023-12-26 22:39:35))"""
12/26/23 23:28:04,1717110992,WindowsUpdate.20231225.184944.109.1.etl,\Windows\Temp\_5B1CF7F0-1B92-49FC-A113-2610F85C8CAE\WindowsUpdate.20231225.184944.109.1.etl,File_Created / Basic_Info_Changed / Data_Added / Data_Overwritten / File_Closed,Normal,Archive,,0x000200000000C084,0x000700000000C03D,10,Timestamp Manipulation,"[Suspicious] The timestamp of WindowsUpdate.20231225.184944.109.1.etl"" may have been manipulated. => ((CreationTime : 2023-12-26 23:28:04) != (Creation Event Time : 2023-12-26 22:39:35))"""
12/26/23 23:28:05,1717112832,WindowsUpdate.20231225.193041.301.1.etl,\Windows\Temp\_5B1CF7F0-1B92-49FC-A113-2610F85C8CAE\WindowsUpdate.20231225.193041.301.1.etl,File_Created / Basic_Info_Changed / Data_Added / Data_Overwritten / File_Closed,Normal,Archive,,0x000200000000C087,0x000700000000C03D,10,Timestamp Manipulation,"[Suspicious] The timestamp of WindowsUpdate.20231225.193041.301.1.etl"" may have been manipulated. => ((CreationTime : 2023-12-26 23:28:05) != (Creation Event Time : 2023-12-26 22:39:35))"""
12/26/23 23:28:05,1717114720,WindowsUpdate.20231225.213041.312.1.etl,\Windows\Temp\_5B1CF7F0-1B92-49FC-A113-2610F85C8CAE\WindowsUpdate.20231225.213041.312.1.etl,File_Created / Basic_Info_Changed / Data_Added / Data_Overwritten / File_Closed,Normal,Archive,,0x000200000000C089,0x000700000000C03D,10,Timestamp Manipulation,"[Suspicious] The timestamp of WindowsUpdate.20231225.213041.312.1.etl"" may have been manipulated. => ((CreationTime : 2023-12-26 23:28:05) != (Creation Event Time : 2023-12-26 22:59:51))"""
12/26/23 23:28:05,1717115440,WindowsUpdate.20231225.223041.336.1.etl,\Windows\Temp\_5B1CF7F0-1B92-49FC-A113-2610F85C8CAE\WindowsUpdate.20231225.223041.336.1.etl,File_Created / Basic_Info_Changed / Data_Added / Data_Overwritten / File_Closed,Normal,Archive,,0x000200000000C08E,0x000700000000C03D,10,Timestamp Manipulation,"[Suspicious] The timestamp of WindowsUpdate.20231225.223041.336.1.etl"" may have been manipulated. => ((CreationTime : 2023-12-26 23:28:05) != (Creation Event Time : 2023-12-26 22:59:51))"""
12/26/23 23:28:05,1717116160,WindowsUpdate.20231225.231817.373.1.etl,\Windows\Temp\_5B1CF7F0-1B92-49FC-A113-2610F85C8CAE\WindowsUpdate.20231225.231817.373.1.etl,File_Created / Basic_Info_Changed / Data_Added / Data_Overwritten / File_Closed,Normal,Archive,,0x000200000000C091,0x000700000000C03D,10,Timestamp Manipulation,"[Suspicious] The timestamp of WindowsUpdate.20231225.231817.373.1.etl"" may have been manipulated. => ((CreationTime : 2023-12-26 23:28:05) != (Creation Event Time : 2023-12-26 22:59:51))"""
12/26/23 23:28:05,1717116928,WindowsUpdate.20231225.235013.988.1.etl,\Windows\Temp\_5B1CF7F0-1B92-49FC-A113-2610F85C8CAE\WindowsUpdate.20231225.235013.988.1.etl,File_Created / Basic_Info_Changed / Data_Added / Data_Overwritten / File_Closed,Normal,Archive,,0x000200000000C092,0x000700000000C03D,10,Timestamp Manipulation,"[Suspicious] The timestamp of WindowsUpdate.20231225.235013.988.1.etl"" may have been manipulated. => ((CreationTime : 2023-12-26 23:28:05) != (Creation Event Time : 2023-12-26 22:59:51))"""
12/31/23 1:21:10,1754633240,SetMACE_SI_MACE_Copy_Manipulation.dll,\Program Files\Windows Mail\SetMACE_SI_MACE_Copy_Manipulation.dll,Basic_Info_Changed / File_Closed,Normal,Archive,,0x001F0000000037E6,0x000100000000009C,11,Timestamp Manipulation,"[Malicious] The timestamp of SetMACE_SI_MACE_Copy_Manipulation.dll"" may have been manipulated after executing SetMace. (Using another normal file's timestamp) => ((CreationTime : 2023-12-25 16:22:59) != (Creation Event Time : 2023-12-31 01:15:50)), (CreationTime(2023-12-25 16:22:59) is same as wabimp.dll)"""
12/31/23 1:21:10,1754633616,SETMACE_X64.EXE-97F7141F.pf,\Windows\Prefetch\SETMACE_X64.EXE-97F7141F.pf,File_Created / Data_Added / File_Closed,Normal,Archive / Not_Content_Indexed,,0x001800000000A851,0x0002000000019619,11,Execution of Suspicious Programs,SetMace (Timestamp Manipulation) has been executed.
12/31/23 23:52:21,1754197344,WindowsUpdate.20231225.164824.113.77.etl,\Windows\Temp\_5E70631E-3378-4FE9-812C-1C1DC1C2A77A\WindowsUpdate.20231225.164824.113.77.etl,File_Created / Basic_Info_Changed / Data_Added / Data_Overwritten / File_Closed,Normal,Archive,,0x000300000000C9F7,0x000400000000C9EF,12,Timestamp Manipulation,"[Suspicious] The timestamp of WindowsUpdate.20231225.164824.113.77.etl"" may have been manipulated. => ((CreationTime : 2023-12-31 23:52:21) != (Creation Event Time : 2023-12-31 01:15:23))"""
12/31/23 23:52:21,1754198160,WindowsUpdate.20231225.164824.113.78.etl,\Windows\Temp\_5E70631E-3378-4FE9-812C-1C1DC1C2A77A\WindowsUpdate.20231225.164824.113.78.etl,File_Created / Basic_Info_Changed / Data_Added / Data_Overwritten / File_Closed,Normal,Archive,,0x000300000000C9F8,0x000400000000C9EF,12,Timestamp Manipulation,"[Suspicious] The timestamp of WindowsUpdate.20231225.164824.113.78.etl"" may have been manipulated. => ((CreationTime : 2023-12-31 23:52:21) != (Creation Event Time : 2023-12-31 01:15:23))"""
12/31/23 23:52:21,1754198880,WindowsUpdate.20231225.164824.113.79.etl,\Windows\Temp\_5E70631E-3378-4FE9-812C-1C1DC1C2A77A\WindowsUpdate.20231225.164824.113.79.etl,File_Created / Basic_Info_Changed / Data_Added / Data_Overwritten / File_Closed,Normal,Archive,,0x000200000000C9F9,0x000400000000C9EF,12,Timestamp Manipulation,"[Suspicious] The timestamp of WindowsUpdate.20231225.164824.113.79.etl"" may have been manipulated. => ((CreationTime : 2023-12-31 23:52:21) != (Creation Event Time : 2023-12-31 01:15:23))"""
12/31/23 23:52:21,1754199600,WindowsUpdate.20231225.164824.113.80.etl,\Windows\Temp\_5E70631E-3378-4FE9-812C-1C1DC1C2A77A\WindowsUpdate.20231225.164824.113.80.etl,File_Created / Basic_Info_Changed / Data_Added / Data_Overwritten / File_Closed,Normal,Archive,,0x000200000000C9FA,0x000400000000C9EF,12,Timestamp Manipulation,"[Suspicious] The timestamp of WindowsUpdate.20231225.164824.113.80.etl"" may have been manipulated. => ((CreationTime : 2023-12-31 23:52:21) != (Creation Event Time : 2023-12-31 01:15:23))"""
12/31/23 23:52:21,1754200320,WindowsUpdate.20231225.164824.113.81.etl,\Windows\Temp\_5E70631E-3378-4FE9-812C-1C1DC1C2A77A\WindowsUpdate.20231225.164824.113.81.etl,File_Created / Basic_Info_Changed / Data_Added / Data_Overwritten / File_Closed,Normal,Archive,,0x000200000000C9FB,0x000400000000C9EF,12,Timestamp Manipulation,"[Suspicious] The timestamp of WindowsUpdate.20231225.164824.113.81.etl"" may have been manipulated. => ((CreationTime : 2023-12-31 23:52:21) != (Creation Event Time : 2023-12-31 01:15:23))"""
12/31/23 23:52:21,1754201040,WindowsUpdate.20231225.164824.113.82.etl,\Windows\Temp\_5E70631E-3378-4FE9-812C-1C1DC1C2A77A\WindowsUpdate.20231225.164824.113.82.etl,File_Created / Basic_Info_Changed / Data_Added / Data_Overwritten / File_Closed,Normal,Archive,,0x000200000000C9FD,0x000400000000C9EF,12,Timestamp Manipulation,"[Suspicious] The timestamp of WindowsUpdate.20231225.164824.113.82.etl"" may have been manipulated. => ((CreationTime : 2023-12-31 23:52:21) != (Creation Event Time : 2023-12-31 01:15:23))"""
12/31/23 23:52:21,1754201760,WindowsUpdate.20231225.164824.113.83.etl,\Windows\Temp\_5E70631E-3378-4FE9-812C-1C1DC1C2A77A\WindowsUpdate.20231225.164824.113.83.etl,File_Created / Basic_Info_Changed / Data_Added / Data_Overwritten / File_Closed,Normal,Archive,,0x000200000000CA04,0x000400000000C9EF,12,Timestamp Manipulation,"[Suspicious] The timestamp of WindowsUpdate.20231225.164824.113.83.etl"" may have been manipulated. => ((CreationTime : 2023-12-31 23:52:21) != (Creation Event Time : 2023-12-31 01:15:23))"""
12/31/23 23:52:21,1754202544,WindowsUpdate.20231225.164824.113.84.etl,\Windows\Temp\_5E70631E-3378-4FE9-812C-1C1DC1C2A77A\WindowsUpdate.20231225.164824.113.84.etl,File_Created / Basic_Info_Changed / Data_Added / Data_Overwritten / File_Closed,Normal,Archive,,0x000200000000CA05,0x000400000000C9EF,12,Timestamp Manipulation,"[Suspicious] The timestamp of WindowsUpdate.20231225.164824.113.84.etl"" may have been manipulated. => ((CreationTime : 2023-12-31 23:52:21) != (Creation Event Time : 2023-12-31 01:15:23))"""
12/31/23 23:52:21,1754203264,WindowsUpdate.20231225.164824.113.85.etl,\Windows\Temp\_5E70631E-3378-4FE9-812C-1C1DC1C2A77A\WindowsUpdate.20231225.164824.113.85.etl,File_Created / Basic_Info_Changed / Data_Added / Data_Overwritten / File_Closed,Normal,Archive,,0x000300000000CA06,0x000400000000C9EF,12,Timestamp Manipulation,"[Suspicious] The timestamp of WindowsUpdate.20231225.164824.113.85.etl"" may have been manipulated. => ((CreationTime : 2023-12-31 23:52:21) != (Creation Event Time : 2023-12-31 01:15:23))"""
12/31/23 23:52:21,1754203984,WindowsUpdate.20231225.164824.113.86.etl,\Windows\Temp\_5E70631E-3378-4FE9-812C-1C1DC1C2A77A\WindowsUpdate.20231225.164824.113.86.etl,File_Created / Basic_Info_Changed / Data_Added / Data_Overwritten / File_Closed,Normal,Archive,,0x000200000000CA08,0x000400000000C9EF,12,Timestamp Manipulation,"[Suspicious] The timestamp of WindowsUpdate.20231225.164824.113.86.etl"" may have been manipulated. => ((CreationTime : 2023-12-31 23:52:21) != (Creation Event Time : 2023-12-31 01:15:23))"""
12/31/23 23:52:21,1754204704,WindowsUpdate.20231225.164824.113.87.etl,\Windows\Temp\_5E70631E-3378-4FE9-812C-1C1DC1C2A77A\WindowsUpdate.20231225.164824.113.87.etl,File_Created / Basic_Info_Changed / Data_Added / Data_Overwritten / File_Closed,Normal,Archive,,0x000200000000CA09,0x000400000000C9EF,12,Timestamp Manipulation,"[Suspicious] The timestamp of WindowsUpdate.20231225.164824.113.87.etl"" may have been manipulated. => ((CreationTime : 2023-12-31 23:52:21) != (Creation Event Time : 2023-12-31 01:15:23))"""
12/31/23 23:52:21,1754205424,WindowsUpdate.20231225.164824.113.88.etl,\Windows\Temp\_5E70631E-3378-4FE9-812C-1C1DC1C2A77A\WindowsUpdate.20231225.164824.113.88.etl,File_Created / Basic_Info_Changed / Data_Added / Data_Overwritten / File_Closed,Normal,Archive,,0x000200000000CA0B,0x000400000000C9EF,12,Timestamp Manipulation,"[Suspicious] The timestamp of WindowsUpdate.20231225.164824.113.88.etl"" may have been manipulated. => ((CreationTime : 2023-12-31 23:52:21) != (Creation Event Time : 2023-12-31 01:15:23))"""
12/31/23 23:52:21,1754206208,WindowsUpdate.20231225.164824.113.89.etl,\Windows\Temp\_5E70631E-3378-4FE9-812C-1C1DC1C2A77A\WindowsUpdate.20231225.164824.113.89.etl,File_Created / Basic_Info_Changed / Data_Added / Data_Overwritten / File_Closed,Normal,Archive,,0x000300000000CA0C,0x000400000000C9EF,12,Timestamp Manipulation,"[Suspicious] The timestamp of WindowsUpdate.20231225.164824.113.89.etl"" may have been manipulated. => ((CreationTime : 2023-12-31 23:52:21) != (Creation Event Time : 2023-12-31 01:15:23))"""
12/31/23 23:52:21,1754206928,WindowsUpdate.20231225.173759.428.1.etl,\Windows\Temp\_5E70631E-3378-4FE9-812C-1C1DC1C2A77A\WindowsUpdate.20231225.173759.428.1.etl,File_Created / Basic_Info_Changed / Data_Added / Data_Overwritten / File_Closed,Normal,Archive,,0x000300000000CA0D,0x000400000000C9EF,12,Timestamp Manipulation,"[Suspicious] The timestamp of WindowsUpdate.20231225.173759.428.1.etl"" may have been manipulated. => ((CreationTime : 2023-12-31 23:52:21) != (Creation Event Time : 2023-12-31 01:15:23))"""
12/31/23 23:52:21,1754207648,WindowsUpdate.20231225.173759.428.2.etl,\Windows\Temp\_5E70631E-3378-4FE9-812C-1C1DC1C2A77A\WindowsUpdate.20231225.173759.428.2.etl,File_Created / Basic_Info_Changed / Data_Added / Data_Overwritten / File_Closed,Normal,Archive,,0x000200000000CA0F,0x000400000000C9EF,12,Timestamp Manipulation,"[Suspicious] The timestamp of WindowsUpdate.20231225.173759.428.2.etl"" may have been manipulated. => ((CreationTime : 2023-12-31 23:52:21) != (Creation Event Time : 2023-12-31 01:15:23))"""
12/31/23 23:52:21,1754208368,WindowsUpdate.20231225.175817.420.1.etl,\Windows\Temp\_5E70631E-3378-4FE9-812C-1C1DC1C2A77A\WindowsUpdate.20231225.175817.420.1.etl,File_Created / Basic_Info_Changed / Data_Added / Data_Overwritten / File_Closed,Normal,Archive,,0x000200000000CA10,0x000400000000C9EF,12,Timestamp Manipulation,"[Suspicious] The timestamp of WindowsUpdate.20231225.175817.420.1.etl"" may have been manipulated. => ((CreationTime : 2023-12-31 23:52:21) != (Creation Event Time : 2023-12-31 01:15:23))"""
12/31/23 23:52:21,1754209088,WindowsUpdate.20231225.181843.333.1.etl,\Windows\Temp\_5E70631E-3378-4FE9-812C-1C1DC1C2A77A\WindowsUpdate.20231225.181843.333.1.etl,File_Created / Basic_Info_Changed / Data_Added / Data_Overwritten / File_Closed,Normal,Archive,,0x000300000000CA11,0x000400000000C9EF,12,Timestamp Manipulation,"[Suspicious] The timestamp of WindowsUpdate.20231225.181843.333.1.etl"" may have been manipulated. => ((CreationTime : 2023-12-31 23:52:21) != (Creation Event Time : 2023-12-31 01:15:23))"""
12/31/23 23:52:21,1754209808,WindowsUpdate.20231225.183040.874.1.etl,\Windows\Temp\_5E70631E-3378-4FE9-812C-1C1DC1C2A77A\WindowsUpdate.20231225.183040.874.1.etl,File_Created / Basic_Info_Changed / Data_Added / Data_Overwritten / File_Closed,Normal,Archive,,0x000200000000CA12,0x000400000000C9EF,12,Timestamp Manipulation,"[Suspicious] The timestamp of WindowsUpdate.20231225.183040.874.1.etl"" may have been manipulated. => ((CreationTime : 2023-12-31 23:52:21) != (Creation Event Time : 2023-12-31 01:15:23))"""
12/31/23 23:52:21,1754210592,WindowsUpdate.20231225.184944.109.1.etl,\Windows\Temp\_5E70631E-3378-4FE9-812C-1C1DC1C2A77A\WindowsUpdate.20231225.184944.109.1.etl,File_Created / Basic_Info_Changed / Data_Added / Data_Overwritten / File_Closed,Normal,Archive,,0x000300000000CA13,0x000400000000C9EF,12,Timestamp Manipulation,"[Suspicious] The timestamp of WindowsUpdate.20231225.184944.109.1.etl"" may have been manipulated. => ((CreationTime : 2023-12-31 23:52:21) != (Creation Event Time : 2023-12-31 01:15:23))"""
12/31/23 23:52:21,1754211312,WindowsUpdate.20231225.191048.081.1.etl,\Windows\Temp\_5E70631E-3378-4FE9-812C-1C1DC1C2A77A\WindowsUpdate.20231225.191048.081.1.etl,File_Created / Basic_Info_Changed / Data_Added / Data_Overwritten / File_Closed,Normal,Archive,,0x000200000000CA14,0x000400000000C9EF,12,Timestamp Manipulation,"[Suspicious] The timestamp of WindowsUpdate.20231225.191048.081.1.etl"" may have been manipulated. => ((CreationTime : 2023-12-31 23:52:21) != (Creation Event Time : 2023-12-31 01:15:23))"""
12/31/23 23:52:21,1754212032,WindowsUpdate.20231225.193041.301.1.etl,\Windows\Temp\_5E70631E-3378-4FE9-812C-1C1DC1C2A77A\WindowsUpdate.20231225.193041.301.1.etl,File_Created / Basic_Info_Changed / Data_Added / Data_Overwritten / File_Closed,Normal,Archive,,0x000300000000CA17,0x000400000000C9EF,12,Timestamp Manipulation,"[Suspicious] The timestamp of WindowsUpdate.20231225.193041.301.1.etl"" may have been manipulated. => ((CreationTime : 2023-12-31 23:52:21) != (Creation Event Time : 2023-12-31 01:15:23))"""
12/31/23 23:52:21,1754212752,WindowsUpdate.20231225.203041.323.1.etl,\Windows\Temp\_5E70631E-3378-4FE9-812C-1C1DC1C2A77A\WindowsUpdate.20231225.203041.323.1.etl,File_Created / Basic_Info_Changed / Data_Added / Data_Overwritten / File_Closed,Normal,Archive,,0x000200000000CA19,0x000400000000C9EF,12,Timestamp Manipulation,"[Suspicious] The timestamp of WindowsUpdate.20231225.203041.323.1.etl"" may have been manipulated. => ((CreationTime : 2023-12-31 23:52:21) != (Creation Event Time : 2023-12-31 01:15:23))"""
12/31/23 23:52:21,1754213472,WindowsUpdate.20231225.213041.312.1.etl,\Windows\Temp\_5E70631E-3378-4FE9-812C-1C1DC1C2A77A\WindowsUpdate.20231225.213041.312.1.etl,File_Created / Basic_Info_Changed / Data_Added / Data_Overwritten / File_Closed,Normal,Archive,,0x000300000000CA1E,0x000400000000C9EF,12,Timestamp Manipulation,"[Suspicious] The timestamp of WindowsUpdate.20231225.213041.312.1.etl"" may have been manipulated. => ((CreationTime : 2023-12-31 23:52:21) != (Creation Event Time : 2023-12-31 01:15:23))"""
12/31/23 23:52:21,1754214192,WindowsUpdate.20231225.223041.336.1.etl,\Windows\Temp\_5E70631E-3378-4FE9-812C-1C1DC1C2A77A\WindowsUpdate.20231225.223041.336.1.etl,File_Created / Basic_Info_Changed / Data_Added / Data_Overwritten / File_Closed,Normal,Archive,,0x000200000000CA21,0x000400000000C9EF,12,Timestamp Manipulation,"[Suspicious] The timestamp of WindowsUpdate.20231225.223041.336.1.etl"" may have been manipulated. => ((CreationTime : 2023-12-31 23:52:21) != (Creation Event Time : 2023-12-31 01:15:23))"""
12/31/23 23:52:21,1754214976,WindowsUpdate.20231225.231817.373.1.etl,\Windows\Temp\_5E70631E-3378-4FE9-812C-1C1DC1C2A77A\WindowsUpdate.20231225.231817.373.1.etl,File_Created / Basic_Info_Changed / Data_Added / Data_Overwritten / File_Closed,Normal,Archive,,0x000200000000CA22,0x000400000000C9EF,12,Timestamp Manipulation,"[Suspicious] The timestamp of WindowsUpdate.20231225.231817.373.1.etl"" may have been manipulated. => ((CreationTime : 2023-12-31 23:52:21) != (Creation Event Time : 2023-12-31 01:15:23))"""
12/31/23 23:52:21,1754215696,WindowsUpdate.20231225.235013.988.1.etl,\Windows\Temp\_5E70631E-3378-4FE9-812C-1C1DC1C2A77A\WindowsUpdate.20231225.235013.988.1.etl,File_Created / Basic_Info_Changed / Data_Added / Data_Overwritten / File_Closed,Normal,Archive,,0x000200000000CA24,0x000400000000C9EF,12,Timestamp Manipulation,"[Suspicious] The timestamp of WindowsUpdate.20231225.235013.988.1.etl"" may have been manipulated. => ((CreationTime : 2023-12-31 23:52:21) != (Creation Event Time : 2023-12-31 01:15:23))"""
12/31/23 23:52:21,1754216504,WindowsUpdate.20231226.000148.623.1.etl,\Windows\Temp\_5E70631E-3378-4FE9-812C-1C1DC1C2A77A\WindowsUpdate.20231226.000148.623.1.etl,File_Created / Basic_Info_Changed / Data_Added / Data_Overwritten / File_Closed,Normal,Archive,,0x000200000000CA25,0x000400000000C9EF,12,Timestamp Manipulation,"[Suspicious] The timestamp of WindowsUpdate.20231226.000148.623.1.etl"" may have been manipulated. => ((CreationTime : 2023-12-31 23:52:21) != (Creation Event Time : 2023-12-31 01:15:23))"""
12/31/23 23:52:21,1754217432,WindowsUpdate.20231226.001944.806.1.etl,\Windows\Temp\_5E70631E-3378-4FE9-812C-1C1DC1C2A77A\WindowsUpdate.20231226.001944.806.1.etl,File_Created / Basic_Info_Changed / Data_Added / Data_Overwritten / File_Closed,Normal,Archive,,0x000200000000CA29,0x000400000000C9EF,12,Timestamp Manipulation,"[Suspicious] The timestamp of WindowsUpdate.20231226.001944.806.1.etl"" may have been manipulated. => ((CreationTime : 2023-12-31 23:52:21) != (Creation Event Time : 2023-12-31 01:15:23))"""
12/31/23 23:52:21,1754218152,WindowsUpdate.20231226.005434.402.1.etl,\Windows\Temp\_5E70631E-3378-4FE9-812C-1C1DC1C2A77A\WindowsUpdate.20231226.005434.402.1.etl,File_Created / Basic_Info_Changed / Data_Added / Data_Overwritten / File_Closed,Normal,Archive,,0x000200000000CA2C,0x000400000000C9EF,12,Timestamp Manipulation,"[Suspicious] The timestamp of WindowsUpdate.20231226.005434.402.1.etl"" may have been manipulated. => ((CreationTime : 2023-12-31 23:52:21) != (Creation Event Time : 2023-12-31 01:15:23))"""
12/31/23 23:52:21,1754218928,WindowsUpdate.20231226.010558.490.1.etl,\Windows\Temp\_5E70631E-3378-4FE9-812C-1C1DC1C2A77A\WindowsUpdate.20231226.010558.490.1.etl,File_Created / Basic_Info_Changed / Data_Added / Data_Overwritten / File_Closed,Normal,Archive,,0x000200000000CA2D,0x000400000000C9EF,12,Timestamp Manipulation,"[Suspicious] The timestamp of WindowsUpdate.20231226.010558.490.1.etl"" may have been manipulated. => ((CreationTime : 2023-12-31 23:52:21) != (Creation Event Time : 2023-12-31 01:15:23))"""
12/31/23 23:52:21,1754219648,WindowsUpdate.20231227.004534.197.1.etl,\Windows\Temp\_5E70631E-3378-4FE9-812C-1C1DC1C2A77A\WindowsUpdate.20231227.004534.197.1.etl,File_Created / Basic_Info_Changed / Data_Added / Data_Overwritten / File_Closed,Normal,Archive,,0x000200000000CA2E,0x000400000000C9EF,12,Timestamp Manipulation,"[Suspicious] The timestamp of WindowsUpdate.20231227.004534.197.1.etl"" may have been manipulated. => ((CreationTime : 2023-12-31 23:52:21) != (Creation Event Time : 2023-12-31 01:15:23))"""
12/31/23 23:52:21,1754221088,WindowsUpdate.20231227.024016.873.1.etl,\Windows\Temp\_5E70631E-3378-4FE9-812C-1C1DC1C2A77A\WindowsUpdate.20231227.024016.873.1.etl,File_Created / Basic_Info_Changed / Data_Added / Data_Overwritten / File_Closed,Normal,Archive,,0x000300000000CA31,0x000400000000C9EF,12,Timestamp Manipulation,"[Suspicious] The timestamp of WindowsUpdate.20231227.024016.873.1.etl"" may have been manipulated. => ((CreationTime : 2023-12-31 23:52:21) != (Creation Event Time : 2023-12-31 01:15:23))"""
12/31/23 23:52:21,1754221808,WindowsUpdate.20231227.034017.132.1.etl,\Windows\Temp\_5E70631E-3378-4FE9-812C-1C1DC1C2A77A\WindowsUpdate.20231227.034017.132.1.etl,File_Created / Basic_Info_Changed / Data_Added / Data_Overwritten / File_Closed,Normal,Archive,,0x000200000000CA32,0x000400000000C9EF,12,Timestamp Manipulation,"[Suspicious] The timestamp of WindowsUpdate.20231227.034017.132.1.etl"" may have been manipulated. => ((CreationTime : 2023-12-31 23:52:21) != (Creation Event Time : 2023-12-31 01:15:23))"""
12/31/23 23:52:21,1754222592,WindowsUpdate.20231227.040129.253.1.etl,\Windows\Temp\_5E70631E-3378-4FE9-812C-1C1DC1C2A77A\WindowsUpdate.20231227.040129.253.1.etl,File_Created / Basic_Info_Changed / Data_Added / Data_Overwritten / File_Closed,Normal,Archive,,0x000200000000CA33,0x000400000000C9EF,12,Timestamp Manipulation,"[Suspicious] The timestamp of WindowsUpdate.20231227.040129.253.1.etl"" may have been manipulated. => ((CreationTime : 2023-12-31 23:52:21) != (Creation Event Time : 2023-12-31 01:15:23))"""
12/31/23 23:52:21,1754223312,WindowsUpdate.20231227.044017.181.1.etl,\Windows\Temp\_5E70631E-3378-4FE9-812C-1C1DC1C2A77A\WindowsUpdate.20231227.044017.181.1.etl,File_Created / Basic_Info_Changed / Data_Added / Data_Overwritten / File_Closed,Normal,Archive,,0x000200000000CA34,0x000400000000C9EF,12,Timestamp Manipulation,"[Suspicious] The timestamp of WindowsUpdate.20231227.044017.181.1.etl"" may have been manipulated. => ((CreationTime : 2023-12-31 23:52:21) != (Creation Event Time : 2023-12-31 01:15:23))"""
12/31/23 23:52:21,1754224032,WindowsUpdate.20231227.054017.182.1.etl,\Windows\Temp\_5E70631E-3378-4FE9-812C-1C1DC1C2A77A\WindowsUpdate.20231227.054017.182.1.etl,File_Created / Basic_Info_Changed / Data_Added / Data_Overwritten / File_Closed,Normal,Archive,,0x000300000000CA35,0x000400000000C9EF,12,Timestamp Manipulation,"[Suspicious] The timestamp of WindowsUpdate.20231227.054017.182.1.etl"" may have been manipulated. => ((CreationTime : 2023-12-31 23:52:21) != (Creation Event Time : 2023-12-31 01:15:23))"""
12/31/23 23:52:21,1754224752,WindowsUpdate.20231227.064017.196.1.etl,\Windows\Temp\_5E70631E-3378-4FE9-812C-1C1DC1C2A77A\WindowsUpdate.20231227.064017.196.1.etl,File_Created / Basic_Info_Changed / Data_Added / Data_Overwritten / File_Closed,Normal,Archive,,0x000200000000CA39,0x000400000000C9EF,12,Timestamp Manipulation,"[Suspicious] The timestamp of WindowsUpdate.20231227.064017.196.1.etl"" may have been manipulated. => ((CreationTime : 2023-12-31 23:52:21) != (Creation Event Time : 2023-12-31 01:15:23))"""
12/31/23 23:52:21,1754225472,WindowsUpdate.20231227.074017.195.1.etl,\Windows\Temp\_5E70631E-3378-4FE9-812C-1C1DC1C2A77A\WindowsUpdate.20231227.074017.195.1.etl,File_Created / Basic_Info_Changed / Data_Added / Data_Overwritten / File_Closed,Normal,Archive,,0x000200000000CA41,0x000400000000C9EF,12,Timestamp Manipulation,"[Suspicious] The timestamp of WindowsUpdate.20231227.074017.195.1.etl"" may have been manipulated. => ((CreationTime : 2023-12-31 23:52:21) != (Creation Event Time : 2023-12-31 01:15:23))"""
12/31/23 23:52:21,1754226192,WindowsUpdate.20231227.083512.034.1.etl,\Windows\Temp\_5E70631E-3378-4FE9-812C-1C1DC1C2A77A\WindowsUpdate.20231227.083512.034.1.etl,File_Created / Basic_Info_Changed / Data_Added / Data_Overwritten / File_Closed,Normal,Archive,,0x000200000000CA42,0x000400000000C9EF,12,Timestamp Manipulation,"[Suspicious] The timestamp of WindowsUpdate.20231227.083512.034.1.etl"" may have been manipulated. => ((CreationTime : 2023-12-31 23:52:21) != (Creation Event Time : 2023-12-31 01:15:23))"""
12/31/23 23:52:21,1754226976,WindowsUpdate.20231227.084749.101.1.etl,\Windows\Temp\_5E70631E-3378-4FE9-812C-1C1DC1C2A77A\WindowsUpdate.20231227.084749.101.1.etl,File_Created / Basic_Info_Changed / Data_Added / Data_Overwritten / File_Closed,Normal,Archive,,0x000300000000CA45,0x000400000000C9EF,12,Timestamp Manipulation,"[Suspicious] The timestamp of WindowsUpdate.20231227.084749.101.1.etl"" may have been manipulated. => ((CreationTime : 2023-12-31 23:52:21) != (Creation Event Time : 2023-12-31 01:15:23))"""
12/31/23 23:52:21,1754227696,WindowsUpdate.20231227.094749.424.1.etl,\Windows\Temp\_5E70631E-3378-4FE9-812C-1C1DC1C2A77A\WindowsUpdate.20231227.094749.424.1.etl,File_Created / Basic_Info_Changed / Data_Added / Data_Overwritten / File_Closed,Normal,Archive,,0x000200000000CA47,0x000400000000C9EF,12,Timestamp Manipulation,"[Suspicious] The timestamp of WindowsUpdate.20231227.094749.424.1.etl"" may have been manipulated. => ((CreationTime : 2023-12-31 23:52:21) != (Creation Event Time : 2023-12-31 01:15:23))"""
12/31/23 23:52:21,1754228416,WindowsUpdate.20231227.104749.422.1.etl,\Windows\Temp\_5E70631E-3378-4FE9-812C-1C1DC1C2A77A\WindowsUpdate.20231227.104749.422.1.etl,File_Created / Basic_Info_Changed / Data_Added / Data_Overwritten / File_Closed,Normal,Archive,,0x000200000000CA61,0x000400000000C9EF,12,Timestamp Manipulation,"[Suspicious] The timestamp of WindowsUpdate.20231227.104749.422.1.etl"" may have been manipulated. => ((CreationTime : 2023-12-31 23:52:21) != (Creation Event Time : 2023-12-31 01:15:23))"""
12/31/23 23:52:21,1754229136,WindowsUpdate.20231227.114749.422.1.etl,\Windows\Temp\_5E70631E-3378-4FE9-812C-1C1DC1C2A77A\WindowsUpdate.20231227.114749.422.1.etl,File_Created / Basic_Info_Changed / Data_Added / Data_Overwritten / File_Closed,Normal,Archive,,0x000200000000CA80,0x000400000000C9EF,12,Timestamp Manipulation,"[Suspicious] The timestamp of WindowsUpdate.20231227.114749.422.1.etl"" may have been manipulated. => ((CreationTime : 2023-12-31 23:52:21) != (Creation Event Time : 2023-12-31 01:15:23))"""
12/31/23 23:52:21,1754229856,WindowsUpdate.20231227.123941.413.1.etl,\Windows\Temp\_5E70631E-3378-4FE9-812C-1C1DC1C2A77A\WindowsUpdate.20231227.123941.413.1.etl,File_Created / Basic_Info_Changed / Data_Added / Data_Overwritten / File_Closed,Normal,Archive,,0x000200000000CAAB,0x000400000000C9EF,12,Timestamp Manipulation,"[Suspicious] The timestamp of WindowsUpdate.20231227.123941.413.1.etl"" may have been manipulated. => ((CreationTime : 2023-12-31 23:52:21) != (Creation Event Time : 2023-12-31 01:15:23))"""
12/31/23 23:52:21,1754230576,WindowsUpdate.20231227.131751.671.1.etl,\Windows\Temp\_5E70631E-3378-4FE9-812C-1C1DC1C2A77A\WindowsUpdate.20231227.131751.671.1.etl,File_Created / Basic_Info_Changed / Data_Added / Data_Overwritten / File_Closed,Normal,Archive,,0x000200000000CAAC,0x000400000000C9EF,12,Timestamp Manipulation,"[Suspicious] The timestamp of WindowsUpdate.20231227.131751.671.1.etl"" may have been manipulated. => ((CreationTime : 2023-12-31 23:52:21) != (Creation Event Time : 2023-12-31 01:15:23))"""
12/31/23 23:52:21,1754231360,WindowsUpdate.20231227.141751.921.1.etl,\Windows\Temp\_5E70631E-3378-4FE9-812C-1C1DC1C2A77A\WindowsUpdate.20231227.141751.921.1.etl,File_Created / Basic_Info_Changed / Data_Added / Data_Overwritten / File_Closed,Normal,Archive,,0x000300000000CAC0,0x000400000000C9EF,12,Timestamp Manipulation,"[Suspicious] The timestamp of WindowsUpdate.20231227.141751.921.1.etl"" may have been manipulated. => ((CreationTime : 2023-12-31 23:52:21) != (Creation Event Time : 2023-12-31 01:15:23))"""
12/31/23 23:52:21,1754232080,WindowsUpdate.20231227.151751.922.1.etl,\Windows\Temp\_5E70631E-3378-4FE9-812C-1C1DC1C2A77A\WindowsUpdate.20231227.151751.922.1.etl,File_Created / Basic_Info_Changed / Data_Added / Data_Overwritten / File_Closed,Normal,Archive,,0x000200000000CACC,0x000400000000C9EF,12,Timestamp Manipulation,"[Suspicious] The timestamp of WindowsUpdate.20231227.151751.922.1.etl"" may have been manipulated. => ((CreationTime : 2023-12-31 23:52:21) != (Creation Event Time : 2023-12-31 01:15:23))"""
12/31/23 23:52:21,1754232976,WindowsUpdate.20231227.161216.280.1.etl,\Windows\Temp\_5E70631E-3378-4FE9-812C-1C1DC1C2A77A\WindowsUpdate.20231227.161216.280.1.etl,File_Created / Basic_Info_Changed / Data_Added / Data_Overwritten / File_Closed,Normal,Archive,,0x000200000000CACF,0x000400000000C9EF,12,Timestamp Manipulation,"[Suspicious] The timestamp of WindowsUpdate.20231227.161216.280.1.etl"" may have been manipulated. => ((CreationTime : 2023-12-31 23:52:21) != (Creation Event Time : 2023-12-31 01:15:23))"""
12/31/23 23:52:21,1754234504,WindowsUpdate.20231227.173344.426.1.etl,\Windows\Temp\_5E70631E-3378-4FE9-812C-1C1DC1C2A77A\WindowsUpdate.20231227.173344.426.1.etl,File_Created / Basic_Info_Changed / Data_Added / Data_Overwritten / File_Closed,Normal,Archive,,0x000200000000CB2C,0x000400000000C9EF,12,Timestamp Manipulation,"[Suspicious] The timestamp of WindowsUpdate.20231227.173344.426.1.etl"" may have been manipulated. => ((CreationTime : 2023-12-31 23:52:21) != (Creation Event Time : 2023-12-31 01:15:23))"""
12/31/23 23:52:21,1754235312,WindowsUpdate.20231227.183344.727.1.etl,\Windows\Temp\_5E70631E-3378-4FE9-812C-1C1DC1C2A77A\WindowsUpdate.20231227.183344.727.1.etl,File_Created / Basic_Info_Changed / Data_Added / Data_Overwritten / File_Closed,Normal,Archive,,0x000300000000CB2E,0x000400000000C9EF,12,Timestamp Manipulation,"[Suspicious] The timestamp of WindowsUpdate.20231227.183344.727.1.etl"" may have been manipulated. => ((CreationTime : 2023-12-31 23:52:21) != (Creation Event Time : 2023-12-31 01:15:23))"""
12/31/23 23:52:21,1754236032,WindowsUpdate.20231227.193344.723.1.etl,\Windows\Temp\_5E70631E-3378-4FE9-812C-1C1DC1C2A77A\WindowsUpdate.20231227.193344.723.1.etl,File_Created / Basic_Info_Changed / Data_Added / Data_Overwritten / File_Closed,Normal,Archive,,0x000300000000CB30,0x000400000000C9EF,12,Timestamp Manipulation,"[Suspicious] The timestamp of WindowsUpdate.20231227.193344.723.1.etl"" may have been manipulated. => ((CreationTime : 2023-12-31 23:52:21) != (Creation Event Time : 2023-12-31 01:15:23))"""
12/31/23 23:52:21,1754236752,WindowsUpdate.20231227.203344.753.1.etl,\Windows\Temp\_5E70631E-3378-4FE9-812C-1C1DC1C2A77A\WindowsUpdate.20231227.203344.753.1.etl,File_Created / Basic_Info_Changed / Data_Added / Data_Overwritten / File_Closed,Normal,Archive,,0x000300000000CB32,0x000400000000C9EF,12,Timestamp Manipulation,"[Suspicious] The timestamp of WindowsUpdate.20231227.203344.753.1.etl"" may have been manipulated. => ((CreationTime : 2023-12-31 23:52:21) != (Creation Event Time : 2023-12-31 01:15:23))"""
12/31/23 23:52:21,1754237472,WindowsUpdate.20231227.213344.760.1.etl,\Windows\Temp\_5E70631E-3378-4FE9-812C-1C1DC1C2A77A\WindowsUpdate.20231227.213344.760.1.etl,File_Created / Basic_Info_Changed / Data_Added / Data_Overwritten / File_Closed,Normal,Archive,,0x000200000000CB34,0x000400000000C9EF,12,Timestamp Manipulation,"[Suspicious] The timestamp of WindowsUpdate.20231227.213344.760.1.etl"" may have been manipulated. => ((CreationTime : 2023-12-31 23:52:21) != (Creation Event Time : 2023-12-31 01:15:23))"""
12/31/23 23:52:21,1754238192,WindowsUpdate.20231227.223344.729.1.etl,\Windows\Temp\_5E70631E-3378-4FE9-812C-1C1DC1C2A77A\WindowsUpdate.20231227.223344.729.1.etl,File_Created / Basic_Info_Changed / Data_Added / Data_Overwritten / File_Closed,Normal,Archive,,0x000200000000CB35,0x000400000000C9EF,12,Timestamp Manipulation,"[Suspicious] The timestamp of WindowsUpdate.20231227.223344.729.1.etl"" may have been manipulated. => ((CreationTime : 2023-12-31 23:52:21) != (Creation Event Time : 2023-12-31 01:15:23))"""
12/31/23 23:52:21,1754238976,WindowsUpdate.20231228.020554.227.1.etl,\Windows\Temp\_5E70631E-3378-4FE9-812C-1C1DC1C2A77A\WindowsUpdate.20231228.020554.227.1.etl,File_Created / Basic_Info_Changed / Data_Added / Data_Overwritten / File_Closed,Normal,Archive,,0x000200000000CB37,0x000400000000C9EF,12,Timestamp Manipulation,"[Suspicious] The timestamp of WindowsUpdate.20231228.020554.227.1.etl"" may have been manipulated. => ((CreationTime : 2023-12-31 23:52:21) != (Creation Event Time : 2023-12-31 01:15:23))"""
12/31/23 23:52:21,1754239696,WindowsUpdate.20231228.102219.679.1.etl,\Windows\Temp\_5E70631E-3378-4FE9-812C-1C1DC1C2A77A\WindowsUpdate.20231228.102219.679.1.etl,File_Created / Basic_Info_Changed / Data_Added / Data_Overwritten / File_Closed,Normal,Archive,,0x000300000000CB38,0x000400000000C9EF,12,Timestamp Manipulation,"[Suspicious] The timestamp of WindowsUpdate.20231228.102219.679.1.etl"" may have been manipulated. => ((CreationTime : 2023-12-31 23:52:21) != (Creation Event Time : 2023-12-31 01:15:23))"""
12/31/23 23:52:21,1754240416,WindowsUpdate.20231228.112814.052.1.etl,\Windows\Temp\_5E70631E-3378-4FE9-812C-1C1DC1C2A77A\WindowsUpdate.20231228.112814.052.1.etl,File_Created / Basic_Info_Changed / Data_Added / Data_Overwritten / File_Closed,Normal,Archive,,0x000300000000CB3A,0x000400000000C9EF,12,Timestamp Manipulation,"[Suspicious] The timestamp of WindowsUpdate.20231228.112814.052.1.etl"" may have been manipulated. => ((CreationTime : 2023-12-31 23:52:21) != (Creation Event Time : 2023-12-31 01:15:23))"""
12/31/23 23:52:21,1754241400,WindowsUpdate.20231228.122814.011.1.etl,\Windows\Temp\_5E70631E-3378-4FE9-812C-1C1DC1C2A77A\WindowsUpdate.20231228.122814.011.1.etl,File_Created / Basic_Info_Changed / Data_Added / Data_Overwritten / File_Closed,Normal,Archive,,0x000200000000CB3C,0x000400000000C9EF,12,Timestamp Manipulation,"[Suspicious] The timestamp of WindowsUpdate.20231228.122814.011.1.etl"" may have been manipulated. => ((CreationTime : 2023-12-31 23:52:21) != (Creation Event Time : 2023-12-31 01:15:23))"""
12/31/23 23:52:21,1754242840,WindowsUpdate.20231228.142814.057.1.etl,\Windows\Temp\_5E70631E-3378-4FE9-812C-1C1DC1C2A77A\WindowsUpdate.20231228.142814.057.1.etl,File_Created / Basic_Info_Changed / Data_Added / Data_Overwritten / File_Closed,Normal,Archive,,0x000200000000CB43,0x000400000000C9EF,12,Timestamp Manipulation,"[Suspicious] The timestamp of WindowsUpdate.20231228.142814.057.1.etl"" may have been manipulated. => ((CreationTime : 2023-12-31 23:52:21) != (Creation Event Time : 2023-12-31 01:15:23))"""
12/31/23 23:52:21,1754243648,WindowsUpdate.20231228.152814.063.1.etl,\Windows\Temp\_5E70631E-3378-4FE9-812C-1C1DC1C2A77A\WindowsUpdate.20231228.152814.063.1.etl,File_Created / Basic_Info_Changed / Data_Added / Data_Overwritten / File_Closed,Normal,Archive,,0x000200000000CB46,0x000400000000C9EF,12,Timestamp Manipulation,"[Suspicious] The timestamp of WindowsUpdate.20231228.152814.063.1.etl"" may have been manipulated. => ((CreationTime : 2023-12-31 23:52:21) != (Creation Event Time : 2023-12-31 01:15:23))"""
12/31/23 23:52:21,1754244368,WindowsUpdate.20231228.162814.074.1.etl,\Windows\Temp\_5E70631E-3378-4FE9-812C-1C1DC1C2A77A\WindowsUpdate.20231228.162814.074.1.etl,File_Created / Basic_Info_Changed / Data_Added / Data_Overwritten / File_Closed,Normal,Archive,,0x000200000000CB65,0x000400000000C9EF,12,Timestamp Manipulation,"[Suspicious] The timestamp of WindowsUpdate.20231228.162814.074.1.etl"" may have been manipulated. => ((CreationTime : 2023-12-31 23:52:21) != (Creation Event Time : 2023-12-31 01:15:23))"""
12/31/23 23:52:21,1754245088,WindowsUpdate.20231228.172814.102.1.etl,\Windows\Temp\_5E70631E-3378-4FE9-812C-1C1DC1C2A77A\WindowsUpdate.20231228.172814.102.1.etl,File_Created / Basic_Info_Changed / Data_Added / Data_Overwritten / File_Closed,Normal,Archive,,0x000200000000CB6B,0x000400000000C9EF,12,Timestamp Manipulation,"[Suspicious] The timestamp of WindowsUpdate.20231228.172814.102.1.etl"" may have been manipulated. => ((CreationTime : 2023-12-31 23:52:21) != (Creation Event Time : 2023-12-31 01:15:23))"""
12/31/23 23:52:21,1754245808,WindowsUpdate.20231228.182814.085.1.etl,\Windows\Temp\_5E70631E-3378-4FE9-812C-1C1DC1C2A77A\WindowsUpdate.20231228.182814.085.1.etl,File_Created / Basic_Info_Changed / Data_Added / Data_Overwritten / File_Closed,Normal,Archive,,0x000200000000CB70,0x000400000000C9EF,12,Timestamp Manipulation,"[Suspicious] The timestamp of WindowsUpdate.20231228.182814.085.1.etl"" may have been manipulated. => ((CreationTime : 2023-12-31 23:52:21) != (Creation Event Time : 2023-12-31 01:15:23))"""
12/31/23 23:52:21,1754248032,WindowsUpdate.20231228.212814.155.1.etl,\Windows\Temp\_5E70631E-3378-4FE9-812C-1C1DC1C2A77A\WindowsUpdate.20231228.212814.155.1.etl,File_Created / Basic_Info_Changed / Data_Added / Data_Overwritten / File_Closed,Normal,Archive,,0x000200000000CB79,0x000400000000C9EF,12,Timestamp Manipulation,"[Suspicious] The timestamp of WindowsUpdate.20231228.212814.155.1.etl"" may have been manipulated. => ((CreationTime : 2023-12-31 23:52:21) != (Creation Event Time : 2023-12-31 01:15:23))"""
12/31/23 23:52:21,1754249472,WindowsUpdate.20231228.232814.168.1.etl,\Windows\Temp\_5E70631E-3378-4FE9-812C-1C1DC1C2A77A\WindowsUpdate.20231228.232814.168.1.etl,File_Created / Basic_Info_Changed / Data_Added / Data_Overwritten / File_Closed,Normal,Archive,,0x000200000000CB80,0x000400000000C9EF,12,Timestamp Manipulation,"[Suspicious] The timestamp of WindowsUpdate.20231228.232814.168.1.etl"" may have been manipulated. => ((CreationTime : 2023-12-31 23:52:21) != (Creation Event Time : 2023-12-31 01:15:23))"""
12/31/23 23:52:21,1754250616,WindowsUpdate.20240101.005220.500.1.etl,\Windows\Temp\_5E70631E-3378-4FE9-812C-1C1DC1C2A77A\WindowsUpdate.20240101.005220.500.1.etl,File_Created / Basic_Info_Changed / Data_Added / Data_Overwritten / File_Closed,Normal,Archive,,0x000200000000CC12,0x000400000000C9EF,12,Timestamp Manipulation,"[Suspicious] The timestamp of WindowsUpdate.20240101.005220.500.1.etl"" may have been manipulated. => ((CreationTime : 2023-12-31 23:52:21) != (Creation Event Time : 2023-12-31 01:15:23))"""
1/1/24 0:06:00,1754768728,SetMACE_SI_FN_MACE_Manipulation.dll,\Program Files\Windows Mail\SetMACE_SI_FN_MACE_Manipulation.dll,Basic_Info_Changed / File_Closed,Normal,Archive,,0x00090000000031D9,0x000100000000009C,12,Timestamp Manipulation,"[Malicious] $SI, $FN timestamp of SetMACE_SI_FN_MACE_Manipulation.dll"" have been manipulated after executing SetMace. => (Basic_Info_Changed -> File Move -> Basic_Info_Changed), ((CreationTime : 2022-12-22 23:19:23) != (Creation Event Time : 2023-12-31 23:57:59))"""
1/1/24 0:06:00,1754769176,SETMACE_X64.EXE-97F7141F.pf,\Windows\Prefetch\SETMACE_X64.EXE-97F7141F.pf,File_Created / Data_Added / File_Closed,Normal,Archive / Not_Content_Indexed,,0x002800000000C360,0x0002000000019619,12,Execution of Suspicious Programs,SetMace (Timestamp Manipulation) has been executed.
