Strategy,SMOTE_Ratio,Train_Samples,OOB_Score,Test_Precision,Test_Recall,Test_F1,AUC_ROC,AUC_PR,TP,FP,FN
A: No SMOTE,None,483153,0.9978143569428318,0.11405529953917051,0.9705882352941176,0.20412371134020618,0.9994827867817213,0.3634023565553186,99,769,3
B: Minimal SMOTE (1:1000),1:1000,483490,0.9993195309106704,0.4267515923566879,0.6568627450980392,0.5173745173745173,0.999313745069036,0.3482077866279799,67,90,35
C: Conservative SMOTE (1:500),1:500,483973,0.9987643938814769,0.42857142857142855,0.6470588235294118,0.515625,0.998940054702615,0.3469639489155807,66,88,36
