merge_key,lf_lsn,EventTime(UTC+8),lf_event,lf_detail,File/Directory Name,lf_full_path,lf_creation_time,lf_modified_time,lf_mft_modified_time,lf_accessed_time,Redo,Target VCN,Cluster Index,usn_event_time,usn_usn,usn_filename,usn_full_path,usn_event_info,SourceInfo,FileAttribute,Carving Flag,usn_file_reference_number,usn_parent_file_reference_number,suspicious_category,suspicious_detail,suspicious_source,lf_event_count,usn_event_count,has_logfile_evidence,has_usnjrnl_evidence,cross_artifact_validation_score,has_suspicious_label,filename,full_path,zero_in_nanoseconds_lf,zero_in_nanoseconds_suspicious,zero_in_nanoseconds_combined,is_flagged_suspicious,ground_truth_label,time_reversal_event,timestamp_changed_to_past,modified_creationtime,modified_modifiedtime,modified_mftmodifiedtime,modified_accessedtime,using_another_timestamp,basic_info_changed,update_resident_value,si_timestamp_changed,fn_timestamp_changed,zero_nano_time_reversal,zero_nano_basic_info,is_executable,is_archive,is_document,is_script,is_system_file,path_depth,filename_length,suspicious_location,has_file_extension,creation_equals_modified,timestamp_equality,zero_in_nanoseconds,creation_time_modified,modified_time_modified,accessed_time_modified,mft_time_modified,cross_artifact_detected,multiple_timestamps_changed,same_as_another_file,is_image,in_temp_directory,in_system_directory,in_program_files,has_timestamp_data,timestamp_source,prediction_proba,confidence_pct,is_flagged,confidence_bin
$logfile,,,,,,,,,,,,,,12/31/23 1:22:35,1754658832,$LogFile,\Users\blueangel\Desktop\Tools\$LogFile,Basic_Info_Changed,Normal,Hidden / System,,0x000600000000CC96,0x0018000000055D52,,,,0,2,False,True,0.5,False,$LogFile,\Users\blueangel\Desktop\Tools\$LogFile,False,False,False,False,0,False,False,False,False,False,False,False,True,False,False,False,False,False,False,False,False,False,False,5,8,True,False,False,False,False,False,False,False,False,False,False,False,False,False,False,False,False,1,2.1877629407673954e-05,0.002187762940767395,False,<50%
000200000000c4894c7d91b9,,,,,,,,,,,,,,12/28/23 17:21:54,1749751600,000200000000C4894C7D91B9,,Basic_Info_Changed / File_Renamed_New,Normal,Directory / Not_Content_Indexed,,0x000200000000C489,0x000100000000001D,,,,0,2,False,True,0.5,False,000200000000C4894C7D91B9,,False,False,False,False,0,False,False,False,False,False,False,False,True,False,False,False,False,False,False,False,False,False,False,0,24,False,False,False,False,False,False,False,False,False,False,False,False,False,False,False,False,False,1,2.187793462899479e-05,0.002187793462899479,False,<50%
000300000000bffb4d9e63ac,,,,,,,,,,,,,,12/28/23 17:21:54,1749751216,000300000000BFFB4D9E63AC,,Basic_Info_Changed / File_Renamed_New,Normal,Directory / Not_Content_Indexed,,0x000300000000BFFB,0x000100000000001D,,,,0,2,False,True,0.5,False,000300000000BFFB4D9E63AC,,False,False,False,False,0,False,False,False,False,False,False,False,True,False,False,False,False,False,False,False,False,False,False,0,24,False,False,False,False,False,False,False,False,False,False,False,False,False,False,False,False,False,1,2.187793462899479e-05,0.002187793462899479,False,<50%
0004000000001bae2e19127f,,,,,,,,,,,,,,12/28/23 17:21:54,1749750576,0004000000001BAE2E19127F,,Basic_Info_Changed / File_Renamed_New,Normal,Directory / Not_Content_Indexed,,0x0004000000001BAE,0x000100000000001D,,,,0,2,False,True,0.5,False,0004000000001BAE2E19127F,,False,False,False,False,0,False,False,False,False,False,False,False,True,False,False,False,False,False,False,False,False,False,False,0,24,False,False,False,False,False,False,False,False,False,False,False,False,False,False,False,False,False,1,2.187793462899479e-05,0.002187793462899479,False,<50%
000400000000c6352199aeaf,,,,,,,,,,,,,,12/28/23 9:31:45,1743289008,000400000000C6352199AEAF,,Basic_Info_Changed / Content_Indexed_Attr_Changed / File_Renamed_New,Normal,Directory,,0x000400000000C635,0x000100000000001D,,,,0,2,False,True,0.5,False,000400000000C6352199AEAF,,False,False,False,False,0,False,False,False,False,False,False,False,True,False,False,False,False,False,False,False,False,False,False,0,24,False,False,False,False,False,False,False,False,False,False,False,False,False,False,False,False,False,1,2.187793462899479e-05,0.002187793462899479,False,<50%
000500000000c6374fc1a712,,,,,,,,,,,,,,12/28/23 9:31:45,1743289440,000500000000C6374FC1A712,,Basic_Info_Changed / Content_Indexed_Attr_Changed / File_Renamed_New,Normal,Directory,,0x000500000000C637,0x000100000000001D,,,,0,2,False,True,0.5,False,000500000000C6374FC1A712,,False,False,False,False,0,False,False,False,False,False,False,False,True,False,False,False,False,False,False,False,False,False,False,0,24,False,False,False,False,False,False,False,False,False,False,False,False,False,False,False,False,False,1,2.187793462899479e-05,0.002187793462899479,False,<50%
000500000000c63844caae83,,,,,,,,,,,,,,12/28/23 9:31:45,1743289872,000500000000C63844CAAE83,,Basic_Info_Changed / Content_Indexed_Attr_Changed / File_Renamed_New,Normal,Directory,,0x000500000000C638,0x000100000000001D,,,,0,2,False,True,0.5,False,000500000000C63844CAAE83,,False,False,False,False,0,False,False,False,False,False,False,False,True,False,False,False,False,False,False,False,False,False,False,0,24,False,False,False,False,False,False,False,False,False,False,False,False,False,False,False,False,False,1,2.187793462899479e-05,0.002187793462899479,False,<50%
000500000000c6391a73d527,,,,,,,,,,,,,,12/28/23 9:31:45,1743290368,000500000000C6391A73D527,,Basic_Info_Changed / Content_Indexed_Attr_Changed / File_Renamed_New,Normal,Directory,,0x000500000000C639,0x000100000000001D,,,,0,2,False,True,0.5,False,000500000000C6391A73D527,,False,False,False,False,0,False,False,False,False,False,False,False,True,False,False,False,False,False,False,False,False,False,False,0,24,False,False,False,False,False,False,False,False,False,False,False,False,False,False,False,False,False,1,2.187793462899479e-05,0.002187793462899479,False,<50%
000500000000c63a6961b366,,,,,,,,,,,,,,12/28/23 9:31:45,1743290800,000500000000C63A6961B366,,Basic_Info_Changed / Content_Indexed_Attr_Changed / File_Renamed_New,Normal,Directory,,0x000500000000C63A,0x000100000000001D,,,,0,2,False,True,0.5,False,000500000000C63A6961B366,,False,False,False,False,0,False,False,False,False,False,False,False,True,False,False,False,False,False,False,False,False,False,False,0,24,False,False,False,False,False,False,False,False,False,False,False,False,False,False,False,False,False,1,2.187793462899479e-05,0.002187793462899479,False,<50%
000500000000c64119a07dab,,,,,,,,,,,,,,12/28/23 9:31:45,1743291664,000500000000C64119A07DAB,,Basic_Info_Changed / Content_Indexed_Attr_Changed / File_Renamed_New,Normal,Directory,,0x000500000000C641,0x000100000000001D,,,,0,2,False,True,0.5,False,000500000000C64119A07DAB,,False,False,False,False,0,False,False,False,False,False,False,False,True,False,False,False,False,False,False,False,False,False,False,0,24,False,False,False,False,False,False,False,False,False,False,False,False,False,False,False,False,False,1,2.187793462899479e-05,0.002187793462899479,False,<50%
000500000000c64223a06ad3,,,,,,,,,,,,,,12/28/23 9:31:45,1743292096,000500000000C64223A06AD3,,Basic_Info_Changed / Content_Indexed_Attr_Changed / File_Renamed_New,Normal,Directory,,0x000500000000C642,0x000100000000001D,,,,0,2,False,True,0.5,False,000500000000C64223A06AD3,,False,False,False,False,0,False,False,False,False,False,False,False,True,False,False,False,False,False,False,False,False,False,False,0,24,False,False,False,False,False,False,False,False,False,False,False,False,False,False,False,False,False,1,2.187793462899479e-05,0.002187793462899479,False,<50%
000500000000c64321a74441,,,,,,,,,,,,,,12/28/23 9:31:45,1743292528,000500000000C64321A74441,,Basic_Info_Changed / Content_Indexed_Attr_Changed / File_Renamed_New,Normal,Directory,,0x000500000000C643,0x000100000000001D,,,,0,2,False,True,0.5,False,000500000000C64321A74441,,False,False,False,False,0,False,False,False,False,False,False,False,True,False,False,False,False,False,False,False,False,False,False,0,24,False,False,False,False,False,False,False,False,False,False,False,False,False,False,False,False,False,1,2.187793462899479e-05,0.002187793462899479,False,<50%
000500000000c645112974e2,,,,,,,,,,,,,,12/28/23 9:31:45,1743293392,000500000000C645112974E2,,Basic_Info_Changed / Content_Indexed_Attr_Changed / File_Renamed_New,Normal,Directory,,0x000500000000C645,0x000100000000001D,,,,0,2,False,True,0.5,False,000500000000C645112974E2,,False,False,False,False,0,False,False,False,False,False,False,False,True,False,False,False,False,False,False,False,False,False,False,0,24,False,False,False,False,False,False,False,False,False,False,False,False,False,False,False,False,False,1,2.187793462899479e-05,0.002187793462899479,False,<50%
000500000000c6463b271802,,,,,,,,,,,,,,12/28/23 9:31:45,1743293824,000500000000C6463B271802,,Basic_Info_Changed / Content_Indexed_Attr_Changed / File_Renamed_New,Normal,Directory,,0x000500000000C646,0x000100000000001D,,,,0,2,False,True,0.5,False,000500000000C6463B271802,,False,False,False,False,0,False,False,False,False,False,False,False,True,False,False,False,False,False,False,False,False,False,False,0,24,False,False,False,False,False,False,False,False,False,False,False,False,False,False,False,False,False,1,2.187793462899479e-05,0.002187793462899479,False,<50%
000500000000c6483f9c7a3f,,,,,,,,,,,,,,12/28/23 9:31:45,1743294256,000500000000C6483F9C7A3F,,Basic_Info_Changed / Content_Indexed_Attr_Changed / File_Renamed_New,Normal,Directory,,0x000500000000C648,0x000100000000001D,,,,0,2,False,True,0.5,False,000500000000C6483F9C7A3F,,False,False,False,False,0,False,False,False,False,False,False,False,True,False,False,False,False,False,False,False,False,False,False,0,24,False,False,False,False,False,False,False,False,False,False,False,False,False,False,False,False,False,1,2.187793462899479e-05,0.002187793462899479,False,<50%
000500000000c64a63e2cfcd,,,,,,,,,,,,,,12/28/23 9:31:45,1743294784,000500000000C64A63E2CFCD,,Basic_Info_Changed / Content_Indexed_Attr_Changed / File_Renamed_New,Normal,Directory,,0x000500000000C64A,0x000100000000001D,,,,0,2,False,True,0.5,False,000500000000C64A63E2CFCD,,False,False,False,False,0,False,False,False,False,False,False,False,True,False,False,False,False,False,False,False,False,False,False,0,24,False,False,False,False,False,False,False,False,False,False,False,False,False,False,False,False,False,1,2.187793462899479e-05,0.002187793462899479,False,<50%
000500000000c64c29a077da,,,,,,,,,,,,,,12/28/23 9:31:45,1743295216,000500000000C64C29A077DA,,Basic_Info_Changed / Content_Indexed_Attr_Changed / File_Renamed_New,Normal,Directory,,0x000500000000C64C,0x000100000000001D,,,,0,2,False,True,0.5,False,000500000000C64C29A077DA,,False,False,False,False,0,False,False,False,False,False,False,False,True,False,False,False,False,False,False,False,False,False,False,0,24,False,False,False,False,False,False,False,False,False,False,False,False,False,False,False,False,False,1,2.187793462899479e-05,0.002187793462899479,False,<50%
000500000000c64d5c6dc2aa,,,,,,,,,,,,,,12/28/23 9:31:45,1743295648,000500000000C64D5C6DC2AA,,Basic_Info_Changed / Content_Indexed_Attr_Changed / File_Renamed_New,Normal,Directory,,0x000500000000C64D,0x000100000000001D,,,,0,2,False,True,0.5,False,000500000000C64D5C6DC2AA,,False,False,False,False,0,False,False,False,False,False,False,False,True,False,False,False,False,False,False,False,False,False,False,0,24,False,False,False,False,False,False,False,False,False,False,False,False,False,False,False,False,False,1,2.187793462899479e-05,0.002187793462899479,False,<50%
000500000000c64e6e7d7750,,,,,,,,,,,,,,12/28/23 9:31:45,1743296080,000500000000C64E6E7D7750,,Basic_Info_Changed / Content_Indexed_Attr_Changed / File_Renamed_New,Normal,Directory,,0x000500000000C64E,0x000100000000001D,,,,0,2,False,True,0.5,False,000500000000C64E6E7D7750,,False,False,False,False,0,False,False,False,False,False,False,False,True,False,False,False,False,False,False,False,False,False,False,0,24,False,False,False,False,False,False,False,False,False,False,False,False,False,False,False,False,False,1,2.187793462899479e-05,0.002187793462899479,False,<50%
000500000000c65317a52f8f,,,,,,,,,,,,,,12/28/23 9:31:45,1743296944,000500000000C65317A52F8F,,Basic_Info_Changed / Content_Indexed_Attr_Changed / File_Renamed_New,Normal,Directory,,0x000500000000C653,0x000100000000001D,,,,0,2,False,True,0.5,False,000500000000C65317A52F8F,,False,False,False,False,0,False,False,False,False,False,False,False,True,False,False,False,False,False,False,False,False,False,False,0,24,False,False,False,False,False,False,False,False,False,False,False,False,False,False,False,False,False,1,2.187793462899479e-05,0.002187793462899479,False,<50%
000500000000c6544b381576,,,,,,,,,,,,,,12/28/23 9:31:45,1743297376,000500000000C6544B381576,,Basic_Info_Changed / Content_Indexed_Attr_Changed / File_Renamed_New,Normal,Directory,,0x000500000000C654,0x000100000000001D,,,,0,2,False,True,0.5,False,000500000000C6544B381576,,False,False,False,False,0,False,False,False,False,False,False,False,True,False,False,False,False,False,False,False,False,False,False,0,24,False,False,False,False,False,False,False,False,False,False,False,False,False,False,False,False,False,1,2.187793462899479e-05,0.002187793462899479,False,<50%
000500000000c655066a25f3,,,,,,,,,,,,,,12/28/23 9:31:45,1743297808,000500000000C655066A25F3,,Basic_Info_Changed / Content_Indexed_Attr_Changed / File_Renamed_New,Normal,Directory,,0x000500000000C655,0x000100000000001D,,,,0,2,False,True,0.5,False,000500000000C655066A25F3,,False,False,False,False,0,False,False,False,False,False,False,False,True,False,False,False,False,False,False,False,False,False,False,0,24,False,False,False,False,False,False,False,False,False,False,False,False,False,False,False,False,False,1,2.187793462899479e-05,0.002187793462899479,False,<50%
000500000000c65608695831,,,,,,,,,,,,,,12/28/23 9:31:45,1743298240,000500000000C65608695831,,Basic_Info_Changed / Content_Indexed_Attr_Changed / File_Renamed_New,Normal,Directory,,0x000500000000C656,0x000100000000001D,,,,0,2,False,True,0.5,False,000500000000C65608695831,,False,False,False,False,0,False,False,False,False,False,False,False,True,False,False,False,False,False,False,False,False,False,False,0,24,False,False,False,False,False,False,False,False,False,False,False,False,False,False,False,False,False,1,2.187793462899479e-05,0.002187793462899479,False,<50%
000500000000c65954d12179,,,,,,,,,,,,,,12/28/23 9:31:45,1743298768,000500000000C65954D12179,,Basic_Info_Changed / Content_Indexed_Attr_Changed / File_Renamed_New,Normal,Directory,,0x000500000000C659,0x000100000000001D,,,,0,2,False,True,0.5,False,000500000000C65954D12179,,False,False,False,False,0,False,False,False,False,False,False,False,True,False,False,False,False,False,False,False,False,False,False,0,24,False,False,False,False,False,False,False,False,False,False,False,False,False,False,False,False,False,1,2.187793462899479e-05,0.002187793462899479,False,<50%
000500000000c65b12d54413,,,,,,,,,,,,,,12/28/23 9:31:45,1743299200,000500000000C65B12D54413,,Basic_Info_Changed / Content_Indexed_Attr_Changed / File_Renamed_New,Normal,Directory,,0x000500000000C65B,0x000100000000001D,,,,0,2,False,True,0.5,False,000500000000C65B12D54413,,False,False,False,False,0,False,False,False,False,False,False,False,True,False,False,False,False,False,False,False,False,False,False,0,24,False,False,False,False,False,False,False,False,False,False,False,False,False,False,False,False,False,1,2.187793462899479e-05,0.002187793462899479,False,<50%
000500000000c65d2a1d1952,,,,,,,,,,,,,,12/28/23 9:31:45,1743299632,000500000000C65D2A1D1952,,Basic_Info_Changed / Content_Indexed_Attr_Changed / File_Renamed_New,Normal,Directory,,0x000500000000C65D,0x000100000000001D,,,,0,2,False,True,0.5,False,000500000000C65D2A1D1952,,False,False,False,False,0,False,False,False,False,False,False,False,True,False,False,False,False,False,False,False,False,False,False,0,24,False,False,False,False,False,False,False,False,False,False,False,False,False,False,False,False,False,1,2.187793462899479e-05,0.002187793462899479,False,<50%
000500000000c66002b6e089,,,,,,,,,,,,,,12/28/23 9:31:45,1743300064,000500000000C66002B6E089,,Basic_Info_Changed / Content_Indexed_Attr_Changed / File_Renamed_New,Normal,Directory,,0x000500000000C660,0x000100000000001D,,,,0,2,False,True,0.5,False,000500000000C66002B6E089,,False,False,False,False,0,False,False,False,False,False,False,False,True,False,False,False,False,False,False,False,False,False,False,0,24,False,False,False,False,False,False,False,False,False,False,False,False,False,False,False,False,False,1,2.187793462899479e-05,0.002187793462899479,False,<50%
000500000000c66137ddf060,,,,,,,,,,,,,,12/28/23 9:31:45,1743300496,000500000000C66137DDF060,,Basic_Info_Changed / Content_Indexed_Attr_Changed / File_Renamed_New,Normal,Directory,,0x000500000000C661,0x000100000000001D,,,,0,2,False,True,0.5,False,000500000000C66137DDF060,,False,False,False,False,0,False,False,False,False,False,False,False,True,False,False,False,False,False,False,False,False,False,False,0,24,False,False,False,False,False,False,False,False,False,False,False,False,False,False,False,False,False,1,2.187793462899479e-05,0.002187793462899479,False,<50%
000500000000c663658033ef,,,,,,,,,,,,,,12/28/23 9:31:45,1743301360,000500000000C663658033EF,,Basic_Info_Changed / Content_Indexed_Attr_Changed / File_Renamed_New,Normal,Directory,,0x000500000000C663,0x000100000000001D,,,,0,2,False,True,0.5,False,000500000000C663658033EF,,False,False,False,False,0,False,False,False,False,False,False,False,True,False,False,False,False,False,False,False,False,False,False,0,24,False,False,False,False,False,False,False,False,False,False,False,False,False,False,False,False,False,1,2.187793462899479e-05,0.002187793462899479,False,<50%
000500000000c6645b563f00,,,,,,,,,,,,,,12/28/23 9:31:45,1743301792,000500000000C6645B563F00,,Basic_Info_Changed / Content_Indexed_Attr_Changed / File_Renamed_New,Normal,Directory,,0x000500000000C664,0x000100000000001D,,,,0,2,False,True,0.5,False,000500000000C6645B563F00,,False,False,False,False,0,False,False,False,False,False,False,False,True,False,False,False,False,False,False,False,False,False,False,0,24,False,False,False,False,False,False,False,False,False,False,False,False,False,False,False,False,False,1,2.187793462899479e-05,0.002187793462899479,False,<50%
000500000000c66542c3a8eb,,,,,,,,,,,,,,12/28/23 9:31:45,1743302224,000500000000C66542C3A8EB,,Basic_Info_Changed / Content_Indexed_Attr_Changed / File_Renamed_New,Normal,Directory,,0x000500000000C665,0x000100000000001D,,,,0,2,False,True,0.5,False,000500000000C66542C3A8EB,,False,False,False,False,0,False,False,False,False,False,False,False,True,False,False,False,False,False,False,False,False,False,False,0,24,False,False,False,False,False,False,False,False,False,False,False,False,False,False,False,False,False,1,2.187793462899479e-05,0.002187793462899479,False,<50%
000500000000c66b2409aa21,,,,,,,,,,,,,,12/28/23 9:31:45,1743302656,000500000000C66B2409AA21,,Basic_Info_Changed / Content_Indexed_Attr_Changed / File_Renamed_New,Normal,Directory,,0x000500000000C66B,0x000100000000001D,,,,0,2,False,True,0.5,False,000500000000C66B2409AA21,,False,False,False,False,0,False,False,False,False,False,False,False,True,False,False,False,False,False,False,False,False,False,False,0,24,False,False,False,False,False,False,False,False,False,False,False,False,False,False,False,False,False,1,2.187793462899479e-05,0.002187793462899479,False,<50%
000500000000c66c4ebeeeb7,,,,,,,,,,,,,,12/28/23 9:31:45,1743303088,000500000000C66C4EBEEEB7,,Basic_Info_Changed / Content_Indexed_Attr_Changed / File_Renamed_New,Normal,Directory,,0x000500000000C66C,0x000100000000001D,,,,0,2,False,True,0.5,False,000500000000C66C4EBEEEB7,,False,False,False,False,0,False,False,False,False,False,False,False,True,False,False,False,False,False,False,False,False,False,False,0,24,False,False,False,False,False,False,False,False,False,False,False,False,False,False,False,False,False,1,2.187793462899479e-05,0.002187793462899479,False,<50%
000500000000c66e555ff928,,,,,,,,,,,,,,12/28/23 9:31:45,1743303520,000500000000C66E555FF928,,Basic_Info_Changed / Content_Indexed_Attr_Changed / File_Renamed_New,Normal,Directory,,0x000500000000C66E,0x000100000000001D,,,,0,2,False,True,0.5,False,000500000000C66E555FF928,,False,False,False,False,0,False,False,False,False,False,False,False,True,False,False,False,False,False,False,False,False,False,False,0,24,False,False,False,False,False,False,False,False,False,False,False,False,False,False,False,False,False,1,2.187793462899479e-05,0.002187793462899479,False,<50%
000500000000c6720a03b834,,,,,,,,,,,,,,12/28/23 9:31:45,1743304384,000500000000C6720A03B834,,Basic_Info_Changed / Content_Indexed_Attr_Changed / File_Renamed_New,Normal,Directory,,0x000500000000C672,0x000100000000001D,,,,0,2,False,True,0.5,False,000500000000C6720A03B834,,False,False,False,False,0,False,False,False,False,False,False,False,True,False,False,False,False,False,False,False,False,False,False,0,24,False,False,False,False,False,False,False,False,False,False,False,False,False,False,False,False,False,1,2.187793462899479e-05,0.002187793462899479,False,<50%
000500000000c6733927a26b,,,,,,,,,,,,,,12/28/23 9:31:45,1743304816,000500000000C6733927A26B,,Basic_Info_Changed / Content_Indexed_Attr_Changed / File_Renamed_New,Normal,Directory,,0x000500000000C673,0x000100000000001D,,,,0,2,False,True,0.5,False,000500000000C6733927A26B,,False,False,False,False,0,False,False,False,False,False,False,False,True,False,False,False,False,False,False,False,False,False,False,0,24,False,False,False,False,False,False,False,False,False,False,False,False,False,False,False,False,False,1,2.187793462899479e-05,0.002187793462899479,False,<50%
000600000000c63e6009af85,,,,,,,,,,,,,,12/28/23 9:31:45,1743291232,000600000000C63E6009AF85,,Basic_Info_Changed / Content_Indexed_Attr_Changed / File_Renamed_New,Normal,Directory,,0x000600000000C63E,0x000100000000001D,,,,0,2,False,True,0.5,False,000600000000C63E6009AF85,,False,False,False,False,0,False,False,False,False,False,False,False,True,False,False,False,False,False,False,False,False,False,False,0,24,False,False,False,False,False,False,False,False,False,False,False,False,False,False,False,False,False,1,2.187793462899479e-05,0.002187793462899479,False,<50%
000600000000c66227fdecfc,,,,,,,,,,,,,,12/28/23 9:31:45,1743300928,000600000000C66227FDECFC,,Basic_Info_Changed / Content_Indexed_Attr_Changed / File_Renamed_New,Normal,Directory,,0x000600000000C662,0x000100000000001D,,,,0,2,False,True,0.5,False,000600000000C66227FDECFC,,False,False,False,False,0,False,False,False,False,False,False,False,True,False,False,False,False,False,False,False,False,False,False,0,24,False,False,False,False,False,False,False,False,False,False,False,False,False,False,False,False,False,1,2.187793462899479e-05,0.002187793462899479,False,<50%
000700000000c644025e12c9,,,,,,,,,,,,,,12/28/23 9:31:45,1743292960,000700000000C644025E12C9,,Basic_Info_Changed / Content_Indexed_Attr_Changed / File_Renamed_New,Normal,Directory,,0x000700000000C644,0x000100000000001D,,,,0,2,False,True,0.5,False,000700000000C644025E12C9,,False,False,False,False,0,False,False,False,False,False,False,False,True,False,False,False,False,False,False,False,False,False,False,0,24,False,False,False,False,False,False,False,False,False,False,False,False,False,False,False,False,False,1,2.187793462899479e-05,0.002187793462899479,False,<50%
000700000000c651357a8c2e,,,,,,,,,,,,,,12/28/23 9:31:45,1743296512,000700000000C651357A8C2E,,Basic_Info_Changed / Content_Indexed_Attr_Changed / File_Renamed_New,Normal,Directory,,0x000700000000C651,0x000100000000001D,,,,0,2,False,True,0.5,False,000700000000C651357A8C2E,,False,False,False,False,0,False,False,False,False,False,False,False,True,False,False,False,False,False,False,False,False,False,False,0,24,False,False,False,False,False,False,False,False,False,False,False,False,False,False,False,False,False,1,2.187793462899479e-05,0.002187793462899479,False,<50%
000700000000c671181f651a,,,,,,,,,,,,,,12/28/23 9:31:45,1743303952,000700000000C671181F651A,,Basic_Info_Changed / Content_Indexed_Attr_Changed / File_Renamed_New,Normal,Directory,,0x000700000000C671,0x000100000000001D,,,,0,2,False,True,0.5,False,000700000000C671181F651A,,False,False,False,False,0,False,False,False,False,False,False,False,True,False,False,False,False,False,False,False,False,False,False,0,24,False,False,False,False,False,False,False,False,False,False,False,False,False,False,False,False,False,1,2.187793462899479e-05,0.002187793462899479,False,<50%
000900000000c6754f820e42,,,,,,,,,,,,,,12/28/23 9:31:45,1743305248,000900000000C6754F820E42,,Basic_Info_Changed / Content_Indexed_Attr_Changed / File_Renamed_New,Normal,Directory,,0x000900000000C675,0x000100000000001D,,,,0,2,False,True,0.5,False,000900000000C6754F820E42,,False,False,False,False,0,False,False,False,False,False,False,False,True,False,False,False,False,False,False,False,False,False,False,0,24,False,False,False,False,False,False,False,False,False,False,False,False,False,False,False,False,False,1,2.187793462899479e-05,0.002187793462899479,False,<50%
0013000000002f3956b7b371,,,,,,,,,,,,,,12/28/23 9:22:34,1742582120,0013000000002F3956B7B371,,Basic_Info_Changed / File_Renamed_New,Normal,Directory / Not_Content_Indexed,,0x0013000000002F39,0x000100000000001D,,,,0,2,False,True,0.5,False,0013000000002F3956B7B371,,False,False,False,False,0,False,False,False,False,False,False,False,True,False,False,False,False,False,False,False,False,False,False,0,24,False,False,False,False,False,False,False,False,False,False,False,False,False,False,False,False,False,1,2.187793462899479e-05,0.002187793462899479,False,<50%
070e1065-555d-43fa-947e-2753e5f13bfc.tmp,,,,,,,,,,,,,,12/28/23 9:23:27,1742821040,070e1065-555d-43fa-947e-2753e5f13bfc.tmp,\Users\blueangel\AppData\Roaming\Dropbox\070e1065-555d-43fa-947e-2753e5f13bfc.tmp,Basic_Info_Changed,Normal,Archive,,0x000D00000000C576,0x00010000000528D3,,,,0,3,False,True,0.5,False,070e1065-555d-43fa-947e-2753e5f13bfc.tmp,\Users\blueangel\AppData\Roaming\Dropbox\070e1065-555d-43fa-947e-2753e5f13bfc.tmp,False,False,False,False,0,False,False,False,False,False,False,False,True,False,False,False,False,False,False,False,False,False,False,6,40,True,True,False,False,False,False,False,False,False,False,False,False,False,True,False,False,False,1,2.1788158658328776e-05,0.002178815865832878,False,<50%
0a89e570dbbda14a8bf0e7e05fd8f24a,,,,,,,,,,,,,,12/28/23 9:31:44,1743241216,0a89e570dbbda14a8bf0e7e05fd8f24a,\Windows\System32\config\systemprofile\AppData\Local\0a89e570dbbda14a8bf0e7e05fd8f24a,Basic_Info_Changed / Compression_Changed / Data_Overwritten / Content_Indexed_Attr_Changed,Normal,Archive / Compressed,,0x000500000000C691,0x0001000000000E62,,,,0,2,False,True,0.5,False,0a89e570dbbda14a8bf0e7e05fd8f24a,\Windows\System32\config\systemprofile\AppData\Local\0a89e570dbbda14a8bf0e7e05fd8f24a,False,False,False,False,0,False,False,False,False,False,False,False,True,False,False,False,False,False,False,False,False,False,False,7,32,True,False,False,False,False,False,False,False,False,False,False,False,False,True,True,False,False,1,2.1616043115855488e-05,0.0021616043115855487,False,<50%
0aeb78bb60aca1478ee47c46e75888fe,,,,,,,,,,,,,,12/28/23 9:31:44,1743252648,0aeb78bb60aca1478ee47c46e75888fe,\Windows\System32\config\systemprofile\AppData\Local\0aeb78bb60aca1478ee47c46e75888fe,Basic_Info_Changed / Compression_Changed / Data_Overwritten / Content_Indexed_Attr_Changed,Normal,Archive / Compressed,,0x000400000000C695,0x0001000000000E62,,,,0,2,False,True,0.5,False,0aeb78bb60aca1478ee47c46e75888fe,\Windows\System32\config\systemprofile\AppData\Local\0aeb78bb60aca1478ee47c46e75888fe,False,False,False,False,0,False,False,False,False,False,False,False,True,False,False,False,False,False,False,False,False,False,False,7,32,True,False,False,False,False,False,False,False,False,False,False,False,False,True,True,False,False,1,2.1616043115855488e-05,0.0021616043115855487,False,<50%
0b0abb0c-93ec-454b-8c15-2cc8f7355620.tmp,,,,,,,,,,,,,,12/28/23 9:22:58,1742708368,0b0abb0c-93ec-454b-8c15-2cc8f7355620.tmp,\Users\blueangel\AppData\Roaming\Evernote\Partitions\name\0b0abb0c-93ec-454b-8c15-2cc8f7355620.tmp,Basic_Info_Changed,Normal,Archive,,0x000400000000C48E,0x000200000001B3FD,,,,0,3,False,True,0.5,False,0b0abb0c-93ec-454b-8c15-2cc8f7355620.tmp,\Users\blueangel\AppData\Roaming\Evernote\Partitions\name\0b0abb0c-93ec-454b-8c15-2cc8f7355620.tmp,False,False,False,False,0,False,False,False,False,False,False,False,True,False,False,False,False,False,False,False,False,False,False,8,40,True,True,False,False,False,False,False,False,False,False,False,False,False,True,False,False,False,1,2.1539770495795243e-05,0.002153977049579524,False,<50%
0bd17371f7731d4e9a2477abb51debe7,,,,,,,,,,,,,,12/28/23 9:31:44,1743256752,0bd17371f7731d4e9a2477abb51debe7,\Windows\System32\config\systemprofile\AppData\Local\0bd17371f7731d4e9a2477abb51debe7,Basic_Info_Changed / Compression_Changed / Data_Overwritten / Content_Indexed_Attr_Changed,Normal,Archive / Compressed,,0x000700000000C695,0x0001000000000E62,,,,0,2,False,True,0.5,False,0bd17371f7731d4e9a2477abb51debe7,\Windows\System32\config\systemprofile\AppData\Local\0bd17371f7731d4e9a2477abb51debe7,False,False,False,False,0,False,False,False,False,False,False,False,True,False,False,False,False,False,False,False,False,False,False,7,32,True,False,False,False,False,False,False,False,False,False,False,False,False,True,True,False,False,1,2.1616043115855488e-05,0.0021616043115855487,False,<50%
0e5cfe80-505a-49c6-8663-a215ae247d61.tmp,,,,,,,,,,,,,,12/28/23 9:22:58,1742710104,0e5cfe80-505a-49c6-8663-a215ae247d61.tmp,\Users\blueangel\AppData\Roaming\Evernote\0e5cfe80-505a-49c6-8663-a215ae247d61.tmp,Basic_Info_Changed,Normal,Archive,,0x000200000000C54F,0x000A00000001A13F,,,,0,3,False,True,0.5,False,0e5cfe80-505a-49c6-8663-a215ae247d61.tmp,\Users\blueangel\AppData\Roaming\Evernote\0e5cfe80-505a-49c6-8663-a215ae247d61.tmp,False,False,False,False,0,False,False,False,False,False,False,False,True,False,False,False,False,False,False,False,False,False,False,6,40,True,True,False,False,False,False,False,False,False,False,False,False,False,True,False,False,False,1,2.1788158658328776e-05,0.002178815865832878,False,<50%
111edfac150e4fd2b7b89ec88f8f3e12_1,,,,,,,,,,,,,,12/28/23 1:06:01,1736173712,111edfac150e4fd2b7b89ec88f8f3e12_1,\Users\blueangel\AppData\Local\Packages\Microsoft.Windows.ContentDeliveryManager_cw5n1h2txyewy\LocalState\TargetedContentCache\v3\280811\111edfac150e4fd2b7b89ec88f8f3e12_1,Basic_Info_Changed / File_Renamed_New / Access_Right_Changed,Normal,Archive,,0x000200000000C353,0x000B00000000C348,,,,0,4,False,True,0.5,False,111edfac150e4fd2b7b89ec88f8f3e12_1,\Users\blueangel\AppData\Local\Packages\Microsoft.Windows.ContentDeliveryManager_cw5n1h2txyewy\LocalState\TargetedContentCache\v3\280811\111edfac150e4fd2b7b89ec88f8f3e12_1,False,False,False,False,0,False,False,False,False,False,False,False,True,False,False,False,False,False,False,False,False,False,False,11,34,True,False,False,False,False,False,False,False,False,False,False,False,False,False,True,False,False,1,2.1877626505125618e-05,0.0021877626505125616,False,<50%
111edfac150e4fd2b7b89ec88f8f3e12_1.~tmp,,,,,,,,,,,,,,12/28/23 1:06:01,1736172512,111edfac150e4fd2b7b89ec88f8f3e12_1.~tmp,\Users\blueangel\AppData\Local\Packages\Microsoft.Windows.ContentDeliveryManager_cw5n1h2txyewy\LocalState\TargetedContentCache\v3\280811\111edfac150e4fd2b7b89ec88f8f3e12_1.~tmp,Basic_Info_Changed,Normal,Archive,,0x000200000000C353,0x000B00000000C348,,,,0,6,False,True,0.5,False,111edfac150e4fd2b7b89ec88f8f3e12_1.~tmp,\Users\blueangel\AppData\Local\Packages\Microsoft.Windows.ContentDeliveryManager_cw5n1h2txyewy\LocalState\TargetedContentCache\v3\280811\111edfac150e4fd2b7b89ec88f8f3e12_1.~tmp,False,False,False,False,0,False,False,False,False,False,False,False,True,False,False,False,False,False,False,False,False,False,False,11,39,True,True,False,False,False,False,False,False,False,False,False,False,False,True,True,False,False,1,2.1883217742821573e-05,0.0021883217742821575,False,<50%
119df868939b63458453955e249ab5fa,,,,,,,,,,,,,,12/28/23 9:31:44,1743235544,119df868939b63458453955e249ab5fa,\Windows\System32\config\systemprofile\AppData\Local\119df868939b63458453955e249ab5fa,Basic_Info_Changed / Compression_Changed / Data_Overwritten / Content_Indexed_Attr_Changed,Normal,Archive / Compressed,,0x000400000000C68F,0x0001000000000E62,,,,0,2,False,True,0.5,False,119df868939b63458453955e249ab5fa,\Windows\System32\config\systemprofile\AppData\Local\119df868939b63458453955e249ab5fa,False,False,False,False,0,False,False,False,False,False,False,False,True,False,False,False,False,False,False,False,False,False,False,7,32,True,False,False,False,False,False,False,False,False,False,False,False,False,True,True,False,False,1,2.1616043115855488e-05,0.0021616043115855487,False,<50%
18cb657a05e3064dbd3ff6ac7e80f7f4,,,,,,,,,,,,,,12/28/23 9:31:44,1743255424,18cb657a05e3064dbd3ff6ac7e80f7f4,\Windows\System32\config\systemprofile\AppData\Local\18cb657a05e3064dbd3ff6ac7e80f7f4,Basic_Info_Changed / Compression_Changed / Data_Overwritten / Content_Indexed_Attr_Changed,Normal,Archive / Compressed,,0x000600000000C695,0x0001000000000E62,,,,0,2,False,True,0.5,False,18cb657a05e3064dbd3ff6ac7e80f7f4,\Windows\System32\config\systemprofile\AppData\Local\18cb657a05e3064dbd3ff6ac7e80f7f4,False,False,False,False,0,False,False,False,False,False,False,False,True,False,False,False,False,False,False,False,False,False,False,7,32,True,False,False,False,False,False,False,False,False,False,False,False,False,True,True,False,False,1,2.1616043115855488e-05,0.0021616043115855487,False,<50%
1c833c66e106403398283dd48fe12249_1,,,,,,,,,,,,,,12/28/23 1:06:05,1736188816,1c833c66e106403398283dd48fe12249_1,\Users\blueangel\AppData\Local\Packages\Microsoft.Windows.ContentDeliveryManager_cw5n1h2txyewy\LocalState\TargetedContentCache\v3\314559\1c833c66e106403398283dd48fe12249_1,Basic_Info_Changed / File_Renamed_New / Access_Right_Changed,Normal,Archive,,0x000E000000008B7E,0x00380000000001AC,,,,0,4,False,True,0.5,False,1c833c66e106403398283dd48fe12249_1,\Users\blueangel\AppData\Local\Packages\Microsoft.Windows.ContentDeliveryManager_cw5n1h2txyewy\LocalState\TargetedContentCache\v3\314559\1c833c66e106403398283dd48fe12249_1,False,False,False,False,0,False,False,False,False,False,False,False,True,False,False,False,False,False,False,False,False,False,False,11,34,True,False,False,False,False,False,False,False,False,False,False,False,False,False,True,False,False,1,2.1877626505125618e-05,0.0021877626505125616,False,<50%
1c833c66e106403398283dd48fe12249_1.~tmp,,,,,,,,,,,,,,12/28/23 1:06:05,1736187528,1c833c66e106403398283dd48fe12249_1.~tmp,\Users\blueangel\AppData\Local\Packages\Microsoft.Windows.ContentDeliveryManager_cw5n1h2txyewy\LocalState\TargetedContentCache\v3\314559\1c833c66e106403398283dd48fe12249_1.~tmp,Basic_Info_Changed,Normal,Archive,,0x000E000000008B7E,0x00380000000001AC,,,,0,6,False,True,0.5,False,1c833c66e106403398283dd48fe12249_1.~tmp,\Users\blueangel\AppData\Local\Packages\Microsoft.Windows.ContentDeliveryManager_cw5n1h2txyewy\LocalState\TargetedContentCache\v3\314559\1c833c66e106403398283dd48fe12249_1.~tmp,False,False,False,False,0,False,False,False,False,False,False,False,True,False,False,False,False,False,False,False,False,False,False,11,39,True,True,False,False,False,False,False,False,False,False,False,False,False,True,True,False,False,1,2.1883217742821573e-05,0.0021883217742821575,False,<50%
1c833c66e106403398283dd48fe12249_2,,,,,,,,,,,,,,12/28/23 1:06:07,1736201248,1c833c66e106403398283dd48fe12249_2,\Users\blueangel\AppData\Local\Packages\Microsoft.Windows.ContentDeliveryManager_cw5n1h2txyewy\LocalState\TargetedContentCache\v3\314559\1c833c66e106403398283dd48fe12249_2,Basic_Info_Changed / File_Renamed_New / Access_Right_Changed,Normal,Archive,,0x000A000000008BE9,0x00380000000001AC,,,,0,4,False,True,0.5,False,1c833c66e106403398283dd48fe12249_2,\Users\blueangel\AppData\Local\Packages\Microsoft.Windows.ContentDeliveryManager_cw5n1h2txyewy\LocalState\TargetedContentCache\v3\314559\1c833c66e106403398283dd48fe12249_2,False,False,False,False,0,False,False,False,False,False,False,False,True,False,False,False,False,False,False,False,False,False,False,11,34,True,False,False,False,False,False,False,False,False,False,False,False,False,False,True,False,False,1,2.1877626505125618e-05,0.0021877626505125616,False,<50%
1c833c66e106403398283dd48fe12249_2.~tmp,,,,,,,,,,,,,,12/28/23 1:06:07,1736199936,1c833c66e106403398283dd48fe12249_2.~tmp,\Users\blueangel\AppData\Local\Packages\Microsoft.Windows.ContentDeliveryManager_cw5n1h2txyewy\LocalState\TargetedContentCache\v3\314559\1c833c66e106403398283dd48fe12249_2.~tmp,Basic_Info_Changed,Normal,Archive,,0x000A000000008BE9,0x00380000000001AC,,,,0,6,False,True,0.5,False,1c833c66e106403398283dd48fe12249_2.~tmp,\Users\blueangel\AppData\Local\Packages\Microsoft.Windows.ContentDeliveryManager_cw5n1h2txyewy\LocalState\TargetedContentCache\v3\314559\1c833c66e106403398283dd48fe12249_2.~tmp,False,False,False,False,0,False,False,False,False,False,False,False,True,False,False,False,False,False,False,False,False,False,False,11,39,True,True,False,False,False,False,False,False,False,False,False,False,False,True,True,False,False,1,2.1883217742821573e-05,0.0021883217742821575,False,<50%
1c833c66e106403398283dd48fe12249_3,,,,,,,,,,,,,,12/28/23 9:51:58,1743624528,1c833c66e106403398283dd48fe12249_3,,Basic_Info_Changed / File_Renamed_New / Access_Right_Changed,Normal,Archive,,0x000C00000000C641,0x00380000000001AC,,,,0,2,False,True,0.5,False,1c833c66e106403398283dd48fe12249_3,,False,False,False,False,0,False,False,False,False,False,False,False,True,False,False,False,False,False,False,False,False,False,False,0,34,False,False,False,False,False,False,False,False,False,False,False,False,False,False,False,False,False,1,2.187793462899479e-05,0.002187793462899479,False,<50%
1c833c66e106403398283dd48fe12249_3.~tmp,,,,,,,,,,,,,,12/28/23 9:51:58,1743623328,1c833c66e106403398283dd48fe12249_3.~tmp,,Basic_Info_Changed,Normal,Archive,,0x000C00000000C641,0x00380000000001AC,,,,0,3,False,True,0.5,False,1c833c66e106403398283dd48fe12249_3.~tmp,,False,False,False,False,0,False,False,False,False,False,False,False,True,False,False,False,False,False,False,False,False,False,False,0,39,False,True,False,False,False,False,False,False,False,False,False,False,False,False,False,False,False,1,2.1898443618673476e-05,0.0021898443618673475,False,<50%
22fd242ed39a4f82a8ed40f18598d804_1,,,,,,,,,,,,,,12/28/23 1:06:08,1736203712,22fd242ed39a4f82a8ed40f18598d804_1,\Users\blueangel\AppData\Local\Packages\Microsoft.Windows.ContentDeliveryManager_cw5n1h2txyewy\LocalState\TargetedContentCache\v3\338387\22fd242ed39a4f82a8ed40f18598d804_1,Basic_Info_Changed / File_Renamed_New / Access_Right_Changed,Normal,Archive,,0x004B0000000083F1,0x00F50000000001C4,,,,0,4,False,True,0.5,False,22fd242ed39a4f82a8ed40f18598d804_1,\Users\blueangel\AppData\Local\Packages\Microsoft.Windows.ContentDeliveryManager_cw5n1h2txyewy\LocalState\TargetedContentCache\v3\338387\22fd242ed39a4f82a8ed40f18598d804_1,False,False,False,False,0,False,False,False,False,False,False,False,True,False,False,False,False,False,False,False,False,False,False,11,34,True,False,False,False,False,False,False,False,False,False,False,False,False,False,True,False,False,1,2.1877626505125618e-05,0.0021877626505125616,False,<50%
22fd242ed39a4f82a8ed40f18598d804_1.~tmp,,,,,,,,,,,,,,12/28/23 1:06:08,1736202512,22fd242ed39a4f82a8ed40f18598d804_1.~tmp,\Users\blueangel\AppData\Local\Packages\Microsoft.Windows.ContentDeliveryManager_cw5n1h2txyewy\LocalState\TargetedContentCache\v3\338387\22fd242ed39a4f82a8ed40f18598d804_1.~tmp,Basic_Info_Changed,Normal,Archive,,0x004B0000000083F1,0x00F50000000001C4,,,,0,6,False,True,0.5,False,22fd242ed39a4f82a8ed40f18598d804_1.~tmp,\Users\blueangel\AppData\Local\Packages\Microsoft.Windows.ContentDeliveryManager_cw5n1h2txyewy\LocalState\TargetedContentCache\v3\338387\22fd242ed39a4f82a8ed40f18598d804_1.~tmp,False,False,False,False,0,False,False,False,False,False,False,False,True,False,False,False,False,False,False,False,False,False,False,11,39,True,True,False,False,False,False,False,False,False,False,False,False,False,True,True,False,False,1,2.1883217742821573e-05,0.0021883217742821575,False,<50%
22fd242ed39a4f82a8ed40f18598d804_2,,,,,,,,,,,,,,12/28/23 1:06:11,1736223056,22fd242ed39a4f82a8ed40f18598d804_2,\Users\blueangel\AppData\Local\Packages\Microsoft.Windows.ContentDeliveryManager_cw5n1h2txyewy\LocalState\TargetedContentCache\v3\338387\22fd242ed39a4f82a8ed40f18598d804_2,Basic_Info_Changed / File_Renamed_New / Access_Right_Changed,Normal,Archive,,0x000200000000C36A,0x00F50000000001C4,,,,0,4,False,True,0.5,False,22fd242ed39a4f82a8ed40f18598d804_2,\Users\blueangel\AppData\Local\Packages\Microsoft.Windows.ContentDeliveryManager_cw5n1h2txyewy\LocalState\TargetedContentCache\v3\338387\22fd242ed39a4f82a8ed40f18598d804_2,False,False,False,False,0,False,False,False,False,False,False,False,True,False,False,False,False,False,False,False,False,False,False,11,34,True,False,False,False,False,False,False,False,False,False,False,False,False,False,True,False,False,1,2.1877626505125618e-05,0.0021877626505125616,False,<50%
22fd242ed39a4f82a8ed40f18598d804_2.~tmp,,,,,,,,,,,,,,12/28/23 1:06:11,1736220816,22fd242ed39a4f82a8ed40f18598d804_2.~tmp,\Users\blueangel\AppData\Local\Packages\Microsoft.Windows.ContentDeliveryManager_cw5n1h2txyewy\LocalState\TargetedContentCache\v3\338387\22fd242ed39a4f82a8ed40f18598d804_2.~tmp,Basic_Info_Changed,Normal,Archive,,0x000200000000C36A,0x00F50000000001C4,,,,0,6,False,True,0.5,False,22fd242ed39a4f82a8ed40f18598d804_2.~tmp,\Users\blueangel\AppData\Local\Packages\Microsoft.Windows.ContentDeliveryManager_cw5n1h2txyewy\LocalState\TargetedContentCache\v3\338387\22fd242ed39a4f82a8ed40f18598d804_2.~tmp,False,False,False,False,0,False,False,False,False,False,False,False,True,False,False,False,False,False,False,False,False,False,False,11,39,True,True,False,False,False,False,False,False,False,False,False,False,False,True,True,False,False,1,2.1883217742821573e-05,0.0021883217742821575,False,<50%
22fd242ed39a4f82a8ed40f18598d804_3,,,,,,,,,,,,,,12/28/23 9:52:01,1743632888,22fd242ed39a4f82a8ed40f18598d804_3,,Basic_Info_Changed / File_Renamed_New / Access_Right_Changed,Normal,Archive,,0x011100000000811A,0x00F50000000001C4,,,,0,2,False,True,0.5,False,22fd242ed39a4f82a8ed40f18598d804_3,,False,False,False,False,0,False,False,False,False,False,False,False,True,False,False,False,False,False,False,False,False,False,False,0,34,False,False,False,False,False,False,False,False,False,False,False,False,False,False,False,False,False,1,2.187793462899479e-05,0.002187793462899479,False,<50%
22fd242ed39a4f82a8ed40f18598d804_3.~tmp,,,,,,,,,,,,,,12/28/23 9:52:01,1743631688,22fd242ed39a4f82a8ed40f18598d804_3.~tmp,,Basic_Info_Changed,Normal,Archive,,0x011100000000811A,0x00F50000000001C4,,,,0,3,False,True,0.5,False,22fd242ed39a4f82a8ed40f18598d804_3.~tmp,,False,False,False,False,0,False,False,False,False,False,False,False,True,False,False,False,False,False,False,False,False,False,False,0,39,False,True,False,False,False,False,False,False,False,False,False,False,False,False,False,False,False,1,2.1898443618673476e-05,0.0021898443618673475,False,<50%
23413e9815f9f8478217a6f2ae911357,,,,,,,,,,,,,,12/28/23 9:31:45,1743266384,23413e9815f9f8478217a6f2ae911357,\Windows\System32\config\systemprofile\AppData\Local\23413e9815f9f8478217a6f2ae911357,Basic_Info_Changed / Compression_Changed / Data_Overwritten / Content_Indexed_Attr_Changed,Normal,Archive / Compressed,,0x000E00000000C695,0x0001000000000E62,,,,0,2,False,True,0.5,False,23413e9815f9f8478217a6f2ae911357,\Windows\System32\config\systemprofile\AppData\Local\23413e9815f9f8478217a6f2ae911357,False,False,False,False,0,False,False,False,False,False,False,False,True,False,False,False,False,False,False,False,False,False,False,7,32,True,False,False,False,False,False,False,False,False,False,False,False,False,True,True,False,False,1,2.1616043115855488e-05,0.0021616043115855487,False,<50%
235ad91f076c7040a23144184efef1fd,,,,,,,,,,,,,,12/28/23 9:31:45,1743281328,235ad91f076c7040a23144184efef1fd,\Windows\System32\config\systemprofile\AppData\Local\235ad91f076c7040a23144184efef1fd,Basic_Info_Changed / Compression_Changed / Data_Overwritten / Content_Indexed_Attr_Changed,Normal,Archive / Compressed,,0x001900000000C695,0x0001000000000E62,,,,0,2,False,True,0.5,False,235ad91f076c7040a23144184efef1fd,\Windows\System32\config\systemprofile\AppData\Local\235ad91f076c7040a23144184efef1fd,False,False,False,False,0,False,False,False,False,False,False,False,True,False,False,False,False,False,False,False,False,False,False,7,32,True,False,False,False,False,False,False,False,False,False,False,False,False,True,True,False,False,1,2.1616043115855488e-05,0.0021616043115855487,False,<50%
23d8e8375a9a468b9099f8b974cf1c4f_1,,,,,,,,,,,,,,12/28/23 1:06:09,1736207704,23d8e8375a9a468b9099f8b974cf1c4f_1,\Users\blueangel\AppData\Local\Packages\Microsoft.Windows.ContentDeliveryManager_cw5n1h2txyewy\LocalState\TargetedContentCache\v3\338389\23d8e8375a9a468b9099f8b974cf1c4f_1,Basic_Info_Changed / File_Renamed_New / Access_Right_Changed,Normal,Archive,,0x000400000000C35C,0x000800000000C257,,,,0,4,False,True,0.5,False,23d8e8375a9a468b9099f8b974cf1c4f_1,\Users\blueangel\AppData\Local\Packages\Microsoft.Windows.ContentDeliveryManager_cw5n1h2txyewy\LocalState\TargetedContentCache\v3\338389\23d8e8375a9a468b9099f8b974cf1c4f_1,False,False,False,False,0,False,False,False,False,False,False,False,True,False,False,False,False,False,False,False,False,False,False,11,34,True,False,False,False,False,False,False,False,False,False,False,False,False,False,True,False,False,1,2.1877626505125618e-05,0.0021877626505125616,False,<50%
23d8e8375a9a468b9099f8b974cf1c4f_1.~tmp,,,,,,,,,,,,,,12/28/23 1:06:09,1736206504,23d8e8375a9a468b9099f8b974cf1c4f_1.~tmp,\Users\blueangel\AppData\Local\Packages\Microsoft.Windows.ContentDeliveryManager_cw5n1h2txyewy\LocalState\TargetedContentCache\v3\338389\23d8e8375a9a468b9099f8b974cf1c4f_1.~tmp,Basic_Info_Changed,Normal,Archive,,0x000400000000C35C,0x000800000000C257,,,,0,6,False,True,0.5,False,23d8e8375a9a468b9099f8b974cf1c4f_1.~tmp,\Users\blueangel\AppData\Local\Packages\Microsoft.Windows.ContentDeliveryManager_cw5n1h2txyewy\LocalState\TargetedContentCache\v3\338389\23d8e8375a9a468b9099f8b974cf1c4f_1.~tmp,False,False,False,False,0,False,False,False,False,False,False,False,True,False,False,False,False,False,False,False,False,False,False,11,39,True,True,False,False,False,False,False,False,False,False,False,False,False,True,True,False,False,1,2.1883217742821573e-05,0.0021883217742821575,False,<50%
2638889ddf70420d823733890cc92734_1,,,,,,,,,,,,,,12/28/23 1:05:59,1736168480,2638889ddf70420d823733890cc92734_1,\Users\blueangel\AppData\Local\Packages\Microsoft.Windows.ContentDeliveryManager_cw5n1h2txyewy\LocalState\TargetedContentCache\v3\202914\2638889ddf70420d823733890cc92734_1,Basic_Info_Changed / File_Renamed_New / Access_Right_Changed,Normal,Archive,,0x000600000000C2AF,0x00030000000036FB,,,,0,4,False,True,0.5,False,2638889ddf70420d823733890cc92734_1,\Users\blueangel\AppData\Local\Packages\Microsoft.Windows.ContentDeliveryManager_cw5n1h2txyewy\LocalState\TargetedContentCache\v3\202914\2638889ddf70420d823733890cc92734_1,False,False,False,False,0,False,False,False,False,False,False,False,True,False,False,False,False,False,False,False,False,False,False,11,34,True,False,False,False,False,False,False,False,False,False,False,False,False,False,True,False,False,1,2.1877626505125618e-05,0.0021877626505125616,False,<50%
2638889ddf70420d823733890cc92734_1.~tmp,,,,,,,,,,,,,,12/28/23 1:05:59,1736167224,2638889ddf70420d823733890cc92734_1.~tmp,\Users\blueangel\AppData\Local\Packages\Microsoft.Windows.ContentDeliveryManager_cw5n1h2txyewy\LocalState\TargetedContentCache\v3\202914\2638889ddf70420d823733890cc92734_1.~tmp,Basic_Info_Changed,Normal,Archive,,0x000600000000C2AF,0x00030000000036FB,,,,0,6,False,True,0.5,False,2638889ddf70420d823733890cc92734_1.~tmp,\Users\blueangel\AppData\Local\Packages\Microsoft.Windows.ContentDeliveryManager_cw5n1h2txyewy\LocalState\TargetedContentCache\v3\202914\2638889ddf70420d823733890cc92734_1.~tmp,False,False,False,False,0,False,False,False,False,False,False,False,True,False,False,False,False,False,False,False,False,False,False,11,39,True,True,False,False,False,False,False,False,False,False,False,False,False,True,True,False,False,1,2.1883217742821573e-05,0.0021883217742821575,False,<50%
2a8e112d303677e0_com15.dat,,,,,,,,,,,,,,12/28/23 9:22:59,1742714344,2a8e112d303677e0_COM15.dat,\ProgramData\Packages\DropboxInc.Dropbox_wkt425jdc3sga\S-1-5-21-2013336793-2335637549-584498142-1001\SystemAppData\Helium\Cache\2a8e112d303677e0_COM15.dat,Basic_Info_Changed,Normal,Archive / Not_Content_Indexed,,0x000200000000BF02,0x000200000000BEF7,,,,0,6,False,True,0.5,False,2a8e112d303677e0_COM15.dat,\ProgramData\Packages\DropboxInc.Dropbox_wkt425jdc3sga\S-1-5-21-2013336793-2335637549-584498142-1001\SystemAppData\Helium\Cache\2a8e112d303677e0_COM15.dat,False,False,False,False,0,False,False,False,False,False,False,False,True,False,False,False,False,False,False,False,False,False,False,8,26,True,True,False,False,False,False,False,False,False,False,False,False,False,False,False,False,False,1,2.187755151986522e-05,0.002187755151986522,False,<50%
2ea7d0fd-0c17-49fb-90da-34030cfb81f4.tmp,,,,,,,,,,,,,,12/28/23 9:23:41,1742845704,2ea7d0fd-0c17-49fb-90da-34030cfb81f4.tmp,\Users\blueangel\AppData\Local\Microsoft\Edge\User Data\2ea7d0fd-0c17-49fb-90da-34030cfb81f4.tmp,Basic_Info_Changed,Normal,Archive,,0x000400000000C57F,0x000100000001A4E7,,,,0,3,False,True,0.5,False,2ea7d0fd-0c17-49fb-90da-34030cfb81f4.tmp,\Users\blueangel\AppData\Local\Microsoft\Edge\User Data\2ea7d0fd-0c17-49fb-90da-34030cfb81f4.tmp,False,False,False,False,0,False,False,False,False,False,False,False,True,False,False,False,False,False,False,False,False,False,False,8,40,True,True,False,False,False,False,False,False,False,False,False,False,False,True,False,False,False,1,2.1539770495795243e-05,0.002153977049579524,False,<50%
31,,,,,,,,,,,,,,12/28/23 9:22:34,1742581992,31,\Users\blueangel\AppData\Local\Packages\Microsoft.Windows.Search_cw5n1h2txyewy\AC\AppCache\FDA01SZY\31,Basic_Info_Changed,Normal,Directory / Not_Content_Indexed,,0x0013000000002F39,0x000100000001A745,,,,0,2,False,True,0.5,False,31,\Users\blueangel\AppData\Local\Packages\Microsoft.Windows.Search_cw5n1h2txyewy\AC\AppCache\FDA01SZY\31,False,False,False,False,0,False,False,False,False,False,False,False,True,False,False,False,False,False,False,False,False,False,False,10,2,True,False,False,False,False,False,False,False,False,False,False,False,False,False,True,False,False,1,2.1877626505125618e-05,0.0021877626505125616,False,<50%
32557f4ae79920499202a154a017d5a1,,,,,,,,,,,,,,12/28/23 9:31:45,1743285424,32557f4ae79920499202a154a017d5a1,\Windows\System32\config\systemprofile\AppData\Local\32557f4ae79920499202a154a017d5a1,Basic_Info_Changed / Compression_Changed / Data_Overwritten / Content_Indexed_Attr_Changed,Normal,Archive / Compressed,,0x001C00000000C695,0x0001000000000E62,,,,0,2,False,True,0.5,False,32557f4ae79920499202a154a017d5a1,\Windows\System32\config\systemprofile\AppData\Local\32557f4ae79920499202a154a017d5a1,False,False,False,False,0,False,False,False,False,False,False,False,True,False,False,False,False,False,False,False,False,False,False,7,32,True,False,False,False,False,False,False,False,False,False,False,False,False,True,True,False,False,1,2.1616043115855488e-05,0.0021616043115855487,False,<50%
3281740c4bc59ea2_com15.dat,,,,,,,,,,,,,,12/28/23 8:51:06,1742186824,3281740c4bc59ea2_COM15.dat,\ProgramData\Packages\Microsoft.YourPhone_8wekyb3d8bbwe\S-1-5-21-2013336793-2335637549-584498142-1001\SystemAppData\Helium\Cache\3281740c4bc59ea2_COM15.dat,Basic_Info_Changed,Normal,Archive / Not_Content_Indexed,,0x0007000000000157,0x000100000003CA9E,,,,0,2,False,True,0.5,False,3281740c4bc59ea2_COM15.dat,\ProgramData\Packages\Microsoft.YourPhone_8wekyb3d8bbwe\S-1-5-21-2013336793-2335637549-584498142-1001\SystemAppData\Helium\Cache\3281740c4bc59ea2_COM15.dat,False,False,False,False,0,False,False,False,False,False,False,False,True,False,False,False,False,False,False,False,False,False,False,8,26,True,True,False,False,False,False,False,False,False,False,False,False,False,False,False,False,False,1,2.187755151986522e-05,0.002187755151986522,False,<50%
33,,,,,,,,,,,,,,12/28/23 9:22:21,1742412800,33,\Users\blueangel\AppData\Local\Packages\Microsoft.Windows.Search_cw5n1h2txyewy\AC\AppCache\FDA01SZY\33,Basic_Info_Changed,Normal,Directory / Hidden / Not_Content_Indexed / System,,0x00080000000010F7,0x000100000001A745,,,,0,2,False,True,0.5,False,33,\Users\blueangel\AppData\Local\Packages\Microsoft.Windows.Search_cw5n1h2txyewy\AC\AppCache\FDA01SZY\33,False,False,False,False,0,False,False,False,False,False,False,False,True,False,False,False,False,False,False,False,False,False,False,10,2,True,False,False,False,False,False,False,False,False,False,False,False,False,False,True,False,False,1,2.1877626505125618e-05,0.0021877626505125616,False,<50%
34fffdad9cc7ec48b56480407e570542,,,,,,,,,,,,,,12/28/23 9:31:44,1743254096,34fffdad9cc7ec48b56480407e570542,\Windows\System32\config\systemprofile\AppData\Local\34fffdad9cc7ec48b56480407e570542,Basic_Info_Changed / Compression_Changed / Data_Overwritten / Content_Indexed_Attr_Changed,Normal,Archive / Compressed,,0x000500000000C695,0x0001000000000E62,,,,0,2,False,True,0.5,False,34fffdad9cc7ec48b56480407e570542,\Windows\System32\config\systemprofile\AppData\Local\34fffdad9cc7ec48b56480407e570542,False,False,False,False,0,False,False,False,False,False,False,False,True,False,False,False,False,False,False,False,False,False,False,7,32,True,False,False,False,False,False,False,False,False,False,False,False,False,True,True,False,False,1,2.1616043115855488e-05,0.0021616043115855487,False,<50%
3a4590762a0f4c54a1ed51742798c6d8_1,,,,,,,,,,,,,,12/28/23 1:06:11,1736226256,3a4590762a0f4c54a1ed51742798c6d8_1,\Users\blueangel\AppData\Local\Packages\Microsoft.Windows.ContentDeliveryManager_cw5n1h2txyewy\LocalState\TargetedContentCache\v3\88000161\3a4590762a0f4c54a1ed51742798c6d8_1,Basic_Info_Changed / File_Renamed_New / Access_Right_Changed,Normal,Archive,,0x000300000000C36B,0x000500000000C363,,,,0,4,False,True,0.5,False,3a4590762a0f4c54a1ed51742798c6d8_1,\Users\blueangel\AppData\Local\Packages\Microsoft.Windows.ContentDeliveryManager_cw5n1h2txyewy\LocalState\TargetedContentCache\v3\88000161\3a4590762a0f4c54a1ed51742798c6d8_1,False,False,False,False,0,False,False,False,False,False,False,False,True,False,False,False,False,False,False,False,False,False,False,11,34,True,False,False,False,False,False,False,False,False,False,False,False,False,False,True,False,False,1,2.1877626505125618e-05,0.0021877626505125616,False,<50%
3a4590762a0f4c54a1ed51742798c6d8_1.~tmp,,,,,,,,,,,,,,12/28/23 1:06:11,1736225056,3a4590762a0f4c54a1ed51742798c6d8_1.~tmp,\Users\blueangel\AppData\Local\Packages\Microsoft.Windows.ContentDeliveryManager_cw5n1h2txyewy\LocalState\TargetedContentCache\v3\88000161\3a4590762a0f4c54a1ed51742798c6d8_1.~tmp,Basic_Info_Changed,Normal,Archive,,0x000300000000C36B,0x000500000000C363,,,,0,6,False,True,0.5,False,3a4590762a0f4c54a1ed51742798c6d8_1.~tmp,\Users\blueangel\AppData\Local\Packages\Microsoft.Windows.ContentDeliveryManager_cw5n1h2txyewy\LocalState\TargetedContentCache\v3\88000161\3a4590762a0f4c54a1ed51742798c6d8_1.~tmp,False,False,False,False,0,False,False,False,False,False,False,False,True,False,False,False,False,False,False,False,False,False,False,11,39,True,True,False,False,False,False,False,False,False,False,False,False,False,True,True,False,False,1,2.1883217742821573e-05,0.0021883217742821575,False,<50%
3a526f8407a76e4493ed4fd5a4035e4e,,,,,,,,,,,,,,12/28/23 9:31:45,1743267712,3a526f8407a76e4493ed4fd5a4035e4e,\Windows\System32\config\systemprofile\AppData\Local\3a526f8407a76e4493ed4fd5a4035e4e,Basic_Info_Changed / Compression_Changed / Data_Overwritten / Content_Indexed_Attr_Changed,Normal,Archive / Compressed,,0x000F00000000C695,0x0001000000000E62,,,,0,2,False,True,0.5,False,3a526f8407a76e4493ed4fd5a4035e4e,\Windows\System32\config\systemprofile\AppData\Local\3a526f8407a76e4493ed4fd5a4035e4e,False,False,False,False,0,False,False,False,False,False,False,False,True,False,False,False,False,False,False,False,False,False,False,7,32,True,False,False,False,False,False,False,False,False,False,False,False,False,True,True,False,False,1,2.1616043115855488e-05,0.0021616043115855487,False,<50%
3b3318b8a40cf74f9bc588f480ccc87c,,,,,,,,,,,,,,12/28/23 9:31:45,1743282768,3b3318b8a40cf74f9bc588f480ccc87c,\Windows\System32\config\systemprofile\AppData\Local\3b3318b8a40cf74f9bc588f480ccc87c,Basic_Info_Changed / Compression_Changed / Data_Overwritten / Content_Indexed_Attr_Changed,Normal,Archive / Compressed,,0x001A00000000C695,0x0001000000000E62,,,,0,2,False,True,0.5,False,3b3318b8a40cf74f9bc588f480ccc87c,\Windows\System32\config\systemprofile\AppData\Local\3b3318b8a40cf74f9bc588f480ccc87c,False,False,False,False,0,False,False,False,False,False,False,False,True,False,False,False,False,False,False,False,False,False,False,7,32,True,False,False,False,False,False,False,False,False,False,False,False,False,True,True,False,False,1,2.1616043115855488e-05,0.0021616043115855487,False,<50%
3e7qbvzy,,,,,,,,,,,,,,12/28/23 9:22:13,1742374712,3E7QBVZY,\Users\blueangel\AppData\Local\Microsoft\Windows\INetCache\IE\3E7QBVZY,Basic_Info_Changed,Normal,Directory / Hidden / Not_Content_Indexed / System,,0x0004000000001BAE,0x017D00000000854B,,,,0,4,False,True,0.5,False,3E7QBVZY,\Users\blueangel\AppData\Local\Microsoft\Windows\INetCache\IE\3E7QBVZY,False,False,False,False,0,False,False,False,False,False,False,False,True,False,False,False,False,False,False,False,False,False,False,9,8,True,False,False,False,False,False,False,False,False,False,False,False,False,False,True,False,False,1,2.1877626503037973e-05,0.002187762650303797,False,<50%
4137410a517f2845978b14782b0a710f,,,,,,,,,,,,,,12/28/23 9:31:45,1743269040,4137410a517f2845978b14782b0a710f,\Windows\System32\config\systemprofile\AppData\Local\4137410a517f2845978b14782b0a710f,Basic_Info_Changed / Compression_Changed / Data_Overwritten / Content_Indexed_Attr_Changed,Normal,Archive / Compressed,,0x001000000000C695,0x0001000000000E62,,,,0,2,False,True,0.5,False,4137410a517f2845978b14782b0a710f,\Windows\System32\config\systemprofile\AppData\Local\4137410a517f2845978b14782b0a710f,False,False,False,False,0,False,False,False,False,False,False,False,True,False,False,False,False,False,False,False,False,False,False,7,32,True,False,False,False,False,False,False,False,False,False,False,False,False,True,True,False,False,1,2.1616043115855488e-05,0.0021616043115855487,False,<50%
4427449aff26704a8636d97e761edf99,,,,,,,,,,,,,,12/28/23 9:31:44,1743207384,4427449aff26704a8636d97e761edf99,\Windows\System32\config\systemprofile\AppData\Local\4427449aff26704a8636d97e761edf99,Basic_Info_Changed / Compression_Changed / Data_Overwritten / Content_Indexed_Attr_Changed,Normal,Archive / Compressed,,0x000400000000C67B,0x0001000000000E62,,,,0,2,False,True,0.5,False,4427449aff26704a8636d97e761edf99,\Windows\System32\config\systemprofile\AppData\Local\4427449aff26704a8636d97e761edf99,False,False,False,False,0,False,False,False,False,False,False,False,True,False,False,False,False,False,False,False,False,False,False,7,32,True,False,False,False,False,False,False,False,False,False,False,False,False,True,True,False,False,1,2.1616043115855488e-05,0.0021616043115855487,False,<50%
44ff0d5506064d3889f56643fda27e64_1,,,,,,,,,,,,,,12/28/23 1:06:03,1736179568,44ff0d5506064d3889f56643fda27e64_1,\Users\blueangel\AppData\Local\Packages\Microsoft.Windows.ContentDeliveryManager_cw5n1h2txyewy\LocalState\TargetedContentCache\v3\310091\44ff0d5506064d3889f56643fda27e64_1,Basic_Info_Changed / File_Renamed_New / Access_Right_Changed,Normal,Archive,,0x000200000000C35D,0x000400000000C354,,,,0,4,False,True,0.5,False,44ff0d5506064d3889f56643fda27e64_1,\Users\blueangel\AppData\Local\Packages\Microsoft.Windows.ContentDeliveryManager_cw5n1h2txyewy\LocalState\TargetedContentCache\v3\310091\44ff0d5506064d3889f56643fda27e64_1,False,False,False,False,0,False,False,False,False,False,False,False,True,False,False,False,False,False,False,False,False,False,False,11,34,True,False,False,False,False,False,False,False,False,False,False,False,False,False,True,False,False,1,2.1877626505125618e-05,0.0021877626505125616,False,<50%
44ff0d5506064d3889f56643fda27e64_1.~tmp,,,,,,,,,,,,,,12/28/23 1:06:03,1736178368,44ff0d5506064d3889f56643fda27e64_1.~tmp,\Users\blueangel\AppData\Local\Packages\Microsoft.Windows.ContentDeliveryManager_cw5n1h2txyewy\LocalState\TargetedContentCache\v3\310091\44ff0d5506064d3889f56643fda27e64_1.~tmp,Basic_Info_Changed,Normal,Archive,,0x000200000000C35D,0x000400000000C354,,,,0,6,False,True,0.5,False,44ff0d5506064d3889f56643fda27e64_1.~tmp,\Users\blueangel\AppData\Local\Packages\Microsoft.Windows.ContentDeliveryManager_cw5n1h2txyewy\LocalState\TargetedContentCache\v3\310091\44ff0d5506064d3889f56643fda27e64_1.~tmp,False,False,False,False,0,False,False,False,False,False,False,False,True,False,False,False,False,False,False,False,False,False,False,11,39,True,True,False,False,False,False,False,False,False,False,False,False,False,True,True,False,False,1,2.1883217742821573e-05,0.0021883217742821575,False,<50%
4853ce70-c905-4ded-bd55-55071c9eb407,,,,,,,,,,,,,,12/27/23 16:33:52,1730565296,4853CE70-C905-4DED-BD55-55071C9EB407,\Users\blueangel\AppData\Local\Temp\4853CE70-C905-4DED-BD55-55071C9EB407,Basic_Info_Changed / Content_Indexed_Attr_Changed,Normal,Directory / Not_Content_Indexed,,0x000200000000C22F,0x000100000001A2E5,,,,0,2,False,True,0.5,False,4853CE70-C905-4DED-BD55-55071C9EB407,\Users\blueangel\AppData\Local\Temp\4853CE70-C905-4DED-BD55-55071C9EB407,False,False,False,False,0,False,False,False,False,False,False,False,True,False,False,False,False,False,False,False,False,False,False,6,36,True,False,False,False,False,False,False,False,False,False,False,False,False,True,False,False,False,1,2.1788269298497864e-05,0.0021788269298497866,False,<50%
5660cd54-4049-4ce5-a793-48aa4863a704.tmp,,,,,,,,,,,,,,12/28/23 9:23:11,1742757208,5660cd54-4049-4ce5-a793-48aa4863a704.tmp,\Users\blueangel\AppData\Roaming\Microsoft\Teams\5660cd54-4049-4ce5-a793-48aa4863a704.tmp,Basic_Info_Changed,Normal,Archive,,0x000300000000C569,0x000100000001F775,,,,0,3,False,True,0.5,False,5660cd54-4049-4ce5-a793-48aa4863a704.tmp,\Users\blueangel\AppData\Roaming\Microsoft\Teams\5660cd54-4049-4ce5-a793-48aa4863a704.tmp,False,False,False,False,0,False,False,False,False,False,False,False,True,False,False,False,False,False,False,False,False,False,False,7,40,True,True,False,False,False,False,False,False,False,False,False,False,False,True,False,False,False,1,2.158453917035306e-05,0.002158453917035306,False,<50%
59393e40-1026-413c-9928-1fc7a054bb1d.tmp,,,,,,,,,,,,,,12/28/23 9:23:02,1742731272,59393e40-1026-413c-9928-1fc7a054bb1d.tmp,\Users\blueangel\AppData\Roaming\Evernote\Partitions\user%3A23847576\59393e40-1026-413c-9928-1fc7a054bb1d.tmp,Basic_Info_Changed,Normal,Archive,,0x000200000000C566,0x000800000001B9D4,,,,0,3,False,True,0.5,False,59393e40-1026-413c-9928-1fc7a054bb1d.tmp,\Users\blueangel\AppData\Roaming\Evernote\Partitions\user%3A23847576\59393e40-1026-413c-9928-1fc7a054bb1d.tmp,False,False,False,False,0,False,False,False,False,False,False,False,True,False,False,False,False,False,False,False,False,False,False,8,40,True,True,False,False,False,False,False,False,False,False,False,False,False,True,False,False,False,1,2.1539770495795243e-05,0.002153977049579524,False,<50%
5b962ac5baede54d95b9ca81b7285727,,,,,,,,,,,,,,12/28/23 9:31:44,1743204608,5b962ac5baede54d95b9ca81b7285727,\Windows\System32\config\systemprofile\AppData\Local\5b962ac5baede54d95b9ca81b7285727,Basic_Info_Changed / Compression_Changed / Data_Overwritten / Content_Indexed_Attr_Changed,Normal,Archive / Compressed,,0x000400000000C679,0x0001000000000E62,,,,0,2,False,True,0.5,False,5b962ac5baede54d95b9ca81b7285727,\Windows\System32\config\systemprofile\AppData\Local\5b962ac5baede54d95b9ca81b7285727,False,False,False,False,0,False,False,False,False,False,False,False,True,False,False,False,False,False,False,False,False,False,False,7,32,True,False,False,False,False,False,False,False,False,False,False,False,False,True,True,False,False,1,2.1616043115855488e-05,0.0021616043115855487,False,<50%
5c61c7e324d64186a28fc471963cf6d1_1,,,,,,,,,,,,,,12/28/23 1:06:02,1736176960,5c61c7e324d64186a28fc471963cf6d1_1,\Users\blueangel\AppData\Local\Packages\Microsoft.Windows.ContentDeliveryManager_cw5n1h2txyewy\LocalState\TargetedContentCache\v3\280815\5c61c7e324d64186a28fc471963cf6d1_1,Basic_Info_Changed / File_Renamed_New / Access_Right_Changed,Normal,Archive,,0x000200000000C358,0x000600000000C350,,,,0,4,False,True,0.5,False,5c61c7e324d64186a28fc471963cf6d1_1,\Users\blueangel\AppData\Local\Packages\Microsoft.Windows.ContentDeliveryManager_cw5n1h2txyewy\LocalState\TargetedContentCache\v3\280815\5c61c7e324d64186a28fc471963cf6d1_1,False,False,False,False,0,False,False,False,False,False,False,False,True,False,False,False,False,False,False,False,False,False,False,11,34,True,False,False,False,False,False,False,False,False,False,False,False,False,False,True,False,False,1,2.1877626505125618e-05,0.0021877626505125616,False,<50%
5c61c7e324d64186a28fc471963cf6d1_1.~tmp,,,,,,,,,,,,,,12/28/23 1:06:02,1736175760,5c61c7e324d64186a28fc471963cf6d1_1.~tmp,\Users\blueangel\AppData\Local\Packages\Microsoft.Windows.ContentDeliveryManager_cw5n1h2txyewy\LocalState\TargetedContentCache\v3\280815\5c61c7e324d64186a28fc471963cf6d1_1.~tmp,Basic_Info_Changed,Normal,Archive,,0x000200000000C358,0x000600000000C350,,,,0,6,False,True,0.5,False,5c61c7e324d64186a28fc471963cf6d1_1.~tmp,\Users\blueangel\AppData\Local\Packages\Microsoft.Windows.ContentDeliveryManager_cw5n1h2txyewy\LocalState\TargetedContentCache\v3\280815\5c61c7e324d64186a28fc471963cf6d1_1.~tmp,False,False,False,False,0,False,False,False,False,False,False,False,True,False,False,False,False,False,False,False,False,False,False,11,39,True,True,False,False,False,False,False,False,False,False,False,False,False,True,True,False,False,1,2.1883217742821573e-05,0.0021883217742821575,False,<50%
6035061725a443caaf0a434ec8cd57f8_1,,,,,,,,,,,,,,12/28/23 1:06:12,1736229616,6035061725a443caaf0a434ec8cd57f8_1,\Users\blueangel\AppData\Local\Packages\Microsoft.Windows.ContentDeliveryManager_cw5n1h2txyewy\LocalState\TargetedContentCache\v3\88000163\6035061725a443caaf0a434ec8cd57f8_1,Basic_Info_Changed / File_Renamed_New / Access_Right_Changed,Normal,Archive,,0x000200000000C36E,0x000500000000C369,,,,0,4,False,True,0.5,False,6035061725a443caaf0a434ec8cd57f8_1,\Users\blueangel\AppData\Local\Packages\Microsoft.Windows.ContentDeliveryManager_cw5n1h2txyewy\LocalState\TargetedContentCache\v3\88000163\6035061725a443caaf0a434ec8cd57f8_1,False,False,False,False,0,False,False,False,False,False,False,False,True,False,False,False,False,False,False,False,False,False,False,11,34,True,False,False,False,False,False,False,False,False,False,False,False,False,False,True,False,False,1,2.1877626505125618e-05,0.0021877626505125616,False,<50%
6035061725a443caaf0a434ec8cd57f8_1.~tmp,,,,,,,,,,,,,,12/28/23 1:06:12,1736228400,6035061725a443caaf0a434ec8cd57f8_1.~tmp,\Users\blueangel\AppData\Local\Packages\Microsoft.Windows.ContentDeliveryManager_cw5n1h2txyewy\LocalState\TargetedContentCache\v3\88000163\6035061725a443caaf0a434ec8cd57f8_1.~tmp,Basic_Info_Changed,Normal,Archive,,0x000200000000C36E,0x000500000000C369,,,,0,6,False,True,0.5,False,6035061725a443caaf0a434ec8cd57f8_1.~tmp,\Users\blueangel\AppData\Local\Packages\Microsoft.Windows.ContentDeliveryManager_cw5n1h2txyewy\LocalState\TargetedContentCache\v3\88000163\6035061725a443caaf0a434ec8cd57f8_1.~tmp,False,False,False,False,0,False,False,False,False,False,False,False,True,False,False,False,False,False,False,False,False,False,False,11,39,True,True,False,False,False,False,False,False,False,False,False,False,False,True,True,False,False,1,2.1883217742821573e-05,0.0021883217742821575,False,<50%
668ad6c71ad25444ad2800975b9843ee,,,,,,,,,,,,,,12/28/23 9:31:45,1743280000,668ad6c71ad25444ad2800975b9843ee,\Windows\System32\config\systemprofile\AppData\Local\668ad6c71ad25444ad2800975b9843ee,Basic_Info_Changed / Compression_Changed / Data_Overwritten / Content_Indexed_Attr_Changed,Normal,Archive / Compressed,,0x001800000000C695,0x0001000000000E62,,,,0,2,False,True,0.5,False,668ad6c71ad25444ad2800975b9843ee,\Windows\System32\config\systemprofile\AppData\Local\668ad6c71ad25444ad2800975b9843ee,False,False,False,False,0,False,False,False,False,False,False,False,True,False,False,False,False,False,False,False,False,False,False,7,32,True,False,False,False,False,False,False,False,False,False,False,False,False,True,True,False,False,1,2.1616043115855488e-05,0.0021616043115855487,False,<50%
68ba63b40391544083fc80d82a5b594d,,,,,,,,,,,,,,12/28/23 9:31:45,1743270480,68ba63b40391544083fc80d82a5b594d,\Windows\System32\config\systemprofile\AppData\Local\68ba63b40391544083fc80d82a5b594d,Basic_Info_Changed / Compression_Changed / Data_Overwritten / Content_Indexed_Attr_Changed,Normal,Archive / Compressed,,0x001100000000C695,0x0001000000000E62,,,,0,2,False,True,0.5,False,68ba63b40391544083fc80d82a5b594d,\Windows\System32\config\systemprofile\AppData\Local\68ba63b40391544083fc80d82a5b594d,False,False,False,False,0,False,False,False,False,False,False,False,True,False,False,False,False,False,False,False,False,False,False,7,32,True,False,False,False,False,False,False,False,False,False,False,False,False,True,True,False,False,1,2.1616043115855488e-05,0.0021616043115855487,False,<50%
6bb093b9-ca26-4590-ab6a-b6cf2f64fbbd.tmp,,,,,,,,,,,,,,12/28/23 9:22:26,1742445984,6bb093b9-ca26-4590-ab6a-b6cf2f64fbbd.tmp,\Users\blueangel\AppData\Local\Microsoft\Edge\User Data\6bb093b9-ca26-4590-ab6a-b6cf2f64fbbd.tmp,Basic_Info_Changed,Normal,Archive,,0x000200000000C48E,0x000100000001A4E7,,,,0,3,False,True,0.5,False,6bb093b9-ca26-4590-ab6a-b6cf2f64fbbd.tmp,\Users\blueangel\AppData\Local\Microsoft\Edge\User Data\6bb093b9-ca26-4590-ab6a-b6cf2f64fbbd.tmp,False,False,False,False,0,False,False,False,False,False,False,False,True,False,False,False,False,False,False,False,False,False,False,8,40,True,True,False,False,False,False,False,False,False,False,False,False,False,True,False,False,False,1,2.1539770495795243e-05,0.002153977049579524,False,<50%
6c5afd7990f2cb479b65ffbdf48a0193,,,,,,,,,,,,,,12/28/23 9:31:45,1743263616,6c5afd7990f2cb479b65ffbdf48a0193,\Windows\System32\config\systemprofile\AppData\Local\6c5afd7990f2cb479b65ffbdf48a0193,Basic_Info_Changed / Compression_Changed / Data_Overwritten / Content_Indexed_Attr_Changed,Normal,Archive / Compressed,,0x000C00000000C695,0x0001000000000E62,,,,0,2,False,True,0.5,False,6c5afd7990f2cb479b65ffbdf48a0193,\Windows\System32\config\systemprofile\AppData\Local\6c5afd7990f2cb479b65ffbdf48a0193,False,False,False,False,0,False,False,False,False,False,False,False,True,False,False,False,False,False,False,False,False,False,False,7,32,True,False,False,False,False,False,False,False,False,False,False,False,False,True,True,False,False,1,2.1616043115855488e-05,0.0021616043115855487,False,<50%
6ee1b5984e81aa438408003c9f1b4a70,,,,,,,,,,,,,,12/28/23 9:31:45,1743284096,6ee1b5984e81aa438408003c9f1b4a70,\Windows\System32\config\systemprofile\AppData\Local\6ee1b5984e81aa438408003c9f1b4a70,Basic_Info_Changed / Compression_Changed / Data_Overwritten / Content_Indexed_Attr_Changed,Normal,Archive / Compressed,,0x001B00000000C695,0x0001000000000E62,,,,0,2,False,True,0.5,False,6ee1b5984e81aa438408003c9f1b4a70,\Windows\System32\config\systemprofile\AppData\Local\6ee1b5984e81aa438408003c9f1b4a70,False,False,False,False,0,False,False,False,False,False,False,False,True,False,False,False,False,False,False,False,False,False,False,7,32,True,False,False,False,False,False,False,False,False,False,False,False,False,True,True,False,False,1,2.1616043115855488e-05,0.0021616043115855487,False,<50%
6ve23q05,,,,,,,,,,,,,,12/28/23 9:22:21,1742413728,6VE23Q05,\Users\blueangel\AppData\Local\Packages\Microsoft.Windows.Search_cw5n1h2txyewy\AC\INetCache\6VE23Q05,Basic_Info_Changed,Normal,Directory / Hidden / Not_Content_Indexed / System,,0x000300000000BFFB,0x000100000001A5E1,,,,0,4,False,True,0.5,False,6VE23Q05,\Users\blueangel\AppData\Local\Packages\Microsoft.Windows.Search_cw5n1h2txyewy\AC\INetCache\6VE23Q05,False,False,False,False,0,False,False,False,False,False,False,False,True,False,False,False,False,False,False,False,False,False,False,9,8,True,False,False,False,False,False,False,False,False,False,False,False,False,False,True,False,False,1,2.1877626503037973e-05,0.002187762650303797,False,<50%
71be501df7bdd54689b7d2f2723fb61d,,,,,,,,,,,,,,12/28/23 9:31:45,1743286864,71be501df7bdd54689b7d2f2723fb61d,\Windows\System32\config\systemprofile\AppData\Local\71be501df7bdd54689b7d2f2723fb61d,Basic_Info_Changed / Compression_Changed / Data_Overwritten / Content_Indexed_Attr_Changed,Normal,Archive / Compressed,,0x001D00000000C695,0x0001000000000E62,,,,0,2,False,True,0.5,False,71be501df7bdd54689b7d2f2723fb61d,\Windows\System32\config\systemprofile\AppData\Local\71be501df7bdd54689b7d2f2723fb61d,False,False,False,False,0,False,False,False,False,False,False,False,True,False,False,False,False,False,False,False,False,False,False,7,32,True,False,False,False,False,False,False,False,False,False,False,False,False,True,True,False,False,1,2.1616043115855488e-05,0.0021616043115855487,False,<50%
741a33c03139bf4286dcfd5a7db6c9ef,,,,,,,,,,,,,,12/28/23 9:31:44,1743262288,741a33c03139bf4286dcfd5a7db6c9ef,\Windows\System32\config\systemprofile\AppData\Local\741a33c03139bf4286dcfd5a7db6c9ef,Basic_Info_Changed / Compression_Changed / Data_Overwritten / Content_Indexed_Attr_Changed,Normal,Archive / Compressed,,0x000B00000000C695,0x0001000000000E62,,,,0,2,False,True,0.5,False,741a33c03139bf4286dcfd5a7db6c9ef,\Windows\System32\config\systemprofile\AppData\Local\741a33c03139bf4286dcfd5a7db6c9ef,False,False,False,False,0,False,False,False,False,False,False,False,True,False,False,False,False,False,False,False,False,False,False,7,32,True,False,False,False,False,False,False,False,False,False,False,False,False,True,True,False,False,1,2.1616043115855488e-05,0.0021616043115855487,False,<50%
76e3b11ca7ee6d4aa05c5704d8af0c31,,,,,,,,,,,,,,12/28/23 9:31:44,1743232736,76e3b11ca7ee6d4aa05c5704d8af0c31,\Windows\System32\config\systemprofile\AppData\Local\76e3b11ca7ee6d4aa05c5704d8af0c31,Basic_Info_Changed / Compression_Changed / Data_Overwritten / Content_Indexed_Attr_Changed,Normal,Archive / Compressed,,0x000400000000C68E,0x0001000000000E62,,,,0,2,False,True,0.5,False,76e3b11ca7ee6d4aa05c5704d8af0c31,\Windows\System32\config\systemprofile\AppData\Local\76e3b11ca7ee6d4aa05c5704d8af0c31,False,False,False,False,0,False,False,False,False,False,False,False,True,False,False,False,False,False,False,False,False,False,False,7,32,True,False,False,False,False,False,False,False,False,False,False,False,False,True,True,False,False,1,2.1616043115855488e-05,0.0021616043115855487,False,<50%
77e312c9c20b264bbba3a84459b68399,,,,,,,,,,,,,,12/28/23 9:31:44,1743224232,77e312c9c20b264bbba3a84459b68399,\Windows\System32\config\systemprofile\AppData\Local\77e312c9c20b264bbba3a84459b68399,Basic_Info_Changed / Compression_Changed / Data_Overwritten / Content_Indexed_Attr_Changed,Normal,Archive / Compressed,,0x000400000000C68A,0x0001000000000E62,,,,0,2,False,True,0.5,False,77e312c9c20b264bbba3a84459b68399,\Windows\System32\config\systemprofile\AppData\Local\77e312c9c20b264bbba3a84459b68399,False,False,False,False,0,False,False,False,False,False,False,False,True,False,False,False,False,False,False,False,False,False,False,7,32,True,False,False,False,False,False,False,False,False,False,False,False,False,True,True,False,False,1,2.1616043115855488e-05,0.0021616043115855487,False,<50%
7953e729ef68694ab6283340d41696da,,,,,,,,,,,,,,12/28/23 9:31:45,1743275904,7953e729ef68694ab6283340d41696da,\Windows\System32\config\systemprofile\AppData\Local\7953e729ef68694ab6283340d41696da,Basic_Info_Changed / Compression_Changed / Data_Overwritten / Content_Indexed_Attr_Changed,Normal,Archive / Compressed,,0x001500000000C695,0x0001000000000E62,,,,0,2,False,True,0.5,False,7953e729ef68694ab6283340d41696da,\Windows\System32\config\systemprofile\AppData\Local\7953e729ef68694ab6283340d41696da,False,False,False,False,0,False,False,False,False,False,False,False,True,False,False,False,False,False,False,False,False,False,False,7,32,True,False,False,False,False,False,False,False,False,False,False,False,False,True,True,False,False,1,2.1616043115855488e-05,0.0021616043115855487,False,<50%
79ac93613012dc478d9fa4809123e4a9,,,,,,,,,,,,,,12/28/23 9:31:45,1743288192,79ac93613012dc478d9fa4809123e4a9,\Windows\System32\config\systemprofile\AppData\Local\79ac93613012dc478d9fa4809123e4a9,Basic_Info_Changed / Compression_Changed / Data_Overwritten / Content_Indexed_Attr_Changed,Normal,Archive / Compressed,,0x001E00000000C695,0x0001000000000E62,,,,0,2,False,True,0.5,False,79ac93613012dc478d9fa4809123e4a9,\Windows\System32\config\systemprofile\AppData\Local\79ac93613012dc478d9fa4809123e4a9,False,False,False,False,0,False,False,False,False,False,False,False,True,False,False,False,False,False,False,False,False,False,False,7,32,True,False,False,False,False,False,False,False,False,False,False,False,False,True,True,False,False,1,2.1616043115855488e-05,0.0021616043115855487,False,<50%
7aca30bd64eb479084f2d2087f981632_1,,,,,,,,,,,,,,12/28/23 1:06:11,1736222784,7aca30bd64eb479084f2d2087f981632_1,\Users\blueangel\AppData\Local\Packages\Microsoft.Windows.ContentDeliveryManager_cw5n1h2txyewy\LocalState\TargetedContentCache\v3\88000045\7aca30bd64eb479084f2d2087f981632_1,Basic_Info_Changed / File_Renamed_New / Access_Right_Changed,Normal,Archive,,0x000200000000C365,0x000800000000C34C,,,,0,4,False,True,0.5,False,7aca30bd64eb479084f2d2087f981632_1,\Users\blueangel\AppData\Local\Packages\Microsoft.Windows.ContentDeliveryManager_cw5n1h2txyewy\LocalState\TargetedContentCache\v3\88000045\7aca30bd64eb479084f2d2087f981632_1,False,False,False,False,0,False,False,False,False,False,False,False,True,False,False,False,False,False,False,False,False,False,False,11,34,True,False,False,False,False,False,False,False,False,False,False,False,False,False,True,False,False,1,2.1877626505125618e-05,0.0021877626505125616,False,<50%
7aca30bd64eb479084f2d2087f981632_1.~tmp,,,,,,,,,,,,,,12/28/23 1:06:11,1736220280,7aca30bd64eb479084f2d2087f981632_1.~tmp,\Users\blueangel\AppData\Local\Packages\Microsoft.Windows.ContentDeliveryManager_cw5n1h2txyewy\LocalState\TargetedContentCache\v3\88000045\7aca30bd64eb479084f2d2087f981632_1.~tmp,Basic_Info_Changed,Normal,Archive,,0x000200000000C365,0x000800000000C34C,,,,0,6,False,True,0.5,False,7aca30bd64eb479084f2d2087f981632_1.~tmp,\Users\blueangel\AppData\Local\Packages\Microsoft.Windows.ContentDeliveryManager_cw5n1h2txyewy\LocalState\TargetedContentCache\v3\88000045\7aca30bd64eb479084f2d2087f981632_1.~tmp,False,False,False,False,0,False,False,False,False,False,False,False,True,False,False,False,False,False,False,False,False,False,False,11,39,True,True,False,False,False,False,False,False,False,False,False,False,False,True,True,False,False,1,2.1883217742821573e-05,0.0021883217742821575,False,<50%
7e73dfe330ffbd4789826cb3305eaf84,,,,,,,,,,,,,,12/28/23 9:31:44,1743260848,7e73dfe330ffbd4789826cb3305eaf84,\Windows\System32\config\systemprofile\AppData\Local\7e73dfe330ffbd4789826cb3305eaf84,Basic_Info_Changed / Compression_Changed / Data_Overwritten / Content_Indexed_Attr_Changed,Normal,Archive / Compressed,,0x000A00000000C695,0x0001000000000E62,,,,0,2,False,True,0.5,False,7e73dfe330ffbd4789826cb3305eaf84,\Windows\System32\config\systemprofile\AppData\Local\7e73dfe330ffbd4789826cb3305eaf84,False,False,False,False,0,False,False,False,False,False,False,False,True,False,False,False,False,False,False,False,False,False,False,7,32,True,False,False,False,False,False,False,False,False,False,False,False,False,True,True,False,False,1,2.1616043115855488e-05,0.0021616043115855487,False,<50%
82b233e63c220640809205b6acf636c3,,,,,,,,,,,,,,12/28/23 9:31:44,1743243992,82b233e63c220640809205b6acf636c3,\Windows\System32\config\systemprofile\AppData\Local\82b233e63c220640809205b6acf636c3,Basic_Info_Changed / Compression_Changed / Data_Overwritten / Content_Indexed_Attr_Changed,Normal,Archive / Compressed,,0x000400000000C692,0x0001000000000E62,,,,0,2,False,True,0.5,False,82b233e63c220640809205b6acf636c3,\Windows\System32\config\systemprofile\AppData\Local\82b233e63c220640809205b6acf636c3,False,False,False,False,0,False,False,False,False,False,False,False,True,False,False,False,False,False,False,False,False,False,False,7,32,True,False,False,False,False,False,False,False,False,False,False,False,False,True,True,False,False,1,2.1616043115855488e-05,0.0021616043115855487,False,<50%
83bc2f7899854efa8acae1ec639e8a17_1,,,,,,,,,,,,,,12/28/23 1:06:07,1736199216,83bc2f7899854efa8acae1ec639e8a17_1,\Users\blueangel\AppData\Local\Packages\Microsoft.Windows.ContentDeliveryManager_cw5n1h2txyewy\LocalState\TargetedContentCache\v3\338387\83bc2f7899854efa8acae1ec639e8a17_1,Basic_Info_Changed / File_Renamed_New / Access_Right_Changed,Normal,Archive,,0x011000000000811A,0x00F50000000001C4,,,,0,4,False,True,0.5,False,83bc2f7899854efa8acae1ec639e8a17_1,\Users\blueangel\AppData\Local\Packages\Microsoft.Windows.ContentDeliveryManager_cw5n1h2txyewy\LocalState\TargetedContentCache\v3\338387\83bc2f7899854efa8acae1ec639e8a17_1,False,False,False,False,0,False,False,False,False,False,False,False,True,False,False,False,False,False,False,False,False,False,False,11,34,True,False,False,False,False,False,False,False,False,False,False,False,False,False,True,False,False,1,2.1877626505125618e-05,0.0021877626505125616,False,<50%
83bc2f7899854efa8acae1ec639e8a17_1.~tmp,,,,,,,,,,,,,,12/28/23 1:06:07,1736198016,83bc2f7899854efa8acae1ec639e8a17_1.~tmp,\Users\blueangel\AppData\Local\Packages\Microsoft.Windows.ContentDeliveryManager_cw5n1h2txyewy\LocalState\TargetedContentCache\v3\338387\83bc2f7899854efa8acae1ec639e8a17_1.~tmp,Basic_Info_Changed,Normal,Archive,,0x011000000000811A,0x00F50000000001C4,,,,0,6,False,True,0.5,False,83bc2f7899854efa8acae1ec639e8a17_1.~tmp,\Users\blueangel\AppData\Local\Packages\Microsoft.Windows.ContentDeliveryManager_cw5n1h2txyewy\LocalState\TargetedContentCache\v3\338387\83bc2f7899854efa8acae1ec639e8a17_1.~tmp,False,False,False,False,0,False,False,False,False,False,False,False,True,False,False,False,False,False,False,False,False,False,False,11,39,True,True,False,False,False,False,False,False,False,False,False,False,False,True,True,False,False,1,2.1883217742821573e-05,0.0021883217742821575,False,<50%
83bc2f7899854efa8acae1ec639e8a17_2,,,,,,,,,,,,,,12/28/23 1:06:10,1736213912,83bc2f7899854efa8acae1ec639e8a17_2,\Users\blueangel\AppData\Local\Packages\Microsoft.Windows.ContentDeliveryManager_cw5n1h2txyewy\LocalState\TargetedContentCache\v3\338387\83bc2f7899854efa8acae1ec639e8a17_2,Basic_Info_Changed / File_Renamed_New / Access_Right_Changed,Normal,Archive,,0x000300000000C360,0x00F50000000001C4,,,,0,4,False,True,0.5,False,83bc2f7899854efa8acae1ec639e8a17_2,\Users\blueangel\AppData\Local\Packages\Microsoft.Windows.ContentDeliveryManager_cw5n1h2txyewy\LocalState\TargetedContentCache\v3\338387\83bc2f7899854efa8acae1ec639e8a17_2,False,False,False,False,0,False,False,False,False,False,False,False,True,False,False,False,False,False,False,False,False,False,False,11,34,True,False,False,False,False,False,False,False,False,False,False,False,False,False,True,False,False,1,2.1877626505125618e-05,0.0021877626505125616,False,<50%
83bc2f7899854efa8acae1ec639e8a17_2.~tmp,,,,,,,,,,,,,,12/28/23 1:06:10,1736212712,83bc2f7899854efa8acae1ec639e8a17_2.~tmp,\Users\blueangel\AppData\Local\Packages\Microsoft.Windows.ContentDeliveryManager_cw5n1h2txyewy\LocalState\TargetedContentCache\v3\338387\83bc2f7899854efa8acae1ec639e8a17_2.~tmp,Basic_Info_Changed,Normal,Archive,,0x000300000000C360,0x00F50000000001C4,,,,0,6,False,True,0.5,False,83bc2f7899854efa8acae1ec639e8a17_2.~tmp,\Users\blueangel\AppData\Local\Packages\Microsoft.Windows.ContentDeliveryManager_cw5n1h2txyewy\LocalState\TargetedContentCache\v3\338387\83bc2f7899854efa8acae1ec639e8a17_2.~tmp,False,False,False,False,0,False,False,False,False,False,False,False,True,False,False,False,False,False,False,False,False,False,False,11,39,True,True,False,False,False,False,False,False,False,False,False,False,False,True,True,False,False,1,2.1883217742821573e-05,0.0021883217742821575,False,<50%
83bc2f7899854efa8acae1ec639e8a17_3,,,,,,,,,,,,,,12/28/23 9:52:00,1743629984,83bc2f7899854efa8acae1ec639e8a17_3,,Basic_Info_Changed / File_Renamed_New / Access_Right_Changed,Normal,Archive,,0x006F00000000797C,0x00F50000000001C4,,,,0,2,False,True,0.5,False,83bc2f7899854efa8acae1ec639e8a17_3,,False,False,False,False,0,False,False,False,False,False,False,False,True,False,False,False,False,False,False,False,False,False,False,0,34,False,False,False,False,False,False,False,False,False,False,False,False,False,False,False,False,False,1,2.187793462899479e-05,0.002187793462899479,False,<50%
83bc2f7899854efa8acae1ec639e8a17_3.~tmp,,,,,,,,,,,,,,12/28/23 9:52:00,1743628784,83bc2f7899854efa8acae1ec639e8a17_3.~tmp,,Basic_Info_Changed,Normal,Archive,,0x006F00000000797C,0x00F50000000001C4,,,,0,3,False,True,0.5,False,83bc2f7899854efa8acae1ec639e8a17_3.~tmp,,False,False,False,False,0,False,False,False,False,False,False,False,True,False,False,False,False,False,False,False,False,False,False,0,39,False,True,False,False,False,False,False,False,False,False,False,False,False,False,False,False,False,1,2.1898443618673476e-05,0.0021898443618673475,False,<50%
8efd673e3598964aa46aedb85f0140a2,,,,,,,,,,,,,,12/28/23 9:31:44,1743229960,8efd673e3598964aa46aedb85f0140a2,\Windows\System32\config\systemprofile\AppData\Local\8efd673e3598964aa46aedb85f0140a2,Basic_Info_Changed / Compression_Changed / Data_Overwritten / Content_Indexed_Attr_Changed,Normal,Archive / Compressed,,0x000400000000C68D,0x0001000000000E62,,,,0,2,False,True,0.5,False,8efd673e3598964aa46aedb85f0140a2,\Windows\System32\config\systemprofile\AppData\Local\8efd673e3598964aa46aedb85f0140a2,False,False,False,False,0,False,False,False,False,False,False,False,True,False,False,False,False,False,False,False,False,False,False,7,32,True,False,False,False,False,False,False,False,False,False,False,False,False,True,True,False,False,1,2.1616043115855488e-05,0.0021616043115855487,False,<50%
96a365fc-31e0-4c69-8e0e-50ea4d9bc38d,,,,,,,,,,,,,,12/31/23 1:20:22,1754598624,96A365FC-31E0-4C69-8E0E-50EA4D9BC38D,\Users\blueangel\AppData\Local\Temp\96A365FC-31E0-4C69-8E0E-50EA4D9BC38D,Basic_Info_Changed / Content_Indexed_Attr_Changed,Normal,Directory / Not_Content_Indexed,,0x000700000000CC97,0x000100000001A2E5,,,,0,2,False,True,0.5,False,96A365FC-31E0-4C69-8E0E-50EA4D9BC38D,\Users\blueangel\AppData\Local\Temp\96A365FC-31E0-4C69-8E0E-50EA4D9BC38D,False,False,False,False,0,False,False,False,False,False,False,False,True,False,False,False,False,False,False,False,False,False,False,6,36,True,False,False,False,False,False,False,False,False,False,False,False,False,True,False,False,False,1,2.1788269298497864e-05,0.0021788269298497866,False,<50%
96c796c3ebb9c84a87a16fd9e35a0d7d,,,,,,,,,,,,,,12/28/23 9:31:45,1743277232,96c796c3ebb9c84a87a16fd9e35a0d7d,\Windows\System32\config\systemprofile\AppData\Local\96c796c3ebb9c84a87a16fd9e35a0d7d,Basic_Info_Changed / Compression_Changed / Data_Overwritten / Content_Indexed_Attr_Changed,Normal,Archive / Compressed,,0x001600000000C695,0x0001000000000E62,,,,0,2,False,True,0.5,False,96c796c3ebb9c84a87a16fd9e35a0d7d,\Windows\System32\config\systemprofile\AppData\Local\96c796c3ebb9c84a87a16fd9e35a0d7d,False,False,False,False,0,False,False,False,False,False,False,False,True,False,False,False,False,False,False,False,False,False,False,7,32,True,False,False,False,False,False,False,False,False,False,False,False,False,True,True,False,False,1,2.1616043115855488e-05,0.0021616043115855487,False,<50%
9cb71645-0507-4b7e-a651-c033b644f687,,,,,,,,,,,,,,12/28/23 17:21:56,1749769760,9CB71645-0507-4B7E-A651-C033B644F687,\Users\blueangel\AppData\Local\Temp\9CB71645-0507-4B7E-A651-C033B644F687,Basic_Info_Changed / Content_Indexed_Attr_Changed,Normal,Directory / Not_Content_Indexed,,0x000300000000C8D0,0x000100000001A2E5,,,,0,2,False,True,0.5,False,9CB71645-0507-4B7E-A651-C033B644F687,\Users\blueangel\AppData\Local\Temp\9CB71645-0507-4B7E-A651-C033B644F687,False,False,False,False,0,False,False,False,False,False,False,False,True,False,False,False,False,False,False,False,False,False,False,6,36,True,False,False,False,False,False,False,False,False,False,False,False,False,True,False,False,False,1,2.1788269298497864e-05,0.0021788269298497866,False,<50%
9d174002b722e1ca_com15.dat,,,,,,,,,,,,,,12/28/23 9:23:19,1742796648,9d174002b722e1ca_COM15.dat,\ProgramData\Packages\Microsoft.SkypeApp_kzf8qxf38zg5c\S-1-5-21-2013336793-2335637549-584498142-1001\SystemAppData\Helium\Cache\9d174002b722e1ca_COM15.dat,Basic_Info_Changed / Data_Overwritten,Normal,Archive / Not_Content_Indexed,,0x0003000000010CDF,0x0001000000054CD0,,,,0,4,False,True,0.5,False,9d174002b722e1ca_COM15.dat,\ProgramData\Packages\Microsoft.SkypeApp_kzf8qxf38zg5c\S-1-5-21-2013336793-2335637549-584498142-1001\SystemAppData\Helium\Cache\9d174002b722e1ca_COM15.dat,False,False,False,False,0,False,False,False,False,False,False,False,True,False,False,False,False,False,False,False,False,False,False,8,26,True,True,False,False,False,False,False,False,False,False,False,False,False,False,False,False,False,1,2.187755151986522e-05,0.002187755151986522,False,<50%
9d48bda497af594dabfe4bd67cc3ba99,,,,,,,,,,,,,,12/28/23 9:31:45,1743274576,9d48bda497af594dabfe4bd67cc3ba99,\Windows\System32\config\systemprofile\AppData\Local\9d48bda497af594dabfe4bd67cc3ba99,Basic_Info_Changed / Compression_Changed / Data_Overwritten / Content_Indexed_Attr_Changed,Normal,Archive / Compressed,,0x001400000000C695,0x0001000000000E62,,,,0,2,False,True,0.5,False,9d48bda497af594dabfe4bd67cc3ba99,\Windows\System32\config\systemprofile\AppData\Local\9d48bda497af594dabfe4bd67cc3ba99,False,False,False,False,0,False,False,False,False,False,False,False,True,False,False,False,False,False,False,False,False,False,False,7,32,True,False,False,False,False,False,False,False,False,False,False,False,False,True,True,False,False,1,2.1616043115855488e-05,0.0021616043115855487,False,<50%
a22b8e4bb4dc4a44b6bf7c34c4616092,,,,,,,,,,,,,,12/28/23 9:31:44,1743259520,a22b8e4bb4dc4a44b6bf7c34c4616092,\Windows\System32\config\systemprofile\AppData\Local\a22b8e4bb4dc4a44b6bf7c34c4616092,Basic_Info_Changed / Compression_Changed / Data_Overwritten / Content_Indexed_Attr_Changed,Normal,Archive / Compressed,,0x000900000000C695,0x0001000000000E62,,,,0,2,False,True,0.5,False,a22b8e4bb4dc4a44b6bf7c34c4616092,\Windows\System32\config\systemprofile\AppData\Local\a22b8e4bb4dc4a44b6bf7c34c4616092,False,False,False,False,0,False,False,False,False,False,False,False,True,False,False,False,False,False,False,False,False,False,False,7,32,True,False,False,False,False,False,False,False,False,False,False,False,False,True,True,False,False,1,2.1616043115855488e-05,0.0021616043115855487,False,<50%
a4a1ef0649c8094da5eb07872eec013c,,,,,,,,,,,,,,12/28/23 9:31:44,1743227112,a4a1ef0649c8094da5eb07872eec013c,\Windows\System32\config\systemprofile\AppData\Local\a4a1ef0649c8094da5eb07872eec013c,Basic_Info_Changed / Compression_Changed / Data_Overwritten / Content_Indexed_Attr_Changed,Normal,Archive / Compressed,,0x000400000000C68C,0x0001000000000E62,,,,0,2,False,True,0.5,False,a4a1ef0649c8094da5eb07872eec013c,\Windows\System32\config\systemprofile\AppData\Local\a4a1ef0649c8094da5eb07872eec013c,False,False,False,False,0,False,False,False,False,False,False,False,True,False,False,False,False,False,False,False,False,False,False,7,32,True,False,False,False,False,False,False,False,False,False,False,False,False,True,True,False,False,1,2.1616043115855488e-05,0.0021616043115855487,False,<50%
a8324503bdcfd14a9df5673bb50b5f26,,,,,,,,,,,,,,12/28/23 9:31:45,1743273136,a8324503bdcfd14a9df5673bb50b5f26,\Windows\System32\config\systemprofile\AppData\Local\a8324503bdcfd14a9df5673bb50b5f26,Basic_Info_Changed / Compression_Changed / Data_Overwritten / Content_Indexed_Attr_Changed,Normal,Archive / Compressed,,0x001300000000C695,0x0001000000000E62,,,,0,2,False,True,0.5,False,a8324503bdcfd14a9df5673bb50b5f26,\Windows\System32\config\systemprofile\AppData\Local\a8324503bdcfd14a9df5673bb50b5f26,False,False,False,False,0,False,False,False,False,False,False,False,True,False,False,False,False,False,False,False,False,False,False,7,32,True,False,False,False,False,False,False,False,False,False,False,False,False,True,True,False,False,1,2.1616043115855488e-05,0.0021616043115855487,False,<50%
aa0740796673ad44a7d4b47c3787242a,,,,,,,,,,,,,,12/28/23 9:31:44,1743215784,aa0740796673ad44a7d4b47c3787242a,\Windows\System32\config\systemprofile\AppData\Local\aa0740796673ad44a7d4b47c3787242a,Basic_Info_Changed / Compression_Changed / Data_Overwritten / Content_Indexed_Attr_Changed,Normal,Archive / Compressed,,0x000400000000C686,0x0001000000000E62,,,,0,2,False,True,0.5,False,aa0740796673ad44a7d4b47c3787242a,\Windows\System32\config\systemprofile\AppData\Local\aa0740796673ad44a7d4b47c3787242a,False,False,False,False,0,False,False,False,False,False,False,False,True,False,False,False,False,False,False,False,False,False,False,7,32,True,False,False,False,False,False,False,False,False,False,False,False,False,True,True,False,False,1,2.1616043115855488e-05,0.0021616043115855487,False,<50%
aa957950cd9546e5906bca761cfb4bc6_1,,,,,,,,,,,,,,12/28/23 1:06:00,1736171088,aa957950cd9546e5906bca761cfb4bc6_1,\Users\blueangel\AppData\Local\Packages\Microsoft.Windows.ContentDeliveryManager_cw5n1h2txyewy\LocalState\TargetedContentCache\v3\280810\aa957950cd9546e5906bca761cfb4bc6_1,Basic_Info_Changed / File_Renamed_New / Access_Right_Changed,Normal,Archive,,0x000300000000C34F,0x0004000000003727,,,,0,4,False,True,0.5,False,aa957950cd9546e5906bca761cfb4bc6_1,\Users\blueangel\AppData\Local\Packages\Microsoft.Windows.ContentDeliveryManager_cw5n1h2txyewy\LocalState\TargetedContentCache\v3\280810\aa957950cd9546e5906bca761cfb4bc6_1,False,False,False,False,0,False,False,False,False,False,False,False,True,False,False,False,False,False,False,False,False,False,False,11,34,True,False,False,False,False,False,False,False,False,False,False,False,False,False,True,False,False,1,2.1877626505125618e-05,0.0021877626505125616,False,<50%
aa957950cd9546e5906bca761cfb4bc6_1.~tmp,,,,,,,,,,,,,,12/28/23 1:06:00,1736169888,aa957950cd9546e5906bca761cfb4bc6_1.~tmp,\Users\blueangel\AppData\Local\Packages\Microsoft.Windows.ContentDeliveryManager_cw5n1h2txyewy\LocalState\TargetedContentCache\v3\280810\aa957950cd9546e5906bca761cfb4bc6_1.~tmp,Basic_Info_Changed,Normal,Archive,,0x000300000000C34F,0x0004000000003727,,,,0,6,False,True,0.5,False,aa957950cd9546e5906bca761cfb4bc6_1.~tmp,\Users\blueangel\AppData\Local\Packages\Microsoft.Windows.ContentDeliveryManager_cw5n1h2txyewy\LocalState\TargetedContentCache\v3\280810\aa957950cd9546e5906bca761cfb4bc6_1.~tmp,False,False,False,False,0,False,False,False,False,False,False,False,True,False,False,False,False,False,False,False,False,False,False,11,39,True,True,False,False,False,False,False,False,False,False,False,False,False,True,True,False,False,1,2.1883217742821573e-05,0.0021883217742821575,False,<50%
aaf26ab917feb349901703f80f0dec22,,,,,,,,,,,,,,12/28/23 9:31:44,1743210200,aaf26ab917feb349901703f80f0dec22,\Windows\System32\config\systemprofile\AppData\Local\aaf26ab917feb349901703f80f0dec22,Basic_Info_Changed / Compression_Changed / Data_Overwritten / Content_Indexed_Attr_Changed,Normal,Archive / Compressed,,0x000400000000C67E,0x0001000000000E62,,,,0,2,False,True,0.5,False,aaf26ab917feb349901703f80f0dec22,\Windows\System32\config\systemprofile\AppData\Local\aaf26ab917feb349901703f80f0dec22,False,False,False,False,0,False,False,False,False,False,False,False,True,False,False,False,False,False,False,False,False,False,False,7,32,True,False,False,False,False,False,False,False,False,False,False,False,False,True,True,False,False,1,2.1616043115855488e-05,0.0021616043115855487,False,<50%
ab288e3c5825914aa47e86baca03b605,,,,,,,,,,,,,,12/28/23 9:31:45,1743278672,ab288e3c5825914aa47e86baca03b605,\Windows\System32\config\systemprofile\AppData\Local\ab288e3c5825914aa47e86baca03b605,Basic_Info_Changed / Compression_Changed / Data_Overwritten / Content_Indexed_Attr_Changed,Normal,Archive / Compressed,,0x001700000000C695,0x0001000000000E62,,,,0,2,False,True,0.5,False,ab288e3c5825914aa47e86baca03b605,\Windows\System32\config\systemprofile\AppData\Local\ab288e3c5825914aa47e86baca03b605,False,False,False,False,0,False,False,False,False,False,False,False,True,False,False,False,False,False,False,False,False,False,False,7,32,True,False,False,False,False,False,False,False,False,False,False,False,False,True,True,False,False,1,2.1616043115855488e-05,0.0021616043115855487,False,<50%
acc9e36fd0d76845a0791f380a25ad84,,,,,,,,,,,,,,12/28/23 9:31:44,1743249872,acc9e36fd0d76845a0791f380a25ad84,\Windows\System32\config\systemprofile\AppData\Local\acc9e36fd0d76845a0791f380a25ad84,Basic_Info_Changed / Compression_Changed / Data_Overwritten / Content_Indexed_Attr_Changed,Normal,Archive / Compressed,,0x000400000000C694,0x0001000000000E62,,,,0,2,False,True,0.5,False,acc9e36fd0d76845a0791f380a25ad84,\Windows\System32\config\systemprofile\AppData\Local\acc9e36fd0d76845a0791f380a25ad84,False,False,False,False,0,False,False,False,False,False,False,False,True,False,False,False,False,False,False,False,False,False,False,7,32,True,False,False,False,False,False,False,False,False,False,False,False,False,True,True,False,False,1,2.1616043115855488e-05,0.0021616043115855487,False,<50%
accessible.tlb,,,,,,,,,,,,,,12/27/23 3:39:31,1720403288,Accessible.tlb,\Program Files\Mozilla Firefox\Accessible.tlb,File_Created / Basic_Info_Changed / Data_Added / Data_Overwritten,Normal,Archive,,0x0005000000002125,0x012600000000389E,,,,0,2,False,True,0.5,False,Accessible.tlb,\Program Files\Mozilla Firefox\Accessible.tlb,False,False,False,False,0,False,False,False,False,False,False,False,True,False,False,False,False,False,False,False,False,False,False,3,14,False,True,False,False,False,False,False,False,False,False,False,False,False,False,False,True,False,1,2.187793651320593e-05,0.002187793651320593,False,<50%
accessiblehandler.dll,,,,,,,,,,,,,,12/27/23 3:39:31,1720403776,AccessibleHandler.dll,\Program Files\Mozilla Firefox\AccessibleHandler.dll,File_Created / Basic_Info_Changed / Data_Added / Data_Overwritten,Normal,Archive,,0x000D00000000717A,0x012600000000389E,,,,0,2,False,True,0.5,False,AccessibleHandler.dll,\Program Files\Mozilla Firefox\AccessibleHandler.dll,False,False,False,False,0,False,False,False,False,False,False,False,True,False,False,False,False,False,True,False,False,False,True,3,21,False,True,False,False,False,False,False,False,False,False,False,False,False,False,False,True,False,1,2.187794344483858e-05,0.002187794344483858,False,<50%
accessiblemarshal.dll,,,,,,,,,,,,,,12/27/23 3:39:31,1720404296,AccessibleMarshal.dll,\Program Files\Mozilla Firefox\AccessibleMarshal.dll,File_Created / Basic_Info_Changed / Data_Added / Data_Overwritten,Normal,Archive,,0x0006000000007192,0x012600000000389E,,,,0,2,False,True,0.5,False,AccessibleMarshal.dll,\Program Files\Mozilla Firefox\AccessibleMarshal.dll,False,False,False,False,0,False,False,False,False,False,False,False,True,False,False,False,False,False,True,False,False,False,True,3,21,False,True,False,False,False,False,False,False,False,False,False,False,False,False,False,True,False,1,2.187794344483858e-05,0.002187794344483858,False,<50%
aff8193fb0a8ea45a5f17e4ed275bb3c,,,,,,,,,,,,,,12/28/23 9:31:44,1743258192,aff8193fb0a8ea45a5f17e4ed275bb3c,\Windows\System32\config\systemprofile\AppData\Local\aff8193fb0a8ea45a5f17e4ed275bb3c,Basic_Info_Changed / Compression_Changed / Data_Overwritten / Content_Indexed_Attr_Changed,Normal,Archive / Compressed,,0x000800000000C695,0x0001000000000E62,,,,0,2,False,True,0.5,False,aff8193fb0a8ea45a5f17e4ed275bb3c,\Windows\System32\config\systemprofile\AppData\Local\aff8193fb0a8ea45a5f17e4ed275bb3c,False,False,False,False,0,False,False,False,False,False,False,False,True,False,False,False,False,False,False,False,False,False,False,7,32,True,False,False,False,False,False,False,False,False,False,False,False,False,True,True,False,False,1,2.1616043115855488e-05,0.0021616043115855487,False,<50%
amcache.hve,,,,,,,,,,,,,,12/28/23 8:51:12,1742220232,Amcache.hve,\Windows\appcompat\Programs\Amcache.hve,Basic_Info_Changed / Data_Overwritten,Normal,Archive,,0x00030000000258A2,0x0001000000000666,,,,0,4,False,True,0.5,False,Amcache.hve,\Windows\appcompat\Programs\Amcache.hve,False,False,False,False,0,False,False,False,False,False,False,False,True,False,False,False,False,False,False,False,False,False,False,4,11,False,True,False,False,False,False,False,False,False,False,False,False,False,False,True,False,False,1,2.187762651145167e-05,0.002187762651145167,False,<50%
api-ms-win-core-file-l1-2-0.dll,,,,,,,,,,,,,,12/27/23 3:39:31,1720404888,api-ms-win-core-file-l1-2-0.dll,\Program Files\Mozilla Firefox\api-ms-win-core-file-l1-2-0.dll,File_Created / Basic_Info_Changed / Data_Added / Data_Overwritten,Normal,Archive,,0x00100000000072CB,0x012600000000389E,,,,0,2,False,True,0.5,False,api-ms-win-core-file-l1-2-0.dll,\Program Files\Mozilla Firefox\api-ms-win-core-file-l1-2-0.dll,False,False,False,False,0,False,False,False,False,False,False,False,True,False,False,False,False,False,True,False,False,False,True,3,31,False,True,False,False,False,False,False,False,False,False,False,False,False,False,False,True,False,1,2.187794344483858e-05,0.002187794344483858,False,<50%
api-ms-win-core-file-l2-1-0.dll,,,,,,,,,,,,,,12/27/23 3:39:31,1720405528,api-ms-win-core-file-l2-1-0.dll,\Program Files\Mozilla Firefox\api-ms-win-core-file-l2-1-0.dll,File_Created / Basic_Info_Changed / Data_Added / Data_Overwritten,Normal,Archive,,0x00180000000073C3,0x012600000000389E,,,,0,2,False,True,0.5,False,api-ms-win-core-file-l2-1-0.dll,\Program Files\Mozilla Firefox\api-ms-win-core-file-l2-1-0.dll,False,False,False,False,0,False,False,False,False,False,False,False,True,False,False,False,False,False,True,False,False,False,True,3,31,False,True,False,False,False,False,False,False,False,False,False,False,False,False,False,True,False,1,2.187794344483858e-05,0.002187794344483858,False,<50%
api-ms-win-core-localization-l1-2-0.dll,,,,,,,,,,,,,,12/27/23 3:39:31,1720406304,api-ms-win-core-localization-l1-2-0.dll,\Program Files\Mozilla Firefox\api-ms-win-core-localization-l1-2-0.dll,File_Created / Basic_Info_Changed / Data_Added / Data_Overwritten,Normal,Archive,,0x0015000000007459,0x012600000000389E,,,,0,2,False,True,0.5,False,api-ms-win-core-localization-l1-2-0.dll,\Program Files\Mozilla Firefox\api-ms-win-core-localization-l1-2-0.dll,False,False,False,False,0,False,False,False,False,False,False,False,True,False,False,False,False,False,True,False,False,False,True,3,39,False,True,False,False,False,False,False,False,False,False,False,False,False,False,False,True,False,1,2.0381437224467592e-05,0.002038143722446759,False,<50%
api-ms-win-core-processthreads-l1-1-1.dll,,,,,,,,,,,,,,12/27/23 3:39:31,1720407024,api-ms-win-core-processthreads-l1-1-1.dll,\Program Files\Mozilla Firefox\api-ms-win-core-processthreads-l1-1-1.dll,File_Created / Basic_Info_Changed / Data_Added / Data_Overwritten,Normal,Archive,,0x00440000000075F2,0x012600000000389E,,,,0,2,False,True,0.5,False,api-ms-win-core-processthreads-l1-1-1.dll,\Program Files\Mozilla Firefox\api-ms-win-core-processthreads-l1-1-1.dll,False,False,False,False,0,False,False,False,False,False,False,False,True,False,False,False,False,False,True,False,False,False,True,3,41,False,True,False,False,False,False,False,False,False,False,False,False,False,False,False,True,False,1,2.0381437224467592e-05,0.002038143722446759,False,<50%
api-ms-win-core-synch-l1-2-0.dll,,,,,,,,,,,,,,12/27/23 3:39:31,1720407696,api-ms-win-core-synch-l1-2-0.dll,\Program Files\Mozilla Firefox\api-ms-win-core-synch-l1-2-0.dll,File_Created / Basic_Info_Changed / Data_Added / Data_Overwritten,Normal,Archive,,0x000F000000007661,0x012600000000389E,,,,0,2,False,True,0.5,False,api-ms-win-core-synch-l1-2-0.dll,\Program Files\Mozilla Firefox\api-ms-win-core-synch-l1-2-0.dll,False,False,False,False,0,False,False,False,False,False,False,False,True,False,False,False,False,False,True,False,False,False,True,3,32,False,True,False,False,False,False,False,False,False,False,False,False,False,False,False,True,False,1,2.187794344483858e-05,0.002187794344483858,False,<50%
api-ms-win-core-timezone-l1-1-0.dll,,,,,,,,,,,,,,12/27/23 3:39:31,1720408360,api-ms-win-core-timezone-l1-1-0.dll,\Program Files\Mozilla Firefox\api-ms-win-core-timezone-l1-1-0.dll,File_Created / Basic_Info_Changed / Data_Added / Data_Overwritten,Normal,Archive,,0x0012000000007708,0x012600000000389E,,,,0,2,False,True,0.5,False,api-ms-win-core-timezone-l1-1-0.dll,\Program Files\Mozilla Firefox\api-ms-win-core-timezone-l1-1-0.dll,False,False,False,False,0,False,False,False,False,False,False,False,True,False,False,False,False,False,True,False,False,False,True,3,35,False,True,False,False,False,False,False,False,False,False,False,False,False,False,False,True,False,1,2.0362348958356768e-05,0.002036234895835677,False,<50%
api-ms-win-crt-conio-l1-1-0.dll,,,,,,,,,,,,,,12/27/23 3:39:31,1720409016,api-ms-win-crt-conio-l1-1-0.dll,\Program Files\Mozilla Firefox\api-ms-win-crt-conio-l1-1-0.dll,File_Created / Basic_Info_Changed / Data_Added / Data_Overwritten,Normal,Archive,,0x0009000000007720,0x012600000000389E,,,,0,2,False,True,0.5,False,api-ms-win-crt-conio-l1-1-0.dll,\Program Files\Mozilla Firefox\api-ms-win-crt-conio-l1-1-0.dll,False,False,False,False,0,False,False,False,False,False,False,False,True,False,False,False,False,False,True,False,False,False,True,3,31,False,True,False,False,False,False,False,False,False,False,False,False,False,False,False,True,False,1,2.187794344483858e-05,0.002187794344483858,False,<50%
api-ms-win-crt-convert-l1-1-0.dll,,,,,,,,,,,,,,12/27/23 3:39:31,1720409656,api-ms-win-crt-convert-l1-1-0.dll,\Program Files\Mozilla Firefox\api-ms-win-crt-convert-l1-1-0.dll,File_Created / Basic_Info_Changed / Data_Added / Data_Overwritten,Normal,Archive,,0x001B0000000077A6,0x012600000000389E,,,,0,2,False,True,0.5,False,api-ms-win-crt-convert-l1-1-0.dll,\Program Files\Mozilla Firefox\api-ms-win-crt-convert-l1-1-0.dll,False,False,False,False,0,False,False,False,False,False,False,False,True,False,False,False,False,False,True,False,False,False,True,3,33,False,True,False,False,False,False,False,False,False,False,False,False,False,False,False,True,False,1,2.187794344483858e-05,0.002187794344483858,False,<50%
api-ms-win-crt-environment-l1-1-0.dll,,,,,,,,,,,,,,12/27/23 3:39:31,1720410384,api-ms-win-crt-environment-l1-1-0.dll,\Program Files\Mozilla Firefox\api-ms-win-crt-environment-l1-1-0.dll,File_Created / Basic_Info_Changed / Data_Added / Data_Overwritten,Normal,Archive,,0x00240000000077C0,0x012600000000389E,,,,0,2,False,True,0.5,False,api-ms-win-crt-environment-l1-1-0.dll,\Program Files\Mozilla Firefox\api-ms-win-crt-environment-l1-1-0.dll,False,False,False,False,0,False,False,False,False,False,False,False,True,False,False,False,False,False,True,False,False,False,True,3,37,False,True,False,False,False,False,False,False,False,False,False,False,False,False,False,True,False,1,2.0381437224467592e-05,0.002038143722446759,False,<50%
api-ms-win-crt-filesystem-l1-1-0.dll,,,,,,,,,,,,,,12/27/23 3:39:31,1720411064,api-ms-win-crt-filesystem-l1-1-0.dll,\Program Files\Mozilla Firefox\api-ms-win-crt-filesystem-l1-1-0.dll,File_Created / Basic_Info_Changed / Data_Added / Data_Overwritten,Normal,Archive,,0x000D0000000077D1,0x012600000000389E,,,,0,2,False,True,0.5,False,api-ms-win-crt-filesystem-l1-1-0.dll,\Program Files\Mozilla Firefox\api-ms-win-crt-filesystem-l1-1-0.dll,False,False,False,False,0,False,False,False,False,False,False,False,True,False,False,False,False,False,True,False,False,False,True,3,36,False,True,False,False,False,False,False,False,False,False,False,False,False,False,False,True,False,1,2.0381437224467592e-05,0.002038143722446759,False,<50%
api-ms-win-crt-heap-l1-1-0.dll,,,,,,,,,,,,,,12/27/23 3:39:31,1720411696,api-ms-win-crt-heap-l1-1-0.dll,\Program Files\Mozilla Firefox\api-ms-win-crt-heap-l1-1-0.dll,File_Created / Basic_Info_Changed / Data_Added / Data_Overwritten,Normal,Archive,,0x001A000000007BEA,0x012600000000389E,,,,0,2,False,True,0.5,False,api-ms-win-crt-heap-l1-1-0.dll,\Program Files\Mozilla Firefox\api-ms-win-crt-heap-l1-1-0.dll,False,False,False,False,0,False,False,False,False,False,False,False,True,False,False,False,False,False,True,False,False,False,True,3,30,False,True,False,False,False,False,False,False,False,False,False,False,False,False,False,True,False,1,2.187794344483858e-05,0.002187794344483858,False,<50%
api-ms-win-crt-locale-l1-1-0.dll,,,,,,,,,,,,,,12/27/23 3:39:31,1720412320,api-ms-win-crt-locale-l1-1-0.dll,\Program Files\Mozilla Firefox\api-ms-win-crt-locale-l1-1-0.dll,File_Created / Basic_Info_Changed / Data_Added / Data_Overwritten,Normal,Archive,,0x0061000000007C01,0x012600000000389E,,,,0,2,False,True,0.5,False,api-ms-win-crt-locale-l1-1-0.dll,\Program Files\Mozilla Firefox\api-ms-win-crt-locale-l1-1-0.dll,False,False,False,False,0,False,False,False,False,False,False,False,True,False,False,False,False,False,True,False,False,False,True,3,32,False,True,False,False,False,False,False,False,False,False,False,False,False,False,False,True,False,1,2.187794344483858e-05,0.002187794344483858,False,<50%
api-ms-win-crt-math-l1-1-0.dll,,,,,,,,,,,,,,12/27/23 3:39:31,1720412936,api-ms-win-crt-math-l1-1-0.dll,\Program Files\Mozilla Firefox\api-ms-win-crt-math-l1-1-0.dll,File_Created / Basic_Info_Changed / Data_Added / Data_Overwritten,Normal,Archive,,0x0007000000007C18,0x012600000000389E,,,,0,2,False,True,0.5,False,api-ms-win-crt-math-l1-1-0.dll,\Program Files\Mozilla Firefox\api-ms-win-crt-math-l1-1-0.dll,False,False,False,False,0,False,False,False,False,False,False,False,True,False,False,False,False,False,True,False,False,False,True,3,30,False,True,False,False,False,False,False,False,False,False,False,False,False,False,False,True,False,1,2.187794344483858e-05,0.002187794344483858,False,<50%
api-ms-win-crt-multibyte-l1-1-0.dll,,,,,,,,,,,,,,12/27/23 3:39:31,1720413584,api-ms-win-crt-multibyte-l1-1-0.dll,\Program Files\Mozilla Firefox\api-ms-win-crt-multibyte-l1-1-0.dll,File_Created / Basic_Info_Changed / Data_Added / Data_Overwritten,Normal,Archive,,0x0023000000007C92,0x012600000000389E,,,,0,2,False,True,0.5,False,api-ms-win-crt-multibyte-l1-1-0.dll,\Program Files\Mozilla Firefox\api-ms-win-crt-multibyte-l1-1-0.dll,False,False,False,False,0,False,False,False,False,False,False,False,True,False,False,False,False,False,True,False,False,False,True,3,35,False,True,False,False,False,False,False,False,False,False,False,False,False,False,False,True,False,1,2.0362348958356768e-05,0.002036234895835677,False,<50%
api-ms-win-crt-private-l1-1-0.dll,,,,,,,,,,,,,,12/27/23 3:39:31,1720414336,api-ms-win-crt-private-l1-1-0.dll,\Program Files\Mozilla Firefox\api-ms-win-crt-private-l1-1-0.dll,File_Created / Basic_Info_Changed / Data_Added / Data_Overwritten,Normal,Archive,,0x001C000000007CA4,0x012600000000389E,,,,0,2,False,True,0.5,False,api-ms-win-crt-private-l1-1-0.dll,\Program Files\Mozilla Firefox\api-ms-win-crt-private-l1-1-0.dll,False,False,False,False,0,False,False,False,False,False,False,False,True,False,False,False,False,False,True,False,False,False,True,3,33,False,True,False,False,False,False,False,False,False,False,False,False,False,False,False,True,False,1,2.187794344483858e-05,0.002187794344483858,False,<50%
api-ms-win-crt-process-l1-1-0.dll,,,,,,,,,,,,,,12/27/23 3:39:31,1720414976,api-ms-win-crt-process-l1-1-0.dll,\Program Files\Mozilla Firefox\api-ms-win-crt-process-l1-1-0.dll,File_Created / Basic_Info_Changed / Data_Added / Data_Overwritten,Normal,Archive,,0x001A000000007CDC,0x012600000000389E,,,,0,2,False,True,0.5,False,api-ms-win-crt-process-l1-1-0.dll,\Program Files\Mozilla Firefox\api-ms-win-crt-process-l1-1-0.dll,False,False,False,False,0,False,False,False,False,False,False,False,True,False,False,False,False,False,True,False,False,False,True,3,33,False,True,False,False,False,False,False,False,False,False,False,False,False,False,False,True,False,1,2.187794344483858e-05,0.002187794344483858,False,<50%
api-ms-win-crt-runtime-l1-1-0.dll,,,,,,,,,,,,,,12/27/23 3:39:31,1720415616,api-ms-win-crt-runtime-l1-1-0.dll,\Program Files\Mozilla Firefox\api-ms-win-crt-runtime-l1-1-0.dll,File_Created / Basic_Info_Changed / Data_Added / Data_Overwritten,Normal,Archive,,0x0023000000007D33,0x012600000000389E,,,,0,2,False,True,0.5,False,api-ms-win-crt-runtime-l1-1-0.dll,\Program Files\Mozilla Firefox\api-ms-win-crt-runtime-l1-1-0.dll,False,False,False,False,0,False,False,False,False,False,False,False,True,False,False,False,False,False,True,False,False,False,True,3,33,False,True,False,False,False,False,False,False,False,False,False,False,False,False,False,True,False,1,2.187794344483858e-05,0.002187794344483858,False,<50%
api-ms-win-crt-stdio-l1-1-0.dll,,,,,,,,,,,,,,12/27/23 3:39:31,1720416256,api-ms-win-crt-stdio-l1-1-0.dll,\Program Files\Mozilla Firefox\api-ms-win-crt-stdio-l1-1-0.dll,File_Created / Basic_Info_Changed / Data_Added / Data_Overwritten,Normal,Archive,,0x0009000000007D64,0x012600000000389E,,,,0,2,False,True,0.5,False,api-ms-win-crt-stdio-l1-1-0.dll,\Program Files\Mozilla Firefox\api-ms-win-crt-stdio-l1-1-0.dll,False,False,False,False,0,False,False,False,False,False,False,False,True,False,False,False,False,False,True,False,False,False,True,3,31,False,True,False,False,False,False,False,False,False,False,False,False,False,False,False,True,False,1,2.187794344483858e-05,0.002187794344483858,False,<50%
api-ms-win-crt-string-l1-1-0.dll,,,,,,,,,,,,,,12/27/23 3:39:31,1720416896,api-ms-win-crt-string-l1-1-0.dll,\Program Files\Mozilla Firefox\api-ms-win-crt-string-l1-1-0.dll,File_Created / Basic_Info_Changed / Data_Added / Data_Overwritten,Normal,Archive,,0x0005000000007D6D,0x012600000000389E,,,,0,2,False,True,0.5,False,api-ms-win-crt-string-l1-1-0.dll,\Program Files\Mozilla Firefox\api-ms-win-crt-string-l1-1-0.dll,False,False,False,False,0,False,False,False,False,False,False,False,True,False,False,False,False,False,True,False,False,False,True,3,32,False,True,False,False,False,False,False,False,False,False,False,False,False,False,False,True,False,1,2.187794344483858e-05,0.002187794344483858,False,<50%
api-ms-win-crt-time-l1-1-0.dll,,,,,,,,,,,,,,12/27/23 3:39:31,1720417512,api-ms-win-crt-time-l1-1-0.dll,\Program Files\Mozilla Firefox\api-ms-win-crt-time-l1-1-0.dll,File_Created / Basic_Info_Changed / Data_Added / Data_Overwritten,Normal,Archive,,0x001E000000007E12,0x012600000000389E,,,,0,2,False,True,0.5,False,api-ms-win-crt-time-l1-1-0.dll,\Program Files\Mozilla Firefox\api-ms-win-crt-time-l1-1-0.dll,False,False,False,False,0,False,False,False,False,False,False,False,True,False,False,False,False,False,True,False,False,False,True,3,30,False,True,False,False,False,False,False,False,False,False,False,False,False,False,False,True,False,1,2.187794344483858e-05,0.002187794344483858,False,<50%
api-ms-win-crt-utility-l1-1-0.dll,,,,,,,,,,,,,,12/27/23 3:39:31,1720418136,api-ms-win-crt-utility-l1-1-0.dll,\Program Files\Mozilla Firefox\api-ms-win-crt-utility-l1-1-0.dll,File_Created / Basic_Info_Changed / Data_Added / Data_Overwritten,Normal,Archive,,0x000B000000007ED9,0x012600000000389E,,,,0,2,False,True,0.5,False,api-ms-win-crt-utility-l1-1-0.dll,\Program Files\Mozilla Firefox\api-ms-win-crt-utility-l1-1-0.dll,False,False,False,False,0,False,False,False,False,False,False,False,True,False,False,False,False,False,True,False,False,False,True,3,33,False,True,False,False,False,False,False,False,False,False,False,False,False,False,False,True,False,1,2.187794344483858e-05,0.002187794344483858,False,<50%
appcache133480966698083445.txt,,,,,,,,,,,,,,12/27/23 4:37:50,1721245304,AppCache133480966698083445.txt,\Users\blueangel\AppData\Local\Packages\Microsoft.Windows.Search_cw5n1h2txyewy\LocalState\DeviceSearchCache\AppCache133480966698083445.txt,Basic_Info_Changed / File_Renamed_New / Access_Right_Changed,Normal,Archive,,0x000400000000C09D,0x000200000001A774,,,,0,2,False,True,0.5,False,AppCache133480966698083445.txt,\Users\blueangel\AppData\Local\Packages\Microsoft.Windows.Search_cw5n1h2txyewy\LocalState\DeviceSearchCache\AppCache133480966698083445.txt,False,False,False,False,0,False,False,False,False,False,False,False,True,False,False,False,False,False,False,False,True,False,False,9,30,True,True,False,False,False,False,False,False,False,False,False,False,False,False,True,False,False,1,2.1877626503037973e-05,0.002187762650303797,False,<50%
appcache133480966698083445.txt.~tmp,,,,,,,,,,,,,,12/27/23 4:37:50,1721244168,AppCache133480966698083445.txt.~tmp,\Users\blueangel\AppData\Local\Packages\Microsoft.Windows.Search_cw5n1h2txyewy\LocalState\DeviceSearchCache\AppCache133480966698083445.txt.~tmp,Basic_Info_Changed,Normal,Archive,,0x000400000000C09D,0x000200000001A774,,,,0,3,False,True,0.5,False,AppCache133480966698083445.txt.~tmp,\Users\blueangel\AppData\Local\Packages\Microsoft.Windows.Search_cw5n1h2txyewy\LocalState\DeviceSearchCache\AppCache133480966698083445.txt.~tmp,False,False,False,False,0,False,False,False,False,False,False,False,True,False,False,False,False,False,False,False,False,False,False,9,35,True,True,False,False,False,False,False,False,False,False,False,False,False,True,True,False,False,1,2.1883328865689696e-05,0.0021883328865689696,False,<50%
appcache133481110699941172.txt,,,,,,,,,,,,,,12/27/23 8:37:50,1724294528,AppCache133481110699941172.txt,\Users\blueangel\AppData\Local\Packages\Microsoft.Windows.Search_cw5n1h2txyewy\LocalState\DeviceSearchCache\AppCache133481110699941172.txt,Basic_Info_Changed / File_Renamed_New / Access_Right_Changed,Normal,Archive,,0x00AF00000000C111,0x000200000001A774,,,,0,2,False,True,0.5,False,AppCache133481110699941172.txt,\Users\blueangel\AppData\Local\Packages\Microsoft.Windows.Search_cw5n1h2txyewy\LocalState\DeviceSearchCache\AppCache133481110699941172.txt,False,False,False,False,0,False,False,False,False,False,False,False,True,False,False,False,False,False,False,False,True,False,False,9,30,True,True,False,False,False,False,False,False,False,False,False,False,False,False,True,False,False,1,2.1877626503037973e-05,0.002187762650303797,False,<50%
appcache133481110699941172.txt.~tmp,,,,,,,,,,,,,,12/27/23 8:37:50,1724293392,AppCache133481110699941172.txt.~tmp,\Users\blueangel\AppData\Local\Packages\Microsoft.Windows.Search_cw5n1h2txyewy\LocalState\DeviceSearchCache\AppCache133481110699941172.txt.~tmp,Basic_Info_Changed,Normal,Archive,,0x00AF00000000C111,0x000200000001A774,,,,0,3,False,True,0.5,False,AppCache133481110699941172.txt.~tmp,\Users\blueangel\AppData\Local\Packages\Microsoft.Windows.Search_cw5n1h2txyewy\LocalState\DeviceSearchCache\AppCache133481110699941172.txt.~tmp,False,False,False,False,0,False,False,False,False,False,False,False,True,False,False,False,False,False,False,False,False,False,False,9,35,True,True,False,False,False,False,False,False,False,False,False,False,False,True,True,False,False,1,2.1883328865689696e-05,0.0021883328865689696,False,<50%
appcache133481183736899136.txt,,,,,,,,,,,,,,12/27/23 10:39:34,1725924040,AppCache133481183736899136.txt,\Users\blueangel\AppData\Local\Packages\Microsoft.Windows.Search_cw5n1h2txyewy\LocalState\DeviceSearchCache\AppCache133481183736899136.txt,Basic_Info_Changed / File_Renamed_New / Access_Right_Changed,Normal,Archive,,0x000C00000000C189,0x000200000001A774,,,,0,2,False,True,0.5,False,AppCache133481183736899136.txt,\Users\blueangel\AppData\Local\Packages\Microsoft.Windows.Search_cw5n1h2txyewy\LocalState\DeviceSearchCache\AppCache133481183736899136.txt,False,False,False,False,0,False,False,False,False,False,False,False,True,False,False,False,False,False,False,False,True,False,False,9,30,True,True,False,False,False,False,False,False,False,False,False,False,False,False,True,False,False,1,2.1877626503037973e-05,0.002187762650303797,False,<50%
appcache133481183736899136.txt.~tmp,,,,,,,,,,,,,,12/27/23 10:39:34,1725922856,AppCache133481183736899136.txt.~tmp,\Users\blueangel\AppData\Local\Packages\Microsoft.Windows.Search_cw5n1h2txyewy\LocalState\DeviceSearchCache\AppCache133481183736899136.txt.~tmp,Basic_Info_Changed,Normal,Archive,,0x000C00000000C189,0x000200000001A774,,,,0,3,False,True,0.5,False,AppCache133481183736899136.txt.~tmp,\Users\blueangel\AppData\Local\Packages\Microsoft.Windows.Search_cw5n1h2txyewy\LocalState\DeviceSearchCache\AppCache133481183736899136.txt.~tmp,False,False,False,False,0,False,False,False,False,False,False,False,True,False,False,False,False,False,False,False,False,False,False,9,35,True,True,False,False,False,False,False,False,False,False,False,False,False,True,True,False,False,1,2.1883328865689696e-05,0.0021883328865689696,False,<50%
appcache133481254701774756.txt,,,,,,,,,,,,,,12/27/23 12:37:50,1727501832,AppCache133481254701774756.txt,\Users\blueangel\AppData\Local\Packages\Microsoft.Windows.Search_cw5n1h2txyewy\LocalState\DeviceSearchCache\AppCache133481254701774756.txt,Basic_Info_Changed / File_Renamed_New / Access_Right_Changed,Normal,Archive,,0x004F00000000C1DF,0x000200000001A774,,,,0,2,False,True,0.5,False,AppCache133481254701774756.txt,\Users\blueangel\AppData\Local\Packages\Microsoft.Windows.Search_cw5n1h2txyewy\LocalState\DeviceSearchCache\AppCache133481254701774756.txt,False,False,False,False,0,False,False,False,False,False,False,False,True,False,False,False,False,False,False,False,True,False,False,9,30,True,True,False,False,False,False,False,False,False,False,False,False,False,False,True,False,False,1,2.1877626503037973e-05,0.002187762650303797,False,<50%
appcache133481254701774756.txt.~tmp,,,,,,,,,,,,,,12/27/23 12:37:50,1727500696,AppCache133481254701774756.txt.~tmp,\Users\blueangel\AppData\Local\Packages\Microsoft.Windows.Search_cw5n1h2txyewy\LocalState\DeviceSearchCache\AppCache133481254701774756.txt.~tmp,Basic_Info_Changed,Normal,Archive,,0x004F00000000C1DF,0x000200000001A774,,,,0,3,False,True,0.5,False,AppCache133481254701774756.txt.~tmp,\Users\blueangel\AppData\Local\Packages\Microsoft.Windows.Search_cw5n1h2txyewy\LocalState\DeviceSearchCache\AppCache133481254701774756.txt.~tmp,False,False,False,False,0,False,False,False,False,False,False,False,True,False,False,False,False,False,False,False,False,False,False,9,35,True,True,False,False,False,False,False,False,False,False,False,False,False,True,True,False,False,1,2.1883328865689696e-05,0.0021883328865689696,False,<50%
appcache133481398703017090.txt,,,,,,,,,,,,,,12/27/23 16:37:50,1730618616,AppCache133481398703017090.txt,\Users\blueangel\AppData\Local\Packages\Microsoft.Windows.Search_cw5n1h2txyewy\LocalState\DeviceSearchCache\AppCache133481398703017090.txt,Basic_Info_Changed / File_Renamed_New / Access_Right_Changed,Normal,Archive,,0x000300000000C234,0x000200000001A774,,,,0,2,False,True,0.5,False,AppCache133481398703017090.txt,\Users\blueangel\AppData\Local\Packages\Microsoft.Windows.Search_cw5n1h2txyewy\LocalState\DeviceSearchCache\AppCache133481398703017090.txt,False,False,False,False,0,False,False,False,False,False,False,False,True,False,False,False,False,False,False,False,True,False,False,9,30,True,True,False,False,False,False,False,False,False,False,False,False,False,False,True,False,False,1,2.1877626503037973e-05,0.002187762650303797,False,<50%
appcache133481398703017090.txt.~tmp,,,,,,,,,,,,,,12/27/23 16:37:50,1730617480,AppCache133481398703017090.txt.~tmp,\Users\blueangel\AppData\Local\Packages\Microsoft.Windows.Search_cw5n1h2txyewy\LocalState\DeviceSearchCache\AppCache133481398703017090.txt.~tmp,Basic_Info_Changed,Normal,Archive,,0x000300000000C234,0x000200000001A774,,,,0,3,False,True,0.5,False,AppCache133481398703017090.txt.~tmp,\Users\blueangel\AppData\Local\Packages\Microsoft.Windows.Search_cw5n1h2txyewy\LocalState\DeviceSearchCache\AppCache133481398703017090.txt.~tmp,False,False,False,False,0,False,False,False,False,False,False,False,True,False,False,False,False,False,False,False,False,False,False,9,35,True,True,False,False,False,False,False,False,False,False,False,False,False,True,True,False,False,1,2.1883328865689696e-05,0.0021883328865689696,False,<50%
appcache133481542704080245.txt,,,,,,,,,,,,,,12/27/23 20:37:51,1733725264,AppCache133481542704080245.txt,\Users\blueangel\AppData\Local\Packages\Microsoft.Windows.Search_cw5n1h2txyewy\LocalState\DeviceSearchCache\AppCache133481542704080245.txt,Basic_Info_Changed / File_Renamed_New / Access_Right_Changed,Normal,Archive,,0x000300000000C2AF,0x000200000001A774,,,,0,2,False,True,0.5,False,AppCache133481542704080245.txt,\Users\blueangel\AppData\Local\Packages\Microsoft.Windows.Search_cw5n1h2txyewy\LocalState\DeviceSearchCache\AppCache133481542704080245.txt,False,False,False,False,0,False,False,False,False,False,False,False,True,False,False,False,False,False,False,False,True,False,False,9,30,True,True,False,False,False,False,False,False,False,False,False,False,False,False,True,False,False,1,2.1877626503037973e-05,0.002187762650303797,False,<50%
appcache133481542704080245.txt.~tmp,,,,,,,,,,,,,,12/27/23 20:37:51,1733724128,AppCache133481542704080245.txt.~tmp,\Users\blueangel\AppData\Local\Packages\Microsoft.Windows.Search_cw5n1h2txyewy\LocalState\DeviceSearchCache\AppCache133481542704080245.txt.~tmp,Basic_Info_Changed,Normal,Archive,,0x000300000000C2AF,0x000200000001A774,,,,0,3,False,True,0.5,False,AppCache133481542704080245.txt.~tmp,\Users\blueangel\AppData\Local\Packages\Microsoft.Windows.Search_cw5n1h2txyewy\LocalState\DeviceSearchCache\AppCache133481542704080245.txt.~tmp,False,False,False,False,0,False,False,False,False,False,False,False,True,False,False,False,False,False,False,False,False,False,False,9,35,True,True,False,False,False,False,False,False,False,False,False,False,False,True,True,False,False,1,2.1883328865689696e-05,0.0021883328865689696,False,<50%
appcache133481703543250386.txt,,,,,,,,,,,,,,12/28/23 1:05:56,1736161360,AppCache133481703543250386.txt,\Users\blueangel\AppData\Local\Packages\Microsoft.Windows.Search_cw5n1h2txyewy\LocalState\DeviceSearchCache\AppCache133481703543250386.txt,Basic_Info_Changed / File_Renamed_New / Access_Right_Changed,Normal,Archive,,0x000400000000C34B,0x000200000001A774,,,,0,2,False,True,0.5,False,AppCache133481703543250386.txt,\Users\blueangel\AppData\Local\Packages\Microsoft.Windows.Search_cw5n1h2txyewy\LocalState\DeviceSearchCache\AppCache133481703543250386.txt,False,False,False,False,0,False,False,False,False,False,False,False,True,False,False,False,False,False,False,False,True,False,False,9,30,True,True,False,False,False,False,False,False,False,False,False,False,False,False,True,False,False,1,2.1877626503037973e-05,0.002187762650303797,False,<50%
appcache133481703543250386.txt.~tmp,,,,,,,,,,,,,,12/28/23 1:05:56,1736159792,AppCache133481703543250386.txt.~tmp,\Users\blueangel\AppData\Local\Packages\Microsoft.Windows.Search_cw5n1h2txyewy\LocalState\DeviceSearchCache\AppCache133481703543250386.txt.~tmp,Basic_Info_Changed,Normal,Archive,,0x000400000000C34B,0x000200000001A774,,,,0,3,False,True,0.5,False,AppCache133481703543250386.txt.~tmp,\Users\blueangel\AppData\Local\Packages\Microsoft.Windows.Search_cw5n1h2txyewy\LocalState\DeviceSearchCache\AppCache133481703543250386.txt.~tmp,False,False,False,False,0,False,False,False,False,False,False,False,True,False,False,False,False,False,False,False,False,False,False,9,35,True,True,False,False,False,False,False,False,False,False,False,False,False,True,True,False,False,1,2.1883328865689696e-05,0.0021883328865689696,False,<50%
appcache133481826456981539.txt,,,,,,,,,,,,,,12/28/23 4:30:46,1738857440,AppCache133481826456981539.txt,\Users\blueangel\AppData\Local\Packages\Microsoft.Windows.Search_cw5n1h2txyewy\LocalState\DeviceSearchCache\AppCache133481826456981539.txt,Basic_Info_Changed / File_Renamed_New / Access_Right_Changed,Normal,Archive,,0x000200000000C3E4,0x000200000001A774,,,,0,2,False,True,0.5,False,AppCache133481826456981539.txt,\Users\blueangel\AppData\Local\Packages\Microsoft.Windows.Search_cw5n1h2txyewy\LocalState\DeviceSearchCache\AppCache133481826456981539.txt,False,False,False,False,0,False,False,False,False,False,False,False,True,False,False,False,False,False,False,False,True,False,False,9,30,True,True,False,False,False,False,False,False,False,False,False,False,False,False,True,False,False,1,2.1877626503037973e-05,0.002187762650303797,False,<50%
appcache133481826456981539.txt.~tmp,,,,,,,,,,,,,,12/28/23 4:30:46,1738856304,AppCache133481826456981539.txt.~tmp,\Users\blueangel\AppData\Local\Packages\Microsoft.Windows.Search_cw5n1h2txyewy\LocalState\DeviceSearchCache\AppCache133481826456981539.txt.~tmp,Basic_Info_Changed,Normal,Archive,,0x000200000000C3E4,0x000200000001A774,,,,0,3,False,True,0.5,False,AppCache133481826456981539.txt.~tmp,\Users\blueangel\AppData\Local\Packages\Microsoft.Windows.Search_cw5n1h2txyewy\LocalState\DeviceSearchCache\AppCache133481826456981539.txt.~tmp,False,False,False,False,0,False,False,False,False,False,False,False,True,False,False,False,False,False,False,False,False,False,False,9,35,True,True,False,False,False,False,False,False,False,False,False,False,False,True,True,False,False,1,2.1883328865689696e-05,0.0021883328865689696,False,<50%
appcache133481970458427363.txt,,,,,,,,,,,,,,12/28/23 8:30:46,1741929104,AppCache133481970458427363.txt,\Users\blueangel\AppData\Local\Packages\Microsoft.Windows.Search_cw5n1h2txyewy\LocalState\DeviceSearchCache\AppCache133481970458427363.txt,Basic_Info_Changed / File_Renamed_New / Access_Right_Changed,Normal,Archive,,0x000400000000C443,0x000200000001A774,,,,0,2,False,True,0.5,False,AppCache133481970458427363.txt,\Users\blueangel\AppData\Local\Packages\Microsoft.Windows.Search_cw5n1h2txyewy\LocalState\DeviceSearchCache\AppCache133481970458427363.txt,False,False,False,False,0,False,False,False,False,False,False,False,True,False,False,False,False,False,False,False,True,False,False,9,30,True,True,False,False,False,False,False,False,False,False,False,False,False,False,True,False,False,1,2.1877626503037973e-05,0.002187762650303797,False,<50%
appcache133481970458427363.txt.~tmp,,,,,,,,,,,,,,12/28/23 8:30:46,1741927968,AppCache133481970458427363.txt.~tmp,\Users\blueangel\AppData\Local\Packages\Microsoft.Windows.Search_cw5n1h2txyewy\LocalState\DeviceSearchCache\AppCache133481970458427363.txt.~tmp,Basic_Info_Changed,Normal,Archive,,0x000400000000C443,0x000200000001A774,,,,0,3,False,True,0.5,False,AppCache133481970458427363.txt.~tmp,\Users\blueangel\AppData\Local\Packages\Microsoft.Windows.Search_cw5n1h2txyewy\LocalState\DeviceSearchCache\AppCache133481970458427363.txt.~tmp,False,False,False,False,0,False,False,False,False,False,False,False,True,False,False,False,False,False,False,False,False,False,False,9,35,True,True,False,False,False,False,False,False,False,False,False,False,False,True,True,False,False,1,2.1883328865689696e-05,0.0021883328865689696,False,<50%
appcache133482001448755723.txt,,,,,,,,,,,,,,12/28/23 9:22:27,1742459712,AppCache133482001448755723.txt,\Users\blueangel\AppData\Local\Packages\Microsoft.Windows.Search_cw5n1h2txyewy\LocalState\DeviceSearchCache\AppCache133482001448755723.txt,Basic_Info_Changed / File_Renamed_New / Access_Right_Changed,Normal,Archive,,0x000600000000C014,0x000200000001A774,,,,0,2,False,True,0.5,False,AppCache133482001448755723.txt,\Users\blueangel\AppData\Local\Packages\Microsoft.Windows.Search_cw5n1h2txyewy\LocalState\DeviceSearchCache\AppCache133482001448755723.txt,False,False,False,False,0,False,False,False,False,False,False,False,True,False,False,False,False,False,False,False,True,False,False,9,30,True,True,False,False,False,False,False,False,False,False,False,False,False,False,True,False,False,1,2.1877626503037973e-05,0.002187762650303797,False,<50%
appcache133482001448755723.txt.~tmp,,,,,,,,,,,,,,12/28/23 9:22:27,1742458528,AppCache133482001448755723.txt.~tmp,\Users\blueangel\AppData\Local\Packages\Microsoft.Windows.Search_cw5n1h2txyewy\LocalState\DeviceSearchCache\AppCache133482001448755723.txt.~tmp,Basic_Info_Changed,Normal,Archive,,0x000600000000C014,0x000200000001A774,,,,0,3,False,True,0.5,False,AppCache133482001448755723.txt.~tmp,\Users\blueangel\AppData\Local\Packages\Microsoft.Windows.Search_cw5n1h2txyewy\LocalState\DeviceSearchCache\AppCache133482001448755723.txt.~tmp,False,False,False,False,0,False,False,False,False,False,False,False,True,False,False,False,False,False,False,False,False,False,False,9,35,True,True,False,False,False,False,False,False,False,False,False,False,False,True,True,False,False,1,2.1883328865689696e-05,0.0021883328865689696,False,<50%
appcache133482001491753992.txt,,,,,,,,,,,,,,12/28/23 9:22:30,1742568840,AppCache133482001491753992.txt,\Users\blueangel\AppData\Local\Packages\Microsoft.Windows.Search_cw5n1h2txyewy\LocalState\DeviceSearchCache\AppCache133482001491753992.txt,Basic_Info_Changed / File_Renamed_New / Access_Right_Changed,Normal,Archive,,0x000200000000C547,0x000200000001A774,,,,0,2,False,True,0.5,False,AppCache133482001491753992.txt,\Users\blueangel\AppData\Local\Packages\Microsoft.Windows.Search_cw5n1h2txyewy\LocalState\DeviceSearchCache\AppCache133482001491753992.txt,False,False,False,False,0,False,False,False,False,False,False,False,True,False,False,False,False,False,False,False,True,False,False,9,30,True,True,False,False,False,False,False,False,False,False,False,False,False,False,True,False,False,1,2.1877626503037973e-05,0.002187762650303797,False,<50%
appcache133482001491753992.txt.~tmp,,,,,,,,,,,,,,12/28/23 9:22:30,1742567736,AppCache133482001491753992.txt.~tmp,\Users\blueangel\AppData\Local\Packages\Microsoft.Windows.Search_cw5n1h2txyewy\LocalState\DeviceSearchCache\AppCache133482001491753992.txt.~tmp,Basic_Info_Changed,Normal,Archive,,0x000200000000C547,0x000200000001A774,,,,0,3,False,True,0.5,False,AppCache133482001491753992.txt.~tmp,\Users\blueangel\AppData\Local\Packages\Microsoft.Windows.Search_cw5n1h2txyewy\LocalState\DeviceSearchCache\AppCache133482001491753992.txt.~tmp,False,False,False,False,0,False,False,False,False,False,False,False,True,False,False,False,False,False,False,False,False,False,False,9,35,True,True,False,False,False,False,False,False,False,False,False,False,False,True,True,False,False,1,2.1883328865689696e-05,0.0021883328865689696,False,<50%
appcache133482117899576379.txt,,,,,,,,,,,,,,12/28/23 12:36:32,1745856128,AppCache133482117899576379.txt,\Users\blueangel\AppData\Local\Packages\Microsoft.Windows.Search_cw5n1h2txyewy\LocalState\DeviceSearchCache\AppCache133482117899576379.txt,Basic_Info_Changed / File_Renamed_New / Access_Right_Changed,Normal,Archive,,0x000200000000C70B,0x000200000001A774,,,,0,2,False,True,0.5,False,AppCache133482117899576379.txt,\Users\blueangel\AppData\Local\Packages\Microsoft.Windows.Search_cw5n1h2txyewy\LocalState\DeviceSearchCache\AppCache133482117899576379.txt,False,False,False,False,0,False,False,False,False,False,False,False,True,False,False,False,False,False,False,False,True,False,False,9,30,True,True,False,False,False,False,False,False,False,False,False,False,False,False,True,False,False,1,2.1877626503037973e-05,0.002187762650303797,False,<50%
appcache133482117899576379.txt.~tmp,,,,,,,,,,,,,,12/28/23 12:36:32,1745854992,AppCache133482117899576379.txt.~tmp,\Users\blueangel\AppData\Local\Packages\Microsoft.Windows.Search_cw5n1h2txyewy\LocalState\DeviceSearchCache\AppCache133482117899576379.txt.~tmp,Basic_Info_Changed,Normal,Archive,,0x000200000000C70B,0x000200000001A774,,,,0,3,False,True,0.5,False,AppCache133482117899576379.txt.~tmp,\Users\blueangel\AppData\Local\Packages\Microsoft.Windows.Search_cw5n1h2txyewy\LocalState\DeviceSearchCache\AppCache133482117899576379.txt.~tmp,False,False,False,False,0,False,False,False,False,False,False,False,True,False,False,False,False,False,False,False,False,False,False,9,35,True,True,False,False,False,False,False,False,False,False,False,False,False,True,True,False,False,1,2.1883328865689696e-05,0.0021883328865689696,False,<50%
appcache133482261901407378.txt,,,,,,,,,,,,,,12/28/23 16:36:30,1749102088,AppCache133482261901407378.txt,\Users\blueangel\AppData\Local\Packages\Microsoft.Windows.Search_cw5n1h2txyewy\LocalState\DeviceSearchCache\AppCache133482261901407378.txt,Basic_Info_Changed / File_Renamed_New / Access_Right_Changed,Normal,Archive,,0x000200000000C7FF,0x000200000001A774,,,,0,2,False,True,0.5,False,AppCache133482261901407378.txt,\Users\blueangel\AppData\Local\Packages\Microsoft.Windows.Search_cw5n1h2txyewy\LocalState\DeviceSearchCache\AppCache133482261901407378.txt,False,False,False,False,0,False,False,False,False,False,False,False,True,False,False,False,False,False,False,False,True,False,False,9,30,True,True,False,False,False,False,False,False,False,False,False,False,False,False,True,False,False,1,2.1877626503037973e-05,0.002187762650303797,False,<50%
appcache133482261901407378.txt.~tmp,,,,,,,,,,,,,,12/28/23 16:36:30,1749100952,AppCache133482261901407378.txt.~tmp,\Users\blueangel\AppData\Local\Packages\Microsoft.Windows.Search_cw5n1h2txyewy\LocalState\DeviceSearchCache\AppCache133482261901407378.txt.~tmp,Basic_Info_Changed,Normal,Archive,,0x000200000000C7FF,0x000200000001A774,,,,0,3,False,True,0.5,False,AppCache133482261901407378.txt.~tmp,\Users\blueangel\AppData\Local\Packages\Microsoft.Windows.Search_cw5n1h2txyewy\LocalState\DeviceSearchCache\AppCache133482261901407378.txt.~tmp,False,False,False,False,0,False,False,False,False,False,False,False,True,False,False,False,False,False,False,False,False,False,False,9,35,True,True,False,False,False,False,False,False,False,False,False,False,False,True,True,False,False,1,2.1883328865689696e-05,0.0021883328865689696,False,<50%
appcache133482405903145210.txt,,,,,,,,,,,,,,12/28/23 20:36:30,1752389944,AppCache133482405903145210.txt,\Users\blueangel\AppData\Local\Packages\Microsoft.Windows.Search_cw5n1h2txyewy\LocalState\DeviceSearchCache\AppCache133482405903145210.txt,Basic_Info_Changed / File_Renamed_New / Access_Right_Changed,Normal,Archive,,0x000E00000000C8C0,0x000200000001A774,,,,0,2,False,True,0.5,False,AppCache133482405903145210.txt,\Users\blueangel\AppData\Local\Packages\Microsoft.Windows.Search_cw5n1h2txyewy\LocalState\DeviceSearchCache\AppCache133482405903145210.txt,False,False,False,False,0,False,False,False,False,False,False,False,True,False,False,False,False,False,False,False,True,False,False,9,30,True,True,False,False,False,False,False,False,False,False,False,False,False,False,True,False,False,1,2.1877626503037973e-05,0.002187762650303797,False,<50%
appcache133482405903145210.txt.~tmp,,,,,,,,,,,,,,12/28/23 20:36:30,1752388808,AppCache133482405903145210.txt.~tmp,\Users\blueangel\AppData\Local\Packages\Microsoft.Windows.Search_cw5n1h2txyewy\LocalState\DeviceSearchCache\AppCache133482405903145210.txt.~tmp,Basic_Info_Changed,Normal,Archive,,0x000E00000000C8C0,0x000200000001A774,,,,0,3,False,True,0.5,False,AppCache133482405903145210.txt.~tmp,\Users\blueangel\AppData\Local\Packages\Microsoft.Windows.Search_cw5n1h2txyewy\LocalState\DeviceSearchCache\AppCache133482405903145210.txt.~tmp,False,False,False,False,0,False,False,False,False,False,False,False,True,False,False,False,False,False,False,False,False,False,False,9,35,True,True,False,False,False,False,False,False,False,False,False,False,False,True,True,False,False,1,2.1883328865689696e-05,0.0021883328865689696,False,<50%
appcache133484301256659398.txt,,,,,,,,,,,,,,12/31/23 1:15:27,1754339064,AppCache133484301256659398.txt,\Users\blueangel\AppData\Local\Packages\Microsoft.Windows.Search_cw5n1h2txyewy\LocalState\DeviceSearchCache\AppCache133484301256659398.txt,Basic_Info_Changed / File_Renamed_New / Access_Right_Changed,Normal,Archive,,0x000300000000CC61,0x000200000001A774,,,,0,2,False,True,0.5,False,AppCache133484301256659398.txt,\Users\blueangel\AppData\Local\Packages\Microsoft.Windows.Search_cw5n1h2txyewy\LocalState\DeviceSearchCache\AppCache133484301256659398.txt,False,False,False,False,0,False,False,False,False,False,False,False,True,False,False,False,False,False,False,False,True,False,False,9,30,True,True,False,False,False,False,False,False,False,False,False,False,False,False,True,False,False,1,2.1877626503037973e-05,0.002187762650303797,False,<50%
appcache133484301256659398.txt.~tmp,,,,,,,,,,,,,,12/31/23 1:15:27,1754337928,AppCache133484301256659398.txt.~tmp,\Users\blueangel\AppData\Local\Packages\Microsoft.Windows.Search_cw5n1h2txyewy\LocalState\DeviceSearchCache\AppCache133484301256659398.txt.~tmp,Basic_Info_Changed,Normal,Archive,,0x000300000000CC61,0x000200000001A774,,,,0,3,False,True,0.5,False,AppCache133484301256659398.txt.~tmp,\Users\blueangel\AppData\Local\Packages\Microsoft.Windows.Search_cw5n1h2txyewy\LocalState\DeviceSearchCache\AppCache133484301256659398.txt.~tmp,False,False,False,False,0,False,False,False,False,False,False,False,True,False,False,False,False,False,False,False,False,False,False,9,35,True,True,False,False,False,False,False,False,False,False,False,False,False,True,True,False,False,1,2.1883328865689696e-05,0.0021883328865689696,False,<50%
application.ini,,,,,,,,,,,,,,12/27/23 3:39:31,1720418720,application.ini,\Program Files\Mozilla Firefox\application.ini,File_Created / Basic_Info_Changed / Data_Added / Data_Overwritten,Normal,Archive,,0x0005000000007EDE,0x012600000000389E,,,,0,2,False,True,0.5,False,application.ini,\Program Files\Mozilla Firefox\application.ini,False,False,False,False,0,False,False,False,False,False,False,False,True,False,False,False,False,False,False,False,False,False,False,3,15,False,True,False,False,False,False,False,False,False,False,False,False,False,False,False,True,False,1,2.187793651320593e-05,0.002187793651320593,False,<50%
appxprovider.dll,,,,,,,,,,,,,,12/27/23 16:33:46,1730499976,AppxProvider.dll,,File_Created / Basic_Info_Changed / Data_Added / Data_Overwritten / Extended_Attr_Changed / Access_Right_Changed,Normal,Archive,,0x000200000000C230,0x000200000000C22F,,,,0,12,False,True,0.5,False,AppxProvider.dll,,False,False,False,False,0,False,False,False,False,False,False,False,True,False,False,False,False,False,True,False,False,False,True,0,16,False,True,False,False,False,False,False,False,False,False,False,False,False,False,False,False,False,1,2.1877934654115063e-05,0.002187793465411506,False,<50%
appxprovider.dll.mui,,,,,,,,,,,,,,12/27/23 16:33:46,1730504584,AppxProvider.dll.mui,,File_Created / Basic_Info_Changed / Data_Added / Data_Overwritten / Access_Right_Changed,Normal,Archive,,0x000200000000C23A,0x000200000000C239,,,,0,24,False,True,0.5,False,AppxProvider.dll.mui,,False,False,False,False,0,False,False,False,False,False,False,False,True,False,False,False,False,False,False,False,False,False,False,0,20,False,True,False,False,False,False,False,False,False,False,False,False,False,False,False,False,False,1,2.187793462899479e-05,0.002187793462899479,False,<50%
assocprovider.dll,,,,,,,,,,,,,,12/27/23 16:33:46,1730500552,AssocProvider.dll,,File_Created / Basic_Info_Changed / Data_Added / Data_Overwritten / Extended_Attr_Changed / Access_Right_Changed,Normal,Archive,,0x000200000000C231,0x000200000000C22F,,,,0,12,False,True,0.5,False,AssocProvider.dll,,False,False,False,False,0,False,False,False,False,False,False,False,True,False,False,False,False,False,True,False,False,False,True,0,17,False,True,False,False,False,False,False,False,False,False,False,False,False,False,False,False,False,1,2.1877934654115063e-05,0.002187793465411506,False,<50%
assocprovider.dll.mui,,,,,,,,,,,,,,12/27/23 16:33:46,1730505208,AssocProvider.dll.mui,,File_Created / Basic_Info_Changed / Data_Added / Data_Overwritten / Access_Right_Changed,Normal,Archive,,0x000200000000C23B,0x000200000000C239,,,,0,24,False,True,0.5,False,AssocProvider.dll.mui,,False,False,False,False,0,False,False,False,False,False,False,False,True,False,False,False,False,False,False,False,False,False,False,0,21,False,True,False,False,False,False,False,False,False,False,False,False,False,False,False,False,False,1,2.187793462899479e-05,0.002187793462899479,False,<50%
b792b65b9b0d43d8a4b87a6c28828928_1,,,,,,,,,,,,,,12/28/23 1:06:10,1736216184,b792b65b9b0d43d8a4b87a6c28828928_1,,Basic_Info_Changed / File_Renamed_New / Access_Right_Changed,Normal,Archive,,0x000200000000C362,0x001D0000000037E6,,,,0,4,False,True,0.5,False,b792b65b9b0d43d8a4b87a6c28828928_1,,False,False,False,False,0,False,False,False,False,False,False,False,True,False,False,False,False,False,False,False,False,False,False,0,34,False,False,False,False,False,False,False,False,False,False,False,False,False,False,False,False,False,1,2.187793462899479e-05,0.002187793462899479,False,<50%
b792b65b9b0d43d8a4b87a6c28828928_1.~tmp,,,,,,,,,,,,,,12/28/23 1:06:10,1736214720,b792b65b9b0d43d8a4b87a6c28828928_1.~tmp,,Basic_Info_Changed,Normal,Archive,,0x000200000000C362,0x001D0000000037E6,,,,0,6,False,True,0.5,False,b792b65b9b0d43d8a4b87a6c28828928_1.~tmp,,False,False,False,False,0,False,False,False,False,False,False,False,True,False,False,False,False,False,False,False,False,False,False,0,39,False,True,False,False,False,False,False,False,False,False,False,False,False,False,False,False,False,1,2.1898443618673476e-05,0.0021898443618673475,False,<50%
b97e3e6ec896967_com15.dat,,,,,,,,,,,,,,12/27/23 10:39:31,1725878136,b97e3e6ec896967_COM15.dat,\ProgramData\Packages\Microsoft.DesktopAppInstaller_8wekyb3d8bbwe\S-1-5-21-2013336793-2335637549-584498142-1001\SystemAppData\Helium\Cache\b97e3e6ec896967_COM15.dat,Basic_Info_Changed,Normal,Archive / Not_Content_Indexed,,0x0002000000002A3F,0x0003000000056054,,,,0,4,False,True,0.5,False,b97e3e6ec896967_COM15.dat,\ProgramData\Packages\Microsoft.DesktopAppInstaller_8wekyb3d8bbwe\S-1-5-21-2013336793-2335637549-584498142-1001\SystemAppData\Helium\Cache\b97e3e6ec896967_COM15.dat,False,False,False,False,0,False,False,False,False,False,False,False,True,False,False,False,False,False,False,False,False,False,False,8,25,True,True,False,False,False,False,False,False,False,False,False,False,False,False,False,False,False,1,2.187755151986522e-05,0.002187755151986522,False,<50%
backup.dat,,,,,,,,,,,,,,12/27/23 3:54:11,1720695520,backup.dat,\ProgramData\Avast Software\Avast\IDS\malwareprofile\backup.dat,Basic_Info_Changed / Data_Added / Data_Overwritten / Data_Truncated,Normal,Archive / Not_Content_Indexed,,0x0002000000013ECB,0x00060000000198CB,,,,0,128,False,True,0.5,False,backup.dat,\ProgramData\Avast Software\Avast\IDS\malwareprofile\backup.dat,False,False,False,False,0,False,False,False,False,False,False,False,True,False,False,False,False,False,False,False,False,False,False,6,10,True,True,False,False,False,False,False,False,False,False,False,False,False,False,False,False,False,1,2.1877381380496178e-05,0.002187738138049618,False,<50%
bbi,,,,,,,,,,,,,,12/28/23 8:51:19,1742268368,BBI,\Windows\System32\config\BBI,Basic_Info_Changed / Data_Overwritten,Normal,Archive,,0x000100000000C780,0x0001000000000E5D,,,,0,2,False,True,0.5,False,BBI,\Windows\System32\config\BBI,False,False,False,False,0,False,False,False,False,False,False,False,True,False,False,False,False,False,False,False,False,False,False,4,3,False,False,False,False,False,False,False,False,False,False,False,False,False,False,True,False,False,1,2.187762651145167e-05,0.002187762651145167,False,<50%
bc74c24d2805be4bb4269d30a7a0839d,,,,,,,,,,,,,,12/28/23 9:31:45,1743264944,bc74c24d2805be4bb4269d30a7a0839d,\Windows\System32\config\systemprofile\AppData\Local\bc74c24d2805be4bb4269d30a7a0839d,Basic_Info_Changed / Compression_Changed / Data_Overwritten / Content_Indexed_Attr_Changed,Normal,Archive / Compressed,,0x000D00000000C695,0x0001000000000E62,,,,0,2,False,True,0.5,False,bc74c24d2805be4bb4269d30a7a0839d,\Windows\System32\config\systemprofile\AppData\Local\bc74c24d2805be4bb4269d30a7a0839d,False,False,False,False,0,False,False,False,False,False,False,False,True,False,False,False,False,False,False,False,False,False,False,7,32,True,False,False,False,False,False,False,False,False,False,False,False,False,True,True,False,False,1,2.1616043115855488e-05,0.0021616043115855487,False,<50%
bit780c.tmp,,,,,,,,,,,,,,12/27/23 3:39:30,1720393728,BIT780C.tmp,\ProgramData\Mozilla-1de4eec8-1241-4177-a864-e594e8d1fb38\updates\308046B0AF4A39CB\updates\downloading\BIT780C.tmp,Basic_Info_Changed,Normal,Normal,,0x000700000000240F,0x000200000001A6A3,,,,0,2,False,True,0.5,False,BIT780C.tmp,\ProgramData\Mozilla-1de4eec8-1241-4177-a864-e594e8d1fb38\updates\308046B0AF4A39CB\updates\downloading\BIT780C.tmp,False,False,False,False,0,False,False,False,False,False,False,False,True,False,False,False,False,False,False,False,False,False,False,7,11,True,True,False,False,False,False,False,False,False,False,False,False,False,True,False,False,False,1,2.158464877656569e-05,0.002158464877656569,False,<50%
boot sector fat.tpl,,,,,,,,,,,,,,12/28/23 9:23:46,1742856192,Boot Sector FAT.tpl,\Users\blueangel\AppData\Local\Temp\RarSFX1\Boot Sector FAT.tpl,File_Created / Basic_Info_Changed / Data_Added / Data_Overwritten,Normal,Archive,,0x000200000000C584,0x000500000000C581,,,,0,2,False,True,0.5,False,Boot Sector FAT.tpl,\Users\blueangel\AppData\Local\Temp\RarSFX1\Boot Sector FAT.tpl,False,False,False,False,0,False,False,False,False,False,False,False,True,False,False,False,False,False,False,False,False,False,False,7,19,True,True,False,False,False,False,False,False,False,False,False,False,False,True,False,False,False,1,2.158464877656569e-05,0.002158464877656569,False,<50%
boot sector fat32.tpl,,,,,,,,,,,,,,12/28/23 9:23:46,1742855576,Boot Sector FAT32.tpl,\Users\blueangel\AppData\Local\Temp\RarSFX1\Boot Sector FAT32.tpl,File_Created / Basic_Info_Changed / Data_Added / Data_Overwritten,Normal,Archive,,0x000300000000C582,0x000500000000C581,,,,0,2,False,True,0.5,False,Boot Sector FAT32.tpl,\Users\blueangel\AppData\Local\Temp\RarSFX1\Boot Sector FAT32.tpl,False,False,False,False,0,False,False,False,False,False,False,False,True,False,False,False,False,False,False,False,False,False,False,7,21,True,True,False,False,False,False,False,False,False,False,False,False,False,True,False,False,False,1,2.158464877656569e-05,0.002158464877656569,False,<50%
boot sector ntfs.tpl,,,,,,,,,,,,,,12/28/23 9:23:46,1742856712,Boot Sector NTFS.tpl,\Users\blueangel\AppData\Local\Temp\RarSFX1\Boot Sector NTFS.tpl,File_Created / Basic_Info_Changed / Data_Added / Data_Overwritten,Normal,Archive,,0x000200000000C585,0x000500000000C581,,,,0,2,False,True,0.5,False,Boot Sector NTFS.tpl,\Users\blueangel\AppData\Local\Temp\RarSFX1\Boot Sector NTFS.tpl,False,False,False,False,0,False,False,False,False,False,False,False,True,False,False,False,False,False,False,False,False,False,False,7,20,True,True,False,False,False,False,False,False,False,False,False,False,False,True,False,False,False,1,2.158464877656569e-05,0.002158464877656569,False,<50%
bootperfdiaglogger.etl,,,,,,,,,,,,,,12/28/23 9:21:15,1742284936,BootPerfDiagLogger.etl,\Windows\System32\WDI\LogFiles\BootPerfDiagLogger.etl,Basic_Info_Changed / Data_Truncated,Normal,Not_Content_Indexed,,0x0002000000019620,0x000100000000123D,,,,0,4,False,True,0.5,False,BootPerfDiagLogger.etl,\Windows\System32\WDI\LogFiles\BootPerfDiagLogger.etl,False,False,False,False,0,False,False,False,False,False,False,False,True,False,False,False,False,False,False,False,False,False,False,5,22,False,True,False,False,False,False,False,False,False,False,False,False,False,False,True,False,False,1,2.187762658518503e-05,0.002187762658518503,False,<50%
c3a22d7c0dcf0f469a207a891d37d900,,,,,,,,,,,,,,12/28/23 9:31:44,1743247016,c3a22d7c0dcf0f469a207a891d37d900,\Windows\System32\config\systemprofile\AppData\Local\c3a22d7c0dcf0f469a207a891d37d900,Basic_Info_Changed / Compression_Changed / Data_Overwritten / Content_Indexed_Attr_Changed,Normal,Archive / Compressed,,0x000400000000C693,0x0001000000000E62,,,,0,2,False,True,0.5,False,c3a22d7c0dcf0f469a207a891d37d900,\Windows\System32\config\systemprofile\AppData\Local\c3a22d7c0dcf0f469a207a891d37d900,False,False,False,False,0,False,False,False,False,False,False,False,True,False,False,False,False,False,False,False,False,False,False,7,32,True,False,False,False,False,False,False,False,False,False,False,False,False,True,True,False,False,1,2.1616043115855488e-05,0.0021616043115855487,False,<50%
c42e68cf-c289-4e44-9015-dff237fb919c.tmp,,,,,,,,,,,,,,12/28/23 9:22:39,1742592928,c42e68cf-c289-4e44-9015-dff237fb919c.tmp,\Users\blueangel\AppData\Local\Microsoft\Edge\User Data\c42e68cf-c289-4e44-9015-dff237fb919c.tmp,Basic_Info_Changed,Normal,Archive,,0x00040000000031EA,0x000100000001A4E7,,,,0,3,False,True,0.5,False,c42e68cf-c289-4e44-9015-dff237fb919c.tmp,\Users\blueangel\AppData\Local\Microsoft\Edge\User Data\c42e68cf-c289-4e44-9015-dff237fb919c.tmp,False,False,False,False,0,False,False,False,False,False,False,False,True,False,False,False,False,False,False,False,False,False,False,8,40,True,True,False,False,False,False,False,False,False,False,False,False,False,True,False,False,False,1,2.1539770495795243e-05,0.002153977049579524,False,<50%
c77bbe5d0480fb4dae76cd9cddad0570,,,,,,,,,,,,,,12/28/23 9:31:44,1743201768,c77bbe5d0480fb4dae76cd9cddad0570,\Windows\System32\config\systemprofile\AppData\Local\c77bbe5d0480fb4dae76cd9cddad0570,Basic_Info_Changed / Compression_Changed / Data_Overwritten / Content_Indexed_Attr_Changed,Normal,Archive / Compressed,,0x000400000000C678,0x0001000000000E62,,,,0,2,False,True,0.5,False,c77bbe5d0480fb4dae76cd9cddad0570,\Windows\System32\config\systemprofile\AppData\Local\c77bbe5d0480fb4dae76cd9cddad0570,False,False,False,False,0,False,False,False,False,False,False,False,True,False,False,False,False,False,False,False,False,False,False,7,32,True,False,False,False,False,False,False,False,False,False,False,False,False,True,True,False,False,1,2.1616043115855488e-05,0.0021616043115855487,False,<50%
cache.dat,,,,,,,,,,,,,,12/27/23 2:53:09,1719794568,cache.dat,\ProgramData\Avast Software\Avast\IDS\malwareprofile\cache.dat,File_Created / Basic_Info_Changed / Data_Added / Data_Overwritten / File_Renamed_New,Normal,Archive,,0x0035000000000187,0x00060000000198CB,,,,0,506,False,True,0.5,False,cache.dat,\ProgramData\Avast Software\Avast\IDS\malwareprofile\cache.dat,False,False,False,False,0,False,False,False,False,False,False,False,True,False,False,False,False,False,False,False,False,False,False,6,9,True,True,False,False,False,False,False,False,False,False,False,False,False,False,False,False,False,1,2.1877381380496178e-05,0.002187738138049618,False,<50%
cbsprovider.dll,,,,,,,,,,,,,,12/27/23 16:33:46,1730501128,CbsProvider.dll,,File_Created / Basic_Info_Changed / Data_Added / Data_Overwritten / Extended_Attr_Changed / Access_Right_Changed,Normal,Archive,,0x000200000000C232,0x000200000000C22F,,,,0,12,False,True,0.5,False,CbsProvider.dll,,False,False,False,False,0,False,False,False,False,False,False,False,True,False,False,False,False,False,True,False,False,False,True,0,15,False,True,False,False,False,False,False,False,False,False,False,False,False,False,False,False,False,1,2.1877934654115063e-05,0.002187793465411506,False,<50%
cbsprovider.dll.mui,,,,,,,,,,,,,,12/27/23 16:33:46,1730518336,CbsProvider.dll.mui,,File_Created / Basic_Info_Changed / Data_Added / Data_Overwritten / Access_Right_Changed,Normal,Archive,,0x000400000000C24E,0x000200000000C24F,,,,0,12,False,True,0.5,False,CbsProvider.dll.mui,,False,False,False,False,0,False,False,False,False,False,False,False,True,False,False,False,False,False,False,False,False,False,False,0,19,False,True,False,False,False,False,False,False,False,False,False,False,False,False,False,False,False,1,2.187793462899479e-05,0.002187793462899479,False,<50%
ccd5f0fe538742298bc2ad7d04cfea96_1,,,,,,,,,,,,,,12/28/23 1:06:13,1736232240,ccd5f0fe538742298bc2ad7d04cfea96_1,\Users\blueangel\AppData\Local\Packages\Microsoft.Windows.ContentDeliveryManager_cw5n1h2txyewy\LocalState\TargetedContentCache\v3\88000165\ccd5f0fe538742298bc2ad7d04cfea96_1,Basic_Info_Changed / File_Renamed_New / Access_Right_Changed,Normal,Archive,,0x000200000000C371,0x000500000000C36D,,,,0,4,False,True,0.5,False,ccd5f0fe538742298bc2ad7d04cfea96_1,\Users\blueangel\AppData\Local\Packages\Microsoft.Windows.ContentDeliveryManager_cw5n1h2txyewy\LocalState\TargetedContentCache\v3\88000165\ccd5f0fe538742298bc2ad7d04cfea96_1,False,False,False,False,0,False,False,False,False,False,False,False,True,False,False,False,False,False,False,False,False,False,False,11,34,True,False,False,False,False,False,False,False,False,False,False,False,False,False,True,False,False,1,2.1877626505125618e-05,0.0021877626505125616,False,<50%
ccd5f0fe538742298bc2ad7d04cfea96_1.~tmp,,,,,,,,,,,,,,12/28/23 1:06:13,1736231040,ccd5f0fe538742298bc2ad7d04cfea96_1.~tmp,\Users\blueangel\AppData\Local\Packages\Microsoft.Windows.ContentDeliveryManager_cw5n1h2txyewy\LocalState\TargetedContentCache\v3\88000165\ccd5f0fe538742298bc2ad7d04cfea96_1.~tmp,Basic_Info_Changed,Normal,Archive,,0x000200000000C371,0x000500000000C36D,,,,0,6,False,True,0.5,False,ccd5f0fe538742298bc2ad7d04cfea96_1.~tmp,\Users\blueangel\AppData\Local\Packages\Microsoft.Windows.ContentDeliveryManager_cw5n1h2txyewy\LocalState\TargetedContentCache\v3\88000165\ccd5f0fe538742298bc2ad7d04cfea96_1.~tmp,False,False,False,False,0,False,False,False,False,False,False,False,True,False,False,False,False,False,False,False,False,False,False,11,39,True,True,False,False,False,False,False,False,False,False,False,False,False,True,True,False,False,1,2.1883217742821573e-05,0.0021883217742821575,False,<50%
channel-prefs.js,,,,,,,,,,,,,,12/27/23 3:39:31,1720429744,channel-prefs.js,\Program Files\Mozilla Firefox\defaults\pref\channel-prefs.js,File_Created / Basic_Info_Changed / Data_Added / Data_Overwritten,Normal,Archive,,0x005C00000000BE97,0x001500000000BE90,,,,0,2,False,True,0.5,False,channel-prefs.js,\Program Files\Mozilla Firefox\defaults\pref\channel-prefs.js,False,False,False,False,0,False,False,False,False,False,False,False,True,False,False,False,False,False,False,False,False,True,False,5,16,False,True,False,False,False,False,False,False,False,False,False,False,False,False,False,True,False,1,2.1877629812174717e-05,0.0021877629812174716,False,<50%
cl_localizationdata.psd1,,,,,,,,,,,,,,12/31/23 1:20:15,1754517312,CL_LocalizationData.psd1,,File_Created / Basic_Info_Changed / Data_Added / Data_Overwritten / Access_Right_Changed,Normal,Archive,,0x000300000000CC86,0x000200000000CC85,,,,0,2,False,True,0.5,False,CL_LocalizationData.psd1,,False,False,False,False,0,False,False,False,False,False,False,False,True,False,False,False,False,False,False,False,False,False,False,0,24,False,True,False,False,False,False,False,False,False,False,False,False,False,False,False,False,False,1,2.187793462899479e-05,0.002187793462899479,False,<50%
cl_utility.ps1,,,,,,,,,,,,,,12/31/23 1:20:15,1754510040,CL_Utility.ps1,,File_Created / Basic_Info_Changed / Data_Added / Data_Overwritten / Access_Right_Changed,Normal,Archive,,0x000300000000C9DF,0x003500000000BFA1,,,,0,2,False,True,0.5,False,CL_Utility.ps1,,False,False,False,False,0,False,False,False,False,False,False,False,True,False,False,False,False,False,True,False,False,False,False,0,14,False,True,False,False,False,False,False,False,False,False,False,False,False,False,False,False,False,1,2.1877934654115063e-05,0.002187793465411506,False,<50%
cldflt2.etl,,,,,,,,,,,,,,12/28/23 9:21:34,1742294272,CldFlt2.etl,\Windows\System32\LogFiles\CloudFiles\CldFlt2.etl,Basic_Info_Changed / Data_Truncated,Normal,Not_Content_Indexed,,0x0025000000008858,0x000400000001C87F,,,,0,3,False,True,0.5,False,CldFlt2.etl,\Windows\System32\LogFiles\CloudFiles\CldFlt2.etl,False,False,False,False,0,False,False,False,False,False,False,False,True,False,False,False,False,False,False,False,False,False,False,5,11,False,True,False,False,False,False,False,False,False,False,False,False,False,False,True,False,False,1,2.187762658518503e-05,0.002187762658518503,False,<50%
clearkey.dll,,,,,,,,,,,,,,12/27/23 3:39:31,1720433624,clearkey.dll,\Program Files\Mozilla Firefox\gmp-clearkey\0.1\clearkey.dll,File_Created / Basic_Info_Changed / Data_Added / Data_Overwritten,Normal,Archive,,0x000B00000000C026,0x000700000000C01A,,,,0,2,False,True,0.5,False,clearkey.dll,\Program Files\Mozilla Firefox\gmp-clearkey\0.1\clearkey.dll,False,False,False,False,0,False,False,False,False,False,False,False,True,False,False,False,False,False,True,False,False,False,True,5,12,False,True,False,False,False,False,False,False,False,False,False,False,False,False,False,True,False,1,2.187763548584376e-05,0.002187763548584376,False,<50%
clearkey.dll.sig,,,,,,,,,,,,,,12/27/23 3:39:31,1720434088,clearkey.dll.sig,\Program Files\Mozilla Firefox\gmp-clearkey\0.1\clearkey.dll.sig,File_Created / Basic_Info_Changed / Data_Added / Data_Overwritten,Normal,Archive,,0x001200000000C02A,0x000700000000C01A,,,,0,2,False,True,0.5,False,clearkey.dll.sig,\Program Files\Mozilla Firefox\gmp-clearkey\0.1\clearkey.dll.sig,False,False,False,False,0,False,False,False,False,False,False,False,True,False,False,False,False,False,False,False,False,False,False,5,16,False,True,False,False,False,False,False,False,False,False,False,False,False,False,False,True,False,1,2.1877629812174717e-05,0.0021877629812174716,False,<50%
components,,,,,,,,,,,,,,12/27/23 16:33:47,1730551064,COMPONENTS,\Windows\System32\config\COMPONENTS,Basic_Info_Changed,Normal,Archive,,0x0001000000019600,0x0001000000000E5D,,,,0,4,False,True,0.5,False,COMPONENTS,\Windows\System32\config\COMPONENTS,False,False,False,False,0,False,False,False,False,False,False,False,True,False,False,False,False,False,False,False,False,False,False,4,10,False,False,False,False,False,False,False,False,False,False,False,False,False,False,True,False,False,1,2.187762651145167e-05,0.002187762651145167,False,<50%
container.dat,,,,,,,,,,,,,,12/28/23 9:22:21,1742413104,container.dat,\Users\blueangel\AppData\Local\Packages\Microsoft.Windows.Search_cw5n1h2txyewy\AC\AppCache\FDA01SZY\33\container.dat,Basic_Info_Changed,Normal,Archive / Hidden / Not_Content_Indexed / System,,0x000E00000000BE9C,0x00080000000010F7,,,,0,4,False,True,0.5,False,container.dat,\Users\blueangel\AppData\Local\Packages\Microsoft.Windows.Search_cw5n1h2txyewy\AC\AppCache\FDA01SZY\33\container.dat,False,False,False,False,0,False,False,False,False,False,False,False,True,False,False,False,False,False,False,False,False,False,False,11,13,True,True,False,False,False,False,False,False,False,False,False,False,False,False,True,False,False,1,2.1877626505125618e-05,0.0021877626505125616,False,<50%
cookies.sqlite,,,,,,,,,,,,,,12/27/23 11:59:51,1726991952,cookies.sqlite,,File_Created / Basic_Info_Changed / Data_Added / Data_Overwritten,Normal,Archive,,0x000900000000C1E3,0x000300000000C1E0,,,,0,12,False,True,0.5,False,cookies.sqlite,,False,False,False,False,0,False,False,False,False,False,False,False,True,False,False,False,False,False,False,False,False,False,False,0,14,False,True,False,False,False,False,False,False,False,False,False,False,False,False,False,False,False,1,2.187793462899479e-05,0.002187793462899479,False,<50%
crashreporter-override.ini,,,,,,,,,,,,,,12/27/23 3:39:31,1720419408,crashreporter-override.ini,\Program Files\Mozilla Firefox\browser\crashreporter-override.ini,File_Created / Basic_Info_Changed / Data_Added / Data_Overwritten,Normal,Archive,,0x0005000000007EE6,0x0005000000007EE1,,,,0,2,False,True,0.5,False,crashreporter-override.ini,\Program Files\Mozilla Firefox\browser\crashreporter-override.ini,False,False,False,False,0,False,False,False,False,False,False,False,True,False,False,False,False,False,False,False,False,False,False,4,26,False,True,False,False,False,False,False,False,False,False,False,False,False,False,False,True,False,1,2.1877629953385047e-05,0.0021877629953385045,False,<50%
crashreporter.exe,,,,,,,,,,,,,,12/27/23 3:39:31,1720426336,crashreporter.exe,\Program Files\Mozilla Firefox\crashreporter.exe,File_Created / Basic_Info_Changed / Data_Added / Data_Overwritten,Normal,Archive,,0x0005000000009107,0x012600000000389E,,,,0,2,False,True,0.5,False,crashreporter.exe,\Program Files\Mozilla Firefox\crashreporter.exe,False,False,False,False,0,False,False,False,False,False,False,False,True,False,False,False,False,False,True,False,False,False,False,3,17,False,True,False,False,False,False,False,False,False,False,False,False,False,False,False,True,False,1,2.187794344483858e-05,0.002187794344483858,False,<50%
crashreporter.ini,,,,,,,,,,,,,,12/27/23 3:39:31,1720426880,crashreporter.ini,\Program Files\Mozilla Firefox\crashreporter.ini,File_Created / Basic_Info_Changed / Data_Added / Data_Overwritten,Normal,Archive,,0x0009000000009181,0x012600000000389E,,,,0,2,False,True,0.5,False,crashreporter.ini,\Program Files\Mozilla Firefox\crashreporter.ini,False,False,False,False,0,False,False,False,False,False,False,False,True,False,False,False,False,False,False,False,False,False,False,3,17,False,True,False,False,False,False,False,False,False,False,False,False,False,False,False,True,False,1,2.187793651320593e-05,0.002187793651320593,False,<50%
d2ec0f2df572514b9a3f89725169834a,,,,,,,,,,,,,,12/28/23 9:31:44,1743213008,d2ec0f2df572514b9a3f89725169834a,\Windows\System32\config\systemprofile\AppData\Local\d2ec0f2df572514b9a3f89725169834a,Basic_Info_Changed / Compression_Changed / Data_Overwritten / Content_Indexed_Attr_Changed,Normal,Archive / Compressed,,0x000400000000C681,0x0001000000000E62,,,,0,2,False,True,0.5,False,d2ec0f2df572514b9a3f89725169834a,\Windows\System32\config\systemprofile\AppData\Local\d2ec0f2df572514b9a3f89725169834a,False,False,False,False,0,False,False,False,False,False,False,False,True,False,False,False,False,False,False,False,False,False,False,7,32,True,False,False,False,False,False,False,False,False,False,False,False,False,True,True,False,False,1,2.1616043115855488e-05,0.0021616043115855487,False,<50%
d313e497d0db1d4e888b4019c853805b,,,,,,,,,,,,,,12/28/23 9:31:44,1743238360,d313e497d0db1d4e888b4019c853805b,\Windows\System32\config\systemprofile\AppData\Local\d313e497d0db1d4e888b4019c853805b,Basic_Info_Changed / Compression_Changed / Data_Overwritten / Content_Indexed_Attr_Changed,Normal,Archive / Compressed,,0x000400000000C690,0x0001000000000E62,,,,0,2,False,True,0.5,False,d313e497d0db1d4e888b4019c853805b,\Windows\System32\config\systemprofile\AppData\Local\d313e497d0db1d4e888b4019c853805b,False,False,False,False,0,False,False,False,False,False,False,False,True,False,False,False,False,False,False,False,False,False,False,7,32,True,False,False,False,False,False,False,False,False,False,False,False,False,True,True,False,False,1,2.1616043115855488e-05,0.0021616043115855487,False,<50%
d3dcompiler_47.dll,,,,,,,,,,,,,,12/27/23 3:39:31,1720427360,d3dcompiler_47.dll,\Program Files\Mozilla Firefox\d3dcompiler_47.dll,File_Created / Basic_Info_Changed / Data_Added / Data_Overwritten,Normal,Archive,,0x000A000000009686,0x012600000000389E,,,,0,2,False,True,0.5,False,d3dcompiler_47.dll,\Program Files\Mozilla Firefox\d3dcompiler_47.dll,False,False,False,False,0,False,False,False,False,False,False,False,True,False,False,False,False,False,True,False,False,False,True,3,18,False,True,False,False,False,False,False,False,False,False,False,False,False,False,False,True,False,1,2.187794344483858e-05,0.002187794344483858,False,<50%
d5676dd633103241877b571659caa890,,,,,,,,,,,,,,12/28/23 9:31:44,1743221456,d5676dd633103241877b571659caa890,\Windows\System32\config\systemprofile\AppData\Local\d5676dd633103241877b571659caa890,Basic_Info_Changed / Compression_Changed / Data_Overwritten / Content_Indexed_Attr_Changed,Normal,Archive / Compressed,,0x000500000000C689,0x0001000000000E62,,,,0,2,False,True,0.5,False,d5676dd633103241877b571659caa890,\Windows\System32\config\systemprofile\AppData\Local\d5676dd633103241877b571659caa890,False,False,False,False,0,False,False,False,False,False,False,False,True,False,False,False,False,False,False,False,False,False,False,7,32,True,False,False,False,False,False,False,False,False,False,False,False,False,True,True,False,False,1,2.1616043115855488e-05,0.0021616043115855487,False,<50%
d90734e1-af02-4a30-b2ab-1f0f2f00d762.tmp,,,,,,,,,,,,,,12/28/23 9:23:19,1742799280,d90734e1-af02-4a30-b2ab-1f0f2f00d762.tmp,\Users\blueangel\AppData\Roaming\Evernote\d90734e1-af02-4a30-b2ab-1f0f2f00d762.tmp,Basic_Info_Changed,Normal,Archive,,0x0006000000002432,0x000A00000001A13F,,,,0,3,False,True,0.5,False,d90734e1-af02-4a30-b2ab-1f0f2f00d762.tmp,\Users\blueangel\AppData\Roaming\Evernote\d90734e1-af02-4a30-b2ab-1f0f2f00d762.tmp,False,False,False,False,0,False,False,False,False,False,False,False,True,False,False,False,False,False,False,False,False,False,False,6,40,True,True,False,False,False,False,False,False,False,False,False,False,False,True,False,False,False,1,2.1788158658328776e-05,0.002178815865832878,False,<50%
dcf01ec0663f4d01990d728f4ee2e979_1,,,,,,,,,,,,,,12/28/23 1:06:07,1736195120,dcf01ec0663f4d01990d728f4ee2e979_1,\Users\blueangel\AppData\Local\Packages\Microsoft.Windows.ContentDeliveryManager_cw5n1h2txyewy\LocalState\TargetedContentCache\v3\338387\dcf01ec0663f4d01990d728f4ee2e979_1,Basic_Info_Changed / File_Renamed_New / Access_Right_Changed,Normal,Archive,,0x006E00000000797C,0x00F50000000001C4,,,,0,4,False,True,0.5,False,dcf01ec0663f4d01990d728f4ee2e979_1,\Users\blueangel\AppData\Local\Packages\Microsoft.Windows.ContentDeliveryManager_cw5n1h2txyewy\LocalState\TargetedContentCache\v3\338387\dcf01ec0663f4d01990d728f4ee2e979_1,False,False,False,False,0,False,False,False,False,False,False,False,True,False,False,False,False,False,False,False,False,False,False,11,34,True,False,False,False,False,False,False,False,False,False,False,False,False,False,True,False,False,1,2.1877626505125618e-05,0.0021877626505125616,False,<50%
dcf01ec0663f4d01990d728f4ee2e979_1.~tmp,,,,,,,,,,,,,,12/28/23 1:06:07,1736192000,dcf01ec0663f4d01990d728f4ee2e979_1.~tmp,\Users\blueangel\AppData\Local\Packages\Microsoft.Windows.ContentDeliveryManager_cw5n1h2txyewy\LocalState\TargetedContentCache\v3\338387\dcf01ec0663f4d01990d728f4ee2e979_1.~tmp,Basic_Info_Changed,Normal,Archive,,0x006E00000000797C,0x00F50000000001C4,,,,0,6,False,True,0.5,False,dcf01ec0663f4d01990d728f4ee2e979_1.~tmp,\Users\blueangel\AppData\Local\Packages\Microsoft.Windows.ContentDeliveryManager_cw5n1h2txyewy\LocalState\TargetedContentCache\v3\338387\dcf01ec0663f4d01990d728f4ee2e979_1.~tmp,False,False,False,False,0,False,False,False,False,False,False,False,True,False,False,False,False,False,False,False,False,False,False,11,39,True,True,False,False,False,False,False,False,False,False,False,False,False,True,True,False,False,1,2.1883217742821573e-05,0.0021883217742821575,False,<50%
dcf01ec0663f4d01990d728f4ee2e979_2,,,,,,,,,,,,,,12/28/23 1:06:09,1736210272,dcf01ec0663f4d01990d728f4ee2e979_2,\Users\blueangel\AppData\Local\Packages\Microsoft.Windows.ContentDeliveryManager_cw5n1h2txyewy\LocalState\TargetedContentCache\v3\338387\dcf01ec0663f4d01990d728f4ee2e979_2,Basic_Info_Changed / File_Renamed_New / Access_Right_Changed,Normal,Archive,,0x000400000000C35F,0x00F50000000001C4,,,,0,4,False,True,0.5,False,dcf01ec0663f4d01990d728f4ee2e979_2,\Users\blueangel\AppData\Local\Packages\Microsoft.Windows.ContentDeliveryManager_cw5n1h2txyewy\LocalState\TargetedContentCache\v3\338387\dcf01ec0663f4d01990d728f4ee2e979_2,False,False,False,False,0,False,False,False,False,False,False,False,True,False,False,False,False,False,False,False,False,False,False,11,34,True,False,False,False,False,False,False,False,False,False,False,False,False,False,True,False,False,1,2.1877626505125618e-05,0.0021877626505125616,False,<50%
dcf01ec0663f4d01990d728f4ee2e979_2.~tmp,,,,,,,,,,,,,,12/28/23 1:06:09,1736209072,dcf01ec0663f4d01990d728f4ee2e979_2.~tmp,\Users\blueangel\AppData\Local\Packages\Microsoft.Windows.ContentDeliveryManager_cw5n1h2txyewy\LocalState\TargetedContentCache\v3\338387\dcf01ec0663f4d01990d728f4ee2e979_2.~tmp,Basic_Info_Changed,Normal,Archive,,0x000400000000C35F,0x00F50000000001C4,,,,0,6,False,True,0.5,False,dcf01ec0663f4d01990d728f4ee2e979_2.~tmp,\Users\blueangel\AppData\Local\Packages\Microsoft.Windows.ContentDeliveryManager_cw5n1h2txyewy\LocalState\TargetedContentCache\v3\338387\dcf01ec0663f4d01990d728f4ee2e979_2.~tmp,False,False,False,False,0,False,False,False,False,False,False,False,True,False,False,False,False,False,False,False,False,False,False,11,39,True,True,False,False,False,False,False,False,False,False,False,False,False,True,True,False,False,1,2.1883217742821573e-05,0.0021883217742821575,False,<50%
dcf01ec0663f4d01990d728f4ee2e979_3,,,,,,,,,,,,,,12/28/23 9:51:59,1743627296,dcf01ec0663f4d01990d728f4ee2e979_3,,Basic_Info_Changed / File_Renamed_New / Access_Right_Changed,Normal,Archive,,0x000F000000008B7E,0x00F50000000001C4,,,,0,2,False,True,0.5,False,dcf01ec0663f4d01990d728f4ee2e979_3,,False,False,False,False,0,False,False,False,False,False,False,False,True,False,False,False,False,False,False,False,False,False,False,0,34,False,False,False,False,False,False,False,False,False,False,False,False,False,False,False,False,False,1,2.187793462899479e-05,0.002187793462899479,False,<50%
dcf01ec0663f4d01990d728f4ee2e979_3.~tmp,,,,,,,,,,,,,,12/28/23 9:51:59,1743626096,dcf01ec0663f4d01990d728f4ee2e979_3.~tmp,,Basic_Info_Changed,Normal,Archive,,0x000F000000008B7E,0x00F50000000001C4,,,,0,3,False,True,0.5,False,dcf01ec0663f4d01990d728f4ee2e979_3.~tmp,,False,False,False,False,0,False,False,False,False,False,False,False,True,False,False,False,False,False,False,False,False,False,False,0,39,False,True,False,False,False,False,False,False,False,False,False,False,False,False,False,False,False,1,2.1898443618673476e-05,0.0021898443618673475,False,<50%
dd_backgrounddownload_20231221160206.log,,,,,,,,,,,,,,12/28/23 17:21:55,1749751824,dd_BackgroundDownload_20231221160206.log,\Users\blueangel\AppData\Local\Temp\dd_BackgroundDownload_20231221160206.log,Basic_Info_Changed,Normal,Normal,,0x000700000002E27A,0x000100000001A2E5,,,,0,2,False,True,0.5,False,dd_BackgroundDownload_20231221160206.log,\Users\blueangel\AppData\Local\Temp\dd_BackgroundDownload_20231221160206.log,False,False,False,False,0,False,False,False,False,False,False,False,True,False,False,False,False,False,False,False,False,False,False,6,40,True,True,False,False,False,False,False,False,False,False,False,False,False,True,False,False,False,1,2.1788158658328776e-05,0.002178815865832878,False,<50%
dd_backgrounddownload_20231221160206_result_error.log,,,,,,,,,,,,,,12/28/23 17:21:55,1749752112,dd_BackgroundDownload_20231221160206_result_Error.log,\Users\blueangel\AppData\Local\Temp\dd_BackgroundDownload_20231221160206_result_Error.log,Basic_Info_Changed,Normal,Normal,,0x002B000000000497,0x000100000001A2E5,,,,0,2,False,True,0.5,False,dd_BackgroundDownload_20231221160206_result_Error.log,\Users\blueangel\AppData\Local\Temp\dd_BackgroundDownload_20231221160206_result_Error.log,False,False,False,False,0,False,False,False,False,False,False,False,True,False,False,False,False,False,False,False,False,False,False,6,53,True,True,False,False,False,False,False,False,False,False,False,False,False,True,False,False,False,1,2.1788158658328776e-05,0.002178815865832878,False,<50%
dd_backgrounddownload_20231222154638.log,,,,,,,,,,,,,,12/31/23 1:20:21,1754575128,dd_BackgroundDownload_20231222154638.log,\Users\blueangel\AppData\Local\Temp\dd_BackgroundDownload_20231222154638.log,Basic_Info_Changed,Normal,Normal,,0x00120000000200FB,0x000100000001A2E5,,,,0,2,False,True,0.5,False,dd_BackgroundDownload_20231222154638.log,\Users\blueangel\AppData\Local\Temp\dd_BackgroundDownload_20231222154638.log,False,False,False,False,0,False,False,False,False,False,False,False,True,False,False,False,False,False,False,False,False,False,False,6,40,True,True,False,False,False,False,False,False,False,False,False,False,False,True,False,False,False,1,2.1788158658328776e-05,0.002178815865832878,False,<50%
dd_backgrounddownload_20231222154638_result_error.log,,,,,,,,,,,,,,12/31/23 1:20:21,1754575416,dd_BackgroundDownload_20231222154638_result_Error.log,\Users\blueangel\AppData\Local\Temp\dd_BackgroundDownload_20231222154638_result_Error.log,Basic_Info_Changed,Normal,Normal,,0x00C6000000025A31,0x000100000001A2E5,,,,0,2,False,True,0.5,False,dd_BackgroundDownload_20231222154638_result_Error.log,\Users\blueangel\AppData\Local\Temp\dd_BackgroundDownload_20231222154638_result_Error.log,False,False,False,False,0,False,False,False,False,False,False,False,True,False,False,False,False,False,False,False,False,False,False,6,53,True,True,False,False,False,False,False,False,False,False,False,False,False,True,False,False,False,1,2.1788158658328776e-05,0.002178815865832878,False,<50%
dd_backgrounddownload_20231222180240.log,,,,,,,,,,,,,,12/31/23 1:20:21,1754575752,dd_BackgroundDownload_20231222180240.log,\Users\blueangel\AppData\Local\Temp\dd_BackgroundDownload_20231222180240.log,Basic_Info_Changed,Normal,Normal,,0x000300000002E186,0x000100000001A2E5,,,,0,2,False,True,0.5,False,dd_BackgroundDownload_20231222180240.log,\Users\blueangel\AppData\Local\Temp\dd_BackgroundDownload_20231222180240.log,False,False,False,False,0,False,False,False,False,False,False,False,True,False,False,False,False,False,False,False,False,False,False,6,40,True,True,False,False,False,False,False,False,False,False,False,False,False,True,False,False,False,1,2.1788158658328776e-05,0.002178815865832878,False,<50%
dd_backgrounddownload_20231222180240_result_error.log,,,,,,,,,,,,,,12/31/23 1:20:21,1754576040,dd_BackgroundDownload_20231222180240_result_Error.log,\Users\blueangel\AppData\Local\Temp\dd_BackgroundDownload_20231222180240_result_Error.log,Basic_Info_Changed,Normal,Normal,,0x00060000000112D3,0x000100000001A2E5,,,,0,2,False,True,0.5,False,dd_BackgroundDownload_20231222180240_result_Error.log,\Users\blueangel\AppData\Local\Temp\dd_BackgroundDownload_20231222180240_result_Error.log,False,False,False,False,0,False,False,False,False,False,False,False,True,False,False,False,False,False,False,False,False,False,False,6,53,True,True,False,False,False,False,False,False,False,False,False,False,False,True,False,False,False,1,2.1788158658328776e-05,0.002178815865832878,False,<50%
default,,,,,,,,,,,,,,12/28/23 8:51:19,1742267512,DEFAULT,\Windows\System32\config\DEFAULT,Basic_Info_Changed / Data_Overwritten,Normal,Archive,,0x000100000000C787,0x0001000000000E5D,,,,0,2,False,True,0.5,False,DEFAULT,\Windows\System32\config\DEFAULT,False,False,False,False,0,False,False,False,False,False,False,False,True,False,False,False,False,False,False,False,False,False,False,4,7,False,False,False,False,False,False,False,False,False,False,False,False,False,False,True,False,False,1,2.187762651145167e-05,0.002187762651145167,False,<50%
default-browser-agent.exe,,,,,,,,,,,,,,12/27/23 3:39:31,1720427888,default-browser-agent.exe,\Program Files\Mozilla Firefox\default-browser-agent.exe,File_Created / Basic_Info_Changed / Data_Added / Data_Overwritten,Normal,Archive,,0x001100000000AA2B,0x012600000000389E,,,,0,2,False,True,0.5,False,default-browser-agent.exe,\Program Files\Mozilla Firefox\default-browser-agent.exe,False,False,False,False,0,False,False,False,False,False,False,False,True,False,False,False,False,False,True,False,False,False,False,3,25,False,True,False,False,False,False,False,False,False,False,False,False,False,False,False,True,False,1,2.187794344483858e-05,0.002187794344483858,False,<50%
defaultagent.ini,,,,,,,,,,,,,,12/27/23 3:39:31,1720428400,defaultagent.ini,\Program Files\Mozilla Firefox\defaultagent.ini,File_Created / Basic_Info_Changed / Data_Added / Data_Overwritten,Normal,Archive,,0x000600000000AACD,0x012600000000389E,,,,0,2,False,True,0.5,False,defaultagent.ini,\Program Files\Mozilla Firefox\defaultagent.ini,False,False,False,False,0,False,False,False,False,False,False,False,True,False,False,False,False,False,False,False,False,False,False,3,16,False,True,False,False,False,False,False,False,False,False,False,False,False,False,False,True,False,1,2.187793651320593e-05,0.002187793651320593,False,<50%
defaultagent_localized.ini,,,,,,,,,,,,,,12/27/23 3:39:31,1720428928,defaultagent_localized.ini,\Program Files\Mozilla Firefox\defaultagent_localized.ini,File_Created / Basic_Info_Changed / Data_Added / Data_Overwritten,Normal,Archive,,0x000D00000000B7CC,0x012600000000389E,,,,0,2,False,True,0.5,False,defaultagent_localized.ini,\Program Files\Mozilla Firefox\defaultagent_localized.ini,False,False,False,False,0,False,False,False,False,False,False,False,True,False,False,False,False,False,False,False,False,False,False,3,26,False,True,False,False,False,False,False,False,False,False,False,False,False,False,False,True,False,1,2.187793651320593e-05,0.002187793651320593,False,<50%
dependentlibs.list,,,,,,,,,,,,,,12/27/23 3:39:31,1720430224,dependentlibs.list,\Program Files\Mozilla Firefox\dependentlibs.list,File_Created / Basic_Info_Changed / Data_Added / Data_Overwritten,Normal,Archive,,0x000300000000BF13,0x012600000000389E,,,,0,2,False,True,0.5,False,dependentlibs.list,\Program Files\Mozilla Firefox\dependentlibs.list,False,False,False,False,0,False,False,False,False,False,False,False,True,False,False,False,False,False,False,False,False,False,False,3,18,False,True,False,False,False,False,False,False,False,False,False,False,False,False,False,True,False,1,2.187793651320593e-05,0.002187793651320593,False,<50%
desktop-jk343u8-20231219-1753.log,,,,,,,,,,,,,,12/28/23 17:21:55,1749753584,DESKTOP-JK343U8-20231219-1753.log,\Windows\Temp\DESKTOP-JK343U8-20231219-1753.log,Basic_Info_Changed,Normal,Normal,,0x002D000000055F0A,0x0001000000001623,,,,0,2,False,True,0.5,False,DESKTOP-JK343U8-20231219-1753.log,\Windows\Temp\DESKTOP-JK343U8-20231219-1753.log,False,False,False,False,0,False,False,False,False,False,False,False,True,False,False,False,False,False,False,False,False,False,False,3,33,True,True,False,False,False,False,False,False,False,False,False,False,False,True,True,False,False,1,2.5038840889343504e-05,0.0025038840889343504,False,<50%
desktop-jk343u8-20231221-1548.log,,,,,,,,,,,,,,12/28/23 17:21:55,1749752448,DESKTOP-JK343U8-20231221-1548.log,\Users\blueangel\AppData\Local\Temp\DESKTOP-JK343U8-20231221-1548.log,Basic_Info_Changed,Normal,Normal,,0x000A000000018CE3,0x000100000001A2E5,,,,0,4,False,True,0.5,False,DESKTOP-JK343U8-20231221-1548.log,\Users\blueangel\AppData\Local\Temp\DESKTOP-JK343U8-20231221-1548.log,False,False,False,False,0,False,False,False,False,False,False,False,True,False,False,False,False,False,False,False,False,False,False,6,33,True,True,False,False,False,False,False,False,False,False,False,False,False,True,False,False,False,1,2.1788269298497864e-05,0.0021788269298497866,False,<50%
desktop-jk343u8-20231221-1548a.log,,,,,,,,,,,,,,12/28/23 17:21:55,1749754368,DESKTOP-JK343U8-20231221-1548a.log,\Windows\Temp\DESKTOP-JK343U8-20231221-1548a.log,Basic_Info_Changed,Normal,Normal,,0x003C00000000866D,0x0001000000001623,,,,0,2,False,True,0.5,False,DESKTOP-JK343U8-20231221-1548a.log,\Windows\Temp\DESKTOP-JK343U8-20231221-1548a.log,False,False,False,False,0,False,False,False,False,False,False,False,True,False,False,False,False,False,False,False,False,False,False,3,34,True,True,False,False,False,False,False,False,False,False,False,False,False,True,True,False,False,1,2.5038840889343504e-05,0.0025038840889343504,False,<50%
desktop-jk343u8-20231221-1551.log,,,,,,,,,,,,,,12/31/23 1:20:21,1754578120,DESKTOP-JK343U8-20231221-1551.log,\Windows\Temp\DESKTOP-JK343U8-20231221-1551.log,Basic_Info_Changed,Normal,Normal,,0x000900000001A120,0x0001000000001623,,,,0,2,False,True,0.5,False,DESKTOP-JK343U8-20231221-1551.log,\Windows\Temp\DESKTOP-JK343U8-20231221-1551.log,False,False,False,False,0,False,False,False,False,False,False,False,True,False,False,False,False,False,False,False,False,False,False,3,33,True,True,False,False,False,False,False,False,False,False,False,False,False,True,True,False,False,1,2.5038840889343504e-05,0.0025038840889343504,False,<50%
desktop-jk343u8-20231221-1556.log,,,,,,,,,,,,,,12/28/23 17:21:55,1749754752,DESKTOP-JK343U8-20231221-1556.log,\Windows\Temp\DESKTOP-JK343U8-20231221-1556.log,Basic_Info_Changed,Normal,Normal,,0x000300000002E242,0x0001000000001623,,,,0,2,False,True,0.5,False,DESKTOP-JK343U8-20231221-1556.log,\Windows\Temp\DESKTOP-JK343U8-20231221-1556.log,False,False,False,False,0,False,False,False,False,False,False,False,True,False,False,False,False,False,False,False,False,False,False,3,33,True,True,False,False,False,False,False,False,False,False,False,False,False,True,True,False,False,1,2.5038840889343504e-05,0.0025038840889343504,False,<50%
desktop-jk343u8-20231221-1602.log,,,,,,,,,,,,,,12/28/23 17:21:55,1749755136,DESKTOP-JK343U8-20231221-1602.log,\Windows\Temp\DESKTOP-JK343U8-20231221-1602.log,Basic_Info_Changed,Normal,Normal,,0x000600000002E270,0x0001000000001623,,,,0,2,False,True,0.5,False,DESKTOP-JK343U8-20231221-1602.log,\Windows\Temp\DESKTOP-JK343U8-20231221-1602.log,False,False,False,False,0,False,False,False,False,False,False,False,True,False,False,False,False,False,False,False,False,False,False,3,33,True,True,False,False,False,False,False,False,False,False,False,False,False,True,True,False,False,1,2.5038840889343504e-05,0.0025038840889343504,False,<50%
desktop-jk343u8-20231222-1542.log,,,,,,,,,,,,,,12/31/23 1:20:21,1754578504,DESKTOP-JK343U8-20231222-1542.log,\Windows\Temp\DESKTOP-JK343U8-20231222-1542.log,Basic_Info_Changed,Normal,Normal,,0x000B00000002B51A,0x0001000000001623,,,,0,2,False,True,0.5,False,DESKTOP-JK343U8-20231222-1542.log,\Windows\Temp\DESKTOP-JK343U8-20231222-1542.log,False,False,False,False,0,False,False,False,False,False,False,False,True,False,False,False,False,False,False,False,False,False,False,3,33,True,True,False,False,False,False,False,False,False,False,False,False,False,True,True,False,False,1,2.5038840889343504e-05,0.0025038840889343504,False,<50%
desktop-jk343u8-20231222-1542a.log,,,,,,,,,,,,,,12/31/23 1:20:21,1754578944,DESKTOP-JK343U8-20231222-1542a.log,\Windows\Temp\DESKTOP-JK343U8-20231222-1542a.log,Basic_Info_Changed,Normal,Normal,,0x000500000000AA7F,0x0001000000001623,,,,0,2,False,True,0.5,False,DESKTOP-JK343U8-20231222-1542a.log,\Windows\Temp\DESKTOP-JK343U8-20231222-1542a.log,False,False,False,False,0,False,False,False,False,False,False,False,True,False,False,False,False,False,False,False,False,False,False,3,34,True,True,False,False,False,False,False,False,False,False,False,False,False,True,True,False,False,1,2.5038840889343504e-05,0.0025038840889343504,False,<50%
desktop-jk343u8-20231222-1546.log,,,,,,,,,,,,,,12/31/23 1:20:21,1754579328,DESKTOP-JK343U8-20231222-1546.log,\Windows\Temp\DESKTOP-JK343U8-20231222-1546.log,Basic_Info_Changed,Normal,Normal,,0x000E0000000006AF,0x0001000000001623,,,,0,2,False,True,0.5,False,DESKTOP-JK343U8-20231222-1546.log,\Windows\Temp\DESKTOP-JK343U8-20231222-1546.log,False,False,False,False,0,False,False,False,False,False,False,False,True,False,False,False,False,False,False,False,False,False,False,3,33,True,True,False,False,False,False,False,False,False,False,False,False,False,True,True,False,False,1,2.5038840889343504e-05,0.0025038840889343504,False,<50%
desktop-jk343u8-20231222-1629.log,,,,,,,,,,,,,,12/31/23 1:20:21,1754576376,DESKTOP-JK343U8-20231222-1629.log,\Users\blueangel\AppData\Local\Temp\DESKTOP-JK343U8-20231222-1629.log,Basic_Info_Changed,Normal,Normal,,0x001100000002D7B9,0x000100000001A2E5,,,,0,2,False,True,0.5,False,DESKTOP-JK343U8-20231222-1629.log,\Users\blueangel\AppData\Local\Temp\DESKTOP-JK343U8-20231222-1629.log,False,False,False,False,0,False,False,False,False,False,False,False,True,False,False,False,False,False,False,False,False,False,False,6,33,True,True,False,False,False,False,False,False,False,False,False,False,False,True,False,False,False,1,2.1788269298497864e-05,0.0021788269298497866,False,<50%
desktop-jk343u8-20231222-1745.log,,,,,,,,,,,,,,12/31/23 1:20:21,1754579712,DESKTOP-JK343U8-20231222-1745.log,\Windows\Temp\DESKTOP-JK343U8-20231222-1745.log,Basic_Info_Changed,Normal,Normal,,0x000C00000000A851,0x0001000000001623,,,,0,2,False,True,0.5,False,DESKTOP-JK343U8-20231222-1745.log,\Windows\Temp\DESKTOP-JK343U8-20231222-1745.log,False,False,False,False,0,False,False,False,False,False,False,False,True,False,False,False,False,False,False,False,False,False,False,3,33,True,True,False,False,False,False,False,False,False,False,False,False,False,True,True,False,False,1,2.5038840889343504e-05,0.0025038840889343504,False,<50%
desktop-jk343u8-20231222-1756.log,,,,,,,,,,,,,,12/31/23 1:20:21,1754576632,DESKTOP-JK343U8-20231222-1756.log,\Users\blueangel\AppData\Local\Temp\DESKTOP-JK343U8-20231222-1756.log,Basic_Info_Changed,Normal,Normal,,0x003100000002E9AD,0x000100000001A2E5,,,,0,4,False,True,0.5,False,DESKTOP-JK343U8-20231222-1756.log,\Users\blueangel\AppData\Local\Temp\DESKTOP-JK343U8-20231222-1756.log,False,False,False,False,0,False,False,False,False,False,False,False,True,False,False,False,False,False,False,False,False,False,False,6,33,True,True,False,False,False,False,False,False,False,False,False,False,False,True,False,False,False,1,2.1788269298497864e-05,0.0021788269298497866,False,<50%
desktop-jk343u8-20231222-1802.log,,,,,,,,,,,,,,12/31/23 1:20:21,1754580480,DESKTOP-JK343U8-20231222-1802.log,\Windows\Temp\DESKTOP-JK343U8-20231222-1802.log,Basic_Info_Changed,Normal,Normal,,0x000200000002ECB6,0x0001000000001623,,,,0,2,False,True,0.5,False,DESKTOP-JK343U8-20231222-1802.log,\Windows\Temp\DESKTOP-JK343U8-20231222-1802.log,False,False,False,False,0,False,False,False,False,False,False,False,True,False,False,False,False,False,False,False,False,False,False,3,33,True,True,False,False,False,False,False,False,False,False,False,False,False,True,True,False,False,1,2.5038840889343504e-05,0.0025038840889343504,False,<50%
diagnosticlogcsp_collector_deviceprovisioning_2023_12_28_10_31_44.etl,,,,,,,,,,,,,,12/28/23 9:31:44,1743141768,DiagnosticLogCSP_Collector_DeviceProvisioning_2023_12_28_10_31_44.etl,\ProgramData\Microsoft\DiagnosticLogCSP\Collectors\DiagnosticLogCSP_Collector_DeviceProvisioning_2023_12_28_10_31_44.etl,File_Created / Basic_Info_Changed,Normal,Not_Content_Indexed,,0x000F000000000496,0x0001000000019E6F,,,,0,4,False,True,0.5,False,DiagnosticLogCSP_Collector_DeviceProvisioning_2023_12_28_10_31_44.etl,\ProgramData\Microsoft\DiagnosticLogCSP\Collectors\DiagnosticLogCSP_Collector_DeviceProvisioning_2023_12_28_10_31_44.etl,False,False,False,False,0,False,False,False,False,False,False,False,True,False,False,False,False,False,False,False,False,False,False,5,69,True,True,False,False,False,False,False,False,False,False,False,False,False,False,False,False,False,1,2.1896706962940895e-05,0.0021896706962940896,False,<50%
diagnosticlogcsp_collector_deviceprovisioning_2023_12_28_10_31_44.etl.merged,,,,,,,,,,,,,,12/28/23 9:31:45,1743308040,DiagnosticLogCSP_Collector_DeviceProvisioning_2023_12_28_10_31_44.etl.merged,\ProgramData\Microsoft\DiagnosticLogCSP\Collectors\DiagnosticLogCSP_Collector_DeviceProvisioning_2023_12_28_10_31_44.etl.merged,File_Created / Basic_Info_Changed,Normal,Not_Content_Indexed,,0x001600000000C40F,0x0001000000019E6F,,,,0,4,False,True,0.5,False,DiagnosticLogCSP_Collector_DeviceProvisioning_2023_12_28_10_31_44.etl.merged,\ProgramData\Microsoft\DiagnosticLogCSP\Collectors\DiagnosticLogCSP_Collector_DeviceProvisioning_2023_12_28_10_31_44.etl.merged,False,False,False,False,0,False,False,False,False,False,False,False,True,False,False,False,False,False,False,False,False,False,False,5,76,True,True,False,False,False,False,False,False,False,False,False,False,False,False,False,False,False,1,2.188875972665712e-05,0.002188875972665712,False,<50%
diagpackage.diagpkg,,,,,,,,,,,,,,12/31/23 1:20:15,1754510632,DiagPackage.diagpkg,,File_Created / Basic_Info_Changed / Data_Added / Data_Overwritten / Access_Right_Changed,Normal,Archive,,0x000300000000C9E0,0x003500000000BFA1,,,,0,2,False,True,0.5,False,DiagPackage.diagpkg,,False,False,False,False,0,False,False,False,False,False,False,False,True,False,False,False,False,False,False,False,False,False,False,0,19,False,True,False,False,False,False,False,False,False,False,False,False,False,False,False,False,False,1,2.187793462899479e-05,0.002187793462899479,False,<50%
diagpackage.dll,,,,,,,,,,,,,,12/31/23 1:20:15,1754511224,DiagPackage.dll,,File_Created / Basic_Info_Changed / Data_Added / Data_Overwritten / Extended_Attr_Changed / Access_Right_Changed,Normal,Archive,,0x000500000000CC13,0x003500000000BFA1,,,,0,2,False,True,0.5,False,DiagPackage.dll,,False,False,False,False,0,False,False,False,False,False,False,False,True,False,False,False,False,False,True,False,False,False,True,0,15,False,True,False,False,False,False,False,False,False,False,False,False,False,False,False,False,False,1,2.1877934654115063e-05,0.002187793465411506,False,<50%
diagpackage.dll.mui,,,,,,,,,,,,,,12/31/23 1:20:15,1754518032,DiagPackage.dll.mui,,File_Created / Basic_Info_Changed / Data_Added / Data_Overwritten / Access_Right_Changed,Normal,Archive,,0x000300000000CC87,0x000200000000CC85,,,,0,2,False,True,0.5,False,DiagPackage.dll.mui,,False,False,False,False,0,False,False,False,False,False,False,False,True,False,False,False,False,False,False,False,False,False,False,0,19,False,True,False,False,False,False,False,False,False,False,False,False,False,False,False,False,False,1,2.187793462899479e-05,0.002187793462899479,False,<50%
diagtrack-listener.etl,,,,,,,,,,,,,,12/28/23 8:51:12,1742218128,Diagtrack-Listener.etl,\ProgramData\Microsoft\Diagnosis\ETLLogs\ShutdownLogger\Diagtrack-Listener.etl,File_Created / Basic_Info_Changed,Normal,Not_Content_Indexed,,0x001700000000247D,0x0001000000019809,,,,0,4,False,True,0.5,False,Diagtrack-Listener.etl,\ProgramData\Microsoft\Diagnosis\ETLLogs\ShutdownLogger\Diagtrack-Listener.etl,False,False,False,False,0,False,False,False,False,False,False,False,True,False,False,False,False,False,False,False,False,False,False,6,22,True,True,False,False,False,False,False,False,False,False,False,False,False,False,False,False,False,1,2.1877381380496178e-05,0.002187738138049618,False,<50%
diagtrack-listener.etl.007,,,,,,,,,,,,,,12/28/23 9:21:15,1742285592,Diagtrack-Listener.etl.007,\Windows\System32\LogFiles\WMI\Diagtrack-Listener.etl.007,File_Created / Basic_Info_Changed / Content_Indexed_Attr_Changed,Normal,Not_Content_Indexed,,0x003D0000000002C8,0x000100000000117E,,,,0,4,False,True,0.5,False,Diagtrack-Listener.etl.007,\Windows\System32\LogFiles\WMI\Diagtrack-Listener.etl.007,False,False,False,False,0,False,False,False,False,False,False,False,True,False,False,False,False,False,False,False,False,False,False,5,26,False,True,False,False,False,False,False,False,False,False,False,False,False,False,True,False,False,1,2.187762658518503e-05,0.002187762658518503,False,<50%
dialogs.dat,,,,,,,,,,,,,,12/28/23 9:23:46,1742857184,Dialogs.dat,\Users\blueangel\AppData\Local\Temp\RarSFX1\Dialogs.dat,File_Created / Basic_Info_Changed / Data_Added / Data_Overwritten,Normal,Archive,,0x000200000000C586,0x000500000000C581,,,,0,2,False,True,0.5,False,Dialogs.dat,\Users\blueangel\AppData\Local\Temp\RarSFX1\Dialogs.dat,False,False,False,False,0,False,False,False,False,False,False,False,True,False,False,False,False,False,False,False,False,False,False,7,11,True,True,False,False,False,False,False,False,False,False,False,False,False,True,False,False,False,1,2.158464877656569e-05,0.002158464877656569,False,<50%
dismcore.dll,,,,,,,,,,,,,,12/27/23 16:33:46,1730501672,DismCore.dll,,File_Created / Basic_Info_Changed / Data_Added / Data_Overwritten / Extended_Attr_Changed / Access_Right_Changed,Normal,Archive,,0x000200000000C233,0x000200000000C22F,,,,0,12,False,True,0.5,False,DismCore.dll,,False,False,False,False,0,False,False,False,False,False,False,False,True,False,False,False,False,False,True,False,False,False,True,0,12,False,True,False,False,False,False,False,False,False,False,False,False,False,False,False,False,False,1,2.1877934654115063e-05,0.002187793465411506,False,<50%
dismcore.dll.mui,,,,,,,,,,,,,,12/27/23 16:33:46,1730505800,DismCore.dll.mui,,File_Created / Basic_Info_Changed / Data_Added / Data_Overwritten / Access_Right_Changed,Normal,Archive,,0x000200000000C23C,0x000200000000C239,,,,0,24,False,True,0.5,False,DismCore.dll.mui,,False,False,False,False,0,False,False,False,False,False,False,False,True,False,False,False,False,False,False,False,False,False,False,0,16,False,True,False,False,False,False,False,False,False,False,False,False,False,False,False,False,False,1,2.187793462899479e-05,0.002187793462899479,False,<50%
dismcoreps.dll,,,,,,,,,,,,,,12/27/23 16:33:46,1730502200,DismCorePS.dll,,File_Created / Basic_Info_Changed / Data_Added / Data_Overwritten / Extended_Attr_Changed / Access_Right_Changed,Normal,Archive,,0x000200000000C234,0x000200000000C22F,,,,0,12,False,True,0.5,False,DismCorePS.dll,,False,False,False,False,0,False,False,False,False,False,False,False,True,False,False,False,False,False,True,False,False,False,True,0,14,False,True,False,False,False,False,False,False,False,False,False,False,False,False,False,False,False,1,2.1877934654115063e-05,0.002187793465411506,False,<50%
dismhost.exe,,,,,,,,,,,,,,12/27/23 16:33:46,1730502744,DismHost.exe,,File_Created / Basic_Info_Changed / Data_Added / Data_Overwritten / Extended_Attr_Changed / Access_Right_Changed,Normal,Archive,,0x000200000000C235,0x000200000000C22F,,,,0,12,False,True,0.5,False,DismHost.exe,,False,False,False,False,0,False,False,False,False,False,False,False,True,False,False,False,False,False,True,False,False,False,False,0,12,False,True,False,False,False,False,False,False,False,False,False,False,False,False,False,False,False,1,2.1877934654115063e-05,0.002187793465411506,False,<50%
dismprov.dll,,,,,,,,,,,,,,12/27/23 16:33:46,1730503272,DismProv.dll,,File_Created / Basic_Info_Changed / Data_Added / Data_Overwritten / Extended_Attr_Changed / Access_Right_Changed,Normal,Archive,,0x000200000000C237,0x000200000000C22F,,,,0,12,False,True,0.5,False,DismProv.dll,,False,False,False,False,0,False,False,False,False,False,False,False,True,False,False,False,False,False,True,False,False,False,True,0,12,False,True,False,False,False,False,False,False,False,False,False,False,False,False,False,False,False,1,2.1877934654115063e-05,0.002187793465411506,False,<50%
dismprov.dll.mui,,,,,,,,,,,,,,12/27/23 16:33:46,1730506376,DismProv.dll.mui,,File_Created / Basic_Info_Changed / Data_Added / Data_Overwritten / Access_Right_Changed,Normal,Archive,,0x000200000000C23D,0x000200000000C239,,,,0,24,False,True,0.5,False,DismProv.dll.mui,,False,False,False,False,0,False,False,False,False,False,False,False,True,False,False,False,False,False,False,False,False,False,False,0,16,False,True,False,False,False,False,False,False,False,False,False,False,False,False,False,False,False,1,2.187793462899479e-05,0.002187793462899479,False,<50%
dmiprovider.dll,,,,,,,,,,,,,,12/27/23 16:33:46,1730503832,DmiProvider.dll,,File_Created / Basic_Info_Changed / Data_Added / Data_Overwritten / Extended_Attr_Changed / Access_Right_Changed,Normal,Archive,,0x000200000000C238,0x000200000000C22F,,,,0,12,False,True,0.5,False,DmiProvider.dll,,False,False,False,False,0,False,False,False,False,False,False,False,True,False,False,False,False,False,True,False,False,False,True,0,15,False,True,False,False,False,False,False,False,False,False,False,False,False,False,False,False,False,1,2.1877934654115063e-05,0.002187793465411506,False,<50%
dmiprovider.dll.mui,,,,,,,,,,,,,,12/27/23 16:33:46,1730520128,DmiProvider.dll.mui,,File_Created / Basic_Info_Changed / Data_Added / Data_Overwritten / Access_Right_Changed,Normal,Archive,,0x000200000000C255,0x000200000000C24F,,,,0,12,False,True,0.5,False,DmiProvider.dll.mui,,False,False,False,False,0,False,False,False,False,False,False,False,True,False,False,False,False,False,False,False,False,False,False,0,19,False,True,False,False,False,False,False,False,False,False,False,False,False,False,False,False,False,1,2.187793462899479e-05,0.002187793462899479,False,<50%
domgmt.20231227_183245_406.etl,,,,,,,,,,,,,,12/28/23 2:32:45,1737367352,domgmt.20231227_183245_406.etl,\Windows\ServiceProfiles\NetworkService\AppData\Local\Microsoft\Windows\DeliveryOptimization\Logs\domgmt.20231227_183245_406.etl,File_Created / Basic_Info_Changed / Content_Indexed_Attr_Changed,Normal,Not_Content_Indexed,,0x001700000000C3B0,0x0001000000019A0A,,,,0,4,False,True,0.5,False,domgmt.20231227_183245_406.etl,\Windows\ServiceProfiles\NetworkService\AppData\Local\Microsoft\Windows\DeliveryOptimization\Logs\domgmt.20231227_183245_406.etl,False,False,False,False,0,False,False,False,False,False,False,False,True,False,False,False,False,False,False,False,False,False,False,10,30,True,True,False,False,False,False,False,False,False,False,False,False,False,False,True,False,False,1,2.1877626505125618e-05,0.0021877626505125616,False,<50%
domgmt.20231230_171525_731.etl,,,,,,,,,,,,,,12/31/23 1:15:25,1754330096,domgmt.20231230_171525_731.etl,\Windows\ServiceProfiles\NetworkService\AppData\Local\Microsoft\Windows\DeliveryOptimization\Logs\domgmt.20231230_171525_731.etl,File_Created / Basic_Info_Changed / Content_Indexed_Attr_Changed,Normal,Not_Content_Indexed,,0x000300000000CC5C,0x0001000000019A0A,,,,0,4,False,True,0.5,False,domgmt.20231230_171525_731.etl,\Windows\ServiceProfiles\NetworkService\AppData\Local\Microsoft\Windows\DeliveryOptimization\Logs\domgmt.20231230_171525_731.etl,False,False,False,False,0,False,False,False,False,False,False,False,True,False,False,False,False,False,False,False,False,False,False,10,30,True,True,False,False,False,False,False,False,False,False,False,False,False,False,True,False,False,1,2.1877626505125618e-05,0.0021877626505125616,False,<50%
dosvc.20231228_012411_808.etl,,,,,,,,,,,,,,12/28/23 9:24:11,1742901544,dosvc.20231228_012411_808.etl,\Windows\ServiceProfiles\NetworkService\AppData\Local\Microsoft\Windows\DeliveryOptimization\Logs\dosvc.20231228_012411_808.etl,File_Created / Basic_Info_Changed / Content_Indexed_Attr_Changed,Normal,Not_Content_Indexed,,0x000300000000C5A5,0x0001000000019A0A,,,,0,3,False,True,0.5,False,dosvc.20231228_012411_808.etl,\Windows\ServiceProfiles\NetworkService\AppData\Local\Microsoft\Windows\DeliveryOptimization\Logs\dosvc.20231228_012411_808.etl,False,False,False,False,0,False,False,False,False,False,False,False,True,False,False,False,False,False,False,False,False,False,False,10,29,True,True,False,False,False,False,False,False,False,False,False,False,False,False,True,False,False,1,2.1877626505125618e-05,0.0021877626505125616,False,<50%
dosvcstate.dat,,,,,,,,,,,,,,12/28/23 8:51:12,1742214488,dosvcState.dat,\Windows\ServiceProfiles\NetworkService\AppData\Local\Microsoft\Windows\DeliveryOptimization\State\dosvcState.dat,Basic_Info_Changed / Data_Overwritten,Normal,Archive,,0x0001000000019FA6,0x0001000000019FA4,,,,0,2,False,True,0.5,False,dosvcState.dat,\Windows\ServiceProfiles\NetworkService\AppData\Local\Microsoft\Windows\DeliveryOptimization\State\dosvcState.dat,False,False,False,False,0,False,False,False,False,False,False,False,True,False,False,False,False,False,False,False,False,False,False,10,14,True,True,False,False,False,False,False,False,False,False,False,False,False,False,True,False,False,1,2.1877626505125618e-05,0.0021877626505125616,False,<50%
drive 3cc14e18 clusters.dir,,,,,,,,,,,,,,12/31/23 1:21:20,1754637120,Drive 3CC14E18 Clusters.dir,\Users\blueangel\AppData\Local\Temp\Drive 3CC14E18 Clusters.dir,File_Created / Basic_Info_Changed / Content_Indexed_Attr_Changed,Normal,Not_Content_Indexed,,0x001D0000000006AF,0x000100000001A2E5,,,,0,5,False,True,0.5,False,Drive 3CC14E18 Clusters.dir,\Users\blueangel\AppData\Local\Temp\Drive 3CC14E18 Clusters.dir,False,False,False,False,0,False,False,False,False,False,False,False,True,False,False,False,False,False,False,False,False,False,False,6,27,True,True,False,False,False,False,False,False,False,False,False,False,False,True,False,False,False,1,2.1788269298497864e-05,0.0021788269298497866,False,<50%
drive 3cc14e18 files 2.dir,,,,,,,,,,,,,,12/31/23 1:21:20,1754637712,Drive 3CC14E18 Files 2.dir,\Users\blueangel\AppData\Local\Temp\Drive 3CC14E18 Files 2.dir,File_Created / Basic_Info_Changed / Content_Indexed_Attr_Changed,Normal,Not_Content_Indexed,,0x000700000000AA7F,0x000100000001A2E5,,,,0,4,False,True,0.5,False,Drive 3CC14E18 Files 2.dir,\Users\blueangel\AppData\Local\Temp\Drive 3CC14E18 Files 2.dir,False,False,False,False,0,False,False,False,False,False,False,False,True,False,False,False,False,False,False,False,False,False,False,6,26,True,True,False,False,False,False,False,False,False,False,False,False,False,True,False,False,False,1,2.1788269298497864e-05,0.0021788269298497866,False,<50%
drive 3cc14e18 files 3.dir,,,,,,,,,,,,,,12/31/23 1:21:20,1754638048,Drive 3CC14E18 Files 3.dir,\Users\blueangel\AppData\Local\Temp\Drive 3CC14E18 Files 3.dir,File_Created / Basic_Info_Changed / Content_Indexed_Attr_Changed,Normal,Not_Content_Indexed,,0x000F00000000BAA5,0x000100000001A2E5,,,,0,4,False,True,0.5,False,Drive 3CC14E18 Files 3.dir,\Users\blueangel\AppData\Local\Temp\Drive 3CC14E18 Files 3.dir,False,False,False,False,0,False,False,False,False,False,False,False,True,False,False,False,False,False,False,False,False,False,False,6,26,True,True,False,False,False,False,False,False,False,False,False,False,False,True,False,False,False,1,2.1788269298497864e-05,0.0021788269298497866,False,<50%
drive 3cc14e18 files.dir,,,,,,,,,,,,,,12/31/23 1:21:59,1754650288,Drive 3CC14E18 Files.dir,\Users\blueangel\AppData\Local\Temp\Drive 3CC14E18 Files.dir,File_Created / Basic_Info_Changed / Content_Indexed_Attr_Changed,Normal,Not_Content_Indexed,,0x000600000000CC86,0x000100000001A2E5,,,,0,3,False,True,0.5,False,Drive 3CC14E18 Files.dir,\Users\blueangel\AppData\Local\Temp\Drive 3CC14E18 Files.dir,False,False,False,False,0,False,False,False,False,False,False,False,True,False,False,False,False,False,False,False,False,False,False,6,24,True,True,False,False,False,False,False,False,False,False,False,False,False,True,False,False,False,1,2.1788269298497864e-05,0.0021788269298497866,False,<50%
drivers,,,,,,,,,,,,,,12/27/23 16:36:01,1730592640,DRIVERS,\Windows\System32\config\DRIVERS,Basic_Info_Changed,Normal,Archive,,0x000100000000C94C,0x0001000000000E5D,,,,0,6,False,True,0.5,False,DRIVERS,\Windows\System32\config\DRIVERS,False,False,False,False,0,False,False,False,False,False,False,False,True,False,False,False,False,False,False,False,False,False,False,4,7,False,False,False,False,False,False,False,False,False,False,False,False,False,False,True,False,False,1,2.187762651145167e-05,0.002187762651145167,False,<50%
dropbox,,,,,,,,,,,,,,12/28/23 8:51:07,1742188840,Dropbox,\Users\blueangel\Dropbox,Basic_Info_Changed / Named_Stream_Changed / File_Closed,Normal,Directory / ReadOnly,,0x00090000000511D0,0x000100000001A2C6,,,,0,3,False,True,0.5,False,Dropbox,\Users\blueangel\Dropbox,False,False,False,False,0,False,False,False,False,False,False,False,True,False,False,False,False,False,False,False,False,False,False,3,7,False,False,False,False,False,False,False,False,False,False,False,False,False,False,False,False,False,1,2.1877486697407518e-05,0.0021877486697407518,False,<50%
dtctrace.log,,,,,,,,,,,,,,12/28/23 9:22:13,1742375792,dtctrace.log,\Windows\System32\MsDtc\Trace\dtctrace.log,File_Created / Basic_Info_Changed / Content_Indexed_Attr_Changed,Normal,Not_Content_Indexed,,0x0004000000001BB0,0x00010000000011AD,,,,0,3,False,True,0.5,False,dtctrace.log,\Windows\System32\MsDtc\Trace\dtctrace.log,False,False,False,False,0,False,False,False,False,False,False,False,True,False,False,False,False,False,False,False,False,False,False,5,12,False,True,False,False,False,False,False,False,False,False,False,False,False,False,True,False,False,1,2.187762658518503e-05,0.002187762658518503,False,<50%
e42a71ef16fa4c748bce27a99e53399c_1,,,,,,,,,,,,,,12/28/23 1:06:04,1736184720,e42a71ef16fa4c748bce27a99e53399c_1,\Users\blueangel\AppData\Local\Packages\Microsoft.Windows.ContentDeliveryManager_cw5n1h2txyewy\LocalState\TargetedContentCache\v3\314559\e42a71ef16fa4c748bce27a99e53399c_1,Basic_Info_Changed / File_Renamed_New / Access_Right_Changed,Normal,Archive,,0x002A0000000073B3,0x00380000000001AC,,,,0,4,False,True,0.5,False,e42a71ef16fa4c748bce27a99e53399c_1,\Users\blueangel\AppData\Local\Packages\Microsoft.Windows.ContentDeliveryManager_cw5n1h2txyewy\LocalState\TargetedContentCache\v3\314559\e42a71ef16fa4c748bce27a99e53399c_1,False,False,False,False,0,False,False,False,False,False,False,False,True,False,False,False,False,False,False,False,False,False,False,11,34,True,False,False,False,False,False,False,False,False,False,False,False,False,False,True,False,False,1,2.1877626505125618e-05,0.0021877626505125616,False,<50%
e42a71ef16fa4c748bce27a99e53399c_1.~tmp,,,,,,,,,,,,,,12/28/23 1:06:04,1736183456,e42a71ef16fa4c748bce27a99e53399c_1.~tmp,\Users\blueangel\AppData\Local\Packages\Microsoft.Windows.ContentDeliveryManager_cw5n1h2txyewy\LocalState\TargetedContentCache\v3\314559\e42a71ef16fa4c748bce27a99e53399c_1.~tmp,Basic_Info_Changed,Normal,Archive,,0x002A0000000073B3,0x00380000000001AC,,,,0,6,False,True,0.5,False,e42a71ef16fa4c748bce27a99e53399c_1.~tmp,\Users\blueangel\AppData\Local\Packages\Microsoft.Windows.ContentDeliveryManager_cw5n1h2txyewy\LocalState\TargetedContentCache\v3\314559\e42a71ef16fa4c748bce27a99e53399c_1.~tmp,False,False,False,False,0,False,False,False,False,False,False,False,True,False,False,False,False,False,False,False,False,False,False,11,39,True,True,False,False,False,False,False,False,False,False,False,False,False,True,True,False,False,1,2.1883217742821573e-05,0.0021883217742821575,False,<50%
e42a71ef16fa4c748bce27a99e53399c_2,,,,,,,,,,,,,,12/28/23 1:06:07,1736193632,e42a71ef16fa4c748bce27a99e53399c_2,\Users\blueangel\AppData\Local\Packages\Microsoft.Windows.ContentDeliveryManager_cw5n1h2txyewy\LocalState\TargetedContentCache\v3\314559\e42a71ef16fa4c748bce27a99e53399c_2,Basic_Info_Changed / File_Renamed_New / Access_Right_Changed,Normal,Archive,,0x0021000000007B67,0x00380000000001AC,,,,0,4,False,True,0.5,False,e42a71ef16fa4c748bce27a99e53399c_2,\Users\blueangel\AppData\Local\Packages\Microsoft.Windows.ContentDeliveryManager_cw5n1h2txyewy\LocalState\TargetedContentCache\v3\314559\e42a71ef16fa4c748bce27a99e53399c_2,False,False,False,False,0,False,False,False,False,False,False,False,True,False,False,False,False,False,False,False,False,False,False,11,34,True,False,False,False,False,False,False,False,False,False,False,False,False,False,True,False,False,1,2.1877626505125618e-05,0.0021877626505125616,False,<50%
e42a71ef16fa4c748bce27a99e53399c_2.~tmp,,,,,,,,,,,,,,12/28/23 1:06:07,1736192432,e42a71ef16fa4c748bce27a99e53399c_2.~tmp,\Users\blueangel\AppData\Local\Packages\Microsoft.Windows.ContentDeliveryManager_cw5n1h2txyewy\LocalState\TargetedContentCache\v3\314559\e42a71ef16fa4c748bce27a99e53399c_2.~tmp,Basic_Info_Changed,Normal,Archive,,0x0021000000007B67,0x00380000000001AC,,,,0,6,False,True,0.5,False,e42a71ef16fa4c748bce27a99e53399c_2.~tmp,\Users\blueangel\AppData\Local\Packages\Microsoft.Windows.ContentDeliveryManager_cw5n1h2txyewy\LocalState\TargetedContentCache\v3\314559\e42a71ef16fa4c748bce27a99e53399c_2.~tmp,False,False,False,False,0,False,False,False,False,False,False,False,True,False,False,False,False,False,False,False,False,False,False,11,39,True,True,False,False,False,False,False,False,False,False,False,False,False,True,True,False,False,1,2.1883217742821573e-05,0.0021883217742821575,False,<50%
e42a71ef16fa4c748bce27a99e53399c_3,,,,,,,,,,,,,,12/28/23 9:51:58,1743621792,e42a71ef16fa4c748bce27a99e53399c_3,,Basic_Info_Changed / File_Renamed_New / Access_Right_Changed,Normal,Archive,,0x000900000000C642,0x00380000000001AC,,,,0,2,False,True,0.5,False,e42a71ef16fa4c748bce27a99e53399c_3,,False,False,False,False,0,False,False,False,False,False,False,False,True,False,False,False,False,False,False,False,False,False,False,0,34,False,False,False,False,False,False,False,False,False,False,False,False,False,False,False,False,False,1,2.187793462899479e-05,0.002187793462899479,False,<50%
e42a71ef16fa4c748bce27a99e53399c_3.~tmp,,,,,,,,,,,,,,12/28/23 9:51:58,1743620592,e42a71ef16fa4c748bce27a99e53399c_3.~tmp,,Basic_Info_Changed,Normal,Archive,,0x000900000000C642,0x00380000000001AC,,,,0,3,False,True,0.5,False,e42a71ef16fa4c748bce27a99e53399c_3.~tmp,,False,False,False,False,0,False,False,False,False,False,False,False,True,False,False,False,False,False,False,False,False,False,False,0,39,False,True,False,False,False,False,False,False,False,False,False,False,False,False,False,False,False,1,2.1898443618673476e-05,0.0021898443618673475,False,<50%
e4612429a73a2143988311783cca4ce1,,,,,,,,,,,,,,12/28/23 9:31:45,1743271808,e4612429a73a2143988311783cca4ce1,\Windows\System32\config\systemprofile\AppData\Local\e4612429a73a2143988311783cca4ce1,Basic_Info_Changed / Compression_Changed / Data_Overwritten / Content_Indexed_Attr_Changed,Normal,Archive / Compressed,,0x001200000000C695,0x0001000000000E62,,,,0,2,False,True,0.5,False,e4612429a73a2143988311783cca4ce1,\Windows\System32\config\systemprofile\AppData\Local\e4612429a73a2143988311783cca4ce1,False,False,False,False,0,False,False,False,False,False,False,False,True,False,False,False,False,False,False,False,False,False,False,7,32,True,False,False,False,False,False,False,False,False,False,False,False,False,True,True,False,False,1,2.1616043115855488e-05,0.0021616043115855487,False,<50%
ebcdic.dat,,,,,,,,,,,,,,12/28/23 9:23:46,1742857600,ebcdic.dat,\Users\blueangel\AppData\Local\Temp\RarSFX1\ebcdic.dat,File_Created / Basic_Info_Changed / Data_Added / Data_Overwritten,Normal,Archive,,0x000200000000C587,0x000500000000C581,,,,0,2,False,True,0.5,False,ebcdic.dat,\Users\blueangel\AppData\Local\Temp\RarSFX1\ebcdic.dat,False,False,False,False,0,False,False,False,False,False,False,False,True,False,False,False,False,False,False,False,False,False,False,7,10,True,True,False,False,False,False,False,False,False,False,False,False,False,True,False,False,False,1,2.158464877656569e-05,0.002158464877656569,False,<50%
en-us,,,,,,,,,,,,,,12/27/23 16:33:52,1730556696,en-US,,Basic_Info_Changed / Content_Indexed_Attr_Changed,Normal,Directory / Not_Content_Indexed,,0x000200000000C239,0x000200000000C22F,,,,0,6,False,True,0.5,False,en-US,,False,False,False,False,0,False,False,False,False,False,False,False,True,False,False,False,False,False,False,False,False,False,False,0,5,False,False,False,False,False,False,False,False,False,False,False,False,False,False,False,False,False,1,2.187793462899479e-05,0.002187793462899479,False,<50%
energy-report-2023-12-27.xml,,,,,,,,,,,,,,12/27/23 16:49:55,1730773352,energy-report-2023-12-27.xml,\ProgramData\Microsoft\Windows\Power Efficiency Diagnostics\energy-report-2023-12-27.xml,Basic_Info_Changed / Data_Added / Data_Overwritten / Data_Truncated,Normal,Archive / Not_Content_Indexed,,0x001C000000008F15,0x00010000000005DA,,,,0,2,False,True,0.5,False,energy-report-2023-12-27.xml,\ProgramData\Microsoft\Windows\Power Efficiency Diagnostics\energy-report-2023-12-27.xml,False,False,False,False,0,False,False,False,False,False,False,False,True,False,False,False,False,False,False,False,False,False,False,5,28,True,True,False,False,False,False,False,False,False,False,False,False,False,False,True,False,False,1,2.187762658518503e-05,0.002187762658518503,False,<50%
energy-report-2023-12-28.xml,,,,,,,,,,,,,,12/28/23 17:37:58,1750012920,energy-report-2023-12-28.xml,\ProgramData\Microsoft\Windows\Power Efficiency Diagnostics\energy-report-2023-12-28.xml,File_Created / Basic_Info_Changed / Data_Added / Data_Overwritten,Normal,Archive / Not_Content_Indexed,,0x0020000000007E11,0x00010000000005DA,,,,0,2,False,True,0.5,False,energy-report-2023-12-28.xml,\ProgramData\Microsoft\Windows\Power Efficiency Diagnostics\energy-report-2023-12-28.xml,False,False,False,False,0,False,False,False,False,False,False,False,True,False,False,False,False,False,False,False,False,False,False,5,28,True,True,False,False,False,False,False,False,False,False,False,False,False,False,True,False,False,1,2.187762658518503e-05,0.002187762658518503,False,<50%
energy-trace.etl,,,,,,,,,,,,,,12/27/23 16:48:52,1730758808,energy-trace.etl,\ProgramData\Microsoft\Windows\Power Efficiency Diagnostics\energy-trace.etl,File_Created / Basic_Info_Changed,Normal,Not_Content_Indexed,,0x00FB000000001C31,0x00010000000005DA,,,,0,8,False,True,0.5,False,energy-trace.etl,\ProgramData\Microsoft\Windows\Power Efficiency Diagnostics\energy-trace.etl,False,False,False,False,0,False,False,False,False,False,False,False,True,False,False,False,False,False,False,False,False,False,False,5,16,True,True,False,False,False,False,False,False,False,False,False,False,False,False,True,False,False,1,2.187762658518503e-05,0.002187762658518503,False,<50%
explorerstartuplog_runonce.etl,,,,,,,,,,,,,,12/28/23 9:22:55,1742676976,ExplorerStartupLog_RunOnce.etl,\Users\blueangel\AppData\Local\Microsoft\Windows\Explorer\ExplorerStartupLog_RunOnce.etl,Basic_Info_Changed / Data_Truncated,Normal,Not_Content_Indexed,,0x000300000001F6E6,0x000100000001A404,,,,0,4,False,True,0.5,False,ExplorerStartupLog_RunOnce.etl,\Users\blueangel\AppData\Local\Microsoft\Windows\Explorer\ExplorerStartupLog_RunOnce.etl,False,False,False,False,0,False,False,False,False,False,False,False,True,False,False,False,False,False,False,False,False,False,False,8,30,True,True,False,False,False,False,False,False,False,False,False,False,False,False,True,False,False,1,2.18776211671928e-05,0.00218776211671928,False,<50%
ext directory entry.tpl,,,,,,,,,,,,,,12/28/23 9:23:46,1742858096,Ext Directory Entry.tpl,\Users\blueangel\AppData\Local\Temp\RarSFX1\Ext Directory Entry.tpl,File_Created / Basic_Info_Changed / Data_Added / Data_Overwritten,Normal,Archive,,0x000200000000C588,0x000500000000C581,,,,0,2,False,True,0.5,False,Ext Directory Entry.tpl,\Users\blueangel\AppData\Local\Temp\RarSFX1\Ext Directory Entry.tpl,False,False,False,False,0,False,False,False,False,False,False,False,True,False,False,False,False,False,False,False,False,False,False,7,23,True,True,False,False,False,False,False,False,False,False,False,False,False,True,False,False,False,1,2.158464877656569e-05,0.002158464877656569,False,<50%
ext group descriptor.tpl,,,,,,,,,,,,,,12/28/23 9:23:46,1742858656,Ext Group Descriptor.tpl,\Users\blueangel\AppData\Local\Temp\RarSFX1\Ext Group Descriptor.tpl,File_Created / Basic_Info_Changed / Data_Added / Data_Overwritten,Normal,Archive,,0x000200000000C589,0x000500000000C581,,,,0,2,False,True,0.5,False,Ext Group Descriptor.tpl,\Users\blueangel\AppData\Local\Temp\RarSFX1\Ext Group Descriptor.tpl,False,False,False,False,0,False,False,False,False,False,False,False,True,False,False,False,False,False,False,False,False,False,False,7,24,True,True,False,False,False,False,False,False,False,False,False,False,False,True,False,False,False,1,2.158464877656569e-05,0.002158464877656569,False,<50%
ext inode.tpl,,,,,,,,,,,,,,12/28/23 9:23:46,1742859144,Ext Inode.tpl,\Users\blueangel\AppData\Local\Temp\RarSFX1\Ext Inode.tpl,File_Created / Basic_Info_Changed / Data_Added / Data_Overwritten,Normal,Archive,,0x000200000000C58A,0x000500000000C581,,,,0,2,False,True,0.5,False,Ext Inode.tpl,\Users\blueangel\AppData\Local\Temp\RarSFX1\Ext Inode.tpl,False,False,False,False,0,False,False,False,False,False,False,False,True,False,False,False,False,False,False,False,False,False,False,7,13,True,True,False,False,False,False,False,False,False,False,False,False,False,True,False,False,False,1,2.158464877656569e-05,0.002158464877656569,False,<50%
ext superblock.tpl,,,,,,,,,,,,,,12/28/23 9:23:46,1742859608,Ext Superblock.tpl,\Users\blueangel\AppData\Local\Temp\RarSFX1\Ext Superblock.tpl,File_Created / Basic_Info_Changed / Data_Added / Data_Overwritten,Normal,Archive,,0x000200000000C58B,0x000500000000C581,,,,0,2,False,True,0.5,False,Ext Superblock.tpl,\Users\blueangel\AppData\Local\Temp\RarSFX1\Ext Superblock.tpl,False,False,False,False,0,False,False,False,False,False,False,False,True,False,False,False,False,False,False,False,False,False,False,7,18,True,True,False,False,False,False,False,False,False,False,False,False,False,True,False,False,False,1,2.158464877656569e-05,0.002158464877656569,False,<50%
f18460fded109990.customdestinations-ms,,,,,,,,,,,,,,12/28/23 9:23:40,1742838168,f18460fded109990.customDestinations-ms,\Users\blueangel\AppData\Roaming\Microsoft\Windows\Recent\CustomDestinations\f18460fded109990.customDestinations-ms,Basic_Info_Changed / File_Renamed_New / Access_Right_Changed,Normal,Archive,,0x000200000000C579,0x000500000001A277,,,,0,2,False,True,0.5,False,f18460fded109990.customDestinations-ms,\Users\blueangel\AppData\Roaming\Microsoft\Windows\Recent\CustomDestinations\f18460fded109990.customDestinations-ms,False,False,False,False,0,False,False,False,False,False,False,False,True,False,False,False,False,False,False,False,False,False,False,9,38,True,True,False,False,False,False,False,False,False,False,False,False,False,False,True,False,False,1,2.1898135203877065e-05,0.0021898135203877065,False,<50%
f2d0e9ab980e694a8b0cec8217300365,,,,,,,,,,,,,,12/28/23 9:31:44,1743218600,f2d0e9ab980e694a8b0cec8217300365,\Windows\System32\config\systemprofile\AppData\Local\f2d0e9ab980e694a8b0cec8217300365,Basic_Info_Changed / Compression_Changed / Data_Overwritten / Content_Indexed_Attr_Changed,Normal,Archive / Compressed,,0x000400000000C687,0x0001000000000E62,,,,0,2,False,True,0.5,False,f2d0e9ab980e694a8b0cec8217300365,\Windows\System32\config\systemprofile\AppData\Local\f2d0e9ab980e694a8b0cec8217300365,False,False,False,False,0,False,False,False,False,False,False,False,True,False,False,False,False,False,False,False,False,False,False,7,32,True,False,False,False,False,False,False,False,False,False,False,False,False,True,True,False,False,1,2.1616043115855488e-05,0.0021616043115855487,False,<50%
f88f8b8e-75b7-4786-b6b7-4edb46663289.tmp,,,,,,,,,,,,,,12/28/23 9:24:02,1742891656,f88f8b8e-75b7-4786-b6b7-4edb46663289.tmp,\Users\blueangel\AppData\Roaming\Microsoft\Teams\Network\f88f8b8e-75b7-4786-b6b7-4edb46663289.tmp,Basic_Info_Changed,Normal,Archive,,0x000300000000C559,0x0008000000012270,,,,0,3,False,True,0.5,False,f88f8b8e-75b7-4786-b6b7-4edb46663289.tmp,\Users\blueangel\AppData\Roaming\Microsoft\Teams\Network\f88f8b8e-75b7-4786-b6b7-4edb46663289.tmp,False,False,False,False,0,False,False,False,False,False,False,False,True,False,False,False,False,False,False,False,False,False,False,8,40,True,True,False,False,False,False,False,False,False,False,False,False,False,True,False,False,False,1,2.1539770495795243e-05,0.002153977049579524,False,<50%
fat directory entry.tpl,,,,,,,,,,,,,,12/28/23 9:23:46,1742860136,FAT Directory Entry.tpl,\Users\blueangel\AppData\Local\Temp\RarSFX1\FAT Directory Entry.tpl,File_Created / Basic_Info_Changed / Data_Added / Data_Overwritten,Normal,Archive,,0x000300000000C58D,0x000500000000C581,,,,0,2,False,True,0.5,False,FAT Directory Entry.tpl,\Users\blueangel\AppData\Local\Temp\RarSFX1\FAT Directory Entry.tpl,False,False,False,False,0,False,False,False,False,False,False,False,True,False,False,False,False,False,False,False,False,False,False,7,23,True,True,False,False,False,False,False,False,False,False,False,False,False,True,False,False,False,1,2.158464877656569e-05,0.002158464877656569,False,<50%
fat lfn entry.tpl,,,,,,,,,,,,,,12/28/23 9:23:46,1742860688,FAT LFN Entry.tpl,\Users\blueangel\AppData\Local\Temp\RarSFX1\FAT LFN Entry.tpl,File_Created / Basic_Info_Changed / Data_Added / Data_Overwritten,Normal,Archive,,0x000200000000C58E,0x000500000000C581,,,,0,2,False,True,0.5,False,FAT LFN Entry.tpl,\Users\blueangel\AppData\Local\Temp\RarSFX1\FAT LFN Entry.tpl,False,False,False,False,0,False,False,False,False,False,False,False,True,False,False,False,False,False,False,False,False,False,False,7,17,True,True,False,False,False,False,False,False,False,False,False,False,False,True,False,False,False,1,2.158464877656569e-05,0.002158464877656569,False,<50%
ffuprovider.dll,,,,,,,,,,,,,,12/27/23 16:33:46,1730511680,FfuProvider.dll,,File_Created / Basic_Info_Changed / Data_Added / Data_Overwritten / Extended_Attr_Changed / Access_Right_Changed,Normal,Archive,,0x000200000000C248,0x000200000000C22F,,,,0,12,False,True,0.5,False,FfuProvider.dll,,False,False,False,False,0,False,False,False,False,False,False,False,True,False,False,False,False,False,True,False,False,False,True,0,15,False,True,False,False,False,False,False,False,False,False,False,False,False,False,False,False,False,1,2.1877934654115063e-05,0.002187793465411506,False,<50%
ffuprovider.dll.mui,,,,,,,,,,,,,,12/27/23 16:33:46,1730520752,FfuProvider.dll.mui,,File_Created / Basic_Info_Changed / Data_Added / Data_Overwritten / Access_Right_Changed,Normal,Archive,,0x000200000000C257,0x000200000000C24F,,,,0,12,False,True,0.5,False,FfuProvider.dll.mui,,False,False,False,False,0,False,False,False,False,False,False,False,True,False,False,False,False,False,False,False,False,False,False,0,19,False,True,False,False,False,False,False,False,False,False,False,False,False,False,False,False,False,1,2.187793462899479e-05,0.002187793462899479,False,<50%
file type signatures search.txt,,,,,,,,,,,,,,12/28/23 9:23:46,1742861264,File Type Signatures Search.txt,\Users\blueangel\AppData\Local\Temp\RarSFX1\File Type Signatures Search.txt,File_Created / Basic_Info_Changed / Data_Added / Data_Overwritten,Normal,Archive,,0x000200000000C58F,0x000500000000C581,,,,0,2,False,True,0.5,False,File Type Signatures Search.txt,\Users\blueangel\AppData\Local\Temp\RarSFX1\File Type Signatures Search.txt,False,False,False,False,0,False,False,False,False,False,False,False,True,False,False,False,False,False,False,False,True,False,False,7,31,True,True,False,False,False,False,False,False,False,False,False,False,False,True,False,False,False,1,2.158464877656569e-05,0.002158464877656569,False,<50%
filecoauth-2023-12-28.0122.8916.1.aodl,,,,,,,,,,,,,,12/28/23 9:22:36,1742584512,FileCoAuth-2023-12-28.0122.8916.1.aodl,\Users\blueangel\AppData\Local\Microsoft\OneDrive\logs\Common\FileCoAuth-2023-12-28.0122.8916.1.aodl,File_Created / Basic_Info_Changed / Data_Added,Normal,Archive / Compressed,,0x000200000000C4D9,0x000200000001E4E0,,,,0,2,False,True,0.5,False,FileCoAuth-2023-12-28.0122.8916.1.aodl,\Users\blueangel\AppData\Local\Microsoft\OneDrive\logs\Common\FileCoAuth-2023-12-28.0122.8916.1.aodl,False,False,False,False,0,False,False,False,False,False,False,False,True,False,False,False,False,False,False,False,False,False,False,9,38,True,True,False,False,False,False,False,False,False,False,False,False,False,False,False,False,False,1,2.1898138073925485e-05,0.0021898138073925483,False,<50%
filecoauth-2023-12-28.0123.3936.1.aodl,,,,,,,,,,,,,,12/28/23 9:23:48,1742871552,FileCoAuth-2023-12-28.0123.3936.1.aodl,\Users\blueangel\AppData\Local\Microsoft\OneDrive\logs\Common\FileCoAuth-2023-12-28.0123.3936.1.aodl,File_Created / Basic_Info_Changed / Data_Added,Normal,Archive / Compressed,,0x000300000000C57A,0x000200000001E4E0,,,,0,2,False,True,0.5,False,FileCoAuth-2023-12-28.0123.3936.1.aodl,\Users\blueangel\AppData\Local\Microsoft\OneDrive\logs\Common\FileCoAuth-2023-12-28.0123.3936.1.aodl,False,False,False,False,0,False,False,False,False,False,False,False,True,False,False,False,False,False,False,False,False,False,False,9,38,True,True,False,False,False,False,False,False,False,False,False,False,False,False,False,False,False,1,2.1898138073925485e-05,0.0021898138073925483,False,<50%
filecoauth-2023-12-28.0132.10928.1.aodl,,,,,,,,,,,,,,12/28/23 9:32:32,1743324112,FileCoAuth-2023-12-28.0132.10928.1.aodl,\Users\blueangel\AppData\Local\Microsoft\OneDrive\logs\Common\FileCoAuth-2023-12-28.0132.10928.1.aodl,File_Created / Basic_Info_Changed / Data_Added,Normal,Archive / Compressed,,0x000600000000C635,0x000200000001E4E0,,,,0,2,False,True,0.5,False,FileCoAuth-2023-12-28.0132.10928.1.aodl,\Users\blueangel\AppData\Local\Microsoft\OneDrive\logs\Common\FileCoAuth-2023-12-28.0132.10928.1.aodl,False,False,False,False,0,False,False,False,False,False,False,False,True,False,False,False,False,False,False,False,False,False,False,9,39,True,True,False,False,False,False,False,False,False,False,False,False,False,False,False,False,False,1,2.1898138073925485e-05,0.0021898138073925483,False,<50%
filecoauth-2023-12-28.0142.10668.1.aodl,,,,,,,,,,,,,,12/28/23 9:42:32,1743475200,FileCoAuth-2023-12-28.0142.10668.1.aodl,\Users\blueangel\AppData\Local\Microsoft\OneDrive\logs\Common\FileCoAuth-2023-12-28.0142.10668.1.aodl,File_Created / Basic_Info_Changed / Data_Added,Normal,Archive / Compressed,,0x000E0000000010F4,0x000200000001E4E0,,,,0,2,False,True,0.5,False,FileCoAuth-2023-12-28.0142.10668.1.aodl,\Users\blueangel\AppData\Local\Microsoft\OneDrive\logs\Common\FileCoAuth-2023-12-28.0142.10668.1.aodl,False,False,False,False,0,False,False,False,False,False,False,False,True,False,False,False,False,False,False,False,False,False,False,9,39,True,True,False,False,False,False,False,False,False,False,False,False,False,False,False,False,False,1,2.1898138073925485e-05,0.0021898138073925483,False,<50%
filecoauth-2023-12-28.0152.10568.1.aodl,,,,,,,,,,,,,,12/28/23 9:52:32,1743651920,FileCoAuth-2023-12-28.0152.10568.1.aodl,\Users\blueangel\AppData\Local\Microsoft\OneDrive\logs\Common\FileCoAuth-2023-12-28.0152.10568.1.aodl,File_Created / Basic_Info_Changed / Data_Added,Normal,Archive / Compressed,,0x000D00000000C644,0x000200000001E4E0,,,,0,2,False,True,0.5,False,FileCoAuth-2023-12-28.0152.10568.1.aodl,\Users\blueangel\AppData\Local\Microsoft\OneDrive\logs\Common\FileCoAuth-2023-12-28.0152.10568.1.aodl,False,False,False,False,0,False,False,False,False,False,False,False,True,False,False,False,False,False,False,False,False,False,False,9,39,True,True,False,False,False,False,False,False,False,False,False,False,False,False,False,False,False,1,2.1898138073925485e-05,0.0021898138073925483,False,<50%
filecoauth-2023-12-28.0202.9240.1.aodl,,,,,,,,,,,,,,12/28/23 10:02:32,1743793712,FileCoAuth-2023-12-28.0202.9240.1.aodl,\Users\blueangel\AppData\Local\Microsoft\OneDrive\logs\Common\FileCoAuth-2023-12-28.0202.9240.1.aodl,File_Created / Basic_Info_Changed / Data_Added,Normal,Archive / Compressed,,0x004A000000001BAC,0x000200000001E4E0,,,,0,2,False,True,0.5,False,FileCoAuth-2023-12-28.0202.9240.1.aodl,\Users\blueangel\AppData\Local\Microsoft\OneDrive\logs\Common\FileCoAuth-2023-12-28.0202.9240.1.aodl,False,False,False,False,0,False,False,False,False,False,False,False,True,False,False,False,False,False,False,False,False,False,False,9,38,True,True,False,False,False,False,False,False,False,False,False,False,False,False,False,False,False,1,2.1898138073925485e-05,0.0021898138073925483,False,<50%
filecoauth-2023-12-28.0212.7956.1.aodl,,,,,,,,,,,,,,12/28/23 10:12:32,1743918400,FileCoAuth-2023-12-28.0212.7956.1.aodl,\Users\blueangel\AppData\Local\Microsoft\OneDrive\logs\Common\FileCoAuth-2023-12-28.0212.7956.1.aodl,File_Created / Basic_Info_Changed / Data_Added,Normal,Archive / Compressed,,0x00500000000083F1,0x000200000001E4E0,,,,0,2,False,True,0.5,False,FileCoAuth-2023-12-28.0212.7956.1.aodl,\Users\blueangel\AppData\Local\Microsoft\OneDrive\logs\Common\FileCoAuth-2023-12-28.0212.7956.1.aodl,False,False,False,False,0,False,False,False,False,False,False,False,True,False,False,False,False,False,False,False,False,False,False,9,38,True,True,False,False,False,False,False,False,False,False,False,False,False,False,False,False,False,1,2.1898138073925485e-05,0.0021898138073925483,False,<50%
filecoauth-2023-12-28.0222.7968.1.aodl,,,,,,,,,,,,,,12/28/23 10:22:32,1744045344,FileCoAuth-2023-12-28.0222.7968.1.aodl,\Users\blueangel\AppData\Local\Microsoft\OneDrive\logs\Common\FileCoAuth-2023-12-28.0222.7968.1.aodl,File_Created / Basic_Info_Changed / Data_Added,Normal,Archive / Compressed,,0x007C00000000C169,0x000200000001E4E0,,,,0,2,False,True,0.5,False,FileCoAuth-2023-12-28.0222.7968.1.aodl,\Users\blueangel\AppData\Local\Microsoft\OneDrive\logs\Common\FileCoAuth-2023-12-28.0222.7968.1.aodl,False,False,False,False,0,False,False,False,False,False,False,False,True,False,False,False,False,False,False,False,False,False,False,9,38,True,True,False,False,False,False,False,False,False,False,False,False,False,False,False,False,False,1,2.1898138073925485e-05,0.0021898138073925483,False,<50%
filecoauth-2023-12-28.0232.6016.1.aodl,,,,,,,,,,,,,,12/28/23 10:32:32,1744213680,FileCoAuth-2023-12-28.0232.6016.1.aodl,\Users\blueangel\AppData\Local\Microsoft\OneDrive\logs\Common\FileCoAuth-2023-12-28.0232.6016.1.aodl,File_Created / Basic_Info_Changed / Data_Added,Normal,Archive / Compressed,,0x005100000000C648,0x000200000001E4E0,,,,0,2,False,True,0.5,False,FileCoAuth-2023-12-28.0232.6016.1.aodl,\Users\blueangel\AppData\Local\Microsoft\OneDrive\logs\Common\FileCoAuth-2023-12-28.0232.6016.1.aodl,False,False,False,False,0,False,False,False,False,False,False,False,True,False,False,False,False,False,False,False,False,False,False,9,38,True,True,False,False,False,False,False,False,False,False,False,False,False,False,False,False,False,1,2.1898138073925485e-05,0.0021898138073925483,False,<50%
filecoauth-2023-12-28.0242.8120.1.aodl,,,,,,,,,,,,,,12/28/23 10:42:32,1744341952,FileCoAuth-2023-12-28.0242.8120.1.aodl,\Users\blueangel\AppData\Local\Microsoft\OneDrive\logs\Common\FileCoAuth-2023-12-28.0242.8120.1.aodl,File_Created / Basic_Info_Changed / Data_Added,Normal,Archive / Compressed,,0x007D00000000C418,0x000200000001E4E0,,,,0,2,False,True,0.5,False,FileCoAuth-2023-12-28.0242.8120.1.aodl,\Users\blueangel\AppData\Local\Microsoft\OneDrive\logs\Common\FileCoAuth-2023-12-28.0242.8120.1.aodl,False,False,False,False,0,False,False,False,False,False,False,False,True,False,False,False,False,False,False,False,False,False,False,9,38,True,True,False,False,False,False,False,False,False,False,False,False,False,False,False,False,False,1,2.1898138073925485e-05,0.0021898138073925483,False,<50%
filecoauth-2023-12-28.0252.3996.1.aodl,,,,,,,,,,,,,,12/28/23 10:52:32,1744464816,FileCoAuth-2023-12-28.0252.3996.1.aodl,\Users\blueangel\AppData\Local\Microsoft\OneDrive\logs\Common\FileCoAuth-2023-12-28.0252.3996.1.aodl,File_Created / Basic_Info_Changed / Data_Added,Normal,Archive / Compressed,,0x008100000000C397,0x000200000001E4E0,,,,0,2,False,True,0.5,False,FileCoAuth-2023-12-28.0252.3996.1.aodl,\Users\blueangel\AppData\Local\Microsoft\OneDrive\logs\Common\FileCoAuth-2023-12-28.0252.3996.1.aodl,False,False,False,False,0,False,False,False,False,False,False,False,True,False,False,False,False,False,False,False,False,False,False,9,38,True,True,False,False,False,False,False,False,False,False,False,False,False,False,False,False,False,1,2.1898138073925485e-05,0.0021898138073925483,False,<50%
filecoauth-2023-12-28.0302.8164.1.aodl,,,,,,,,,,,,,,12/28/23 11:02:32,1744588144,FileCoAuth-2023-12-28.0302.8164.1.aodl,\Users\blueangel\AppData\Local\Microsoft\OneDrive\logs\Common\FileCoAuth-2023-12-28.0302.8164.1.aodl,File_Created / Basic_Info_Changed / Data_Added,Normal,Archive / Compressed,,0x000B00000000C673,0x000200000001E4E0,,,,0,2,False,True,0.5,False,FileCoAuth-2023-12-28.0302.8164.1.aodl,\Users\blueangel\AppData\Local\Microsoft\OneDrive\logs\Common\FileCoAuth-2023-12-28.0302.8164.1.aodl,False,False,False,False,0,False,False,False,False,False,False,False,True,False,False,False,False,False,False,False,False,False,False,9,38,True,True,False,False,False,False,False,False,False,False,False,False,False,False,False,False,False,1,2.1898138073925485e-05,0.0021898138073925483,False,<50%
filecoauth-2023-12-28.0312.5232.1.aodl,,,,,,,,,,,,,,12/28/23 11:12:32,1744733968,FileCoAuth-2023-12-28.0312.5232.1.aodl,\Users\blueangel\AppData\Local\Microsoft\OneDrive\logs\Common\FileCoAuth-2023-12-28.0312.5232.1.aodl,File_Created / Basic_Info_Changed / Data_Added,Normal,Archive / Compressed,,0x009500000000C671,0x000200000001E4E0,,,,0,2,False,True,0.5,False,FileCoAuth-2023-12-28.0312.5232.1.aodl,\Users\blueangel\AppData\Local\Microsoft\OneDrive\logs\Common\FileCoAuth-2023-12-28.0312.5232.1.aodl,False,False,False,False,0,False,False,False,False,False,False,False,True,False,False,False,False,False,False,False,False,False,False,9,38,True,True,False,False,False,False,False,False,False,False,False,False,False,False,False,False,False,1,2.1898138073925485e-05,0.0021898138073925483,False,<50%
filecoauth-2023-12-28.0322.11656.1.aodl,,,,,,,,,,,,,,12/28/23 11:22:32,1744858912,FileCoAuth-2023-12-28.0322.11656.1.aodl,\Users\blueangel\AppData\Local\Microsoft\OneDrive\logs\Common\FileCoAuth-2023-12-28.0322.11656.1.aodl,File_Created / Basic_Info_Changed / Data_Added,Normal,Archive / Compressed,,0x002700000000C1CA,0x000200000001E4E0,,,,0,2,False,True,0.5,False,FileCoAuth-2023-12-28.0322.11656.1.aodl,\Users\blueangel\AppData\Local\Microsoft\OneDrive\logs\Common\FileCoAuth-2023-12-28.0322.11656.1.aodl,False,False,False,False,0,False,False,False,False,False,False,False,True,False,False,False,False,False,False,False,False,False,False,9,39,True,True,False,False,False,False,False,False,False,False,False,False,False,False,False,False,False,1,2.1898138073925485e-05,0.0021898138073925483,False,<50%
filecoauth-2023-12-28.0332.984.1.aodl,,,,,,,,,,,,,,12/28/23 11:32:32,1745004496,FileCoAuth-2023-12-28.0332.984.1.aodl,\Users\blueangel\AppData\Local\Microsoft\OneDrive\logs\Common\FileCoAuth-2023-12-28.0332.984.1.aodl,File_Created / Basic_Info_Changed / Data_Added,Normal,Archive / Compressed,,0x005400000000C675,0x000200000001E4E0,,,,0,2,False,True,0.5,False,FileCoAuth-2023-12-28.0332.984.1.aodl,\Users\blueangel\AppData\Local\Microsoft\OneDrive\logs\Common\FileCoAuth-2023-12-28.0332.984.1.aodl,False,False,False,False,0,False,False,False,False,False,False,False,True,False,False,False,False,False,False,False,False,False,False,9,37,True,True,False,False,False,False,False,False,False,False,False,False,False,False,False,False,False,1,2.1898138073925485e-05,0.0021898138073925483,False,<50%
filecoauth-2023-12-28.0342.8144.1.aodl,,,,,,,,,,,,,,12/28/23 11:42:32,1745127808,FileCoAuth-2023-12-28.0342.8144.1.aodl,\Users\blueangel\AppData\Local\Microsoft\OneDrive\logs\Common\FileCoAuth-2023-12-28.0342.8144.1.aodl,File_Created / Basic_Info_Changed / Data_Added,Normal,Archive / Compressed,,0x008700000000C429,0x000200000001E4E0,,,,0,2,False,True,0.5,False,FileCoAuth-2023-12-28.0342.8144.1.aodl,\Users\blueangel\AppData\Local\Microsoft\OneDrive\logs\Common\FileCoAuth-2023-12-28.0342.8144.1.aodl,False,False,False,False,0,False,False,False,False,False,False,False,True,False,False,False,False,False,False,False,False,False,False,9,38,True,True,False,False,False,False,False,False,False,False,False,False,False,False,False,False,False,1,2.1898138073925485e-05,0.0021898138073925483,False,<50%
filecoauth-2023-12-28.0352.5840.1.aodl,,,,,,,,,,,,,,12/28/23 11:52:32,1745251456,FileCoAuth-2023-12-28.0352.5840.1.aodl,\Users\blueangel\AppData\Local\Microsoft\OneDrive\logs\Common\FileCoAuth-2023-12-28.0352.5840.1.aodl,File_Created / Basic_Info_Changed / Data_Added,Normal,Archive / Compressed,,0x002E00000000C42A,0x000200000001E4E0,,,,0,2,False,True,0.5,False,FileCoAuth-2023-12-28.0352.5840.1.aodl,\Users\blueangel\AppData\Local\Microsoft\OneDrive\logs\Common\FileCoAuth-2023-12-28.0352.5840.1.aodl,False,False,False,False,0,False,False,False,False,False,False,False,True,False,False,False,False,False,False,False,False,False,False,9,38,True,True,False,False,False,False,False,False,False,False,False,False,False,False,False,False,False,1,2.1898138073925485e-05,0.0021898138073925483,False,<50%
filecoauth-2023-12-28.0402.4800.1.aodl,,,,,,,,,,,,,,12/28/23 12:02:32,1745375328,FileCoAuth-2023-12-28.0402.4800.1.aodl,\Users\blueangel\AppData\Local\Microsoft\OneDrive\logs\Common\FileCoAuth-2023-12-28.0402.4800.1.aodl,File_Created / Basic_Info_Changed / Data_Added,Normal,Archive / Compressed,,0x005200000000C69D,0x000200000001E4E0,,,,0,2,False,True,0.5,False,FileCoAuth-2023-12-28.0402.4800.1.aodl,\Users\blueangel\AppData\Local\Microsoft\OneDrive\logs\Common\FileCoAuth-2023-12-28.0402.4800.1.aodl,False,False,False,False,0,False,False,False,False,False,False,False,True,False,False,False,False,False,False,False,False,False,False,9,38,True,True,False,False,False,False,False,False,False,False,False,False,False,False,False,False,False,1,2.1898138073925485e-05,0.0021898138073925483,False,<50%
filecoauth-2023-12-28.0412.8860.1.aodl,,,,,,,,,,,,,,12/28/23 12:12:32,1745515872,FileCoAuth-2023-12-28.0412.8860.1.aodl,\Users\blueangel\AppData\Local\Microsoft\OneDrive\logs\Common\FileCoAuth-2023-12-28.0412.8860.1.aodl,File_Created / Basic_Info_Changed / Data_Added,Normal,Archive / Compressed,,0x001B00000000C6AE,0x000200000001E4E0,,,,0,2,False,True,0.5,False,FileCoAuth-2023-12-28.0412.8860.1.aodl,\Users\blueangel\AppData\Local\Microsoft\OneDrive\logs\Common\FileCoAuth-2023-12-28.0412.8860.1.aodl,False,False,False,False,0,False,False,False,False,False,False,False,True,False,False,False,False,False,False,False,False,False,False,9,38,True,True,False,False,False,False,False,False,False,False,False,False,False,False,False,False,False,1,2.1898138073925485e-05,0.0021898138073925483,False,<50%
filecoauth-2023-12-28.0422.10052.1.aodl,,,,,,,,,,,,,,12/28/23 12:22:32,1745641776,FileCoAuth-2023-12-28.0422.10052.1.aodl,\Users\blueangel\AppData\Local\Microsoft\OneDrive\logs\Common\FileCoAuth-2023-12-28.0422.10052.1.aodl,File_Created / Basic_Info_Changed / Data_Added,Normal,Archive / Compressed,,0x006E00000000C1C9,0x000200000001E4E0,,,,0,2,False,True,0.5,False,FileCoAuth-2023-12-28.0422.10052.1.aodl,\Users\blueangel\AppData\Local\Microsoft\OneDrive\logs\Common\FileCoAuth-2023-12-28.0422.10052.1.aodl,False,False,False,False,0,False,False,False,False,False,False,False,True,False,False,False,False,False,False,False,False,False,False,9,39,True,True,False,False,False,False,False,False,False,False,False,False,False,False,False,False,False,1,2.1898138073925485e-05,0.0021898138073925483,False,<50%
filecoauth-2023-12-28.0432.4072.1.aodl,,,,,,,,,,,,,,12/28/23 12:32:32,1745785856,FileCoAuth-2023-12-28.0432.4072.1.aodl,\Users\blueangel\AppData\Local\Microsoft\OneDrive\logs\Common\FileCoAuth-2023-12-28.0432.4072.1.aodl,File_Created / Basic_Info_Changed / Data_Added,Normal,Archive / Compressed,,0x005800000000C6AF,0x000200000001E4E0,,,,0,2,False,True,0.5,False,FileCoAuth-2023-12-28.0432.4072.1.aodl,\Users\blueangel\AppData\Local\Microsoft\OneDrive\logs\Common\FileCoAuth-2023-12-28.0432.4072.1.aodl,False,False,False,False,0,False,False,False,False,False,False,False,True,False,False,False,False,False,False,False,False,False,False,9,38,True,True,False,False,False,False,False,False,False,False,False,False,False,False,False,False,False,1,2.1898138073925485e-05,0.0021898138073925483,False,<50%
filecoauth-2023-12-28.0442.9480.1.aodl,,,,,,,,,,,,,,12/28/23 12:42:32,1745939520,FileCoAuth-2023-12-28.0442.9480.1.aodl,\Users\blueangel\AppData\Local\Microsoft\OneDrive\logs\Common\FileCoAuth-2023-12-28.0442.9480.1.aodl,File_Created / Basic_Info_Changed / Data_Added,Normal,Archive / Compressed,,0x010200000000C394,0x000200000001E4E0,,,,0,2,False,True,0.5,False,FileCoAuth-2023-12-28.0442.9480.1.aodl,\Users\blueangel\AppData\Local\Microsoft\OneDrive\logs\Common\FileCoAuth-2023-12-28.0442.9480.1.aodl,False,False,False,False,0,False,False,False,False,False,False,False,True,False,False,False,False,False,False,False,False,False,False,9,38,True,True,False,False,False,False,False,False,False,False,False,False,False,False,False,False,False,1,2.1898138073925485e-05,0.0021898138073925483,False,<50%
filecoauth-2023-12-28.0452.10280.1.aodl,,,,,,,,,,,,,,12/28/23 12:52:32,1746064544,FileCoAuth-2023-12-28.0452.10280.1.aodl,\Users\blueangel\AppData\Local\Microsoft\OneDrive\logs\Common\FileCoAuth-2023-12-28.0452.10280.1.aodl,File_Created / Basic_Info_Changed / Data_Added,Normal,Archive / Compressed,,0x003100000000C42B,0x000200000001E4E0,,,,0,2,False,True,0.5,False,FileCoAuth-2023-12-28.0452.10280.1.aodl,\Users\blueangel\AppData\Local\Microsoft\OneDrive\logs\Common\FileCoAuth-2023-12-28.0452.10280.1.aodl,False,False,False,False,0,False,False,False,False,False,False,False,True,False,False,False,False,False,False,False,False,False,False,9,39,True,True,False,False,False,False,False,False,False,False,False,False,False,False,False,False,False,1,2.1898138073925485e-05,0.0021898138073925483,False,<50%
filecoauth-2023-12-28.0502.6584.1.aodl,,,,,,,,,,,,,,12/28/23 13:02:32,1746188104,FileCoAuth-2023-12-28.0502.6584.1.aodl,\Users\blueangel\AppData\Local\Microsoft\OneDrive\logs\Common\FileCoAuth-2023-12-28.0502.6584.1.aodl,File_Created / Basic_Info_Changed / Data_Added,Normal,Archive / Compressed,,0x004500000000C4B1,0x000200000001E4E0,,,,0,2,False,True,0.5,False,FileCoAuth-2023-12-28.0502.6584.1.aodl,\Users\blueangel\AppData\Local\Microsoft\OneDrive\logs\Common\FileCoAuth-2023-12-28.0502.6584.1.aodl,False,False,False,False,0,False,False,False,False,False,False,False,True,False,False,False,False,False,False,False,False,False,False,9,38,True,True,False,False,False,False,False,False,False,False,False,False,False,False,False,False,False,1,2.1898138073925485e-05,0.0021898138073925483,False,<50%
filecoauth-2023-12-28.0512.2928.1.aodl,,,,,,,,,,,,,,12/28/23 13:12:32,1746331152,FileCoAuth-2023-12-28.0512.2928.1.aodl,\Users\blueangel\AppData\Local\Microsoft\OneDrive\logs\Common\FileCoAuth-2023-12-28.0512.2928.1.aodl,File_Created / Basic_Info_Changed / Data_Added,Normal,Archive / Compressed,,0x008E00000000C4CB,0x000200000001E4E0,,,,0,2,False,True,0.5,False,FileCoAuth-2023-12-28.0512.2928.1.aodl,\Users\blueangel\AppData\Local\Microsoft\OneDrive\logs\Common\FileCoAuth-2023-12-28.0512.2928.1.aodl,False,False,False,False,0,False,False,False,False,False,False,False,True,False,False,False,False,False,False,False,False,False,False,9,38,True,True,False,False,False,False,False,False,False,False,False,False,False,False,False,False,False,1,2.1898138073925485e-05,0.0021898138073925483,False,<50%
filecoauth-2023-12-28.0522.5308.1.aodl,,,,,,,,,,,,,,12/28/23 13:22:32,1746463632,FileCoAuth-2023-12-28.0522.5308.1.aodl,\Users\blueangel\AppData\Local\Microsoft\OneDrive\logs\Common\FileCoAuth-2023-12-28.0522.5308.1.aodl,File_Created / Basic_Info_Changed / Data_Added,Normal,Archive / Compressed,,0x001000000000C4D0,0x000200000001E4E0,,,,0,2,False,True,0.5,False,FileCoAuth-2023-12-28.0522.5308.1.aodl,\Users\blueangel\AppData\Local\Microsoft\OneDrive\logs\Common\FileCoAuth-2023-12-28.0522.5308.1.aodl,False,False,False,False,0,False,False,False,False,False,False,False,True,False,False,False,False,False,False,False,False,False,False,9,38,True,True,False,False,False,False,False,False,False,False,False,False,False,False,False,False,False,1,2.1898138073925485e-05,0.0021898138073925483,False,<50%
filecoauth-2023-12-28.0532.6820.1.aodl,,,,,,,,,,,,,,12/28/23 13:32:32,1746622808,FileCoAuth-2023-12-28.0532.6820.1.aodl,\Users\blueangel\AppData\Local\Microsoft\OneDrive\logs\Common\FileCoAuth-2023-12-28.0532.6820.1.aodl,File_Created / Basic_Info_Changed / Data_Added,Normal,Archive / Compressed,,0x002900000000C6B4,0x000200000001E4E0,,,,0,2,False,True,0.5,False,FileCoAuth-2023-12-28.0532.6820.1.aodl,\Users\blueangel\AppData\Local\Microsoft\OneDrive\logs\Common\FileCoAuth-2023-12-28.0532.6820.1.aodl,False,False,False,False,0,False,False,False,False,False,False,False,True,False,False,False,False,False,False,False,False,False,False,9,38,True,True,False,False,False,False,False,False,False,False,False,False,False,False,False,False,False,1,2.1898138073925485e-05,0.0021898138073925483,False,<50%
filecoauth-2023-12-28.0542.9296.1.aodl,,,,,,,,,,,,,,12/28/23 13:42:32,1746746936,FileCoAuth-2023-12-28.0542.9296.1.aodl,\Users\blueangel\AppData\Local\Microsoft\OneDrive\logs\Common\FileCoAuth-2023-12-28.0542.9296.1.aodl,File_Created / Basic_Info_Changed / Data_Added,Normal,Archive / Compressed,,0x007C00000000C42C,0x000200000001E4E0,,,,0,2,False,True,0.5,False,FileCoAuth-2023-12-28.0542.9296.1.aodl,\Users\blueangel\AppData\Local\Microsoft\OneDrive\logs\Common\FileCoAuth-2023-12-28.0542.9296.1.aodl,False,False,False,False,0,False,False,False,False,False,False,False,True,False,False,False,False,False,False,False,False,False,False,9,38,True,True,False,False,False,False,False,False,False,False,False,False,False,False,False,False,False,1,2.1898138073925485e-05,0.0021898138073925483,False,<50%
filecoauth-2023-12-28.0552.6032.1.aodl,,,,,,,,,,,,,,12/28/23 13:52:32,1746872768,FileCoAuth-2023-12-28.0552.6032.1.aodl,\Users\blueangel\AppData\Local\Microsoft\OneDrive\logs\Common\FileCoAuth-2023-12-28.0552.6032.1.aodl,File_Created / Basic_Info_Changed / Data_Added,Normal,Archive / Compressed,,0x002200000000C71F,0x000200000001E4E0,,,,0,2,False,True,0.5,False,FileCoAuth-2023-12-28.0552.6032.1.aodl,\Users\blueangel\AppData\Local\Microsoft\OneDrive\logs\Common\FileCoAuth-2023-12-28.0552.6032.1.aodl,False,False,False,False,0,False,False,False,False,False,False,False,True,False,False,False,False,False,False,False,False,False,False,9,38,True,True,False,False,False,False,False,False,False,False,False,False,False,False,False,False,False,1,2.1898138073925485e-05,0.0021898138073925483,False,<50%
filecoauth-2023-12-28.0602.8344.1.aodl,,,,,,,,,,,,,,12/28/23 14:02:32,1746996696,FileCoAuth-2023-12-28.0602.8344.1.aodl,\Users\blueangel\AppData\Local\Microsoft\OneDrive\logs\Common\FileCoAuth-2023-12-28.0602.8344.1.aodl,File_Created / Basic_Info_Changed / Data_Added,Normal,Archive / Compressed,,0x003F00000000C713,0x000200000001E4E0,,,,0,2,False,True,0.5,False,FileCoAuth-2023-12-28.0602.8344.1.aodl,\Users\blueangel\AppData\Local\Microsoft\OneDrive\logs\Common\FileCoAuth-2023-12-28.0602.8344.1.aodl,False,False,False,False,0,False,False,False,False,False,False,False,True,False,False,False,False,False,False,False,False,False,False,9,38,True,True,False,False,False,False,False,False,False,False,False,False,False,False,False,False,False,1,2.1898138073925485e-05,0.0021898138073925483,False,<50%
filecoauth-2023-12-28.0612.8512.1.aodl,,,,,,,,,,,,,,12/28/23 14:12:32,1747139840,FileCoAuth-2023-12-28.0612.8512.1.aodl,\Users\blueangel\AppData\Local\Microsoft\OneDrive\logs\Common\FileCoAuth-2023-12-28.0612.8512.1.aodl,File_Created / Basic_Info_Changed / Data_Added,Normal,Archive / Compressed,,0x009100000000C72D,0x000200000001E4E0,,,,0,2,False,True,0.5,False,FileCoAuth-2023-12-28.0612.8512.1.aodl,\Users\blueangel\AppData\Local\Microsoft\OneDrive\logs\Common\FileCoAuth-2023-12-28.0612.8512.1.aodl,False,False,False,False,0,False,False,False,False,False,False,False,True,False,False,False,False,False,False,False,False,False,False,9,38,True,True,False,False,False,False,False,False,False,False,False,False,False,False,False,False,False,1,2.1898138073925485e-05,0.0021898138073925483,False,<50%
filecoauth-2023-12-28.0622.10672.1.aodl,,,,,,,,,,,,,,12/28/23 14:22:32,1747267056,FileCoAuth-2023-12-28.0622.10672.1.aodl,\Users\blueangel\AppData\Local\Microsoft\OneDrive\logs\Common\FileCoAuth-2023-12-28.0622.10672.1.aodl,File_Created / Basic_Info_Changed / Data_Added,Normal,Archive / Compressed,,0x013700000000C111,0x000200000001E4E0,,,,0,2,False,True,0.5,False,FileCoAuth-2023-12-28.0622.10672.1.aodl,\Users\blueangel\AppData\Local\Microsoft\OneDrive\logs\Common\FileCoAuth-2023-12-28.0622.10672.1.aodl,False,False,False,False,0,False,False,False,False,False,False,False,True,False,False,False,False,False,False,False,False,False,False,9,39,True,True,False,False,False,False,False,False,False,False,False,False,False,False,False,False,False,1,2.1898138073925485e-05,0.0021898138073925483,False,<50%
filecoauth-2023-12-28.0632.4288.1.aodl,,,,,,,,,,,,,,12/28/23 14:32:32,1747416176,FileCoAuth-2023-12-28.0632.4288.1.aodl,\Users\blueangel\AppData\Local\Microsoft\OneDrive\logs\Common\FileCoAuth-2023-12-28.0632.4288.1.aodl,File_Created / Basic_Info_Changed / Data_Added,Normal,Archive / Compressed,,0x005100000000C72E,0x000200000001E4E0,,,,0,2,False,True,0.5,False,FileCoAuth-2023-12-28.0632.4288.1.aodl,\Users\blueangel\AppData\Local\Microsoft\OneDrive\logs\Common\FileCoAuth-2023-12-28.0632.4288.1.aodl,False,False,False,False,0,False,False,False,False,False,False,False,True,False,False,False,False,False,False,False,False,False,False,9,38,True,True,False,False,False,False,False,False,False,False,False,False,False,False,False,False,False,1,2.1898138073925485e-05,0.0021898138073925483,False,<50%
filecoauth-2023-12-28.0642.5796.1.aodl,,,,,,,,,,,,,,12/28/23 14:42:32,1747574784,FileCoAuth-2023-12-28.0642.5796.1.aodl,\Users\blueangel\AppData\Local\Microsoft\OneDrive\logs\Common\FileCoAuth-2023-12-28.0642.5796.1.aodl,File_Created / Basic_Info_Changed / Data_Added,Normal,Archive / Compressed,,0x008300000000C43D,0x000200000001E4E0,,,,0,2,False,True,0.5,False,FileCoAuth-2023-12-28.0642.5796.1.aodl,\Users\blueangel\AppData\Local\Microsoft\OneDrive\logs\Common\FileCoAuth-2023-12-28.0642.5796.1.aodl,False,False,False,False,0,False,False,False,False,False,False,False,True,False,False,False,False,False,False,False,False,False,False,9,38,True,True,False,False,False,False,False,False,False,False,False,False,False,False,False,False,False,1,2.1898138073925485e-05,0.0021898138073925483,False,<50%
filecoauth-2023-12-28.0652.5304.1.aodl,,,,,,,,,,,,,,12/28/23 14:52:32,1747698448,FileCoAuth-2023-12-28.0652.5304.1.aodl,\Users\blueangel\AppData\Local\Microsoft\OneDrive\logs\Common\FileCoAuth-2023-12-28.0652.5304.1.aodl,File_Created / Basic_Info_Changed / Data_Added,Normal,Archive / Compressed,,0x000700000000C750,0x000200000001E4E0,,,,0,2,False,True,0.5,False,FileCoAuth-2023-12-28.0652.5304.1.aodl,\Users\blueangel\AppData\Local\Microsoft\OneDrive\logs\Common\FileCoAuth-2023-12-28.0652.5304.1.aodl,False,False,False,False,0,False,False,False,False,False,False,False,True,False,False,False,False,False,False,False,False,False,False,9,38,True,True,False,False,False,False,False,False,False,False,False,False,False,False,False,False,False,1,2.1898138073925485e-05,0.0021898138073925483,False,<50%
filecoauth-2023-12-28.0702.3968.1.aodl,,,,,,,,,,,,,,12/28/23 15:02:32,1747823848,FileCoAuth-2023-12-28.0702.3968.1.aodl,\Users\blueangel\AppData\Local\Microsoft\OneDrive\logs\Common\FileCoAuth-2023-12-28.0702.3968.1.aodl,File_Created / Basic_Info_Changed / Data_Added,Normal,Archive / Compressed,,0x004500000000C73E,0x000200000001E4E0,,,,0,2,False,True,0.5,False,FileCoAuth-2023-12-28.0702.3968.1.aodl,\Users\blueangel\AppData\Local\Microsoft\OneDrive\logs\Common\FileCoAuth-2023-12-28.0702.3968.1.aodl,False,False,False,False,0,False,False,False,False,False,False,False,True,False,False,False,False,False,False,False,False,False,False,9,38,True,True,False,False,False,False,False,False,False,False,False,False,False,False,False,False,False,1,2.1898138073925485e-05,0.0021898138073925483,False,<50%
filecoauth-2023-12-28.0712.3736.1.aodl,,,,,,,,,,,,,,12/28/23 15:12:32,1747971408,FileCoAuth-2023-12-28.0712.3736.1.aodl,\Users\blueangel\AppData\Local\Microsoft\OneDrive\logs\Common\FileCoAuth-2023-12-28.0712.3736.1.aodl,File_Created / Basic_Info_Changed / Data_Added,Normal,Archive / Compressed,,0x009100000000C755,0x000200000001E4E0,,,,0,2,False,True,0.5,False,FileCoAuth-2023-12-28.0712.3736.1.aodl,\Users\blueangel\AppData\Local\Microsoft\OneDrive\logs\Common\FileCoAuth-2023-12-28.0712.3736.1.aodl,False,False,False,False,0,False,False,False,False,False,False,False,True,False,False,False,False,False,False,False,False,False,False,9,38,True,True,False,False,False,False,False,False,False,False,False,False,False,False,False,False,False,1,2.1898138073925485e-05,0.0021898138073925483,False,<50%
filecoauth-2023-12-28.0722.8080.1.aodl,,,,,,,,,,,,,,12/28/23 15:22:32,1748102024,FileCoAuth-2023-12-28.0722.8080.1.aodl,\Users\blueangel\AppData\Local\Microsoft\OneDrive\logs\Common\FileCoAuth-2023-12-28.0722.8080.1.aodl,File_Created / Basic_Info_Changed / Data_Added,Normal,Archive / Compressed,,0x005000000000C167,0x000200000001E4E0,,,,0,2,False,True,0.5,False,FileCoAuth-2023-12-28.0722.8080.1.aodl,\Users\blueangel\AppData\Local\Microsoft\OneDrive\logs\Common\FileCoAuth-2023-12-28.0722.8080.1.aodl,False,False,False,False,0,False,False,False,False,False,False,False,True,False,False,False,False,False,False,False,False,False,False,9,38,True,True,False,False,False,False,False,False,False,False,False,False,False,False,False,False,False,1,2.1898138073925485e-05,0.0021898138073925483,False,<50%
filecoauth-2023-12-28.0732.7056.1.aodl,,,,,,,,,,,,,,12/28/23 15:32:32,1748248944,FileCoAuth-2023-12-28.0732.7056.1.aodl,\Users\blueangel\AppData\Local\Microsoft\OneDrive\logs\Common\FileCoAuth-2023-12-28.0732.7056.1.aodl,File_Created / Basic_Info_Changed / Data_Added,Normal,Archive / Compressed,,0x000400000000BFEF,0x000200000001E4E0,,,,0,2,False,True,0.5,False,FileCoAuth-2023-12-28.0732.7056.1.aodl,\Users\blueangel\AppData\Local\Microsoft\OneDrive\logs\Common\FileCoAuth-2023-12-28.0732.7056.1.aodl,False,False,False,False,0,False,False,False,False,False,False,False,True,False,False,False,False,False,False,False,False,False,False,9,38,True,True,False,False,False,False,False,False,False,False,False,False,False,False,False,False,False,1,2.1898138073925485e-05,0.0021898138073925483,False,<50%
filecoauth-2023-12-28.0742.5076.1.aodl,,,,,,,,,,,,,,12/28/23 15:42:32,1748377904,FileCoAuth-2023-12-28.0742.5076.1.aodl,\Users\blueangel\AppData\Local\Microsoft\OneDrive\logs\Common\FileCoAuth-2023-12-28.0742.5076.1.aodl,File_Created / Basic_Info_Changed / Data_Added,Normal,Archive / Compressed,,0x000500000000BFEE,0x000200000001E4E0,,,,0,2,False,True,0.5,False,FileCoAuth-2023-12-28.0742.5076.1.aodl,\Users\blueangel\AppData\Local\Microsoft\OneDrive\logs\Common\FileCoAuth-2023-12-28.0742.5076.1.aodl,False,False,False,False,0,False,False,False,False,False,False,False,True,False,False,False,False,False,False,False,False,False,False,9,38,True,True,False,False,False,False,False,False,False,False,False,False,False,False,False,False,False,1,2.1898138073925485e-05,0.0021898138073925483,False,<50%
filecoauth-2023-12-28.0752.5856.1.aodl,,,,,,,,,,,,,,12/28/23 15:52:32,1748501184,FileCoAuth-2023-12-28.0752.5856.1.aodl,\Users\blueangel\AppData\Local\Microsoft\OneDrive\logs\Common\FileCoAuth-2023-12-28.0752.5856.1.aodl,File_Created / Basic_Info_Changed / Data_Added,Normal,Archive / Compressed,,0x003400000000BFDF,0x000200000001E4E0,,,,0,2,False,True,0.5,False,FileCoAuth-2023-12-28.0752.5856.1.aodl,\Users\blueangel\AppData\Local\Microsoft\OneDrive\logs\Common\FileCoAuth-2023-12-28.0752.5856.1.aodl,False,False,False,False,0,False,False,False,False,False,False,False,True,False,False,False,False,False,False,False,False,False,False,9,38,True,True,False,False,False,False,False,False,False,False,False,False,False,False,False,False,False,1,2.1898138073925485e-05,0.0021898138073925483,False,<50%
filecoauth-2023-12-28.0802.5332.1.aodl,,,,,,,,,,,,,,12/28/23 16:02:32,1748624320,FileCoAuth-2023-12-28.0802.5332.1.aodl,\Users\blueangel\AppData\Local\Microsoft\OneDrive\logs\Common\FileCoAuth-2023-12-28.0802.5332.1.aodl,File_Created / Basic_Info_Changed / Data_Added,Normal,Archive / Compressed,,0x003D00000000C7CE,0x000200000001E4E0,,,,0,2,False,True,0.5,False,FileCoAuth-2023-12-28.0802.5332.1.aodl,\Users\blueangel\AppData\Local\Microsoft\OneDrive\logs\Common\FileCoAuth-2023-12-28.0802.5332.1.aodl,False,False,False,False,0,False,False,False,False,False,False,False,True,False,False,False,False,False,False,False,False,False,False,9,38,True,True,False,False,False,False,False,False,False,False,False,False,False,False,False,False,False,1,2.1898138073925485e-05,0.0021898138073925483,False,<50%
filecoauth-2023-12-28.0812.8880.1.aodl,,,,,,,,,,,,,,12/28/23 16:12:32,1748773928,FileCoAuth-2023-12-28.0812.8880.1.aodl,\Users\blueangel\AppData\Local\Microsoft\OneDrive\logs\Common\FileCoAuth-2023-12-28.0812.8880.1.aodl,File_Created / Basic_Info_Changed / Data_Added,Normal,Archive / Compressed,,0x008D00000000C7E7,0x000200000001E4E0,,,,0,2,False,True,0.5,False,FileCoAuth-2023-12-28.0812.8880.1.aodl,\Users\blueangel\AppData\Local\Microsoft\OneDrive\logs\Common\FileCoAuth-2023-12-28.0812.8880.1.aodl,False,False,False,False,0,False,False,False,False,False,False,False,True,False,False,False,False,False,False,False,False,False,False,9,38,True,True,False,False,False,False,False,False,False,False,False,False,False,False,False,False,False,1,2.1898138073925485e-05,0.0021898138073925483,False,<50%
filecoauth-2023-12-28.0822.6808.1.aodl,,,,,,,,,,,,,,12/28/23 16:22:32,1748905488,FileCoAuth-2023-12-28.0822.6808.1.aodl,\Users\blueangel\AppData\Local\Microsoft\OneDrive\logs\Common\FileCoAuth-2023-12-28.0822.6808.1.aodl,File_Created / Basic_Info_Changed / Data_Added,Normal,Archive / Compressed,,0x000B00000000C646,0x000200000001E4E0,,,,0,2,False,True,0.5,False,FileCoAuth-2023-12-28.0822.6808.1.aodl,\Users\blueangel\AppData\Local\Microsoft\OneDrive\logs\Common\FileCoAuth-2023-12-28.0822.6808.1.aodl,False,False,False,False,0,False,False,False,False,False,False,False,True,False,False,False,False,False,False,False,False,False,False,9,38,True,True,False,False,False,False,False,False,False,False,False,False,False,False,False,False,False,1,2.1898138073925485e-05,0.0021898138073925483,False,<50%
filecoauth-2023-12-28.0832.7036.1.aodl,,,,,,,,,,,,,,12/28/23 16:32:32,1749050680,FileCoAuth-2023-12-28.0832.7036.1.aodl,\Users\blueangel\AppData\Local\Microsoft\OneDrive\logs\Common\FileCoAuth-2023-12-28.0832.7036.1.aodl,File_Created / Basic_Info_Changed / Data_Added,Normal,Archive / Compressed,,0x001300000000C630,0x000200000001E4E0,,,,0,2,False,True,0.5,False,FileCoAuth-2023-12-28.0832.7036.1.aodl,\Users\blueangel\AppData\Local\Microsoft\OneDrive\logs\Common\FileCoAuth-2023-12-28.0832.7036.1.aodl,False,False,False,False,0,False,False,False,False,False,False,False,True,False,False,False,False,False,False,False,False,False,False,9,38,True,True,False,False,False,False,False,False,False,False,False,False,False,False,False,False,False,1,2.1898138073925485e-05,0.0021898138073925483,False,<50%
filecoauth-2023-12-28.0842.10572.1.aodl,,,,,,,,,,,,,,12/28/23 16:42:32,1749180824,FileCoAuth-2023-12-28.0842.10572.1.aodl,\Users\blueangel\AppData\Local\Microsoft\OneDrive\logs\Common\FileCoAuth-2023-12-28.0842.10572.1.aodl,File_Created / Basic_Info_Changed / Data_Added,Normal,Archive / Compressed,,0x008300000000BFF0,0x000200000001E4E0,,,,0,2,False,True,0.5,False,FileCoAuth-2023-12-28.0842.10572.1.aodl,\Users\blueangel\AppData\Local\Microsoft\OneDrive\logs\Common\FileCoAuth-2023-12-28.0842.10572.1.aodl,False,False,False,False,0,False,False,False,False,False,False,False,True,False,False,False,False,False,False,False,False,False,False,9,39,True,True,False,False,False,False,False,False,False,False,False,False,False,False,False,False,False,1,2.1898138073925485e-05,0.0021898138073925483,False,<50%
filecoauth-2023-12-28.0852.7664.1.aodl,,,,,,,,,,,,,,12/28/23 16:52:32,1749304000,FileCoAuth-2023-12-28.0852.7664.1.aodl,\Users\blueangel\AppData\Local\Microsoft\OneDrive\logs\Common\FileCoAuth-2023-12-28.0852.7664.1.aodl,File_Created / Basic_Info_Changed / Data_Added,Normal,Archive / Compressed,,0x003600000000C5A4,0x000200000001E4E0,,,,0,2,False,True,0.5,False,FileCoAuth-2023-12-28.0852.7664.1.aodl,\Users\blueangel\AppData\Local\Microsoft\OneDrive\logs\Common\FileCoAuth-2023-12-28.0852.7664.1.aodl,False,False,False,False,0,False,False,False,False,False,False,False,True,False,False,False,False,False,False,False,False,False,False,9,38,True,True,False,False,False,False,False,False,False,False,False,False,False,False,False,False,False,1,2.1898138073925485e-05,0.0021898138073925483,False,<50%
filecoauth-2023-12-28.0902.11768.1.aodl,,,,,,,,,,,,,,12/28/23 17:02:32,1749429368,FileCoAuth-2023-12-28.0902.11768.1.aodl,\Users\blueangel\AppData\Local\Microsoft\OneDrive\logs\Common\FileCoAuth-2023-12-28.0902.11768.1.aodl,File_Created / Basic_Info_Changed / Data_Added,Normal,Archive / Compressed,,0x000800000000C88E,0x000200000001E4E0,,,,0,2,False,True,0.5,False,FileCoAuth-2023-12-28.0902.11768.1.aodl,\Users\blueangel\AppData\Local\Microsoft\OneDrive\logs\Common\FileCoAuth-2023-12-28.0902.11768.1.aodl,False,False,False,False,0,False,False,False,False,False,False,False,True,False,False,False,False,False,False,False,False,False,False,9,39,True,True,False,False,False,False,False,False,False,False,False,False,False,False,False,False,False,1,2.1898138073925485e-05,0.0021898138073925483,False,<50%
filecoauth-2023-12-28.0912.2092.1.aodl,,,,,,,,,,,,,,12/28/23 17:12:32,1749579424,FileCoAuth-2023-12-28.0912.2092.1.aodl,\Users\blueangel\AppData\Local\Microsoft\OneDrive\logs\Common\FileCoAuth-2023-12-28.0912.2092.1.aodl,File_Created / Basic_Info_Changed / Data_Added,Normal,Archive / Compressed,,0x008D00000000C87C,0x000200000001E4E0,,,,0,2,False,True,0.5,False,FileCoAuth-2023-12-28.0912.2092.1.aodl,\Users\blueangel\AppData\Local\Microsoft\OneDrive\logs\Common\FileCoAuth-2023-12-28.0912.2092.1.aodl,False,False,False,False,0,False,False,False,False,False,False,False,True,False,False,False,False,False,False,False,False,False,False,9,38,True,True,False,False,False,False,False,False,False,False,False,False,False,False,False,False,False,1,2.1898138073925485e-05,0.0021898138073925483,False,<50%
filecoauth-2023-12-28.0922.8456.1.aodl,,,,,,,,,,,,,,12/28/23 17:22:32,1749789072,FileCoAuth-2023-12-28.0922.8456.1.aodl,\Users\blueangel\AppData\Local\Microsoft\OneDrive\logs\Common\FileCoAuth-2023-12-28.0922.8456.1.aodl,File_Created / Basic_Info_Changed / Data_Added,Normal,Archive / Compressed,,0x003F00000000866D,0x000200000001E4E0,,,,0,2,False,True,0.5,False,FileCoAuth-2023-12-28.0922.8456.1.aodl,\Users\blueangel\AppData\Local\Microsoft\OneDrive\logs\Common\FileCoAuth-2023-12-28.0922.8456.1.aodl,False,False,False,False,0,False,False,False,False,False,False,False,True,False,False,False,False,False,False,False,False,False,False,9,38,True,True,False,False,False,False,False,False,False,False,False,False,False,False,False,False,False,1,2.1898138073925485e-05,0.0021898138073925483,False,<50%
filecoauth-2023-12-28.0932.7056.1.aodl,,,,,,,,,,,,,,12/28/23 17:32:32,1749938960,FileCoAuth-2023-12-28.0932.7056.1.aodl,\Users\blueangel\AppData\Local\Microsoft\OneDrive\logs\Common\FileCoAuth-2023-12-28.0932.7056.1.aodl,File_Created / Basic_Info_Changed / Data_Added,Normal,Archive / Compressed,,0x004F000000008270,0x000200000001E4E0,,,,0,2,False,True,0.5,False,FileCoAuth-2023-12-28.0932.7056.1.aodl,\Users\blueangel\AppData\Local\Microsoft\OneDrive\logs\Common\FileCoAuth-2023-12-28.0932.7056.1.aodl,False,False,False,False,0,False,False,False,False,False,False,False,True,False,False,False,False,False,False,False,False,False,False,9,38,True,True,False,False,False,False,False,False,False,False,False,False,False,False,False,False,False,1,2.1898138073925485e-05,0.0021898138073925483,False,<50%
filecoauth-2023-12-28.0942.11548.1.aodl,,,,,,,,,,,,,,12/28/23 17:42:32,1750072024,FileCoAuth-2023-12-28.0942.11548.1.aodl,\Users\blueangel\AppData\Local\Microsoft\OneDrive\logs\Common\FileCoAuth-2023-12-28.0942.11548.1.aodl,File_Created / Basic_Info_Changed / Data_Added,Normal,Archive / Compressed,,0x000E000000001BAF,0x000200000001E4E0,,,,0,2,False,True,0.5,False,FileCoAuth-2023-12-28.0942.11548.1.aodl,\Users\blueangel\AppData\Local\Microsoft\OneDrive\logs\Common\FileCoAuth-2023-12-28.0942.11548.1.aodl,False,False,False,False,0,False,False,False,False,False,False,False,True,False,False,False,False,False,False,False,False,False,False,9,39,True,True,False,False,False,False,False,False,False,False,False,False,False,False,False,False,False,1,2.1898138073925485e-05,0.0021898138073925483,False,<50%
filecoauth-2023-12-28.0952.4704.1.aodl,,,,,,,,,,,,,,12/28/23 17:52:32,1750198568,FileCoAuth-2023-12-28.0952.4704.1.aodl,\Users\blueangel\AppData\Local\Microsoft\OneDrive\logs\Common\FileCoAuth-2023-12-28.0952.4704.1.aodl,File_Created / Basic_Info_Changed / Data_Added,Normal,Archive / Compressed,,0x004800000000C547,0x000200000001E4E0,,,,0,2,False,True,0.5,False,FileCoAuth-2023-12-28.0952.4704.1.aodl,\Users\blueangel\AppData\Local\Microsoft\OneDrive\logs\Common\FileCoAuth-2023-12-28.0952.4704.1.aodl,False,False,False,False,0,False,False,False,False,False,False,False,True,False,False,False,False,False,False,False,False,False,False,9,38,True,True,False,False,False,False,False,False,False,False,False,False,False,False,False,False,False,1,2.1898138073925485e-05,0.0021898138073925483,False,<50%
filecoauth-2023-12-28.1002.11508.1.aodl,,,,,,,,,,,,,,12/28/23 18:02:32,1750323016,FileCoAuth-2023-12-28.1002.11508.1.aodl,\Users\blueangel\AppData\Local\Microsoft\OneDrive\logs\Common\FileCoAuth-2023-12-28.1002.11508.1.aodl,File_Created / Basic_Info_Changed / Data_Added,Normal,Archive / Compressed,,0x000D00000000C8D8,0x000200000001E4E0,,,,0,2,False,True,0.5,False,FileCoAuth-2023-12-28.1002.11508.1.aodl,\Users\blueangel\AppData\Local\Microsoft\OneDrive\logs\Common\FileCoAuth-2023-12-28.1002.11508.1.aodl,False,False,False,False,0,False,False,False,False,False,False,False,True,False,False,False,False,False,False,False,False,False,False,9,39,True,True,False,False,False,False,False,False,False,False,False,False,False,False,False,False,False,1,2.1898138073925485e-05,0.0021898138073925483,False,<50%
filecoauth-2023-12-28.1012.6920.1.aodl,,,,,,,,,,,,,,12/28/23 18:12:32,1750466760,FileCoAuth-2023-12-28.1012.6920.1.aodl,\Users\blueangel\AppData\Local\Microsoft\OneDrive\logs\Common\FileCoAuth-2023-12-28.1012.6920.1.aodl,File_Created / Basic_Info_Changed / Data_Added,Normal,Archive / Compressed,,0x009F00000000C6C5,0x000200000001E4E0,,,,0,2,False,True,0.5,False,FileCoAuth-2023-12-28.1012.6920.1.aodl,\Users\blueangel\AppData\Local\Microsoft\OneDrive\logs\Common\FileCoAuth-2023-12-28.1012.6920.1.aodl,False,False,False,False,0,False,False,False,False,False,False,False,True,False,False,False,False,False,False,False,False,False,False,9,38,True,True,False,False,False,False,False,False,False,False,False,False,False,False,False,False,False,1,2.1898138073925485e-05,0.0021898138073925483,False,<50%
filecoauth-2023-12-28.1022.11528.1.aodl,,,,,,,,,,,,,,12/28/23 18:22:32,1750596912,FileCoAuth-2023-12-28.1022.11528.1.aodl,\Users\blueangel\AppData\Local\Microsoft\OneDrive\logs\Common\FileCoAuth-2023-12-28.1022.11528.1.aodl,File_Created / Basic_Info_Changed / Data_Added,Normal,Archive / Compressed,,0x003400000000C20B,0x000200000001E4E0,,,,0,2,False,True,0.5,False,FileCoAuth-2023-12-28.1022.11528.1.aodl,\Users\blueangel\AppData\Local\Microsoft\OneDrive\logs\Common\FileCoAuth-2023-12-28.1022.11528.1.aodl,False,False,False,False,0,False,False,False,False,False,False,False,True,False,False,False,False,False,False,False,False,False,False,9,39,True,True,False,False,False,False,False,False,False,False,False,False,False,False,False,False,False,1,2.1898138073925485e-05,0.0021898138073925483,False,<50%
filecoauth-2023-12-28.1032.5844.1.aodl,,,,,,,,,,,,,,12/28/23 18:32:32,1750744744,FileCoAuth-2023-12-28.1032.5844.1.aodl,\Users\blueangel\AppData\Local\Microsoft\OneDrive\logs\Common\FileCoAuth-2023-12-28.1032.5844.1.aodl,File_Created / Basic_Info_Changed / Data_Added,Normal,Archive / Compressed,,0x002300000000C735,0x000200000001E4E0,,,,0,2,False,True,0.5,False,FileCoAuth-2023-12-28.1032.5844.1.aodl,\Users\blueangel\AppData\Local\Microsoft\OneDrive\logs\Common\FileCoAuth-2023-12-28.1032.5844.1.aodl,False,False,False,False,0,False,False,False,False,False,False,False,True,False,False,False,False,False,False,False,False,False,False,9,38,True,True,False,False,False,False,False,False,False,False,False,False,False,False,False,False,False,1,2.1898138073925485e-05,0.0021898138073925483,False,<50%
filecoauth-2023-12-28.1042.10888.1.aodl,,,,,,,,,,,,,,12/28/23 18:42:32,1750873608,FileCoAuth-2023-12-28.1042.10888.1.aodl,\Users\blueangel\AppData\Local\Microsoft\OneDrive\logs\Common\FileCoAuth-2023-12-28.1042.10888.1.aodl,File_Created / Basic_Info_Changed / Data_Added,Normal,Archive / Compressed,,0x009800000000C71B,0x000200000001E4E0,,,,0,2,False,True,0.5,False,FileCoAuth-2023-12-28.1042.10888.1.aodl,\Users\blueangel\AppData\Local\Microsoft\OneDrive\logs\Common\FileCoAuth-2023-12-28.1042.10888.1.aodl,False,False,False,False,0,False,False,False,False,False,False,False,True,False,False,False,False,False,False,False,False,False,False,9,39,True,True,False,False,False,False,False,False,False,False,False,False,False,False,False,False,False,1,2.1898138073925485e-05,0.0021898138073925483,False,<50%
filecoauth-2023-12-28.1052.6068.1.aodl,,,,,,,,,,,,,,12/28/23 18:52:32,1750996672,FileCoAuth-2023-12-28.1052.6068.1.aodl,\Users\blueangel\AppData\Local\Microsoft\OneDrive\logs\Common\FileCoAuth-2023-12-28.1052.6068.1.aodl,File_Created / Basic_Info_Changed / Data_Added,Normal,Archive / Compressed,,0x001E00000000B47A,0x000200000001E4E0,,,,0,2,False,True,0.5,False,FileCoAuth-2023-12-28.1052.6068.1.aodl,\Users\blueangel\AppData\Local\Microsoft\OneDrive\logs\Common\FileCoAuth-2023-12-28.1052.6068.1.aodl,False,False,False,False,0,False,False,False,False,False,False,False,True,False,False,False,False,False,False,False,False,False,False,9,38,True,True,False,False,False,False,False,False,False,False,False,False,False,False,False,False,False,1,2.1898138073925485e-05,0.0021898138073925483,False,<50%
filecoauth-2023-12-28.1102.6948.1.aodl,,,,,,,,,,,,,,12/28/23 19:02:32,1751122712,FileCoAuth-2023-12-28.1102.6948.1.aodl,\Users\blueangel\AppData\Local\Microsoft\OneDrive\logs\Common\FileCoAuth-2023-12-28.1102.6948.1.aodl,File_Created / Basic_Info_Changed / Data_Added,Normal,Archive / Compressed,,0x019C00000000AA78,0x000200000001E4E0,,,,0,2,False,True,0.5,False,FileCoAuth-2023-12-28.1102.6948.1.aodl,\Users\blueangel\AppData\Local\Microsoft\OneDrive\logs\Common\FileCoAuth-2023-12-28.1102.6948.1.aodl,False,False,False,False,0,False,False,False,False,False,False,False,True,False,False,False,False,False,False,False,False,False,False,9,38,True,True,False,False,False,False,False,False,False,False,False,False,False,False,False,False,False,1,2.1898138073925485e-05,0.0021898138073925483,False,<50%
filecoauth-2023-12-28.1112.11176.1.aodl,,,,,,,,,,,,,,12/28/23 19:12:32,1751266624,FileCoAuth-2023-12-28.1112.11176.1.aodl,\Users\blueangel\AppData\Local\Microsoft\OneDrive\logs\Common\FileCoAuth-2023-12-28.1112.11176.1.aodl,File_Created / Basic_Info_Changed / Data_Added,Normal,Archive / Compressed,,0x00B500000000C74C,0x000200000001E4E0,,,,0,2,False,True,0.5,False,FileCoAuth-2023-12-28.1112.11176.1.aodl,\Users\blueangel\AppData\Local\Microsoft\OneDrive\logs\Common\FileCoAuth-2023-12-28.1112.11176.1.aodl,False,False,False,False,0,False,False,False,False,False,False,False,True,False,False,False,False,False,False,False,False,False,False,9,39,True,True,False,False,False,False,False,False,False,False,False,False,False,False,False,False,False,1,2.1898138073925485e-05,0.0021898138073925483,False,<50%
filecoauth-2023-12-28.1122.11676.1.aodl,,,,,,,,,,,,,,12/28/23 19:22:32,1751397144,FileCoAuth-2023-12-28.1122.11676.1.aodl,\Users\blueangel\AppData\Local\Microsoft\OneDrive\logs\Common\FileCoAuth-2023-12-28.1122.11676.1.aodl,File_Created / Basic_Info_Changed / Data_Added,Normal,Archive / Compressed,,0x0166000000007EE8,0x000200000001E4E0,,,,0,2,False,True,0.5,False,FileCoAuth-2023-12-28.1122.11676.1.aodl,\Users\blueangel\AppData\Local\Microsoft\OneDrive\logs\Common\FileCoAuth-2023-12-28.1122.11676.1.aodl,False,False,False,False,0,False,False,False,False,False,False,False,True,False,False,False,False,False,False,False,False,False,False,9,39,True,True,False,False,False,False,False,False,False,False,False,False,False,False,False,False,False,1,2.1898138073925485e-05,0.0021898138073925483,False,<50%
filecoauth-2023-12-28.1132.1584.1.aodl,,,,,,,,,,,,,,12/28/23 19:32:32,1751542000,FileCoAuth-2023-12-28.1132.1584.1.aodl,\Users\blueangel\AppData\Local\Microsoft\OneDrive\logs\Common\FileCoAuth-2023-12-28.1132.1584.1.aodl,File_Created / Basic_Info_Changed / Data_Added,Normal,Archive / Compressed,,0x000500000000C7B3,0x000200000001E4E0,,,,0,2,False,True,0.5,False,FileCoAuth-2023-12-28.1132.1584.1.aodl,\Users\blueangel\AppData\Local\Microsoft\OneDrive\logs\Common\FileCoAuth-2023-12-28.1132.1584.1.aodl,False,False,False,False,0,False,False,False,False,False,False,False,True,False,False,False,False,False,False,False,False,False,False,9,38,True,True,False,False,False,False,False,False,False,False,False,False,False,False,False,False,False,1,2.1898138073925485e-05,0.0021898138073925483,False,<50%
filecoauth-2023-12-28.1142.10164.1.aodl,,,,,,,,,,,,,,12/28/23 19:42:32,1751672352,FileCoAuth-2023-12-28.1142.10164.1.aodl,\Users\blueangel\AppData\Local\Microsoft\OneDrive\logs\Common\FileCoAuth-2023-12-28.1142.10164.1.aodl,File_Created / Basic_Info_Changed / Data_Added,Normal,Archive / Compressed,,0x004D00000000BE6E,0x000200000001E4E0,,,,0,2,False,True,0.5,False,FileCoAuth-2023-12-28.1142.10164.1.aodl,\Users\blueangel\AppData\Local\Microsoft\OneDrive\logs\Common\FileCoAuth-2023-12-28.1142.10164.1.aodl,False,False,False,False,0,False,False,False,False,False,False,False,True,False,False,False,False,False,False,False,False,False,False,9,39,True,True,False,False,False,False,False,False,False,False,False,False,False,False,False,False,False,1,2.1898138073925485e-05,0.0021898138073925483,False,<50%
filecoauth-2023-12-28.1152.544.1.aodl,,,,,,,,,,,,,,12/28/23 19:52:32,1751795664,FileCoAuth-2023-12-28.1152.544.1.aodl,\Users\blueangel\AppData\Local\Microsoft\OneDrive\logs\Common\FileCoAuth-2023-12-28.1152.544.1.aodl,File_Created / Basic_Info_Changed / Data_Added,Normal,Archive / Compressed,,0x004F00000000BE6A,0x000200000001E4E0,,,,0,2,False,True,0.5,False,FileCoAuth-2023-12-28.1152.544.1.aodl,\Users\blueangel\AppData\Local\Microsoft\OneDrive\logs\Common\FileCoAuth-2023-12-28.1152.544.1.aodl,False,False,False,False,0,False,False,False,False,False,False,False,True,False,False,False,False,False,False,False,False,False,False,9,37,True,True,False,False,False,False,False,False,False,False,False,False,False,False,False,False,False,1,2.1898138073925485e-05,0.0021898138073925483,False,<50%
filecoauth-2023-12-28.1202.5540.1.aodl,,,,,,,,,,,,,,12/28/23 20:02:32,1751918112,FileCoAuth-2023-12-28.1202.5540.1.aodl,\Users\blueangel\AppData\Local\Microsoft\OneDrive\logs\Common\FileCoAuth-2023-12-28.1202.5540.1.aodl,File_Created / Basic_Info_Changed / Data_Added,Normal,Archive / Compressed,,0x001E0000000070DD,0x000200000001E4E0,,,,0,2,False,True,0.5,False,FileCoAuth-2023-12-28.1202.5540.1.aodl,\Users\blueangel\AppData\Local\Microsoft\OneDrive\logs\Common\FileCoAuth-2023-12-28.1202.5540.1.aodl,False,False,False,False,0,False,False,False,False,False,False,False,True,False,False,False,False,False,False,False,False,False,False,9,38,True,True,False,False,False,False,False,False,False,False,False,False,False,False,False,False,False,1,2.1898138073925485e-05,0.0021898138073925483,False,<50%
filecoauth-2023-12-28.1212.11500.1.aodl,,,,,,,,,,,,,,12/28/23 20:12:32,1752065712,FileCoAuth-2023-12-28.1212.11500.1.aodl,\Users\blueangel\AppData\Local\Microsoft\OneDrive\logs\Common\FileCoAuth-2023-12-28.1212.11500.1.aodl,File_Created / Basic_Info_Changed / Data_Added,Normal,Archive / Compressed,,0x009100000000C796,0x000200000001E4E0,,,,0,2,False,True,0.5,False,FileCoAuth-2023-12-28.1212.11500.1.aodl,\Users\blueangel\AppData\Local\Microsoft\OneDrive\logs\Common\FileCoAuth-2023-12-28.1212.11500.1.aodl,False,False,False,False,0,False,False,False,False,False,False,False,True,False,False,False,False,False,False,False,False,False,False,9,39,True,True,False,False,False,False,False,False,False,False,False,False,False,False,False,False,False,1,2.1898138073925485e-05,0.0021898138073925483,False,<50%
filecoauth-2023-12-28.1222.292.1.aodl,,,,,,,,,,,,,,12/28/23 20:22:32,1752194800,FileCoAuth-2023-12-28.1222.292.1.aodl,\Users\blueangel\AppData\Local\Microsoft\OneDrive\logs\Common\FileCoAuth-2023-12-28.1222.292.1.aodl,File_Created / Basic_Info_Changed / Data_Added,Normal,Archive / Compressed,,0x013800000000C1F2,0x000200000001E4E0,,,,0,2,False,True,0.5,False,FileCoAuth-2023-12-28.1222.292.1.aodl,\Users\blueangel\AppData\Local\Microsoft\OneDrive\logs\Common\FileCoAuth-2023-12-28.1222.292.1.aodl,False,False,False,False,0,False,False,False,False,False,False,False,True,False,False,False,False,False,False,False,False,False,False,9,37,True,True,False,False,False,False,False,False,False,False,False,False,False,False,False,False,False,1,2.1898138073925485e-05,0.0021898138073925483,False,<50%
filecoauth-2023-12-28.1232.7132.1.aodl,,,,,,,,,,,,,,12/28/23 20:32:32,1752338840,FileCoAuth-2023-12-28.1232.7132.1.aodl,\Users\blueangel\AppData\Local\Microsoft\OneDrive\logs\Common\FileCoAuth-2023-12-28.1232.7132.1.aodl,File_Created / Basic_Info_Changed / Data_Added,Normal,Archive / Compressed,,0x000400000000C7EE,0x000200000001E4E0,,,,0,2,False,True,0.5,False,FileCoAuth-2023-12-28.1232.7132.1.aodl,\Users\blueangel\AppData\Local\Microsoft\OneDrive\logs\Common\FileCoAuth-2023-12-28.1232.7132.1.aodl,False,False,False,False,0,False,False,False,False,False,False,False,True,False,False,False,False,False,False,False,False,False,False,9,38,True,True,False,False,False,False,False,False,False,False,False,False,False,False,False,False,False,1,2.1898138073925485e-05,0.0021898138073925483,False,<50%
filecoauth-2023-12-28.1242.9324.1.aodl,,,,,,,,,,,,,,12/28/23 20:42:32,1752470496,FileCoAuth-2023-12-28.1242.9324.1.aodl,\Users\blueangel\AppData\Local\Microsoft\OneDrive\logs\Common\FileCoAuth-2023-12-28.1242.9324.1.aodl,File_Created / Basic_Info_Changed / Data_Added,Normal,Archive / Compressed,,0x008300000000C7ED,0x000200000001E4E0,,,,0,2,False,True,0.5,False,FileCoAuth-2023-12-28.1242.9324.1.aodl,\Users\blueangel\AppData\Local\Microsoft\OneDrive\logs\Common\FileCoAuth-2023-12-28.1242.9324.1.aodl,False,False,False,False,0,False,False,False,False,False,False,False,True,False,False,False,False,False,False,False,False,False,False,9,38,True,True,False,False,False,False,False,False,False,False,False,False,False,False,False,False,False,1,2.1898138073925485e-05,0.0021898138073925483,False,<50%
filecoauth-2023-12-28.1252.8176.1.aodl,,,,,,,,,,,,,,12/28/23 20:52:32,1752597328,FileCoAuth-2023-12-28.1252.8176.1.aodl,\Users\blueangel\AppData\Local\Microsoft\OneDrive\logs\Common\FileCoAuth-2023-12-28.1252.8176.1.aodl,File_Created / Basic_Info_Changed / Data_Added,Normal,Archive / Compressed,,0x003200000000C7FC,0x000200000001E4E0,,,,0,2,False,True,0.5,False,FileCoAuth-2023-12-28.1252.8176.1.aodl,\Users\blueangel\AppData\Local\Microsoft\OneDrive\logs\Common\FileCoAuth-2023-12-28.1252.8176.1.aodl,False,False,False,False,0,False,False,False,False,False,False,False,True,False,False,False,False,False,False,False,False,False,False,9,38,True,True,False,False,False,False,False,False,False,False,False,False,False,False,False,False,False,1,2.1898138073925485e-05,0.0021898138073925483,False,<50%
filecoauth-2023-12-28.1302.2816.1.aodl,,,,,,,,,,,,,,12/28/23 21:02:32,1752718848,FileCoAuth-2023-12-28.1302.2816.1.aodl,\Users\blueangel\AppData\Local\Microsoft\OneDrive\logs\Common\FileCoAuth-2023-12-28.1302.2816.1.aodl,File_Created / Basic_Info_Changed / Data_Added,Normal,Archive / Compressed,,0x001800000000BEB7,0x000200000001E4E0,,,,0,2,False,True,0.5,False,FileCoAuth-2023-12-28.1302.2816.1.aodl,\Users\blueangel\AppData\Local\Microsoft\OneDrive\logs\Common\FileCoAuth-2023-12-28.1302.2816.1.aodl,False,False,False,False,0,False,False,False,False,False,False,False,True,False,False,False,False,False,False,False,False,False,False,9,38,True,True,False,False,False,False,False,False,False,False,False,False,False,False,False,False,False,1,2.1898138073925485e-05,0.0021898138073925483,False,<50%
filecoauth-2023-12-28.1312.9420.1.aodl,,,,,,,,,,,,,,12/28/23 21:12:32,1752864144,FileCoAuth-2023-12-28.1312.9420.1.aodl,\Users\blueangel\AppData\Local\Microsoft\OneDrive\logs\Common\FileCoAuth-2023-12-28.1312.9420.1.aodl,File_Created / Basic_Info_Changed / Data_Added,Normal,Archive / Compressed,,0x0093000000001E27,0x000200000001E4E0,,,,0,2,False,True,0.5,False,FileCoAuth-2023-12-28.1312.9420.1.aodl,\Users\blueangel\AppData\Local\Microsoft\OneDrive\logs\Common\FileCoAuth-2023-12-28.1312.9420.1.aodl,False,False,False,False,0,False,False,False,False,False,False,False,True,False,False,False,False,False,False,False,False,False,False,9,38,True,True,False,False,False,False,False,False,False,False,False,False,False,False,False,False,False,1,2.1898138073925485e-05,0.0021898138073925483,False,<50%
filecoauth-2023-12-28.1322.3172.1.aodl,,,,,,,,,,,,,,12/28/23 21:22:32,1752998400,FileCoAuth-2023-12-28.1322.3172.1.aodl,\Users\blueangel\AppData\Local\Microsoft\OneDrive\logs\Common\FileCoAuth-2023-12-28.1322.3172.1.aodl,File_Created / Basic_Info_Changed / Data_Added,Normal,Archive / Compressed,,0x001600000000C8D0,0x000200000001E4E0,,,,0,2,False,True,0.5,False,FileCoAuth-2023-12-28.1322.3172.1.aodl,\Users\blueangel\AppData\Local\Microsoft\OneDrive\logs\Common\FileCoAuth-2023-12-28.1322.3172.1.aodl,False,False,False,False,0,False,False,False,False,False,False,False,True,False,False,False,False,False,False,False,False,False,False,9,38,True,True,False,False,False,False,False,False,False,False,False,False,False,False,False,False,False,1,2.1898138073925485e-05,0.0021898138073925483,False,<50%
filecoauth-2023-12-28.1332.6064.1.aodl,,,,,,,,,,,,,,12/28/23 21:32:32,1753141952,FileCoAuth-2023-12-28.1332.6064.1.aodl,\Users\blueangel\AppData\Local\Microsoft\OneDrive\logs\Common\FileCoAuth-2023-12-28.1332.6064.1.aodl,File_Created / Basic_Info_Changed / Data_Added,Normal,Archive / Compressed,,0x000A00000000C8CA,0x000200000001E4E0,,,,0,2,False,True,0.5,False,FileCoAuth-2023-12-28.1332.6064.1.aodl,\Users\blueangel\AppData\Local\Microsoft\OneDrive\logs\Common\FileCoAuth-2023-12-28.1332.6064.1.aodl,False,False,False,False,0,False,False,False,False,False,False,False,True,False,False,False,False,False,False,False,False,False,False,9,38,True,True,False,False,False,False,False,False,False,False,False,False,False,False,False,False,False,1,2.1898138073925485e-05,0.0021898138073925483,False,<50%
filecoauth-2023-12-28.1342.10888.1.aodl,,,,,,,,,,,,,,12/28/23 21:42:32,1753312536,FileCoAuth-2023-12-28.1342.10888.1.aodl,\Users\blueangel\AppData\Local\Microsoft\OneDrive\logs\Common\FileCoAuth-2023-12-28.1342.10888.1.aodl,File_Created / Basic_Info_Changed / Data_Added,Normal,Archive / Compressed,,0x008100000000C8C5,0x000200000001E4E0,,,,0,2,False,True,0.5,False,FileCoAuth-2023-12-28.1342.10888.1.aodl,\Users\blueangel\AppData\Local\Microsoft\OneDrive\logs\Common\FileCoAuth-2023-12-28.1342.10888.1.aodl,False,False,False,False,0,False,False,False,False,False,False,False,True,False,False,False,False,False,False,False,False,False,False,9,39,True,True,False,False,False,False,False,False,False,False,False,False,False,False,False,False,False,1,2.1898138073925485e-05,0.0021898138073925483,False,<50%
filecoauth-2023-12-28.1352.5376.1.aodl,,,,,,,,,,,,,,12/28/23 21:52:32,1753436360,FileCoAuth-2023-12-28.1352.5376.1.aodl,\Users\blueangel\AppData\Local\Microsoft\OneDrive\logs\Common\FileCoAuth-2023-12-28.1352.5376.1.aodl,File_Created / Basic_Info_Changed / Data_Added,Normal,Archive / Compressed,,0x002700000000BEED,0x000200000001E4E0,,,,0,2,False,True,0.5,False,FileCoAuth-2023-12-28.1352.5376.1.aodl,\Users\blueangel\AppData\Local\Microsoft\OneDrive\logs\Common\FileCoAuth-2023-12-28.1352.5376.1.aodl,False,False,False,False,0,False,False,False,False,False,False,False,True,False,False,False,False,False,False,False,False,False,False,9,38,True,True,False,False,False,False,False,False,False,False,False,False,False,False,False,False,False,1,2.1898138073925485e-05,0.0021898138073925483,False,<50%
filecoauth-2023-12-28.1402.7564.1.aodl,,,,,,,,,,,,,,12/28/23 22:02:32,1753569704,FileCoAuth-2023-12-28.1402.7564.1.aodl,\Users\blueangel\AppData\Local\Microsoft\OneDrive\logs\Common\FileCoAuth-2023-12-28.1402.7564.1.aodl,File_Created / Basic_Info_Changed / Data_Added,Normal,Archive / Compressed,,0x003E00000000BEA2,0x000200000001E4E0,,,,0,2,False,True,0.5,False,FileCoAuth-2023-12-28.1402.7564.1.aodl,\Users\blueangel\AppData\Local\Microsoft\OneDrive\logs\Common\FileCoAuth-2023-12-28.1402.7564.1.aodl,False,False,False,False,0,False,False,False,False,False,False,False,True,False,False,False,False,False,False,False,False,False,False,9,38,True,True,False,False,False,False,False,False,False,False,False,False,False,False,False,False,False,1,2.1898138073925485e-05,0.0021898138073925483,False,<50%
filecoauth-2023-12-28.1412.4436.1.aodl,,,,,,,,,,,,,,12/28/23 22:12:32,1753715392,FileCoAuth-2023-12-28.1412.4436.1.aodl,\Users\blueangel\AppData\Local\Microsoft\OneDrive\logs\Common\FileCoAuth-2023-12-28.1412.4436.1.aodl,File_Created / Basic_Info_Changed / Data_Added,Normal,Archive / Compressed,,0x007700000000BE5C,0x000200000001E4E0,,,,0,2,False,True,0.5,False,FileCoAuth-2023-12-28.1412.4436.1.aodl,\Users\blueangel\AppData\Local\Microsoft\OneDrive\logs\Common\FileCoAuth-2023-12-28.1412.4436.1.aodl,False,False,False,False,0,False,False,False,False,False,False,False,True,False,False,False,False,False,False,False,False,False,False,9,38,True,True,False,False,False,False,False,False,False,False,False,False,False,False,False,False,False,1,2.1898138073925485e-05,0.0021898138073925483,False,<50%
filecoauth-2023-12-28.1422.2288.1.aodl,,,,,,,,,,,,,,12/28/23 22:22:32,1753863664,FileCoAuth-2023-12-28.1422.2288.1.aodl,\Users\blueangel\AppData\Local\Microsoft\OneDrive\logs\Common\FileCoAuth-2023-12-28.1422.2288.1.aodl,File_Created / Basic_Info_Changed / Data_Added,Normal,Archive / Compressed,,0x006400000000C233,0x000200000001E4E0,,,,0,2,False,True,0.5,False,FileCoAuth-2023-12-28.1422.2288.1.aodl,\Users\blueangel\AppData\Local\Microsoft\OneDrive\logs\Common\FileCoAuth-2023-12-28.1422.2288.1.aodl,False,False,False,False,0,False,False,False,False,False,False,False,True,False,False,False,False,False,False,False,False,False,False,9,38,True,True,False,False,False,False,False,False,False,False,False,False,False,False,False,False,False,1,2.1898138073925485e-05,0.0021898138073925483,False,<50%
filecoauth-2023-12-28.1432.11512.1.aodl,,,,,,,,,,,,,,12/28/23 22:32:32,1754008856,FileCoAuth-2023-12-28.1432.11512.1.aodl,\Users\blueangel\AppData\Local\Microsoft\OneDrive\logs\Common\FileCoAuth-2023-12-28.1432.11512.1.aodl,File_Created / Basic_Info_Changed / Data_Added,Normal,Archive / Compressed,,0x007A00000000C8D1,0x000200000001E4E0,,,,0,2,False,True,0.5,False,FileCoAuth-2023-12-28.1432.11512.1.aodl,\Users\blueangel\AppData\Local\Microsoft\OneDrive\logs\Common\FileCoAuth-2023-12-28.1432.11512.1.aodl,False,False,False,False,0,False,False,False,False,False,False,False,True,False,False,False,False,False,False,False,False,False,False,9,39,True,True,False,False,False,False,False,False,False,False,False,False,False,False,False,False,False,1,2.1898138073925485e-05,0.0021898138073925483,False,<50%
filecoauth-2023-12-28.1442.11248.1.aodl,,,,,,,,,,,,,,12/28/23 22:42:32,1754141184,FileCoAuth-2023-12-28.1442.11248.1.aodl,\Users\blueangel\AppData\Local\Microsoft\OneDrive\logs\Common\FileCoAuth-2023-12-28.1442.11248.1.aodl,File_Created / Basic_Info_Changed / Data_Added,Normal,Archive / Compressed,,0x001600000000C8E9,0x000200000001E4E0,,,,0,2,False,True,0.5,False,FileCoAuth-2023-12-28.1442.11248.1.aodl,\Users\blueangel\AppData\Local\Microsoft\OneDrive\logs\Common\FileCoAuth-2023-12-28.1442.11248.1.aodl,False,False,False,False,0,False,False,False,False,False,False,False,True,False,False,False,False,False,False,False,False,False,False,9,39,True,True,False,False,False,False,False,False,False,False,False,False,False,False,False,False,False,1,2.1898138073925485e-05,0.0021898138073925483,False,<50%
firefox.exe,,,,,,,,,,,,,,12/27/23 3:39:31,1720430680,firefox.exe,\Program Files\Mozilla Firefox\firefox.exe,File_Created / Basic_Info_Changed / Data_Added / Data_Overwritten,Normal,Archive,,0x000500000000BF14,0x012600000000389E,,,,0,2,False,True,0.5,False,firefox.exe,\Program Files\Mozilla Firefox\firefox.exe,False,False,False,False,0,False,False,False,False,False,False,False,True,False,False,False,False,False,True,False,False,False,False,3,11,False,True,False,False,False,False,False,False,False,False,False,False,False,False,False,True,False,1,2.187794344483858e-05,0.002187794344483858,False,<50%
firefox.exe.sig,,,,,,,,,,,,,,12/27/23 3:39:31,1720431144,firefox.exe.sig,\Program Files\Mozilla Firefox\firefox.exe.sig,File_Created / Basic_Info_Changed / Data_Added / Data_Overwritten,Normal,Archive,,0x000300000000BF16,0x012600000000389E,,,,0,2,False,True,0.5,False,firefox.exe.sig,\Program Files\Mozilla Firefox\firefox.exe.sig,False,False,False,False,0,False,False,False,False,False,False,False,True,False,False,False,False,False,False,False,False,False,False,3,15,False,True,False,False,False,False,False,False,False,False,False,False,False,False,False,True,False,1,2.187793651320593e-05,0.002187793651320593,False,<50%
firefox.lnk,,,,,,,,,,,,,,12/27/23 10:39:30,1725848576,Firefox.lnk,\ProgramData\Microsoft\Windows\Start Menu\Programs\Firefox.lnk,Basic_Info_Changed,Normal,Archive / Not_Content_Indexed,,0x000100000001EE54,0x00010000000005E3,,,,0,2,False,True,0.5,False,Firefox.lnk,\ProgramData\Microsoft\Windows\Start Menu\Programs\Firefox.lnk,False,False,False,False,0,False,False,False,False,False,False,False,True,False,False,False,False,False,False,False,False,False,False,6,11,True,True,False,False,False,False,False,False,False,False,False,False,False,False,True,False,False,1,2.1877591208243722e-05,0.0021877591208243723,False,<50%
firefox.visualelementsmanifest.xml,,,,,,,,,,,,,,12/27/23 3:39:31,1720431720,firefox.VisualElementsManifest.xml,\Program Files\Mozilla Firefox\firefox.VisualElementsManifest.xml,File_Created / Basic_Info_Changed / Data_Added / Data_Overwritten,Normal,Archive,,0x000800000000BF18,0x012600000000389E,,,,0,2,False,True,0.5,False,firefox.VisualElementsManifest.xml,\Program Files\Mozilla Firefox\firefox.VisualElementsManifest.xml,False,False,False,False,0,False,False,False,False,False,False,False,True,False,False,False,False,False,False,False,False,False,False,3,34,False,True,False,False,False,False,False,False,False,False,False,False,False,False,False,True,False,1,2.187793651320593e-05,0.002187793651320593,False,<50%
folderprovider.dll,,,,,,,,,,,,,,12/27/23 16:33:46,1730512256,FolderProvider.dll,,File_Created / Basic_Info_Changed / Data_Added / Data_Overwritten / Extended_Attr_Changed / Access_Right_Changed,Normal,Archive,,0x000200000000C249,0x000200000000C22F,,,,0,12,False,True,0.5,False,FolderProvider.dll,,False,False,False,False,0,False,False,False,False,False,False,False,True,False,False,False,False,False,True,False,False,False,True,0,18,False,True,False,False,False,False,False,False,False,False,False,False,False,False,False,False,False,1,2.1877934654115063e-05,0.002187793465411506,False,<50%
folderprovider.dll.mui,,,,,,,,,,,,,,12/27/23 16:33:46,1730507064,FolderProvider.dll.mui,,File_Created / Basic_Info_Changed / Data_Added / Data_Overwritten / Access_Right_Changed,Normal,Archive,,0x000300000000C23E,0x000200000000C239,,,,0,24,False,True,0.5,False,FolderProvider.dll.mui,,False,False,False,False,0,False,False,False,False,False,False,False,True,False,False,False,False,False,False,False,False,False,False,0,22,False,True,False,False,False,False,False,False,False,False,False,False,False,False,False,False,False,1,2.187793462899479e-05,0.002187793462899479,False,<50%
formautofill@mozilla.org.xpi,,,,,,,,,,,,,,12/27/23 3:39:31,1720420152,formautofill@mozilla.org.xpi,\Program Files\Mozilla Firefox\browser\features\formautofill@mozilla.org.xpi,File_Created / Basic_Info_Changed / Data_Added / Data_Overwritten,Normal,Archive,,0x00090000000080F4,0x00190000000080F1,,,,0,2,False,True,0.5,False,formautofill@mozilla.org.xpi,\Program Files\Mozilla Firefox\browser\features\formautofill@mozilla.org.xpi,False,False,False,False,0,False,False,False,False,False,False,False,True,False,False,False,False,False,False,False,False,False,False,5,28,False,True,False,False,False,False,False,False,False,False,False,False,False,False,False,True,False,1,2.1877629812174717e-05,0.0021877629812174716,False,<50%
freebl3.dll,,,,,,,,,,,,,,12/27/23 3:39:31,1720432864,freebl3.dll,\Program Files\Mozilla Firefox\freebl3.dll,File_Created / Basic_Info_Changed / Data_Added / Data_Overwritten,Normal,Archive,,0x000600000000C016,0x012600000000389E,,,,0,2,False,True,0.5,False,freebl3.dll,\Program Files\Mozilla Firefox\freebl3.dll,False,False,False,False,0,False,False,False,False,False,False,False,True,False,False,False,False,False,True,False,False,False,True,3,11,False,True,False,False,False,False,False,False,False,False,False,False,False,False,False,True,False,1,2.187794344483858e-05,0.002187794344483858,False,<50%
genericprovider.dll,,,,,,,,,,,,,,12/27/23 16:33:46,1730513024,GenericProvider.dll,,File_Created / Basic_Info_Changed / Data_Added / Data_Overwritten / Extended_Attr_Changed / Access_Right_Changed,Normal,Archive,,0x000200000000C24A,0x000200000000C22F,,,,0,12,False,True,0.5,False,GenericProvider.dll,,False,False,False,False,0,False,False,False,False,False,False,False,True,False,False,False,False,False,True,False,False,False,True,0,19,False,True,False,False,False,False,False,False,False,False,False,False,False,False,False,False,False,1,2.1877934654115063e-05,0.002187793465411506,False,<50%
genericprovider.dll.mui,,,,,,,,,,,,,,12/27/23 16:33:46,1730522032,GenericProvider.dll.mui,,File_Created / Basic_Info_Changed / Data_Added / Data_Overwritten / Access_Right_Changed,Normal,Archive,,0x000200000000C259,0x000200000000C24F,,,,0,12,False,True,0.5,False,GenericProvider.dll.mui,,False,False,False,False,0,False,False,False,False,False,False,False,True,False,False,False,False,False,False,False,False,False,False,0,23,False,True,False,False,False,False,False,False,False,False,False,False,False,False,False,False,False,1,2.187793462899479e-05,0.002187793462899479,False,<50%
globalloadable.dat,,,,,,,,,,,,,,12/27/23 2:53:07,1719793512,globalLoadable.dat,\ProgramData\Avast Software\Avast\IDS\profile\globalLoadable.dat,File_Created / Basic_Info_Changed / Data_Added / Data_Overwritten / File_Renamed_New,Normal,Archive,,0x0045000000000462,0x000A00000001F980,,,,0,506,False,True,0.5,False,globalLoadable.dat,\ProgramData\Avast Software\Avast\IDS\profile\globalLoadable.dat,False,False,False,False,0,False,False,False,False,False,False,False,True,False,False,False,False,False,False,False,False,False,False,6,18,True,True,False,False,False,False,False,False,False,False,False,False,False,False,False,False,False,1,2.1877381380496178e-05,0.002187738138049618,False,<50%
helper.exe,,,,,,,,,,,,,,12/27/23 3:39:31,1720450952,helper.exe,\Program Files\Mozilla Firefox\uninstall\helper.exe,File_Created / Basic_Info_Changed / Data_Added / Data_Overwritten,Normal,Archive,,0x000200000000C0FC,0x000200000000C0FB,,,,0,2,False,True,0.5,False,helper.exe,\Program Files\Mozilla Firefox\uninstall\helper.exe,False,False,False,False,0,False,False,False,False,False,False,False,True,False,False,False,False,False,True,False,False,False,False,4,10,False,True,False,False,False,False,False,False,False,False,False,False,False,False,False,True,False,1,2.1877635627054125e-05,0.0021877635627054123,False,<50%
hfs+ volume header.tpl,,,,,,,,,,,,,,12/28/23 9:23:46,1742861832,HFS+ Volume Header.tpl,\Users\blueangel\AppData\Local\Temp\RarSFX1\HFS+ Volume Header.tpl,File_Created / Basic_Info_Changed / Data_Added / Data_Overwritten,Normal,Archive,,0x000300000000C590,0x000500000000C581,,,,0,2,False,True,0.5,False,HFS+ Volume Header.tpl,\Users\blueangel\AppData\Local\Temp\RarSFX1\HFS+ Volume Header.tpl,False,False,False,False,0,False,False,False,False,False,False,False,True,False,False,False,False,False,False,False,False,False,False,7,22,True,True,False,False,False,False,False,False,False,False,False,False,False,True,False,False,False,1,2.158464877656569e-05,0.002158464877656569,False,<50%
history,,,,,,,,,,,,,,12/27/23 11:59:51,1726983296,History,,File_Created / Basic_Info_Changed / Data_Added / Data_Overwritten,Normal,Archive,,0x000200000000C1DE,0x000200000000C1DD,,,,0,72,False,True,0.5,False,History,,False,False,False,False,0,False,False,False,False,False,False,False,True,False,False,False,False,False,False,False,False,False,False,0,7,False,False,False,False,False,False,False,False,False,False,False,False,False,False,False,False,False,1,2.187793462899479e-05,0.002187793462899479,False,<50%
hosts,,,,,,,,,,,,,,12/28/23 9:22:11,1742369368,hosts,\Windows\System32\drivers\etc\hosts,Basic_Info_Changed,Normal,Normal,,0x000100000000CA4D,0x0001000000000E80,,,,0,4,False,True,0.5,False,hosts,\Windows\System32\drivers\etc\hosts,False,False,False,False,0,False,False,False,False,False,False,False,True,False,False,False,False,False,False,False,False,False,False,5,5,False,False,False,False,False,False,False,False,False,False,False,False,False,False,True,False,False,1,2.187762658518503e-05,0.002187762658518503,False,<50%
hxcommalwaysonlog.etl,,,,,,,,,,,,,,12/27/23 17:04:45,1730969312,HxCommAlwaysOnLog.etl,\Users\blueangel\AppData\Local\Packages\microsoft.windowscommunicationsapps_8wekyb3d8bbwe\LocalState\HxCommAlwaysOnLog.etl,File_Created / Basic_Info_Changed / Content_Indexed_Attr_Changed,Normal,Not_Content_Indexed,,0x0004000000004989,0x000100000001A66F,,,,0,18,False,True,0.5,False,HxCommAlwaysOnLog.etl,\Users\blueangel\AppData\Local\Packages\microsoft.windowscommunicationsapps_8wekyb3d8bbwe\LocalState\HxCommAlwaysOnLog.etl,False,False,False,False,0,False,False,False,False,False,False,False,True,False,False,False,False,False,False,False,False,False,False,8,21,True,True,False,False,False,False,False,False,False,False,False,False,False,False,True,False,False,1,2.18776211671928e-05,0.00218776211671928,False,<50%
ia2marshal.dll,,,,,,,,,,,,,,12/27/23 3:39:31,1720435040,IA2Marshal.dll,\Program Files\Mozilla Firefox\IA2Marshal.dll,File_Created / Basic_Info_Changed / Data_Added / Data_Overwritten,Normal,Archive,,0x000700000000C042,0x012600000000389E,,,,0,2,False,True,0.5,False,IA2Marshal.dll,\Program Files\Mozilla Firefox\IA2Marshal.dll,False,False,False,False,0,False,False,False,False,False,False,False,True,False,False,False,False,False,True,False,False,False,True,3,14,False,True,False,False,False,False,False,False,False,False,False,False,False,False,False,True,False,1,2.187794344483858e-05,0.002187794344483858,False,<50%
ibsprovider.dll,,,,,,,,,,,,,,12/27/23 16:33:46,1730513616,IBSProvider.dll,,File_Created / Basic_Info_Changed / Data_Added / Data_Overwritten / Extended_Attr_Changed / Access_Right_Changed,Normal,Archive,,0x000200000000C24B,0x000200000000C22F,,,,0,12,False,True,0.5,False,IBSProvider.dll,,False,False,False,False,0,False,False,False,False,False,False,False,True,False,False,False,False,False,True,False,False,False,True,0,15,False,True,False,False,False,False,False,False,False,False,False,False,False,False,False,False,False,1,2.1877934654115063e-05,0.002187793465411506,False,<50%
ibsprovider.dll.mui,,,,,,,,,,,,,,12/27/23 16:33:46,1730507688,IBSProvider.dll.mui,,File_Created / Basic_Info_Changed / Data_Added / Data_Overwritten / Access_Right_Changed,Normal,Archive,,0x000300000000C240,0x000200000000C239,,,,0,12,False,True,0.5,False,IBSProvider.dll.mui,,False,False,False,False,0,False,False,False,False,False,False,False,True,False,False,False,False,False,False,False,False,False,False,0,19,False,True,False,False,False,False,False,False,False,False,False,False,False,False,False,False,False,1,2.187793462899479e-05,0.002187793462899479,False,<50%
imagingprovider.dll,,,,,,,,,,,,,,12/27/23 16:33:46,1730514224,ImagingProvider.dll,,File_Created / Basic_Info_Changed / Data_Added / Data_Overwritten / Extended_Attr_Changed / Access_Right_Changed,Normal,Archive,,0x000200000000C24C,0x000200000000C22F,,,,0,12,False,True,0.5,False,ImagingProvider.dll,,False,False,False,False,0,False,False,False,False,False,False,False,True,False,False,False,False,False,True,False,False,False,True,0,19,False,True,False,False,False,False,False,False,False,False,False,False,False,False,False,False,False,1,2.1877934654115063e-05,0.002187793465411506,False,<50%
imagingprovider.dll.mui,,,,,,,,,,,,,,12/27/23 16:33:46,1730522704,ImagingProvider.dll.mui,,File_Created / Basic_Info_Changed / Data_Added / Data_Overwritten / Access_Right_Changed,Normal,Archive,,0x000200000000C25A,0x000200000000C24F,,,,0,12,False,True,0.5,False,ImagingProvider.dll.mui,,False,False,False,False,0,False,False,False,False,False,False,False,True,False,False,False,False,False,False,False,False,False,False,0,23,False,True,False,False,False,False,False,False,False,False,False,False,False,False,False,False,False,1,2.187793462899479e-05,0.002187793462899479,False,<50%
install.log,,,,,,,,,,,,,,12/27/23 3:39:31,1720435480,install.log,\Program Files\Mozilla Firefox\install.log,File_Created / Basic_Info_Changed / Data_Added / Data_Overwritten,Normal,Archive,,0x000300000000C092,0x012600000000389E,,,,0,2,False,True,0.5,False,install.log,\Program Files\Mozilla Firefox\install.log,False,False,False,False,0,False,False,False,False,False,False,False,True,False,False,False,False,False,False,False,False,False,False,3,11,False,True,False,False,False,False,False,False,False,False,False,False,False,False,False,True,False,1,2.187793651320593e-05,0.002187793651320593,False,<50%
installation_telemetry.json,,,,,,,,,,,,,,12/27/23 3:39:31,1720436016,installation_telemetry.json,\Program Files\Mozilla Firefox\installation_telemetry.json,File_Created / Basic_Info_Changed / Data_Added / Data_Overwritten,Normal,Archive,,0x003200000000C099,0x012600000000389E,,,,0,2,False,True,0.5,False,installation_telemetry.json,\Program Files\Mozilla Firefox\installation_telemetry.json,False,False,False,False,0,False,False,False,False,False,False,False,True,False,False,False,False,False,False,False,False,False,False,3,27,False,True,False,False,False,False,False,False,False,False,False,False,False,False,False,True,False,1,2.187793651320593e-05,0.002187793651320593,False,<50%
intlprovider.dll,,,,,,,,,,,,,,12/27/23 16:33:46,1730515184,IntlProvider.dll,,File_Created / Basic_Info_Changed / Data_Added / Data_Overwritten / Extended_Attr_Changed / Access_Right_Changed,Normal,Archive,,0x000300000000C24D,0x000200000000C22F,,,,0,12,False,True,0.5,False,IntlProvider.dll,,False,False,False,False,0,False,False,False,False,False,False,False,True,False,False,False,False,False,True,False,False,False,True,0,16,False,True,False,False,False,False,False,False,False,False,False,False,False,False,False,False,False,1,2.1877934654115063e-05,0.002187793465411506,False,<50%
intlprovider.dll.mui,,,,,,,,,,,,,,12/27/23 16:33:46,1730523344,IntlProvider.dll.mui,,File_Created / Basic_Info_Changed / Data_Added / Data_Overwritten / Access_Right_Changed,Normal,Archive,,0x000300000000C25F,0x000200000000C24F,,,,0,12,False,True,0.5,False,IntlProvider.dll.mui,,False,False,False,False,0,False,False,False,False,False,False,False,True,False,False,False,False,False,False,False,False,False,False,0,20,False,True,False,False,False,False,False,False,False,False,False,False,False,False,False,False,False,1,2.187793462899479e-05,0.002187793462899479,False,<50%
ipcclientcerts.dll,,,,,,,,,,,,,,12/27/23 3:39:31,1720436544,ipcclientcerts.dll,\Program Files\Mozilla Firefox\ipcclientcerts.dll,File_Created / Basic_Info_Changed / Data_Added / Data_Overwritten,Normal,Archive,,0x000300000000C09A,0x012600000000389E,,,,0,2,False,True,0.5,False,ipcclientcerts.dll,\Program Files\Mozilla Firefox\ipcclientcerts.dll,False,False,False,False,0,False,False,False,False,False,False,False,True,False,False,False,False,False,True,False,False,False,True,3,18,False,True,False,False,False,False,False,False,False,False,False,False,False,False,False,True,False,1,2.187794344483858e-05,0.002187794344483858,False,<50%
ko-kr,,,,,,,,,,,,,,12/27/23 16:33:52,1730562688,ko-KR,,Basic_Info_Changed / Content_Indexed_Attr_Changed,Normal,Directory / Not_Content_Indexed,,0x000200000000C24F,0x000200000000C22F,,,,0,6,False,True,0.5,False,ko-KR,,False,False,False,False,0,False,False,False,False,False,False,False,True,False,False,False,False,False,False,False,False,False,False,0,5,False,False,False,False,False,False,False,False,False,False,False,False,False,False,False,False,False,1,2.187793462899479e-05,0.002187793462899479,False,<50%
language.dat,,,,,,,,,,,,,,12/28/23 9:23:46,1742862304,language.dat,\Users\blueangel\AppData\Local\Temp\RarSFX1\language.dat,File_Created / Basic_Info_Changed / Data_Added / Data_Overwritten,Normal,Archive,,0x000200000000C591,0x000500000000C581,,,,0,2,False,True,0.5,False,language.dat,\Users\blueangel\AppData\Local\Temp\RarSFX1\language.dat,False,False,False,False,0,False,False,False,False,False,False,False,True,False,False,False,False,False,False,False,False,False,False,7,12,True,True,False,False,False,False,False,False,False,False,False,False,False,True,False,False,False,1,2.158464877656569e-05,0.002158464877656569,False,<50%
last_run_current_log.txt,,,,,,,,,,,,,,12/28/23 9:22:55,1742678496,last_run_current_log.txt,,File_Created / Basic_Info_Changed / Data_Added / Data_Overwritten,Normal,Archive,,0x00F7000000000316,0x0005000000001DDA,,,,0,2,False,True,0.5,False,last_run_current_log.txt,,False,False,False,False,0,False,False,False,False,False,False,False,True,False,False,False,False,False,False,False,True,False,False,0,24,False,True,False,False,False,False,False,False,False,False,False,False,False,False,False,False,False,1,2.187793462899479e-05,0.002187793462899479,False,<50%
lgpllibs.dll,,,,,,,,,,,,,,12/27/23 3:39:31,1720437000,lgpllibs.dll,\Program Files\Mozilla Firefox\lgpllibs.dll,File_Created / Basic_Info_Changed / Data_Added / Data_Overwritten,Normal,Archive,,0x003D00000000C0AA,0x012600000000389E,,,,0,2,False,True,0.5,False,lgpllibs.dll,\Program Files\Mozilla Firefox\lgpllibs.dll,False,False,False,False,0,False,False,False,False,False,False,False,True,False,False,False,False,False,True,False,False,False,True,3,12,False,True,False,False,False,False,False,False,False,False,False,False,False,False,False,True,False,1,2.187794344483858e-05,0.002187794344483858,False,<50%
libegl.dll,,,,,,,,,,,,,,12/27/23 3:39:31,1720437416,libEGL.dll,\Program Files\Mozilla Firefox\libEGL.dll,File_Created / Basic_Info_Changed / Data_Added / Data_Overwritten,Normal,Archive,,0x001100000000C0CD,0x012600000000389E,,,,0,2,False,True,0.5,False,libEGL.dll,\Program Files\Mozilla Firefox\libEGL.dll,False,False,False,False,0,False,False,False,False,False,False,False,True,False,False,False,False,False,True,False,False,False,True,3,10,False,True,False,False,False,False,False,False,False,False,False,False,False,False,False,True,False,1,2.187794344483858e-05,0.002187794344483858,False,<50%
libglesv2.dll,,,,,,,,,,,,,,12/27/23 3:39:31,1720437840,libGLESv2.dll,\Program Files\Mozilla Firefox\libGLESv2.dll,File_Created / Basic_Info_Changed / Data_Added / Data_Overwritten,Normal,Archive,,0x000300000000C0CE,0x012600000000389E,,,,0,2,False,True,0.5,False,libGLESv2.dll,\Program Files\Mozilla Firefox\libGLESv2.dll,False,False,False,False,0,False,False,False,False,False,False,False,True,False,False,False,False,False,True,False,False,False,True,3,13,False,True,False,False,False,False,False,False,False,False,False,False,False,False,False,True,False,1,2.187794344483858e-05,0.002187794344483858,False,<50%
local state,,,,,,,,,,,,,,12/28/23 9:22:26,1742447048,Local State,\Users\blueangel\AppData\Local\Microsoft\Edge\User Data\Local State,Basic_Info_Changed / File_Renamed_New / Access_Right_Changed,Normal,Archive,,0x000200000000C48E,0x000100000001A4E7,,,,0,6,False,True,0.5,False,Local State,\Users\blueangel\AppData\Local\Microsoft\Edge\User Data\Local State,False,False,False,False,0,False,False,False,False,False,False,False,True,False,False,False,False,False,False,False,False,False,False,8,11,True,False,False,False,False,False,False,False,False,False,False,False,False,False,False,False,False,1,2.187755151986522e-05,0.002187755151986522,False,<50%
locale.ini,,,,,,,,,,,,,,12/27/23 3:39:31,1720438256,locale.ini,\Program Files\Mozilla Firefox\locale.ini,File_Created / Basic_Info_Changed / Data_Added / Data_Overwritten,Normal,Archive,,0x000300000000C0D0,0x012600000000389E,,,,0,2,False,True,0.5,False,locale.ini,\Program Files\Mozilla Firefox\locale.ini,False,False,False,False,0,False,False,False,False,False,False,False,True,False,False,False,False,False,False,False,False,False,False,3,10,False,True,False,False,False,False,False,False,False,False,False,False,False,False,False,True,False,1,2.187793651320593e-05,0.002187793651320593,False,<50%
lockscreen___1918_0938_notdimmed.jpg,,,,,,,,,,,,,,12/28/23 9:22:10,1742362040,LockScreen___1918_0938_notdimmed.jpg,\ProgramData\Microsoft\Windows\SystemData\S-1-5-21-2013336793-2335637549-584498142-1001\ReadOnly\LockScreen_O\LockScreen___1918_0938_notdimmed.jpg,Basic_Info_Changed / File_Renamed_New / Access_Right_Changed,Normal,Archive / Not_Content_Indexed,,0x0006000000001BFB,0x0012000000001B2B,,,,0,2,False,True,0.5,False,LockScreen___1918_0938_notdimmed.jpg,\ProgramData\Microsoft\Windows\SystemData\S-1-5-21-2013336793-2335637549-584498142-1001\ReadOnly\LockScreen_O\LockScreen___1918_0938_notdimmed.jpg,False,False,False,False,0,False,False,False,False,False,False,False,True,False,False,False,False,False,False,False,False,False,False,8,36,True,True,False,False,False,False,False,False,False,False,False,False,True,False,True,False,False,1,2.189812986303003e-05,0.002189812986303003,False,<50%
logprovider.dll,,,,,,,,,,,,,,12/27/23 16:33:46,1730531072,LogProvider.dll,,File_Created / Basic_Info_Changed / Data_Added / Data_Overwritten / Extended_Attr_Changed / Access_Right_Changed,Normal,Archive,,0x000200000000C27D,0x000200000000C22F,,,,0,12,False,True,0.5,False,LogProvider.dll,,False,False,False,False,0,False,False,False,False,False,False,False,True,False,False,False,False,False,True,False,False,False,True,0,15,False,True,False,False,False,False,False,False,False,False,False,False,False,False,False,False,False,1,2.1877934654115063e-05,0.002187793465411506,False,<50%
logprovider.dll.mui,,,,,,,,,,,,,,12/27/23 16:33:46,1730508312,LogProvider.dll.mui,,File_Created / Basic_Info_Changed / Data_Added / Data_Overwritten / Access_Right_Changed,Normal,Archive,,0x000200000000C242,0x000200000000C239,,,,0,24,False,True,0.5,False,LogProvider.dll.mui,,False,False,False,False,0,False,False,False,False,False,False,False,True,False,False,False,False,False,False,False,False,False,False,0,19,False,True,False,False,False,False,False,False,False,False,False,False,False,False,False,False,False,1,2.187793462899479e-05,0.002187793462899479,False,<50%
loguploadersettings.ini,,,,,,,,,,,,,,12/28/23 1:05:53,1736096672,logUploaderSettings.ini,\Users\blueangel\AppData\Local\Microsoft\OneDrive\settings\Personal\logUploaderSettings.ini,Basic_Info_Changed / Data_Added / Data_Overwritten / Data_Truncated,Normal,Archive,,0x000200000001A9A0,0x000100000001AB1F,,,,0,14,False,True,0.5,False,logUploaderSettings.ini,\Users\blueangel\AppData\Local\Microsoft\OneDrive\settings\Personal\logUploaderSettings.ini,False,False,False,False,0,False,False,False,False,False,False,False,True,False,False,False,False,False,False,False,False,False,False,9,23,True,True,False,False,False,False,False,False,False,False,False,False,False,False,False,False,False,1,2.1877629370398507e-05,0.002187762937039851,False,<50%
lsdb2.json,,,,,,,,,,,,,,12/28/23 8:51:13,1742221400,lsdb2.json,\ProgramData\Avast Software\Avast\lsdb2.json,Basic_Info_Changed / File_Renamed_New / Access_Right_Changed,Normal,Archive / Not_Content_Indexed,,0x0014000000001B0F,0x0007000000054D68,,,,0,2,False,True,0.5,False,lsdb2.json,\ProgramData\Avast Software\Avast\lsdb2.json,False,False,False,False,0,False,False,False,False,False,False,False,True,False,False,False,False,False,False,False,False,False,False,4,10,True,True,False,False,False,False,False,False,False,False,False,False,False,False,False,False,False,1,2.1877629333940586e-05,0.0021877629333940584,False,<50%
lsdb2.json.new,,,,,,,,,,,,,,12/28/23 8:51:13,1742220864,lsdb2.json.new,\ProgramData\Avast Software\Avast\lsdb2.json.new,Basic_Info_Changed,Normal,Archive / Not_Content_Indexed,,0x0014000000001B0F,0x0007000000054D68,,,,0,3,False,True,0.5,False,lsdb2.json.new,\ProgramData\Avast Software\Avast\lsdb2.json.new,False,False,False,False,0,False,False,False,False,False,False,False,True,False,False,False,False,False,False,False,False,False,False,4,14,True,True,False,False,False,False,False,False,False,False,False,False,False,False,False,False,False,1,2.1877629333940586e-05,0.0021877629333940584,False,<50%
lwtnetlog.etl,,,,,,,,,,,,,,12/28/23 9:21:15,1742284640,LwtNetLog.etl,\Windows\System32\LogFiles\WMI\LwtNetLog.etl,Basic_Info_Changed / Data_Truncated,Normal,Not_Content_Indexed,,0x0002000000019614,0x000100000000117E,,,,0,3,False,True,0.5,False,LwtNetLog.etl,\Windows\System32\LogFiles\WMI\LwtNetLog.etl,False,False,False,False,0,False,False,False,False,False,False,False,True,False,False,False,False,False,False,False,False,False,False,5,13,False,True,False,False,False,False,False,False,False,False,False,False,False,False,True,False,False,1,2.187762658518503e-05,0.002187762658518503,False,<50%
maintenanceservice.exe,,,,,,,,,,,,,,12/27/23 3:39:31,1720438784,maintenanceservice.exe,\Program Files\Mozilla Firefox\maintenanceservice.exe,File_Created / Basic_Info_Changed / Data_Added / Data_Overwritten,Normal,Archive,,0x000300000000C0D1,0x012600000000389E,,,,0,4,False,True,0.5,False,maintenanceservice.exe,\Program Files\Mozilla Firefox\maintenanceservice.exe,False,False,False,False,0,False,False,False,False,False,False,False,True,False,False,False,False,False,True,False,False,False,False,3,22,False,True,False,False,False,False,False,False,False,False,False,False,False,False,False,True,False,1,2.187794344483858e-05,0.002187794344483858,False,<50%
maintenanceservice_installer.exe,,,,,,,,,,,,,,12/27/23 3:39:31,1720439376,maintenanceservice_installer.exe,\Program Files\Mozilla Firefox\maintenanceservice_installer.exe,File_Created / Basic_Info_Changed / Data_Added / Data_Overwritten,Normal,Archive,,0x000300000000C0D4,0x012600000000389E,,,,0,2,False,True,0.5,False,maintenanceservice_installer.exe,\Program Files\Mozilla Firefox\maintenanceservice_installer.exe,False,False,False,False,0,False,False,False,False,False,False,False,True,False,False,False,False,False,True,False,False,False,False,3,32,False,True,False,False,False,False,False,False,False,False,False,False,False,False,False,True,False,1,2.187794344483858e-05,0.002187794344483858,False,<50%
maintenanceservice_tmp.exe,,,,,,,,,,,,,,12/27/23 10:39:31,1725868488,maintenanceservice_tmp.exe,\Program Files (x86)\Mozilla Maintenance Service\maintenanceservice_tmp.exe,File_Created / Basic_Info_Changed / Data_Added / Data_Overwritten,Normal,Archive,,0x000400000000C188,0x000E00000001EE45,,,,0,2,False,True,0.5,False,maintenanceservice_tmp.exe,\Program Files (x86)\Mozilla Maintenance Service\maintenanceservice_tmp.exe,False,False,False,False,0,False,False,False,False,False,False,False,True,False,False,False,False,False,True,False,False,False,False,3,26,True,True,False,False,False,False,False,False,False,False,False,False,False,True,False,True,False,1,2.5001507050037276e-05,0.0025001507050037277,False,<50%
manifest.json,,,,,,,,,,,,,,12/27/23 3:39:31,1720434544,manifest.json,\Program Files\Mozilla Firefox\gmp-clearkey\0.1\manifest.json,File_Created / Basic_Info_Changed / Data_Added / Data_Overwritten,Normal,Archive,,0x000900000000C034,0x000700000000C01A,,,,0,2,False,True,0.5,False,manifest.json,\Program Files\Mozilla Firefox\gmp-clearkey\0.1\manifest.json,False,False,False,False,0,False,False,False,False,False,False,False,True,False,False,False,False,False,False,False,False,False,False,5,13,False,True,False,False,False,False,False,False,False,False,False,False,False,False,False,True,False,1,2.1877629812174717e-05,0.0021877629812174716,False,<50%
master boot record.tpl,,,,,,,,,,,,,,12/28/23 9:23:47,1742862880,Master Boot Record.tpl,\Users\blueangel\AppData\Local\Temp\RarSFX1\Master Boot Record.tpl,File_Created / Basic_Info_Changed / Data_Added / Data_Overwritten,Normal,Archive,,0x000200000000C592,0x000500000000C581,,,,0,2,False,True,0.5,False,Master Boot Record.tpl,\Users\blueangel\AppData\Local\Temp\RarSFX1\Master Boot Record.tpl,False,False,False,False,0,False,False,False,False,False,False,False,True,False,False,False,False,False,False,False,False,False,False,7,22,True,True,False,False,False,False,False,False,False,False,False,False,False,True,False,False,False,1,2.158464877656569e-05,0.002158464877656569,False,<50%
mat-debug-1752.log,,,,,,,,,,,,,,12/31/23 1:20:21,1754582352,mat-debug-1752.log,\Users\blueangel\AppData\Local\Packages\microsoft.windowscommunicationsapps_8wekyb3d8bbwe\AC\Temp\mat-debug-1752.log,Basic_Info_Changed,Normal,Normal,,0x0015000000011FD1,0x000100000001A67C,,,,0,2,False,True,0.5,False,mat-debug-1752.log,\Users\blueangel\AppData\Local\Packages\microsoft.windowscommunicationsapps_8wekyb3d8bbwe\AC\Temp\mat-debug-1752.log,False,False,False,False,0,False,False,False,False,False,False,False,True,False,False,False,False,False,False,False,False,False,False,9,18,True,True,False,False,False,False,False,False,False,False,False,False,False,True,True,False,False,1,2.1883328865689696e-05,0.0021883328865689696,False,<50%
mat-debug-4960.log,,,,,,,,,,,,,,12/28/23 17:21:55,1749757008,mat-debug-4960.log,\Users\blueangel\AppData\Local\Packages\microsoft.windowscommunicationsapps_8wekyb3d8bbwe\AC\Temp\mat-debug-4960.log,Basic_Info_Changed,Normal,Normal,,0x000900000002E15C,0x000100000001A67C,,,,0,2,False,True,0.5,False,mat-debug-4960.log,\Users\blueangel\AppData\Local\Packages\microsoft.windowscommunicationsapps_8wekyb3d8bbwe\AC\Temp\mat-debug-4960.log,False,False,False,False,0,False,False,False,False,False,False,False,True,False,False,False,False,False,False,False,False,False,False,9,18,True,True,False,False,False,False,False,False,False,False,False,False,False,True,True,False,False,1,2.1883328865689696e-05,0.0021883328865689696,False,<50%
mat-debug-5400.log,,,,,,,,,,,,,,12/31/23 1:20:21,1754582640,mat-debug-5400.log,\Users\blueangel\AppData\Local\Packages\microsoft.windowscommunicationsapps_8wekyb3d8bbwe\AC\Temp\mat-debug-5400.log,Basic_Info_Changed,Normal,Normal,,0x000E00000002E27C,0x000100000001A67C,,,,0,2,False,True,0.5,False,mat-debug-5400.log,\Users\blueangel\AppData\Local\Packages\microsoft.windowscommunicationsapps_8wekyb3d8bbwe\AC\Temp\mat-debug-5400.log,False,False,False,False,0,False,False,False,False,False,False,False,True,False,False,False,False,False,False,False,False,False,False,9,18,True,True,False,False,False,False,False,False,False,False,False,False,False,True,True,False,False,1,2.1883328865689696e-05,0.0021883328865689696,False,<50%
mat-debug-6096.log,,,,,,,,,,,,,,12/31/23 1:20:21,1754582928,mat-debug-6096.log,\Users\blueangel\AppData\Local\Packages\microsoft.windowscommunicationsapps_8wekyb3d8bbwe\AC\Temp\mat-debug-6096.log,Basic_Info_Changed,Normal,Normal,,0x000A00000002E57E,0x000100000001A67C,,,,0,2,False,True,0.5,False,mat-debug-6096.log,\Users\blueangel\AppData\Local\Packages\microsoft.windowscommunicationsapps_8wekyb3d8bbwe\AC\Temp\mat-debug-6096.log,False,False,False,False,0,False,False,False,False,False,False,False,True,False,False,False,False,False,False,False,False,False,False,9,18,True,True,False,False,False,False,False,False,False,False,False,False,False,True,True,False,False,1,2.1883328865689696e-05,0.0021883328865689696,False,<50%
microsoft-desktop-provisioning-sequence.dat,,,,,,,,,,,,,,12/28/23 9:31:44,1743143064,Microsoft-Desktop-Provisioning-Sequence.dat,\ProgramData\Microsoft\Provisioning\Microsoft-Desktop-Provisioning-Sequence.dat,File_Created / Basic_Info_Changed / Data_Added / Data_Overwritten / Access_Right_Changed,Normal,Archive / Not_Content_Indexed,,0x001F00000000C40A,0x00010000000005B6,,,,0,4,False,True,0.5,False,Microsoft-Desktop-Provisioning-Sequence.dat,\ProgramData\Microsoft\Provisioning\Microsoft-Desktop-Provisioning-Sequence.dat,False,False,False,False,0,False,False,False,False,False,False,False,True,False,False,False,False,False,False,False,False,False,False,4,43,True,True,False,False,False,False,False,False,False,False,False,False,False,False,False,False,False,1,2.189813803743339e-05,0.0021898138037433393,False,<50%
microsoft-skydrive-desktop_288_0.png,,,,,,,,,,,,,,12/28/23 9:22:43,1742606472,microsoft-skydrive-desktop_288_0.png,\Users\blueangel\AppData\Local\Microsoft\Windows\ActionCenterCache\microsoft-skydrive-desktop_288_0.png,File_Created / Basic_Info_Changed / Data_Added / Data_Overwritten,Normal,Archive,,0x0004000000003200,0x000600000001AB83,,,,0,2,False,True,0.5,False,microsoft-skydrive-desktop_288_0.png,\Users\blueangel\AppData\Local\Microsoft\Windows\ActionCenterCache\microsoft-skydrive-desktop_288_0.png,False,False,False,False,0,False,False,False,False,False,False,False,True,False,False,False,False,False,False,False,False,False,False,8,36,True,True,False,False,False,False,False,False,False,False,False,False,True,False,True,False,False,1,2.189812986303003e-05,0.002189812986303003,False,<50%
microsoft-windows-rdp-graphics-rdpidd-trace.etl,,,,,,,,,,,,,,12/28/23 9:21:15,1742285880,Microsoft-Windows-Rdp-Graphics-RdpIdd-Trace.etl,\Windows\System32\LogFiles\WMI\Microsoft-Windows-Rdp-Graphics-RdpIdd-Trace.etl,Basic_Info_Changed / Data_Truncated,Normal,Not_Content_Indexed,,0x0002000000019622,0x000100000000117E,,,,0,3,False,True,0.5,False,Microsoft-Windows-Rdp-Graphics-RdpIdd-Trace.etl,\Windows\System32\LogFiles\WMI\Microsoft-Windows-Rdp-Graphics-RdpIdd-Trace.etl,False,False,False,False,0,False,False,False,False,False,False,False,True,False,False,False,False,False,False,False,False,False,False,5,47,False,True,False,False,False,False,False,False,False,False,False,False,False,False,True,False,False,1,2.1898135286101128e-05,0.002189813528610113,False,<50%
minidump-analyzer.exe,,,,,,,,,,,,,,12/27/23 3:39:31,1720439944,minidump-analyzer.exe,\Program Files\Mozilla Firefox\minidump-analyzer.exe,File_Created / Basic_Info_Changed / Data_Added / Data_Overwritten,Normal,Archive,,0x000300000000C0D5,0x012600000000389E,,,,0,2,False,True,0.5,False,minidump-analyzer.exe,\Program Files\Mozilla Firefox\minidump-analyzer.exe,False,False,False,False,0,False,False,False,False,False,False,False,True,False,False,False,False,False,True,False,False,False,False,3,21,False,True,False,False,False,False,False,False,False,False,False,False,False,False,False,True,False,1,2.187794344483858e-05,0.002187794344483858,False,<50%
mousocoreworker.05592cb1-92a1-4da3-97c0-27517cdc7187.1.etl,,,,,,,,,,,,,,12/27/23 5:40:17,1722030064,MoUsoCoreWorker.05592cb1-92a1-4da3-97c0-27517cdc7187.1.etl,\ProgramData\USOShared\Logs\System\MoUsoCoreWorker.05592cb1-92a1-4da3-97c0-27517cdc7187.1.etl,File_Created / Basic_Info_Changed,Normal,Not_Content_Indexed,,0x0013000000007D21,0x0001000000000624,,,,0,4,False,True,0.5,False,MoUsoCoreWorker.05592cb1-92a1-4da3-97c0-27517cdc7187.1.etl,\ProgramData\USOShared\Logs\System\MoUsoCoreWorker.05592cb1-92a1-4da3-97c0-27517cdc7187.1.etl,False,False,False,False,0,False,False,False,False,False,False,False,True,False,False,False,False,False,False,False,False,False,False,5,58,True,True,False,False,False,False,False,False,False,False,False,False,False,False,False,False,False,1,2.1896706962940895e-05,0.0021896706962940896,False,<50%
mousocoreworker.0b6df319-8522-4754-abfa-93cc7e378546.1.etl,,,,,,,,,,,,,,12/31/23 1:20:12,1754498136,MoUsoCoreWorker.0b6df319-8522-4754-abfa-93cc7e378546.1.etl,\ProgramData\USOShared\Logs\System\MoUsoCoreWorker.0b6df319-8522-4754-abfa-93cc7e378546.1.etl,File_Created / Basic_Info_Changed,Normal,Not_Content_Indexed,,0x0228000000008106,0x0001000000000624,,,,0,4,False,True,0.5,False,MoUsoCoreWorker.0b6df319-8522-4754-abfa-93cc7e378546.1.etl,\ProgramData\USOShared\Logs\System\MoUsoCoreWorker.0b6df319-8522-4754-abfa-93cc7e378546.1.etl,False,False,False,False,0,False,False,False,False,False,False,False,True,False,False,False,False,False,False,False,False,False,False,5,58,True,True,False,False,False,False,False,False,False,False,False,False,False,False,False,False,False,1,2.1896706962940895e-05,0.0021896706962940896,False,<50%
mousocoreworker.0cf057f7-2d35-44b5-90d8-e0520a2b8a07.1.etl,,,,,,,,,,,,,,12/28/23 11:28:13,1744941056,MoUsoCoreWorker.0cf057f7-2d35-44b5-90d8-e0520a2b8a07.1.etl,\ProgramData\USOShared\Logs\System\MoUsoCoreWorker.0cf057f7-2d35-44b5-90d8-e0520a2b8a07.1.etl,File_Created / Basic_Info_Changed,Normal,Not_Content_Indexed,,0x001700000000C6A7,0x0001000000000624,,,,0,4,False,True,0.5,False,MoUsoCoreWorker.0cf057f7-2d35-44b5-90d8-e0520a2b8a07.1.etl,\ProgramData\USOShared\Logs\System\MoUsoCoreWorker.0cf057f7-2d35-44b5-90d8-e0520a2b8a07.1.etl,False,False,False,False,0,False,False,False,False,False,False,False,True,False,False,False,False,False,False,False,False,False,False,5,58,True,True,False,False,False,False,False,False,False,False,False,False,False,False,False,False,False,1,2.1896706962940895e-05,0.0021896706962940896,False,<50%
mousocoreworker.13838355-5ac7-4669-bb7e-e19f3766e67f.1.etl,,,,,,,,,,,,,,12/27/23 7:35:11,1723484192,MoUsoCoreWorker.13838355-5ac7-4669-bb7e-e19f3766e67f.1.etl,\ProgramData\USOShared\Logs\System\MoUsoCoreWorker.13838355-5ac7-4669-bb7e-e19f3766e67f.1.etl,File_Created / Basic_Info_Changed,Normal,Not_Content_Indexed,,0x0022000000001EC4,0x0001000000000624,,,,0,4,False,True,0.5,False,MoUsoCoreWorker.13838355-5ac7-4669-bb7e-e19f3766e67f.1.etl,\ProgramData\USOShared\Logs\System\MoUsoCoreWorker.13838355-5ac7-4669-bb7e-e19f3766e67f.1.etl,False,False,False,False,0,False,False,False,False,False,False,False,True,False,False,False,False,False,False,False,False,False,False,5,58,True,True,False,False,False,False,False,False,False,False,False,False,False,False,False,False,False,1,2.1896706962940895e-05,0.0021896706962940896,False,<50%
mousocoreworker.14589030-7917-4596-99b6-f997b5a9679d.1.etl,,,,,,,,,,,,,,12/27/23 14:17:51,1728749120,MoUsoCoreWorker.14589030-7917-4596-99b6-f997b5a9679d.1.etl,\ProgramData\USOShared\Logs\System\MoUsoCoreWorker.14589030-7917-4596-99b6-f997b5a9679d.1.etl,File_Created / Basic_Info_Changed,Normal,Not_Content_Indexed,,0x004200000000C1FB,0x0001000000000624,,,,0,4,False,True,0.5,False,MoUsoCoreWorker.14589030-7917-4596-99b6-f997b5a9679d.1.etl,\ProgramData\USOShared\Logs\System\MoUsoCoreWorker.14589030-7917-4596-99b6-f997b5a9679d.1.etl,False,False,False,False,0,False,False,False,False,False,False,False,True,False,False,False,False,False,False,False,False,False,False,5,58,True,True,False,False,False,False,False,False,False,False,False,False,False,False,False,False,False,1,2.1896706962940895e-05,0.0021896706962940896,False,<50%
mousocoreworker.1c0f3a72-cf97-48a9-b6c4-da1a957e3bbe.1.etl,,,,,,,,,,,,,,12/27/23 9:47:49,1725177568,MoUsoCoreWorker.1c0f3a72-cf97-48a9-b6c4-da1a957e3bbe.1.etl,\ProgramData\USOShared\Logs\System\MoUsoCoreWorker.1c0f3a72-cf97-48a9-b6c4-da1a957e3bbe.1.etl,File_Created / Basic_Info_Changed,Normal,Not_Content_Indexed,,0x002C00000000C16A,0x0001000000000624,,,,0,4,False,True,0.5,False,MoUsoCoreWorker.1c0f3a72-cf97-48a9-b6c4-da1a957e3bbe.1.etl,\ProgramData\USOShared\Logs\System\MoUsoCoreWorker.1c0f3a72-cf97-48a9-b6c4-da1a957e3bbe.1.etl,False,False,False,False,0,False,False,False,False,False,False,False,True,False,False,False,False,False,False,False,False,False,False,5,58,True,True,False,False,False,False,False,False,False,False,False,False,False,False,False,False,False,1,2.1896706962940895e-05,0.0021896706962940896,False,<50%
mousocoreworker.2ec48647-11db-41de-be20-2774483ab69e.1.etl,,,,,,,,,,,,,,12/27/23 8:47:49,1724421168,MoUsoCoreWorker.2ec48647-11db-41de-be20-2774483ab69e.1.etl,\ProgramData\USOShared\Logs\System\MoUsoCoreWorker.2ec48647-11db-41de-be20-2774483ab69e.1.etl,File_Created / Basic_Info_Changed,Normal,Not_Content_Indexed,,0x003100000000C13F,0x0001000000000624,,,,0,4,False,True,0.5,False,MoUsoCoreWorker.2ec48647-11db-41de-be20-2774483ab69e.1.etl,\ProgramData\USOShared\Logs\System\MoUsoCoreWorker.2ec48647-11db-41de-be20-2774483ab69e.1.etl,False,False,False,False,0,False,False,False,False,False,False,False,True,False,False,False,False,False,False,False,False,False,False,5,58,True,True,False,False,False,False,False,False,False,False,False,False,False,False,False,False,False,1,2.1896706962940895e-05,0.0021896706962940896,False,<50%
mousocoreworker.2f739bd0-62d9-4518-a645-42d10c1ef053.1.etl,,,,,,,,,,,,,,12/28/23 15:28:14,1748184512,MoUsoCoreWorker.2f739bd0-62d9-4518-a645-42d10c1ef053.1.etl,\ProgramData\USOShared\Logs\System\MoUsoCoreWorker.2f739bd0-62d9-4518-a645-42d10c1ef053.1.etl,File_Created / Basic_Info_Changed,Normal,Not_Content_Indexed,,0x0127000000007BE3,0x0001000000000624,,,,0,4,False,True,0.5,False,MoUsoCoreWorker.2f739bd0-62d9-4518-a645-42d10c1ef053.1.etl,\ProgramData\USOShared\Logs\System\MoUsoCoreWorker.2f739bd0-62d9-4518-a645-42d10c1ef053.1.etl,False,False,False,False,0,False,False,False,False,False,False,False,True,False,False,False,False,False,False,False,False,False,False,5,58,True,True,False,False,False,False,False,False,False,False,False,False,False,False,False,False,False,1,2.1896706962940895e-05,0.0021896706962940896,False,<50%
mousocoreworker.3124c38c-de3d-4fcc-bc7d-82daebaf6d4e.1.etl,,,,,,,,,,,,,,12/27/23 6:40:17,1722782240,MoUsoCoreWorker.3124c38c-de3d-4fcc-bc7d-82daebaf6d4e.1.etl,\ProgramData\USOShared\Logs\System\MoUsoCoreWorker.3124c38c-de3d-4fcc-bc7d-82daebaf6d4e.1.etl,File_Created / Basic_Info_Changed,Normal,Not_Content_Indexed,,0x005400000000BFA5,0x0001000000000624,,,,0,4,False,True,0.5,False,MoUsoCoreWorker.3124c38c-de3d-4fcc-bc7d-82daebaf6d4e.1.etl,\ProgramData\USOShared\Logs\System\MoUsoCoreWorker.3124c38c-de3d-4fcc-bc7d-82daebaf6d4e.1.etl,False,False,False,False,0,False,False,False,False,False,False,False,True,False,False,False,False,False,False,False,False,False,False,5,58,True,True,False,False,False,False,False,False,False,False,False,False,False,False,False,False,False,1,2.1896706962940895e-05,0.0021896706962940896,False,<50%
mousocoreworker.34cd526d-ea31-46c1-9e15-7734ebc94cee.1.etl,,,,,,,,,,,,,,12/27/23 12:17:51,1727239648,MoUsoCoreWorker.34cd526d-ea31-46c1-9e15-7734ebc94cee.1.etl,\ProgramData\USOShared\Logs\System\MoUsoCoreWorker.34cd526d-ea31-46c1-9e15-7734ebc94cee.1.etl,File_Created / Basic_Info_Changed,Normal,Not_Content_Indexed,,0x0025000000008103,0x0001000000000624,,,,0,4,False,True,0.5,False,MoUsoCoreWorker.34cd526d-ea31-46c1-9e15-7734ebc94cee.1.etl,\ProgramData\USOShared\Logs\System\MoUsoCoreWorker.34cd526d-ea31-46c1-9e15-7734ebc94cee.1.etl,False,False,False,False,0,False,False,False,False,False,False,False,True,False,False,False,False,False,False,False,False,False,False,5,58,True,True,False,False,False,False,False,False,False,False,False,False,False,False,False,False,False,1,2.1896706962940895e-05,0.0021896706962940896,False,<50%
mousocoreworker.3a997093-b331-44e8-825d-51ebf39af358.1.etl,,,,,,,,,,,,,,12/28/23 19:28:14,1751474176,MoUsoCoreWorker.3a997093-b331-44e8-825d-51ebf39af358.1.etl,\ProgramData\USOShared\Logs\System\MoUsoCoreWorker.3a997093-b331-44e8-825d-51ebf39af358.1.etl,File_Created / Basic_Info_Changed,Normal,Not_Content_Indexed,,0x002800000000BFDD,0x0001000000000624,,,,0,4,False,True,0.5,False,MoUsoCoreWorker.3a997093-b331-44e8-825d-51ebf39af358.1.etl,\ProgramData\USOShared\Logs\System\MoUsoCoreWorker.3a997093-b331-44e8-825d-51ebf39af358.1.etl,False,False,False,False,0,False,False,False,False,False,False,False,True,False,False,False,False,False,False,False,False,False,False,5,58,True,True,False,False,False,False,False,False,False,False,False,False,False,False,False,False,False,1,2.1896706962940895e-05,0.0021896706962940896,False,<50%
mousocoreworker.3cdbe16c-2c00-4e7b-9059-90bdc55abc56.1.etl,,,,,,,,,,,,,,12/28/23 9:22:19,1742406584,MoUsoCoreWorker.3cdbe16c-2c00-4e7b-9059-90bdc55abc56.1.etl,\ProgramData\USOShared\Logs\System\MoUsoCoreWorker.3cdbe16c-2c00-4e7b-9059-90bdc55abc56.1.etl,File_Created / Basic_Info_Changed,Normal,Not_Content_Indexed,,0x0005000000001BAB,0x0001000000000624,,,,0,4,False,True,0.5,False,MoUsoCoreWorker.3cdbe16c-2c00-4e7b-9059-90bdc55abc56.1.etl,\ProgramData\USOShared\Logs\System\MoUsoCoreWorker.3cdbe16c-2c00-4e7b-9059-90bdc55abc56.1.etl,False,False,False,False,0,False,False,False,False,False,False,False,True,False,False,False,False,False,False,False,False,False,False,5,58,True,True,False,False,False,False,False,False,False,False,False,False,False,False,False,False,False,1,2.1896706962940895e-05,0.0021896706962940896,False,<50%
mousocoreworker.3f6effa2-4137-4561-a85f-8a5bbd0caa11.1.etl,,,,,,,,,,,,,,12/27/23 19:33:44,1732904560,MoUsoCoreWorker.3f6effa2-4137-4561-a85f-8a5bbd0caa11.1.etl,\ProgramData\USOShared\Logs\System\MoUsoCoreWorker.3f6effa2-4137-4561-a85f-8a5bbd0caa11.1.etl,File_Created / Basic_Info_Changed,Normal,Not_Content_Indexed,,0x0074000000001EED,0x0001000000000624,,,,0,4,False,True,0.5,False,MoUsoCoreWorker.3f6effa2-4137-4561-a85f-8a5bbd0caa11.1.etl,\ProgramData\USOShared\Logs\System\MoUsoCoreWorker.3f6effa2-4137-4561-a85f-8a5bbd0caa11.1.etl,False,False,False,False,0,False,False,False,False,False,False,False,True,False,False,False,False,False,False,False,False,False,False,5,58,True,True,False,False,False,False,False,False,False,False,False,False,False,False,False,False,False,1,2.1896706962940895e-05,0.0021896706962940896,False,<50%
mousocoreworker.441d7db7-f02c-42cc-9d9a-16a1d9f99aec.1.etl,,,,,,,,,,,,,,12/27/23 3:40:17,1720509632,MoUsoCoreWorker.441d7db7-f02c-42cc-9d9a-16a1d9f99aec.1.etl,\ProgramData\USOShared\Logs\System\MoUsoCoreWorker.441d7db7-f02c-42cc-9d9a-16a1d9f99aec.1.etl,File_Created / Basic_Info_Changed,Normal,Not_Content_Indexed,,0x002B000000001EEE,0x0001000000000624,,,,0,4,False,True,0.5,False,MoUsoCoreWorker.441d7db7-f02c-42cc-9d9a-16a1d9f99aec.1.etl,\ProgramData\USOShared\Logs\System\MoUsoCoreWorker.441d7db7-f02c-42cc-9d9a-16a1d9f99aec.1.etl,False,False,False,False,0,False,False,False,False,False,False,False,True,False,False,False,False,False,False,False,False,False,False,5,58,True,True,False,False,False,False,False,False,False,False,False,False,False,False,False,False,False,1,2.1896706962940895e-05,0.0021896706962940896,False,<50%
mousocoreworker.4534547c-e134-4d9b-b42c-fdc8c13cf9ff.1.etl,,,,,,,,,,,,,,12/27/23 20:33:44,1733666704,MoUsoCoreWorker.4534547c-e134-4d9b-b42c-fdc8c13cf9ff.1.etl,\ProgramData\USOShared\Logs\System\MoUsoCoreWorker.4534547c-e134-4d9b-b42c-fdc8c13cf9ff.1.etl,File_Created / Basic_Info_Changed,Normal,Not_Content_Indexed,,0x0024000000000463,0x0001000000000624,,,,0,4,False,True,0.5,False,MoUsoCoreWorker.4534547c-e134-4d9b-b42c-fdc8c13cf9ff.1.etl,\ProgramData\USOShared\Logs\System\MoUsoCoreWorker.4534547c-e134-4d9b-b42c-fdc8c13cf9ff.1.etl,False,False,False,False,0,False,False,False,False,False,False,False,True,False,False,False,False,False,False,False,False,False,False,5,58,True,True,False,False,False,False,False,False,False,False,False,False,False,False,False,False,False,1,2.1896706962940895e-05,0.0021896706962940896,False,<50%
mousocoreworker.509e8a6d-0fe1-481c-9aca-562078e53557.1.etl,,,,,,,,,,,,,,12/28/23 17:28:14,1749867448,MoUsoCoreWorker.509e8a6d-0fe1-481c-9aca-562078e53557.1.etl,\ProgramData\USOShared\Logs\System\MoUsoCoreWorker.509e8a6d-0fe1-481c-9aca-562078e53557.1.etl,File_Created / Basic_Info_Changed,Normal,Not_Content_Indexed,,0x005400000000C6AB,0x0001000000000624,,,,0,4,False,True,0.5,False,MoUsoCoreWorker.509e8a6d-0fe1-481c-9aca-562078e53557.1.etl,\ProgramData\USOShared\Logs\System\MoUsoCoreWorker.509e8a6d-0fe1-481c-9aca-562078e53557.1.etl,False,False,False,False,0,False,False,False,False,False,False,False,True,False,False,False,False,False,False,False,False,False,False,5,58,True,True,False,False,False,False,False,False,False,False,False,False,False,False,False,False,False,1,2.1896706962940895e-05,0.0021896706962940896,False,<50%
mousocoreworker.5a53380d-f29f-4bff-b771-3fb55842b593.1.etl,,,,,,,,,,,,,,12/28/23 18:28:14,1750675952,MoUsoCoreWorker.5a53380d-f29f-4bff-b771-3fb55842b593.1.etl,\ProgramData\USOShared\Logs\System\MoUsoCoreWorker.5a53380d-f29f-4bff-b771-3fb55842b593.1.etl,File_Created / Basic_Info_Changed,Normal,Not_Content_Indexed,,0x006100000000C8E1,0x0001000000000624,,,,0,4,False,True,0.5,False,MoUsoCoreWorker.5a53380d-f29f-4bff-b771-3fb55842b593.1.etl,\ProgramData\USOShared\Logs\System\MoUsoCoreWorker.5a53380d-f29f-4bff-b771-3fb55842b593.1.etl,False,False,False,False,0,False,False,False,False,False,False,False,True,False,False,False,False,False,False,False,False,False,False,5,58,True,True,False,False,False,False,False,False,False,False,False,False,False,False,False,False,False,1,2.1896706962940895e-05,0.0021896706962940896,False,<50%
mousocoreworker.5fae1c6c-597d-42fb-b9b2-6dd24cafa629.1.etl,,,,,,,,,,,,,,12/27/23 15:12:16,1729438768,MoUsoCoreWorker.5fae1c6c-597d-42fb-b9b2-6dd24cafa629.1.etl,\ProgramData\USOShared\Logs\System\MoUsoCoreWorker.5fae1c6c-597d-42fb-b9b2-6dd24cafa629.1.etl,File_Created / Basic_Info_Changed,Normal,Not_Content_Indexed,,0x000D00000000C20D,0x0001000000000624,,,,0,4,False,True,0.5,False,MoUsoCoreWorker.5fae1c6c-597d-42fb-b9b2-6dd24cafa629.1.etl,\ProgramData\USOShared\Logs\System\MoUsoCoreWorker.5fae1c6c-597d-42fb-b9b2-6dd24cafa629.1.etl,False,False,False,False,0,False,False,False,False,False,False,False,True,False,False,False,False,False,False,False,False,False,False,5,58,True,True,False,False,False,False,False,False,False,False,False,False,False,False,False,False,False,1,2.1896706962940895e-05,0.0021896706962940896,False,<50%
mousocoreworker.6d3900d9-d6a6-4638-8331-b1b462149c4d.1.etl,,,,,,,,,,,,,,12/27/23 11:47:49,1726834000,MoUsoCoreWorker.6d3900d9-d6a6-4638-8331-b1b462149c4d.1.etl,\ProgramData\USOShared\Logs\System\MoUsoCoreWorker.6d3900d9-d6a6-4638-8331-b1b462149c4d.1.etl,File_Created / Basic_Info_Changed,Normal,Not_Content_Indexed,,0x000A000000000106,0x0001000000000624,,,,0,4,False,True,0.5,False,MoUsoCoreWorker.6d3900d9-d6a6-4638-8331-b1b462149c4d.1.etl,\ProgramData\USOShared\Logs\System\MoUsoCoreWorker.6d3900d9-d6a6-4638-8331-b1b462149c4d.1.etl,False,False,False,False,0,False,False,False,False,False,False,False,True,False,False,False,False,False,False,False,False,False,False,5,58,True,True,False,False,False,False,False,False,False,False,False,False,False,False,False,False,False,1,2.1896706962940895e-05,0.0021896706962940896,False,<50%
mousocoreworker.6f1f9bbc-915e-4171-bbd6-a0a8e4e51c70.1.etl,,,,,,,,,,,,,,12/28/23 14:28:14,1747351728,MoUsoCoreWorker.6f1f9bbc-915e-4171-bbd6-a0a8e4e51c70.1.etl,\ProgramData\USOShared\Logs\System\MoUsoCoreWorker.6f1f9bbc-915e-4171-bbd6-a0a8e4e51c70.1.etl,File_Created / Basic_Info_Changed,Normal,Not_Content_Indexed,,0x00370000000086FA,0x0001000000000624,,,,0,4,False,True,0.5,False,MoUsoCoreWorker.6f1f9bbc-915e-4171-bbd6-a0a8e4e51c70.1.etl,\ProgramData\USOShared\Logs\System\MoUsoCoreWorker.6f1f9bbc-915e-4171-bbd6-a0a8e4e51c70.1.etl,False,False,False,False,0,False,False,False,False,False,False,False,True,False,False,False,False,False,False,False,False,False,False,5,58,True,True,False,False,False,False,False,False,False,False,False,False,False,False,False,False,False,1,2.1896706962940895e-05,0.0021896706962940896,False,<50%
mousocoreworker.722f0563-1982-4165-9da9-9c060de5ed73.1.etl,,,,,,,,,,,,,,12/27/23 10:47:49,1726036784,MoUsoCoreWorker.722f0563-1982-4165-9da9-9c060de5ed73.1.etl,\ProgramData\USOShared\Logs\System\MoUsoCoreWorker.722f0563-1982-4165-9da9-9c060de5ed73.1.etl,File_Created / Basic_Info_Changed,Normal,Not_Content_Indexed,,0x0020000000000166,0x0001000000000624,,,,0,4,False,True,0.5,False,MoUsoCoreWorker.722f0563-1982-4165-9da9-9c060de5ed73.1.etl,\ProgramData\USOShared\Logs\System\MoUsoCoreWorker.722f0563-1982-4165-9da9-9c060de5ed73.1.etl,False,False,False,False,0,False,False,False,False,False,False,False,True,False,False,False,False,False,False,False,False,False,False,5,58,True,True,False,False,False,False,False,False,False,False,False,False,False,False,False,False,False,1,2.1896706962940895e-05,0.0021896706962940896,False,<50%
mousocoreworker.7246c0c6-b4df-4cff-af58-33ccf0857012.1.etl,,,,,,,,,,,,,,12/28/23 9:28:13,1743060128,MoUsoCoreWorker.7246c0c6-b4df-4cff-af58-33ccf0857012.1.etl,\ProgramData\USOShared\Logs\System\MoUsoCoreWorker.7246c0c6-b4df-4cff-af58-33ccf0857012.1.etl,File_Created / Basic_Info_Changed,Normal,Not_Content_Indexed,,0x001100000000C629,0x0001000000000624,,,,0,4,False,True,0.5,False,MoUsoCoreWorker.7246c0c6-b4df-4cff-af58-33ccf0857012.1.etl,\ProgramData\USOShared\Logs\System\MoUsoCoreWorker.7246c0c6-b4df-4cff-af58-33ccf0857012.1.etl,False,False,False,False,0,False,False,False,False,False,False,False,True,False,False,False,False,False,False,False,False,False,False,5,58,True,True,False,False,False,False,False,False,False,False,False,False,False,False,False,False,False,1,2.1896706962940895e-05,0.0021896706962940896,False,<50%
mousocoreworker.72d23e14-4d26-4739-92b3-595eb969fec4.1.etl,,,,,,,,,,,,,,12/27/23 13:17:51,1728003616,MoUsoCoreWorker.72d23e14-4d26-4739-92b3-595eb969fec4.1.etl,\ProgramData\USOShared\Logs\System\MoUsoCoreWorker.72d23e14-4d26-4739-92b3-595eb969fec4.1.etl,File_Created / Basic_Info_Changed,Normal,Not_Content_Indexed,,0x00110000000073CC,0x0001000000000624,,,,0,4,False,True,0.5,False,MoUsoCoreWorker.72d23e14-4d26-4739-92b3-595eb969fec4.1.etl,\ProgramData\USOShared\Logs\System\MoUsoCoreWorker.72d23e14-4d26-4739-92b3-595eb969fec4.1.etl,False,False,False,False,0,False,False,False,False,False,False,False,True,False,False,False,False,False,False,False,False,False,False,5,58,True,True,False,False,False,False,False,False,False,False,False,False,False,False,False,False,False,1,2.1896706962940895e-05,0.0021896706962940896,False,<50%
mousocoreworker.781457a5-1323-46d5-86f2-47c6047b31f1.1.etl,,,,,,,,,,,,,,12/27/23 11:39:41,1726699560,MoUsoCoreWorker.781457a5-1323-46d5-86f2-47c6047b31f1.1.etl,\ProgramData\USOShared\Logs\System\MoUsoCoreWorker.781457a5-1323-46d5-86f2-47c6047b31f1.1.etl,File_Created / Basic_Info_Changed,Normal,Not_Content_Indexed,,0x002400000000940D,0x0001000000000624,,,,0,4,False,True,0.5,False,MoUsoCoreWorker.781457a5-1323-46d5-86f2-47c6047b31f1.1.etl,\ProgramData\USOShared\Logs\System\MoUsoCoreWorker.781457a5-1323-46d5-86f2-47c6047b31f1.1.etl,False,False,False,False,0,False,False,False,False,False,False,False,True,False,False,False,False,False,False,False,False,False,False,5,58,True,True,False,False,False,False,False,False,False,False,False,False,False,False,False,False,False,1,2.1896706962940895e-05,0.0021896706962940896,False,<50%
mousocoreworker.84c51801-704e-44a3-ba7c-2fff5ae9a50c.1.etl,,,,,,,,,,,,,,12/27/23 16:12:16,1730202064,MoUsoCoreWorker.84c51801-704e-44a3-ba7c-2fff5ae9a50c.1.etl,\ProgramData\USOShared\Logs\System\MoUsoCoreWorker.84c51801-704e-44a3-ba7c-2fff5ae9a50c.1.etl,File_Created / Basic_Info_Changed,Normal,Not_Content_Indexed,,0x000E0000000070E1,0x0001000000000624,,,,0,4,False,True,0.5,False,MoUsoCoreWorker.84c51801-704e-44a3-ba7c-2fff5ae9a50c.1.etl,\ProgramData\USOShared\Logs\System\MoUsoCoreWorker.84c51801-704e-44a3-ba7c-2fff5ae9a50c.1.etl,False,False,False,False,0,False,False,False,False,False,False,False,True,False,False,False,False,False,False,False,False,False,False,5,58,True,True,False,False,False,False,False,False,False,False,False,False,False,False,False,False,False,1,2.1896706962940895e-05,0.0021896706962940896,False,<50%
mousocoreworker.9ec81232-8760-4829-8b05-c70c02adf6cf.1.etl,,,,,,,,,,,,,,12/27/23 21:33:44,1734430720,MoUsoCoreWorker.9ec81232-8760-4829-8b05-c70c02adf6cf.1.etl,\ProgramData\USOShared\Logs\System\MoUsoCoreWorker.9ec81232-8760-4829-8b05-c70c02adf6cf.1.etl,File_Created / Basic_Info_Changed,Normal,Not_Content_Indexed,,0x0082000000008298,0x0001000000000624,,,,0,4,False,True,0.5,False,MoUsoCoreWorker.9ec81232-8760-4829-8b05-c70c02adf6cf.1.etl,\ProgramData\USOShared\Logs\System\MoUsoCoreWorker.9ec81232-8760-4829-8b05-c70c02adf6cf.1.etl,False,False,False,False,0,False,False,False,False,False,False,False,True,False,False,False,False,False,False,False,False,False,False,5,58,True,True,False,False,False,False,False,False,False,False,False,False,False,False,False,False,False,1,2.1896706962940895e-05,0.0021896706962940896,False,<50%
mousocoreworker.9f7fb168-e5e7-41af-a810-9f9eba0434d3.1.etl,,,,,,,,,,,,,,12/27/23 17:33:44,1731338880,MoUsoCoreWorker.9f7fb168-e5e7-41af-a810-9f9eba0434d3.1.etl,\ProgramData\USOShared\Logs\System\MoUsoCoreWorker.9f7fb168-e5e7-41af-a810-9f9eba0434d3.1.etl,File_Created / Basic_Info_Changed,Normal,Not_Content_Indexed,,0x008300000000C1E7,0x0001000000000624,,,,0,4,False,True,0.5,False,MoUsoCoreWorker.9f7fb168-e5e7-41af-a810-9f9eba0434d3.1.etl,\ProgramData\USOShared\Logs\System\MoUsoCoreWorker.9f7fb168-e5e7-41af-a810-9f9eba0434d3.1.etl,False,False,False,False,0,False,False,False,False,False,False,False,True,False,False,False,False,False,False,False,False,False,False,5,58,True,True,False,False,False,False,False,False,False,False,False,False,False,False,False,False,False,1,2.1896706962940895e-05,0.0021896706962940896,False,<50%
mousocoreworker.a47d6022-d0ba-449c-ba42-2f5e42848312.1.etl,,,,,,,,,,,,,,12/28/23 16:28:14,1748983240,MoUsoCoreWorker.a47d6022-d0ba-449c-ba42-2f5e42848312.1.etl,\ProgramData\USOShared\Logs\System\MoUsoCoreWorker.a47d6022-d0ba-449c-ba42-2f5e42848312.1.etl,File_Created / Basic_Info_Changed,Normal,Not_Content_Indexed,,0x001700000000825B,0x0001000000000624,,,,0,4,False,True,0.5,False,MoUsoCoreWorker.a47d6022-d0ba-449c-ba42-2f5e42848312.1.etl,\ProgramData\USOShared\Logs\System\MoUsoCoreWorker.a47d6022-d0ba-449c-ba42-2f5e42848312.1.etl,False,False,False,False,0,False,False,False,False,False,False,False,True,False,False,False,False,False,False,False,False,False,False,5,58,True,True,False,False,False,False,False,False,False,False,False,False,False,False,False,False,False,1,2.1896706962940895e-05,0.0021896706962940896,False,<50%
mousocoreworker.b154f20e-7e2f-4d67-8e0d-6fcea5a2b100.1.etl,,,,,,,,,,,,,,12/27/23 3:01:29,1719894016,MoUsoCoreWorker.b154f20e-7e2f-4d67-8e0d-6fcea5a2b100.1.etl,\ProgramData\USOShared\Logs\System\MoUsoCoreWorker.b154f20e-7e2f-4d67-8e0d-6fcea5a2b100.1.etl,File_Created / Basic_Info_Changed,Normal,Not_Content_Indexed,,0x00D10000000006E7,0x0001000000000624,,,,0,4,False,True,0.5,False,MoUsoCoreWorker.b154f20e-7e2f-4d67-8e0d-6fcea5a2b100.1.etl,\ProgramData\USOShared\Logs\System\MoUsoCoreWorker.b154f20e-7e2f-4d67-8e0d-6fcea5a2b100.1.etl,False,False,False,False,0,False,False,False,False,False,False,False,True,False,False,False,False,False,False,False,False,False,False,5,58,True,True,False,False,False,False,False,False,False,False,False,False,False,False,False,False,False,1,2.1896706962940895e-05,0.0021896706962940896,False,<50%
mousocoreworker.ba260486-d5d4-44be-b0f9-5215915459fa.1.etl,,,,,,,,,,,,,,12/27/23 18:33:44,1732144240,MoUsoCoreWorker.ba260486-d5d4-44be-b0f9-5215915459fa.1.etl,\ProgramData\USOShared\Logs\System\MoUsoCoreWorker.ba260486-d5d4-44be-b0f9-5215915459fa.1.etl,File_Created / Basic_Info_Changed,Normal,Not_Content_Indexed,,0x000A00000000C209,0x0001000000000624,,,,0,4,False,True,0.5,False,MoUsoCoreWorker.ba260486-d5d4-44be-b0f9-5215915459fa.1.etl,\ProgramData\USOShared\Logs\System\MoUsoCoreWorker.ba260486-d5d4-44be-b0f9-5215915459fa.1.etl,False,False,False,False,0,False,False,False,False,False,False,False,True,False,False,False,False,False,False,False,False,False,False,5,58,True,True,False,False,False,False,False,False,False,False,False,False,False,False,False,False,False,1,2.1896706962940895e-05,0.0021896706962940896,False,<50%
mousocoreworker.bbb66f00-aa7d-438c-8bd3-21eb81a4889c.1.etl,,,,,,,,,,,,,,12/27/23 16:33:44,1730486272,MoUsoCoreWorker.bbb66f00-aa7d-438c-8bd3-21eb81a4889c.1.etl,\ProgramData\USOShared\Logs\System\MoUsoCoreWorker.bbb66f00-aa7d-438c-8bd3-21eb81a4889c.1.etl,File_Created / Basic_Info_Changed,Normal,Not_Content_Indexed,,0x002100000000C1D1,0x0001000000000624,,,,0,4,False,True,0.5,False,MoUsoCoreWorker.bbb66f00-aa7d-438c-8bd3-21eb81a4889c.1.etl,\ProgramData\USOShared\Logs\System\MoUsoCoreWorker.bbb66f00-aa7d-438c-8bd3-21eb81a4889c.1.etl,False,False,False,False,0,False,False,False,False,False,False,False,True,False,False,False,False,False,False,False,False,False,False,5,58,True,True,False,False,False,False,False,False,False,False,False,False,False,False,False,False,False,1,2.1896706962940895e-05,0.0021896706962940896,False,<50%
mousocoreworker.bf7c5f9f-4768-4b27-b12b-2f4470c61fff.1.etl,,,,,,,,,,,,,,12/28/23 21:28:14,1753078368,MoUsoCoreWorker.bf7c5f9f-4768-4b27-b12b-2f4470c61fff.1.etl,\ProgramData\USOShared\Logs\System\MoUsoCoreWorker.bf7c5f9f-4768-4b27-b12b-2f4470c61fff.1.etl,File_Created / Basic_Info_Changed,Normal,Not_Content_Indexed,,0x008A00000000C964,0x0001000000000624,,,,0,4,False,True,0.5,False,MoUsoCoreWorker.bf7c5f9f-4768-4b27-b12b-2f4470c61fff.1.etl,\ProgramData\USOShared\Logs\System\MoUsoCoreWorker.bf7c5f9f-4768-4b27-b12b-2f4470c61fff.1.etl,False,False,False,False,0,False,False,False,False,False,False,False,True,False,False,False,False,False,False,False,False,False,False,5,58,True,True,False,False,False,False,False,False,False,False,False,False,False,False,False,False,False,1,2.1896706962940895e-05,0.0021896706962940896,False,<50%
mousocoreworker.bfbeee06-fa33-4764-83bb-772ab58ab69f.1.etl,,,,,,,,,,,,,,12/28/23 13:28:13,1746559760,MoUsoCoreWorker.bfbeee06-fa33-4764-83bb-772ab58ab69f.1.etl,\ProgramData\USOShared\Logs\System\MoUsoCoreWorker.bfbeee06-fa33-4764-83bb-772ab58ab69f.1.etl,File_Created / Basic_Info_Changed,Normal,Not_Content_Indexed,,0x000400000000B8C9,0x0001000000000624,,,,0,4,False,True,0.5,False,MoUsoCoreWorker.bfbeee06-fa33-4764-83bb-772ab58ab69f.1.etl,\ProgramData\USOShared\Logs\System\MoUsoCoreWorker.bfbeee06-fa33-4764-83bb-772ab58ab69f.1.etl,False,False,False,False,0,False,False,False,False,False,False,False,True,False,False,False,False,False,False,False,False,False,False,5,58,True,True,False,False,False,False,False,False,False,False,False,False,False,False,False,False,False,1,2.1896706962940895e-05,0.0021896706962940896,False,<50%
mousocoreworker.c10c3bbf-38b3-40ac-8228-52a651e587b6.1.etl,,,,,,,,,,,,,,12/27/23 4:40:17,1721277184,MoUsoCoreWorker.c10c3bbf-38b3-40ac-8228-52a651e587b6.1.etl,\ProgramData\USOShared\Logs\System\MoUsoCoreWorker.c10c3bbf-38b3-40ac-8228-52a651e587b6.1.etl,File_Created / Basic_Info_Changed,Normal,Not_Content_Indexed,,0x00140000000078AC,0x0001000000000624,,,,0,4,False,True,0.5,False,MoUsoCoreWorker.c10c3bbf-38b3-40ac-8228-52a651e587b6.1.etl,\ProgramData\USOShared\Logs\System\MoUsoCoreWorker.c10c3bbf-38b3-40ac-8228-52a651e587b6.1.etl,False,False,False,False,0,False,False,False,False,False,False,False,True,False,False,False,False,False,False,False,False,False,False,5,58,True,True,False,False,False,False,False,False,False,False,False,False,False,False,False,False,False,1,2.1896706962940895e-05,0.0021896706962940896,False,<50%
mousocoreworker.c8c1959c-7459-4bc7-8336-3674beeeec8f.1.etl,,,,,,,,,,,,,,12/31/23 1:15:22,1754174048,MoUsoCoreWorker.c8c1959c-7459-4bc7-8336-3674beeeec8f.1.etl,\ProgramData\USOShared\Logs\System\MoUsoCoreWorker.c8c1959c-7459-4bc7-8336-3674beeeec8f.1.etl,File_Created / Basic_Info_Changed,Normal,Not_Content_Indexed,,0x000500000000C9ED,0x0001000000000624,,,,0,4,False,True,0.5,False,MoUsoCoreWorker.c8c1959c-7459-4bc7-8336-3674beeeec8f.1.etl,\ProgramData\USOShared\Logs\System\MoUsoCoreWorker.c8c1959c-7459-4bc7-8336-3674beeeec8f.1.etl,False,False,False,False,0,False,False,False,False,False,False,False,True,False,False,False,False,False,False,False,False,False,False,5,58,True,True,False,False,False,False,False,False,False,False,False,False,False,False,False,False,False,1,2.1896706962940895e-05,0.0021896706962940896,False,<50%
mousocoreworker.d86eadb3-9151-433d-adeb-6b9caf98abaa.1.etl,,,,,,,,,,,,,,12/28/23 12:28:14,1745722920,MoUsoCoreWorker.d86eadb3-9151-433d-adeb-6b9caf98abaa.1.etl,\ProgramData\USOShared\Logs\System\MoUsoCoreWorker.d86eadb3-9151-433d-adeb-6b9caf98abaa.1.etl,File_Created / Basic_Info_Changed,Normal,Not_Content_Indexed,,0x000500000000A70C,0x0001000000000624,,,,0,4,False,True,0.5,False,MoUsoCoreWorker.d86eadb3-9151-433d-adeb-6b9caf98abaa.1.etl,\ProgramData\USOShared\Logs\System\MoUsoCoreWorker.d86eadb3-9151-433d-adeb-6b9caf98abaa.1.etl,False,False,False,False,0,False,False,False,False,False,False,False,True,False,False,False,False,False,False,False,False,False,False,5,58,True,True,False,False,False,False,False,False,False,False,False,False,False,False,False,False,False,1,2.1896706962940895e-05,0.0021896706962940896,False,<50%
mousocoreworker.e5f6a0fe-7bab-4971-99cc-bfec1cfead45.1.etl,,,,,,,,,,,,,,12/28/23 20:28:14,1752271744,MoUsoCoreWorker.e5f6a0fe-7bab-4971-99cc-bfec1cfead45.1.etl,\ProgramData\USOShared\Logs\System\MoUsoCoreWorker.e5f6a0fe-7bab-4971-99cc-bfec1cfead45.1.etl,File_Created / Basic_Info_Changed,Normal,Not_Content_Indexed,,0x00AE00000000C91E,0x0001000000000624,,,,0,4,False,True,0.5,False,MoUsoCoreWorker.e5f6a0fe-7bab-4971-99cc-bfec1cfead45.1.etl,\ProgramData\USOShared\Logs\System\MoUsoCoreWorker.e5f6a0fe-7bab-4971-99cc-bfec1cfead45.1.etl,False,False,False,False,0,False,False,False,False,False,False,False,True,False,False,False,False,False,False,False,False,False,False,5,58,True,True,False,False,False,False,False,False,False,False,False,False,False,False,False,False,False,1,2.1896706962940895e-05,0.0021896706962940896,False,<50%
mousocoreworker.ed3186bf-f1a8-4e8c-b8f6-2534a1cc1c9b.1.etl,,,,,,,,,,,,,,12/28/23 10:28:13,1744150528,MoUsoCoreWorker.ed3186bf-f1a8-4e8c-b8f6-2534a1cc1c9b.1.etl,\ProgramData\USOShared\Logs\System\MoUsoCoreWorker.ed3186bf-f1a8-4e8c-b8f6-2534a1cc1c9b.1.etl,File_Created / Basic_Info_Changed,Normal,Not_Content_Indexed,,0x003100000000C663,0x0001000000000624,,,,0,4,False,True,0.5,False,MoUsoCoreWorker.ed3186bf-f1a8-4e8c-b8f6-2534a1cc1c9b.1.etl,\ProgramData\USOShared\Logs\System\MoUsoCoreWorker.ed3186bf-f1a8-4e8c-b8f6-2534a1cc1c9b.1.etl,False,False,False,False,0,False,False,False,False,False,False,False,True,False,False,False,False,False,False,False,False,False,False,5,58,True,True,False,False,False,False,False,False,False,False,False,False,False,False,False,False,False,1,2.1896706962940895e-05,0.0021896706962940896,False,<50%
mousocoreworker.f4c21b8d-7d91-4f8e-ad4a-74eecb24da22.1.etl,,,,,,,,,,,,,,12/28/23 22:28:14,1753945280,MoUsoCoreWorker.f4c21b8d-7d91-4f8e-ad4a-74eecb24da22.1.etl,\ProgramData\USOShared\Logs\System\MoUsoCoreWorker.f4c21b8d-7d91-4f8e-ad4a-74eecb24da22.1.etl,File_Created / Basic_Info_Changed,Normal,Not_Content_Indexed,,0x005B000000008263,0x0001000000000624,,,,0,4,False,True,0.5,False,MoUsoCoreWorker.f4c21b8d-7d91-4f8e-ad4a-74eecb24da22.1.etl,\ProgramData\USOShared\Logs\System\MoUsoCoreWorker.f4c21b8d-7d91-4f8e-ad4a-74eecb24da22.1.etl,False,False,False,False,0,False,False,False,False,False,False,False,True,False,False,False,False,False,False,False,False,False,False,5,58,True,True,False,False,False,False,False,False,False,False,False,False,False,False,False,False,False,1,2.1896706962940895e-05,0.0021896706962940896,False,<50%
mousocoreworker.f91f8b39-d794-452d-9d26-199c9c42b5d2.1.etl,,,,,,,,,,,,,,12/27/23 7:47:49,1723654144,MoUsoCoreWorker.f91f8b39-d794-452d-9d26-199c9c42b5d2.1.etl,\ProgramData\USOShared\Logs\System\MoUsoCoreWorker.f91f8b39-d794-452d-9d26-199c9c42b5d2.1.etl,File_Created / Basic_Info_Changed,Normal,Not_Content_Indexed,,0x0051000000007C68,0x0001000000000624,,,,0,4,False,True,0.5,False,MoUsoCoreWorker.f91f8b39-d794-452d-9d26-199c9c42b5d2.1.etl,\ProgramData\USOShared\Logs\System\MoUsoCoreWorker.f91f8b39-d794-452d-9d26-199c9c42b5d2.1.etl,False,False,False,False,0,False,False,False,False,False,False,False,True,False,False,False,False,False,False,False,False,False,False,5,58,True,True,False,False,False,False,False,False,False,False,False,False,False,False,False,False,False,1,2.1896706962940895e-05,0.0021896706962940896,False,<50%
mozavcodec.dll,,,,,,,,,,,,,,12/27/23 3:39:31,1720440416,mozavcodec.dll,\Program Files\Mozilla Firefox\mozavcodec.dll,File_Created / Basic_Info_Changed / Data_Added / Data_Overwritten,Normal,Archive,,0x000300000000C0D7,0x012600000000389E,,,,0,2,False,True,0.5,False,mozavcodec.dll,\Program Files\Mozilla Firefox\mozavcodec.dll,False,False,False,False,0,False,False,False,False,False,False,False,True,False,False,False,False,False,True,False,False,False,True,3,14,False,True,False,False,False,False,False,False,False,False,False,False,False,False,False,True,False,1,2.187794344483858e-05,0.002187794344483858,False,<50%
mozavutil.dll,,,,,,,,,,,,,,12/27/23 3:39:31,1720440856,mozavutil.dll,\Program Files\Mozilla Firefox\mozavutil.dll,File_Created / Basic_Info_Changed / Data_Added / Data_Overwritten,Normal,Archive,,0x000300000000C0DD,0x012600000000389E,,,,0,2,False,True,0.5,False,mozavutil.dll,\Program Files\Mozilla Firefox\mozavutil.dll,False,False,False,False,0,False,False,False,False,False,False,False,True,False,False,False,False,False,True,False,False,False,True,3,13,False,True,False,False,False,False,False,False,False,False,False,False,False,False,False,True,False,1,2.187794344483858e-05,0.002187794344483858,False,<50%
mozglue.dll,,,,,,,,,,,,,,12/27/23 3:39:31,1720441296,mozglue.dll,\Program Files\Mozilla Firefox\mozglue.dll,File_Created / Basic_Info_Changed / Data_Added / Data_Overwritten,Normal,Archive,,0x000300000000C0E2,0x012600000000389E,,,,0,2,False,True,0.5,False,mozglue.dll,\Program Files\Mozilla Firefox\mozglue.dll,False,False,False,False,0,False,False,False,False,False,False,False,True,False,False,False,False,False,True,False,False,False,True,3,11,False,True,False,False,False,False,False,False,False,False,False,False,False,False,False,True,False,1,2.187794344483858e-05,0.002187794344483858,False,<50%
mozilla firefox 108.0.1 (x64 ko),,,,,,,,,,,,,,12/28/23 9:22:37,1742587448,Mozilla Firefox 108.0.1 (x64 ko),\ProgramData\Avast Software\Avast\Cache\InstallLocation\Mozilla Firefox 108.0.1 (x64 ko),Basic_Info_Changed / Content_Indexed_Attr_Changed,Normal,Normal,,0x000100000005C150,0x002700000005C14C,,,,0,2,False,True,0.5,False,Mozilla Firefox 108.0.1 (x64 ko),\ProgramData\Avast Software\Avast\Cache\InstallLocation\Mozilla Firefox 108.0.1 (x64 ko),False,False,False,False,0,False,False,False,False,False,False,False,True,False,False,False,False,False,False,False,False,False,False,6,32,True,True,False,False,False,False,False,False,False,False,False,False,False,False,False,False,False,1,2.1877381380496178e-05,0.002187738138049618,False,<50%
mozwer.dll,,,,,,,,,,,,,,12/27/23 3:39:31,1720441712,mozwer.dll,\Program Files\Mozilla Firefox\mozwer.dll,File_Created / Basic_Info_Changed / Data_Added / Data_Overwritten,Normal,Archive,,0x000300000000C0E3,0x012600000000389E,,,,0,2,False,True,0.5,False,mozwer.dll,\Program Files\Mozilla Firefox\mozwer.dll,False,False,False,False,0,False,False,False,False,False,False,False,True,False,False,False,False,False,True,False,False,False,True,3,10,False,True,False,False,False,False,False,False,False,False,False,False,False,False,False,True,False,1,2.187794344483858e-05,0.002187794344483858,False,<50%
msiprovider.dll,,,,,,,,,,,,,,12/27/23 16:33:46,1730531712,MsiProvider.dll,,File_Created / Basic_Info_Changed / Data_Added / Data_Overwritten / Extended_Attr_Changed / Access_Right_Changed,Normal,Archive,,0x000200000000C27E,0x000200000000C22F,,,,0,12,False,True,0.5,False,MsiProvider.dll,,False,False,False,False,0,False,False,False,False,False,False,False,True,False,False,False,False,False,True,False,False,False,True,0,15,False,True,False,False,False,False,False,False,False,False,False,False,False,False,False,False,False,1,2.1877934654115063e-05,0.002187793465411506,False,<50%
msiprovider.dll.mui,,,,,,,,,,,,,,12/27/23 16:33:46,1730508936,MsiProvider.dll.mui,,File_Created / Basic_Info_Changed / Data_Added / Data_Overwritten / Access_Right_Changed,Normal,Archive,,0x000200000000C244,0x000200000000C239,,,,0,24,False,True,0.5,False,MsiProvider.dll.mui,,False,False,False,False,0,False,False,False,False,False,False,False,True,False,False,False,False,False,False,False,False,False,False,0,19,False,True,False,False,False,False,False,False,False,False,False,False,False,False,False,False,False,1,2.187793462899479e-05,0.002187793462899479,False,<50%
msvcp140.dll,,,,,,,,,,,,,,12/27/23 3:39:31,1720442136,msvcp140.dll,\Program Files\Mozilla Firefox\msvcp140.dll,File_Created / Basic_Info_Changed / Data_Added / Data_Overwritten,Normal,Archive,,0x000300000000C0E4,0x012600000000389E,,,,0,2,False,True,0.5,False,msvcp140.dll,\Program Files\Mozilla Firefox\msvcp140.dll,False,False,False,False,0,False,False,False,False,False,False,False,True,False,False,False,False,False,True,False,False,False,True,3,12,False,True,False,False,False,False,False,False,False,False,False,False,False,False,False,True,False,1,2.187794344483858e-05,0.002187794344483858,False,<50%
netcore.etl,,,,,,,,,,,,,,12/28/23 9:21:15,1742285256,NetCore.etl,\Windows\System32\LogFiles\WMI\NetCore.etl,Basic_Info_Changed / Data_Truncated,Normal,Not_Content_Indexed,,0x000200000001961E,0x000100000000117E,,,,0,4,False,True,0.5,False,NetCore.etl,\Windows\System32\LogFiles\WMI\NetCore.etl,False,False,False,False,0,False,False,False,False,False,False,False,True,False,False,False,False,False,False,False,False,False,False,5,11,False,True,False,False,False,False,False,False,False,False,False,False,False,False,True,False,False,1,2.187762658518503e-05,0.002187762658518503,False,<50%
network persistent state,,,,,,,,,,,,,,12/28/23 9:24:02,1742892744,Network Persistent State,\Users\blueangel\AppData\Roaming\Microsoft\Teams\Network\Network Persistent State,Basic_Info_Changed / File_Renamed_New / Access_Right_Changed,Normal,Archive,,0x000300000000C559,0x0008000000012270,,,,0,2,False,True,0.5,False,Network Persistent State,\Users\blueangel\AppData\Roaming\Microsoft\Teams\Network\Network Persistent State,False,False,False,False,0,False,False,False,False,False,False,False,True,False,False,False,False,False,False,False,False,False,False,8,24,True,False,False,False,False,False,False,False,False,False,False,False,False,False,False,False,False,1,2.187755151986522e-05,0.002187755151986522,False,<50%
nodes.dat,,,,,,,,,,,,,,12/27/23 2:54:00,1719805832,nodes.dat,\ProgramData\Avast Software\Avast\IDS\malwareprofile\nodes.dat,File_Created / Basic_Info_Changed / Data_Added / Data_Overwritten / Data_Truncated / File_Renamed_New,Normal,Archive,,0x01150000000001C0,0x00060000000198CB,,,,0,336,False,True,0.5,False,nodes.dat,\ProgramData\Avast Software\Avast\IDS\malwareprofile\nodes.dat,False,False,False,False,0,False,False,False,False,False,False,False,True,False,False,False,False,False,False,False,False,False,False,6,9,True,True,False,False,False,False,False,False,False,False,False,False,False,False,False,False,False,1,2.1877381380496178e-05,0.002187738138049618,False,<50%
notificationserver.dll,,,,,,,,,,,,,,12/27/23 3:39:31,1720442624,notificationserver.dll,\Program Files\Mozilla Firefox\notificationserver.dll,File_Created / Basic_Info_Changed / Data_Added / Data_Overwritten,Normal,Archive,,0x000300000000C0E5,0x012600000000389E,,,,0,2,False,True,0.5,False,notificationserver.dll,\Program Files\Mozilla Firefox\notificationserver.dll,False,False,False,False,0,False,False,False,False,False,False,False,True,False,False,False,False,False,True,False,False,False,True,3,22,False,True,False,False,False,False,False,False,False,False,False,False,False,False,False,True,False,1,2.187794344483858e-05,0.002187794344483858,False,<50%
notificationux.7df66514-2c75-414e-9efe-b08e445a1683.1.etl,,,,,,,,,,,,,,12/27/23 3:01:29,1719897816,NotificationUx.7df66514-2c75-414e-9efe-b08e445a1683.1.etl,\ProgramData\USOShared\Logs\User\NotificationUx.7df66514-2c75-414e-9efe-b08e445a1683.1.etl,File_Created / Basic_Info_Changed,Normal,Not_Content_Indexed,,0x000C000000001D47,0x0001000000000625,,,,0,4,False,True,0.5,False,NotificationUx.7df66514-2c75-414e-9efe-b08e445a1683.1.etl,\ProgramData\USOShared\Logs\User\NotificationUx.7df66514-2c75-414e-9efe-b08e445a1683.1.etl,False,False,False,False,0,False,False,False,False,False,False,False,True,False,False,False,False,False,False,False,False,False,False,5,57,True,True,False,False,False,False,False,False,False,False,False,False,False,False,False,False,False,1,2.189671198196022e-05,0.002189671198196022,False,<50%
notificationux.c0feff42-64b5-4ccb-b24f-51f21653f350.1.etl,,,,,,,,,,,,,,12/28/23 9:24:36,1742980440,NotificationUx.c0feff42-64b5-4ccb-b24f-51f21653f350.1.etl,\ProgramData\USOShared\Logs\User\NotificationUx.c0feff42-64b5-4ccb-b24f-51f21653f350.1.etl,File_Created / Basic_Info_Changed,Normal,Not_Content_Indexed,,0x000200000000C616,0x0001000000000625,,,,0,4,False,True,0.5,False,NotificationUx.c0feff42-64b5-4ccb-b24f-51f21653f350.1.etl,\ProgramData\USOShared\Logs\User\NotificationUx.c0feff42-64b5-4ccb-b24f-51f21653f350.1.etl,False,False,False,False,0,False,False,False,False,False,False,False,True,False,False,False,False,False,False,False,False,False,False,5,57,True,True,False,False,False,False,False,False,False,False,False,False,False,False,False,False,False,1,2.189671198196022e-05,0.002189671198196022,False,<50%
notificationux.deceedaf-1d2d-4907-98c7-0f17cda07327.1.etl,,,,,,,,,,,,,,12/31/23 1:15:25,1754311504,NotificationUx.deceedaf-1d2d-4907-98c7-0f17cda07327.1.etl,\ProgramData\USOShared\Logs\User\NotificationUx.deceedaf-1d2d-4907-98c7-0f17cda07327.1.etl,File_Created / Basic_Info_Changed,Normal,Not_Content_Indexed,,0x000C00000000CC42,0x0001000000000625,,,,0,4,False,True,0.5,False,NotificationUx.deceedaf-1d2d-4907-98c7-0f17cda07327.1.etl,\ProgramData\USOShared\Logs\User\NotificationUx.deceedaf-1d2d-4907-98c7-0f17cda07327.1.etl,False,False,False,False,0,False,False,False,False,False,False,False,True,False,False,False,False,False,False,False,False,False,False,5,57,True,True,False,False,False,False,False,False,False,False,False,False,False,False,False,False,False,1,2.189671198196022e-05,0.002189671198196022,False,<50%
notificationuxbroker.55f44de2-0e7e-4880-bfa0-1e8923832bf4.1.etl,,,,,,,,,,,,,,12/27/23 3:01:29,1719893160,NotificationUxBroker.55f44de2-0e7e-4880-bfa0-1e8923832bf4.1.etl,\ProgramData\USOShared\Logs\System\NotificationUxBroker.55f44de2-0e7e-4880-bfa0-1e8923832bf4.1.etl,File_Created / Basic_Info_Changed,Normal,Not_Content_Indexed,,0x00540000000005E0,0x0001000000000624,,,,0,4,False,True,0.5,False,NotificationUxBroker.55f44de2-0e7e-4880-bfa0-1e8923832bf4.1.etl,\ProgramData\USOShared\Logs\System\NotificationUxBroker.55f44de2-0e7e-4880-bfa0-1e8923832bf4.1.etl,False,False,False,False,0,False,False,False,False,False,False,False,True,False,False,False,False,False,False,False,False,False,False,5,63,True,True,False,False,False,False,False,False,False,False,False,False,False,False,False,False,False,1,2.1896706962940895e-05,0.0021896706962940896,False,<50%
notificationuxbroker.ad7e01f5-797f-4b82-a397-797d95ccdec8.1.etl,,,,,,,,,,,,,,12/28/23 9:24:36,1742977920,NotificationUxBroker.ad7e01f5-797f-4b82-a397-797d95ccdec8.1.etl,\ProgramData\USOShared\Logs\System\NotificationUxBroker.ad7e01f5-797f-4b82-a397-797d95ccdec8.1.etl,File_Created / Basic_Info_Changed,Normal,Not_Content_Indexed,,0x000200000000C614,0x0001000000000624,,,,0,4,False,True,0.5,False,NotificationUxBroker.ad7e01f5-797f-4b82-a397-797d95ccdec8.1.etl,\ProgramData\USOShared\Logs\System\NotificationUxBroker.ad7e01f5-797f-4b82-a397-797d95ccdec8.1.etl,False,False,False,False,0,False,False,False,False,False,False,False,True,False,False,False,False,False,False,False,False,False,False,5,63,True,True,False,False,False,False,False,False,False,False,False,False,False,False,False,False,False,1,2.1896706962940895e-05,0.0021896706962940896,False,<50%
notificationuxbroker.bfc01f4b-a261-4ff9-b15c-b07f33ed2440.1.etl,,,,,,,,,,,,,,12/31/23 1:15:21,1754164744,NotificationUxBroker.bfc01f4b-a261-4ff9-b15c-b07f33ed2440.1.etl,\ProgramData\USOShared\Logs\System\NotificationUxBroker.bfc01f4b-a261-4ff9-b15c-b07f33ed2440.1.etl,File_Created / Basic_Info_Changed,Normal,Not_Content_Indexed,,0x000F00000000C9CA,0x0001000000000624,,,,0,4,False,True,0.5,False,NotificationUxBroker.bfc01f4b-a261-4ff9-b15c-b07f33ed2440.1.etl,\ProgramData\USOShared\Logs\System\NotificationUxBroker.bfc01f4b-a261-4ff9-b15c-b07f33ed2440.1.etl,False,False,False,False,0,False,False,False,False,False,False,False,True,False,False,False,False,False,False,False,False,False,False,5,63,True,True,False,False,False,False,False,False,False,False,False,False,False,False,False,False,False,1,2.1896706962940895e-05,0.0021896706962940896,False,<50%
nss3.dll,,,,,,,,,,,,,,12/27/23 3:39:31,1720443120,nss3.dll,\Program Files\Mozilla Firefox\nss3.dll,File_Created / Basic_Info_Changed / Data_Added / Data_Overwritten,Normal,Archive,,0x000300000000C0E6,0x012600000000389E,,,,0,2,False,True,0.5,False,nss3.dll,\Program Files\Mozilla Firefox\nss3.dll,False,False,False,False,0,False,False,False,False,False,False,False,True,False,False,False,False,False,True,False,False,False,True,3,8,False,True,False,False,False,False,False,False,False,False,False,False,False,False,False,True,False,1,2.187794344483858e-05,0.002187794344483858,False,<50%
nssckbi.dll,,,,,,,,,,,,,,12/27/23 3:39:31,1720443544,nssckbi.dll,\Program Files\Mozilla Firefox\nssckbi.dll,File_Created / Basic_Info_Changed / Data_Added / Data_Overwritten,Normal,Archive,,0x000200000000C0E7,0x012600000000389E,,,,0,2,False,True,0.5,False,nssckbi.dll,\Program Files\Mozilla Firefox\nssckbi.dll,False,False,False,False,0,False,False,False,False,False,False,False,True,False,False,False,False,False,True,False,False,False,True,3,11,False,True,False,False,False,False,False,False,False,False,False,False,False,False,False,True,False,1,2.187794344483858e-05,0.002187794344483858,False,<50%
ntfs file record.tpl,,,,,,,,,,,,,,12/28/23 9:23:47,1742863576,NTFS FILE Record.tpl,\Users\blueangel\AppData\Local\Temp\RarSFX1\NTFS FILE Record.tpl,File_Created / Basic_Info_Changed / Data_Added / Data_Overwritten,Normal,Archive,,0x000600000000C578,0x000500000000C581,,,,0,2,False,True,0.5,False,NTFS FILE Record.tpl,\Users\blueangel\AppData\Local\Temp\RarSFX1\NTFS FILE Record.tpl,False,False,False,False,0,False,False,False,False,False,False,False,True,False,False,False,False,False,False,False,False,False,False,7,20,True,True,False,False,False,False,False,False,False,False,False,False,False,True,False,False,False,1,2.158464877656569e-05,0.002158464877656569,False,<50%
ntfslog.etl,,,,,,,,,,,,,,12/28/23 9:21:15,1742286128,NtfsLog.etl,\Windows\System32\LogFiles\WMI\NtfsLog.etl,Basic_Info_Changed / Data_Truncated,Normal,Not_Content_Indexed,,0x0002000000019624,0x000100000000117E,,,,0,3,False,True,0.5,False,NtfsLog.etl,\Windows\System32\LogFiles\WMI\NtfsLog.etl,False,False,False,False,0,False,False,False,False,False,False,False,True,False,False,False,False,False,False,False,False,False,False,5,11,False,True,False,False,False,False,False,False,False,False,False,False,False,False,True,False,False,1,2.187762658518503e-05,0.002187762658518503,False,<50%
ntuser.dat,,,,,,,,,,,,,,12/28/23 8:51:12,1742209688,NTUSER.DAT,\Users\blueangel\NTUSER.DAT,Basic_Info_Changed / Data_Overwritten,Normal,Archive / Hidden / Not_Content_Indexed,,0x000100000001A2C7,0x000100000001A2C6,,,,0,6,False,True,0.5,False,NTUSER.DAT,\Users\blueangel\NTUSER.DAT,False,False,False,False,0,False,False,False,False,False,False,False,True,False,False,False,False,False,False,False,False,False,False,3,10,False,True,False,False,False,False,False,False,False,False,False,False,False,False,False,False,False,1,2.1877486697407518e-05,0.0021877486697407518,False,<50%
officeclicktorun.exe_streamserver(202312211551421150).log,,,,,,,,,,,,,,12/28/23 17:21:55,1749755520,officeclicktorun.exe_streamserver(202312211551421150).log,\Windows\Temp\officeclicktorun.exe_streamserver(202312211551421150).log,Basic_Info_Changed,Normal,Normal,,0x0048000000008270,0x0001000000001623,,,,0,2,False,True,0.5,False,officeclicktorun.exe_streamserver(202312211551421150).log,\Windows\Temp\officeclicktorun.exe_streamserver(202312211551421150).log,False,False,False,False,0,False,False,False,False,False,False,False,True,False,False,False,False,False,False,False,False,False,False,3,57,True,True,False,False,False,False,False,False,False,False,False,False,False,True,True,False,False,1,0.000223785047957972,0.0223785047957972,False,<50%
officeclicktorun.exe_streamserver(20231222174546e40).log,,,,,,,,,,,,,,12/31/23 1:20:21,1754580864,officeclicktorun.exe_streamserver(20231222174546E40).log,\Windows\Temp\officeclicktorun.exe_streamserver(20231222174546E40).log,Basic_Info_Changed,Normal,Normal,,0x000E00000000BAA5,0x0001000000001623,,,,0,2,False,True,0.5,False,officeclicktorun.exe_streamserver(20231222174546E40).log,\Windows\Temp\officeclicktorun.exe_streamserver(20231222174546E40).log,False,False,False,False,0,False,False,False,False,False,False,False,True,False,False,False,False,False,False,False,False,False,False,3,56,True,True,False,False,False,False,False,False,False,False,False,False,False,True,True,False,False,1,0.0005682453477250904,0.05682453477250904,False,<50%
offlinesetupprovider.dll,,,,,,,,,,,,,,12/27/23 16:33:46,1730532352,OfflineSetupProvider.dll,,File_Created / Basic_Info_Changed / Data_Added / Data_Overwritten / Extended_Attr_Changed / Access_Right_Changed,Normal,Archive,,0x000200000000C280,0x000200000000C22F,,,,0,12,False,True,0.5,False,OfflineSetupProvider.dll,,False,False,False,False,0,False,False,False,False,False,False,False,True,False,False,False,False,False,True,False,False,False,True,0,24,False,True,False,False,False,False,False,False,False,False,False,False,False,False,False,False,False,1,2.1877934654115063e-05,0.002187793465411506,False,<50%
offlinesetupprovider.dll.mui,,,,,,,,,,,,,,12/27/23 16:33:46,1730525280,OfflineSetupProvider.dll.mui,,File_Created / Basic_Info_Changed / Data_Added / Data_Overwritten / Access_Right_Changed,Normal,Archive,,0x000200000000C267,0x000200000000C24F,,,,0,12,False,True,0.5,False,OfflineSetupProvider.dll.mui,,False,False,False,False,0,False,False,False,False,False,False,False,True,False,False,False,False,False,False,False,False,False,False,0,28,False,True,False,False,False,False,False,False,False,False,False,False,False,False,False,False,False,1,2.187793462899479e-05,0.002187793462899479,False,<50%
omni.ja,,,,,,,,,,,,,,12/27/23 3:39:31,1720423592,omni.ja,\Program Files\Mozilla Firefox\browser\omni.ja,File_Created / Basic_Info_Changed / Data_Added / Data_Overwritten,Normal,Archive,,0x001E0000000082AC,0x0005000000007EE1,,,,0,4,False,True,0.5,False,omni.ja,\Program Files\Mozilla Firefox\browser\omni.ja,False,False,False,False,0,False,False,False,False,False,False,False,True,False,False,False,False,False,False,False,False,False,False,4,7,False,True,False,False,False,False,False,False,False,False,False,False,False,False,False,True,False,1,2.1877629953385047e-05,0.0021877629953385045,False,<50%
osclientcerts.dll,,,,,,,,,,,,,,12/27/23 3:39:31,1720444408,osclientcerts.dll,\Program Files\Mozilla Firefox\osclientcerts.dll,File_Created / Basic_Info_Changed / Data_Added / Data_Overwritten,Normal,Archive,,0x000200000000C0EC,0x012600000000389E,,,,0,2,False,True,0.5,False,osclientcerts.dll,\Program Files\Mozilla Firefox\osclientcerts.dll,False,False,False,False,0,False,False,False,False,False,False,False,True,False,False,False,False,False,True,False,False,False,True,3,17,False,True,False,False,False,False,False,False,False,False,False,False,False,False,False,True,False,1,2.187794344483858e-05,0.002187794344483858,False,<50%
osprovider.dll,,,,,,,,,,,,,,12/27/23 16:33:46,1730532928,OSProvider.dll,,File_Created / Basic_Info_Changed / Data_Added / Data_Overwritten / Extended_Attr_Changed / Access_Right_Changed,Normal,Archive,,0x000200000000C282,0x000200000000C22F,,,,0,12,False,True,0.5,False,OSProvider.dll,,False,False,False,False,0,False,False,False,False,False,False,False,True,False,False,False,False,False,True,False,False,False,True,0,14,False,True,False,False,False,False,False,False,False,False,False,False,False,False,False,False,False,1,2.1877934654115063e-05,0.002187793465411506,False,<50%
osprovider.dll.mui,,,,,,,,,,,,,,12/27/23 16:33:46,1730525904,OSProvider.dll.mui,,File_Created / Basic_Info_Changed / Data_Added / Data_Overwritten / Access_Right_Changed,Normal,Archive,,0x000200000000C26A,0x000200000000C24F,,,,0,12,False,True,0.5,False,OSProvider.dll.mui,,False,False,False,False,0,False,False,False,False,False,False,False,True,False,False,False,False,False,False,False,False,False,False,0,18,False,True,False,False,False,False,False,False,False,False,False,False,False,False,False,False,False,1,2.187793462899479e-05,0.002187793462899479,False,<50%
persist.zip,,,,,,,,,,,,,,12/28/23 8:51:13,1742224024,persist.zip,\ProgramData\Avast Software\Avast\IDS\outbox\persist.zip,File_Created / Basic_Info_Changed / Data_Added / File_Renamed_New,Normal,Archive,,0x0004000000001BAB,0x00050000000198D5,,,,0,2,False,True,0.5,False,persist.zip,\ProgramData\Avast Software\Avast\IDS\outbox\persist.zip,False,False,False,False,0,False,False,False,False,False,False,False,True,False,False,False,False,False,False,True,False,False,False,6,11,True,True,False,False,False,False,False,False,False,False,False,False,False,False,False,False,False,1,2.1877381380496178e-05,0.002187738138049618,False,<50%
pictureinpicture@mozilla.org.xpi,,,,,,,,,,,,,,12/27/23 3:39:31,1720420776,pictureinpicture@mozilla.org.xpi,\Program Files\Mozilla Firefox\browser\features\pictureinpicture@mozilla.org.xpi,File_Created / Basic_Info_Changed / Data_Added / Data_Overwritten,Normal,Archive,,0x00780000000080FD,0x00190000000080F1,,,,0,2,False,True,0.5,False,pictureinpicture@mozilla.org.xpi,\Program Files\Mozilla Firefox\browser\features\pictureinpicture@mozilla.org.xpi,False,False,False,False,0,False,False,False,False,False,False,False,True,False,False,False,False,False,False,False,False,False,False,5,32,False,True,False,False,False,False,False,False,False,False,False,False,False,False,False,True,False,1,2.1877629812174717e-05,0.0021877629812174716,False,<50%
pingsender.exe,,,,,,,,,,,,,,12/27/23 3:39:31,1720444864,pingsender.exe,\Program Files\Mozilla Firefox\pingsender.exe,File_Created / Basic_Info_Changed / Data_Added / Data_Overwritten,Normal,Archive,,0x000200000000C0ED,0x012600000000389E,,,,0,2,False,True,0.5,False,pingsender.exe,\Program Files\Mozilla Firefox\pingsender.exe,False,False,False,False,0,False,False,False,False,False,False,False,True,False,False,False,False,False,True,False,False,False,False,3,14,False,True,False,False,False,False,False,False,False,False,False,False,False,False,False,True,False,1,2.187794344483858e-05,0.002187794344483858,False,<50%
places.sqlite,,,,,,,,,,,,,,12/27/23 11:59:51,1726987928,places.sqlite,,File_Created / Basic_Info_Changed / Data_Added / Data_Overwritten,Normal,Archive,,0x000400000000C1E3,0x000300000000C1E0,,,,0,36,False,True,0.5,False,places.sqlite,,False,False,False,False,0,False,False,False,False,False,False,False,True,False,False,False,False,False,False,False,False,False,False,0,13,False,True,False,False,False,False,False,False,False,False,False,False,False,False,False,False,False,1,2.187793462899479e-05,0.002187793462899479,False,<50%
platform.ini,,,,,,,,,,,,,,12/27/23 3:39:31,1720445304,platform.ini,\Program Files\Mozilla Firefox\platform.ini,File_Created / Basic_Info_Changed / Data_Added / Data_Overwritten,Normal,Archive,,0x000200000000C0EE,0x012600000000389E,,,,0,2,False,True,0.5,False,platform.ini,\Program Files\Mozilla Firefox\platform.ini,False,False,False,False,0,False,False,False,False,False,False,False,True,False,False,False,False,False,False,False,False,False,False,3,12,False,True,False,False,False,False,False,False,False,False,False,False,False,False,False,True,False,1,2.187793651320593e-05,0.002187793651320593,False,<50%
plugin-container.exe,,,,,,,,,,,,,,12/27/23 3:39:31,1720445792,plugin-container.exe,\Program Files\Mozilla Firefox\plugin-container.exe,File_Created / Basic_Info_Changed / Data_Added / Data_Overwritten,Normal,Archive,,0x000200000000C0EF,0x012600000000389E,,,,0,2,False,True,0.5,False,plugin-container.exe,\Program Files\Mozilla Firefox\plugin-container.exe,False,False,False,False,0,False,False,False,False,False,False,False,True,False,False,False,False,False,True,False,False,False,False,3,20,False,True,False,False,False,False,False,False,False,False,False,False,False,False,False,True,False,1,2.187794344483858e-05,0.002187794344483858,False,<50%
plugin-container.exe.sig,,,,,,,,,,,,,,12/27/23 3:39:31,1720446336,plugin-container.exe.sig,\Program Files\Mozilla Firefox\plugin-container.exe.sig,File_Created / Basic_Info_Changed / Data_Added / Data_Overwritten,Normal,Archive,,0x000200000000C0F0,0x012600000000389E,,,,0,2,False,True,0.5,False,plugin-container.exe.sig,\Program Files\Mozilla Firefox\plugin-container.exe.sig,False,False,False,False,0,False,False,False,False,False,False,False,True,False,False,False,False,False,False,False,False,False,False,3,24,False,True,False,False,False,False,False,False,False,False,False,False,False,False,False,True,False,1,2.187793651320593e-05,0.002187793651320593,False,<50%
polish2.dat,,,,,,,,,,,,,,12/28/23 9:23:47,1742864048,polish2.dat,\Users\blueangel\AppData\Local\Temp\RarSFX1\polish2.dat,File_Created / Basic_Info_Changed / Data_Added / Data_Overwritten,Normal,Archive,,0x000300000000C593,0x000500000000C581,,,,0,2,False,True,0.5,False,polish2.dat,\Users\blueangel\AppData\Local\Temp\RarSFX1\polish2.dat,False,False,False,False,0,False,False,False,False,False,False,False,True,False,False,False,False,False,False,False,False,False,False,7,11,True,True,False,False,False,False,False,False,False,False,False,False,False,True,False,False,False,1,2.158464877656569e-05,0.002158464877656569,False,<50%
postsigningdata,,,,,,,,,,,,,,12/27/23 3:39:31,1720446848,postSigningData,\Program Files\Mozilla Firefox\postSigningData,File_Created / Basic_Info_Changed / Data_Added / Data_Overwritten,Normal,Archive,,0x000200000000C0F1,0x012600000000389E,,,,0,2,False,True,0.5,False,postSigningData,\Program Files\Mozilla Firefox\postSigningData,False,False,False,False,0,False,False,False,False,False,False,False,True,False,False,False,False,False,False,False,False,False,False,3,15,False,False,False,False,False,False,False,False,False,False,False,False,False,False,False,True,False,1,2.187793651320593e-05,0.002187793651320593,False,<50%
prb78bd.tmp,,,,,,,,,,,,,,12/28/23 9:53:17,1743665224,prb78BD.tmp,\Users\blueangel\AppData\Local\Temp\prb78BD.tmp,Basic_Info_Changed / Data_Added / Data_Overwritten / Data_Truncated,Normal,Archive,,0x005300000000C63A,0x000100000001A2E5,,,,0,4,False,True,0.5,False,prb78BD.tmp,\Users\blueangel\AppData\Local\Temp\prb78BD.tmp,False,False,False,False,0,False,False,False,False,False,False,False,True,False,False,False,False,False,False,False,False,False,False,6,11,True,True,False,False,False,False,False,False,False,False,False,False,False,True,False,False,False,1,2.1788269298497864e-05,0.0021788269298497866,False,<50%
prb78ce.tmp,,,,,,,,,,,,,,12/28/23 9:53:17,1743666632,prb78CE.tmp,\Users\blueangel\AppData\Local\Temp\prb78CE.tmp,Basic_Info_Changed / Data_Added / Data_Overwritten / Data_Truncated,Normal,Archive,,0x005500000000C63A,0x000100000001A2E5,,,,0,4,False,True,0.5,False,prb78CE.tmp,\Users\blueangel\AppData\Local\Temp\prb78CE.tmp,False,False,False,False,0,False,False,False,False,False,False,False,True,False,False,False,False,False,False,False,False,False,False,6,11,True,True,False,False,False,False,False,False,False,False,False,False,False,True,False,False,False,1,2.1788269298497864e-05,0.0021788269298497866,False,<50%
precomplete,,,,,,,,,,,,,,12/27/23 3:39:31,1720447336,precomplete,\Program Files\Mozilla Firefox\precomplete,File_Created / Basic_Info_Changed / Data_Added / Data_Overwritten,Normal,Archive,,0x000200000000C0F2,0x012600000000389E,,,,0,2,False,True,0.5,False,precomplete,\Program Files\Mozilla Firefox\precomplete,False,False,False,False,0,False,False,False,False,False,False,False,True,False,False,False,False,False,False,False,False,False,False,3,11,False,False,False,False,False,False,False,False,False,False,False,False,False,False,False,True,False,1,2.187793651320593e-05,0.002187793651320593,False,<50%
preferences,,,,,,,,,,,,,,12/28/23 9:22:58,1742709560,Preferences,\Users\blueangel\AppData\Roaming\Evernote\Partitions\name\Preferences,Basic_Info_Changed / File_Renamed_New / Access_Right_Changed,Normal,Archive,,0x000400000000C48E,0x000200000001B3FD,,,,0,12,False,True,0.5,False,Preferences,\Users\blueangel\AppData\Roaming\Evernote\Partitions\name\Preferences,False,False,False,False,0,False,False,False,False,False,False,False,True,False,False,False,False,False,False,False,False,False,False,8,11,True,False,False,False,False,False,False,False,False,False,False,False,False,False,False,False,False,1,2.187755151986522e-05,0.002187755151986522,False,<50%
private_browsing.exe,,,,,,,,,,,,,,12/27/23 3:39:31,1720447824,private_browsing.exe,\Program Files\Mozilla Firefox\private_browsing.exe,File_Created / Basic_Info_Changed / Data_Added / Data_Overwritten,Normal,Archive,,0x000200000000C0F3,0x012600000000389E,,,,0,2,False,True,0.5,False,private_browsing.exe,\Program Files\Mozilla Firefox\private_browsing.exe,False,False,False,False,0,False,False,False,False,False,False,False,True,False,False,False,False,False,True,False,False,False,False,3,20,False,True,False,False,False,False,False,False,False,False,False,False,False,False,False,True,False,1,2.187794344483858e-05,0.002187794344483858,False,<50%
private_browsing.visualelementsmanifest.xml,,,,,,,,,,,,,,12/27/23 3:39:31,1720448488,private_browsing.VisualElementsManifest.xml,\Program Files\Mozilla Firefox\private_browsing.VisualElementsManifest.xml,File_Created / Basic_Info_Changed / Data_Added / Data_Overwritten,Normal,Archive,,0x000300000000C0F4,0x012600000000389E,,,,0,2,False,True,0.5,False,private_browsing.VisualElementsManifest.xml,\Program Files\Mozilla Firefox\private_browsing.VisualElementsManifest.xml,False,False,False,False,0,False,False,False,False,False,False,False,True,False,False,False,False,False,False,False,False,False,False,3,43,False,True,False,False,False,False,False,False,False,False,False,False,False,False,False,True,False,1,2.0381430766966307e-05,0.002038143076696631,False,<50%
privatebrowsing_150.png,,,,,,,,,,,,,,12/27/23 3:39:31,1720424264,PrivateBrowsing_150.png,\Program Files\Mozilla Firefox\browser\VisualElements\PrivateBrowsing_150.png,File_Created / Basic_Info_Changed / Data_Added / Data_Overwritten,Normal,Archive,,0x0036000000008B6D,0x0010000000008A47,,,,0,2,False,True,0.5,False,PrivateBrowsing_150.png,\Program Files\Mozilla Firefox\browser\VisualElements\PrivateBrowsing_150.png,False,False,False,False,0,False,False,False,False,False,False,False,True,False,False,False,False,False,False,False,False,False,False,5,23,False,True,False,False,False,False,False,False,False,False,False,False,True,False,False,True,False,1,2.1877629812174717e-05,0.0021877629812174716,False,<50%
privatebrowsing_70.png,,,,,,,,,,,,,,12/27/23 3:39:31,1720424800,PrivateBrowsing_70.png,\Program Files\Mozilla Firefox\browser\VisualElements\PrivateBrowsing_70.png,File_Created / Basic_Info_Changed / Data_Added / Data_Overwritten,Normal,Archive,,0x000F000000008BC2,0x0010000000008A47,,,,0,2,False,True,0.5,False,PrivateBrowsing_70.png,\Program Files\Mozilla Firefox\browser\VisualElements\PrivateBrowsing_70.png,False,False,False,False,0,False,False,False,False,False,False,False,True,False,False,False,False,False,False,False,False,False,False,5,22,False,True,False,False,False,False,False,False,False,False,False,False,True,False,False,True,False,1,2.1877629812174717e-05,0.0021877629812174716,False,<50%
provprovider.dll,,,,,,,,,,,,,,12/27/23 16:33:46,1730533648,ProvProvider.dll,,File_Created / Basic_Info_Changed / Data_Added / Data_Overwritten / Extended_Attr_Changed / Access_Right_Changed,Normal,Archive,,0x000300000000C289,0x000200000000C22F,,,,0,12,False,True,0.5,False,ProvProvider.dll,,False,False,False,False,0,False,False,False,False,False,False,False,True,False,False,False,False,False,True,False,False,False,True,0,16,False,True,False,False,False,False,False,False,False,False,False,False,False,False,False,False,False,1,2.1877934654115063e-05,0.002187793465411506,False,<50%
provprovider.dll.mui,,,,,,,,,,,,,,12/27/23 16:33:46,1730526512,ProvProvider.dll.mui,,File_Created / Basic_Info_Changed / Data_Added / Data_Overwritten / Access_Right_Changed,Normal,Archive,,0x000200000000C26C,0x000200000000C24F,,,,0,12,False,True,0.5,False,ProvProvider.dll.mui,,False,False,False,False,0,False,False,False,False,False,False,False,True,False,False,False,False,False,False,False,False,False,False,0,20,False,True,False,False,False,False,False,False,False,False,False,False,False,False,False,False,False,1,2.187793462899479e-05,0.002187793462899479,False,<50%
qipcap64.dll,,,,,,,,,,,,,,12/27/23 3:39:31,1720449056,qipcap64.dll,\Program Files\Mozilla Firefox\qipcap64.dll,File_Created / Basic_Info_Changed / Data_Added / Data_Overwritten,Normal,Archive,,0x000200000000C0F5,0x012600000000389E,,,,0,2,False,True,0.5,False,qipcap64.dll,\Program Files\Mozilla Firefox\qipcap64.dll,False,False,False,False,0,False,False,False,False,False,False,False,True,False,False,False,False,False,True,False,False,False,True,3,12,False,True,False,False,False,False,False,False,False,False,False,False,False,False,False,True,False,1,2.187794344483858e-05,0.002187794344483858,False,<50%
qyqtge1nebvfudt4lk5p.temp,,,,,,,,,,,,,,12/28/23 9:23:40,1742837056,QYQTGE1NEBVFUDT4LK5P.temp,\Users\blueangel\AppData\Roaming\Microsoft\Windows\Recent\CustomDestinations\QYQTGE1NEBVFUDT4LK5P.temp,Basic_Info_Changed,Normal,Archive,,0x000200000000C579,0x000500000001A277,,,,0,3,False,True,0.5,False,QYQTGE1NEBVFUDT4LK5P.temp,\Users\blueangel\AppData\Roaming\Microsoft\Windows\Recent\CustomDestinations\QYQTGE1NEBVFUDT4LK5P.temp,False,False,False,False,0,False,False,False,False,False,False,False,True,False,False,False,False,False,False,False,False,False,False,9,25,True,True,False,False,False,False,False,False,False,False,False,False,False,True,True,False,False,1,2.1883328865689696e-05,0.0021883328865689696,False,<50%
radiomgr.etl,,,,,,,,,,,,,,12/28/23 9:21:15,1742286216,RadioMgr.etl,\Windows\System32\LogFiles\WMI\RadioMgr.etl,Basic_Info_Changed / Data_Truncated,Normal,Not_Content_Indexed,,0x0002000000019626,0x000100000000117E,,,,0,3,False,True,0.5,False,RadioMgr.etl,\Windows\System32\LogFiles\WMI\RadioMgr.etl,False,False,False,False,0,False,False,False,False,False,False,False,True,False,False,False,False,False,False,False,False,False,False,5,12,False,True,False,False,False,False,False,False,False,False,False,False,False,False,True,False,False,1,2.187762658518503e-05,0.002187762658518503,False,<50%
readme.txt,,,,,,,,,,,,,,12/28/23 1:09:13,1736305888,readme.txt,\Users\blueangel\AppData\Local\Temp\vmware-blueangel\VMwareDnD\58b0b6df\SetMACE_v1004\readme.txt,Basic_Info_Changed,Normal,Archive,,0x001800000000C2A5,0x0028000000003805,,,,0,4,False,True,0.5,False,readme.txt,\Users\blueangel\AppData\Local\Temp\vmware-blueangel\VMwareDnD\58b0b6df\SetMACE_v1004\readme.txt,False,False,False,False,0,False,False,False,False,False,False,False,True,False,False,False,False,False,False,False,True,False,False,10,10,True,True,False,False,False,False,False,False,False,False,False,False,False,True,False,False,False,1,2.185157848656285e-05,0.002185157848656285,False,<50%
removed-files,,,,,,,,,,,,,,12/27/23 3:39:31,1720449496,removed-files,\Program Files\Mozilla Firefox\removed-files,File_Created / Basic_Info_Changed / Data_Added / Data_Overwritten,Normal,Archive,,0x000200000000C0F7,0x012600000000389E,,,,0,2,False,True,0.5,False,removed-files,\Program Files\Mozilla Firefox\removed-files,False,False,False,False,0,False,False,False,False,False,False,False,True,False,False,False,False,False,False,False,False,False,False,3,13,False,False,False,False,False,False,False,False,False,False,False,False,False,False,False,True,False,1,2.187793651320593e-05,0.002187793651320593,False,<50%
rs_admindiagnostichistory.ps1,,,,,,,,,,,,,,12/31/23 1:20:15,1754511896,RS_AdminDiagnosticHistory.ps1,,File_Created / Basic_Info_Changed / Data_Added / Data_Overwritten / Access_Right_Changed,Normal,Archive,,0x000800000000CC66,0x003500000000BFA1,,,,0,2,False,True,0.5,False,RS_AdminDiagnosticHistory.ps1,,False,False,False,False,0,False,False,False,False,False,False,False,True,False,False,False,False,False,True,False,False,False,False,0,29,False,True,False,False,False,False,False,False,False,False,False,False,False,False,False,False,False,1,2.1877934654115063e-05,0.002187793465411506,False,<50%
rs_machinewerqueue.ps1,,,,,,,,,,,,,,12/31/23 1:20:15,1754512552,RS_MachineWERQueue.ps1,,File_Created / Basic_Info_Changed / Data_Added / Data_Overwritten / Access_Right_Changed,Normal,Archive,,0x000600000000CC6C,0x003500000000BFA1,,,,0,2,False,True,0.5,False,RS_MachineWERQueue.ps1,,False,False,False,False,0,False,False,False,False,False,False,False,True,False,False,False,False,False,True,False,False,False,False,0,22,False,True,False,False,False,False,False,False,False,False,False,False,False,False,False,False,False,1,2.1877934654115063e-05,0.002187793465411506,False,<50%
rs_syncsystemtime.ps1,,,,,,,,,,,,,,12/31/23 1:20:15,1754513176,RS_SyncSystemTime.ps1,,File_Created / Basic_Info_Changed / Data_Added / Data_Overwritten / Access_Right_Changed,Normal,Archive,,0x000200000000CC6F,0x003500000000BFA1,,,,0,2,False,True,0.5,False,RS_SyncSystemTime.ps1,,False,False,False,False,0,False,False,False,False,False,False,False,True,False,False,False,False,False,True,False,False,False,False,0,21,False,True,False,False,False,False,False,False,False,False,False,False,False,False,False,False,False,1,2.1877934654115063e-05,0.002187793465411506,False,<50%
rs_userdiagnostichistory.ps1,,,,,,,,,,,,,,12/31/23 1:20:15,1754513888,RS_UserDiagnosticHistory.ps1,,File_Created / Basic_Info_Changed / Data_Added / Data_Overwritten / Access_Right_Changed,Normal,Archive,,0x000300000000CC71,0x003500000000BFA1,,,,0,2,False,True,0.5,False,RS_UserDiagnosticHistory.ps1,,False,False,False,False,0,False,False,False,False,False,False,False,True,False,False,False,False,False,True,False,False,False,False,0,28,False,True,False,False,False,False,False,False,False,False,False,False,False,False,False,False,False,1,2.1877934654115063e-05,0.002187793465411506,False,<50%
rs_userwerqueue.ps1,,,,,,,,,,,,,,12/31/23 1:20:15,1754514544,RS_UserWERQueue.ps1,,File_Created / Basic_Info_Changed / Data_Added / Data_Overwritten / Access_Right_Changed,Normal,Archive,,0x000200000000CC74,0x003500000000BFA1,,,,0,2,False,True,0.5,False,RS_UserWERQueue.ps1,,False,False,False,False,0,False,False,False,False,False,False,False,True,False,False,False,False,False,True,False,False,False,False,0,19,False,True,False,False,False,False,False,False,False,False,False,False,False,False,False,False,False,1,2.1877934654115063e-05,0.002187793465411506,False,<50%
ruximlog.001.etl,,,,,,,,,,,,,,12/27/23 3:45:42,1720591392,RUXIMLog.001.etl,\ProgramData\PLUG\Logs\RUXIMLog.001.etl,File_Created / Basic_Info_Changed,Normal,Not_Content_Indexed,,0x00B00000000083C5,0x000200000000194D,,,,0,54,False,True,0.5,False,RUXIMLog.001.etl,\ProgramData\PLUG\Logs\RUXIMLog.001.etl,False,False,False,False,0,False,False,False,False,False,False,False,True,False,False,False,False,False,False,False,False,False,False,4,16,True,True,False,False,False,False,False,False,False,False,False,False,False,False,False,False,False,1,2.1877629333940586e-05,0.0021877629333940584,False,<50%
ruximlog.002.etl,,,,,,,,,,,,,,12/28/23 1:05:54,1736110848,RUXIMLog.002.etl,\ProgramData\PLUG\Logs\RUXIMLog.002.etl,File_Created / Basic_Info_Changed / Data_Added / File_Renamed_New,Normal,Not_Content_Indexed,,0x000200000000C349,0x000200000000194D,,,,0,6,False,True,0.5,False,RUXIMLog.002.etl,\ProgramData\PLUG\Logs\RUXIMLog.002.etl,False,False,False,False,0,False,False,False,False,False,False,False,True,False,False,False,False,False,False,False,False,False,False,4,16,True,True,False,False,False,False,False,False,False,False,False,False,False,False,False,False,False,1,2.1877629333940586e-05,0.0021877629333940584,False,<50%
s640checkreachablea2632a96-c25b-4dbe-8e7f-46107b9c65a5,,,,,,,,,,,,,,12/31/23 1:15:24,1754304800,s640CheckReachableA2632A96-C25B-4DBE-8E7F-46107B9C65A5,\Windows\Temp\s640CheckReachableA2632A96-C25B-4DBE-8E7F-46107B9C65A5,File_Created / Basic_Info_Changed,Normal,Archive / Sparse,,0x000400000000CC13,0x0001000000001623,,,,0,2,False,True,0.5,False,s640CheckReachableA2632A96-C25B-4DBE-8E7F-46107B9C65A5,\Windows\Temp\s640CheckReachableA2632A96-C25B-4DBE-8E7F-46107B9C65A5,False,False,False,False,0,False,False,False,False,False,False,False,True,False,False,False,False,False,False,False,False,False,False,3,54,True,False,False,False,False,False,False,False,False,False,False,False,False,True,True,False,False,1,2.5038713743284005e-05,0.0025038713743284007,False,<50%
s640checkreachablea6c84f3c-bb61-489e-86ec-3aabd984f5a2,,,,,,,,,,,,,,12/28/23 2:21:57,1737238680,s640CheckReachableA6C84F3C-BB61-489E-86EC-3AABD984F5A2,\Windows\Temp\s640CheckReachableA6C84F3C-BB61-489E-86EC-3AABD984F5A2,File_Created / Basic_Info_Changed,Normal,Archive / Sparse,,0x000200000000C3A3,0x0001000000001623,,,,0,2,False,True,0.5,False,s640CheckReachableA6C84F3C-BB61-489E-86EC-3AABD984F5A2,\Windows\Temp\s640CheckReachableA6C84F3C-BB61-489E-86EC-3AABD984F5A2,False,False,False,False,0,False,False,False,False,False,False,False,True,False,False,False,False,False,False,False,False,False,False,3,54,True,False,False,False,False,False,False,False,False,False,False,False,False,True,True,False,False,1,2.5038713743284005e-05,0.0025038713743284007,False,<50%
sa.dat,,,,,,,,,,,,,,12/28/23 9:21:33,1742293488,SA.DAT,\Windows\Tasks\SA.DAT,Basic_Info_Changed,Normal,Hidden,,0x0001000000019746,0x0001000000001622,,,,0,2,False,True,0.5,False,SA.DAT,\Windows\Tasks\SA.DAT,False,False,False,False,0,False,False,False,False,False,False,False,True,False,False,False,False,False,False,False,False,False,False,3,6,False,True,False,False,False,False,False,False,False,False,False,False,False,False,True,False,False,1,2.1876387465173927e-05,0.0021876387465173926,False,<50%
sam,,,,,,,,,,,,,,12/28/23 8:51:19,1742268024,SAM,\Windows\System32\config\SAM,Basic_Info_Changed,Normal,Archive,,0x000100000000C78B,0x0001000000000E5D,,,,0,2,False,True,0.5,False,SAM,\Windows\System32\config\SAM,False,False,False,False,0,False,False,False,False,False,False,False,True,False,False,False,False,False,False,False,False,False,False,4,3,False,False,False,False,False,False,False,False,False,False,False,False,False,False,True,False,False,1,2.187762651145167e-05,0.002187762651145167,False,<50%
sample script.whs,,,,,,,,,,,,,,12/28/23 9:23:47,1742864576,Sample script.whs,\Users\blueangel\AppData\Local\Temp\RarSFX1\Sample script.whs,File_Created / Basic_Info_Changed / Data_Added / Data_Overwritten,Normal,Archive,,0x000200000000C595,0x000500000000C581,,,,0,2,False,True,0.5,False,Sample script.whs,\Users\blueangel\AppData\Local\Temp\RarSFX1\Sample script.whs,False,False,False,False,0,False,False,False,False,False,False,False,True,False,False,False,False,False,False,False,False,False,False,7,17,True,True,False,False,False,False,False,False,False,False,False,False,False,True,False,False,False,1,2.158464877656569e-05,0.002158464877656569,False,<50%
scan_results.json,,,,,,,,,,,,,,12/27/23 11:39:45,1726720456,scan_results.json,\ProgramData\Avast Software\Avast\Cleanup\scan_results.json,Basic_Info_Changed / File_Renamed_New / Access_Right_Changed,Normal,Archive / Not_Content_Indexed,,0x000900000000C1C4,0x000200000005C16A,,,,0,4,False,True,0.5,False,scan_results.json,\ProgramData\Avast Software\Avast\Cleanup\scan_results.json,False,False,False,False,0,False,False,False,False,False,False,False,True,False,False,False,False,False,False,False,False,False,False,5,17,True,True,False,False,False,False,False,False,False,False,False,False,False,False,False,False,False,1,2.1877629407673954e-05,0.002187762940767395,False,<50%
scan_results.out,,,,,,,,,,,,,,12/27/23 11:39:45,1726719560,scan_results.out,\ProgramData\Avast Software\Avast\Cleanup\scan_results.out,Basic_Info_Changed,Normal,Archive / Not_Content_Indexed,,0x000900000000C1C4,0x000200000005C16A,,,,0,6,False,True,0.5,False,scan_results.out,\ProgramData\Avast Software\Avast\Cleanup\scan_results.out,False,False,False,False,0,False,False,False,False,False,False,False,True,False,False,False,False,False,False,False,False,False,False,5,16,True,True,False,False,False,False,False,False,False,False,False,False,False,False,False,False,False,1,2.1877629407673954e-05,0.002187762940767395,False,<50%
screenonpowerstudytracesession-2023-12-28-10-22-12.etl,,,,,,,,,,,,,,12/28/23 9:22:12,1742369984,ScreenOnPowerStudyTraceSession-2023-12-28-10-22-12.etl,\Windows\System32\SleepStudy\ScreenOn\ScreenOnPowerStudyTraceSession-2023-12-28-10-22-12.etl,File_Created / Basic_Info_Changed / Content_Indexed_Attr_Changed,Normal,Not_Content_Indexed,,0x0011000000007BB8,0x00010000000198A3,,,,0,3,False,True,0.5,False,ScreenOnPowerStudyTraceSession-2023-12-28-10-22-12.etl,\Windows\System32\SleepStudy\ScreenOn\ScreenOnPowerStudyTraceSession-2023-12-28-10-22-12.etl,False,False,False,False,0,False,False,False,False,False,False,False,True,False,False,False,False,False,False,False,False,False,False,5,54,False,True,False,False,False,False,False,False,False,False,False,False,False,False,True,False,False,1,2.1898135286101128e-05,0.002189813528610113,False,<50%
screenshots@mozilla.org.xpi,,,,,,,,,,,,,,12/27/23 3:39:31,1720421392,screenshots@mozilla.org.xpi,\Program Files\Mozilla Firefox\browser\features\screenshots@mozilla.org.xpi,File_Created / Basic_Info_Changed / Data_Added / Data_Overwritten,Normal,Archive,,0x007100000000813D,0x00190000000080F1,,,,0,2,False,True,0.5,False,screenshots@mozilla.org.xpi,\Program Files\Mozilla Firefox\browser\features\screenshots@mozilla.org.xpi,False,False,False,False,0,False,False,False,False,False,False,False,True,False,False,False,False,False,False,False,False,False,False,5,27,False,True,False,False,False,False,False,False,False,False,False,False,False,False,False,True,False,1,2.1877629812174717e-05,0.0021877629812174716,False,<50%
search.json.mozlz4,,,,,,,,,,,,,,12/27/23 11:59:51,1726986416,search.json.mozlz4,,File_Created / Basic_Info_Changed / Data_Added / Data_Overwritten,Normal,Archive,,0x000300000000C1E3,0x000300000000C1E0,,,,0,18,False,True,0.5,False,search.json.mozlz4,,False,False,False,False,0,False,False,False,False,False,False,False,True,False,False,False,False,False,False,False,False,False,False,0,18,False,True,False,False,False,False,False,False,False,False,False,False,False,False,False,False,False,1,2.187793462899479e-05,0.002187793462899479,False,<50%
security,,,,,,,,,,,,,,12/28/23 8:51:19,1742267768,SECURITY,\Windows\System32\config\SECURITY,Basic_Info_Changed / Data_Overwritten,Normal,Archive,,0x000100000000C78E,0x0001000000000E5D,,,,0,2,False,True,0.5,False,SECURITY,\Windows\System32\config\SECURITY,False,False,False,False,0,False,False,False,False,False,False,False,True,False,False,False,False,False,False,False,False,False,False,4,8,False,False,False,False,False,False,False,False,False,False,False,False,False,False,True,False,False,1,2.187762651145167e-05,0.002187762651145167,False,<50%
servers.def.vpx,,,,,,,,,,,,,,12/28/23 9:22:16,1742388304,servers.def.vpx,\Program Files\Avast Software\Avast\setup\servers.def.vpx,Basic_Info_Changed,Normal,Archive / Compressed,,0x0001000000054E75,0x0001000000054E11,,,,0,2,False,True,0.5,False,servers.def.vpx,\Program Files\Avast Software\Avast\setup\servers.def.vpx,False,False,False,False,0,False,False,False,False,False,False,False,True,False,False,False,False,False,False,False,False,False,False,5,15,False,True,False,False,False,False,False,False,False,False,False,False,False,False,False,True,False,1,2.1877629812174717e-05,0.0021877629812174716,False,<50%
setmace.au3,,,,,,,,,,,,,,12/28/23 1:09:13,1736306312,setMACE.au3,\Users\blueangel\AppData\Local\Temp\vmware-blueangel\VMwareDnD\58b0b6df\SetMACE_v1004\setMACE.au3,Basic_Info_Changed,Normal,Archive,,0x002A00000000C2A9,0x0028000000003805,,,,0,4,False,True,0.5,False,setMACE.au3,\Users\blueangel\AppData\Local\Temp\vmware-blueangel\VMwareDnD\58b0b6df\SetMACE_v1004\setMACE.au3,False,False,False,False,0,False,False,False,False,False,False,False,True,False,False,False,False,False,False,False,False,False,False,10,11,True,True,False,False,False,False,False,False,False,False,False,False,False,True,False,False,False,1,2.185157848656285e-05,0.002185157848656285,False,<50%
setmace.exe,,,,,,,,,,,,,,12/28/23 1:09:13,1736306776,setMACE.exe,\Users\blueangel\AppData\Local\Temp\vmware-blueangel\VMwareDnD\58b0b6df\SetMACE_v1004\setMACE.exe,Basic_Info_Changed,Normal,Archive,,0x000400000000C2AA,0x0028000000003805,,,,0,4,False,True,0.5,False,setMACE.exe,\Users\blueangel\AppData\Local\Temp\vmware-blueangel\VMwareDnD\58b0b6df\SetMACE_v1004\setMACE.exe,False,False,False,False,0,False,False,False,False,False,False,False,True,False,False,False,False,False,True,False,False,False,False,10,11,True,True,False,False,False,False,False,False,False,False,False,False,False,True,False,False,False,1,2.185157848656285e-05,0.002185157848656285,False,<50%
setmace_si_mace_copy_manipulation.dll,10588363482.0,12/31/23 1:21:10,Time Reversal Event,CreationTime : 2023-12-31 01:15:49 -> 2023-12-25 16:22:59(same as wabimp.dll)/ ModifiedTime : 2023-12-31 01:15:50 -> 2023-12-25 16:22:59(same as wabimp.dll)/ MFTModifiedTime : 2023-12-31 01:15:50 -> 2023-12-25 16:34:25(same as wabimp.dll)/ AccessedTime : 2023-12-31 01:15:50 -> 2023-12-25 16:34:25(same as wabimp.dll),SetMACE_SI_MACE_Copy_Manipulation.dll,\Program Files\Windows Mail\SetMACE_SI_MACE_Copy_Manipulation.dll,,,,,Update Resident Value,0xDF9,4.0,12/31/23 1:21:10,1754633104,SetMACE_SI_MACE_Copy_Manipulation.dll,\Program Files\Windows Mail\SetMACE_SI_MACE_Copy_Manipulation.dll,Basic_Info_Changed,Normal,Archive,,0x001F0000000037E6,0x000100000000009C,,,,2,2,True,True,1.0,False,SetMACE_SI_MACE_Copy_Manipulation.dll,\Program Files\Windows Mail\SetMACE_SI_MACE_Copy_Manipulation.dll,False,False,False,False,0,True,False,True,True,True,True,False,True,False,False,False,False,False,True,False,False,False,True,3,37,False,True,False,False,False,True,True,True,True,True,True,False,False,False,True,True,False,3,0.9998306826038628,99.98306826038628,True,90-100%
setmace_v1004,,,,,,,,,,,,,,12/28/23 1:09:13,1736307432,SetMACE_v1004,\Users\blueangel\AppData\Local\Temp\vmware-blueangel\VMwareDnD\58b0b6df\SetMACE_v1004,Basic_Info_Changed,Normal,Directory,,0x0028000000003805,0x0056000000007D6C,,,,0,4,False,True,0.5,False,SetMACE_v1004,\Users\blueangel\AppData\Local\Temp\vmware-blueangel\VMwareDnD\58b0b6df\SetMACE_v1004,False,False,False,False,0,False,False,False,False,False,False,False,True,False,False,False,False,False,False,False,False,False,False,9,13,True,False,False,False,False,False,False,False,False,False,False,False,False,True,False,False,False,1,2.185157848656285e-05,0.002185157848656285,False,<50%
setmace_x64.exe,,,,,,,,,,,,,,12/28/23 1:09:13,1736307240,setMACE_x64.exe,\Users\blueangel\AppData\Local\Temp\vmware-blueangel\VMwareDnD\58b0b6df\SetMACE_v1004\setMACE_x64.exe,Basic_Info_Changed,Normal,Archive,,0x000300000000C33B,0x0028000000003805,,,,0,4,False,True,0.5,False,setMACE_x64.exe,\Users\blueangel\AppData\Local\Temp\vmware-blueangel\VMwareDnD\58b0b6df\SetMACE_v1004\setMACE_x64.exe,False,False,False,False,0,False,False,False,False,False,False,False,True,False,False,False,False,False,True,False,False,False,False,10,15,True,True,False,False,False,False,False,False,False,False,False,False,False,True,False,False,False,1,2.185157848656285e-05,0.002185157848656285,False,<50%
settings.dat,,,,,,,,,,,,,,12/27/23 7:32:11,1723441656,settings.dat,\Users\blueangel\AppData\Local\Packages\Microsoft.MicrosoftOfficeHub_8wekyb3d8bbwe\Settings\settings.dat,Basic_Info_Changed / Data_Overwritten,Normal,Archive,,0x000100000001B4F4,0x000100000001B4EE,,,,0,165,False,True,0.5,False,settings.dat,\Users\blueangel\AppData\Local\Packages\Microsoft.MicrosoftOfficeHub_8wekyb3d8bbwe\Settings\settings.dat,False,False,False,False,0,False,False,False,False,False,False,False,True,False,False,False,False,False,False,False,False,False,False,8,12,True,True,False,False,False,False,False,False,False,False,False,False,False,False,False,False,False,1,2.187755151986522e-05,0.002187755151986522,False,<50%
setup.exe,,,,,,,,,,,,,,12/28/23 9:23:47,1742865008,setup.exe,\Users\blueangel\AppData\Local\Temp\RarSFX1\setup.exe,File_Created / Basic_Info_Changed / Data_Added / Data_Overwritten,Normal,Archive,,0x000200000000C596,0x000500000000C581,,,,0,2,False,True,0.5,False,setup.exe,\Users\blueangel\AppData\Local\Temp\RarSFX1\setup.exe,False,False,False,False,0,False,False,False,False,False,False,False,True,False,False,False,False,False,True,False,False,False,False,7,9,True,True,False,False,False,False,False,False,False,False,False,False,False,True,False,False,False,1,2.158464877656569e-05,0.002158464877656569,False,<50%
setupplatformprovider.dll,,,,,,,,,,,,,,12/27/23 16:33:46,1730534288,SetupPlatformProvider.dll,,File_Created / Basic_Info_Changed / Data_Added / Data_Overwritten / Extended_Attr_Changed / Access_Right_Changed,Normal,Archive,,0x000200000000C28A,0x000200000000C22F,,,,0,12,False,True,0.5,False,SetupPlatformProvider.dll,,False,False,False,False,0,False,False,False,False,False,False,False,True,False,False,False,False,False,True,False,False,False,True,0,25,False,True,False,False,False,False,False,False,False,False,False,False,False,False,False,False,False,1,2.1877934654115063e-05,0.002187793465411506,False,<50%
setupplatformprovider.dll.mui,,,,,,,,,,,,,,12/27/23 16:33:46,1730509624,SetupPlatformProvider.dll.mui,,File_Created / Basic_Info_Changed / Data_Added / Data_Overwritten / Access_Right_Changed,Normal,Archive,,0x000200000000C245,0x000200000000C239,,,,0,24,False,True,0.5,False,SetupPlatformProvider.dll.mui,,False,False,False,False,0,False,False,False,False,False,False,False,True,False,False,False,False,False,False,False,False,False,False,0,29,False,True,False,False,False,False,False,False,False,False,False,False,False,False,False,False,False,1,2.187793462899479e-05,0.002187793462899479,False,<50%
shortcuts_log.ini,,,,,,,,,,,,,,12/27/23 3:39:31,1720451440,shortcuts_log.ini,\Program Files\Mozilla Firefox\uninstall\shortcuts_log.ini,File_Created / Basic_Info_Changed / Data_Added / Data_Overwritten,Normal,Archive,,0x000200000000C0FE,0x000200000000C0FB,,,,0,2,False,True,0.5,False,shortcuts_log.ini,\Program Files\Mozilla Firefox\uninstall\shortcuts_log.ini,False,False,False,False,0,False,False,False,False,False,False,False,True,False,False,False,False,False,False,False,False,False,False,4,17,False,True,False,False,False,False,False,False,False,False,False,False,False,False,False,True,False,1,2.1877629953385047e-05,0.0021877629953385045,False,<50%
shs-12282023-102235-7-7f-19041.1.amd64fre.vb_release.191206-1406.etl,,,,,,,,,,,,,,12/28/23 9:22:35,1742582648,SHS-12282023-102235-7-7f-19041.1.amd64fre.vb_release.191206-1406.etl,\ProgramData\Microsoft\Windows Security Health\Logs\SHS-12282023-102235-7-7f-19041.1.amd64fre.vb_release.191206-1406.etl,File_Created / Basic_Info_Changed,Normal,Not_Content_Indexed,,0x0014000000002F39,0x0001000000000618,,,,0,3,False,True,0.5,False,SHS-12282023-102235-7-7f-19041.1.amd64fre.vb_release.191206-1406.etl,\ProgramData\Microsoft\Windows Security Health\Logs\SHS-12282023-102235-7-7f-19041.1.amd64fre.vb_release.191206-1406.etl,False,False,False,False,0,False,False,False,False,False,False,False,True,False,False,False,False,False,False,False,False,False,False,5,68,True,True,False,False,False,False,False,False,False,False,False,False,False,False,True,False,False,1,2.1897890037315046e-05,0.0021897890037315044,False,<50%
shutdownperfdiaglogger.etl,,,,,,,,,,,,,,12/28/23 8:51:06,1742185136,ShutdownPerfDiagLogger.etl,\Windows\System32\WDI\LogFiles\ShutdownPerfDiagLogger.etl,Basic_Info_Changed / Data_Truncated,Normal,Not_Content_Indexed,,0x000200000001AD55,0x000100000000123D,,,,0,4,False,True,0.5,False,ShutdownPerfDiagLogger.etl,\Windows\System32\WDI\LogFiles\ShutdownPerfDiagLogger.etl,False,False,False,False,0,False,False,False,False,False,False,False,True,False,False,False,False,False,False,False,False,False,False,5,26,False,True,False,False,False,False,False,False,False,False,False,False,False,False,True,False,False,1,2.187762658518503e-05,0.002187762658518503,False,<50%
sih.20231221.155641.689.1.etl,,,,,,,,,,,,,,12/28/23 17:21:55,1749756312,SIH.20231221.155641.689.1.etl,\Windows\Logs\SIH\SIH.20231221.155641.689.1.etl,Basic_Info_Changed / Content_Indexed_Attr_Changed,Normal,Normal,,0x000D00000002E1DE,0x000400000001A943,,,,0,2,False,True,0.5,False,SIH.20231221.155641.689.1.etl,\Windows\Logs\SIH\SIH.20231221.155641.689.1.etl,False,False,False,False,0,False,False,False,False,False,False,False,True,False,False,False,False,False,False,False,False,False,False,4,29,False,True,False,False,False,False,False,False,False,False,False,False,False,False,True,False,False,1,2.187762651145167e-05,0.002187762651145167,False,<50%
sih.20231222.154729.335.1.etl,,,,,,,,,,,,,,12/31/23 1:20:21,1754581656,SIH.20231222.154729.335.1.etl,\Windows\Logs\SIH\SIH.20231222.154729.335.1.etl,Basic_Info_Changed / Content_Indexed_Attr_Changed,Normal,Normal,,0x002600000002E280,0x000400000001A943,,,,0,2,False,True,0.5,False,SIH.20231222.154729.335.1.etl,\Windows\Logs\SIH\SIH.20231222.154729.335.1.etl,False,False,False,False,0,False,False,False,False,False,False,False,True,False,False,False,False,False,False,False,False,False,False,4,29,False,True,False,False,False,False,False,False,False,False,False,False,False,False,True,False,False,1,2.187762651145167e-05,0.002187762651145167,False,<50%
sih.20231227.185029.416.1.etl,,,,,,,,,,,,,,12/27/23 17:50:29,1731592808,SIH.20231227.185029.416.1.etl,\Windows\Logs\SIH\SIH.20231227.185029.416.1.etl,File_Created / Basic_Info_Changed / Content_Indexed_Attr_Changed,Normal,Not_Content_Indexed,,0x005400000000C24D,0x000400000001A943,,,,0,4,False,True,0.5,False,SIH.20231227.185029.416.1.etl,\Windows\Logs\SIH\SIH.20231227.185029.416.1.etl,False,False,False,False,0,False,False,False,False,False,False,False,True,False,False,False,False,False,False,False,False,False,False,4,29,False,True,False,False,False,False,False,False,False,False,False,False,False,False,True,False,False,1,2.187762651145167e-05,0.002187762651145167,False,<50%
sih.20231231.022020.964.1.etl,,,,,,,,,,,,,,12/31/23 1:20:20,1754574040,SIH.20231231.022020.964.1.etl,\Windows\Logs\SIH\SIH.20231231.022020.964.1.etl,File_Created / Basic_Info_Changed / Content_Indexed_Attr_Changed,Normal,Not_Content_Indexed,,0x000500000000C9DF,0x000400000001A943,,,,0,4,False,True,0.5,False,SIH.20231231.022020.964.1.etl,\Windows\Logs\SIH\SIH.20231231.022020.964.1.etl,False,False,False,False,0,False,False,False,False,False,False,False,True,False,False,False,False,False,False,False,False,False,False,4,29,False,True,False,False,False,False,False,False,False,False,False,False,False,False,True,False,False,1,2.187762651145167e-05,0.002187762651145167,False,<50%
smiprovider.dll,,,,,,,,,,,,,,12/27/23 16:33:46,1730535056,SmiProvider.dll,,File_Created / Basic_Info_Changed / Data_Added / Data_Overwritten / Extended_Attr_Changed / Access_Right_Changed,Normal,Archive,,0x000200000000C28B,0x000200000000C22F,,,,0,12,False,True,0.5,False,SmiProvider.dll,,False,False,False,False,0,False,False,False,False,False,False,False,True,False,False,False,False,False,True,False,False,False,True,0,15,False,True,False,False,False,False,False,False,False,False,False,False,False,False,False,False,False,1,2.1877934654115063e-05,0.002187793465411506,False,<50%
smiprovider.dll.mui,,,,,,,,,,,,,,12/27/23 16:33:46,1730527888,SmiProvider.dll.mui,,File_Created / Basic_Info_Changed / Data_Added / Data_Overwritten / Access_Right_Changed,Normal,Archive,,0x000200000000C271,0x000200000000C24F,,,,0,12,False,True,0.5,False,SmiProvider.dll.mui,,False,False,False,False,0,False,False,False,False,False,False,False,True,False,False,False,False,False,False,False,False,False,False,0,19,False,True,False,False,False,False,False,False,False,False,False,False,False,False,False,False,False,1,2.187793462899479e-05,0.002187793462899479,False,<50%
snapshot.etl,,,,,,,,,,,,,,12/28/23 9:23:41,1742848000,snapshot.etl,\Windows\System32\WDI\{86432a0b-3c7d-4ddf-a89c-172faa90485d}\{8149daff-ad35-47c3-a2b2-9dc23aebaa3a}\snapshot.etl,File_Created / Basic_Info_Changed / Data_Added / Data_Overwritten,Normal,Archive,,0x000300000000C580,0x00050000000031EA,,,,0,2,False,True,0.5,False,snapshot.etl,\Windows\System32\WDI\{86432a0b-3c7d-4ddf-a89c-172faa90485d}\{8149daff-ad35-47c3-a2b2-9dc23aebaa3a}\snapshot.etl,False,False,False,False,0,False,False,False,False,False,False,False,True,False,False,False,False,False,False,False,False,False,False,6,12,False,True,False,False,False,False,False,False,False,False,False,False,False,False,True,False,False,1,2.1877591208243722e-05,0.0021877591208243723,False,<50%
softokn3.dll,,,,,,,,,,,,,,12/27/23 3:39:31,1720449936,softokn3.dll,\Program Files\Mozilla Firefox\softokn3.dll,File_Created / Basic_Info_Changed / Data_Added / Data_Overwritten,Normal,Archive,,0x000200000000C0F8,0x012600000000389E,,,,0,2,False,True,0.5,False,softokn3.dll,\Program Files\Mozilla Firefox\softokn3.dll,False,False,False,False,0,False,False,False,False,False,False,False,True,False,False,False,False,False,True,False,False,False,True,3,12,False,True,False,False,False,False,False,False,False,False,False,False,False,False,False,True,False,1,2.187794344483858e-05,0.002187794344483858,False,<50%
software,,,,,,,,,,,,,,12/28/23 8:51:19,1742267344,SOFTWARE,\Windows\System32\config\SOFTWARE,Basic_Info_Changed / Data_Overwritten,Normal,Archive,,0x0001000000019601,0x0001000000000E5D,,,,0,6,False,True,0.5,False,SOFTWARE,\Windows\System32\config\SOFTWARE,False,False,False,False,0,False,False,False,False,False,False,False,True,False,False,False,False,False,False,False,False,False,False,4,8,False,False,False,False,False,False,False,False,False,False,False,False,False,False,True,False,False,1,2.187762651145167e-05,0.002187762651145167,False,<50%
syncengine-2023-12-26.1811.8676.6.aodl,,,,,,,,,,,,,,12/27/23 3:03:48,1719948128,SyncEngine-2023-12-26.1811.8676.6.aodl,\Users\blueangel\AppData\Local\Microsoft\OneDrive\logs\Personal\SyncEngine-2023-12-26.1811.8676.6.aodl,File_Created / Basic_Info_Changed / Data_Added,Normal,Archive / Compressed,,0x0041000000001BD7,0x000100000001AB1B,,,,0,2,False,True,0.5,False,SyncEngine-2023-12-26.1811.8676.6.aodl,\Users\blueangel\AppData\Local\Microsoft\OneDrive\logs\Personal\SyncEngine-2023-12-26.1811.8676.6.aodl,False,False,False,False,0,False,False,False,False,False,False,False,True,False,False,False,False,False,False,False,False,False,False,9,38,True,True,False,False,False,False,False,False,False,False,False,False,False,False,False,False,False,1,2.1898138073925485e-05,0.0021898138073925483,False,<50%
syncengine-2023-12-26.1903.8676.7.aodl,,,,,,,,,,,,,,12/27/23 3:56:53,1720727520,SyncEngine-2023-12-26.1903.8676.7.aodl,\Users\blueangel\AppData\Local\Microsoft\OneDrive\logs\Personal\SyncEngine-2023-12-26.1903.8676.7.aodl,File_Created / Basic_Info_Changed / Data_Added,Normal,Archive / Compressed,,0x003D000000000187,0x000100000001AB1B,,,,0,2,False,True,0.5,False,SyncEngine-2023-12-26.1903.8676.7.aodl,\Users\blueangel\AppData\Local\Microsoft\OneDrive\logs\Personal\SyncEngine-2023-12-26.1903.8676.7.aodl,False,False,False,False,0,False,False,False,False,False,False,False,True,False,False,False,False,False,False,False,False,False,False,9,38,True,True,False,False,False,False,False,False,False,False,False,False,False,False,False,False,False,1,2.1898138073925485e-05,0.0021898138073925483,False,<50%
syncengine-2023-12-26.1956.8676.8.aodl,,,,,,,,,,,,,,12/27/23 4:49:58,1721402784,SyncEngine-2023-12-26.1956.8676.8.aodl,\Users\blueangel\AppData\Local\Microsoft\OneDrive\logs\Personal\SyncEngine-2023-12-26.1956.8676.8.aodl,File_Created / Basic_Info_Changed / Data_Added,Normal,Archive / Compressed,,0x00400000000020FF,0x000100000001AB1B,,,,0,2,False,True,0.5,False,SyncEngine-2023-12-26.1956.8676.8.aodl,\Users\blueangel\AppData\Local\Microsoft\OneDrive\logs\Personal\SyncEngine-2023-12-26.1956.8676.8.aodl,False,False,False,False,0,False,False,False,False,False,False,False,True,False,False,False,False,False,False,False,False,False,False,9,38,True,True,False,False,False,False,False,False,False,False,False,False,False,False,False,False,False,1,2.1898138073925485e-05,0.0021898138073925483,False,<50%
syncengine-2023-12-26.2049.8676.9.aodl,,,,,,,,,,,,,,12/27/23 5:43:03,1722069712,SyncEngine-2023-12-26.2049.8676.9.aodl,\Users\blueangel\AppData\Local\Microsoft\OneDrive\logs\Personal\SyncEngine-2023-12-26.2049.8676.9.aodl,File_Created / Basic_Info_Changed / Data_Added,Normal,Archive / Compressed,,0x004A00000000C0F0,0x000100000001AB1B,,,,0,2,False,True,0.5,False,SyncEngine-2023-12-26.2049.8676.9.aodl,\Users\blueangel\AppData\Local\Microsoft\OneDrive\logs\Personal\SyncEngine-2023-12-26.2049.8676.9.aodl,False,False,False,False,0,False,False,False,False,False,False,False,True,False,False,False,False,False,False,False,False,False,False,9,38,True,True,False,False,False,False,False,False,False,False,False,False,False,False,False,False,False,1,2.1898138073925485e-05,0.0021898138073925483,False,<50%
syncengine-2023-12-26.2143.8676.10.aodl,,,,,,,,,,,,,,12/27/23 6:36:09,1722733264,SyncEngine-2023-12-26.2143.8676.10.aodl,\Users\blueangel\AppData\Local\Microsoft\OneDrive\logs\Personal\SyncEngine-2023-12-26.2143.8676.10.aodl,File_Created / Basic_Info_Changed / Data_Added,Normal,Archive / Compressed,,0x002D00000000C103,0x000100000001AB1B,,,,0,2,False,True,0.5,False,SyncEngine-2023-12-26.2143.8676.10.aodl,\Users\blueangel\AppData\Local\Microsoft\OneDrive\logs\Personal\SyncEngine-2023-12-26.2143.8676.10.aodl,False,False,False,False,0,False,False,False,False,False,False,False,True,False,False,False,False,False,False,False,False,False,False,9,39,True,True,False,False,False,False,False,False,False,False,False,False,False,False,False,False,False,1,2.1898138073925485e-05,0.0021898138073925483,False,<50%
syncengine-2023-12-26.2236.8676.11.aodl,,,,,,,,,,,,,,12/27/23 7:29:14,1723397392,SyncEngine-2023-12-26.2236.8676.11.aodl,\Users\blueangel\AppData\Local\Microsoft\OneDrive\logs\Personal\SyncEngine-2023-12-26.2236.8676.11.aodl,File_Created / Basic_Info_Changed / Data_Added,Normal,Archive / Compressed,,0x004B00000000B962,0x000100000001AB1B,,,,0,2,False,True,0.5,False,SyncEngine-2023-12-26.2236.8676.11.aodl,\Users\blueangel\AppData\Local\Microsoft\OneDrive\logs\Personal\SyncEngine-2023-12-26.2236.8676.11.aodl,False,False,False,False,0,False,False,False,False,False,False,False,True,False,False,False,False,False,False,False,False,False,False,9,39,True,True,False,False,False,False,False,False,False,False,False,False,False,False,False,False,False,1,2.1898138073925485e-05,0.0021898138073925483,False,<50%
syncengine-2023-12-26.2329.8676.12.aodl,,,,,,,,,,,,,,12/27/23 8:21:19,1724079632,SyncEngine-2023-12-26.2329.8676.12.aodl,\Users\blueangel\AppData\Local\Microsoft\OneDrive\logs\Personal\SyncEngine-2023-12-26.2329.8676.12.aodl,File_Created / Basic_Info_Changed / Data_Added,Normal,Archive / Compressed,,0x00AC00000000C111,0x000100000001AB1B,,,,0,2,False,True,0.5,False,SyncEngine-2023-12-26.2329.8676.12.aodl,\Users\blueangel\AppData\Local\Microsoft\OneDrive\logs\Personal\SyncEngine-2023-12-26.2329.8676.12.aodl,False,False,False,False,0,False,False,False,False,False,False,False,True,False,False,False,False,False,False,False,False,False,False,9,39,True,True,False,False,False,False,False,False,False,False,False,False,False,False,False,False,False,1,2.1898138073925485e-05,0.0021898138073925483,False,<50%
syncengine-2023-12-27.0021.8676.13.aodl,,,,,,,,,,,,,,12/27/23 9:14:25,1724770552,SyncEngine-2023-12-27.0021.8676.13.aodl,\Users\blueangel\AppData\Local\Microsoft\OneDrive\logs\Personal\SyncEngine-2023-12-27.0021.8676.13.aodl,File_Created / Basic_Info_Changed / Data_Added,Normal,Archive / Compressed,,0x020600000000031C,0x000100000001AB1B,,,,0,2,False,True,0.5,False,SyncEngine-2023-12-27.0021.8676.13.aodl,\Users\blueangel\AppData\Local\Microsoft\OneDrive\logs\Personal\SyncEngine-2023-12-27.0021.8676.13.aodl,False,False,False,False,0,False,False,False,False,False,False,False,True,False,False,False,False,False,False,False,False,False,False,9,39,True,True,False,False,False,False,False,False,False,False,False,False,False,False,False,False,False,1,2.1898138073925485e-05,0.0021898138073925483,False,<50%
syncengine-2023-12-27.0114.8676.14.aodl,,,,,,,,,,,,,,12/27/23 10:06:30,1725426536,SyncEngine-2023-12-27.0114.8676.14.aodl,\Users\blueangel\AppData\Local\Microsoft\OneDrive\logs\Personal\SyncEngine-2023-12-27.0114.8676.14.aodl,File_Created / Basic_Info_Changed / Data_Added,Normal,Archive / Compressed,,0x00810000000020FF,0x000100000001AB1B,,,,0,2,False,True,0.5,False,SyncEngine-2023-12-27.0114.8676.14.aodl,\Users\blueangel\AppData\Local\Microsoft\OneDrive\logs\Personal\SyncEngine-2023-12-27.0114.8676.14.aodl,False,False,False,False,0,False,False,False,False,False,False,False,True,False,False,False,False,False,False,False,False,False,False,9,39,True,True,False,False,False,False,False,False,False,False,False,False,False,False,False,False,False,1,2.1898138073925485e-05,0.0021898138073925483,False,<50%
syncengine-2023-12-27.0206.8676.15.aodl,,,,,,,,,,,,,,12/27/23 10:58:35,1726174624,SyncEngine-2023-12-27.0206.8676.15.aodl,\Users\blueangel\AppData\Local\Microsoft\OneDrive\logs\Personal\SyncEngine-2023-12-27.0206.8676.15.aodl,File_Created / Basic_Info_Changed / Data_Added,Normal,Archive / Compressed,,0x004500000000C169,0x000100000001AB1B,,,,0,2,False,True,0.5,False,SyncEngine-2023-12-27.0206.8676.15.aodl,\Users\blueangel\AppData\Local\Microsoft\OneDrive\logs\Personal\SyncEngine-2023-12-27.0206.8676.15.aodl,False,False,False,False,0,False,False,False,False,False,False,False,True,False,False,False,False,False,False,False,False,False,False,9,39,True,True,False,False,False,False,False,False,False,False,False,False,False,False,False,False,False,1,2.1898138073925485e-05,0.0021898138073925483,False,<50%
syncengine-2023-12-27.0258.8676.16.aodl,,,,,,,,,,,,,,12/27/23 11:51:40,1726880704,SyncEngine-2023-12-27.0258.8676.16.aodl,\Users\blueangel\AppData\Local\Microsoft\OneDrive\logs\Personal\SyncEngine-2023-12-27.0258.8676.16.aodl,File_Created / Basic_Info_Changed / Data_Added,Normal,Archive / Compressed,,0x003C00000000C196,0x000100000001AB1B,,,,0,2,False,True,0.5,False,SyncEngine-2023-12-27.0258.8676.16.aodl,\Users\blueangel\AppData\Local\Microsoft\OneDrive\logs\Personal\SyncEngine-2023-12-27.0258.8676.16.aodl,False,False,False,False,0,False,False,False,False,False,False,False,True,False,False,False,False,False,False,False,False,False,False,9,39,True,True,False,False,False,False,False,False,False,False,False,False,False,False,False,False,False,1,2.1898138073925485e-05,0.0021898138073925483,False,<50%
syncengine-2023-12-27.0351.8676.17.aodl,,,,,,,,,,,,,,12/27/23 12:44:45,1727581712,SyncEngine-2023-12-27.0351.8676.17.aodl,\Users\blueangel\AppData\Local\Microsoft\OneDrive\logs\Personal\SyncEngine-2023-12-27.0351.8676.17.aodl,File_Created / Basic_Info_Changed / Data_Added,Normal,Archive / Compressed,,0x003600000000C1CF,0x000100000001AB1B,,,,0,2,False,True,0.5,False,SyncEngine-2023-12-27.0351.8676.17.aodl,\Users\blueangel\AppData\Local\Microsoft\OneDrive\logs\Personal\SyncEngine-2023-12-27.0351.8676.17.aodl,False,False,False,False,0,False,False,False,False,False,False,False,True,False,False,False,False,False,False,False,False,False,False,9,39,True,True,False,False,False,False,False,False,False,False,False,False,False,False,False,False,False,1,2.1898138073925485e-05,0.0021898138073925483,False,<50%
syncengine-2023-12-27.0444.8676.18.aodl,,,,,,,,,,,,,,12/27/23 13:37:50,1728256704,SyncEngine-2023-12-27.0444.8676.18.aodl,\Users\blueangel\AppData\Local\Microsoft\OneDrive\logs\Personal\SyncEngine-2023-12-27.0444.8676.18.aodl,File_Created / Basic_Info_Changed / Data_Added,Normal,Archive / Compressed,,0x001C00000000C13B,0x000100000001AB1B,,,,0,2,False,True,0.5,False,SyncEngine-2023-12-27.0444.8676.18.aodl,\Users\blueangel\AppData\Local\Microsoft\OneDrive\logs\Personal\SyncEngine-2023-12-27.0444.8676.18.aodl,False,False,False,False,0,False,False,False,False,False,False,False,True,False,False,False,False,False,False,False,False,False,False,9,39,True,True,False,False,False,False,False,False,False,False,False,False,False,False,False,False,False,1,2.1898138073925485e-05,0.0021898138073925483,False,<50%
syncengine-2023-12-27.0537.8676.19.aodl,,,,,,,,,,,,,,12/27/23 14:29:55,1728903424,SyncEngine-2023-12-27.0537.8676.19.aodl,\Users\blueangel\AppData\Local\Microsoft\OneDrive\logs\Personal\SyncEngine-2023-12-27.0537.8676.19.aodl,File_Created / Basic_Info_Changed / Data_Added,Normal,Archive / Compressed,,0x000600000000C1E8,0x000100000001AB1B,,,,0,2,False,True,0.5,False,SyncEngine-2023-12-27.0537.8676.19.aodl,\Users\blueangel\AppData\Local\Microsoft\OneDrive\logs\Personal\SyncEngine-2023-12-27.0537.8676.19.aodl,False,False,False,False,0,False,False,False,False,False,False,False,True,False,False,False,False,False,False,False,False,False,False,9,39,True,True,False,False,False,False,False,False,False,False,False,False,False,False,False,False,False,1,2.1898138073925485e-05,0.0021898138073925483,False,<50%
syncengine-2023-12-27.0629.8676.20.aodl,,,,,,,,,,,,,,12/27/23 15:23:00,1729584208,SyncEngine-2023-12-27.0629.8676.20.aodl,\Users\blueangel\AppData\Local\Microsoft\OneDrive\logs\Personal\SyncEngine-2023-12-27.0629.8676.20.aodl,File_Created / Basic_Info_Changed / Data_Added,Normal,Archive / Compressed,,0x00E100000000C1F2,0x000100000001AB1B,,,,0,2,False,True,0.5,False,SyncEngine-2023-12-27.0629.8676.20.aodl,\Users\blueangel\AppData\Local\Microsoft\OneDrive\logs\Personal\SyncEngine-2023-12-27.0629.8676.20.aodl,False,False,False,False,0,False,False,False,False,False,False,False,True,False,False,False,False,False,False,False,False,False,False,9,39,True,True,False,False,False,False,False,False,False,False,False,False,False,False,False,False,False,1,2.1898138073925485e-05,0.0021898138073925483,False,<50%
syncengine-2023-12-27.0723.8676.21.aodl,,,,,,,,,,,,,,12/27/23 16:16:05,1730267336,SyncEngine-2023-12-27.0723.8676.21.aodl,\Users\blueangel\AppData\Local\Microsoft\OneDrive\logs\Personal\SyncEngine-2023-12-27.0723.8676.21.aodl,File_Created / Basic_Info_Changed / Data_Added,Normal,Archive / Compressed,,0x04A9000000000258,0x000100000001AB1B,,,,0,2,False,True,0.5,False,SyncEngine-2023-12-27.0723.8676.21.aodl,\Users\blueangel\AppData\Local\Microsoft\OneDrive\logs\Personal\SyncEngine-2023-12-27.0723.8676.21.aodl,False,False,False,False,0,False,False,False,False,False,False,False,True,False,False,False,False,False,False,False,False,False,False,9,39,True,True,False,False,False,False,False,False,False,False,False,False,False,False,False,False,False,1,2.1898138073925485e-05,0.0021898138073925483,False,<50%
syncengine-2023-12-27.0816.8676.22.aodl,,,,,,,,,,,,,,12/27/23 17:09:10,1731032624,SyncEngine-2023-12-27.0816.8676.22.aodl,\Users\blueangel\AppData\Local\Microsoft\OneDrive\logs\Personal\SyncEngine-2023-12-27.0816.8676.22.aodl,File_Created / Basic_Info_Changed / Data_Added,Normal,Archive / Compressed,,0x003000000000C1AB,0x000100000001AB1B,,,,0,2,False,True,0.5,False,SyncEngine-2023-12-27.0816.8676.22.aodl,\Users\blueangel\AppData\Local\Microsoft\OneDrive\logs\Personal\SyncEngine-2023-12-27.0816.8676.22.aodl,False,False,False,False,0,False,False,False,False,False,False,False,True,False,False,False,False,False,False,False,False,False,False,9,39,True,True,False,False,False,False,False,False,False,False,False,False,False,False,False,False,False,1,2.1898138073925485e-05,0.0021898138073925483,False,<50%
syncengine-2023-12-27.0909.8676.23.aodl,,,,,,,,,,,,,,12/27/23 18:02:15,1731739152,SyncEngine-2023-12-27.0909.8676.23.aodl,\Users\blueangel\AppData\Local\Microsoft\OneDrive\logs\Personal\SyncEngine-2023-12-27.0909.8676.23.aodl,File_Created / Basic_Info_Changed / Data_Added,Normal,Archive / Compressed,,0x004500000000C239,0x000100000001AB1B,,,,0,2,False,True,0.5,False,SyncEngine-2023-12-27.0909.8676.23.aodl,\Users\blueangel\AppData\Local\Microsoft\OneDrive\logs\Personal\SyncEngine-2023-12-27.0909.8676.23.aodl,False,False,False,False,0,False,False,False,False,False,False,False,True,False,False,False,False,False,False,False,False,False,False,9,39,True,True,False,False,False,False,False,False,False,False,False,False,False,False,False,False,False,1,2.1898138073925485e-05,0.0021898138073925483,False,<50%
syncengine-2023-12-27.1002.8676.24.aodl,,,,,,,,,,,,,,12/27/23 18:54:21,1732406808,SyncEngine-2023-12-27.1002.8676.24.aodl,\Users\blueangel\AppData\Local\Microsoft\OneDrive\logs\Personal\SyncEngine-2023-12-27.1002.8676.24.aodl,File_Created / Basic_Info_Changed / Data_Added,Normal,Archive / Compressed,,0x00FF000000002048,0x000100000001AB1B,,,,0,2,False,True,0.5,False,SyncEngine-2023-12-27.1002.8676.24.aodl,\Users\blueangel\AppData\Local\Microsoft\OneDrive\logs\Personal\SyncEngine-2023-12-27.1002.8676.24.aodl,False,False,False,False,0,False,False,False,False,False,False,False,True,False,False,False,False,False,False,False,False,False,False,9,39,True,True,False,False,False,False,False,False,False,False,False,False,False,False,False,False,False,1,2.1898138073925485e-05,0.0021898138073925483,False,<50%
syncengine-2023-12-27.1054.8676.25.aodl,,,,,,,,,,,,,,12/27/23 19:47:26,1733087232,SyncEngine-2023-12-27.1054.8676.25.aodl,\Users\blueangel\AppData\Local\Microsoft\OneDrive\logs\Personal\SyncEngine-2023-12-27.1054.8676.25.aodl,File_Created / Basic_Info_Changed / Data_Added,Normal,Archive / Compressed,,0x002400000000C208,0x000100000001AB1B,,,,0,2,False,True,0.5,False,SyncEngine-2023-12-27.1054.8676.25.aodl,\Users\blueangel\AppData\Local\Microsoft\OneDrive\logs\Personal\SyncEngine-2023-12-27.1054.8676.25.aodl,False,False,False,False,0,False,False,False,False,False,False,False,True,False,False,False,False,False,False,False,False,False,False,9,39,True,True,False,False,False,False,False,False,False,False,False,False,False,False,False,False,False,1,2.1898138073925485e-05,0.0021898138073925483,False,<50%
syncengine-2023-12-27.1147.8676.26.aodl,,,,,,,,,,,,,,12/27/23 20:40:31,1733757248,SyncEngine-2023-12-27.1147.8676.26.aodl,\Users\blueangel\AppData\Local\Microsoft\OneDrive\logs\Personal\SyncEngine-2023-12-27.1147.8676.26.aodl,File_Created / Basic_Info_Changed / Data_Added,Normal,Archive / Compressed,,0x001F00000000C298,0x000100000001AB1B,,,,0,2,False,True,0.5,False,SyncEngine-2023-12-27.1147.8676.26.aodl,\Users\blueangel\AppData\Local\Microsoft\OneDrive\logs\Personal\SyncEngine-2023-12-27.1147.8676.26.aodl,False,False,False,False,0,False,False,False,False,False,False,False,True,False,False,False,False,False,False,False,False,False,False,9,39,True,True,False,False,False,False,False,False,False,False,False,False,False,False,False,False,False,1,2.1898138073925485e-05,0.0021898138073925483,False,<50%
syncengine-2023-12-27.1240.8676.27.aodl,,,,,,,,,,,,,,12/27/23 21:33:36,1734426200,SyncEngine-2023-12-27.1240.8676.27.aodl,\Users\blueangel\AppData\Local\Microsoft\OneDrive\logs\Personal\SyncEngine-2023-12-27.1240.8676.27.aodl,File_Created / Basic_Info_Changed / Data_Added,Normal,Archive / Compressed,,0x002A00000000C234,0x000100000001AB1B,,,,0,2,False,True,0.5,False,SyncEngine-2023-12-27.1240.8676.27.aodl,\Users\blueangel\AppData\Local\Microsoft\OneDrive\logs\Personal\SyncEngine-2023-12-27.1240.8676.27.aodl,False,False,False,False,0,False,False,False,False,False,False,False,True,False,False,False,False,False,False,False,False,False,False,9,39,True,True,False,False,False,False,False,False,False,False,False,False,False,False,False,False,False,1,2.1898138073925485e-05,0.0021898138073925483,False,<50%
syncengine-2023-12-27.1333.8676.28.aodl,,,,,,,,,,,,,,12/27/23 22:26:42,1735136080,SyncEngine-2023-12-27.1333.8676.28.aodl,\Users\blueangel\AppData\Local\Microsoft\OneDrive\logs\Personal\SyncEngine-2023-12-27.1333.8676.28.aodl,File_Created / Basic_Info_Changed / Data_Added,Normal,Archive / Compressed,,0x000900000000C246,0x000100000001AB1B,,,,0,2,False,True,0.5,False,SyncEngine-2023-12-27.1333.8676.28.aodl,\Users\blueangel\AppData\Local\Microsoft\OneDrive\logs\Personal\SyncEngine-2023-12-27.1333.8676.28.aodl,False,False,False,False,0,False,False,False,False,False,False,False,True,False,False,False,False,False,False,False,False,False,False,9,39,True,True,False,False,False,False,False,False,False,False,False,False,False,False,False,False,False,1,2.1898138073925485e-05,0.0021898138073925483,False,<50%
syncengine-2023-12-27.1426.8676.29.aodl,,,,,,,,,,,,,,12/27/23 23:19:47,1735804416,SyncEngine-2023-12-27.1426.8676.29.aodl,\Users\blueangel\AppData\Local\Microsoft\OneDrive\logs\Personal\SyncEngine-2023-12-27.1426.8676.29.aodl,File_Created / Basic_Info_Changed / Data_Added,Normal,Archive / Compressed,,0x002900000000C30D,0x000100000001AB1B,,,,0,2,False,True,0.5,False,SyncEngine-2023-12-27.1426.8676.29.aodl,\Users\blueangel\AppData\Local\Microsoft\OneDrive\logs\Personal\SyncEngine-2023-12-27.1426.8676.29.aodl,False,False,False,False,0,False,False,False,False,False,False,False,True,False,False,False,False,False,False,False,False,False,False,9,39,True,True,False,False,False,False,False,False,False,False,False,False,False,False,False,False,False,1,2.1898138073925485e-05,0.0021898138073925483,False,<50%
syncengine-2023-12-27.1519.8676.30.aodl,,,,,,,,,,,,,,12/28/23 1:31:46,1736599312,SyncEngine-2023-12-27.1519.8676.30.aodl,\Users\blueangel\AppData\Local\Microsoft\OneDrive\logs\Personal\SyncEngine-2023-12-27.1519.8676.30.aodl,File_Created / Basic_Info_Changed / Data_Added,Normal,Archive / Compressed,,0x002D00000000C294,0x000100000001AB1B,,,,0,2,False,True,0.5,False,SyncEngine-2023-12-27.1519.8676.30.aodl,\Users\blueangel\AppData\Local\Microsoft\OneDrive\logs\Personal\SyncEngine-2023-12-27.1519.8676.30.aodl,False,False,False,False,0,False,False,False,False,False,False,False,True,False,False,False,False,False,False,False,False,False,False,9,39,True,True,False,False,False,False,False,False,False,False,False,False,False,False,False,False,False,1,2.1898138073925485e-05,0.0021898138073925483,False,<50%
syncengine-2023-12-27.1731.8676.31.aodl,,,,,,,,,,,,,,12/28/23 2:24:51,1737274432,SyncEngine-2023-12-27.1731.8676.31.aodl,\Users\blueangel\AppData\Local\Microsoft\OneDrive\logs\Personal\SyncEngine-2023-12-27.1731.8676.31.aodl,File_Created / Basic_Info_Changed / Data_Added,Normal,Archive / Compressed,,0x001100000000C389,0x000100000001AB1B,,,,0,2,False,True,0.5,False,SyncEngine-2023-12-27.1731.8676.31.aodl,\Users\blueangel\AppData\Local\Microsoft\OneDrive\logs\Personal\SyncEngine-2023-12-27.1731.8676.31.aodl,False,False,False,False,0,False,False,False,False,False,False,False,True,False,False,False,False,False,False,False,False,False,False,9,39,True,True,False,False,False,False,False,False,False,False,False,False,False,False,False,False,False,1,2.1898138073925485e-05,0.0021898138073925483,False,<50%
syncengine-2023-12-27.1824.8676.32.aodl,,,,,,,,,,,,,,12/28/23 3:17:56,1737952208,SyncEngine-2023-12-27.1824.8676.32.aodl,\Users\blueangel\AppData\Local\Microsoft\OneDrive\logs\Personal\SyncEngine-2023-12-27.1824.8676.32.aodl,File_Created / Basic_Info_Changed / Data_Added,Normal,Archive / Compressed,,0x002A00000000C3AD,0x000100000001AB1B,,,,0,2,False,True,0.5,False,SyncEngine-2023-12-27.1824.8676.32.aodl,\Users\blueangel\AppData\Local\Microsoft\OneDrive\logs\Personal\SyncEngine-2023-12-27.1824.8676.32.aodl,False,False,False,False,0,False,False,False,False,False,False,False,True,False,False,False,False,False,False,False,False,False,False,9,39,True,True,False,False,False,False,False,False,False,False,False,False,False,False,False,False,False,1,2.1898138073925485e-05,0.0021898138073925483,False,<50%
syncengine-2023-12-27.1917.8676.33.aodl,,,,,,,,,,,,,,12/28/23 4:11:01,1738612096,SyncEngine-2023-12-27.1917.8676.33.aodl,\Users\blueangel\AppData\Local\Microsoft\OneDrive\logs\Personal\SyncEngine-2023-12-27.1917.8676.33.aodl,File_Created / Basic_Info_Changed / Data_Added,Normal,Archive / Compressed,,0x00AA00000000C2E3,0x000100000001AB1B,,,,0,2,False,True,0.5,False,SyncEngine-2023-12-27.1917.8676.33.aodl,\Users\blueangel\AppData\Local\Microsoft\OneDrive\logs\Personal\SyncEngine-2023-12-27.1917.8676.33.aodl,False,False,False,False,0,False,False,False,False,False,False,False,True,False,False,False,False,False,False,False,False,False,False,9,39,True,True,False,False,False,False,False,False,False,False,False,False,False,False,False,False,False,1,2.1898138073925485e-05,0.0021898138073925483,False,<50%
syncengine-2023-12-27.2011.8676.34.aodl,,,,,,,,,,,,,,12/28/23 5:04:07,1739264000,SyncEngine-2023-12-27.2011.8676.34.aodl,\Users\blueangel\AppData\Local\Microsoft\OneDrive\logs\Personal\SyncEngine-2023-12-27.2011.8676.34.aodl,File_Created / Basic_Info_Changed / Data_Added,Normal,Archive / Compressed,,0x000600000000C3DD,0x000100000001AB1B,,,,0,2,False,True,0.5,False,SyncEngine-2023-12-27.2011.8676.34.aodl,\Users\blueangel\AppData\Local\Microsoft\OneDrive\logs\Personal\SyncEngine-2023-12-27.2011.8676.34.aodl,False,False,False,False,0,False,False,False,False,False,False,False,True,False,False,False,False,False,False,False,False,False,False,9,39,True,True,False,False,False,False,False,False,False,False,False,False,False,False,False,False,False,1,2.1898138073925485e-05,0.0021898138073925483,False,<50%
syncengine-2023-12-27.2104.8676.35.aodl,,,,,,,,,,,,,,12/28/23 5:57:12,1739943312,SyncEngine-2023-12-27.2104.8676.35.aodl,\Users\blueangel\AppData\Local\Microsoft\OneDrive\logs\Personal\SyncEngine-2023-12-27.2104.8676.35.aodl,File_Created / Basic_Info_Changed / Data_Added,Normal,Archive / Compressed,,0x005C000000000187,0x000100000001AB1B,,,,0,2,False,True,0.5,False,SyncEngine-2023-12-27.2104.8676.35.aodl,\Users\blueangel\AppData\Local\Microsoft\OneDrive\logs\Personal\SyncEngine-2023-12-27.2104.8676.35.aodl,False,False,False,False,0,False,False,False,False,False,False,False,True,False,False,False,False,False,False,False,False,False,False,9,39,True,True,False,False,False,False,False,False,False,False,False,False,False,False,False,False,False,1,2.1898138073925485e-05,0.0021898138073925483,False,<50%
syncengine-2023-12-27.2157.8676.36.aodl,,,,,,,,,,,,,,12/28/23 6:50:17,1740610368,SyncEngine-2023-12-27.2157.8676.36.aodl,\Users\blueangel\AppData\Local\Microsoft\OneDrive\logs\Personal\SyncEngine-2023-12-27.2157.8676.36.aodl,File_Created / Basic_Info_Changed / Data_Added,Normal,Archive / Compressed,,0x001200000000C394,0x000100000001AB1B,,,,0,2,False,True,0.5,False,SyncEngine-2023-12-27.2157.8676.36.aodl,\Users\blueangel\AppData\Local\Microsoft\OneDrive\logs\Personal\SyncEngine-2023-12-27.2157.8676.36.aodl,False,False,False,False,0,False,False,False,False,False,False,False,True,False,False,False,False,False,False,False,False,False,False,9,39,True,True,False,False,False,False,False,False,False,False,False,False,False,False,False,False,False,1,2.1898138073925485e-05,0.0021898138073925483,False,<50%
syncengine-2023-12-27.2250.8676.37.aodl,,,,,,,,,,,,,,12/28/23 7:43:23,1741320624,SyncEngine-2023-12-27.2250.8676.37.aodl,\Users\blueangel\AppData\Local\Microsoft\OneDrive\logs\Personal\SyncEngine-2023-12-27.2250.8676.37.aodl,File_Created / Basic_Info_Changed / Data_Added,Normal,Archive / Compressed,,0x000800000000C426,0x000100000001AB1B,,,,0,2,False,True,0.5,False,SyncEngine-2023-12-27.2250.8676.37.aodl,\Users\blueangel\AppData\Local\Microsoft\OneDrive\logs\Personal\SyncEngine-2023-12-27.2250.8676.37.aodl,False,False,False,False,0,False,False,False,False,False,False,False,True,False,False,False,False,False,False,False,False,False,False,9,39,True,True,False,False,False,False,False,False,False,False,False,False,False,False,False,False,False,1,2.1898138073925485e-05,0.0021898138073925483,False,<50%
syncengine-2023-12-27.2343.8676.38.aodl,,,,,,,,,,,,,,12/28/23 8:35:27,1741982384,SyncEngine-2023-12-27.2343.8676.38.aodl,\Users\blueangel\AppData\Local\Microsoft\OneDrive\logs\Personal\SyncEngine-2023-12-27.2343.8676.38.aodl,File_Created / Basic_Info_Changed / Data_Added,Normal,Archive / Compressed,,0x003700000000C430,0x000100000001AB1B,,,,0,2,False,True,0.5,False,SyncEngine-2023-12-27.2343.8676.38.aodl,\Users\blueangel\AppData\Local\Microsoft\OneDrive\logs\Personal\SyncEngine-2023-12-27.2343.8676.38.aodl,False,False,False,False,0,False,False,False,False,False,False,False,True,False,False,False,False,False,False,False,False,False,False,9,39,True,True,False,False,False,False,False,False,False,False,False,False,False,False,False,False,False,1,2.1898138073925485e-05,0.0021898138073925483,False,<50%
syncengine-2023-12-28.0122.9548.1.aodl,,,,,,,,,,,,,,12/28/23 9:22:40,1742599104,SyncEngine-2023-12-28.0122.9548.1.aodl,\Users\blueangel\AppData\Local\Microsoft\OneDrive\logs\Personal\SyncEngine-2023-12-28.0122.9548.1.aodl,File_Created / Basic_Info_Changed / Data_Added,Normal,Archive / Compressed,,0x00050000000031EB,0x000100000001AB1B,,,,0,2,False,True,0.5,False,SyncEngine-2023-12-28.0122.9548.1.aodl,\Users\blueangel\AppData\Local\Microsoft\OneDrive\logs\Personal\SyncEngine-2023-12-28.0122.9548.1.aodl,False,False,False,False,0,False,False,False,False,False,False,False,True,False,False,False,False,False,False,False,False,False,False,9,38,True,True,False,False,False,False,False,False,False,False,False,False,False,False,False,False,False,1,2.1898138073925485e-05,0.0021898138073925483,False,<50%
syncengine-2023-12-28.0122.9548.2.aodl,,,,,,,,,,,,,,12/28/23 9:57:20,1743714928,SyncEngine-2023-12-28.0122.9548.2.aodl,\Users\blueangel\AppData\Local\Microsoft\OneDrive\logs\Personal\SyncEngine-2023-12-28.0122.9548.2.aodl,File_Created / Basic_Info_Changed / Data_Added,Normal,Archive / Compressed,,0x00060000000031EF,0x000100000001AB1B,,,,0,2,False,True,0.5,False,SyncEngine-2023-12-28.0122.9548.2.aodl,\Users\blueangel\AppData\Local\Microsoft\OneDrive\logs\Personal\SyncEngine-2023-12-28.0122.9548.2.aodl,False,False,False,False,0,False,False,False,False,False,False,False,True,False,False,False,False,False,False,False,False,False,False,9,38,True,True,False,False,False,False,False,False,False,False,False,False,False,False,False,False,False,1,2.1898138073925485e-05,0.0021898138073925483,False,<50%
syncengine-2023-12-28.0157.9548.3.aodl,,,,,,,,,,,,,,12/28/23 16:22:23,1748900392,SyncEngine-2023-12-28.0157.9548.3.aodl,\Users\blueangel\AppData\Local\Microsoft\OneDrive\logs\Personal\SyncEngine-2023-12-28.0157.9548.3.aodl,Basic_Info_Changed / Data_Added,Normal,Archive / Compressed,,0x000A00000000C646,0x000100000001AB1B,,,,0,2,False,True,0.5,False,SyncEngine-2023-12-28.0157.9548.3.aodl,\Users\blueangel\AppData\Local\Microsoft\OneDrive\logs\Personal\SyncEngine-2023-12-28.0157.9548.3.aodl,False,False,False,False,0,False,False,False,False,False,False,False,True,False,False,False,False,False,False,False,False,False,False,9,38,True,True,False,False,False,False,False,False,False,False,False,False,False,False,False,False,False,1,2.1898138073925485e-05,0.0021898138073925483,False,<50%
sysprepprovider.dll,,,,,,,,,,,,,,12/27/23 16:33:46,1730535920,SysprepProvider.dll,,File_Created / Basic_Info_Changed / Data_Added / Data_Overwritten / Extended_Attr_Changed / Access_Right_Changed,Normal,Archive,,0x000300000000C28D,0x000200000000C22F,,,,0,12,False,True,0.5,False,SysprepProvider.dll,,False,False,False,False,0,False,False,False,False,False,False,False,True,False,False,False,False,False,True,False,False,False,True,0,19,False,True,False,False,False,False,False,False,False,False,False,False,False,False,False,False,False,1,2.1877934654115063e-05,0.002187793465411506,False,<50%
sysprepprovider.dll.mui,,,,,,,,,,,,,,12/27/23 16:33:46,1730510312,SysprepProvider.dll.mui,,File_Created / Basic_Info_Changed / Data_Added / Data_Overwritten / Access_Right_Changed,Normal,Archive,,0x000200000000C246,0x000200000000C239,,,,0,12,False,True,0.5,False,SysprepProvider.dll.mui,,False,False,False,False,0,False,False,False,False,False,False,False,True,False,False,False,False,False,False,False,False,False,False,0,23,False,True,False,False,False,False,False,False,False,False,False,False,False,False,False,False,False,1,2.187793462899479e-05,0.002187793462899479,False,<50%
system,,,,,,,,,,,,,,12/28/23 8:51:19,1742267024,SYSTEM,\Windows\System32\config\SYSTEM,Basic_Info_Changed / Data_Overwritten,Normal,Archive,,0x00010000000195FD,0x0001000000000E5D,,,,0,2,False,True,0.5,False,SYSTEM,\Windows\System32\config\SYSTEM,False,False,False,False,0,False,False,False,False,False,False,False,True,False,False,False,False,False,False,False,False,False,False,4,6,False,False,False,False,False,False,False,False,False,False,False,False,False,False,True,False,False,1,2.187762651145167e-05,0.002187762651145167,False,<50%
text file conversion unix - windows.whs,,,,,,,,,,,,,,12/28/23 9:23:47,1742865600,Text file conversion UNIX - Windows.whs,\Users\blueangel\AppData\Local\Temp\RarSFX1\Text file conversion UNIX - Windows.whs,File_Created / Basic_Info_Changed / Data_Added / Data_Overwritten,Normal,Archive,,0x000300000000C598,0x000500000000C581,,,,0,2,False,True,0.5,False,Text file conversion UNIX - Windows.whs,\Users\blueangel\AppData\Local\Temp\RarSFX1\Text file conversion UNIX - Windows.whs,False,False,False,False,0,False,False,False,False,False,False,False,True,False,False,False,False,False,False,False,False,False,False,7,39,True,True,False,False,False,False,False,False,False,False,False,False,False,True,True,False,False,1,2.1615933350226773e-05,0.0021615933350226774,False,<50%
text file conversion windows - unix.whs,,,,,,,,,,,,,,12/28/23 9:23:47,1742866320,Text file conversion Windows - UNIX.whs,\Users\blueangel\AppData\Local\Temp\RarSFX1\Text file conversion Windows - UNIX.whs,File_Created / Basic_Info_Changed / Data_Added / Data_Overwritten,Normal,Archive,,0x000200000000C599,0x000500000000C581,,,,0,2,False,True,0.5,False,Text file conversion Windows - UNIX.whs,\Users\blueangel\AppData\Local\Temp\RarSFX1\Text file conversion Windows - UNIX.whs,False,False,False,False,0,False,False,False,False,False,False,False,True,False,False,False,False,False,False,False,False,False,False,7,39,True,True,False,False,False,False,False,False,False,False,False,False,False,True,True,False,False,1,2.1615933350226773e-05,0.0021615933350226774,False,<50%
timezone.dat,,,,,,,,,,,,,,12/28/23 9:23:47,1742866872,timezone.dat,\Users\blueangel\AppData\Local\Temp\RarSFX1\timezone.dat,File_Created / Basic_Info_Changed / Data_Added / Data_Overwritten,Normal,Archive,,0x000200000000C59A,0x000500000000C581,,,,0,2,False,True,0.5,False,timezone.dat,\Users\blueangel\AppData\Local\Temp\RarSFX1\timezone.dat,False,False,False,False,0,False,False,False,False,False,False,False,True,False,False,False,False,False,False,False,False,False,False,7,12,True,True,False,False,False,False,False,False,False,False,False,False,False,True,False,False,False,1,2.158464877656569e-05,0.002158464877656569,False,<50%
tmp_3ba2d246-9a95-47c7-b162-d1456fa139b7.zip,,,,,,,,,,,,,,12/27/23 16:07:07,1730142056,tmp_3ba2d246-9a95-47c7-b162-d1456fa139b7.zip,\ProgramData\Avast Software\Avast\IDS\outbox\tmp_3ba2d246-9a95-47c7-b162-d1456fa139b7.zip,File_Created / Basic_Info_Changed / Data_Added / File_Renamed_New,Normal,Archive,,0x000C00000000C21F,0x00050000000198D5,,,,0,4,False,True,0.5,False,tmp_3ba2d246-9a95-47c7-b162-d1456fa139b7.zip,\ProgramData\Avast Software\Avast\IDS\outbox\tmp_3ba2d246-9a95-47c7-b162-d1456fa139b7.zip,False,False,False,False,0,False,False,False,False,False,False,False,True,False,False,False,False,False,False,True,False,False,False,6,44,True,True,False,False,False,False,False,False,False,False,False,False,False,True,False,False,False,1,2.1788158658328776e-05,0.002178815865832878,False,<50%
tmp_4c362552-9b6a-47c7-b163-d1456fa139b7.zip,,,,,,,,,,,,,,12/28/23 16:07:07,1748701488,tmp_4c362552-9b6a-47c7-b163-d1456fa139b7.zip,\ProgramData\Avast Software\Avast\IDS\outbox\tmp_4c362552-9b6a-47c7-b163-d1456fa139b7.zip,File_Created / Basic_Info_Changed / Data_Added / File_Renamed_New,Normal,Archive,,0x000200000000C7EB,0x00050000000198D5,,,,0,4,False,True,0.5,False,tmp_4c362552-9b6a-47c7-b163-d1456fa139b7.zip,\ProgramData\Avast Software\Avast\IDS\outbox\tmp_4c362552-9b6a-47c7-b163-d1456fa139b7.zip,False,False,False,False,0,False,False,False,False,False,False,False,True,False,False,False,False,False,False,True,False,False,False,6,44,True,True,False,False,False,False,False,False,False,False,False,False,False,True,False,False,False,1,2.1788158658328776e-05,0.002178815865832878,False,<50%
transmogprovider.dll,,,,,,,,,,,,,,12/27/23 16:33:46,1730536544,TransmogProvider.dll,,File_Created / Basic_Info_Changed / Data_Added / Data_Overwritten / Extended_Attr_Changed / Access_Right_Changed,Normal,Archive,,0x000200000000C291,0x000200000000C22F,,,,0,12,False,True,0.5,False,TransmogProvider.dll,,False,False,False,False,0,False,False,False,False,False,False,False,True,False,False,False,False,False,True,False,False,False,True,0,20,False,True,False,False,False,False,False,False,False,False,False,False,False,False,False,False,False,1,2.1877934654115063e-05,0.002187793465411506,False,<50%
transmogprovider.dll.mui,,,,,,,,,,,,,,12/27/23 16:33:46,1730511072,TransmogProvider.dll.mui,,File_Created / Basic_Info_Changed / Data_Added / Data_Overwritten / Access_Right_Changed,Normal,Archive,,0x000300000000C247,0x000200000000C239,,,,0,24,False,True,0.5,False,TransmogProvider.dll.mui,,False,False,False,False,0,False,False,False,False,False,False,False,True,False,False,False,False,False,False,False,False,False,False,0,24,False,True,False,False,False,False,False,False,False,False,False,False,False,False,False,False,False,1,2.187793462899479e-05,0.002187793462899479,False,<50%
ts_diagnostichistory.ps1,,,,,,,,,,,,,,12/31/23 1:20:15,1754515200,TS_DiagnosticHistory.ps1,,File_Created / Basic_Info_Changed / Data_Added / Data_Overwritten / Access_Right_Changed,Normal,Archive,,0x000300000000CC80,0x003500000000BFA1,,,,0,2,False,True,0.5,False,TS_DiagnosticHistory.ps1,,False,False,False,False,0,False,False,False,False,False,False,False,True,False,False,False,False,False,True,False,False,False,False,0,24,False,True,False,False,False,False,False,False,False,False,False,False,False,False,False,False,False,1,2.1877934654115063e-05,0.002187793465411506,False,<50%
ts_inaccuratesystemtime.ps1,,,,,,,,,,,,,,12/31/23 1:20:15,1754515904,TS_InaccurateSystemTime.ps1,,File_Created / Basic_Info_Changed / Data_Added / Data_Overwritten / Access_Right_Changed,Normal,Archive,,0x000200000000CC83,0x003500000000BFA1,,,,0,2,False,True,0.5,False,TS_InaccurateSystemTime.ps1,,False,False,False,False,0,False,False,False,False,False,False,False,True,False,False,False,False,False,True,False,False,False,False,0,27,False,True,False,False,False,False,False,False,False,False,False,False,False,False,False,False,False,1,2.1877934654115063e-05,0.002187793465411506,False,<50%
ts_werqueue.ps1,,,,,,,,,,,,,,12/31/23 1:20:15,1754516528,TS_WERQueue.ps1,,File_Created / Basic_Info_Changed / Data_Added / Data_Overwritten / Access_Right_Changed,Normal,Archive,,0x000200000000CC84,0x003500000000BFA1,,,,0,2,False,True,0.5,False,TS_WERQueue.ps1,,False,False,False,False,0,False,False,False,False,False,False,False,True,False,False,False,False,False,True,False,False,False,False,0,15,False,True,False,False,False,False,False,False,False,False,False,False,False,False,False,False,False,1,2.1877934654115063e-05,0.002187793465411506,False,<50%
tw-2514-c80-9bf8b.tmp,,,,,,,,,,,,,,12/28/23 9:31:45,1743288800,tw-2514-c80-9bf8b.tmp,\Windows\System32\config\systemprofile\AppData\Local\tw-2514-c80-9bf8b.tmp,Basic_Info_Changed / Content_Indexed_Attr_Changed,Normal,Directory,,0x000400000000C635,0x0001000000000E62,,,,0,2,False,True,0.5,False,tw-2514-c80-9bf8b.tmp,\Windows\System32\config\systemprofile\AppData\Local\tw-2514-c80-9bf8b.tmp,False,False,False,False,0,False,False,False,False,False,False,False,True,False,False,False,False,False,False,False,False,False,False,7,21,True,True,False,False,False,False,False,False,False,False,False,False,False,True,True,False,False,1,2.1616043115855488e-05,0.0021616043115855487,False,<50%
tw-2514-c80-9bf9d.tmp,,,,,,,,,,,,,,12/28/23 9:31:45,1743289232,tw-2514-c80-9bf9d.tmp,\Windows\System32\config\systemprofile\AppData\Local\tw-2514-c80-9bf9d.tmp,Basic_Info_Changed / Content_Indexed_Attr_Changed,Normal,Directory,,0x000500000000C637,0x0001000000000E62,,,,0,2,False,True,0.5,False,tw-2514-c80-9bf9d.tmp,\Windows\System32\config\systemprofile\AppData\Local\tw-2514-c80-9bf9d.tmp,False,False,False,False,0,False,False,False,False,False,False,False,True,False,False,False,False,False,False,False,False,False,False,7,21,True,True,False,False,False,False,False,False,False,False,False,False,False,True,True,False,False,1,2.1616043115855488e-05,0.0021616043115855487,False,<50%
tw-2514-c80-9bf9f.tmp,,,,,,,,,,,,,,12/28/23 9:31:45,1743289664,tw-2514-c80-9bf9f.tmp,\Windows\System32\config\systemprofile\AppData\Local\tw-2514-c80-9bf9f.tmp,Basic_Info_Changed / Content_Indexed_Attr_Changed,Normal,Directory,,0x000500000000C638,0x0001000000000E62,,,,0,2,False,True,0.5,False,tw-2514-c80-9bf9f.tmp,\Windows\System32\config\systemprofile\AppData\Local\tw-2514-c80-9bf9f.tmp,False,False,False,False,0,False,False,False,False,False,False,False,True,False,False,False,False,False,False,False,False,False,False,7,21,True,True,False,False,False,False,False,False,False,False,False,False,False,True,True,False,False,1,2.1616043115855488e-05,0.0021616043115855487,False,<50%
tw-2514-c80-9bfa1.tmp,,,,,,,,,,,,,,12/28/23 9:31:45,1743290096,tw-2514-c80-9bfa1.tmp,\Windows\System32\config\systemprofile\AppData\Local\tw-2514-c80-9bfa1.tmp,Basic_Info_Changed / Content_Indexed_Attr_Changed,Normal,Directory,,0x000500000000C639,0x0001000000000E62,,,,0,2,False,True,0.5,False,tw-2514-c80-9bfa1.tmp,\Windows\System32\config\systemprofile\AppData\Local\tw-2514-c80-9bfa1.tmp,False,False,False,False,0,False,False,False,False,False,False,False,True,False,False,False,False,False,False,False,False,False,False,7,21,True,True,False,False,False,False,False,False,False,False,False,False,False,True,True,False,False,1,2.1616043115855488e-05,0.0021616043115855487,False,<50%
tw-2514-c80-9bfb2.tmp,,,,,,,,,,,,,,12/28/23 9:31:45,1743290592,tw-2514-c80-9bfb2.tmp,\Windows\System32\config\systemprofile\AppData\Local\tw-2514-c80-9bfb2.tmp,Basic_Info_Changed / Content_Indexed_Attr_Changed,Normal,Directory,,0x000500000000C63A,0x0001000000000E62,,,,0,2,False,True,0.5,False,tw-2514-c80-9bfb2.tmp,\Windows\System32\config\systemprofile\AppData\Local\tw-2514-c80-9bfb2.tmp,False,False,False,False,0,False,False,False,False,False,False,False,True,False,False,False,False,False,False,False,False,False,False,7,21,True,True,False,False,False,False,False,False,False,False,False,False,False,True,True,False,False,1,2.1616043115855488e-05,0.0021616043115855487,False,<50%
tw-2514-c80-9bfb4.tmp,,,,,,,,,,,,,,12/28/23 9:31:45,1743291024,tw-2514-c80-9bfb4.tmp,\Windows\System32\config\systemprofile\AppData\Local\tw-2514-c80-9bfb4.tmp,Basic_Info_Changed / Content_Indexed_Attr_Changed,Normal,Directory,,0x000600000000C63E,0x0001000000000E62,,,,0,2,False,True,0.5,False,tw-2514-c80-9bfb4.tmp,\Windows\System32\config\systemprofile\AppData\Local\tw-2514-c80-9bfb4.tmp,False,False,False,False,0,False,False,False,False,False,False,False,True,False,False,False,False,False,False,False,False,False,False,7,21,True,True,False,False,False,False,False,False,False,False,False,False,False,True,True,False,False,1,2.1616043115855488e-05,0.0021616043115855487,False,<50%
tw-2514-c80-9bfc6.tmp,,,,,,,,,,,,,,12/28/23 9:31:45,1743291456,tw-2514-c80-9bfc6.tmp,\Windows\System32\config\systemprofile\AppData\Local\tw-2514-c80-9bfc6.tmp,Basic_Info_Changed / Content_Indexed_Attr_Changed,Normal,Directory,,0x000500000000C641,0x0001000000000E62,,,,0,2,False,True,0.5,False,tw-2514-c80-9bfc6.tmp,\Windows\System32\config\systemprofile\AppData\Local\tw-2514-c80-9bfc6.tmp,False,False,False,False,0,False,False,False,False,False,False,False,True,False,False,False,False,False,False,False,False,False,False,7,21,True,True,False,False,False,False,False,False,False,False,False,False,False,True,True,False,False,1,2.1616043115855488e-05,0.0021616043115855487,False,<50%
tw-2514-c80-9bfc8.tmp,,,,,,,,,,,,,,12/28/23 9:31:45,1743291888,tw-2514-c80-9bfc8.tmp,\Windows\System32\config\systemprofile\AppData\Local\tw-2514-c80-9bfc8.tmp,Basic_Info_Changed / Content_Indexed_Attr_Changed,Normal,Directory,,0x000500000000C642,0x0001000000000E62,,,,0,2,False,True,0.5,False,tw-2514-c80-9bfc8.tmp,\Windows\System32\config\systemprofile\AppData\Local\tw-2514-c80-9bfc8.tmp,False,False,False,False,0,False,False,False,False,False,False,False,True,False,False,False,False,False,False,False,False,False,False,7,21,True,True,False,False,False,False,False,False,False,False,False,False,False,True,True,False,False,1,2.1616043115855488e-05,0.0021616043115855487,False,<50%
tw-2514-c80-9bfd9.tmp,,,,,,,,,,,,,,12/28/23 9:31:45,1743292320,tw-2514-c80-9bfd9.tmp,\Windows\System32\config\systemprofile\AppData\Local\tw-2514-c80-9bfd9.tmp,Basic_Info_Changed / Content_Indexed_Attr_Changed,Normal,Directory,,0x000500000000C643,0x0001000000000E62,,,,0,2,False,True,0.5,False,tw-2514-c80-9bfd9.tmp,\Windows\System32\config\systemprofile\AppData\Local\tw-2514-c80-9bfd9.tmp,False,False,False,False,0,False,False,False,False,False,False,False,True,False,False,False,False,False,False,False,False,False,False,7,21,True,True,False,False,False,False,False,False,False,False,False,False,False,True,True,False,False,1,2.1616043115855488e-05,0.0021616043115855487,False,<50%
tw-2514-c80-9bfdb.tmp,,,,,,,,,,,,,,12/28/23 9:31:45,1743292752,tw-2514-c80-9bfdb.tmp,\Windows\System32\config\systemprofile\AppData\Local\tw-2514-c80-9bfdb.tmp,Basic_Info_Changed / Content_Indexed_Attr_Changed,Normal,Directory,,0x000700000000C644,0x0001000000000E62,,,,0,2,False,True,0.5,False,tw-2514-c80-9bfdb.tmp,\Windows\System32\config\systemprofile\AppData\Local\tw-2514-c80-9bfdb.tmp,False,False,False,False,0,False,False,False,False,False,False,False,True,False,False,False,False,False,False,False,False,False,False,7,21,True,True,False,False,False,False,False,False,False,False,False,False,False,True,True,False,False,1,2.1616043115855488e-05,0.0021616043115855487,False,<50%
tw-2514-c80-9bfdd.tmp,,,,,,,,,,,,,,12/28/23 9:31:45,1743293184,tw-2514-c80-9bfdd.tmp,\Windows\System32\config\systemprofile\AppData\Local\tw-2514-c80-9bfdd.tmp,Basic_Info_Changed / Content_Indexed_Attr_Changed,Normal,Directory,,0x000500000000C645,0x0001000000000E62,,,,0,2,False,True,0.5,False,tw-2514-c80-9bfdd.tmp,\Windows\System32\config\systemprofile\AppData\Local\tw-2514-c80-9bfdd.tmp,False,False,False,False,0,False,False,False,False,False,False,False,True,False,False,False,False,False,False,False,False,False,False,7,21,True,True,False,False,False,False,False,False,False,False,False,False,False,True,True,False,False,1,2.1616043115855488e-05,0.0021616043115855487,False,<50%
tw-2514-c80-9bfef.tmp,,,,,,,,,,,,,,12/28/23 9:31:45,1743293616,tw-2514-c80-9bfef.tmp,\Windows\System32\config\systemprofile\AppData\Local\tw-2514-c80-9bfef.tmp,Basic_Info_Changed / Content_Indexed_Attr_Changed,Normal,Directory,,0x000500000000C646,0x0001000000000E62,,,,0,2,False,True,0.5,False,tw-2514-c80-9bfef.tmp,\Windows\System32\config\systemprofile\AppData\Local\tw-2514-c80-9bfef.tmp,False,False,False,False,0,False,False,False,False,False,False,False,True,False,False,False,False,False,False,False,False,False,False,7,21,True,True,False,False,False,False,False,False,False,False,False,False,False,True,True,False,False,1,2.1616043115855488e-05,0.0021616043115855487,False,<50%
tw-2514-c80-9bff1.tmp,,,,,,,,,,,,,,12/28/23 9:31:45,1743294048,tw-2514-c80-9bff1.tmp,\Windows\System32\config\systemprofile\AppData\Local\tw-2514-c80-9bff1.tmp,Basic_Info_Changed / Content_Indexed_Attr_Changed,Normal,Directory,,0x000500000000C648,0x0001000000000E62,,,,0,2,False,True,0.5,False,tw-2514-c80-9bff1.tmp,\Windows\System32\config\systemprofile\AppData\Local\tw-2514-c80-9bff1.tmp,False,False,False,False,0,False,False,False,False,False,False,False,True,False,False,False,False,False,False,False,False,False,False,7,21,True,True,False,False,False,False,False,False,False,False,False,False,False,True,True,False,False,1,2.1616043115855488e-05,0.0021616043115855487,False,<50%
tw-2514-c80-9bff3.tmp,,,,,,,,,,,,,,12/28/23 9:31:45,1743294576,tw-2514-c80-9bff3.tmp,\Windows\System32\config\systemprofile\AppData\Local\tw-2514-c80-9bff3.tmp,Basic_Info_Changed / Content_Indexed_Attr_Changed,Normal,Directory,,0x000500000000C64A,0x0001000000000E62,,,,0,2,False,True,0.5,False,tw-2514-c80-9bff3.tmp,\Windows\System32\config\systemprofile\AppData\Local\tw-2514-c80-9bff3.tmp,False,False,False,False,0,False,False,False,False,False,False,False,True,False,False,False,False,False,False,False,False,False,False,7,21,True,True,False,False,False,False,False,False,False,False,False,False,False,True,True,False,False,1,2.1616043115855488e-05,0.0021616043115855487,False,<50%
tw-2514-c80-9c005.tmp,,,,,,,,,,,,,,12/28/23 9:31:45,1743295008,tw-2514-c80-9c005.tmp,\Windows\System32\config\systemprofile\AppData\Local\tw-2514-c80-9c005.tmp,Basic_Info_Changed / Content_Indexed_Attr_Changed,Normal,Directory,,0x000500000000C64C,0x0001000000000E62,,,,0,2,False,True,0.5,False,tw-2514-c80-9c005.tmp,\Windows\System32\config\systemprofile\AppData\Local\tw-2514-c80-9c005.tmp,False,False,False,False,0,False,False,False,False,False,False,False,True,False,False,False,False,False,False,False,False,False,False,7,21,True,True,False,False,False,False,False,False,False,False,False,False,False,True,True,False,False,1,2.1616043115855488e-05,0.0021616043115855487,False,<50%
tw-2514-c80-9c007.tmp,,,,,,,,,,,,,,12/28/23 9:31:45,1743295440,tw-2514-c80-9c007.tmp,\Windows\System32\config\systemprofile\AppData\Local\tw-2514-c80-9c007.tmp,Basic_Info_Changed / Content_Indexed_Attr_Changed,Normal,Directory,,0x000500000000C64D,0x0001000000000E62,,,,0,2,False,True,0.5,False,tw-2514-c80-9c007.tmp,\Windows\System32\config\systemprofile\AppData\Local\tw-2514-c80-9c007.tmp,False,False,False,False,0,False,False,False,False,False,False,False,True,False,False,False,False,False,False,False,False,False,False,7,21,True,True,False,False,False,False,False,False,False,False,False,False,False,True,True,False,False,1,2.1616043115855488e-05,0.0021616043115855487,False,<50%
tw-2514-c80-9c009.tmp,,,,,,,,,,,,,,12/28/23 9:31:45,1743295872,tw-2514-c80-9c009.tmp,\Windows\System32\config\systemprofile\AppData\Local\tw-2514-c80-9c009.tmp,Basic_Info_Changed / Content_Indexed_Attr_Changed,Normal,Directory,,0x000500000000C64E,0x0001000000000E62,,,,0,2,False,True,0.5,False,tw-2514-c80-9c009.tmp,\Windows\System32\config\systemprofile\AppData\Local\tw-2514-c80-9c009.tmp,False,False,False,False,0,False,False,False,False,False,False,False,True,False,False,False,False,False,False,False,False,False,False,7,21,True,True,False,False,False,False,False,False,False,False,False,False,False,True,True,False,False,1,2.1616043115855488e-05,0.0021616043115855487,False,<50%
tw-2514-c80-9c01a.tmp,,,,,,,,,,,,,,12/28/23 9:31:45,1743296304,tw-2514-c80-9c01a.tmp,\Windows\System32\config\systemprofile\AppData\Local\tw-2514-c80-9c01a.tmp,Basic_Info_Changed / Content_Indexed_Attr_Changed,Normal,Directory,,0x000700000000C651,0x0001000000000E62,,,,0,2,False,True,0.5,False,tw-2514-c80-9c01a.tmp,\Windows\System32\config\systemprofile\AppData\Local\tw-2514-c80-9c01a.tmp,False,False,False,False,0,False,False,False,False,False,False,False,True,False,False,False,False,False,False,False,False,False,False,7,21,True,True,False,False,False,False,False,False,False,False,False,False,False,True,True,False,False,1,2.1616043115855488e-05,0.0021616043115855487,False,<50%
tw-2514-c80-9c01c.tmp,,,,,,,,,,,,,,12/28/23 9:31:45,1743296736,tw-2514-c80-9c01c.tmp,\Windows\System32\config\systemprofile\AppData\Local\tw-2514-c80-9c01c.tmp,Basic_Info_Changed / Content_Indexed_Attr_Changed,Normal,Directory,,0x000500000000C653,0x0001000000000E62,,,,0,2,False,True,0.5,False,tw-2514-c80-9c01c.tmp,\Windows\System32\config\systemprofile\AppData\Local\tw-2514-c80-9c01c.tmp,False,False,False,False,0,False,False,False,False,False,False,False,True,False,False,False,False,False,False,False,False,False,False,7,21,True,True,False,False,False,False,False,False,False,False,False,False,False,True,True,False,False,1,2.1616043115855488e-05,0.0021616043115855487,False,<50%
tw-2514-c80-9c01e.tmp,,,,,,,,,,,,,,12/28/23 9:31:45,1743297168,tw-2514-c80-9c01e.tmp,\Windows\System32\config\systemprofile\AppData\Local\tw-2514-c80-9c01e.tmp,Basic_Info_Changed / Content_Indexed_Attr_Changed,Normal,Directory,,0x000500000000C654,0x0001000000000E62,,,,0,2,False,True,0.5,False,tw-2514-c80-9c01e.tmp,\Windows\System32\config\systemprofile\AppData\Local\tw-2514-c80-9c01e.tmp,False,False,False,False,0,False,False,False,False,False,False,False,True,False,False,False,False,False,False,False,False,False,False,7,21,True,True,False,False,False,False,False,False,False,False,False,False,False,True,True,False,False,1,2.1616043115855488e-05,0.0021616043115855487,False,<50%
tw-2514-c80-9c030.tmp,,,,,,,,,,,,,,12/28/23 9:31:45,1743297600,tw-2514-c80-9c030.tmp,\Windows\System32\config\systemprofile\AppData\Local\tw-2514-c80-9c030.tmp,Basic_Info_Changed / Content_Indexed_Attr_Changed,Normal,Directory,,0x000500000000C655,0x0001000000000E62,,,,0,2,False,True,0.5,False,tw-2514-c80-9c030.tmp,\Windows\System32\config\systemprofile\AppData\Local\tw-2514-c80-9c030.tmp,False,False,False,False,0,False,False,False,False,False,False,False,True,False,False,False,False,False,False,False,False,False,False,7,21,True,True,False,False,False,False,False,False,False,False,False,False,False,True,True,False,False,1,2.1616043115855488e-05,0.0021616043115855487,False,<50%
tw-2514-c80-9c032.tmp,,,,,,,,,,,,,,12/28/23 9:31:45,1743298032,tw-2514-c80-9c032.tmp,\Windows\System32\config\systemprofile\AppData\Local\tw-2514-c80-9c032.tmp,Basic_Info_Changed / Content_Indexed_Attr_Changed,Normal,Directory,,0x000500000000C656,0x0001000000000E62,,,,0,2,False,True,0.5,False,tw-2514-c80-9c032.tmp,\Windows\System32\config\systemprofile\AppData\Local\tw-2514-c80-9c032.tmp,False,False,False,False,0,False,False,False,False,False,False,False,True,False,False,False,False,False,False,False,False,False,False,7,21,True,True,False,False,False,False,False,False,False,False,False,False,False,True,True,False,False,1,2.1616043115855488e-05,0.0021616043115855487,False,<50%
tw-2514-c80-9c034.tmp,,,,,,,,,,,,,,12/28/23 9:31:45,1743298560,tw-2514-c80-9c034.tmp,\Windows\System32\config\systemprofile\AppData\Local\tw-2514-c80-9c034.tmp,Basic_Info_Changed / Content_Indexed_Attr_Changed,Normal,Directory,,0x000500000000C659,0x0001000000000E62,,,,0,2,False,True,0.5,False,tw-2514-c80-9c034.tmp,\Windows\System32\config\systemprofile\AppData\Local\tw-2514-c80-9c034.tmp,False,False,False,False,0,False,False,False,False,False,False,False,True,False,False,False,False,False,False,False,False,False,False,7,21,True,True,False,False,False,False,False,False,False,False,False,False,False,True,True,False,False,1,2.1616043115855488e-05,0.0021616043115855487,False,<50%
tw-2514-c80-9c046.tmp,,,,,,,,,,,,,,12/28/23 9:31:45,1743298992,tw-2514-c80-9c046.tmp,\Windows\System32\config\systemprofile\AppData\Local\tw-2514-c80-9c046.tmp,Basic_Info_Changed / Content_Indexed_Attr_Changed,Normal,Directory,,0x000500000000C65B,0x0001000000000E62,,,,0,2,False,True,0.5,False,tw-2514-c80-9c046.tmp,\Windows\System32\config\systemprofile\AppData\Local\tw-2514-c80-9c046.tmp,False,False,False,False,0,False,False,False,False,False,False,False,True,False,False,False,False,False,False,False,False,False,False,7,21,True,True,False,False,False,False,False,False,False,False,False,False,False,True,True,False,False,1,2.1616043115855488e-05,0.0021616043115855487,False,<50%
tw-2514-c80-9c048.tmp,,,,,,,,,,,,,,12/28/23 9:31:45,1743299424,tw-2514-c80-9c048.tmp,\Windows\System32\config\systemprofile\AppData\Local\tw-2514-c80-9c048.tmp,Basic_Info_Changed / Content_Indexed_Attr_Changed,Normal,Directory,,0x000500000000C65D,0x0001000000000E62,,,,0,2,False,True,0.5,False,tw-2514-c80-9c048.tmp,\Windows\System32\config\systemprofile\AppData\Local\tw-2514-c80-9c048.tmp,False,False,False,False,0,False,False,False,False,False,False,False,True,False,False,False,False,False,False,False,False,False,False,7,21,True,True,False,False,False,False,False,False,False,False,False,False,False,True,True,False,False,1,2.1616043115855488e-05,0.0021616043115855487,False,<50%
tw-2514-c80-9c04a.tmp,,,,,,,,,,,,,,12/28/23 9:31:45,1743299856,tw-2514-c80-9c04a.tmp,\Windows\System32\config\systemprofile\AppData\Local\tw-2514-c80-9c04a.tmp,Basic_Info_Changed / Content_Indexed_Attr_Changed,Normal,Directory,,0x000500000000C660,0x0001000000000E62,,,,0,2,False,True,0.5,False,tw-2514-c80-9c04a.tmp,\Windows\System32\config\systemprofile\AppData\Local\tw-2514-c80-9c04a.tmp,False,False,False,False,0,False,False,False,False,False,False,False,True,False,False,False,False,False,False,False,False,False,False,7,21,True,True,False,False,False,False,False,False,False,False,False,False,False,True,True,False,False,1,2.1616043115855488e-05,0.0021616043115855487,False,<50%
tw-2514-c80-9c05b.tmp,,,,,,,,,,,,,,12/28/23 9:31:45,1743300288,tw-2514-c80-9c05b.tmp,\Windows\System32\config\systemprofile\AppData\Local\tw-2514-c80-9c05b.tmp,Basic_Info_Changed / Content_Indexed_Attr_Changed,Normal,Directory,,0x000500000000C661,0x0001000000000E62,,,,0,2,False,True,0.5,False,tw-2514-c80-9c05b.tmp,\Windows\System32\config\systemprofile\AppData\Local\tw-2514-c80-9c05b.tmp,False,False,False,False,0,False,False,False,False,False,False,False,True,False,False,False,False,False,False,False,False,False,False,7,21,True,True,False,False,False,False,False,False,False,False,False,False,False,True,True,False,False,1,2.1616043115855488e-05,0.0021616043115855487,False,<50%
tw-2514-c80-9c05d.tmp,,,,,,,,,,,,,,12/28/23 9:31:45,1743300720,tw-2514-c80-9c05d.tmp,\Windows\System32\config\systemprofile\AppData\Local\tw-2514-c80-9c05d.tmp,Basic_Info_Changed / Content_Indexed_Attr_Changed,Normal,Directory,,0x000600000000C662,0x0001000000000E62,,,,0,2,False,True,0.5,False,tw-2514-c80-9c05d.tmp,\Windows\System32\config\systemprofile\AppData\Local\tw-2514-c80-9c05d.tmp,False,False,False,False,0,False,False,False,False,False,False,False,True,False,False,False,False,False,False,False,False,False,False,7,21,True,True,False,False,False,False,False,False,False,False,False,False,False,True,True,False,False,1,2.1616043115855488e-05,0.0021616043115855487,False,<50%
tw-2514-c80-9c05f.tmp,,,,,,,,,,,,,,12/28/23 9:31:45,1743301152,tw-2514-c80-9c05f.tmp,\Windows\System32\config\systemprofile\AppData\Local\tw-2514-c80-9c05f.tmp,Basic_Info_Changed / Content_Indexed_Attr_Changed,Normal,Directory,,0x000500000000C663,0x0001000000000E62,,,,0,2,False,True,0.5,False,tw-2514-c80-9c05f.tmp,\Windows\System32\config\systemprofile\AppData\Local\tw-2514-c80-9c05f.tmp,False,False,False,False,0,False,False,False,False,False,False,False,True,False,False,False,False,False,False,False,False,False,False,7,21,True,True,False,False,False,False,False,False,False,False,False,False,False,True,True,False,False,1,2.1616043115855488e-05,0.0021616043115855487,False,<50%
tw-2514-c80-9c071.tmp,,,,,,,,,,,,,,12/28/23 9:31:45,1743301584,tw-2514-c80-9c071.tmp,\Windows\System32\config\systemprofile\AppData\Local\tw-2514-c80-9c071.tmp,Basic_Info_Changed / Content_Indexed_Attr_Changed,Normal,Directory,,0x000500000000C664,0x0001000000000E62,,,,0,2,False,True,0.5,False,tw-2514-c80-9c071.tmp,\Windows\System32\config\systemprofile\AppData\Local\tw-2514-c80-9c071.tmp,False,False,False,False,0,False,False,False,False,False,False,False,True,False,False,False,False,False,False,False,False,False,False,7,21,True,True,False,False,False,False,False,False,False,False,False,False,False,True,True,False,False,1,2.1616043115855488e-05,0.0021616043115855487,False,<50%
tw-2514-c80-9c073.tmp,,,,,,,,,,,,,,12/28/23 9:31:45,1743302016,tw-2514-c80-9c073.tmp,\Windows\System32\config\systemprofile\AppData\Local\tw-2514-c80-9c073.tmp,Basic_Info_Changed / Content_Indexed_Attr_Changed,Normal,Directory,,0x000500000000C665,0x0001000000000E62,,,,0,2,False,True,0.5,False,tw-2514-c80-9c073.tmp,\Windows\System32\config\systemprofile\AppData\Local\tw-2514-c80-9c073.tmp,False,False,False,False,0,False,False,False,False,False,False,False,True,False,False,False,False,False,False,False,False,False,False,7,21,True,True,False,False,False,False,False,False,False,False,False,False,False,True,True,False,False,1,2.1616043115855488e-05,0.0021616043115855487,False,<50%
tw-2514-c80-9c075.tmp,,,,,,,,,,,,,,12/28/23 9:31:45,1743302448,tw-2514-c80-9c075.tmp,\Windows\System32\config\systemprofile\AppData\Local\tw-2514-c80-9c075.tmp,Basic_Info_Changed / Content_Indexed_Attr_Changed,Normal,Directory,,0x000500000000C66B,0x0001000000000E62,,,,0,2,False,True,0.5,False,tw-2514-c80-9c075.tmp,\Windows\System32\config\systemprofile\AppData\Local\tw-2514-c80-9c075.tmp,False,False,False,False,0,False,False,False,False,False,False,False,True,False,False,False,False,False,False,False,False,False,False,7,21,True,True,False,False,False,False,False,False,False,False,False,False,False,True,True,False,False,1,2.1616043115855488e-05,0.0021616043115855487,False,<50%
tw-2514-c80-9c086.tmp,,,,,,,,,,,,,,12/28/23 9:31:45,1743302880,tw-2514-c80-9c086.tmp,\Windows\System32\config\systemprofile\AppData\Local\tw-2514-c80-9c086.tmp,Basic_Info_Changed / Content_Indexed_Attr_Changed,Normal,Directory,,0x000500000000C66C,0x0001000000000E62,,,,0,2,False,True,0.5,False,tw-2514-c80-9c086.tmp,\Windows\System32\config\systemprofile\AppData\Local\tw-2514-c80-9c086.tmp,False,False,False,False,0,False,False,False,False,False,False,False,True,False,False,False,False,False,False,False,False,False,False,7,21,True,True,False,False,False,False,False,False,False,False,False,False,False,True,True,False,False,1,2.1616043115855488e-05,0.0021616043115855487,False,<50%
tw-2514-c80-9c088.tmp,,,,,,,,,,,,,,12/28/23 9:31:45,1743303312,tw-2514-c80-9c088.tmp,\Windows\System32\config\systemprofile\AppData\Local\tw-2514-c80-9c088.tmp,Basic_Info_Changed / Content_Indexed_Attr_Changed,Normal,Directory,,0x000500000000C66E,0x0001000000000E62,,,,0,2,False,True,0.5,False,tw-2514-c80-9c088.tmp,\Windows\System32\config\systemprofile\AppData\Local\tw-2514-c80-9c088.tmp,False,False,False,False,0,False,False,False,False,False,False,False,True,False,False,False,False,False,False,False,False,False,False,7,21,True,True,False,False,False,False,False,False,False,False,False,False,False,True,True,False,False,1,2.1616043115855488e-05,0.0021616043115855487,False,<50%
tw-2514-c80-9c08a.tmp,,,,,,,,,,,,,,12/28/23 9:31:45,1743303744,tw-2514-c80-9c08a.tmp,\Windows\System32\config\systemprofile\AppData\Local\tw-2514-c80-9c08a.tmp,Basic_Info_Changed / Content_Indexed_Attr_Changed,Normal,Directory,,0x000700000000C671,0x0001000000000E62,,,,0,2,False,True,0.5,False,tw-2514-c80-9c08a.tmp,\Windows\System32\config\systemprofile\AppData\Local\tw-2514-c80-9c08a.tmp,False,False,False,False,0,False,False,False,False,False,False,False,True,False,False,False,False,False,False,False,False,False,False,7,21,True,True,False,False,False,False,False,False,False,False,False,False,False,True,True,False,False,1,2.1616043115855488e-05,0.0021616043115855487,False,<50%
tw-2514-c80-9c09c.tmp,,,,,,,,,,,,,,12/28/23 9:31:45,1743304176,tw-2514-c80-9c09c.tmp,\Windows\System32\config\systemprofile\AppData\Local\tw-2514-c80-9c09c.tmp,Basic_Info_Changed / Content_Indexed_Attr_Changed,Normal,Directory,,0x000500000000C672,0x0001000000000E62,,,,0,2,False,True,0.5,False,tw-2514-c80-9c09c.tmp,\Windows\System32\config\systemprofile\AppData\Local\tw-2514-c80-9c09c.tmp,False,False,False,False,0,False,False,False,False,False,False,False,True,False,False,False,False,False,False,False,False,False,False,7,21,True,True,False,False,False,False,False,False,False,False,False,False,False,True,True,False,False,1,2.1616043115855488e-05,0.0021616043115855487,False,<50%
tw-2514-c80-9c09e.tmp,,,,,,,,,,,,,,12/28/23 9:31:45,1743304608,tw-2514-c80-9c09e.tmp,\Windows\System32\config\systemprofile\AppData\Local\tw-2514-c80-9c09e.tmp,Basic_Info_Changed / Content_Indexed_Attr_Changed,Normal,Directory,,0x000500000000C673,0x0001000000000E62,,,,0,2,False,True,0.5,False,tw-2514-c80-9c09e.tmp,\Windows\System32\config\systemprofile\AppData\Local\tw-2514-c80-9c09e.tmp,False,False,False,False,0,False,False,False,False,False,False,False,True,False,False,False,False,False,False,False,False,False,False,7,21,True,True,False,False,False,False,False,False,False,False,False,False,False,True,True,False,False,1,2.1616043115855488e-05,0.0021616043115855487,False,<50%
tw-2514-c80-9c0a0.tmp,,,,,,,,,,,,,,12/28/23 9:31:45,1743305040,tw-2514-c80-9c0a0.tmp,\Windows\System32\config\systemprofile\AppData\Local\tw-2514-c80-9c0a0.tmp,Basic_Info_Changed / Content_Indexed_Attr_Changed,Normal,Directory,,0x000900000000C675,0x0001000000000E62,,,,0,2,False,True,0.5,False,tw-2514-c80-9c0a0.tmp,\Windows\System32\config\systemprofile\AppData\Local\tw-2514-c80-9c0a0.tmp,False,False,False,False,0,False,False,False,False,False,False,False,True,False,False,False,False,False,False,False,False,False,False,7,21,True,True,False,False,False,False,False,False,False,False,False,False,False,True,True,False,False,1,2.1616043115855488e-05,0.0021616043115855487,False,<50%
twemojimozilla.ttf,,,,,,,,,,,,,,12/27/23 3:39:31,1720432408,TwemojiMozilla.ttf,\Program Files\Mozilla Firefox\fonts\TwemojiMozilla.ttf,File_Created / Basic_Info_Changed / Data_Added / Data_Overwritten,Normal,Archive,,0x000500000000BF6F,0x001B00000000BF27,,,,0,2,False,True,0.5,False,TwemojiMozilla.ttf,\Program Files\Mozilla Firefox\fonts\TwemojiMozilla.ttf,False,False,False,False,0,False,False,False,False,False,False,False,True,False,False,False,False,False,False,False,False,False,False,4,18,False,True,False,False,False,False,False,False,False,False,False,False,False,False,False,True,False,1,2.1877629953385047e-05,0.0021877629953385045,False,<50%
ucrtbase.dll,,,,,,,,,,,,,,12/27/23 3:39:31,1720450376,ucrtbase.dll,\Program Files\Mozilla Firefox\ucrtbase.dll,File_Created / Basic_Info_Changed / Data_Added / Data_Overwritten,Normal,Archive,,0x000200000000C0FA,0x012600000000389E,,,,0,2,False,True,0.5,False,ucrtbase.dll,\Program Files\Mozilla Firefox\ucrtbase.dll,False,False,False,False,0,False,False,False,False,False,False,False,True,False,False,False,False,False,True,False,False,False,True,3,12,False,True,False,False,False,False,False,False,False,False,False,False,False,False,False,True,False,1,2.187794344483858e-05,0.002187794344483858,False,<50%
unattendprovider.dll,,,,,,,,,,,,,,12/27/23 16:33:46,1730537168,UnattendProvider.dll,,File_Created / Basic_Info_Changed / Data_Added / Data_Overwritten / Extended_Attr_Changed / Access_Right_Changed,Normal,Archive,,0x000200000000C293,0x000200000000C22F,,,,0,12,False,True,0.5,False,UnattendProvider.dll,,False,False,False,False,0,False,False,False,False,False,False,False,True,False,False,False,False,False,True,False,False,False,True,0,20,False,True,False,False,False,False,False,False,False,False,False,False,False,False,False,False,False,1,2.1877934654115063e-05,0.002187793465411506,False,<50%
unattendprovider.dll.mui,,,,,,,,,,,,,,12/27/23 16:33:46,1730529216,UnattendProvider.dll.mui,,File_Created / Basic_Info_Changed / Data_Added / Data_Overwritten / Access_Right_Changed,Normal,Archive,,0x000200000000C275,0x000200000000C24F,,,,0,12,False,True,0.5,False,UnattendProvider.dll.mui,,False,False,False,False,0,False,False,False,False,False,False,False,True,False,False,False,False,False,False,False,False,False,False,0,24,False,True,False,False,False,False,False,False,False,False,False,False,False,False,False,False,False,1,2.187793462899479e-05,0.002187793462899479,False,<50%
uninstall.log,,,,,,,,,,,,,,12/27/23 3:39:31,1720451896,uninstall.log,\Program Files\Mozilla Firefox\uninstall\uninstall.log,File_Created / Basic_Info_Changed / Data_Added / Data_Overwritten,Normal,Archive,,0x000300000000C0FF,0x000200000000C0FB,,,,0,2,False,True,0.5,False,uninstall.log,\Program Files\Mozilla Firefox\uninstall\uninstall.log,False,False,False,False,0,False,False,False,False,False,False,False,True,False,False,False,False,False,False,False,False,False,False,4,13,False,True,False,False,False,False,False,False,False,False,False,False,False,False,False,True,False,1,2.1877629953385047e-05,0.0021877629953385045,False,<50%
uninstall.update,,,,,,,,,,,,,,12/27/23 3:39:31,1720452168,uninstall.update,\Program Files\Mozilla Firefox\uninstall\uninstall.update,File_Created / Basic_Info_Changed,Normal,Archive,,0x000200000000C100,0x000200000000C0FB,,,,0,4,False,True,0.5,False,uninstall.update,\Program Files\Mozilla Firefox\uninstall\uninstall.update,False,False,False,False,0,False,False,False,False,False,False,False,True,False,False,False,False,False,False,False,False,False,False,4,16,False,True,False,False,False,False,False,False,False,False,False,False,False,False,False,True,False,1,2.1877629953385047e-05,0.0021877629953385045,False,<50%
update-settings.ini,,,,,,,,,,,,,,12/27/23 3:39:31,1720452672,update-settings.ini,\Program Files\Mozilla Firefox\update-settings.ini,File_Created / Basic_Info_Changed / Data_Added / Data_Overwritten,Normal,Archive,,0x000200000000C102,0x012600000000389E,,,,0,2,False,True,0.5,False,update-settings.ini,\Program Files\Mozilla Firefox\update-settings.ini,False,False,False,False,0,False,False,False,False,False,False,False,True,False,False,False,False,False,False,False,False,False,False,3,19,False,True,False,False,False,False,False,False,False,False,False,False,False,False,False,True,False,1,2.187793651320593e-05,0.002187793651320593,False,<50%
update.log,,,,,,,,,,,,,,12/27/23 3:39:37,1720485880,update.log,\ProgramData\Mozilla-1de4eec8-1241-4177-a864-e594e8d1fb38\updates\308046B0AF4A39CB\updates\0\update.log,Basic_Info_Changed / Data_Added / Data_Overwritten / Data_Truncated,Normal,Archive / Not_Content_Indexed,,0x000800000000294F,0x00020000000209A3,,,,0,4,False,True,0.5,False,update.log,\ProgramData\Mozilla-1de4eec8-1241-4177-a864-e594e8d1fb38\updates\308046B0AF4A39CB\updates\0\update.log,False,False,False,False,0,False,False,False,False,False,False,False,True,False,False,False,False,False,False,False,False,False,False,7,10,True,True,False,False,False,False,False,False,False,False,False,False,False,False,False,False,False,1,2.1877594823747265e-05,0.0021877594823747266,False,<50%
update.status,,,,,,,,,,,,,,12/27/23 3:39:37,1720485464,update.status,\ProgramData\Mozilla-1de4eec8-1241-4177-a864-e594e8d1fb38\updates\308046B0AF4A39CB\updates\0\update.status,Basic_Info_Changed / Data_Added / Data_Overwritten / Data_Truncated,Normal,Archive / Not_Content_Indexed,,0x000F000000002453,0x00020000000209A3,,,,0,4,False,True,0.5,False,update.status,\ProgramData\Mozilla-1de4eec8-1241-4177-a864-e594e8d1fb38\updates\308046B0AF4A39CB\updates\0\update.status,False,False,False,False,0,False,False,False,False,False,False,False,True,False,False,False,False,False,False,False,False,False,False,7,13,True,True,False,False,False,False,False,False,False,False,False,False,False,False,False,False,False,1,2.1877594823747265e-05,0.0021877594823747266,False,<50%
updater.exe,,,,,,,,,,,,,,12/27/23 3:39:30,1720400136,updater.exe,\Program Files (x86)\Mozilla Maintenance Service\update\updater.exe,File_Created / Basic_Info_Changed / Data_Added / Data_Overwritten,Normal,Archive,,0x000400000000341C,0x0002000000055AC9,,,,0,6,False,True,0.5,False,updater.exe,\Program Files (x86)\Mozilla Maintenance Service\update\updater.exe,False,False,False,False,0,False,False,False,False,False,False,False,True,False,False,False,False,False,True,False,False,False,False,4,11,False,True,False,False,False,False,False,False,False,False,False,False,False,False,False,True,False,1,2.1877635627054125e-05,0.0021877635627054123,False,<50%
updater.ini,,,,,,,,,,,,,,12/27/23 3:39:30,1720400576,updater.ini,\Program Files (x86)\Mozilla Maintenance Service\update\updater.ini,File_Created / Basic_Info_Changed / Data_Added / Data_Overwritten,Normal,Archive,,0x00030000000034DB,0x0002000000055AC9,,,,0,6,False,True,0.5,False,updater.ini,\Program Files (x86)\Mozilla Maintenance Service\update\updater.ini,False,False,False,False,0,False,False,False,False,False,False,False,True,False,False,False,False,False,False,False,False,False,False,4,11,False,True,False,False,False,False,False,False,False,False,False,False,False,False,False,True,False,1,2.1877629953385047e-05,0.0021877629953385045,False,<50%
updatesessionorchestration.011228fb-fbc4-4953-b0a2-44771986c76b.1.etl,,,,,,,,,,,,,,12/28/23 9:22:18,1742405832,UpdateSessionOrchestration.011228fb-fbc4-4953-b0a2-44771986c76b.1.etl,\ProgramData\USOShared\Logs\System\UpdateSessionOrchestration.011228fb-fbc4-4953-b0a2-44771986c76b.1.etl,File_Created / Basic_Info_Changed,Normal,Not_Content_Indexed,,0x00070000000003E2,0x0001000000000624,,,,0,3,False,True,0.5,False,UpdateSessionOrchestration.011228fb-fbc4-4953-b0a2-44771986c76b.1.etl,\ProgramData\USOShared\Logs\System\UpdateSessionOrchestration.011228fb-fbc4-4953-b0a2-44771986c76b.1.etl,False,False,False,False,0,False,False,False,False,False,False,False,True,False,False,False,False,False,False,False,False,False,False,5,69,True,True,False,False,False,False,False,False,False,False,False,False,False,False,False,False,False,1,2.1896706962940895e-05,0.0021896706962940896,False,<50%
user-not-present-trace-2023-12-27-08-31-10.etl,,,,,,,,,,,,,,12/27/23 7:31:10,1723426760,user-not-present-trace-2023-12-27-08-31-10.etl,\Windows\System32\SleepStudy\user-not-present-trace-2023-12-27-08-31-10.etl,File_Created / Basic_Info_Changed / Content_Indexed_Attr_Changed,Normal,Not_Content_Indexed,,0x006E00000000B962,0x0002000000019648,,,,0,8,False,True,0.5,False,user-not-present-trace-2023-12-27-08-31-10.etl,\Windows\System32\SleepStudy\user-not-present-trace-2023-12-27-08-31-10.etl,False,False,False,False,0,False,False,False,False,False,False,False,True,False,False,False,False,False,False,False,False,False,False,4,46,False,True,False,False,False,False,False,False,False,False,False,False,False,False,True,False,False,1,2.1898135212298653e-05,0.0021898135212298653,False,<50%
user-not-present-trace-2023-12-27-13-13-46.etl,,,,,,,,,,,,,,12/27/23 12:13:46,1727182800,user-not-present-trace-2023-12-27-13-13-46.etl,\Windows\System32\SleepStudy\user-not-present-trace-2023-12-27-13-13-46.etl,File_Created / Basic_Info_Changed / Content_Indexed_Attr_Changed,Normal,Not_Content_Indexed,,0x005B00000000C196,0x0002000000019648,,,,0,8,False,True,0.5,False,user-not-present-trace-2023-12-27-13-13-46.etl,\Windows\System32\SleepStudy\user-not-present-trace-2023-12-27-13-13-46.etl,False,False,False,False,0,False,False,False,False,False,False,False,True,False,False,False,False,False,False,False,False,False,False,4,46,False,True,False,False,False,False,False,False,False,False,False,False,False,False,True,False,False,1,2.1898135212298653e-05,0.0021898135212298653,False,<50%
user-not-present-trace-2023-12-27-16-07-12.etl,,,,,,,,,,,,,,12/27/23 15:07:12,1729378304,user-not-present-trace-2023-12-27-16-07-12.etl,\Windows\System32\SleepStudy\user-not-present-trace-2023-12-27-16-07-12.etl,File_Created / Basic_Info_Changed / Content_Indexed_Attr_Changed,Normal,Not_Content_Indexed,,0x009B00000000BFA4,0x0002000000019648,,,,0,8,False,True,0.5,False,user-not-present-trace-2023-12-27-16-07-12.etl,\Windows\System32\SleepStudy\user-not-present-trace-2023-12-27-16-07-12.etl,False,False,False,False,0,False,False,False,False,False,False,False,True,False,False,False,False,False,False,False,False,False,False,4,46,False,True,False,False,False,False,False,False,False,False,False,False,False,False,True,False,False,1,2.1898135212298653e-05,0.0021898135212298653,False,<50%
user-not-present-trace-2023-12-27-17-29-27.etl,,,,,,,,,,,,,,12/27/23 16:29:27,1730424832,user-not-present-trace-2023-12-27-17-29-27.etl,\Windows\System32\SleepStudy\user-not-present-trace-2023-12-27-17-29-27.etl,File_Created / Basic_Info_Changed / Content_Indexed_Attr_Changed,Normal,Not_Content_Indexed,,0x003600000000C222,0x0002000000019648,,,,0,8,False,True,0.5,False,user-not-present-trace-2023-12-27-17-29-27.etl,\Windows\System32\SleepStudy\user-not-present-trace-2023-12-27-17-29-27.etl,False,False,False,False,0,False,False,False,False,False,False,False,True,False,False,False,False,False,False,False,False,False,False,4,46,False,True,False,False,False,False,False,False,False,False,False,False,False,False,True,False,False,1,2.1898135212298653e-05,0.0021898135212298653,False,<50%
user-not-present-trace-2023-12-27-22-54-12.etl,,,,,,,,,,,,,,12/27/23 21:54:12,1734692440,user-not-present-trace-2023-12-27-22-54-12.etl,\Windows\System32\SleepStudy\user-not-present-trace-2023-12-27-22-54-12.etl,File_Created / Basic_Info_Changed / Content_Indexed_Attr_Changed,Normal,Not_Content_Indexed,,0x001C00000000C245,0x0002000000019648,,,,0,8,False,True,0.5,False,user-not-present-trace-2023-12-27-22-54-12.etl,\Windows\System32\SleepStudy\user-not-present-trace-2023-12-27-22-54-12.etl,False,False,False,False,0,False,False,False,False,False,False,False,True,False,False,False,False,False,False,False,False,False,False,4,46,False,True,False,False,False,False,False,False,False,False,False,False,False,False,True,False,False,1,2.1898135212298653e-05,0.0021898135212298653,False,<50%
user-not-present-trace-2023-12-28-23-42-02.etl,,,,,,,,,,,,,,12/28/23 22:42:02,1754127928,user-not-present-trace-2023-12-28-23-42-02.etl,\Windows\System32\SleepStudy\user-not-present-trace-2023-12-28-23-42-02.etl,File_Created / Basic_Info_Changed / Content_Indexed_Attr_Changed,Normal,Not_Content_Indexed,,0x003100000000C90F,0x0002000000019648,,,,0,8,False,True,0.5,False,user-not-present-trace-2023-12-28-23-42-02.etl,\Windows\System32\SleepStudy\user-not-present-trace-2023-12-28-23-42-02.etl,False,False,False,False,0,False,False,False,False,False,False,False,True,False,False,False,False,False,False,False,False,False,False,4,46,False,True,False,False,False,False,False,False,False,False,False,False,False,False,True,False,False,1,2.1898135212298653e-05,0.0021898135212298653,False,<50%
user.dat,,,,,,,,,,,,,,12/28/23 8:51:06,1742187032,User.dat,\Users\blueangel\AppData\Local\Packages\Microsoft.YourPhone_8wekyb3d8bbwe\SystemAppData\Helium\User.dat,Basic_Info_Changed,Normal,Archive,,0x000100000003CACE,0x000100000003CA91,,,,0,12,False,True,0.5,False,User.dat,\Users\blueangel\AppData\Local\Packages\Microsoft.YourPhone_8wekyb3d8bbwe\SystemAppData\Helium\User.dat,False,False,False,False,0,False,False,False,False,False,False,False,True,False,False,False,False,False,False,False,False,False,False,9,8,True,True,False,False,False,False,False,False,False,False,False,False,False,False,False,False,False,1,2.1877629370398507e-05,0.002187762937039851,False,<50%
user.txt,,,,,,,,,,,,,,12/28/23 9:23:47,1742870224,user.txt,\Users\blueangel\AppData\Local\Temp\RarSFX1\user.txt,File_Created / Basic_Info_Changed / Data_Added / Data_Overwritten,Normal,Archive,,0x000200000000C5A3,0x000500000000C581,,,,0,2,False,True,0.5,False,user.txt,\Users\blueangel\AppData\Local\Temp\RarSFX1\user.txt,False,False,False,False,0,False,False,False,False,False,False,False,True,False,False,False,False,False,False,False,True,False,False,7,8,True,True,False,False,False,False,False,False,False,False,False,False,False,True,False,False,False,1,2.158464877656569e-05,0.002158464877656569,False,<50%
userclasses.dat,,,,,,,,,,,,,,12/28/23 8:51:06,1742186936,UserClasses.dat,\Users\blueangel\AppData\Local\Packages\Microsoft.YourPhone_8wekyb3d8bbwe\SystemAppData\Helium\UserClasses.dat,Basic_Info_Changed,Normal,Archive,,0x000100000003CADF,0x000100000003CA91,,,,0,12,False,True,0.5,False,UserClasses.dat,\Users\blueangel\AppData\Local\Packages\Microsoft.YourPhone_8wekyb3d8bbwe\SystemAppData\Helium\UserClasses.dat,False,False,False,False,0,False,False,False,False,False,False,False,True,False,False,False,False,False,False,False,False,False,False,9,15,True,True,False,False,False,False,False,False,False,False,False,False,False,False,False,False,False,1,2.1877629370398507e-05,0.002187762937039851,False,<50%
usernotpresentsession.etl,,,,,,,,,,,,,,12/28/23 9:21:29,1742292576,UserNotPresentSession.etl,\Windows\System32\SleepStudy\UserNotPresentSession.etl,Basic_Info_Changed / Data_Truncated,Normal,Not_Content_Indexed,,0x000F0000000123AB,0x0002000000019648,,,,0,3,False,True,0.5,False,UserNotPresentSession.etl,\Windows\System32\SleepStudy\UserNotPresentSession.etl,False,False,False,False,0,False,False,False,False,False,False,False,True,False,False,False,False,False,False,False,False,False,False,4,25,False,True,False,False,False,False,False,False,False,False,False,False,False,False,True,False,False,1,2.187762651145167e-05,0.002187762651145167,False,<50%
usrclass.dat,,,,,,,,,,,,,,12/28/23 8:51:12,1742209312,UsrClass.dat,\Users\blueangel\AppData\Local\Microsoft\Windows\UsrClass.dat,Basic_Info_Changed / Data_Overwritten,Normal,Archive / Hidden,,0x000100000001A32D,0x000100000001A2EA,,,,0,2,False,True,0.5,False,UsrClass.dat,\Users\blueangel\AppData\Local\Microsoft\Windows\UsrClass.dat,False,False,False,False,0,False,False,False,False,False,False,False,True,False,False,False,False,False,False,False,False,False,False,7,12,True,True,False,False,False,False,False,False,False,False,False,False,False,False,True,False,False,1,2.1877624142297863e-05,0.0021877624142297865,False,<50%
vcruntime140.dll,,,,,,,,,,,,,,12/27/23 3:39:31,1720454048,vcruntime140.dll,\Program Files\Mozilla Firefox\vcruntime140.dll,File_Created / Basic_Info_Changed / Data_Added / Data_Overwritten,Normal,Archive,,0x000200000000C105,0x012600000000389E,,,,0,2,False,True,0.5,False,vcruntime140.dll,\Program Files\Mozilla Firefox\vcruntime140.dll,False,False,False,False,0,False,False,False,False,False,False,False,True,False,False,False,False,False,True,False,False,False,True,3,16,False,True,False,False,False,False,False,False,False,False,False,False,False,False,False,True,False,1,2.187794344483858e-05,0.002187794344483858,False,<50%
vhdprovider.dll,,,,,,,,,,,,,,12/27/23 16:33:46,1730537760,VhdProvider.dll,,File_Created / Basic_Info_Changed / Data_Added / Data_Overwritten / Extended_Attr_Changed / Access_Right_Changed,Normal,Archive,,0x000200000000C294,0x000200000000C22F,,,,0,12,False,True,0.5,False,VhdProvider.dll,,False,False,False,False,0,False,False,False,False,False,False,False,True,False,False,False,False,False,True,False,False,False,True,0,15,False,True,False,False,False,False,False,False,False,False,False,False,False,False,False,False,False,1,2.1877934654115063e-05,0.002187793465411506,False,<50%
vhdprovider.dll.mui,,,,,,,,,,,,,,12/27/23 16:33:46,1730529856,VhdProvider.dll.mui,,File_Created / Basic_Info_Changed / Data_Added / Data_Overwritten / Access_Right_Changed,Normal,Archive,,0x000200000000C279,0x000200000000C24F,,,,0,12,False,True,0.5,False,VhdProvider.dll.mui,,False,False,False,False,0,False,False,False,False,False,False,False,True,False,False,False,False,False,False,False,False,False,False,0,19,False,True,False,False,False,False,False,False,False,False,False,False,False,False,False,False,False,1,2.187793462899479e-05,0.002187793462899479,False,<50%
visualelements_150.png,,,,,,,,,,,,,,12/27/23 3:39:31,1720425320,VisualElements_150.png,\Program Files\Mozilla Firefox\browser\VisualElements\VisualElements_150.png,File_Created / Basic_Info_Changed / Data_Added / Data_Overwritten,Normal,Archive,,0x0012000000008BC5,0x0010000000008A47,,,,0,2,False,True,0.5,False,VisualElements_150.png,\Program Files\Mozilla Firefox\browser\VisualElements\VisualElements_150.png,False,False,False,False,0,False,False,False,False,False,False,False,True,False,False,False,False,False,False,False,False,False,False,5,22,False,True,False,False,False,False,False,False,False,False,False,False,True,False,False,True,False,1,2.1877629812174717e-05,0.0021877629812174716,False,<50%
visualelements_70.png,,,,,,,,,,,,,,12/27/23 3:39:31,1720425840,VisualElements_70.png,\Program Files\Mozilla Firefox\browser\VisualElements\VisualElements_70.png,File_Created / Basic_Info_Changed / Data_Added / Data_Overwritten,Normal,Archive,,0x001F000000008D54,0x0010000000008A47,,,,0,2,False,True,0.5,False,VisualElements_70.png,\Program Files\Mozilla Firefox\browser\VisualElements\VisualElements_70.png,False,False,False,False,0,False,False,False,False,False,False,False,True,False,False,False,False,False,False,False,False,False,False,5,21,False,True,False,False,False,False,False,False,False,False,False,False,True,False,False,True,False,1,2.1877629812174717e-05,0.0021877629812174716,False,<50%
waasmedic.20231226_190129_487.etl,,,,,,,,,,,,,,12/27/23 3:01:29,1719896496,waasmedic.20231226_190129_487.etl,\Windows\Logs\waasmedic\waasmedic.20231226_190129_487.etl,File_Created / Basic_Info_Changed / Content_Indexed_Attr_Changed,Normal,Not_Content_Indexed,,0x0004000000001B9D,0x000100000001A208,,,,0,4,False,True,0.5,False,waasmedic.20231226_190129_487.etl,\Windows\Logs\waasmedic\waasmedic.20231226_190129_487.etl,False,False,False,False,0,False,False,False,False,False,False,False,True,False,False,False,False,False,False,False,False,False,False,4,33,False,True,False,False,False,False,False,False,False,False,False,False,False,False,True,False,False,1,2.187762651145167e-05,0.002187762651145167,False,<50%
waasmedic.20231226_194017_415.etl,,,,,,,,,,,,,,12/27/23 3:40:17,1720512112,waasmedic.20231226_194017_415.etl,\Windows\Logs\waasmedic\waasmedic.20231226_194017_415.etl,File_Created / Basic_Info_Changed / Content_Indexed_Attr_Changed,Normal,Not_Content_Indexed,,0x00060000000034DB,0x000100000001A208,,,,0,4,False,True,0.5,False,waasmedic.20231226_194017_415.etl,\Windows\Logs\waasmedic\waasmedic.20231226_194017_415.etl,False,False,False,False,0,False,False,False,False,False,False,False,True,False,False,False,False,False,False,False,False,False,False,4,33,False,True,False,False,False,False,False,False,False,False,False,False,False,False,True,False,False,1,2.187762651145167e-05,0.002187762651145167,False,<50%
waasmedic.20231226_204017_400.etl,,,,,,,,,,,,,,12/27/23 4:40:17,1721279776,waasmedic.20231226_204017_400.etl,\Windows\Logs\waasmedic\waasmedic.20231226_204017_400.etl,File_Created / Basic_Info_Changed / Content_Indexed_Attr_Changed,Normal,Not_Content_Indexed,,0x003600000000C0A4,0x000100000001A208,,,,0,4,False,True,0.5,False,waasmedic.20231226_204017_400.etl,\Windows\Logs\waasmedic\waasmedic.20231226_204017_400.etl,False,False,False,False,0,False,False,False,False,False,False,False,True,False,False,False,False,False,False,False,False,False,False,4,33,False,True,False,False,False,False,False,False,False,False,False,False,False,False,True,False,False,1,2.187762651145167e-05,0.002187762651145167,False,<50%
waasmedic.20231226_214017_430.etl,,,,,,,,,,,,,,12/27/23 5:40:17,1722032752,waasmedic.20231226_214017_430.etl,\Windows\Logs\waasmedic\waasmedic.20231226_214017_430.etl,File_Created / Basic_Info_Changed / Content_Indexed_Attr_Changed,Normal,Not_Content_Indexed,,0x000800000000C0FC,0x000100000001A208,,,,0,4,False,True,0.5,False,waasmedic.20231226_214017_430.etl,\Windows\Logs\waasmedic\waasmedic.20231226_214017_430.etl,False,False,False,False,0,False,False,False,False,False,False,False,True,False,False,False,False,False,False,False,False,False,False,4,33,False,True,False,False,False,False,False,False,False,False,False,False,False,False,True,False,False,1,2.187762651145167e-05,0.002187762651145167,False,<50%
waasmedic.20231226_224017_429.etl,,,,,,,,,,,,,,12/27/23 6:40:17,1722784720,waasmedic.20231226_224017_429.etl,\Windows\Logs\waasmedic\waasmedic.20231226_224017_429.etl,File_Created / Basic_Info_Changed / Content_Indexed_Attr_Changed,Normal,Not_Content_Indexed,,0x000200000000C10F,0x000100000001A208,,,,0,4,False,True,0.5,False,waasmedic.20231226_224017_429.etl,\Windows\Logs\waasmedic\waasmedic.20231226_224017_429.etl,False,False,False,False,0,False,False,False,False,False,False,False,True,False,False,False,False,False,False,False,False,False,False,4,33,False,True,False,False,False,False,False,False,False,False,False,False,False,False,True,False,False,1,2.187762651145167e-05,0.002187762651145167,False,<50%
waasmedic.20231226_233512_253.etl,,,,,,,,,,,,,,12/27/23 7:35:12,1723487680,waasmedic.20231226_233512_253.etl,\Windows\Logs\waasmedic\waasmedic.20231226_233512_253.etl,File_Created / Basic_Info_Changed / Content_Indexed_Attr_Changed,Normal,Not_Content_Indexed,,0x000200000000C11F,0x000100000001A208,,,,0,4,False,True,0.5,False,waasmedic.20231226_233512_253.etl,\Windows\Logs\waasmedic\waasmedic.20231226_233512_253.etl,False,False,False,False,0,False,False,False,False,False,False,False,True,False,False,False,False,False,False,False,False,False,False,4,33,False,True,False,False,False,False,False,False,False,False,False,False,False,False,True,False,False,1,2.187762651145167e-05,0.002187762651145167,False,<50%
waasmedic.20231226_234749_320.etl,,,,,,,,,,,,,,12/27/23 7:47:49,1723657992,waasmedic.20231226_234749_320.etl,\Windows\Logs\waasmedic\waasmedic.20231226_234749_320.etl,File_Created / Basic_Info_Changed / Content_Indexed_Attr_Changed,Normal,Not_Content_Indexed,,0x000300000000C126,0x000100000001A208,,,,0,4,False,True,0.5,False,waasmedic.20231226_234749_320.etl,\Windows\Logs\waasmedic\waasmedic.20231226_234749_320.etl,False,False,False,False,0,False,False,False,False,False,False,False,True,False,False,False,False,False,False,False,False,False,False,4,33,False,True,False,False,False,False,False,False,False,False,False,False,False,False,True,False,False,1,2.187762651145167e-05,0.002187762651145167,False,<50%
waasmedic.20231227_004749_644.etl,,,,,,,,,,,,,,12/27/23 8:47:49,1724423648,waasmedic.20231227_004749_644.etl,\Windows\Logs\waasmedic\waasmedic.20231227_004749_644.etl,File_Created / Basic_Info_Changed / Content_Indexed_Attr_Changed,Normal,Not_Content_Indexed,,0x000200000000C144,0x000100000001A208,,,,0,4,False,True,0.5,False,waasmedic.20231227_004749_644.etl,\Windows\Logs\waasmedic\waasmedic.20231227_004749_644.etl,False,False,False,False,0,False,False,False,False,False,False,False,True,False,False,False,False,False,False,False,False,False,False,4,33,False,True,False,False,False,False,False,False,False,False,False,False,False,False,True,False,False,1,2.187762651145167e-05,0.002187762651145167,False,<50%
waasmedic.20231227_014749_641.etl,,,,,,,,,,,,,,12/27/23 9:47:49,1725180160,waasmedic.20231227_014749_641.etl,\Windows\Logs\waasmedic\waasmedic.20231227_014749_641.etl,File_Created / Basic_Info_Changed / Content_Indexed_Attr_Changed,Normal,Not_Content_Indexed,,0x000200000000C16D,0x000100000001A208,,,,0,4,False,True,0.5,False,waasmedic.20231227_014749_641.etl,\Windows\Logs\waasmedic\waasmedic.20231227_014749_641.etl,False,False,False,False,0,False,False,False,False,False,False,False,True,False,False,False,False,False,False,False,False,False,False,4,33,False,True,False,False,False,False,False,False,False,False,False,False,False,False,True,False,False,1,2.187762651145167e-05,0.002187762651145167,False,<50%
waasmedic.20231227_024749_657.etl,,,,,,,,,,,,,,12/27/23 10:47:49,1726039328,waasmedic.20231227_024749_657.etl,\Windows\Logs\waasmedic\waasmedic.20231227_024749_657.etl,File_Created / Basic_Info_Changed / Content_Indexed_Attr_Changed,Normal,Not_Content_Indexed,,0x000200000000C1A0,0x000100000001A208,,,,0,4,False,True,0.5,False,waasmedic.20231227_024749_657.etl,\Windows\Logs\waasmedic\waasmedic.20231227_024749_657.etl,False,False,False,False,0,False,False,False,False,False,False,False,True,False,False,False,False,False,False,False,False,False,False,4,33,False,True,False,False,False,False,False,False,False,False,False,False,False,False,True,False,False,1,2.187762651145167e-05,0.002187762651145167,False,<50%
waasmedic.20231227_033941_850.etl,,,,,,,,,,,,,,12/27/23 11:39:41,1726710352,waasmedic.20231227_033941_850.etl,\Windows\Logs\waasmedic\waasmedic.20231227_033941_850.etl,File_Created / Basic_Info_Changed / Content_Indexed_Attr_Changed,Normal,Not_Content_Indexed,,0x000600000000C1C3,0x000100000001A208,,,,0,4,False,True,0.5,False,waasmedic.20231227_033941_850.etl,\Windows\Logs\waasmedic\waasmedic.20231227_033941_850.etl,False,False,False,False,0,False,False,False,False,False,False,False,True,False,False,False,False,False,False,False,False,False,False,4,33,False,True,False,False,False,False,False,False,False,False,False,False,False,False,True,False,False,1,2.187762651145167e-05,0.002187762651145167,False,<50%
waasmedic.20231227_034749_496.etl,,,,,,,,,,,,,,12/27/23 11:47:49,1726835416,waasmedic.20231227_034749_496.etl,\Windows\Logs\waasmedic\waasmedic.20231227_034749_496.etl,File_Created / Basic_Info_Changed / Content_Indexed_Attr_Changed,Normal,Not_Content_Indexed,,0x000300000000C1CD,0x000100000001A208,,,,0,4,False,True,0.5,False,waasmedic.20231227_034749_496.etl,\Windows\Logs\waasmedic\waasmedic.20231227_034749_496.etl,False,False,False,False,0,False,False,False,False,False,False,False,True,False,False,False,False,False,False,False,False,False,False,4,33,False,True,False,False,False,False,False,False,False,False,False,False,False,False,True,False,False,1,2.187762651145167e-05,0.002187762651145167,False,<50%
waasmedic.20231227_041751_890.etl,,,,,,,,,,,,,,12/27/23 12:17:51,1727243320,waasmedic.20231227_041751_890.etl,\Windows\Logs\waasmedic\waasmedic.20231227_041751_890.etl,File_Created / Basic_Info_Changed / Content_Indexed_Attr_Changed,Normal,Not_Content_Indexed,,0x00BD00000000C130,0x000100000001A208,,,,0,4,False,True,0.5,False,waasmedic.20231227_041751_890.etl,\Windows\Logs\waasmedic\waasmedic.20231227_041751_890.etl,False,False,False,False,0,False,False,False,False,False,False,False,True,False,False,False,False,False,False,False,False,False,False,4,33,False,True,False,False,False,False,False,False,False,False,False,False,False,False,True,False,False,1,2.187762651145167e-05,0.002187762651145167,False,<50%
waasmedic.20231227_051752_153.etl,,,,,,,,,,,,,,12/27/23 13:17:52,1728007664,waasmedic.20231227_051752_153.etl,\Windows\Logs\waasmedic\waasmedic.20231227_051752_153.etl,File_Created / Basic_Info_Changed / Content_Indexed_Attr_Changed,Normal,Not_Content_Indexed,,0x000500000000C15E,0x000100000001A208,,,,0,4,False,True,0.5,False,waasmedic.20231227_051752_153.etl,\Windows\Logs\waasmedic\waasmedic.20231227_051752_153.etl,False,False,False,False,0,False,False,False,False,False,False,False,True,False,False,False,False,False,False,False,False,False,False,4,33,False,True,False,False,False,False,False,False,False,False,False,False,False,False,True,False,False,1,2.187762651145167e-05,0.002187762651145167,False,<50%
waasmedic.20231227_061752_140.etl,,,,,,,,,,,,,,12/27/23 14:17:52,1728751696,waasmedic.20231227_061752_140.etl,\Windows\Logs\waasmedic\waasmedic.20231227_061752_140.etl,File_Created / Basic_Info_Changed / Content_Indexed_Attr_Changed,Normal,Not_Content_Indexed,,0x000200000000C1FF,0x000100000001A208,,,,0,4,False,True,0.5,False,waasmedic.20231227_061752_140.etl,\Windows\Logs\waasmedic\waasmedic.20231227_061752_140.etl,False,False,False,False,0,False,False,False,False,False,False,False,True,False,False,False,False,False,False,False,False,False,False,4,33,False,True,False,False,False,False,False,False,False,False,False,False,False,False,True,False,False,1,2.187762651145167e-05,0.002187762651145167,False,<50%
waasmedic.20231227_071216_499.etl,,,,,,,,,,,,,,12/27/23 15:12:16,1729441792,waasmedic.20231227_071216_499.etl,\Windows\Logs\waasmedic\waasmedic.20231227_071216_499.etl,File_Created / Basic_Info_Changed / Content_Indexed_Attr_Changed,Normal,Not_Content_Indexed,,0x000200000000C211,0x000100000001A208,,,,0,4,False,True,0.5,False,waasmedic.20231227_071216_499.etl,\Windows\Logs\waasmedic\waasmedic.20231227_071216_499.etl,False,False,False,False,0,False,False,False,False,False,False,False,True,False,False,False,False,False,False,False,False,False,False,4,33,False,True,False,False,False,False,False,False,False,False,False,False,False,False,True,False,False,1,2.187762651145167e-05,0.002187762651145167,False,<50%
waasmedic.20231227_081216_810.etl,,,,,,,,,,,,,,12/27/23 16:12:16,1730204576,waasmedic.20231227_081216_810.etl,\Windows\Logs\waasmedic\waasmedic.20231227_081216_810.etl,File_Created / Basic_Info_Changed / Content_Indexed_Attr_Changed,Normal,Not_Content_Indexed,,0x000700000000C223,0x000100000001A208,,,,0,4,False,True,0.5,False,waasmedic.20231227_081216_810.etl,\Windows\Logs\waasmedic\waasmedic.20231227_081216_810.etl,False,False,False,False,0,False,False,False,False,False,False,False,True,False,False,False,False,False,False,False,False,False,False,4,33,False,True,False,False,False,False,False,False,False,False,False,False,False,False,True,False,False,1,2.187762651145167e-05,0.002187762651145167,False,<50%
waasmedic.20231227_083344_645.etl,,,,,,,,,,,,,,12/27/23 16:33:44,1730489104,waasmedic.20231227_083344_645.etl,\Windows\Logs\waasmedic\waasmedic.20231227_083344_645.etl,File_Created / Basic_Info_Changed / Content_Indexed_Attr_Changed,Normal,Not_Content_Indexed,,0x000400000000C22D,0x000100000001A208,,,,0,4,False,True,0.5,False,waasmedic.20231227_083344_645.etl,\Windows\Logs\waasmedic\waasmedic.20231227_083344_645.etl,False,False,False,False,0,False,False,False,False,False,False,False,True,False,False,False,False,False,False,False,False,False,False,4,33,False,True,False,False,False,False,False,False,False,False,False,False,False,False,True,False,False,1,2.187762651145167e-05,0.002187762651145167,False,<50%
waasmedic.20231227_093344_949.etl,,,,,,,,,,,,,,12/27/23 17:33:44,1731341360,waasmedic.20231227_093344_949.etl,\Windows\Logs\waasmedic\waasmedic.20231227_093344_949.etl,File_Created / Basic_Info_Changed / Content_Indexed_Attr_Changed,Normal,Not_Content_Indexed,,0x000600000000C247,0x000100000001A208,,,,0,4,False,True,0.5,False,waasmedic.20231227_093344_949.etl,\Windows\Logs\waasmedic\waasmedic.20231227_093344_949.etl,False,False,False,False,0,False,False,False,False,False,False,False,True,False,False,False,False,False,False,False,False,False,False,4,33,False,True,False,False,False,False,False,False,False,False,False,False,False,False,True,False,False,1,2.187762651145167e-05,0.002187762651145167,False,<50%
waasmedic.20231227_103344_942.etl,,,,,,,,,,,,,,12/27/23 18:33:44,1732146776,waasmedic.20231227_103344_942.etl,\Windows\Logs\waasmedic\waasmedic.20231227_103344_942.etl,File_Created / Basic_Info_Changed / Content_Indexed_Attr_Changed,Normal,Not_Content_Indexed,,0x000A00000000C261,0x000100000001A208,,,,0,4,False,True,0.5,False,waasmedic.20231227_103344_942.etl,\Windows\Logs\waasmedic\waasmedic.20231227_103344_942.etl,False,False,False,False,0,False,False,False,False,False,False,False,True,False,False,False,False,False,False,False,False,False,False,4,33,False,True,False,False,False,False,False,False,False,False,False,False,False,False,True,False,False,1,2.187762651145167e-05,0.002187762651145167,False,<50%
waasmedic.20231227_113344_989.etl,,,,,,,,,,,,,,12/27/23 19:33:44,1732907136,waasmedic.20231227_113344_989.etl,\Windows\Logs\waasmedic\waasmedic.20231227_113344_989.etl,File_Created / Basic_Info_Changed / Content_Indexed_Attr_Changed,Normal,Not_Content_Indexed,,0x001200000000C224,0x000100000001A208,,,,0,4,False,True,0.5,False,waasmedic.20231227_113344_989.etl,\Windows\Logs\waasmedic\waasmedic.20231227_113344_989.etl,False,False,False,False,0,False,False,False,False,False,False,False,True,False,False,False,False,False,False,False,False,False,False,4,33,False,True,False,False,False,False,False,False,False,False,False,False,False,False,True,False,False,1,2.187762651145167e-05,0.002187762651145167,False,<50%
waasmedic.20231227_123344_980.etl,,,,,,,,,,,,,,12/27/23 20:33:44,1733669256,waasmedic.20231227_123344_980.etl,\Windows\Logs\waasmedic\waasmedic.20231227_123344_980.etl,File_Created / Basic_Info_Changed / Content_Indexed_Attr_Changed,Normal,Not_Content_Indexed,,0x000300000000C22C,0x000100000001A208,,,,0,4,False,True,0.5,False,waasmedic.20231227_123344_980.etl,\Windows\Logs\waasmedic\waasmedic.20231227_123344_980.etl,False,False,False,False,0,False,False,False,False,False,False,False,True,False,False,False,False,False,False,False,False,False,False,4,33,False,True,False,False,False,False,False,False,False,False,False,False,False,False,True,False,False,1,2.187762651145167e-05,0.002187762651145167,False,<50%
waasmedic.20231227_133344_963.etl,,,,,,,,,,,,,,12/27/23 21:33:44,1734433200,waasmedic.20231227_133344_963.etl,\Windows\Logs\waasmedic\waasmedic.20231227_133344_963.etl,File_Created / Basic_Info_Changed / Content_Indexed_Attr_Changed,Normal,Not_Content_Indexed,,0x000400000000C2CF,0x000100000001A208,,,,0,4,False,True,0.5,False,waasmedic.20231227_133344_963.etl,\Windows\Logs\waasmedic\waasmedic.20231227_133344_963.etl,False,False,False,False,0,False,False,False,False,False,False,False,True,False,False,False,False,False,False,False,False,False,False,4,33,False,True,False,False,False,False,False,False,False,False,False,False,False,False,True,False,False,1,2.187762651145167e-05,0.002187762651145167,False,<50%
waasmedic.20231228_012134_744.etl,,,,,,,,,,,,,,12/28/23 9:21:34,1742294576,waasmedic.20231228_012134_744.etl,\Windows\Logs\waasmedic\waasmedic.20231228_012134_744.etl,File_Created / Basic_Info_Changed / Content_Indexed_Attr_Changed,Normal,Not_Content_Indexed,,0x0012000000001B11,0x000100000001A208,,,,0,4,False,True,0.5,False,waasmedic.20231228_012134_744.etl,\Windows\Logs\waasmedic\waasmedic.20231228_012134_744.etl,False,False,False,False,0,False,False,False,False,False,False,False,True,False,False,False,False,False,False,False,False,False,False,4,33,False,True,False,False,False,False,False,False,False,False,False,False,False,False,True,False,False,1,2.187762651145167e-05,0.002187762651145167,False,<50%
waasmedic.20231228_012340_598.etl,,,,,,,,,,,,,,12/28/23 9:23:40,1742839152,waasmedic.20231228_012340_598.etl,\Windows\Logs\waasmedic\waasmedic.20231228_012340_598.etl,File_Created / Basic_Info_Changed / Content_Indexed_Attr_Changed,Normal,Not_Content_Indexed,,0x001100000000C011,0x000100000001A208,,,,0,4,False,True,0.5,False,waasmedic.20231228_012340_598.etl,\Windows\Logs\waasmedic\waasmedic.20231228_012340_598.etl,False,False,False,False,0,False,False,False,False,False,False,False,True,False,False,False,False,False,False,False,False,False,False,4,33,False,True,False,False,False,False,False,False,False,False,False,False,False,False,True,False,False,1,2.187762651145167e-05,0.002187762651145167,False,<50%
waasmedic.20231228_012813_969.etl,,,,,,,,,,,,,,12/28/23 9:28:13,1743061552,waasmedic.20231228_012813_969.etl,\Windows\Logs\waasmedic\waasmedic.20231228_012813_969.etl,File_Created / Basic_Info_Changed / Content_Indexed_Attr_Changed,Normal,Not_Content_Indexed,,0x000200000000C62E,0x000100000001A208,,,,0,4,False,True,0.5,False,waasmedic.20231228_012813_969.etl,\Windows\Logs\waasmedic\waasmedic.20231228_012813_969.etl,False,False,False,False,0,False,False,False,False,False,False,False,True,False,False,False,False,False,False,False,False,False,False,4,33,False,True,False,False,False,False,False,False,False,False,False,False,False,False,True,False,False,1,2.187762651145167e-05,0.002187762651145167,False,<50%
waasmedic.20231228_022814_285.etl,,,,,,,,,,,,,,12/28/23 10:28:14,1744153008,waasmedic.20231228_022814_285.etl,\Windows\Logs\waasmedic\waasmedic.20231228_022814_285.etl,File_Created / Basic_Info_Changed / Content_Indexed_Attr_Changed,Normal,Not_Content_Indexed,,0x001C00000000C665,0x000100000001A208,,,,0,4,False,True,0.5,False,waasmedic.20231228_022814_285.etl,\Windows\Logs\waasmedic\waasmedic.20231228_022814_285.etl,False,False,False,False,0,False,False,False,False,False,False,False,True,False,False,False,False,False,False,False,False,False,False,4,33,False,True,False,False,False,False,False,False,False,False,False,False,False,False,True,False,False,1,2.187762651145167e-05,0.002187762651145167,False,<50%
waasmedic.20231228_032814_245.etl,,,,,,,,,,,,,,12/28/23 11:28:14,1744943536,waasmedic.20231228_032814_245.etl,\Windows\Logs\waasmedic\waasmedic.20231228_032814_245.etl,File_Created / Basic_Info_Changed / Content_Indexed_Attr_Changed,Normal,Not_Content_Indexed,,0x000200000000C6AA,0x000100000001A208,,,,0,4,False,True,0.5,False,waasmedic.20231228_032814_245.etl,\Windows\Logs\waasmedic\waasmedic.20231228_032814_245.etl,False,False,False,False,0,False,False,False,False,False,False,False,True,False,False,False,False,False,False,False,False,False,False,4,33,False,True,False,False,False,False,False,False,False,False,False,False,False,False,True,False,False,1,2.187762651145167e-05,0.002187762651145167,False,<50%
waasmedic.20231228_042814_441.etl,,,,,,,,,,,,,,12/28/23 12:28:14,1745725608,waasmedic.20231228_042814_441.etl,\Windows\Logs\waasmedic\waasmedic.20231228_042814_441.etl,File_Created / Basic_Info_Changed / Content_Indexed_Attr_Changed,Normal,Not_Content_Indexed,,0x000400000000C6C0,0x000100000001A208,,,,0,4,False,True,0.5,False,waasmedic.20231228_042814_441.etl,\Windows\Logs\waasmedic\waasmedic.20231228_042814_441.etl,False,False,False,False,0,False,False,False,False,False,False,False,True,False,False,False,False,False,False,False,False,False,False,4,33,False,True,False,False,False,False,False,False,False,False,False,False,False,False,True,False,False,1,2.187762651145167e-05,0.002187762651145167,False,<50%
waasmedic.20231228_052814_275.etl,,,,,,,,,,,,,,12/28/23 13:28:14,1746562384,waasmedic.20231228_052814_275.etl,\Windows\Logs\waasmedic\waasmedic.20231228_052814_275.etl,File_Created / Basic_Info_Changed / Content_Indexed_Attr_Changed,Normal,Not_Content_Indexed,,0x000300000000C71A,0x000100000001A208,,,,0,4,False,True,0.5,False,waasmedic.20231228_052814_275.etl,\Windows\Logs\waasmedic\waasmedic.20231228_052814_275.etl,False,False,False,False,0,False,False,False,False,False,False,False,True,False,False,False,False,False,False,False,False,False,False,4,33,False,True,False,False,False,False,False,False,False,False,False,False,False,False,True,False,False,1,2.187762651145167e-05,0.002187762651145167,False,<50%
waasmedic.20231228_062814_282.etl,,,,,,,,,,,,,,12/28/23 14:28:14,1747354256,waasmedic.20231228_062814_282.etl,\Windows\Logs\waasmedic\waasmedic.20231228_062814_282.etl,File_Created / Basic_Info_Changed / Content_Indexed_Attr_Changed,Normal,Not_Content_Indexed,,0x001400000000C749,0x000100000001A208,,,,0,4,False,True,0.5,False,waasmedic.20231228_062814_282.etl,\Windows\Logs\waasmedic\waasmedic.20231228_062814_282.etl,False,False,False,False,0,False,False,False,False,False,False,False,True,False,False,False,False,False,False,False,False,False,False,4,33,False,True,False,False,False,False,False,False,False,False,False,False,False,False,True,False,False,1,2.187762651145167e-05,0.002187762651145167,False,<50%
waasmedic.20231228_072814_308.etl,,,,,,,,,,,,,,12/28/23 15:28:14,1748187048,waasmedic.20231228_072814_308.etl,\Windows\Logs\waasmedic\waasmedic.20231228_072814_308.etl,File_Created / Basic_Info_Changed / Content_Indexed_Attr_Changed,Normal,Not_Content_Indexed,,0x000400000000C7CB,0x000100000001A208,,,,0,4,False,True,0.5,False,waasmedic.20231228_072814_308.etl,\Windows\Logs\waasmedic\waasmedic.20231228_072814_308.etl,False,False,False,False,0,False,False,False,False,False,False,False,True,False,False,False,False,False,False,False,False,False,False,4,33,False,True,False,False,False,False,False,False,False,False,False,False,False,False,True,False,False,1,2.187762651145167e-05,0.002187762651145167,False,<50%
waasmedic.20231228_082814_321.etl,,,,,,,,,,,,,,12/28/23 16:28:14,1748985768,waasmedic.20231228_082814_321.etl,\Windows\Logs\waasmedic\waasmedic.20231228_082814_321.etl,File_Created / Basic_Info_Changed / Content_Indexed_Attr_Changed,Normal,Not_Content_Indexed,,0x000200000000C7FA,0x000100000001A208,,,,0,4,False,True,0.5,False,waasmedic.20231228_082814_321.etl,\Windows\Logs\waasmedic\waasmedic.20231228_082814_321.etl,False,False,False,False,0,False,False,False,False,False,False,False,True,False,False,False,False,False,False,False,False,False,False,4,33,False,True,False,False,False,False,False,False,False,False,False,False,False,False,True,False,False,1,2.187762651145167e-05,0.002187762651145167,False,<50%
waasmedic.20231228_092814_320.etl,,,,,,,,,,,,,,12/28/23 17:28:14,1749870000,waasmedic.20231228_092814_320.etl,\Windows\Logs\waasmedic\waasmedic.20231228_092814_320.etl,File_Created / Basic_Info_Changed / Content_Indexed_Attr_Changed,Normal,Not_Content_Indexed,,0x000900000000C8CF,0x000100000001A208,,,,0,4,False,True,0.5,False,waasmedic.20231228_092814_320.etl,\Windows\Logs\waasmedic\waasmedic.20231228_092814_320.etl,False,False,False,False,0,False,False,False,False,False,False,False,True,False,False,False,False,False,False,False,False,False,False,4,33,False,True,False,False,False,False,False,False,False,False,False,False,False,False,True,False,False,1,2.187762651145167e-05,0.002187762651145167,False,<50%
waasmedic.20231228_102814_363.etl,,,,,,,,,,,,,,12/28/23 18:28:14,1750678432,waasmedic.20231228_102814_363.etl,\Windows\Logs\waasmedic\waasmedic.20231228_102814_363.etl,File_Created / Basic_Info_Changed / Content_Indexed_Attr_Changed,Normal,Not_Content_Indexed,,0x000400000000C8F5,0x000100000001A208,,,,0,4,False,True,0.5,False,waasmedic.20231228_102814_363.etl,\Windows\Logs\waasmedic\waasmedic.20231228_102814_363.etl,False,False,False,False,0,False,False,False,False,False,False,False,True,False,False,False,False,False,False,False,False,False,False,4,33,False,True,False,False,False,False,False,False,False,False,False,False,False,False,True,False,False,1,2.187762651145167e-05,0.002187762651145167,False,<50%
waasmedic.20231228_112814_354.etl,,,,,,,,,,,,,,12/28/23 19:28:14,1751476656,waasmedic.20231228_112814_354.etl,\Windows\Logs\waasmedic\waasmedic.20231228_112814_354.etl,File_Created / Basic_Info_Changed / Content_Indexed_Attr_Changed,Normal,Not_Content_Indexed,,0x000400000000C921,0x000100000001A208,,,,0,4,False,True,0.5,False,waasmedic.20231228_112814_354.etl,\Windows\Logs\waasmedic\waasmedic.20231228_112814_354.etl,False,False,False,False,0,False,False,False,False,False,False,False,True,False,False,False,False,False,False,False,False,False,False,4,33,False,True,False,False,False,False,False,False,False,False,False,False,False,False,True,False,False,1,2.187762651145167e-05,0.002187762651145167,False,<50%
waasmedic.20231228_122814_373.etl,,,,,,,,,,,,,,12/28/23 20:28:14,1752274352,waasmedic.20231228_122814_373.etl,\Windows\Logs\waasmedic\waasmedic.20231228_122814_373.etl,File_Created / Basic_Info_Changed / Content_Indexed_Attr_Changed,Normal,Not_Content_Indexed,,0x000500000000C951,0x000100000001A208,,,,0,4,False,True,0.5,False,waasmedic.20231228_122814_373.etl,\Windows\Logs\waasmedic\waasmedic.20231228_122814_373.etl,False,False,False,False,0,False,False,False,False,False,False,False,True,False,False,False,False,False,False,False,False,False,False,4,33,False,True,False,False,False,False,False,False,False,False,False,False,False,False,True,False,False,1,2.187762651145167e-05,0.002187762651145167,False,<50%
waasmedic.20231228_132814_377.etl,,,,,,,,,,,,,,12/28/23 21:28:14,1753080976,waasmedic.20231228_132814_377.etl,\Windows\Logs\waasmedic\waasmedic.20231228_132814_377.etl,File_Created / Basic_Info_Changed / Content_Indexed_Attr_Changed,Normal,Not_Content_Indexed,,0x000200000000C98F,0x000100000001A208,,,,0,4,False,True,0.5,False,waasmedic.20231228_132814_377.etl,\Windows\Logs\waasmedic\waasmedic.20231228_132814_377.etl,False,False,False,False,0,False,False,False,False,False,False,False,True,False,False,False,False,False,False,False,False,False,False,4,33,False,True,False,False,False,False,False,False,False,False,False,False,False,False,True,False,False,1,2.187762651145167e-05,0.002187762651145167,False,<50%
waasmedic.20231228_142814_387.etl,,,,,,,,,,,,,,12/28/23 22:28:14,1753947760,waasmedic.20231228_142814_387.etl,\Windows\Logs\waasmedic\waasmedic.20231228_142814_387.etl,File_Created / Basic_Info_Changed / Content_Indexed_Attr_Changed,Normal,Not_Content_Indexed,,0x000300000000C9C0,0x000100000001A208,,,,0,4,False,True,0.5,False,waasmedic.20231228_142814_387.etl,\Windows\Logs\waasmedic\waasmedic.20231228_142814_387.etl,False,False,False,False,0,False,False,False,False,False,False,False,True,False,False,False,False,False,False,False,False,False,False,4,33,False,True,False,False,False,False,False,False,False,False,False,False,False,False,True,False,False,1,2.187762651145167e-05,0.002187762651145167,False,<50%
waasmedic.20231230_171520_750.etl,,,,,,,,,,,,,,12/31/23 1:15:20,1754157472,waasmedic.20231230_171520_750.etl,\Windows\Logs\waasmedic\waasmedic.20231230_171520_750.etl,File_Created / Basic_Info_Changed / Content_Indexed_Attr_Changed,Normal,Not_Content_Indexed,,0x000200000000C9E4,0x000100000001A208,,,,0,4,False,True,0.5,False,waasmedic.20231230_171520_750.etl,\Windows\Logs\waasmedic\waasmedic.20231230_171520_750.etl,False,False,False,False,0,False,False,False,False,False,False,False,True,False,False,False,False,False,False,False,False,False,False,4,33,False,True,False,False,False,False,False,False,False,False,False,False,False,False,True,False,False,1,2.187762651145167e-05,0.002187762651145167,False,<50%
waasmedic.20231230_172013_025.etl,,,,,,,,,,,,,,12/31/23 1:20:13,1754499552,waasmedic.20231230_172013_025.etl,\Windows\Logs\waasmedic\waasmedic.20231230_172013_025.etl,File_Created / Basic_Info_Changed / Content_Indexed_Attr_Changed,Normal,Not_Content_Indexed,,0x000600000000BF7D,0x000100000001A208,,,,0,4,False,True,0.5,False,waasmedic.20231230_172013_025.etl,\Windows\Logs\waasmedic\waasmedic.20231230_172013_025.etl,False,False,False,False,0,False,False,False,False,False,False,False,True,False,False,False,False,False,False,False,False,False,False,4,33,False,True,False,False,False,False,False,False,False,False,False,False,False,False,True,False,False,1,2.187762651145167e-05,0.002187762651145167,False,<50%
waasremediation.003.etl,,,,,,,,,,,,,,12/31/23 1:20:21,1754582016,WaasRemediation.003.etl,\Windows\Logs\waasmediccapsule\WaasRemediation.003.etl,Basic_Info_Changed / Content_Indexed_Attr_Changed,Normal,Normal,,0x000C00000002E291,0x004000000005C28D,,,,0,2,False,True,0.5,False,WaasRemediation.003.etl,\Windows\Logs\waasmediccapsule\WaasRemediation.003.etl,False,False,False,False,0,False,False,False,False,False,False,False,True,False,False,False,False,False,False,False,False,False,False,4,23,False,True,False,False,False,False,False,False,False,False,False,False,False,False,True,False,False,1,2.187762651145167e-05,0.002187762651145167,False,<50%
waasremediation.004.etl,,,,,,,,,,,,,,12/28/23 17:21:55,1749756672,WaasRemediation.004.etl,\Windows\Logs\waasmediccapsule\WaasRemediation.004.etl,Basic_Info_Changed / Content_Indexed_Attr_Changed,Normal,Normal,,0x000D000000013EE2,0x004000000005C28D,,,,0,2,False,True,0.5,False,WaasRemediation.004.etl,\Windows\Logs\waasmediccapsule\WaasRemediation.004.etl,False,False,False,False,0,False,False,False,False,False,False,False,True,False,False,False,False,False,False,False,False,False,False,4,23,False,True,False,False,False,False,False,False,False,False,False,False,False,False,True,False,False,1,2.187762651145167e-05,0.002187762651145167,False,<50%
wct1790.tmp,,,,,,,,,,,,,,12/31/23 1:20:21,1754576888,wct1790.tmp,\Users\blueangel\AppData\Local\Temp\wct1790.tmp,Basic_Info_Changed,Normal,Normal,,0x000F00000001D14D,0x000100000001A2E5,,,,0,2,False,True,0.5,False,wct1790.tmp,\Users\blueangel\AppData\Local\Temp\wct1790.tmp,False,False,False,False,0,False,False,False,False,False,False,False,True,False,False,False,False,False,False,False,False,False,False,6,11,True,True,False,False,False,False,False,False,False,False,False,False,False,True,False,False,False,1,2.1788269298497864e-05,0.0021788269298497866,False,<50%
wct279f.tmp,,,,,,,,,,,,,,12/31/23 1:20:21,1754577064,wct279F.tmp,\Users\blueangel\AppData\Local\Temp\wct279F.tmp,Basic_Info_Changed,Normal,Normal,,0x0008000000011C25,0x000100000001A2E5,,,,0,2,False,True,0.5,False,wct279F.tmp,\Users\blueangel\AppData\Local\Temp\wct279F.tmp,False,False,False,False,0,False,False,False,False,False,False,False,True,False,False,False,False,False,False,False,False,False,False,6,11,True,True,False,False,False,False,False,False,False,False,False,False,False,True,False,False,False,1,2.1788269298497864e-05,0.0021788269298497866,False,<50%
wct28f8.tmp,,,,,,,,,,,,,,12/31/23 1:20:21,1754577240,wct28F8.tmp,\Users\blueangel\AppData\Local\Temp\wct28F8.tmp,Basic_Info_Changed,Normal,Normal,,0x000800000002E5E0,0x000100000001A2E5,,,,0,2,False,True,0.5,False,wct28F8.tmp,\Users\blueangel\AppData\Local\Temp\wct28F8.tmp,False,False,False,False,0,False,False,False,False,False,False,False,True,False,False,False,False,False,False,False,False,False,False,6,11,True,True,False,False,False,False,False,False,False,False,False,False,False,True,False,False,False,1,2.1788269298497864e-05,0.0021788269298497866,False,<50%
wct2d7c.tmp,,,,,,,,,,,,,,12/31/23 1:20:21,1754577416,wct2D7C.tmp,\Users\blueangel\AppData\Local\Temp\wct2D7C.tmp,Basic_Info_Changed,Normal,Normal,,0x001F00000000B7CB,0x000100000001A2E5,,,,0,2,False,True,0.5,False,wct2D7C.tmp,\Users\blueangel\AppData\Local\Temp\wct2D7C.tmp,False,False,False,False,0,False,False,False,False,False,False,False,True,False,False,False,False,False,False,False,False,False,False,6,11,True,True,False,False,False,False,False,False,False,False,False,False,False,True,False,False,False,1,2.1788269298497864e-05,0.0021788269298497866,False,<50%
wct2d7d.tmp,,,,,,,,,,,,,,12/31/23 1:20:21,1754577592,wct2D7D.tmp,\Users\blueangel\AppData\Local\Temp\wct2D7D.tmp,Basic_Info_Changed,Normal,Normal,,0x00140000000074F6,0x000100000001A2E5,,,,0,2,False,True,0.5,False,wct2D7D.tmp,\Users\blueangel\AppData\Local\Temp\wct2D7D.tmp,False,False,False,False,0,False,False,False,False,False,False,False,True,False,False,False,False,False,False,False,False,False,False,6,11,True,True,False,False,False,False,False,False,False,False,False,False,False,True,False,False,False,1,2.1788269298497864e-05,0.0021788269298497866,False,<50%
wct7404.tmp,,,,,,,,,,,,,,12/31/23 1:20:21,1754581392,wct7404.tmp,\Windows\Temp\wct7404.tmp,Basic_Info_Changed,Normal,Normal,,0x0005000000010DFA,0x0001000000001623,,,,0,2,False,True,0.5,False,wct7404.tmp,\Windows\Temp\wct7404.tmp,False,False,False,False,0,False,False,False,False,False,False,False,True,False,False,False,False,False,False,False,False,False,False,3,11,True,True,False,False,False,False,False,False,False,False,False,False,False,True,True,False,False,1,2.5038840889343504e-05,0.0025038840889343504,False,<50%
wct8971.tmp,,,,,,,,,,,,,,12/31/23 1:20:21,1754577768,wct8971.tmp,\Users\blueangel\AppData\Local\Temp\wct8971.tmp,Basic_Info_Changed,Normal,Normal,,0x000900000001D0AA,0x000100000001A2E5,,,,0,2,False,True,0.5,False,wct8971.tmp,\Users\blueangel\AppData\Local\Temp\wct8971.tmp,False,False,False,False,0,False,False,False,False,False,False,False,True,False,False,False,False,False,False,False,False,False,False,6,11,True,True,False,False,False,False,False,False,False,False,False,False,False,True,False,False,False,1,2.1788269298497864e-05,0.0021788269298497866,False,<50%
wctb8ef.tmp,,,,,,,,,,,,,,12/28/23 17:21:55,1749752704,wctB8EF.tmp,\Users\blueangel\AppData\Local\Temp\wctB8EF.tmp,Basic_Info_Changed,Normal,Normal,,0x0008000000007397,0x000100000001A2E5,,,,0,2,False,True,0.5,False,wctB8EF.tmp,\Users\blueangel\AppData\Local\Temp\wctB8EF.tmp,False,False,False,False,0,False,False,False,False,False,False,False,True,False,False,False,False,False,False,False,False,False,False,6,11,True,True,False,False,False,False,False,False,False,False,False,False,False,True,False,False,False,1,2.1788269298497864e-05,0.0021788269298497866,False,<50%
wctba29.tmp,,,,,,,,,,,,,,12/28/23 17:21:55,1749752880,wctBA29.tmp,\Users\blueangel\AppData\Local\Temp\wctBA29.tmp,Basic_Info_Changed,Normal,Normal,,0x001700000000BBE3,0x000100000001A2E5,,,,0,2,False,True,0.5,False,wctBA29.tmp,\Users\blueangel\AppData\Local\Temp\wctBA29.tmp,False,False,False,False,0,False,False,False,False,False,False,False,True,False,False,False,False,False,False,False,False,False,False,6,11,True,True,False,False,False,False,False,False,False,False,False,False,False,True,False,False,False,1,2.1788269298497864e-05,0.0021788269298497866,False,<50%
wctd979.tmp,,,,,,,,,,,,,,12/28/23 17:21:55,1749756048,wctD979.tmp,\Windows\Temp\wctD979.tmp,Basic_Info_Changed,Normal,Normal,,0x000F00000000739F,0x0001000000001623,,,,0,2,False,True,0.5,False,wctD979.tmp,\Windows\Temp\wctD979.tmp,False,False,False,False,0,False,False,False,False,False,False,False,True,False,False,False,False,False,False,False,False,False,False,3,11,True,True,False,False,False,False,False,False,False,False,False,False,False,True,True,False,False,1,2.5038840889343504e-05,0.0025038840889343504,False,<50%
wctd97a.tmp,,,,,,,,,,,,,,12/28/23 17:21:55,1749753056,wctD97A.tmp,\Users\blueangel\AppData\Local\Temp\wctD97A.tmp,Basic_Info_Changed,Normal,Normal,,0x000700000000AA2D,0x000100000001A2E5,,,,0,2,False,True,0.5,False,wctD97A.tmp,\Users\blueangel\AppData\Local\Temp\wctD97A.tmp,False,False,False,False,0,False,False,False,False,False,False,False,True,False,False,False,False,False,False,False,False,False,False,6,11,True,True,False,False,False,False,False,False,False,False,False,False,False,True,False,False,False,1,2.1788269298497864e-05,0.0021788269298497866,False,<50%
wctd998.tmp,,,,,,,,,,,,,,12/28/23 17:21:55,1749753232,wctD998.tmp,\Users\blueangel\AppData\Local\Temp\wctD998.tmp,Basic_Info_Changed,Normal,Normal,,0x000E000000010CE4,0x000100000001A2E5,,,,0,2,False,True,0.5,False,wctD998.tmp,\Users\blueangel\AppData\Local\Temp\wctD998.tmp,False,False,False,False,0,False,False,False,False,False,False,False,True,False,False,False,False,False,False,False,False,False,False,6,11,True,True,False,False,False,False,False,False,False,False,False,False,False,True,False,False,False,1,2.1788269298497864e-05,0.0021788269298497866,False,<50%
wctd99a.tmp,,,,,,,,,,,,,,12/28/23 17:21:55,1749753408,wctD99A.tmp,\Users\blueangel\AppData\Local\Temp\wctD99A.tmp,Basic_Info_Changed,Normal,Normal,,0x000700000000EE36,0x000100000001A2E5,,,,0,2,False,True,0.5,False,wctD99A.tmp,\Users\blueangel\AppData\Local\Temp\wctD99A.tmp,False,False,False,False,0,False,False,False,False,False,False,False,True,False,False,False,False,False,False,False,False,False,False,6,11,True,True,False,False,False,False,False,False,False,False,False,False,False,True,False,False,False,1,2.1788269298497864e-05,0.0021788269298497866,False,<50%
wctef7c.tmp,,,,,,,,,,,,,,12/31/23 1:20:21,1754577944,wctEF7C.tmp,\Users\blueangel\AppData\Local\Temp\wctEF7C.tmp,Basic_Info_Changed,Normal,Normal,,0x001900000001C3BD,0x000100000001A2E5,,,,0,2,False,True,0.5,False,wctEF7C.tmp,\Users\blueangel\AppData\Local\Temp\wctEF7C.tmp,False,False,False,False,0,False,False,False,False,False,False,False,True,False,False,False,False,False,False,False,False,False,False,6,11,True,True,False,False,False,False,False,False,False,False,False,False,False,True,False,False,False,1,2.1788269298497864e-05,0.0021788269298497866,False,<50%
wdicontextlog.etl.003,,,,,,,,,,,,,,12/28/23 9:21:15,1742284728,WdiContextLog.etl.003,\Windows\System32\WDI\LogFiles\WdiContextLog.etl.003,Basic_Info_Changed / Data_Truncated,Normal,Not_Content_Indexed,,0x0003000000000029,0x000100000000123D,,,,0,3,False,True,0.5,False,WdiContextLog.etl.003,\Windows\System32\WDI\LogFiles\WdiContextLog.etl.003,False,False,False,False,0,False,False,False,False,False,False,False,True,False,False,False,False,False,False,False,False,False,False,5,21,False,True,False,False,False,False,False,False,False,False,False,False,False,False,True,False,False,1,2.187762658518503e-05,0.002187762658518503,False,<50%
web data,,,,,,,,,,,,,,12/27/23 11:59:51,1726984096,Web Data,,File_Created / Basic_Info_Changed / Data_Added / Data_Overwritten,Normal,Archive,,0x000200000000C1DF,0x000300000000C1DE,,,,0,6,False,True,0.5,False,Web Data,,False,False,False,False,0,False,False,False,False,False,False,False,True,False,False,False,False,False,False,False,False,False,False,0,8,False,False,False,False,False,False,False,False,False,False,False,False,False,False,False,False,False,1,2.187793462899479e-05,0.002187793462899479,False,<50%
webcompat-reporter@mozilla.org.xpi,,,,,,,,,,,,,,12/27/23 3:39:31,1720422016,webcompat-reporter@mozilla.org.xpi,\Program Files\Mozilla Firefox\browser\features\webcompat-reporter@mozilla.org.xpi,File_Created / Basic_Info_Changed / Data_Added / Data_Overwritten,Normal,Archive,,0x013B000000008268,0x00190000000080F1,,,,0,2,False,True,0.5,False,webcompat-reporter@mozilla.org.xpi,\Program Files\Mozilla Firefox\browser\features\webcompat-reporter@mozilla.org.xpi,False,False,False,False,0,False,False,False,False,False,False,False,True,False,False,False,False,False,False,False,False,False,False,5,34,False,True,False,False,False,False,False,False,False,False,False,False,False,False,False,True,False,1,2.1877629812174717e-05,0.0021877629812174716,False,<50%
webcompat@mozilla.org.xpi,,,,,,,,,,,,,,12/27/23 3:39:31,1720422624,webcompat@mozilla.org.xpi,\Program Files\Mozilla Firefox\browser\features\webcompat@mozilla.org.xpi,File_Created / Basic_Info_Changed / Data_Added / Data_Overwritten,Normal,Archive,,0x02F300000000829E,0x00190000000080F1,,,,0,2,False,True,0.5,False,webcompat@mozilla.org.xpi,\Program Files\Mozilla Firefox\browser\features\webcompat@mozilla.org.xpi,False,False,False,False,0,False,False,False,False,False,False,False,True,False,False,False,False,False,False,False,False,False,False,5,25,False,True,False,False,False,False,False,False,False,False,False,False,False,False,False,True,False,1,2.1877629812174717e-05,0.0021877629812174716,False,<50%
wfpdiag.etl,,,,,,,,,,,,,,12/28/23 9:22:07,1742357928,wfpdiag.etl,\ProgramData\Microsoft\Windows\wfp\wfpdiag.etl,Basic_Info_Changed / Data_Truncated,Normal,Not_Content_Indexed,,0x00030000000197E0,0x00010000000005F1,,,,0,3,False,True,0.5,False,wfpdiag.etl,\ProgramData\Microsoft\Windows\wfp\wfpdiag.etl,False,False,False,False,0,False,False,False,False,False,False,False,True,False,False,False,False,False,False,False,False,False,False,5,11,True,True,False,False,False,False,False,False,False,False,False,False,False,False,True,False,False,1,2.187762658518503e-05,0.002187762658518503,False,<50%
wifi.etl,,,,,,,,,,,,,,12/28/23 9:21:15,1742286848,Wifi.etl,\Windows\System32\LogFiles\WMI\Wifi.etl,Basic_Info_Changed / Data_Truncated,Normal,Not_Content_Indexed,,0x0002000000019628,0x000100000000117E,,,,0,3,False,True,0.5,False,Wifi.etl,\Windows\System32\LogFiles\WMI\Wifi.etl,False,False,False,False,0,False,False,False,False,False,False,False,True,False,False,False,False,False,False,False,False,False,False,5,8,False,True,False,False,False,False,False,False,False,False,False,False,False,False,True,False,False,1,2.187762658518503e-05,0.002187762658518503,False,<50%
wimprovider.dll,,,,,,,,,,,,,,12/27/23 16:33:46,1730538336,WimProvider.dll,,File_Created / Basic_Info_Changed / Data_Added / Data_Overwritten / Extended_Attr_Changed / Access_Right_Changed,Normal,Archive,,0x000200000000C297,0x000200000000C22F,,,,0,12,False,True,0.5,False,WimProvider.dll,,False,False,False,False,0,False,False,False,False,False,False,False,True,False,False,False,False,False,True,False,False,False,True,0,15,False,True,False,False,False,False,False,False,False,False,False,False,False,False,False,False,False,1,2.1877934654115063e-05,0.002187793465411506,False,<50%
wimprovider.dll.mui,,,,,,,,,,,,,,12/27/23 16:33:46,1730530480,WimProvider.dll.mui,,File_Created / Basic_Info_Changed / Data_Added / Data_Overwritten / Access_Right_Changed,Normal,Archive,,0x000200000000C27C,0x000200000000C24F,,,,0,12,False,True,0.5,False,WimProvider.dll.mui,,False,False,False,False,0,False,False,False,False,False,False,False,True,False,False,False,False,False,False,False,False,False,False,0,19,False,True,False,False,False,False,False,False,False,False,False,False,False,False,False,False,False,1,2.187793462899479e-05,0.002187793462899479,False,<50%
windowsupdate.20231225.164824.113.70.etl,,,,,,,,,,,,,,12/28/23 9:22:28,1742464560,WindowsUpdate.20231225.164824.113.70.etl,\Windows\Temp\_2D2C03B5-EB58-4337-86B0-5384D5891301\WindowsUpdate.20231225.164824.113.70.etl,File_Created / Basic_Info_Changed / Data_Added / Data_Overwritten,Normal,Archive,,0x000200000000C496,0x000400000000C492,,,,0,4,False,True,0.5,False,WindowsUpdate.20231225.164824.113.70.etl,\Windows\Temp\_2D2C03B5-EB58-4337-86B0-5384D5891301\WindowsUpdate.20231225.164824.113.70.etl,False,False,False,False,0,False,False,False,False,False,False,False,True,False,False,False,False,False,False,False,False,False,False,4,40,True,True,False,False,False,False,False,False,False,False,False,False,False,True,True,False,False,1,2.1833851712480077e-05,0.0021833851712480075,False,<50%
windowsupdate.20231225.164824.113.71.etl,,,,,,,,,,,,,,12/28/23 9:22:28,1742466896,WindowsUpdate.20231225.164824.113.71.etl,\Windows\Temp\_2D2C03B5-EB58-4337-86B0-5384D5891301\WindowsUpdate.20231225.164824.113.71.etl,File_Created / Basic_Info_Changed / Data_Added / Data_Overwritten,Normal,Archive,,0x000200000000C499,0x000400000000C492,,,,0,4,False,True,0.5,False,WindowsUpdate.20231225.164824.113.71.etl,\Windows\Temp\_2D2C03B5-EB58-4337-86B0-5384D5891301\WindowsUpdate.20231225.164824.113.71.etl,False,False,False,False,0,False,False,False,False,False,False,False,True,False,False,False,False,False,False,False,False,False,False,4,40,True,True,False,False,False,False,False,False,False,False,False,False,False,True,True,False,False,1,2.1833851712480077e-05,0.0021833851712480075,False,<50%
windowsupdate.20231225.164824.113.72.etl,10586750270.0,12/31/23 1:15:23,Time Reversal Event,ModifiedTime : 2023-12-31 01:15:23 -> 2023-12-25 16:11:02/ MFTModifiedTime : 2023-12-31 01:15:23 -> 2023-12-25 16:11:02,WindowsUpdate.20231225.164824.113.72.etl,\Windows\Temp\_E010CF14-8D9A-43B4-B324-F502F5B86CDE\WindowsUpdate.20231225.164824.113.72.etl,,,,,Update Resident Value,0x327D,2.0,12/28/23 9:22:28,1742467648,WindowsUpdate.20231225.164824.113.72.etl,\Windows\Temp\_2D2C03B5-EB58-4337-86B0-5384D5891301\WindowsUpdate.20231225.164824.113.72.etl,File_Created / Basic_Info_Changed / Data_Added / Data_Overwritten,Normal,Archive,,0x000300000000C495,0x000400000000C492,,,,6,6,True,True,1.0,False,WindowsUpdate.20231225.164824.113.72.etl,\Windows\Temp\_E010CF14-8D9A-43B4-B324-F502F5B86CDE\WindowsUpdate.20231225.164824.113.72.etl,False,False,False,False,0,True,False,False,True,True,False,False,True,False,False,False,False,False,False,False,False,False,False,4,40,True,True,False,False,False,False,True,False,True,True,False,False,False,True,True,False,False,3,0.9996693670589112,99.96693670589111,True,90-100%
windowsupdate.20231225.164824.113.73.etl,10586751309.0,12/31/23 1:15:23,Time Reversal Event,ModifiedTime : 2023-12-31 01:15:23 -> 2023-12-25 16:11:06/ MFTModifiedTime : 2023-12-31 01:15:23 -> 2023-12-25 16:11:06,WindowsUpdate.20231225.164824.113.73.etl,\Windows\Temp\_E010CF14-8D9A-43B4-B324-F502F5B86CDE\WindowsUpdate.20231225.164824.113.73.etl,,,,,Update Resident Value,0x327D,6.0,12/28/23 9:22:28,1742468720,WindowsUpdate.20231225.164824.113.73.etl,\Windows\Temp\_2D2C03B5-EB58-4337-86B0-5384D5891301\WindowsUpdate.20231225.164824.113.73.etl,File_Created / Basic_Info_Changed / Data_Added / Data_Overwritten,Normal,Archive,,0x000200000000C49E,0x000400000000C492,,,,6,6,True,True,1.0,False,WindowsUpdate.20231225.164824.113.73.etl,\Windows\Temp\_E010CF14-8D9A-43B4-B324-F502F5B86CDE\WindowsUpdate.20231225.164824.113.73.etl,False,False,False,False,0,True,False,False,True,True,False,False,True,False,False,False,False,False,False,False,False,False,False,4,40,True,True,False,False,False,False,True,False,True,True,False,False,False,True,True,False,False,3,0.9996693670589112,99.96693670589111,True,90-100%
windowsupdate.20231225.164824.113.74.etl,10586752139.0,12/31/23 1:15:23,Time Reversal Event,ModifiedTime : 2023-12-31 01:15:23 -> 2023-12-25 16:11:13/ MFTModifiedTime : 2023-12-31 01:15:23 -> 2023-12-25 16:11:13,WindowsUpdate.20231225.164824.113.74.etl,\Windows\Temp\_E010CF14-8D9A-43B4-B324-F502F5B86CDE\WindowsUpdate.20231225.164824.113.74.etl,,,,,Update Resident Value,0x327E,0.0,12/28/23 9:22:28,1742469440,WindowsUpdate.20231225.164824.113.74.etl,\Windows\Temp\_2D2C03B5-EB58-4337-86B0-5384D5891301\WindowsUpdate.20231225.164824.113.74.etl,File_Created / Basic_Info_Changed / Data_Added / Data_Overwritten,Normal,Archive,,0x000300000000C4A2,0x000400000000C492,,,,6,6,True,True,1.0,False,WindowsUpdate.20231225.164824.113.74.etl,\Windows\Temp\_E010CF14-8D9A-43B4-B324-F502F5B86CDE\WindowsUpdate.20231225.164824.113.74.etl,False,False,False,False,0,True,False,False,True,True,False,False,True,False,False,False,False,False,False,False,False,False,False,4,40,True,True,False,False,False,False,True,False,True,True,False,False,False,True,True,False,False,3,0.9996693670589112,99.96693670589111,True,90-100%
windowsupdate.20231225.164824.113.75.etl,10586752912.0,12/31/23 1:15:23,Time Reversal Event,ModifiedTime : 2023-12-31 01:15:23 -> 2023-12-25 16:11:16/ MFTModifiedTime : 2023-12-31 01:15:23 -> 2023-12-25 16:11:16,WindowsUpdate.20231225.164824.113.75.etl,\Windows\Temp\_E010CF14-8D9A-43B4-B324-F502F5B86CDE\WindowsUpdate.20231225.164824.113.75.etl,,,,,Update Resident Value,0x327E,2.0,12/28/23 9:22:28,1742470160,WindowsUpdate.20231225.164824.113.75.etl,\Windows\Temp\_2D2C03B5-EB58-4337-86B0-5384D5891301\WindowsUpdate.20231225.164824.113.75.etl,File_Created / Basic_Info_Changed / Data_Added / Data_Overwritten,Normal,Archive,,0x000200000000C4A4,0x000400000000C492,,,,6,6,True,True,1.0,False,WindowsUpdate.20231225.164824.113.75.etl,\Windows\Temp\_E010CF14-8D9A-43B4-B324-F502F5B86CDE\WindowsUpdate.20231225.164824.113.75.etl,False,False,False,False,0,True,False,False,True,True,False,False,True,False,False,False,False,False,False,False,False,False,False,4,40,True,True,False,False,False,False,True,False,True,True,False,False,False,True,True,False,False,3,0.9996693670589112,99.96693670589111,True,90-100%
windowsupdate.20231225.164824.113.76.etl,10586753694.0,12/31/23 1:15:23,Time Reversal Event,ModifiedTime : 2023-12-31 01:15:23 -> 2023-12-25 16:11:20/ MFTModifiedTime : 2023-12-31 01:15:23 -> 2023-12-25 16:11:20,WindowsUpdate.20231225.164824.113.76.etl,\Windows\Temp\_E010CF14-8D9A-43B4-B324-F502F5B86CDE\WindowsUpdate.20231225.164824.113.76.etl,,,,,Update Resident Value,0x327E,4.0,12/28/23 9:22:28,1742470880,WindowsUpdate.20231225.164824.113.76.etl,\Windows\Temp\_2D2C03B5-EB58-4337-86B0-5384D5891301\WindowsUpdate.20231225.164824.113.76.etl,File_Created / Basic_Info_Changed / Data_Added / Data_Overwritten,Normal,Archive,,0x000200000000C4A5,0x000400000000C492,,,,6,6,True,True,1.0,False,WindowsUpdate.20231225.164824.113.76.etl,\Windows\Temp\_E010CF14-8D9A-43B4-B324-F502F5B86CDE\WindowsUpdate.20231225.164824.113.76.etl,False,False,False,False,0,True,False,False,True,True,False,False,True,False,False,False,False,False,False,False,False,False,False,4,40,True,True,False,False,False,False,True,False,True,True,False,False,False,True,True,False,False,3,0.9996693670589112,99.96693670589111,True,90-100%
windowsupdate.20231225.164824.113.77.etl,10586754471.0,12/31/23 1:15:23,Time Reversal Event,ModifiedTime : 2023-12-31 01:15:23 -> 2023-12-25 16:11:22/ MFTModifiedTime : 2023-12-31 01:15:23 -> 2023-12-25 16:11:22,WindowsUpdate.20231225.164824.113.77.etl,\Windows\Temp\_E010CF14-8D9A-43B4-B324-F502F5B86CDE\WindowsUpdate.20231225.164824.113.77.etl,,,,,Update Resident Value,0x327E,6.0,12/28/23 9:22:28,1742471600,WindowsUpdate.20231225.164824.113.77.etl,\Windows\Temp\_2D2C03B5-EB58-4337-86B0-5384D5891301\WindowsUpdate.20231225.164824.113.77.etl,File_Created / Basic_Info_Changed / Data_Added / Data_Overwritten,Normal,Archive,,0x000200000000C4A6,0x000400000000C492,,,,6,6,True,True,1.0,False,WindowsUpdate.20231225.164824.113.77.etl,\Windows\Temp\_E010CF14-8D9A-43B4-B324-F502F5B86CDE\WindowsUpdate.20231225.164824.113.77.etl,False,False,False,False,0,True,False,False,True,True,False,False,True,False,False,False,False,False,False,False,False,False,False,4,40,True,True,False,False,False,False,True,False,True,True,False,False,False,True,True,False,False,3,0.9996693670589112,99.96693670589111,True,90-100%
windowsupdate.20231225.164824.113.78.etl,10586755252.0,12/31/23 1:15:23,Time Reversal Event,ModifiedTime : 2023-12-31 01:15:23 -> 2023-12-25 16:11:26/ MFTModifiedTime : 2023-12-31 01:15:23 -> 2023-12-25 16:11:26,WindowsUpdate.20231225.164824.113.78.etl,\Windows\Temp\_E010CF14-8D9A-43B4-B324-F502F5B86CDE\WindowsUpdate.20231225.164824.113.78.etl,,,,,Update Resident Value,0x327F,2.0,12/28/23 9:22:28,1742472408,WindowsUpdate.20231225.164824.113.78.etl,\Windows\Temp\_2D2C03B5-EB58-4337-86B0-5384D5891301\WindowsUpdate.20231225.164824.113.78.etl,File_Created / Basic_Info_Changed / Data_Added / Data_Overwritten,Normal,Archive,,0x000200000000C4A7,0x000400000000C492,,,,6,6,True,True,1.0,False,WindowsUpdate.20231225.164824.113.78.etl,\Windows\Temp\_E010CF14-8D9A-43B4-B324-F502F5B86CDE\WindowsUpdate.20231225.164824.113.78.etl,False,False,False,False,0,True,False,False,True,True,False,False,True,False,False,False,False,False,False,False,False,False,False,4,40,True,True,False,False,False,False,True,False,True,True,False,False,False,True,True,False,False,3,0.9996693670589112,99.96693670589111,True,90-100%
windowsupdate.20231225.164824.113.79.etl,10586756074.0,12/31/23 1:15:23,Time Reversal Event,ModifiedTime : 2023-12-31 01:15:23 -> 2023-12-25 16:11:50/ MFTModifiedTime : 2023-12-31 01:15:23 -> 2023-12-25 16:11:50,WindowsUpdate.20231225.164824.113.79.etl,\Windows\Temp\_E010CF14-8D9A-43B4-B324-F502F5B86CDE\WindowsUpdate.20231225.164824.113.79.etl,,,,,Update Resident Value,0x3281,0.0,12/28/23 9:22:28,1742473232,WindowsUpdate.20231225.164824.113.79.etl,\Windows\Temp\_2D2C03B5-EB58-4337-86B0-5384D5891301\WindowsUpdate.20231225.164824.113.79.etl,File_Created / Basic_Info_Changed / Data_Added / Data_Overwritten,Normal,Archive,,0x000300000000C4A1,0x000400000000C492,,,,6,6,True,True,1.0,False,WindowsUpdate.20231225.164824.113.79.etl,\Windows\Temp\_E010CF14-8D9A-43B4-B324-F502F5B86CDE\WindowsUpdate.20231225.164824.113.79.etl,False,False,False,False,0,True,False,False,True,True,False,False,True,False,False,False,False,False,False,False,False,False,False,4,40,True,True,False,False,False,False,True,False,True,True,False,False,False,True,True,False,False,3,0.9996693670589112,99.96693670589111,True,90-100%
windowsupdate.20231225.164824.113.80.etl,10586756950.0,12/31/23 1:15:23,Time Reversal Event,ModifiedTime : 2023-12-31 01:15:23 -> 2023-12-25 16:11:56/ MFTModifiedTime : 2023-12-31 01:15:23 -> 2023-12-25 16:11:56,WindowsUpdate.20231225.164824.113.80.etl,\Windows\Temp\_E010CF14-8D9A-43B4-B324-F502F5B86CDE\WindowsUpdate.20231225.164824.113.80.etl,,,,,Update Resident Value,0x3281,2.0,12/28/23 9:22:28,1742473952,WindowsUpdate.20231225.164824.113.80.etl,\Windows\Temp\_2D2C03B5-EB58-4337-86B0-5384D5891301\WindowsUpdate.20231225.164824.113.80.etl,File_Created / Basic_Info_Changed / Data_Added / Data_Overwritten,Normal,Archive,,0x001300000000B968,0x000400000000C492,,,,6,6,True,True,1.0,False,WindowsUpdate.20231225.164824.113.80.etl,\Windows\Temp\_E010CF14-8D9A-43B4-B324-F502F5B86CDE\WindowsUpdate.20231225.164824.113.80.etl,False,False,False,False,0,True,False,False,True,True,False,False,True,False,False,False,False,False,False,False,False,False,False,4,40,True,True,False,False,False,False,True,False,True,True,False,False,False,True,True,False,False,3,0.9996693670589112,99.96693670589111,True,90-100%
windowsupdate.20231225.164824.113.81.etl,10586757735.0,12/31/23 1:15:23,Time Reversal Event,ModifiedTime : 2023-12-31 01:15:23 -> 2023-12-25 16:12:04/ MFTModifiedTime : 2023-12-31 01:15:23 -> 2023-12-25 16:12:04,WindowsUpdate.20231225.164824.113.81.etl,\Windows\Temp\_E010CF14-8D9A-43B4-B324-F502F5B86CDE\WindowsUpdate.20231225.164824.113.81.etl,,,,,Update Resident Value,0x3281,4.0,12/28/23 9:22:28,1742474672,WindowsUpdate.20231225.164824.113.81.etl,\Windows\Temp\_2D2C03B5-EB58-4337-86B0-5384D5891301\WindowsUpdate.20231225.164824.113.81.etl,File_Created / Basic_Info_Changed / Data_Added / Data_Overwritten,Normal,Archive,,0x000200000000C4A8,0x000400000000C492,,,,6,6,True,True,1.0,False,WindowsUpdate.20231225.164824.113.81.etl,\Windows\Temp\_E010CF14-8D9A-43B4-B324-F502F5B86CDE\WindowsUpdate.20231225.164824.113.81.etl,False,False,False,False,0,True,False,False,True,True,False,False,True,False,False,False,False,False,False,False,False,False,False,4,40,True,True,False,False,False,False,True,False,True,True,False,False,False,True,True,False,False,3,0.9996693670589112,99.96693670589111,True,90-100%
windowsupdate.20231225.164824.113.82.etl,10586758599.0,12/31/23 1:15:23,Time Reversal Event,ModifiedTime : 2023-12-31 01:15:23 -> 2023-12-25 16:12:09/ MFTModifiedTime : 2023-12-31 01:15:23 -> 2023-12-25 16:12:09,WindowsUpdate.20231225.164824.113.82.etl,\Windows\Temp\_E010CF14-8D9A-43B4-B324-F502F5B86CDE\WindowsUpdate.20231225.164824.113.82.etl,,,,,Update Resident Value,0x3282,0.0,12/28/23 9:22:28,1742475408,WindowsUpdate.20231225.164824.113.82.etl,\Windows\Temp\_2D2C03B5-EB58-4337-86B0-5384D5891301\WindowsUpdate.20231225.164824.113.82.etl,File_Created / Basic_Info_Changed / Data_Added / Data_Overwritten,Normal,Archive,,0x000200000000C4AB,0x000400000000C492,,,,6,6,True,True,1.0,False,WindowsUpdate.20231225.164824.113.82.etl,\Windows\Temp\_E010CF14-8D9A-43B4-B324-F502F5B86CDE\WindowsUpdate.20231225.164824.113.82.etl,False,False,False,False,0,True,False,False,True,True,False,False,True,False,False,False,False,False,False,False,False,False,False,4,40,True,True,False,False,False,False,True,False,True,True,False,False,False,True,True,False,False,3,0.9996693670589112,99.96693670589111,True,90-100%
windowsupdate.20231225.164824.113.83.etl,10586759380.0,12/31/23 1:15:23,Time Reversal Event,ModifiedTime : 2023-12-31 01:15:23 -> 2023-12-25 16:12:16/ MFTModifiedTime : 2023-12-31 01:15:23 -> 2023-12-25 16:12:16,WindowsUpdate.20231225.164824.113.83.etl,\Windows\Temp\_E010CF14-8D9A-43B4-B324-F502F5B86CDE\WindowsUpdate.20231225.164824.113.83.etl,,,,,Update Resident Value,0x3282,2.0,12/28/23 9:22:28,1742477208,WindowsUpdate.20231225.164824.113.83.etl,\Windows\Temp\_2D2C03B5-EB58-4337-86B0-5384D5891301\WindowsUpdate.20231225.164824.113.83.etl,File_Created / Basic_Info_Changed / Data_Added / Data_Overwritten,Normal,Archive,,0x000300000000C4AC,0x000400000000C492,,,,6,6,True,True,1.0,False,WindowsUpdate.20231225.164824.113.83.etl,\Windows\Temp\_E010CF14-8D9A-43B4-B324-F502F5B86CDE\WindowsUpdate.20231225.164824.113.83.etl,False,False,False,False,0,True,False,False,True,True,False,False,True,False,False,False,False,False,False,False,False,False,False,4,40,True,True,False,False,False,False,True,False,True,True,False,False,False,True,True,False,False,3,0.9996693670589112,99.96693670589111,True,90-100%
windowsupdate.20231225.164824.113.84.etl,10586760153.0,12/31/23 1:15:23,Time Reversal Event,ModifiedTime : 2023-12-31 01:15:23 -> 2023-12-25 16:12:24/ MFTModifiedTime : 2023-12-31 01:15:23 -> 2023-12-25 16:12:24,WindowsUpdate.20231225.164824.113.84.etl,\Windows\Temp\_E010CF14-8D9A-43B4-B324-F502F5B86CDE\WindowsUpdate.20231225.164824.113.84.etl,,,,,Update Resident Value,0x3282,6.0,12/28/23 9:22:28,1742478088,WindowsUpdate.20231225.164824.113.84.etl,\Windows\Temp\_2D2C03B5-EB58-4337-86B0-5384D5891301\WindowsUpdate.20231225.164824.113.84.etl,File_Created / Basic_Info_Changed / Data_Added / Data_Overwritten,Normal,Archive,,0x000600000000025C,0x000400000000C492,,,,6,6,True,True,1.0,False,WindowsUpdate.20231225.164824.113.84.etl,\Windows\Temp\_E010CF14-8D9A-43B4-B324-F502F5B86CDE\WindowsUpdate.20231225.164824.113.84.etl,False,False,False,False,0,True,False,False,True,True,False,False,True,False,False,False,False,False,False,False,False,False,False,4,40,True,True,False,False,False,False,True,False,True,True,False,False,False,True,True,False,False,3,0.9996693670589112,99.96693670589111,True,90-100%
windowsupdate.20231225.164824.113.85.etl,10586761067.0,12/31/23 1:15:23,Time Reversal Event,ModifiedTime : 2023-12-31 01:15:23 -> 2023-12-25 16:12:33/ MFTModifiedTime : 2023-12-31 01:15:23 -> 2023-12-25 16:12:33,WindowsUpdate.20231225.164824.113.85.etl,\Windows\Temp\_E010CF14-8D9A-43B4-B324-F502F5B86CDE\WindowsUpdate.20231225.164824.113.85.etl,,,,,Update Resident Value,0x3283,0.0,12/28/23 9:22:28,1742478984,WindowsUpdate.20231225.164824.113.85.etl,\Windows\Temp\_2D2C03B5-EB58-4337-86B0-5384D5891301\WindowsUpdate.20231225.164824.113.85.etl,File_Created / Basic_Info_Changed / Data_Added / Data_Overwritten,Normal,Archive,,0x000F000000000244,0x000400000000C492,,,,6,6,True,True,1.0,False,WindowsUpdate.20231225.164824.113.85.etl,\Windows\Temp\_E010CF14-8D9A-43B4-B324-F502F5B86CDE\WindowsUpdate.20231225.164824.113.85.etl,False,False,False,False,0,True,False,False,True,True,False,False,True,False,False,False,False,False,False,False,False,False,False,4,40,True,True,False,False,False,False,True,False,True,True,False,False,False,True,True,False,False,3,0.9996693670589112,99.96693670589111,True,90-100%
windowsupdate.20231225.164824.113.86.etl,10586762578.0,12/31/23 1:15:23,Time Reversal Event,ModifiedTime : 2023-12-31 01:15:23 -> 2023-12-25 16:12:46/ MFTModifiedTime : 2023-12-31 01:15:23 -> 2023-12-25 16:12:46,WindowsUpdate.20231225.164824.113.86.etl,\Windows\Temp\_E010CF14-8D9A-43B4-B324-F502F5B86CDE\WindowsUpdate.20231225.164824.113.86.etl,,,,,Update Resident Value,0x3283,2.0,12/28/23 9:22:28,1742479944,WindowsUpdate.20231225.164824.113.86.etl,\Windows\Temp\_2D2C03B5-EB58-4337-86B0-5384D5891301\WindowsUpdate.20231225.164824.113.86.etl,File_Created / Basic_Info_Changed / Data_Added / Data_Overwritten,Normal,Archive,,0x0007000000001C29,0x000400000000C492,,,,6,6,True,True,1.0,False,WindowsUpdate.20231225.164824.113.86.etl,\Windows\Temp\_E010CF14-8D9A-43B4-B324-F502F5B86CDE\WindowsUpdate.20231225.164824.113.86.etl,False,False,False,False,0,True,False,False,True,True,False,False,True,False,False,False,False,False,False,False,False,False,False,4,40,True,True,False,False,False,False,True,False,True,True,False,False,False,True,True,False,False,3,0.9996693670589112,99.96693670589111,True,90-100%
windowsupdate.20231225.164824.113.87.etl,10586763361.0,12/31/23 1:15:23,Time Reversal Event,ModifiedTime : 2023-12-31 01:15:23 -> 2023-12-25 16:12:54/ MFTModifiedTime : 2023-12-31 01:15:23 -> 2023-12-25 16:12:54,WindowsUpdate.20231225.164824.113.87.etl,\Windows\Temp\_E010CF14-8D9A-43B4-B324-F502F5B86CDE\WindowsUpdate.20231225.164824.113.87.etl,,,,,Update Resident Value,0x3283,6.0,12/28/23 9:22:28,1742480664,WindowsUpdate.20231225.164824.113.87.etl,\Windows\Temp\_2D2C03B5-EB58-4337-86B0-5384D5891301\WindowsUpdate.20231225.164824.113.87.etl,File_Created / Basic_Info_Changed / Data_Added / Data_Overwritten,Normal,Archive,,0x000800000000018B,0x000400000000C492,,,,6,6,True,True,1.0,False,WindowsUpdate.20231225.164824.113.87.etl,\Windows\Temp\_E010CF14-8D9A-43B4-B324-F502F5B86CDE\WindowsUpdate.20231225.164824.113.87.etl,False,False,False,False,0,True,False,False,True,True,False,False,True,False,False,False,False,False,False,False,False,False,False,4,40,True,True,False,False,False,False,True,False,True,True,False,False,False,True,True,False,False,3,0.9996693670589112,99.96693670589111,True,90-100%
windowsupdate.20231225.164824.113.88.etl,10586764256.0,12/31/23 1:15:23,Time Reversal Event,ModifiedTime : 2023-12-31 01:15:23 -> 2023-12-25 16:27:06/ MFTModifiedTime : 2023-12-31 01:15:23 -> 2023-12-25 16:27:06,WindowsUpdate.20231225.164824.113.88.etl,\Windows\Temp\_E010CF14-8D9A-43B4-B324-F502F5B86CDE\WindowsUpdate.20231225.164824.113.88.etl,,,,,Update Resident Value,0x3284,0.0,12/28/23 9:22:28,1742481384,WindowsUpdate.20231225.164824.113.88.etl,\Windows\Temp\_2D2C03B5-EB58-4337-86B0-5384D5891301\WindowsUpdate.20231225.164824.113.88.etl,File_Created / Basic_Info_Changed / Data_Added / Data_Overwritten,Normal,Archive,,0x0015000000001970,0x000400000000C492,,,,6,6,True,True,1.0,False,WindowsUpdate.20231225.164824.113.88.etl,\Windows\Temp\_E010CF14-8D9A-43B4-B324-F502F5B86CDE\WindowsUpdate.20231225.164824.113.88.etl,False,False,False,False,0,True,False,False,True,True,False,False,True,False,False,False,False,False,False,False,False,False,False,4,40,True,True,False,False,False,False,True,False,True,True,False,False,False,True,True,False,False,3,0.9996693670589112,99.96693670589111,True,90-100%
windowsupdate.20231225.164824.113.89.etl,10586765042.0,12/31/23 1:15:23,Time Reversal Event,ModifiedTime : 2023-12-31 01:15:23 -> 2023-12-25 16:27:06/ MFTModifiedTime : 2023-12-31 01:15:23 -> 2023-12-25 16:27:06,WindowsUpdate.20231225.164824.113.89.etl,\Windows\Temp\_E010CF14-8D9A-43B4-B324-F502F5B86CDE\WindowsUpdate.20231225.164824.113.89.etl,,,,,Update Resident Value,0x3284,2.0,12/28/23 9:22:28,1742482368,WindowsUpdate.20231225.164824.113.89.etl,\Windows\Temp\_2D2C03B5-EB58-4337-86B0-5384D5891301\WindowsUpdate.20231225.164824.113.89.etl,File_Created / Basic_Info_Changed / Data_Added / Data_Overwritten,Normal,Archive,,0x0005000000001C33,0x000400000000C492,,,,6,6,True,True,1.0,False,WindowsUpdate.20231225.164824.113.89.etl,\Windows\Temp\_E010CF14-8D9A-43B4-B324-F502F5B86CDE\WindowsUpdate.20231225.164824.113.89.etl,False,False,False,False,0,True,False,False,True,True,False,False,True,False,False,False,False,False,False,False,False,False,False,4,40,True,True,False,False,False,False,True,False,True,True,False,False,False,True,True,False,False,3,0.9996693670589112,99.96693670589111,True,90-100%
windowsupdate.20231225.173759.428.1.etl,10586765898.0,12/31/23 1:15:23,Time Reversal Event,ModifiedTime : 2023-12-31 01:15:23 -> 2023-12-25 16:50:12/ MFTModifiedTime : 2023-12-31 01:15:23 -> 2023-12-25 16:50:12,WindowsUpdate.20231225.173759.428.1.etl,\Windows\Temp\_E010CF14-8D9A-43B4-B324-F502F5B86CDE\WindowsUpdate.20231225.173759.428.1.etl,,,,,Update Resident Value,0x3284,4.0,12/28/23 9:22:28,1742483088,WindowsUpdate.20231225.173759.428.1.etl,\Windows\Temp\_2D2C03B5-EB58-4337-86B0-5384D5891301\WindowsUpdate.20231225.173759.428.1.etl,File_Created / Basic_Info_Changed / Data_Added / Data_Overwritten,Normal,Archive,,0x000A00000000BF8C,0x000400000000C492,,,,6,6,True,True,1.0,False,WindowsUpdate.20231225.173759.428.1.etl,\Windows\Temp\_E010CF14-8D9A-43B4-B324-F502F5B86CDE\WindowsUpdate.20231225.173759.428.1.etl,False,False,False,False,0,True,False,False,True,True,False,False,True,False,False,False,False,False,False,False,False,False,False,4,39,True,True,False,False,False,False,True,False,True,True,False,False,False,True,True,False,False,3,0.9996136957524674,99.96136957524674,True,90-100%
windowsupdate.20231225.173759.428.2.etl,10586766669.0,12/31/23 1:15:23,Time Reversal Event,ModifiedTime : 2023-12-31 01:15:23 -> 2023-12-25 16:56:16/ MFTModifiedTime : 2023-12-31 01:15:23 -> 2023-12-25 16:56:16,WindowsUpdate.20231225.173759.428.2.etl,\Windows\Temp\_E010CF14-8D9A-43B4-B324-F502F5B86CDE\WindowsUpdate.20231225.173759.428.2.etl,,,,,Update Resident Value,0x3284,6.0,12/28/23 9:22:28,1742483888,WindowsUpdate.20231225.173759.428.2.etl,\Windows\Temp\_2D2C03B5-EB58-4337-86B0-5384D5891301\WindowsUpdate.20231225.173759.428.2.etl,File_Created / Basic_Info_Changed / Data_Added / Data_Overwritten,Normal,Archive,,0x000900000000C09F,0x000400000000C492,,,,6,6,True,True,1.0,False,WindowsUpdate.20231225.173759.428.2.etl,\Windows\Temp\_E010CF14-8D9A-43B4-B324-F502F5B86CDE\WindowsUpdate.20231225.173759.428.2.etl,False,False,False,False,0,True,False,False,True,True,False,False,True,False,False,False,False,False,False,False,False,False,False,4,39,True,True,False,False,False,False,True,False,True,True,False,False,False,True,True,False,False,3,0.9996136957524674,99.96136957524674,True,90-100%
windowsupdate.20231225.175817.420.1.etl,10586767448.0,12/31/23 1:15:23,Time Reversal Event,ModifiedTime : 2023-12-31 01:15:23 -> 2023-12-25 17:12:37/ MFTModifiedTime : 2023-12-31 01:15:23 -> 2023-12-25 17:12:37,WindowsUpdate.20231225.175817.420.1.etl,\Windows\Temp\_E010CF14-8D9A-43B4-B324-F502F5B86CDE\WindowsUpdate.20231225.175817.420.1.etl,,,,,Update Resident Value,0x3285,0.0,12/28/23 9:22:28,1742484608,WindowsUpdate.20231225.175817.420.1.etl,\Windows\Temp\_2D2C03B5-EB58-4337-86B0-5384D5891301\WindowsUpdate.20231225.175817.420.1.etl,File_Created / Basic_Info_Changed / Data_Added / Data_Overwritten,Normal,Archive,,0x000800000000C0A0,0x000400000000C492,,,,6,6,True,True,1.0,False,WindowsUpdate.20231225.175817.420.1.etl,\Windows\Temp\_E010CF14-8D9A-43B4-B324-F502F5B86CDE\WindowsUpdate.20231225.175817.420.1.etl,False,False,False,False,0,True,False,False,True,True,False,False,True,False,False,False,False,False,False,False,False,False,False,4,39,True,True,False,False,False,False,True,False,True,True,False,False,False,True,True,False,False,3,0.9996136957524674,99.96136957524674,True,90-100%
windowsupdate.20231225.181843.333.1.etl,10586768219.0,12/31/23 1:15:23,Time Reversal Event,ModifiedTime : 2023-12-31 01:15:23 -> 2023-12-25 17:28:45/ MFTModifiedTime : 2023-12-31 01:15:23 -> 2023-12-25 17:28:45,WindowsUpdate.20231225.181843.333.1.etl,\Windows\Temp\_E010CF14-8D9A-43B4-B324-F502F5B86CDE\WindowsUpdate.20231225.181843.333.1.etl,,,,,Update Resident Value,0x3285,6.0,12/28/23 9:22:28,1742485328,WindowsUpdate.20231225.181843.333.1.etl,\Windows\Temp\_2D2C03B5-EB58-4337-86B0-5384D5891301\WindowsUpdate.20231225.181843.333.1.etl,File_Created / Basic_Info_Changed / Data_Added / Data_Overwritten,Normal,Archive,,0x000800000000C0A1,0x000400000000C492,,,,6,6,True,True,1.0,False,WindowsUpdate.20231225.181843.333.1.etl,\Windows\Temp\_E010CF14-8D9A-43B4-B324-F502F5B86CDE\WindowsUpdate.20231225.181843.333.1.etl,False,False,False,False,0,True,False,False,True,True,False,False,True,False,False,False,False,False,False,False,False,False,False,4,39,True,True,False,False,False,False,True,False,True,True,False,False,False,True,True,False,False,3,0.9996136957524674,99.96136957524674,True,90-100%
windowsupdate.20231225.183040.874.1.etl,10586768998.0,12/31/23 1:15:23,Time Reversal Event,ModifiedTime : 2023-12-31 01:15:23 -> 2023-12-25 17:40:43/ MFTModifiedTime : 2023-12-31 01:15:23 -> 2023-12-25 17:40:43,WindowsUpdate.20231225.183040.874.1.etl,\Windows\Temp\_E010CF14-8D9A-43B4-B324-F502F5B86CDE\WindowsUpdate.20231225.183040.874.1.etl,,,,,Update Resident Value,0x3286,2.0,12/28/23 9:22:28,1742486048,WindowsUpdate.20231225.183040.874.1.etl,\Windows\Temp\_2D2C03B5-EB58-4337-86B0-5384D5891301\WindowsUpdate.20231225.183040.874.1.etl,File_Created / Basic_Info_Changed / Data_Added / Data_Overwritten,Normal,Archive,,0x000800000000C0A2,0x000400000000C492,,,,6,6,True,True,1.0,False,WindowsUpdate.20231225.183040.874.1.etl,\Windows\Temp\_E010CF14-8D9A-43B4-B324-F502F5B86CDE\WindowsUpdate.20231225.183040.874.1.etl,False,False,False,False,0,True,False,False,True,True,False,False,True,False,False,False,False,False,False,False,False,False,False,4,39,True,True,False,False,False,False,True,False,True,True,False,False,False,True,True,False,False,3,0.9996136957524674,99.96136957524674,True,90-100%
windowsupdate.20231225.184944.109.1.etl,10586769783.0,12/31/23 1:15:23,Time Reversal Event,ModifiedTime : 2023-12-31 01:15:23 -> 2023-12-25 17:59:46/ MFTModifiedTime : 2023-12-31 01:15:23 -> 2023-12-25 17:59:46,WindowsUpdate.20231225.184944.109.1.etl,\Windows\Temp\_E010CF14-8D9A-43B4-B324-F502F5B86CDE\WindowsUpdate.20231225.184944.109.1.etl,,,,,Update Resident Value,0x3287,4.0,12/28/23 9:22:28,1742486768,WindowsUpdate.20231225.184944.109.1.etl,\Windows\Temp\_2D2C03B5-EB58-4337-86B0-5384D5891301\WindowsUpdate.20231225.184944.109.1.etl,File_Created / Basic_Info_Changed / Data_Added / Data_Overwritten,Normal,Archive,,0x000800000000C0A3,0x000400000000C492,,,,6,6,True,True,1.0,False,WindowsUpdate.20231225.184944.109.1.etl,\Windows\Temp\_E010CF14-8D9A-43B4-B324-F502F5B86CDE\WindowsUpdate.20231225.184944.109.1.etl,False,False,False,False,0,True,False,False,True,True,False,False,True,False,False,False,False,False,False,False,False,False,False,4,39,True,True,False,False,False,False,True,False,True,True,False,False,False,True,True,False,False,3,0.9996136957524674,99.96136957524674,True,90-100%
windowsupdate.20231225.191048.081.1.etl,10586770611.0,12/31/23 1:15:23,Time Reversal Event,ModifiedTime : 2023-12-31 01:15:23 -> 2023-12-25 18:20:50/ MFTModifiedTime : 2023-12-31 01:15:23 -> 2023-12-25 18:20:50,WindowsUpdate.20231225.191048.081.1.etl,\Windows\Temp\_E010CF14-8D9A-43B4-B324-F502F5B86CDE\WindowsUpdate.20231225.191048.081.1.etl,,,,,Update Resident Value,0x3288,2.0,12/28/23 9:22:28,1742487552,WindowsUpdate.20231225.191048.081.1.etl,\Windows\Temp\_2D2C03B5-EB58-4337-86B0-5384D5891301\WindowsUpdate.20231225.191048.081.1.etl,File_Created / Basic_Info_Changed / Data_Added / Data_Overwritten,Normal,Archive,,0x000200000000C4AD,0x000400000000C492,,,,6,6,True,True,1.0,False,WindowsUpdate.20231225.191048.081.1.etl,\Windows\Temp\_E010CF14-8D9A-43B4-B324-F502F5B86CDE\WindowsUpdate.20231225.191048.081.1.etl,False,False,False,False,0,True,False,False,True,True,False,False,True,False,False,False,False,False,False,False,False,False,False,4,39,True,True,False,False,False,False,True,False,True,True,False,False,False,True,True,False,False,3,0.9996136957524674,99.96136957524674,True,90-100%
windowsupdate.20231225.193041.301.1.etl,10586771382.0,12/31/23 1:15:23,Time Reversal Event,ModifiedTime : 2023-12-31 01:15:23 -> 2023-12-25 18:40:43/ MFTModifiedTime : 2023-12-31 01:15:23 -> 2023-12-25 18:40:43,WindowsUpdate.20231225.193041.301.1.etl,\Windows\Temp\_E010CF14-8D9A-43B4-B324-F502F5B86CDE\WindowsUpdate.20231225.193041.301.1.etl,,,,,Update Resident Value,0x3288,4.0,12/28/23 9:22:28,1742488272,WindowsUpdate.20231225.193041.301.1.etl,\Windows\Temp\_2D2C03B5-EB58-4337-86B0-5384D5891301\WindowsUpdate.20231225.193041.301.1.etl,File_Created / Basic_Info_Changed / Data_Added / Data_Overwritten,Normal,Archive,,0x000200000000C4AF,0x000400000000C492,,,,6,6,True,True,1.0,False,WindowsUpdate.20231225.193041.301.1.etl,\Windows\Temp\_E010CF14-8D9A-43B4-B324-F502F5B86CDE\WindowsUpdate.20231225.193041.301.1.etl,False,False,False,False,0,True,False,False,True,True,False,False,True,False,False,False,False,False,False,False,False,False,False,4,39,True,True,False,False,False,False,True,False,True,True,False,False,False,True,True,False,False,3,0.9996136957524674,99.96136957524674,True,90-100%
windowsupdate.20231225.203041.323.1.etl,10586772161.0,12/31/23 1:15:23,Time Reversal Event,ModifiedTime : 2023-12-31 01:15:23 -> 2023-12-25 19:40:43/ MFTModifiedTime : 2023-12-31 01:15:23 -> 2023-12-25 19:40:43,WindowsUpdate.20231225.203041.323.1.etl,\Windows\Temp\_E010CF14-8D9A-43B4-B324-F502F5B86CDE\WindowsUpdate.20231225.203041.323.1.etl,,,,,Update Resident Value,0x3289,0.0,12/28/23 9:22:28,1742489296,WindowsUpdate.20231225.203041.323.1.etl,\Windows\Temp\_2D2C03B5-EB58-4337-86B0-5384D5891301\WindowsUpdate.20231225.203041.323.1.etl,File_Created / Basic_Info_Changed / Data_Added / Data_Overwritten,Normal,Archive,,0x000300000000C4B0,0x000400000000C492,,,,6,6,True,True,1.0,False,WindowsUpdate.20231225.203041.323.1.etl,\Windows\Temp\_E010CF14-8D9A-43B4-B324-F502F5B86CDE\WindowsUpdate.20231225.203041.323.1.etl,False,False,False,False,0,True,False,False,True,True,False,False,True,False,False,False,False,False,False,False,False,False,False,4,39,True,True,False,False,False,False,True,False,True,True,False,False,False,True,True,False,False,3,0.9996136957524674,99.96136957524674,True,90-100%
windowsupdate.20231225.213041.312.1.etl,10586778801.0,12/31/23 1:15:23,Time Reversal Event,ModifiedTime : 2023-12-31 01:15:23 -> 2023-12-25 20:40:43/ MFTModifiedTime : 2023-12-31 01:15:23 -> 2023-12-25 20:40:43,WindowsUpdate.20231225.213041.312.1.etl,\Windows\Temp\_E010CF14-8D9A-43B4-B324-F502F5B86CDE\WindowsUpdate.20231225.213041.312.1.etl,,,,,Update Resident Value,0x3289,2.0,12/28/23 9:22:28,1742490016,WindowsUpdate.20231225.213041.312.1.etl,\Windows\Temp\_2D2C03B5-EB58-4337-86B0-5384D5891301\WindowsUpdate.20231225.213041.312.1.etl,File_Created / Basic_Info_Changed / Data_Added / Data_Overwritten,Normal,Archive,,0x000200000000C4B2,0x000400000000C492,,,,6,6,True,True,1.0,False,WindowsUpdate.20231225.213041.312.1.etl,\Windows\Temp\_E010CF14-8D9A-43B4-B324-F502F5B86CDE\WindowsUpdate.20231225.213041.312.1.etl,False,False,False,False,0,True,False,False,True,True,False,False,True,False,False,False,False,False,False,False,False,False,False,4,39,True,True,False,False,False,False,True,False,True,True,False,False,False,True,True,False,False,3,0.9996136957524674,99.96136957524674,True,90-100%
windowsupdate.20231225.223041.336.1.etl,10586779572.0,12/31/23 1:15:23,Time Reversal Event,ModifiedTime : 2023-12-31 01:15:23 -> 2023-12-25 21:40:43/ MFTModifiedTime : 2023-12-31 01:15:23 -> 2023-12-25 21:40:43,WindowsUpdate.20231225.223041.336.1.etl,\Windows\Temp\_E010CF14-8D9A-43B4-B324-F502F5B86CDE\WindowsUpdate.20231225.223041.336.1.etl,,,,,Update Resident Value,0x3289,6.0,12/28/23 9:22:28,1742490736,WindowsUpdate.20231225.223041.336.1.etl,\Windows\Temp\_2D2C03B5-EB58-4337-86B0-5384D5891301\WindowsUpdate.20231225.223041.336.1.etl,File_Created / Basic_Info_Changed / Data_Added / Data_Overwritten,Normal,Archive,,0x000300000000C4B4,0x000400000000C492,,,,6,6,True,True,1.0,False,WindowsUpdate.20231225.223041.336.1.etl,\Windows\Temp\_E010CF14-8D9A-43B4-B324-F502F5B86CDE\WindowsUpdate.20231225.223041.336.1.etl,False,False,False,False,0,True,False,False,True,True,False,False,True,False,False,False,False,False,False,False,False,False,False,4,39,True,True,False,False,False,False,True,False,True,True,False,False,False,True,True,False,False,3,0.9996136957524674,99.96136957524674,True,90-100%
windowsupdate.20231225.231817.373.1.etl,10586780401.0,12/31/23 1:15:23,Time Reversal Event,ModifiedTime : 2023-12-31 01:15:23 -> 2023-12-25 22:28:20/ MFTModifiedTime : 2023-12-31 01:15:23 -> 2023-12-25 22:28:20,WindowsUpdate.20231225.231817.373.1.etl,\Windows\Temp\_E010CF14-8D9A-43B4-B324-F502F5B86CDE\WindowsUpdate.20231225.231817.373.1.etl,,,,,Update Resident Value,0x328A,2.0,12/28/23 9:22:28,1742491456,WindowsUpdate.20231225.231817.373.1.etl,\Windows\Temp\_2D2C03B5-EB58-4337-86B0-5384D5891301\WindowsUpdate.20231225.231817.373.1.etl,File_Created / Basic_Info_Changed / Data_Added / Data_Overwritten,Normal,Archive,,0x000200000000C4B9,0x000400000000C492,,,,6,6,True,True,1.0,False,WindowsUpdate.20231225.231817.373.1.etl,\Windows\Temp\_E010CF14-8D9A-43B4-B324-F502F5B86CDE\WindowsUpdate.20231225.231817.373.1.etl,False,False,False,False,0,True,False,False,True,True,False,False,True,False,False,False,False,False,False,False,False,False,False,4,39,True,True,False,False,False,False,True,False,True,True,False,False,False,True,True,False,False,3,0.9996136957524674,99.96136957524674,True,90-100%
windowsupdate.20231225.235013.988.1.etl,10586781222.0,12/31/23 1:15:23,Time Reversal Event,ModifiedTime : 2023-12-31 01:15:23 -> 2023-12-25 23:00:44/ MFTModifiedTime : 2023-12-31 01:15:23 -> 2023-12-25 23:00:44,WindowsUpdate.20231225.235013.988.1.etl,\Windows\Temp\_E010CF14-8D9A-43B4-B324-F502F5B86CDE\WindowsUpdate.20231225.235013.988.1.etl,,,,,Update Resident Value,0x328B,0.0,12/28/23 9:22:28,1742492224,WindowsUpdate.20231225.235013.988.1.etl,\Windows\Temp\_2D2C03B5-EB58-4337-86B0-5384D5891301\WindowsUpdate.20231225.235013.988.1.etl,File_Created / Basic_Info_Changed / Data_Added / Data_Overwritten,Normal,Archive,,0x000300000000C4BA,0x000400000000C492,,,,6,6,True,True,1.0,False,WindowsUpdate.20231225.235013.988.1.etl,\Windows\Temp\_E010CF14-8D9A-43B4-B324-F502F5B86CDE\WindowsUpdate.20231225.235013.988.1.etl,False,False,False,False,0,True,False,False,True,True,False,False,True,False,False,False,False,False,False,False,False,False,False,4,39,True,True,False,False,False,False,True,False,True,True,False,False,False,True,True,False,False,3,0.9996136957524674,99.96136957524674,True,90-100%
windowsupdate.20231226.000148.623.1.etl,10586782077.0,12/31/23 1:15:23,Time Reversal Event,ModifiedTime : 2023-12-31 01:15:23 -> 2023-12-25 23:17:22/ MFTModifiedTime : 2023-12-31 01:15:23 -> 2023-12-25 23:17:22,WindowsUpdate.20231226.000148.623.1.etl,\Windows\Temp\_E010CF14-8D9A-43B4-B324-F502F5B86CDE\WindowsUpdate.20231226.000148.623.1.etl,,,,,Update Resident Value,0x328B,2.0,12/28/23 9:22:28,1742492944,WindowsUpdate.20231226.000148.623.1.etl,\Windows\Temp\_2D2C03B5-EB58-4337-86B0-5384D5891301\WindowsUpdate.20231226.000148.623.1.etl,File_Created / Basic_Info_Changed / Data_Added / Data_Overwritten,Normal,Archive,,0x000200000000C4BB,0x000400000000C492,,,,6,6,True,True,1.0,False,WindowsUpdate.20231226.000148.623.1.etl,\Windows\Temp\_E010CF14-8D9A-43B4-B324-F502F5B86CDE\WindowsUpdate.20231226.000148.623.1.etl,False,False,False,False,0,True,False,False,True,True,False,False,True,False,False,False,False,False,False,False,False,False,False,4,39,True,True,False,False,False,False,True,False,True,True,False,False,False,True,True,False,False,3,0.9996136957524674,99.96136957524674,True,90-100%
windowsupdate.20231226.001944.806.1.etl,10586784595.0,12/31/23 1:15:23,Time Reversal Event,ModifiedTime : 2023-12-31 01:15:23 -> 2023-12-25 23:33:23/ MFTModifiedTime : 2023-12-31 01:15:23 -> 2023-12-25 23:33:23,WindowsUpdate.20231226.001944.806.1.etl,\Windows\Temp\_E010CF14-8D9A-43B4-B324-F502F5B86CDE\WindowsUpdate.20231226.001944.806.1.etl,,,,,Update Resident Value,0x328B,4.0,12/28/23 9:22:28,1742493664,WindowsUpdate.20231226.001944.806.1.etl,\Windows\Temp\_2D2C03B5-EB58-4337-86B0-5384D5891301\WindowsUpdate.20231226.001944.806.1.etl,File_Created / Basic_Info_Changed / Data_Added / Data_Overwritten,Normal,Archive,,0x000200000000C4BC,0x000400000000C492,,,,6,6,True,True,1.0,False,WindowsUpdate.20231226.001944.806.1.etl,\Windows\Temp\_E010CF14-8D9A-43B4-B324-F502F5B86CDE\WindowsUpdate.20231226.001944.806.1.etl,False,False,False,False,0,True,False,False,True,True,False,False,True,False,False,False,False,False,False,False,False,False,False,4,39,True,True,False,False,False,False,True,False,True,True,False,False,False,True,True,False,False,3,0.9996136957524674,99.96136957524674,True,90-100%
windowsupdate.20231226.005434.402.1.etl,10586785377.0,12/31/23 1:15:23,Time Reversal Event,ModifiedTime : 2023-12-31 01:15:23 -> 2023-12-26 00:02:07/ MFTModifiedTime : 2023-12-31 01:15:23 -> 2023-12-26 00:02:07,WindowsUpdate.20231226.005434.402.1.etl,\Windows\Temp\_E010CF14-8D9A-43B4-B324-F502F5B86CDE\WindowsUpdate.20231226.005434.402.1.etl,,,,,Update Resident Value,0x328B,6.0,12/28/23 9:22:28,1742494384,WindowsUpdate.20231226.005434.402.1.etl,\Windows\Temp\_2D2C03B5-EB58-4337-86B0-5384D5891301\WindowsUpdate.20231226.005434.402.1.etl,File_Created / Basic_Info_Changed / Data_Added / Data_Overwritten,Normal,Archive,,0x000200000000C4BD,0x000400000000C492,,,,6,6,True,True,1.0,False,WindowsUpdate.20231226.005434.402.1.etl,\Windows\Temp\_E010CF14-8D9A-43B4-B324-F502F5B86CDE\WindowsUpdate.20231226.005434.402.1.etl,False,False,False,False,0,True,False,False,True,True,False,False,True,False,False,False,False,False,False,False,False,False,False,4,39,True,True,False,False,False,False,True,False,True,True,False,False,False,True,True,False,False,3,0.9996136957524674,99.96136957524674,True,90-100%
windowsupdate.20231226.010558.490.1.etl,10586786148.0,12/31/23 1:15:23,Time Reversal Event,ModifiedTime : 2023-12-31 01:15:23 -> 2023-12-26 00:21:48/ MFTModifiedTime : 2023-12-31 01:15:23 -> 2023-12-26 00:21:48,WindowsUpdate.20231226.010558.490.1.etl,\Windows\Temp\_E010CF14-8D9A-43B4-B324-F502F5B86CDE\WindowsUpdate.20231226.010558.490.1.etl,,,,,Update Resident Value,0x328C,2.0,12/28/23 9:22:28,1742495104,WindowsUpdate.20231226.010558.490.1.etl,\Windows\Temp\_2D2C03B5-EB58-4337-86B0-5384D5891301\WindowsUpdate.20231226.010558.490.1.etl,File_Created / Basic_Info_Changed / Data_Added / Data_Overwritten,Normal,Archive,,0x000300000000C4BE,0x000400000000C492,,,,6,6,True,True,1.0,False,WindowsUpdate.20231226.010558.490.1.etl,\Windows\Temp\_E010CF14-8D9A-43B4-B324-F502F5B86CDE\WindowsUpdate.20231226.010558.490.1.etl,False,False,False,False,0,True,False,False,True,True,False,False,True,False,False,False,False,False,False,False,False,False,False,4,39,True,True,False,False,False,False,True,False,True,True,False,False,False,True,True,False,False,3,0.9996136957524674,99.96136957524674,True,90-100%
windowsupdate.20231227.004534.197.1.etl,10586787006.0,12/31/23 1:15:23,Time Reversal Event,ModifiedTime : 2023-12-31 01:15:23 -> 2023-12-26 23:59:20/ MFTModifiedTime : 2023-12-31 01:15:23 -> 2023-12-26 23:59:20,WindowsUpdate.20231227.004534.197.1.etl,\Windows\Temp\_E010CF14-8D9A-43B4-B324-F502F5B86CDE\WindowsUpdate.20231227.004534.197.1.etl,,,,,Update Resident Value,0x328C,4.0,12/28/23 9:22:28,1742495888,WindowsUpdate.20231227.004534.197.1.etl,\Windows\Temp\_2D2C03B5-EB58-4337-86B0-5384D5891301\WindowsUpdate.20231227.004534.197.1.etl,File_Created / Basic_Info_Changed / Data_Added / Data_Overwritten,Normal,Archive,,0x000200000000C4C2,0x000400000000C492,,,,6,6,True,True,1.0,False,WindowsUpdate.20231227.004534.197.1.etl,\Windows\Temp\_E010CF14-8D9A-43B4-B324-F502F5B86CDE\WindowsUpdate.20231227.004534.197.1.etl,False,False,False,False,0,True,False,False,True,True,False,False,True,False,False,False,False,False,False,False,False,False,False,4,39,True,True,False,False,False,False,True,False,True,True,False,False,False,True,True,False,False,3,0.9996136957524674,99.96136957524674,True,90-100%
windowsupdate.20231227.014918.931.1.etl,10586787777.0,12/31/23 1:15:23,Time Reversal Event,ModifiedTime : 2023-12-31 01:15:23 -> 2023-12-27 00:59:21/ MFTModifiedTime : 2023-12-31 01:15:23 -> 2023-12-27 00:59:21,WindowsUpdate.20231227.014918.931.1.etl,\Windows\Temp\_E010CF14-8D9A-43B4-B324-F502F5B86CDE\WindowsUpdate.20231227.014918.931.1.etl,,,,,Update Resident Value,0x328C,6.0,12/28/23 9:22:28,1742496608,WindowsUpdate.20231227.014918.931.1.etl,\Windows\Temp\_2D2C03B5-EB58-4337-86B0-5384D5891301\WindowsUpdate.20231227.014918.931.1.etl,File_Created / Basic_Info_Changed / Data_Added / Data_Overwritten,Normal,Archive,,0x000200000000C4C6,0x000400000000C492,,,,6,6,True,True,1.0,False,WindowsUpdate.20231227.014918.931.1.etl,\Windows\Temp\_E010CF14-8D9A-43B4-B324-F502F5B86CDE\WindowsUpdate.20231227.014918.931.1.etl,False,False,False,False,0,True,False,False,True,True,False,False,True,False,False,False,False,False,False,False,False,False,False,4,39,True,True,False,False,False,False,True,False,True,True,False,False,False,True,True,False,False,3,0.9996136957524674,99.96136957524674,True,90-100%
windowsupdate.20231227.024016.873.1.etl,10586788558.0,12/31/23 1:15:23,Time Reversal Event,ModifiedTime : 2023-12-31 01:15:23 -> 2023-12-27 01:50:19/ MFTModifiedTime : 2023-12-31 01:15:23 -> 2023-12-27 01:50:19,WindowsUpdate.20231227.024016.873.1.etl,\Windows\Temp\_E010CF14-8D9A-43B4-B324-F502F5B86CDE\WindowsUpdate.20231227.024016.873.1.etl,,,,,Update Resident Value,0x328D,0.0,12/28/23 9:22:29,1742497328,WindowsUpdate.20231227.024016.873.1.etl,\Windows\Temp\_2D2C03B5-EB58-4337-86B0-5384D5891301\WindowsUpdate.20231227.024016.873.1.etl,File_Created / Basic_Info_Changed / Data_Added / Data_Overwritten,Normal,Archive,,0x000500000000C4C7,0x000400000000C492,,,,6,6,True,True,1.0,False,WindowsUpdate.20231227.024016.873.1.etl,\Windows\Temp\_E010CF14-8D9A-43B4-B324-F502F5B86CDE\WindowsUpdate.20231227.024016.873.1.etl,False,False,False,False,0,True,False,False,True,True,False,False,True,False,False,False,False,False,False,False,False,False,False,4,39,True,True,False,False,False,False,True,False,True,True,False,False,False,True,True,False,False,3,0.9996136957524674,99.96136957524674,True,90-100%
windowsupdate.20231227.034017.132.1.etl,10586789503.0,12/31/23 1:15:23,Time Reversal Event,ModifiedTime : 2023-12-31 01:15:23 -> 2023-12-27 02:50:19/ MFTModifiedTime : 2023-12-31 01:15:23 -> 2023-12-27 02:50:19,WindowsUpdate.20231227.034017.132.1.etl,\Windows\Temp\_E010CF14-8D9A-43B4-B324-F502F5B86CDE\WindowsUpdate.20231227.034017.132.1.etl,,,,,Update Resident Value,0x328D,2.0,12/27/23 2:50:19,1719755632,WindowsUpdate.20231227.034017.132.1.etl,\Windows\Logs\WindowsUpdate\WindowsUpdate.20231227.034017.132.1.etl,File_Created / Basic_Info_Changed / Data_Added / Data_Overwritten / Content_Indexed_Attr_Changed,Normal,Not_Content_Indexed,,0x000600000000013A,0x000100000001A7D0,,,,8,8,True,True,1.0,False,WindowsUpdate.20231227.034017.132.1.etl,\Windows\Temp\_E010CF14-8D9A-43B4-B324-F502F5B86CDE\WindowsUpdate.20231227.034017.132.1.etl,False,False,False,False,0,True,False,False,True,True,False,False,True,False,False,False,False,False,False,False,False,False,False,4,39,True,True,False,False,False,False,True,False,True,True,False,False,False,True,True,False,False,3,0.9996136957524674,99.96136957524674,True,90-100%
windowsupdate.20231227.040129.253.1.etl,10586790274.0,12/31/23 1:15:23,Time Reversal Event,ModifiedTime : 2023-12-31 01:15:23 -> 2023-12-27 03:11:31/ MFTModifiedTime : 2023-12-31 01:15:23 -> 2023-12-27 03:11:31,WindowsUpdate.20231227.040129.253.1.etl,\Windows\Temp\_E010CF14-8D9A-43B4-B324-F502F5B86CDE\WindowsUpdate.20231227.040129.253.1.etl,,,,,Update Resident Value,0x328E,2.0,12/27/23 3:01:29,1719895184,WindowsUpdate.20231227.040129.253.1.etl,\Windows\Logs\WindowsUpdate\WindowsUpdate.20231227.040129.253.1.etl,File_Created / Basic_Info_Changed / Content_Indexed_Attr_Changed,Normal,Not_Content_Indexed,,0x002C000000000EAE,0x000100000001A7D0,,,,10,10,True,True,1.0,False,WindowsUpdate.20231227.040129.253.1.etl,\Windows\Temp\_E010CF14-8D9A-43B4-B324-F502F5B86CDE\WindowsUpdate.20231227.040129.253.1.etl,False,False,False,False,0,True,False,False,True,True,False,False,True,False,False,False,False,False,False,False,False,False,False,4,39,True,True,False,False,False,False,True,False,True,True,False,False,False,True,True,False,False,3,0.9996136957524674,99.96136957524674,True,90-100%
windowsupdate.20231227.044017.181.1.etl,10586791771.0,12/31/23 1:15:23,Time Reversal Event,ModifiedTime : 2023-12-31 01:15:23 -> 2023-12-27 03:50:19/ MFTModifiedTime : 2023-12-31 01:15:23 -> 2023-12-27 03:50:19,WindowsUpdate.20231227.044017.181.1.etl,\Windows\Temp\_E010CF14-8D9A-43B4-B324-F502F5B86CDE\WindowsUpdate.20231227.044017.181.1.etl,,,,,Update Resident Value,0x3290,2.0,12/27/23 3:40:17,1720510800,WindowsUpdate.20231227.044017.181.1.etl,\Windows\Logs\WindowsUpdate\WindowsUpdate.20231227.044017.181.1.etl,File_Created / Basic_Info_Changed / Content_Indexed_Attr_Changed,Normal,Not_Content_Indexed,,0x0012000000002453,0x000100000001A7D0,,,,10,10,True,True,1.0,False,WindowsUpdate.20231227.044017.181.1.etl,\Windows\Temp\_E010CF14-8D9A-43B4-B324-F502F5B86CDE\WindowsUpdate.20231227.044017.181.1.etl,False,False,False,False,0,True,False,False,True,True,False,False,True,False,False,False,False,False,False,False,False,False,False,4,39,True,True,False,False,False,False,True,False,True,True,False,False,False,True,True,False,False,3,0.9996136957524674,99.96136957524674,True,90-100%
windowsupdate.20231227.054017.182.1.etl,10586792550.0,12/31/23 1:15:23,Time Reversal Event,ModifiedTime : 2023-12-31 01:15:23 -> 2023-12-27 04:50:19/ MFTModifiedTime : 2023-12-31 01:15:23 -> 2023-12-27 04:50:19,WindowsUpdate.20231227.054017.182.1.etl,\Windows\Temp\_E010CF14-8D9A-43B4-B324-F502F5B86CDE\WindowsUpdate.20231227.054017.182.1.etl,,,,,Update Resident Value,0x3290,4.0,12/27/23 4:40:17,1721278464,WindowsUpdate.20231227.054017.182.1.etl,\Windows\Logs\WindowsUpdate\WindowsUpdate.20231227.054017.182.1.etl,File_Created / Basic_Info_Changed / Content_Indexed_Attr_Changed,Normal,Not_Content_Indexed,,0x001500000000C09E,0x000100000001A7D0,,,,10,10,True,True,1.0,False,WindowsUpdate.20231227.054017.182.1.etl,\Windows\Temp\_E010CF14-8D9A-43B4-B324-F502F5B86CDE\WindowsUpdate.20231227.054017.182.1.etl,False,False,False,False,0,True,False,False,True,True,False,False,True,False,False,False,False,False,False,False,False,False,False,4,39,True,True,False,False,False,False,True,False,True,True,False,False,False,True,True,False,False,3,0.9996136957524674,99.96136957524674,True,90-100%
windowsupdate.20231227.064017.196.1.etl,10586793321.0,12/31/23 1:15:23,Time Reversal Event,ModifiedTime : 2023-12-31 01:15:23 -> 2023-12-27 05:50:19/ MFTModifiedTime : 2023-12-31 01:15:23 -> 2023-12-27 05:50:19,WindowsUpdate.20231227.064017.196.1.etl,\Windows\Temp\_E010CF14-8D9A-43B4-B324-F502F5B86CDE\WindowsUpdate.20231227.064017.196.1.etl,,,,,Update Resident Value,0x3291,2.0,12/27/23 5:40:17,1722031232,WindowsUpdate.20231227.064017.196.1.etl,\Windows\Logs\WindowsUpdate\WindowsUpdate.20231227.064017.196.1.etl,File_Created / Basic_Info_Changed / Content_Indexed_Attr_Changed,Normal,Not_Content_Indexed,,0x001700000000C0F5,0x000100000001A7D0,,,,10,10,True,True,1.0,False,WindowsUpdate.20231227.064017.196.1.etl,\Windows\Temp\_E010CF14-8D9A-43B4-B324-F502F5B86CDE\WindowsUpdate.20231227.064017.196.1.etl,False,False,False,False,0,True,False,False,True,True,False,False,True,False,False,False,False,False,False,False,False,False,False,4,39,True,True,False,False,False,False,True,False,True,True,False,False,False,True,True,False,False,3,0.9996136957524674,99.96136957524674,True,90-100%
windowsupdate.20231227.074017.195.1.etl,10586794100.0,12/31/23 1:15:23,Time Reversal Event,ModifiedTime : 2023-12-31 01:15:23 -> 2023-12-27 06:50:19/ MFTModifiedTime : 2023-12-31 01:15:23 -> 2023-12-27 06:50:19,WindowsUpdate.20231227.074017.195.1.etl,\Windows\Temp\_E010CF14-8D9A-43B4-B324-F502F5B86CDE\WindowsUpdate.20231227.074017.195.1.etl,,,,,Update Resident Value,0x3291,6.0,12/27/23 6:40:17,1722783408,WindowsUpdate.20231227.074017.195.1.etl,\Windows\Logs\WindowsUpdate\WindowsUpdate.20231227.074017.195.1.etl,File_Created / Basic_Info_Changed / Content_Indexed_Attr_Changed,Normal,Not_Content_Indexed,,0x000200000000C10E,0x000100000001A7D0,,,,10,10,True,True,1.0,False,WindowsUpdate.20231227.074017.195.1.etl,\Windows\Temp\_E010CF14-8D9A-43B4-B324-F502F5B86CDE\WindowsUpdate.20231227.074017.195.1.etl,False,False,False,False,0,True,False,False,True,True,False,False,True,False,False,False,False,False,False,False,False,False,False,4,39,True,True,False,False,False,False,True,False,True,True,False,False,False,True,True,False,False,3,0.9996136957524674,99.96136957524674,True,90-100%
windowsupdate.20231227.083512.034.1.etl,10586794871.0,12/31/23 1:15:23,Time Reversal Event,ModifiedTime : 2023-12-31 01:15:23 -> 2023-12-27 07:45:14/ MFTModifiedTime : 2023-12-31 01:15:23 -> 2023-12-27 07:45:14,WindowsUpdate.20231227.083512.034.1.etl,\Windows\Temp\_E010CF14-8D9A-43B4-B324-F502F5B86CDE\WindowsUpdate.20231227.083512.034.1.etl,,,,,Update Resident Value,0x3298,2.0,12/27/23 7:35:12,1723485360,WindowsUpdate.20231227.083512.034.1.etl,\Windows\Logs\WindowsUpdate\WindowsUpdate.20231227.083512.034.1.etl,File_Created / Basic_Info_Changed / Content_Indexed_Attr_Changed,Normal,Not_Content_Indexed,,0x002D00000000C0EC,0x000100000001A7D0,,,,10,10,True,True,1.0,False,WindowsUpdate.20231227.083512.034.1.etl,\Windows\Temp\_E010CF14-8D9A-43B4-B324-F502F5B86CDE\WindowsUpdate.20231227.083512.034.1.etl,False,False,False,False,0,True,False,False,True,True,False,False,True,False,False,False,False,False,False,False,False,False,False,4,39,True,True,False,False,False,False,True,False,True,True,False,False,False,True,True,False,False,3,0.9996136957524674,99.96136957524674,True,90-100%
windowsupdate.20231227.084749.101.1.etl,10586795650.0,12/31/23 1:15:23,Time Reversal Event,ModifiedTime : 2023-12-31 01:15:23 -> 2023-12-27 07:57:51/ MFTModifiedTime : 2023-12-31 01:15:23 -> 2023-12-27 07:57:51,WindowsUpdate.20231227.084749.101.1.etl,\Windows\Temp\_E010CF14-8D9A-43B4-B324-F502F5B86CDE\WindowsUpdate.20231227.084749.101.1.etl,,,,,Update Resident Value,0x32A0,0.0,12/27/23 7:47:49,1723655312,WindowsUpdate.20231227.084749.101.1.etl,\Windows\Logs\WindowsUpdate\WindowsUpdate.20231227.084749.101.1.etl,File_Created / Basic_Info_Changed / Content_Indexed_Attr_Changed,Normal,Not_Content_Indexed,,0x000200000000C124,0x000100000001A7D0,,,,10,10,True,True,1.0,False,WindowsUpdate.20231227.084749.101.1.etl,\Windows\Temp\_E010CF14-8D9A-43B4-B324-F502F5B86CDE\WindowsUpdate.20231227.084749.101.1.etl,False,False,False,False,0,True,False,False,True,True,False,False,True,False,False,False,False,False,False,False,False,False,False,4,39,True,True,False,False,False,False,True,False,True,True,False,False,False,True,True,False,False,3,0.9996136957524674,99.96136957524674,True,90-100%
windowsupdate.20231227.094749.424.1.etl,10586796470.0,12/31/23 1:15:23,Time Reversal Event,ModifiedTime : 2023-12-31 01:15:23 -> 2023-12-27 08:57:51/ MFTModifiedTime : 2023-12-31 01:15:23 -> 2023-12-27 08:57:51,WindowsUpdate.20231227.094749.424.1.etl,\Windows\Temp\_E010CF14-8D9A-43B4-B324-F502F5B86CDE\WindowsUpdate.20231227.094749.424.1.etl,,,,,Update Resident Value,0x32AA,6.0,12/27/23 8:47:49,1724422336,WindowsUpdate.20231227.094749.424.1.etl,\Windows\Logs\WindowsUpdate\WindowsUpdate.20231227.094749.424.1.etl,File_Created / Basic_Info_Changed / Content_Indexed_Attr_Changed,Normal,Not_Content_Indexed,,0x000200000000C143,0x000100000001A7D0,,,,10,10,True,True,1.0,False,WindowsUpdate.20231227.094749.424.1.etl,\Windows\Temp\_E010CF14-8D9A-43B4-B324-F502F5B86CDE\WindowsUpdate.20231227.094749.424.1.etl,False,False,False,False,0,True,False,False,True,True,False,False,True,False,False,False,False,False,False,False,False,False,False,4,39,True,True,False,False,False,False,True,False,True,True,False,False,False,True,True,False,False,3,0.9996136957524674,99.96136957524674,True,90-100%
windowsupdate.20231227.104749.422.1.etl,10586797249.0,12/31/23 1:15:23,Time Reversal Event,ModifiedTime : 2023-12-31 01:15:23 -> 2023-12-27 09:57:51/ MFTModifiedTime : 2023-12-31 01:15:23 -> 2023-12-27 09:57:51,WindowsUpdate.20231227.104749.422.1.etl,\Windows\Temp\_E010CF14-8D9A-43B4-B324-F502F5B86CDE\WindowsUpdate.20231227.104749.422.1.etl,,,,,Update Resident Value,0x32AB,0.0,12/27/23 9:47:49,1725178848,WindowsUpdate.20231227.104749.422.1.etl,\Windows\Logs\WindowsUpdate\WindowsUpdate.20231227.104749.422.1.etl,File_Created / Basic_Info_Changed / Content_Indexed_Attr_Changed,Normal,Not_Content_Indexed,,0x000200000000C16C,0x000100000001A7D0,,,,10,10,True,True,1.0,False,WindowsUpdate.20231227.104749.422.1.etl,\Windows\Temp\_E010CF14-8D9A-43B4-B324-F502F5B86CDE\WindowsUpdate.20231227.104749.422.1.etl,False,False,False,False,0,True,False,False,True,True,False,False,True,False,False,False,False,False,False,False,False,False,False,4,39,True,True,False,False,False,False,True,False,True,True,False,False,False,True,True,False,False,3,0.9996136957524674,99.96136957524674,True,90-100%
windowsupdate.20231227.114749.422.1.etl,10586798020.0,12/31/23 1:15:23,Time Reversal Event,ModifiedTime : 2023-12-31 01:15:23 -> 2023-12-27 10:57:51/ MFTModifiedTime : 2023-12-31 01:15:23 -> 2023-12-27 10:57:51,WindowsUpdate.20231227.114749.422.1.etl,\Windows\Temp\_E010CF14-8D9A-43B4-B324-F502F5B86CDE\WindowsUpdate.20231227.114749.422.1.etl,,,,,Update Resident Value,0x32B0,0.0,12/27/23 10:47:49,1726038016,WindowsUpdate.20231227.114749.422.1.etl,\Windows\Logs\WindowsUpdate\WindowsUpdate.20231227.114749.422.1.etl,File_Created / Basic_Info_Changed / Content_Indexed_Attr_Changed,Normal,Not_Content_Indexed,,0x000300000000C19E,0x000100000001A7D0,,,,10,10,True,True,1.0,False,WindowsUpdate.20231227.114749.422.1.etl,\Windows\Temp\_E010CF14-8D9A-43B4-B324-F502F5B86CDE\WindowsUpdate.20231227.114749.422.1.etl,False,False,False,False,0,True,False,False,True,True,False,False,True,False,False,False,False,False,False,False,False,False,False,4,39,True,True,False,False,False,False,True,False,True,True,False,False,False,True,True,False,False,3,0.9996136957524674,99.96136957524674,True,90-100%
windowsupdate.20231227.123941.413.1.etl,10586798799.0,12/31/23 1:15:23,Time Reversal Event,ModifiedTime : 2023-12-31 01:15:23 -> 2023-12-27 11:57:51/ MFTModifiedTime : 2023-12-31 01:15:23 -> 2023-12-27 11:57:51,WindowsUpdate.20231227.123941.413.1.etl,\Windows\Temp\_E010CF14-8D9A-43B4-B324-F502F5B86CDE\WindowsUpdate.20231227.123941.413.1.etl,,,,,Update Resident Value,0x32B3,0.0,12/27/23 11:39:41,1726702424,WindowsUpdate.20231227.123941.413.1.etl,\Windows\Logs\WindowsUpdate\WindowsUpdate.20231227.123941.413.1.etl,File_Created / Basic_Info_Changed / Content_Indexed_Attr_Changed,Normal,Not_Content_Indexed,,0x000200000000C1B4,0x000100000001A7D0,,,,10,10,True,True,1.0,False,WindowsUpdate.20231227.123941.413.1.etl,\Windows\Temp\_E010CF14-8D9A-43B4-B324-F502F5B86CDE\WindowsUpdate.20231227.123941.413.1.etl,False,False,False,False,0,True,False,False,True,True,False,False,True,False,False,False,False,False,False,False,False,False,False,4,39,True,True,False,False,False,False,True,False,True,True,False,False,False,True,True,False,False,3,0.9996136957524674,99.96136957524674,True,90-100%
windowsupdate.20231227.131751.671.1.etl,10586799637.0,12/31/23 1:15:23,Time Reversal Event,ModifiedTime : 2023-12-31 01:15:23 -> 2023-12-27 12:27:53/ MFTModifiedTime : 2023-12-31 01:15:23 -> 2023-12-27 12:27:53,WindowsUpdate.20231227.131751.671.1.etl,\Windows\Temp\_E010CF14-8D9A-43B4-B324-F502F5B86CDE\WindowsUpdate.20231227.131751.671.1.etl,,,,,Update Resident Value,0x32B3,6.0,12/27/23 12:17:51,1727241168,WindowsUpdate.20231227.131751.671.1.etl,\Windows\Logs\WindowsUpdate\WindowsUpdate.20231227.131751.671.1.etl,File_Created / Basic_Info_Changed / Content_Indexed_Attr_Changed,Normal,Not_Content_Indexed,,0x000300000000C135,0x000100000001A7D0,,,,10,10,True,True,1.0,False,WindowsUpdate.20231227.131751.671.1.etl,\Windows\Temp\_E010CF14-8D9A-43B4-B324-F502F5B86CDE\WindowsUpdate.20231227.131751.671.1.etl,False,False,False,False,0,True,False,False,True,True,False,False,True,False,False,False,False,False,False,False,False,False,False,4,39,True,True,False,False,False,False,True,False,True,True,False,False,False,True,True,False,False,3,0.9996136957524674,99.96136957524674,True,90-100%
windowsupdate.20231227.141751.921.1.etl,10586800462.0,12/31/23 1:15:23,Time Reversal Event,ModifiedTime : 2023-12-31 01:15:23 -> 2023-12-27 13:27:54/ MFTModifiedTime : 2023-12-31 01:15:23 -> 2023-12-27 13:27:54,WindowsUpdate.20231227.141751.921.1.etl,\Windows\Temp\_E010CF14-8D9A-43B4-B324-F502F5B86CDE\WindowsUpdate.20231227.141751.921.1.etl,,,,,Update Resident Value,0x32C2,6.0,12/27/23 13:17:51,1728004912,WindowsUpdate.20231227.141751.921.1.etl,\Windows\Logs\WindowsUpdate\WindowsUpdate.20231227.141751.921.1.etl,File_Created / Basic_Info_Changed / Content_Indexed_Attr_Changed,Normal,Not_Content_Indexed,,0x008000000000C15A,0x000100000001A7D0,,,,10,10,True,True,1.0,False,WindowsUpdate.20231227.141751.921.1.etl,\Windows\Temp\_E010CF14-8D9A-43B4-B324-F502F5B86CDE\WindowsUpdate.20231227.141751.921.1.etl,False,False,False,False,0,True,False,False,True,True,False,False,True,False,False,False,False,False,False,False,False,False,False,4,39,True,True,False,False,False,False,True,False,True,True,False,False,False,True,True,False,False,3,0.9996136957524674,99.96136957524674,True,90-100%
windowsupdate.20231227.151751.922.1.etl,10586801241.0,12/31/23 1:15:23,Time Reversal Event,ModifiedTime : 2023-12-31 01:15:23 -> 2023-12-27 14:27:54/ MFTModifiedTime : 2023-12-31 01:15:23 -> 2023-12-27 14:27:54,WindowsUpdate.20231227.151751.922.1.etl,\Windows\Temp\_E010CF14-8D9A-43B4-B324-F502F5B86CDE\WindowsUpdate.20231227.151751.922.1.etl,,,,,Update Resident Value,0x32CB,0.0,12/27/23 14:17:51,1728750384,WindowsUpdate.20231227.151751.922.1.etl,\Windows\Logs\WindowsUpdate\WindowsUpdate.20231227.151751.922.1.etl,File_Created / Basic_Info_Changed / Content_Indexed_Attr_Changed,Normal,Not_Content_Indexed,,0x000200000000C1FE,0x000100000001A7D0,,,,10,10,True,True,1.0,False,WindowsUpdate.20231227.151751.922.1.etl,\Windows\Temp\_E010CF14-8D9A-43B4-B324-F502F5B86CDE\WindowsUpdate.20231227.151751.922.1.etl,False,False,False,False,0,True,False,False,True,True,False,False,True,False,False,False,False,False,False,False,False,False,False,4,39,True,True,False,False,False,False,True,False,True,True,False,False,False,True,True,False,False,3,0.9996136957524674,99.96136957524674,True,90-100%
windowsupdate.20231227.161216.280.1.etl,10586802668.0,12/31/23 1:15:23,Time Reversal Event,ModifiedTime : 2023-12-31 01:15:23 -> 2023-12-27 15:22:18/ MFTModifiedTime : 2023-12-31 01:15:23 -> 2023-12-27 15:22:18,WindowsUpdate.20231227.161216.280.1.etl,\Windows\Temp\_E010CF14-8D9A-43B4-B324-F502F5B86CDE\WindowsUpdate.20231227.161216.280.1.etl,,,,,Update Resident Value,0x32CB,4.0,12/27/23 15:12:16,1729439936,WindowsUpdate.20231227.161216.280.1.etl,\Windows\Logs\WindowsUpdate\WindowsUpdate.20231227.161216.280.1.etl,File_Created / Basic_Info_Changed / Content_Indexed_Attr_Changed,Normal,Not_Content_Indexed,,0x000200000000C20F,0x000100000001A7D0,,,,10,10,True,True,1.0,False,WindowsUpdate.20231227.161216.280.1.etl,\Windows\Temp\_E010CF14-8D9A-43B4-B324-F502F5B86CDE\WindowsUpdate.20231227.161216.280.1.etl,False,False,False,False,0,True,False,False,True,True,False,False,True,False,False,False,False,False,False,False,False,False,False,4,39,True,True,False,False,False,False,True,False,True,True,False,False,False,True,True,False,False,3,0.9996136957524674,99.96136957524674,True,90-100%
windowsupdate.20231227.171216.576.1.etl,10586803506.0,12/31/23 1:15:23,Time Reversal Event,ModifiedTime : 2023-12-31 01:15:23 -> 2023-12-27 16:22:18/ MFTModifiedTime : 2023-12-31 01:15:23 -> 2023-12-27 16:22:18,WindowsUpdate.20231227.171216.576.1.etl,\Windows\Temp\_E010CF14-8D9A-43B4-B324-F502F5B86CDE\WindowsUpdate.20231227.171216.576.1.etl,,,,,Update Resident Value,0x32CC,0.0,12/27/23 16:12:16,1730203232,WindowsUpdate.20231227.171216.576.1.etl,\Windows\Logs\WindowsUpdate\WindowsUpdate.20231227.171216.576.1.etl,File_Created / Basic_Info_Changed / Content_Indexed_Attr_Changed,Normal,Not_Content_Indexed,,0x000C00000000C21E,0x000100000001A7D0,,,,10,10,True,True,1.0,False,WindowsUpdate.20231227.171216.576.1.etl,\Windows\Temp\_E010CF14-8D9A-43B4-B324-F502F5B86CDE\WindowsUpdate.20231227.171216.576.1.etl,False,False,False,False,0,True,False,False,True,True,False,False,True,False,False,False,False,False,False,False,False,False,False,4,39,True,True,False,False,False,False,True,False,True,True,False,False,False,True,True,False,False,3,0.9996136957524674,99.96136957524674,True,90-100%
windowsupdate.20231227.173344.426.1.etl,10586804285.0,12/31/23 1:15:23,Time Reversal Event,ModifiedTime : 2023-12-31 01:15:23 -> 2023-12-27 16:43:46/ MFTModifiedTime : 2023-12-31 01:15:23 -> 2023-12-27 16:43:46,WindowsUpdate.20231227.173344.426.1.etl,\Windows\Temp\_E010CF14-8D9A-43B4-B324-F502F5B86CDE\WindowsUpdate.20231227.173344.426.1.etl,,,,,Update Resident Value,0x32CC,4.0,12/27/23 16:33:44,1730487440,WindowsUpdate.20231227.173344.426.1.etl,\Windows\Logs\WindowsUpdate\WindowsUpdate.20231227.173344.426.1.etl,File_Created / Basic_Info_Changed / Content_Indexed_Attr_Changed,Normal,Not_Content_Indexed,,0x000900000000C1DC,0x000100000001A7D0,,,,10,10,True,True,1.0,False,WindowsUpdate.20231227.173344.426.1.etl,\Windows\Temp\_E010CF14-8D9A-43B4-B324-F502F5B86CDE\WindowsUpdate.20231227.173344.426.1.etl,False,False,False,False,0,True,False,False,True,True,False,False,True,False,False,False,False,False,False,False,False,False,False,4,39,True,True,False,False,False,False,True,False,True,True,False,False,False,True,True,False,False,3,0.9996136957524674,99.96136957524674,True,90-100%
windowsupdate.20231227.183344.727.1.etl,10586805056.0,12/31/23 1:15:23,Time Reversal Event,ModifiedTime : 2023-12-31 01:15:23 -> 2023-12-27 17:43:47/ MFTModifiedTime : 2023-12-31 01:15:23 -> 2023-12-27 17:43:47,WindowsUpdate.20231227.183344.727.1.etl,\Windows\Temp\_E010CF14-8D9A-43B4-B324-F502F5B86CDE\WindowsUpdate.20231227.183344.727.1.etl,,,,,Update Resident Value,0x32CD,0.0,12/27/23 17:33:44,1731340048,WindowsUpdate.20231227.183344.727.1.etl,\Windows\Logs\WindowsUpdate\WindowsUpdate.20231227.183344.727.1.etl,File_Created / Basic_Info_Changed / Content_Indexed_Attr_Changed,Normal,Not_Content_Indexed,,0x000800000000C23D,0x000100000001A7D0,,,,10,10,True,True,1.0,False,WindowsUpdate.20231227.183344.727.1.etl,\Windows\Temp\_E010CF14-8D9A-43B4-B324-F502F5B86CDE\WindowsUpdate.20231227.183344.727.1.etl,False,False,False,False,0,True,False,False,True,True,False,False,True,False,False,False,False,False,False,False,False,False,False,4,39,True,True,False,False,False,False,True,False,True,True,False,False,False,True,True,False,False,3,0.9996136957524674,99.96136957524674,True,90-100%
windowsupdate.20231227.193344.723.1.etl,10586805884.0,12/31/23 1:15:23,Time Reversal Event,ModifiedTime : 2023-12-31 01:15:23 -> 2023-12-27 18:43:47/ MFTModifiedTime : 2023-12-31 01:15:23 -> 2023-12-27 18:43:47,WindowsUpdate.20231227.193344.723.1.etl,\Windows\Temp\_E010CF14-8D9A-43B4-B324-F502F5B86CDE\WindowsUpdate.20231227.193344.723.1.etl,,,,,Update Resident Value,0x32CD,2.0,12/27/23 18:33:44,1732145464,WindowsUpdate.20231227.193344.723.1.etl,\Windows\Logs\WindowsUpdate\WindowsUpdate.20231227.193344.723.1.etl,File_Created / Basic_Info_Changed / Content_Indexed_Attr_Changed,Normal,Not_Content_Indexed,,0x001100000000C210,0x000100000001A7D0,,,,10,10,True,True,1.0,False,WindowsUpdate.20231227.193344.723.1.etl,\Windows\Temp\_E010CF14-8D9A-43B4-B324-F502F5B86CDE\WindowsUpdate.20231227.193344.723.1.etl,False,False,False,False,0,True,False,False,True,True,False,False,True,False,False,False,False,False,False,False,False,False,False,4,39,True,True,False,False,False,False,True,False,True,True,False,False,False,True,True,False,False,3,0.9996136957524674,99.96136957524674,True,90-100%
windowsupdate.20231227.203344.753.1.etl,10586806655.0,12/31/23 1:15:23,Time Reversal Event,ModifiedTime : 2023-12-31 01:15:23 -> 2023-12-27 19:43:47/ MFTModifiedTime : 2023-12-31 01:15:23 -> 2023-12-27 19:43:47,WindowsUpdate.20231227.203344.753.1.etl,\Windows\Temp\_E010CF14-8D9A-43B4-B324-F502F5B86CDE\WindowsUpdate.20231227.203344.753.1.etl,,,,,Update Resident Value,0x32CD,6.0,12/27/23 19:33:44,1732905728,WindowsUpdate.20231227.203344.753.1.etl,\Windows\Logs\WindowsUpdate\WindowsUpdate.20231227.203344.753.1.etl,File_Created / Basic_Info_Changed / Content_Indexed_Attr_Changed,Normal,Not_Content_Indexed,,0x000300000000C21B,0x000100000001A7D0,,,,10,10,True,True,1.0,False,WindowsUpdate.20231227.203344.753.1.etl,\Windows\Temp\_E010CF14-8D9A-43B4-B324-F502F5B86CDE\WindowsUpdate.20231227.203344.753.1.etl,False,False,False,False,0,True,False,False,True,True,False,False,True,False,False,False,False,False,False,False,False,False,False,4,39,True,True,False,False,False,False,True,False,True,True,False,False,False,True,True,False,False,3,0.9996136957524674,99.96136957524674,True,90-100%
windowsupdate.20231227.213344.760.1.etl,10586808178.0,12/31/23 1:15:23,Time Reversal Event,ModifiedTime : 2023-12-31 01:15:23 -> 2023-12-27 20:43:47/ MFTModifiedTime : 2023-12-31 01:15:23 -> 2023-12-27 20:43:47,WindowsUpdate.20231227.213344.760.1.etl,\Windows\Temp\_E010CF14-8D9A-43B4-B324-F502F5B86CDE\WindowsUpdate.20231227.213344.760.1.etl,,,,,Update Resident Value,0x32CE,0.0,12/27/23 20:33:44,1733667872,WindowsUpdate.20231227.213344.760.1.etl,\Windows\Logs\WindowsUpdate\WindowsUpdate.20231227.213344.760.1.etl,File_Created / Basic_Info_Changed / Content_Indexed_Attr_Changed,Normal,Not_Content_Indexed,,0x000E00000000C226,0x000100000001A7D0,,,,10,10,True,True,1.0,False,WindowsUpdate.20231227.213344.760.1.etl,\Windows\Temp\_E010CF14-8D9A-43B4-B324-F502F5B86CDE\WindowsUpdate.20231227.213344.760.1.etl,False,False,False,False,0,True,False,False,True,True,False,False,True,False,False,False,False,False,False,False,False,False,False,4,39,True,True,False,False,False,False,True,False,True,True,False,False,False,True,True,False,False,3,0.9996136957524674,99.96136957524674,True,90-100%
windowsupdate.20231227.223344.729.1.etl,10586808957.0,12/31/23 1:15:23,Time Reversal Event,ModifiedTime : 2023-12-31 01:15:23 -> 2023-12-27 21:43:47/ MFTModifiedTime : 2023-12-31 01:15:23 -> 2023-12-27 21:43:47,WindowsUpdate.20231227.223344.729.1.etl,\Windows\Temp\_E010CF14-8D9A-43B4-B324-F502F5B86CDE\WindowsUpdate.20231227.223344.729.1.etl,,,,,Update Resident Value,0x32CE,4.0,12/27/23 21:33:44,1734431888,WindowsUpdate.20231227.223344.729.1.etl,\Windows\Logs\WindowsUpdate\WindowsUpdate.20231227.223344.729.1.etl,File_Created / Basic_Info_Changed / Content_Indexed_Attr_Changed,Normal,Not_Content_Indexed,,0x000500000000C2BB,0x000100000001A7D0,,,,10,10,True,True,1.0,False,WindowsUpdate.20231227.223344.729.1.etl,\Windows\Temp\_E010CF14-8D9A-43B4-B324-F502F5B86CDE\WindowsUpdate.20231227.223344.729.1.etl,False,False,False,False,0,True,False,False,True,True,False,False,True,False,False,False,False,False,False,False,False,False,False,4,39,True,True,False,False,False,False,True,False,True,True,False,False,False,True,True,False,False,3,0.9996136957524674,99.96136957524674,True,90-100%
windowsupdate.20231228.020554.227.1.etl,10586809728.0,12/31/23 1:15:23,Time Reversal Event,ModifiedTime : 2023-12-31 01:15:23 -> 2023-12-28 01:15:56/ MFTModifiedTime : 2023-12-31 01:15:23 -> 2023-12-28 01:15:56,WindowsUpdate.20231228.020554.227.1.etl,\Windows\Temp\_E010CF14-8D9A-43B4-B324-F502F5B86CDE\WindowsUpdate.20231228.020554.227.1.etl,,,,,Update Resident Value,0x32CF,0.0,12/28/23 1:05:54,1736105544,WindowsUpdate.20231228.020554.227.1.etl,\Windows\Logs\WindowsUpdate\WindowsUpdate.20231228.020554.227.1.etl,File_Created / Basic_Info_Changed / Content_Indexed_Attr_Changed,Normal,Not_Content_Indexed,,0x000300000000C343,0x000100000001A7D0,,,,10,10,True,True,1.0,False,WindowsUpdate.20231228.020554.227.1.etl,\Windows\Temp\_E010CF14-8D9A-43B4-B324-F502F5B86CDE\WindowsUpdate.20231228.020554.227.1.etl,False,False,False,False,0,True,False,False,True,True,False,False,True,False,False,False,False,False,False,False,False,False,False,4,39,True,True,False,False,False,False,True,False,True,True,False,False,False,True,True,False,False,3,0.9996136957524674,99.96136957524674,True,90-100%
windowsupdate.20231228.102219.679.1.etl,10586810556.0,12/31/23 1:15:23,Time Reversal Event,ModifiedTime : 2023-12-31 01:15:23 -> 2023-12-28 09:38:16/ MFTModifiedTime : 2023-12-31 01:15:23 -> 2023-12-28 09:38:16,WindowsUpdate.20231228.102219.679.1.etl,\Windows\Temp\_E010CF14-8D9A-43B4-B324-F502F5B86CDE\WindowsUpdate.20231228.102219.679.1.etl,,,,,Update Resident Value,0x32CF,2.0,12/28/23 9:22:19,1742407928,WindowsUpdate.20231228.102219.679.1.etl,\Windows\Logs\WindowsUpdate\WindowsUpdate.20231228.102219.679.1.etl,File_Created / Basic_Info_Changed / Content_Indexed_Attr_Changed,Normal,Not_Content_Indexed,,0x000300000000BFF9,0x000100000001A7D0,,,,10,10,True,True,1.0,False,WindowsUpdate.20231228.102219.679.1.etl,\Windows\Temp\_E010CF14-8D9A-43B4-B324-F502F5B86CDE\WindowsUpdate.20231228.102219.679.1.etl,False,False,False,False,0,True,False,False,True,True,False,False,True,False,False,False,False,False,False,False,False,False,False,4,39,True,True,False,False,False,False,True,False,True,True,False,False,False,True,True,False,False,3,0.9996136957524674,99.96136957524674,True,90-100%
windowsupdate.20231228.112814.052.1.etl,10586811882.0,12/31/23 1:15:23,Time Reversal Event,ModifiedTime : 2023-12-31 01:15:23 -> 2023-12-28 10:38:16/ MFTModifiedTime : 2023-12-31 01:15:23 -> 2023-12-28 10:38:16,WindowsUpdate.20231228.112814.052.1.etl,\Windows\Temp\_E010CF14-8D9A-43B4-B324-F502F5B86CDE\WindowsUpdate.20231228.112814.052.1.etl,,,,,Update Resident Value,0x32D0,6.0,12/28/23 10:28:14,1744151696,WindowsUpdate.20231228.112814.052.1.etl,\Windows\Logs\WindowsUpdate\WindowsUpdate.20231228.112814.052.1.etl,File_Created / Basic_Info_Changed / Content_Indexed_Attr_Changed,Normal,Not_Content_Indexed,,0x001100000000C664,0x000100000001A7D0,,,,6,6,True,True,1.0,False,WindowsUpdate.20231228.112814.052.1.etl,\Windows\Temp\_E010CF14-8D9A-43B4-B324-F502F5B86CDE\WindowsUpdate.20231228.112814.052.1.etl,False,False,False,False,0,True,False,False,True,True,False,False,True,False,False,False,False,False,False,False,False,False,False,4,39,True,True,False,False,False,False,True,False,True,True,False,False,False,True,True,False,False,3,0.9996136957524674,99.96136957524674,True,90-100%
windowsupdate.20231228.122814.011.1.etl,10586812909.0,12/31/23 1:15:23,Time Reversal Event,ModifiedTime : 2023-12-31 01:15:23 -> 2023-12-28 11:38:16/ MFTModifiedTime : 2023-12-31 01:15:23 -> 2023-12-28 11:38:16,WindowsUpdate.20231228.122814.011.1.etl,\Windows\Temp\_E010CF14-8D9A-43B4-B324-F502F5B86CDE\WindowsUpdate.20231228.122814.011.1.etl,,,,,Update Resident Value,0x714,6.0,12/28/23 11:28:14,1744942224,WindowsUpdate.20231228.122814.011.1.etl,\Windows\Logs\WindowsUpdate\WindowsUpdate.20231228.122814.011.1.etl,File_Created / Basic_Info_Changed / Content_Indexed_Attr_Changed,Normal,Not_Content_Indexed,,0x000200000000C6A9,0x000100000001A7D0,,,,6,6,True,True,1.0,False,WindowsUpdate.20231228.122814.011.1.etl,\Windows\Temp\_E010CF14-8D9A-43B4-B324-F502F5B86CDE\WindowsUpdate.20231228.122814.011.1.etl,False,False,False,False,0,True,False,False,True,True,False,False,True,False,False,False,False,False,False,False,False,False,False,4,39,True,True,False,False,False,False,True,False,True,True,False,False,False,True,True,False,False,3,0.9996136957524674,99.96136957524674,True,90-100%
windowsupdate.20231228.132814.206.1.etl,10586813688.0,12/31/23 1:15:23,Time Reversal Event,ModifiedTime : 2023-12-31 01:15:23 -> 2023-12-28 12:38:16/ MFTModifiedTime : 2023-12-31 01:15:23 -> 2023-12-28 12:38:16,WindowsUpdate.20231228.132814.206.1.etl,\Windows\Temp\_E010CF14-8D9A-43B4-B324-F502F5B86CDE\WindowsUpdate.20231228.132814.206.1.etl,,,,,Update Resident Value,0x32D1,4.0,12/28/23 12:28:14,1745724208,WindowsUpdate.20231228.132814.206.1.etl,\Windows\Logs\WindowsUpdate\WindowsUpdate.20231228.132814.206.1.etl,File_Created / Basic_Info_Changed / Content_Indexed_Attr_Changed,Normal,Not_Content_Indexed,,0x000200000000C6BF,0x000100000001A7D0,,,,6,6,True,True,1.0,False,WindowsUpdate.20231228.132814.206.1.etl,\Windows\Temp\_E010CF14-8D9A-43B4-B324-F502F5B86CDE\WindowsUpdate.20231228.132814.206.1.etl,False,False,False,False,0,True,False,False,True,True,False,False,True,False,False,False,False,False,False,False,False,False,False,4,39,True,True,False,False,False,False,True,False,True,True,False,False,False,True,True,False,False,3,0.9996136957524674,99.96136957524674,True,90-100%
windowsupdate.20231228.142814.057.1.etl,10586815618.0,12/31/23 1:15:23,Time Reversal Event,ModifiedTime : 2023-12-31 01:15:23 -> 2023-12-28 13:38:16/ MFTModifiedTime : 2023-12-31 01:15:23 -> 2023-12-28 13:38:16,WindowsUpdate.20231228.142814.057.1.etl,\Windows\Temp\_E010CF14-8D9A-43B4-B324-F502F5B86CDE\WindowsUpdate.20231228.142814.057.1.etl,,,,,Update Resident Value,0x32D9,2.0,12/28/23 13:28:14,1746560928,WindowsUpdate.20231228.142814.057.1.etl,\Windows\Logs\WindowsUpdate\WindowsUpdate.20231228.142814.057.1.etl,File_Created / Basic_Info_Changed / Content_Indexed_Attr_Changed,Normal,Not_Content_Indexed,,0x000300000000C718,0x000100000001A7D0,,,,6,6,True,True,1.0,False,WindowsUpdate.20231228.142814.057.1.etl,\Windows\Temp\_E010CF14-8D9A-43B4-B324-F502F5B86CDE\WindowsUpdate.20231228.142814.057.1.etl,False,False,False,False,0,True,False,False,True,True,False,False,True,False,False,False,False,False,False,False,False,False,False,4,39,True,True,False,False,False,False,True,False,True,True,False,False,False,True,True,False,False,3,0.9996136957524674,99.96136957524674,True,90-100%
windowsupdate.20231228.152814.063.1.etl,10586816796.0,12/31/23 1:15:23,Time Reversal Event,ModifiedTime : 2023-12-31 01:15:23 -> 2023-12-28 14:38:16/ MFTModifiedTime : 2023-12-31 01:15:23 -> 2023-12-28 14:38:16,WindowsUpdate.20231228.152814.063.1.etl,\Windows\Temp\_E010CF14-8D9A-43B4-B324-F502F5B86CDE\WindowsUpdate.20231228.152814.063.1.etl,,,,,Update Resident Value,0x32DA,6.0,12/28/23 14:28:14,1747352896,WindowsUpdate.20231228.152814.063.1.etl,\Windows\Logs\WindowsUpdate\WindowsUpdate.20231228.152814.063.1.etl,File_Created / Basic_Info_Changed / Content_Indexed_Attr_Changed,Normal,Not_Content_Indexed,,0x000300000000C747,0x000100000001A7D0,,,,6,6,True,True,1.0,False,WindowsUpdate.20231228.152814.063.1.etl,\Windows\Temp\_E010CF14-8D9A-43B4-B324-F502F5B86CDE\WindowsUpdate.20231228.152814.063.1.etl,False,False,False,False,0,True,False,False,True,True,False,False,True,False,False,False,False,False,False,False,False,False,False,4,39,True,True,False,False,False,False,True,False,True,True,False,False,False,True,True,False,False,3,0.9996136957524674,99.96136957524674,True,90-100%
windowsupdate.20231228.162814.074.1.etl,10586818429.0,12/31/23 1:15:23,Time Reversal Event,ModifiedTime : 2023-12-31 01:15:23 -> 2023-12-28 15:38:16/ MFTModifiedTime : 2023-12-31 01:15:23 -> 2023-12-28 15:38:16,WindowsUpdate.20231228.162814.074.1.etl,\Windows\Temp\_E010CF14-8D9A-43B4-B324-F502F5B86CDE\WindowsUpdate.20231228.162814.074.1.etl,,,,,Update Resident Value,0x32DC,0.0,12/28/23 15:28:14,1748185736,WindowsUpdate.20231228.162814.074.1.etl,\Windows\Logs\WindowsUpdate\WindowsUpdate.20231228.162814.074.1.etl,File_Created / Basic_Info_Changed / Content_Indexed_Attr_Changed,Normal,Not_Content_Indexed,,0x00A700000000C77E,0x000100000001A7D0,,,,6,6,True,True,1.0,False,WindowsUpdate.20231228.162814.074.1.etl,\Windows\Temp\_E010CF14-8D9A-43B4-B324-F502F5B86CDE\WindowsUpdate.20231228.162814.074.1.etl,False,False,False,False,0,True,False,False,True,True,False,False,True,False,False,False,False,False,False,False,False,False,False,4,39,True,True,False,False,False,False,True,False,True,True,False,False,False,True,True,False,False,3,0.9996136957524674,99.96136957524674,True,90-100%
windowsupdate.20231228.172814.102.1.etl,10586819572.0,12/31/23 1:15:23,Time Reversal Event,ModifiedTime : 2023-12-31 01:15:23 -> 2023-12-28 16:38:16/ MFTModifiedTime : 2023-12-31 01:15:23 -> 2023-12-28 16:38:16,WindowsUpdate.20231228.172814.102.1.etl,\Windows\Temp\_E010CF14-8D9A-43B4-B324-F502F5B86CDE\WindowsUpdate.20231228.172814.102.1.etl,,,,,Update Resident Value,0x32DD,0.0,12/28/23 16:28:14,1748984456,WindowsUpdate.20231228.172814.102.1.etl,\Windows\Logs\WindowsUpdate\WindowsUpdate.20231228.172814.102.1.etl,File_Created / Basic_Info_Changed / Content_Indexed_Attr_Changed,Normal,Not_Content_Indexed,,0x005B00000000C7EB,0x000100000001A7D0,,,,6,6,True,True,1.0,False,WindowsUpdate.20231228.172814.102.1.etl,\Windows\Temp\_E010CF14-8D9A-43B4-B324-F502F5B86CDE\WindowsUpdate.20231228.172814.102.1.etl,False,False,False,False,0,True,False,False,True,True,False,False,True,False,False,False,False,False,False,False,False,False,False,4,39,True,True,False,False,False,False,True,False,True,True,False,False,False,True,True,False,False,3,0.9996136957524674,99.96136957524674,True,90-100%
windowsupdate.20231228.182814.085.1.etl,10586821477.0,12/31/23 1:15:23,Time Reversal Event,ModifiedTime : 2023-12-31 01:15:23 -> 2023-12-28 17:38:16/ MFTModifiedTime : 2023-12-31 01:15:23 -> 2023-12-28 17:38:16,WindowsUpdate.20231228.182814.085.1.etl,\Windows\Temp\_E010CF14-8D9A-43B4-B324-F502F5B86CDE\WindowsUpdate.20231228.182814.085.1.etl,,,,,Update Resident Value,0x32DE,2.0,12/28/23 17:28:14,1749868688,WindowsUpdate.20231228.182814.085.1.etl,\Windows\Logs\WindowsUpdate\WindowsUpdate.20231228.182814.085.1.etl,File_Created / Basic_Info_Changed / Content_Indexed_Attr_Changed,Normal,Not_Content_Indexed,,0x002C00000000C8BA,0x000100000001A7D0,,,,6,6,True,True,1.0,False,WindowsUpdate.20231228.182814.085.1.etl,\Windows\Temp\_E010CF14-8D9A-43B4-B324-F502F5B86CDE\WindowsUpdate.20231228.182814.085.1.etl,False,False,False,False,0,True,False,False,True,True,False,False,True,False,False,False,False,False,False,False,False,False,False,4,39,True,True,False,False,False,False,True,False,True,True,False,False,False,True,True,False,False,3,0.9996136957524674,99.96136957524674,True,90-100%
windowsupdate.20231228.192814.145.1.etl,10586822256.0,12/31/23 1:15:23,Time Reversal Event,ModifiedTime : 2023-12-31 01:15:23 -> 2023-12-28 18:38:16/ MFTModifiedTime : 2023-12-31 01:15:23 -> 2023-12-28 18:38:16,WindowsUpdate.20231228.192814.145.1.etl,\Windows\Temp\_E010CF14-8D9A-43B4-B324-F502F5B86CDE\WindowsUpdate.20231228.192814.145.1.etl,,,,,Update Resident Value,0x32DE,6.0,12/28/23 18:28:14,1750677120,WindowsUpdate.20231228.192814.145.1.etl,\Windows\Logs\WindowsUpdate\WindowsUpdate.20231228.192814.145.1.etl,File_Created / Basic_Info_Changed / Content_Indexed_Attr_Changed,Normal,Not_Content_Indexed,,0x000700000000C8F4,0x000100000001A7D0,,,,6,6,True,True,1.0,False,WindowsUpdate.20231228.192814.145.1.etl,\Windows\Temp\_E010CF14-8D9A-43B4-B324-F502F5B86CDE\WindowsUpdate.20231228.192814.145.1.etl,False,False,False,False,0,True,False,False,True,True,False,False,True,False,False,False,False,False,False,False,False,False,False,4,39,True,True,False,False,False,False,True,False,True,True,False,False,False,True,True,False,False,3,0.9996136957524674,99.96136957524674,True,90-100%
windowsupdate.20231228.202814.135.1.etl,10586823568.0,12/31/23 1:15:23,Time Reversal Event,ModifiedTime : 2023-12-31 01:15:23 -> 2023-12-28 19:38:16/ MFTModifiedTime : 2023-12-31 01:15:23 -> 2023-12-28 19:38:16,WindowsUpdate.20231228.202814.135.1.etl,\Windows\Temp\_E010CF14-8D9A-43B4-B324-F502F5B86CDE\WindowsUpdate.20231228.202814.135.1.etl,,,,,Update Resident Value,0x32E0,0.0,12/28/23 19:28:14,1751475344,WindowsUpdate.20231228.202814.135.1.etl,\Windows\Logs\WindowsUpdate\WindowsUpdate.20231228.202814.135.1.etl,File_Created / Basic_Info_Changed / Content_Indexed_Attr_Changed,Normal,Not_Content_Indexed,,0x000300000000C920,0x000100000001A7D0,,,,6,6,True,True,1.0,False,WindowsUpdate.20231228.202814.135.1.etl,\Windows\Temp\_E010CF14-8D9A-43B4-B324-F502F5B86CDE\WindowsUpdate.20231228.202814.135.1.etl,False,False,False,False,0,True,False,False,True,True,False,False,True,False,False,False,False,False,False,False,False,False,False,4,39,True,True,False,False,False,False,True,False,True,True,False,False,False,True,True,False,False,3,0.9996136957524674,99.96136957524674,True,90-100%
windowsupdate.20231228.212814.155.1.etl,10586824350.0,12/31/23 1:15:23,Time Reversal Event,ModifiedTime : 2023-12-31 01:15:23 -> 2023-12-28 20:38:16/ MFTModifiedTime : 2023-12-31 01:15:23 -> 2023-12-28 20:38:16,WindowsUpdate.20231228.212814.155.1.etl,\Windows\Temp\_E010CF14-8D9A-43B4-B324-F502F5B86CDE\WindowsUpdate.20231228.212814.155.1.etl,,,,,Update Resident Value,0x32DE,0.0,12/28/23 20:28:14,1752273040,WindowsUpdate.20231228.212814.155.1.etl,\Windows\Logs\WindowsUpdate\WindowsUpdate.20231228.212814.155.1.etl,File_Created / Basic_Info_Changed / Content_Indexed_Attr_Changed,Normal,Not_Content_Indexed,,0x000300000000C949,0x000100000001A7D0,,,,6,6,True,True,1.0,False,WindowsUpdate.20231228.212814.155.1.etl,\Windows\Temp\_E010CF14-8D9A-43B4-B324-F502F5B86CDE\WindowsUpdate.20231228.212814.155.1.etl,False,False,False,False,0,True,False,False,True,True,False,False,True,False,False,False,False,False,False,False,False,False,False,4,39,True,True,False,False,False,False,True,False,True,True,False,False,False,True,True,False,False,3,0.9996136957524674,99.96136957524674,True,90-100%
windowsupdate.20231228.222814.158.1.etl,10586830005.0,12/31/23 1:15:23,Time Reversal Event,ModifiedTime : 2023-12-31 01:15:23 -> 2023-12-28 21:38:16/ MFTModifiedTime : 2023-12-31 01:15:23 -> 2023-12-28 21:38:16,WindowsUpdate.20231228.222814.158.1.etl,\Windows\Temp\_E010CF14-8D9A-43B4-B324-F502F5B86CDE\WindowsUpdate.20231228.222814.158.1.etl,,,,,Update Resident Value,0x3304,4.0,12/28/23 21:28:14,1753079536,WindowsUpdate.20231228.222814.158.1.etl,\Windows\Logs\WindowsUpdate\WindowsUpdate.20231228.222814.158.1.etl,File_Created / Basic_Info_Changed / Content_Indexed_Attr_Changed,Normal,Not_Content_Indexed,,0x000200000000C98E,0x000100000001A7D0,,,,6,6,True,True,1.0,False,WindowsUpdate.20231228.222814.158.1.etl,\Windows\Temp\_E010CF14-8D9A-43B4-B324-F502F5B86CDE\WindowsUpdate.20231228.222814.158.1.etl,False,False,False,False,0,True,False,False,True,True,False,False,True,False,False,False,False,False,False,False,False,False,False,4,39,True,True,False,False,False,False,True,False,True,True,False,False,False,True,True,False,False,3,0.9996136957524674,99.96136957524674,True,90-100%
windowsupdate.20231228.232814.168.1.etl,10586842946.0,12/31/23 1:15:23,Time Reversal Event,ModifiedTime : 2023-12-31 01:15:23 -> 2023-12-28 22:38:16/ MFTModifiedTime : 2023-12-31 01:15:23 -> 2023-12-28 22:38:16,WindowsUpdate.20231228.232814.168.1.etl,\Windows\Temp\_E010CF14-8D9A-43B4-B324-F502F5B86CDE\WindowsUpdate.20231228.232814.168.1.etl,,,,,Update Resident Value,0x327C,6.0,12/28/23 22:28:14,1753946448,WindowsUpdate.20231228.232814.168.1.etl,\Windows\Logs\WindowsUpdate\WindowsUpdate.20231228.232814.168.1.etl,File_Created / Basic_Info_Changed / Content_Indexed_Attr_Changed,Normal,Not_Content_Indexed,,0x000300000000C9BC,0x000100000001A7D0,,,,6,6,True,True,1.0,False,WindowsUpdate.20231228.232814.168.1.etl,\Windows\Temp\_E010CF14-8D9A-43B4-B324-F502F5B86CDE\WindowsUpdate.20231228.232814.168.1.etl,False,False,False,False,0,True,False,False,True,True,False,False,True,False,False,False,False,False,False,False,False,False,False,4,39,True,True,False,False,False,False,True,False,True,True,False,False,False,True,True,False,False,3,0.9996136957524674,99.96136957524674,True,90-100%
windowsupdate.20231231.021522.345.1.etl,10586843828.0,12/31/23 1:15:23,Time Reversal Event,ModifiedTime : 2023-12-31 01:15:23 -> 2023-12-31 01:15:22/ MFTModifiedTime : 2023-12-31 01:15:23 -> 2023-12-31 01:15:22,WindowsUpdate.20231231.021522.345.1.etl,\Windows\Temp\_E010CF14-8D9A-43B4-B324-F502F5B86CDE\WindowsUpdate.20231231.021522.345.1.etl,,,,,Update Resident Value,0x3093,0.0,12/31/23 1:15:22,1754186632,WindowsUpdate.20231231.021522.345.1.etl,\Windows\Logs\WindowsUpdate\WindowsUpdate.20231231.021522.345.1.etl,File_Created / Basic_Info_Changed / Content_Indexed_Attr_Changed,Normal,Not_Content_Indexed,,0x000200000000C9F1,0x000100000001A7D0,,,,4,4,True,True,1.0,False,WindowsUpdate.20231231.021522.345.1.etl,\Windows\Temp\_E010CF14-8D9A-43B4-B324-F502F5B86CDE\WindowsUpdate.20231231.021522.345.1.etl,False,False,False,False,0,True,False,False,True,True,False,False,True,False,False,False,False,False,False,False,False,False,False,4,39,True,True,False,False,False,False,True,False,True,True,False,False,False,True,True,False,False,3,0.9996136957524674,99.96136957524674,True,90-100%
winhex-d.cnt,,,,,,,,,,,,,,12/28/23 9:23:47,1742868568,winhex-d.cnt,\Users\blueangel\AppData\Local\Temp\RarSFX1\winhex-d.cnt,File_Created / Basic_Info_Changed / Data_Added / Data_Overwritten,Normal,Archive,,0x000200000000C59E,0x000500000000C581,,,,0,2,False,True,0.5,False,winhex-d.cnt,\Users\blueangel\AppData\Local\Temp\RarSFX1\winhex-d.cnt,False,False,False,False,0,False,False,False,False,False,False,False,True,False,False,False,False,False,False,False,False,False,False,7,12,True,True,False,False,False,False,False,False,False,False,False,False,False,True,False,False,False,1,2.158464877656569e-05,0.002158464877656569,False,<50%
winhex-d.hlp,,,,,,,,,,,,,,12/28/23 9:23:47,1742869008,winhex-d.hlp,\Users\blueangel\AppData\Local\Temp\RarSFX1\winhex-d.hlp,File_Created / Basic_Info_Changed / Data_Added / Data_Overwritten,Normal,Archive,,0x000200000000C59F,0x000500000000C581,,,,0,2,False,True,0.5,False,winhex-d.hlp,\Users\blueangel\AppData\Local\Temp\RarSFX1\winhex-d.hlp,False,False,False,False,0,False,False,False,False,False,False,False,True,False,False,False,False,False,False,False,False,False,False,7,12,True,True,False,False,False,False,False,False,False,False,False,False,False,True,False,False,False,1,2.158464877656569e-05,0.002158464877656569,False,<50%
winhex.cnt,,,,,,,,,,,,,,12/28/23 9:23:47,1742867288,winhex.cnt,\Users\blueangel\AppData\Local\Temp\RarSFX1\winhex.cnt,File_Created / Basic_Info_Changed / Data_Added / Data_Overwritten,Normal,Archive,,0x000200000000C59B,0x000500000000C581,,,,0,2,False,True,0.5,False,winhex.cnt,\Users\blueangel\AppData\Local\Temp\RarSFX1\winhex.cnt,False,False,False,False,0,False,False,False,False,False,False,False,True,False,False,False,False,False,False,False,False,False,False,7,10,True,True,False,False,False,False,False,False,False,False,False,False,False,True,False,False,False,1,2.158464877656569e-05,0.002158464877656569,False,<50%
winhex.exe,,,,,,,,,,,,,,12/28/23 9:23:47,1742867688,WinHex.exe,\Users\blueangel\AppData\Local\Temp\RarSFX1\WinHex.exe,File_Created / Basic_Info_Changed / Data_Added / Data_Overwritten,Normal,Archive,,0x000300000000C59C,0x000500000000C581,,,,0,2,False,True,0.5,False,WinHex.exe,\Users\blueangel\AppData\Local\Temp\RarSFX1\WinHex.exe,False,False,False,False,0,False,False,False,False,False,False,False,True,False,False,False,False,False,True,False,False,False,False,7,10,True,True,False,False,False,False,False,False,False,False,False,False,False,True,False,False,False,1,2.158464877656569e-05,0.002158464877656569,False,<50%
winhex.hlp,,,,,,,,,,,,,,12/28/23 9:23:47,1742868088,winhex.hlp,\Users\blueangel\AppData\Local\Temp\RarSFX1\winhex.hlp,File_Created / Basic_Info_Changed / Data_Added / Data_Overwritten,Normal,Archive,,0x000200000000C59D,0x000500000000C581,,,,0,2,False,True,0.5,False,winhex.hlp,\Users\blueangel\AppData\Local\Temp\RarSFX1\winhex.hlp,False,False,False,False,0,False,False,False,False,False,False,False,True,False,False,False,False,False,False,False,False,False,False,7,10,True,True,False,False,False,False,False,False,False,False,False,False,False,True,False,False,False,1,2.158464877656569e-05,0.002158464877656569,False,<50%
winhex.ico,,,,,,,,,,,,,,12/28/23 9:23:47,1742869824,WinHex.ico,\Users\blueangel\AppData\Local\Temp\RarSFX1\WinHex.ico,File_Created / Basic_Info_Changed / Data_Added / Data_Overwritten,Normal,Archive,,0x000200000000C5A2,0x000500000000C581,,,,0,2,False,True,0.5,False,WinHex.ico,\Users\blueangel\AppData\Local\Temp\RarSFX1\WinHex.ico,False,False,False,False,0,False,False,False,False,False,False,False,True,False,False,False,False,False,False,False,False,False,False,7,10,True,True,False,False,False,False,False,False,False,False,False,False,False,True,False,False,False,1,2.158464877656569e-05,0.002158464877656569,False,<50%
wmiaprpl.h,,,,,,,,,,,,,,12/28/23 9:26:46,1743034616,WmiApRpl.h,\Windows\INF\WmiApRpl\WmiApRpl.h,File_Created / Basic_Info_Changed / Data_Added / Data_Overwritten,Normal,Archive,,0x000800000000212E,0x0159000000001C0E,,,,0,2,False,True,0.5,False,WmiApRpl.h,\Windows\INF\WmiApRpl\WmiApRpl.h,False,False,False,False,0,False,False,False,False,False,False,False,True,False,False,False,False,False,False,False,False,False,False,4,10,False,True,False,False,False,False,False,False,False,False,False,False,False,False,True,False,False,1,2.187762651145167e-05,0.002187762651145167,False,<50%
wmiaprpl.ini,,,,,,,,,,,,,,12/28/23 9:26:46,1743035040,WmiApRpl.ini,\Windows\INF\WmiApRpl\WmiApRpl.ini,File_Created / Basic_Info_Changed / Data_Added / Data_Overwritten,Normal,Archive,,0x00160000000023A2,0x0159000000001C0E,,,,0,2,False,True,0.5,False,WmiApRpl.ini,\Windows\INF\WmiApRpl\WmiApRpl.ini,False,False,False,False,0,False,False,False,False,False,False,False,True,False,False,False,False,False,False,False,False,False,False,4,12,False,True,False,False,False,False,False,False,False,False,False,False,False,False,True,False,False,1,2.187762651145167e-05,0.002187762651145167,False,<50%
wuprovider.198f28df-aea6-4aea-a0a7-b13434ca8c04.1.etl,,,,,,,,,,,,,,12/27/23 7:47:49,1723654832,WuProvider.198f28df-aea6-4aea-a0a7-b13434ca8c04.1.etl,\ProgramData\USOShared\Logs\System\WuProvider.198f28df-aea6-4aea-a0a7-b13434ca8c04.1.etl,File_Created / Basic_Info_Changed,Normal,Not_Content_Indexed,,0x002200000000C123,0x0001000000000624,,,,0,4,False,True,0.5,False,WuProvider.198f28df-aea6-4aea-a0a7-b13434ca8c04.1.etl,\ProgramData\USOShared\Logs\System\WuProvider.198f28df-aea6-4aea-a0a7-b13434ca8c04.1.etl,False,False,False,False,0,False,False,False,False,False,False,False,True,False,False,False,False,False,False,False,False,False,False,5,53,True,True,False,False,False,False,False,False,False,False,False,False,False,False,False,False,False,1,2.1898138111235877e-05,0.0021898138111235877,False,<50%
wuprovider.1f2b2b08-aee9-40a5-be81-3234dd29a1ac.1.etl,,,,,,,,,,,,,,12/28/23 14:28:14,1747352416,WuProvider.1f2b2b08-aee9-40a5-be81-3234dd29a1ac.1.etl,\ProgramData\USOShared\Logs\System\WuProvider.1f2b2b08-aee9-40a5-be81-3234dd29a1ac.1.etl,File_Created / Basic_Info_Changed,Normal,Not_Content_Indexed,,0x003500000000C746,0x0001000000000624,,,,0,4,False,True,0.5,False,WuProvider.1f2b2b08-aee9-40a5-be81-3234dd29a1ac.1.etl,\ProgramData\USOShared\Logs\System\WuProvider.1f2b2b08-aee9-40a5-be81-3234dd29a1ac.1.etl,False,False,False,False,0,False,False,False,False,False,False,False,True,False,False,False,False,False,False,False,False,False,False,5,53,True,True,False,False,False,False,False,False,False,False,False,False,False,False,False,False,False,1,2.1898138111235877e-05,0.0021898138111235877,False,<50%
wuprovider.2b6d3c5f-57e2-4f4e-9139-b74ca9bb381c.1.etl,,,,,,,,,,,,,,12/28/23 18:28:14,1750676640,WuProvider.2b6d3c5f-57e2-4f4e-9139-b74ca9bb381c.1.etl,\ProgramData\USOShared\Logs\System\WuProvider.2b6d3c5f-57e2-4f4e-9139-b74ca9bb381c.1.etl,File_Created / Basic_Info_Changed,Normal,Not_Content_Indexed,,0x0005000000008169,0x0001000000000624,,,,0,4,False,True,0.5,False,WuProvider.2b6d3c5f-57e2-4f4e-9139-b74ca9bb381c.1.etl,\ProgramData\USOShared\Logs\System\WuProvider.2b6d3c5f-57e2-4f4e-9139-b74ca9bb381c.1.etl,False,False,False,False,0,False,False,False,False,False,False,False,True,False,False,False,False,False,False,False,False,False,False,5,53,True,True,False,False,False,False,False,False,False,False,False,False,False,False,False,False,False,1,2.1898138111235877e-05,0.0021898138111235877,False,<50%
wuprovider.2c0c8bdb-74be-4a28-bf28-f69ef1cbf6cd.1.etl,,,,,,,,,,,,,,12/27/23 5:40:17,1722030752,WuProvider.2c0c8bdb-74be-4a28-bf28-f69ef1cbf6cd.1.etl,\ProgramData\USOShared\Logs\System\WuProvider.2c0c8bdb-74be-4a28-bf28-f69ef1cbf6cd.1.etl,File_Created / Basic_Info_Changed,Normal,Not_Content_Indexed,,0x006E00000000840D,0x0001000000000624,,,,0,4,False,True,0.5,False,WuProvider.2c0c8bdb-74be-4a28-bf28-f69ef1cbf6cd.1.etl,\ProgramData\USOShared\Logs\System\WuProvider.2c0c8bdb-74be-4a28-bf28-f69ef1cbf6cd.1.etl,False,False,False,False,0,False,False,False,False,False,False,False,True,False,False,False,False,False,False,False,False,False,False,5,53,True,True,False,False,False,False,False,False,False,False,False,False,False,False,False,False,False,1,2.1898138111235877e-05,0.0021898138111235877,False,<50%
wuprovider.2d3d1e5e-fab1-43e1-8e87-af5cd2b68f19.1.etl,,,,,,,,,,,,,,12/27/23 3:40:17,1720510320,WuProvider.2d3d1e5e-fab1-43e1-8e87-af5cd2b68f19.1.etl,\ProgramData\USOShared\Logs\System\WuProvider.2d3d1e5e-fab1-43e1-8e87-af5cd2b68f19.1.etl,File_Created / Basic_Info_Changed,Normal,Not_Content_Indexed,,0x000A0000000022BB,0x0001000000000624,,,,0,4,False,True,0.5,False,WuProvider.2d3d1e5e-fab1-43e1-8e87-af5cd2b68f19.1.etl,\ProgramData\USOShared\Logs\System\WuProvider.2d3d1e5e-fab1-43e1-8e87-af5cd2b68f19.1.etl,False,False,False,False,0,False,False,False,False,False,False,False,True,False,False,False,False,False,False,False,False,False,False,5,53,True,True,False,False,False,False,False,False,False,False,False,False,False,False,False,False,False,1,2.1898138111235877e-05,0.0021898138111235877,False,<50%
wuprovider.30dec110-d83b-42e1-a4ac-434098ad3bf2.1.etl,,,,,,,,,,,,,,12/27/23 7:35:11,1723484880,WuProvider.30dec110-d83b-42e1-a4ac-434098ad3bf2.1.etl,\ProgramData\USOShared\Logs\System\WuProvider.30dec110-d83b-42e1-a4ac-434098ad3bf2.1.etl,File_Created / Basic_Info_Changed,Normal,Not_Content_Indexed,,0x0004000000002091,0x0001000000000624,,,,0,4,False,True,0.5,False,WuProvider.30dec110-d83b-42e1-a4ac-434098ad3bf2.1.etl,\ProgramData\USOShared\Logs\System\WuProvider.30dec110-d83b-42e1-a4ac-434098ad3bf2.1.etl,False,False,False,False,0,False,False,False,False,False,False,False,True,False,False,False,False,False,False,False,False,False,False,5,53,True,True,False,False,False,False,False,False,False,False,False,False,False,False,False,False,False,1,2.1898138111235877e-05,0.0021898138111235877,False,<50%
wuprovider.381ffa55-0559-4123-ba62-c90b67863d08.1.etl,,,,,,,,,,,,,,12/27/23 3:01:29,1719894704,WuProvider.381ffa55-0559-4123-ba62-c90b67863d08.1.etl,\ProgramData\USOShared\Logs\System\WuProvider.381ffa55-0559-4123-ba62-c90b67863d08.1.etl,File_Created / Basic_Info_Changed,Normal,Not_Content_Indexed,,0x001A0000000006FE,0x0001000000000624,,,,0,4,False,True,0.5,False,WuProvider.381ffa55-0559-4123-ba62-c90b67863d08.1.etl,\ProgramData\USOShared\Logs\System\WuProvider.381ffa55-0559-4123-ba62-c90b67863d08.1.etl,False,False,False,False,0,False,False,False,False,False,False,False,True,False,False,False,False,False,False,False,False,False,False,5,53,True,True,False,False,False,False,False,False,False,False,False,False,False,False,False,False,False,1,2.1898138111235877e-05,0.0021898138111235877,False,<50%
wuprovider.3d846b66-ee13-4f2b-b967-fb7d65646396.1.etl,,,,,,,,,,,,,,12/31/23 1:15:22,1754174736,WuProvider.3d846b66-ee13-4f2b-b967-fb7d65646396.1.etl,\ProgramData\USOShared\Logs\System\WuProvider.3d846b66-ee13-4f2b-b967-fb7d65646396.1.etl,File_Created / Basic_Info_Changed,Normal,Not_Content_Indexed,,0x000400000000C9EE,0x0001000000000624,,,,0,4,False,True,0.5,False,WuProvider.3d846b66-ee13-4f2b-b967-fb7d65646396.1.etl,\ProgramData\USOShared\Logs\System\WuProvider.3d846b66-ee13-4f2b-b967-fb7d65646396.1.etl,False,False,False,False,0,False,False,False,False,False,False,False,True,False,False,False,False,False,False,False,False,False,False,5,53,True,True,False,False,False,False,False,False,False,False,False,False,False,False,False,False,False,1,2.1898138111235877e-05,0.0021898138111235877,False,<50%
wuprovider.44d4d434-7040-40a7-be11-3bf2b4365733.1.etl,,,,,,,,,,,,,,12/27/23 18:33:44,1732144928,WuProvider.44d4d434-7040-40a7-be11-3bf2b4365733.1.etl,\ProgramData\USOShared\Logs\System\WuProvider.44d4d434-7040-40a7-be11-3bf2b4365733.1.etl,File_Created / Basic_Info_Changed,Normal,Not_Content_Indexed,,0x000C000000007D23,0x0001000000000624,,,,0,4,False,True,0.5,False,WuProvider.44d4d434-7040-40a7-be11-3bf2b4365733.1.etl,\ProgramData\USOShared\Logs\System\WuProvider.44d4d434-7040-40a7-be11-3bf2b4365733.1.etl,False,False,False,False,0,False,False,False,False,False,False,False,True,False,False,False,False,False,False,False,False,False,False,5,53,True,True,False,False,False,False,False,False,False,False,False,False,False,False,False,False,False,1,2.1898138111235877e-05,0.0021898138111235877,False,<50%
wuprovider.4d32070b-f9d9-4c38-b99f-5cec584dcfef.1.etl,,,,,,,,,,,,,,12/27/23 11:47:49,1726834688,WuProvider.4d32070b-f9d9-4c38-b99f-5cec584dcfef.1.etl,\ProgramData\USOShared\Logs\System\WuProvider.4d32070b-f9d9-4c38-b99f-5cec584dcfef.1.etl,File_Created / Basic_Info_Changed,Normal,Not_Content_Indexed,,0x002600000000C1CB,0x0001000000000624,,,,0,4,False,True,0.5,False,WuProvider.4d32070b-f9d9-4c38-b99f-5cec584dcfef.1.etl,\ProgramData\USOShared\Logs\System\WuProvider.4d32070b-f9d9-4c38-b99f-5cec584dcfef.1.etl,False,False,False,False,0,False,False,False,False,False,False,False,True,False,False,False,False,False,False,False,False,False,False,5,53,True,True,False,False,False,False,False,False,False,False,False,False,False,False,False,False,False,1,2.1898138111235877e-05,0.0021898138111235877,False,<50%
wuprovider.5023aabc-ec16-4dfc-8100-837adc277637.1.etl,,,,,,,,,,,,,,12/28/23 19:28:14,1751474864,WuProvider.5023aabc-ec16-4dfc-8100-837adc277637.1.etl,\ProgramData\USOShared\Logs\System\WuProvider.5023aabc-ec16-4dfc-8100-837adc277637.1.etl,File_Created / Basic_Info_Changed,Normal,Not_Content_Indexed,,0x004E00000000C90B,0x0001000000000624,,,,0,4,False,True,0.5,False,WuProvider.5023aabc-ec16-4dfc-8100-837adc277637.1.etl,\ProgramData\USOShared\Logs\System\WuProvider.5023aabc-ec16-4dfc-8100-837adc277637.1.etl,False,False,False,False,0,False,False,False,False,False,False,False,True,False,False,False,False,False,False,False,False,False,False,5,53,True,True,False,False,False,False,False,False,False,False,False,False,False,False,False,False,False,1,2.1898138111235877e-05,0.0021898138111235877,False,<50%
wuprovider.56228426-cfac-412a-af9f-14b077bec454.1.etl,,,,,,,,,,,,,,12/28/23 12:28:14,1745723728,WuProvider.56228426-cfac-412a-af9f-14b077bec454.1.etl,\ProgramData\USOShared\Logs\System\WuProvider.56228426-cfac-412a-af9f-14b077bec454.1.etl,File_Created / Basic_Info_Changed,Normal,Not_Content_Indexed,,0x004600000000C6BE,0x0001000000000624,,,,0,4,False,True,0.5,False,WuProvider.56228426-cfac-412a-af9f-14b077bec454.1.etl,\ProgramData\USOShared\Logs\System\WuProvider.56228426-cfac-412a-af9f-14b077bec454.1.etl,False,False,False,False,0,False,False,False,False,False,False,False,True,False,False,False,False,False,False,False,False,False,False,5,53,True,True,False,False,False,False,False,False,False,False,False,False,False,False,False,False,False,1,2.1898138111235877e-05,0.0021898138111235877,False,<50%
wuprovider.639d8abc-d518-44b3-8b64-a9373fb290d9.1.etl,,,,,,,,,,,,,,12/27/23 17:33:44,1731339568,WuProvider.639d8abc-d518-44b3-8b64-a9373fb290d9.1.etl,\ProgramData\USOShared\Logs\System\WuProvider.639d8abc-d518-44b3-8b64-a9373fb290d9.1.etl,File_Created / Basic_Info_Changed,Normal,Not_Content_Indexed,,0x000300000000C1EA,0x0001000000000624,,,,0,4,False,True,0.5,False,WuProvider.639d8abc-d518-44b3-8b64-a9373fb290d9.1.etl,\ProgramData\USOShared\Logs\System\WuProvider.639d8abc-d518-44b3-8b64-a9373fb290d9.1.etl,False,False,False,False,0,False,False,False,False,False,False,False,True,False,False,False,False,False,False,False,False,False,False,5,53,True,True,False,False,False,False,False,False,False,False,False,False,False,False,False,False,False,1,2.1898138111235877e-05,0.0021898138111235877,False,<50%
wuprovider.6d2b7236-5ca3-4ebe-a136-7bb24fcf0d4f.1.etl,,,,,,,,,,,,,,12/31/23 1:20:12,1754498824,WuProvider.6d2b7236-5ca3-4ebe-a136-7bb24fcf0d4f.1.etl,\ProgramData\USOShared\Logs\System\WuProvider.6d2b7236-5ca3-4ebe-a136-7bb24fcf0d4f.1.etl,File_Created / Basic_Info_Changed,Normal,Not_Content_Indexed,,0x001C00000000BEC7,0x0001000000000624,,,,0,4,False,True,0.5,False,WuProvider.6d2b7236-5ca3-4ebe-a136-7bb24fcf0d4f.1.etl,\ProgramData\USOShared\Logs\System\WuProvider.6d2b7236-5ca3-4ebe-a136-7bb24fcf0d4f.1.etl,False,False,False,False,0,False,False,False,False,False,False,False,True,False,False,False,False,False,False,False,False,False,False,5,53,True,True,False,False,False,False,False,False,False,False,False,False,False,False,False,False,False,1,2.1898138111235877e-05,0.0021898138111235877,False,<50%
wuprovider.6f085a21-9bbb-4176-8a84-c95d43d0c79f.1.etl,,,,,,,,,,,,,,12/27/23 15:12:16,1729439456,WuProvider.6f085a21-9bbb-4176-8a84-c95d43d0c79f.1.etl,\ProgramData\USOShared\Logs\System\WuProvider.6f085a21-9bbb-4176-8a84-c95d43d0c79f.1.etl,File_Created / Basic_Info_Changed,Normal,Not_Content_Indexed,,0x000200000000C20E,0x0001000000000624,,,,0,4,False,True,0.5,False,WuProvider.6f085a21-9bbb-4176-8a84-c95d43d0c79f.1.etl,\ProgramData\USOShared\Logs\System\WuProvider.6f085a21-9bbb-4176-8a84-c95d43d0c79f.1.etl,False,False,False,False,0,False,False,False,False,False,False,False,True,False,False,False,False,False,False,False,False,False,False,5,53,True,True,False,False,False,False,False,False,False,False,False,False,False,False,False,False,False,1,2.1898138111235877e-05,0.0021898138111235877,False,<50%
wuprovider.709cd9c7-9e01-4c05-a9e6-2976900ca0e5.1.etl,,,,,,,,,,,,,,12/28/23 9:22:19,1742407272,WuProvider.709cd9c7-9e01-4c05-a9e6-2976900ca0e5.1.etl,\ProgramData\USOShared\Logs\System\WuProvider.709cd9c7-9e01-4c05-a9e6-2976900ca0e5.1.etl,File_Created / Basic_Info_Changed,Normal,Not_Content_Indexed,,0x0008000000007D55,0x0001000000000624,,,,0,4,False,True,0.5,False,WuProvider.709cd9c7-9e01-4c05-a9e6-2976900ca0e5.1.etl,\ProgramData\USOShared\Logs\System\WuProvider.709cd9c7-9e01-4c05-a9e6-2976900ca0e5.1.etl,False,False,False,False,0,False,False,False,False,False,False,False,True,False,False,False,False,False,False,False,False,False,False,5,53,True,True,False,False,False,False,False,False,False,False,False,False,False,False,False,False,False,1,2.1898138111235877e-05,0.0021898138111235877,False,<50%
wuprovider.76ac1213-8dda-4ada-9894-458fb4a0356b.1.etl,,,,,,,,,,,,,,12/27/23 16:33:44,1730486960,WuProvider.76ac1213-8dda-4ada-9894-458fb4a0356b.1.etl,\ProgramData\USOShared\Logs\System\WuProvider.76ac1213-8dda-4ada-9894-458fb4a0356b.1.etl,File_Created / Basic_Info_Changed,Normal,Not_Content_Indexed,,0x0004000000007D2D,0x0001000000000624,,,,0,4,False,True,0.5,False,WuProvider.76ac1213-8dda-4ada-9894-458fb4a0356b.1.etl,\ProgramData\USOShared\Logs\System\WuProvider.76ac1213-8dda-4ada-9894-458fb4a0356b.1.etl,False,False,False,False,0,False,False,False,False,False,False,False,True,False,False,False,False,False,False,False,False,False,False,5,53,True,True,False,False,False,False,False,False,False,False,False,False,False,False,False,False,False,1,2.1898138111235877e-05,0.0021898138111235877,False,<50%
wuprovider.7df1d78f-8e35-49b2-afeb-6db533119f51.1.etl,,,,,,,,,,,,,,12/28/23 15:28:14,1748185256,WuProvider.7df1d78f-8e35-49b2-afeb-6db533119f51.1.etl,\ProgramData\USOShared\Logs\System\WuProvider.7df1d78f-8e35-49b2-afeb-6db533119f51.1.etl,File_Created / Basic_Info_Changed,Normal,Not_Content_Indexed,,0x000500000000A77F,0x0001000000000624,,,,0,4,False,True,0.5,False,WuProvider.7df1d78f-8e35-49b2-afeb-6db533119f51.1.etl,\ProgramData\USOShared\Logs\System\WuProvider.7df1d78f-8e35-49b2-afeb-6db533119f51.1.etl,False,False,False,False,0,False,False,False,False,False,False,False,True,False,False,False,False,False,False,False,False,False,False,5,53,True,True,False,False,False,False,False,False,False,False,False,False,False,False,False,False,False,1,2.1898138111235877e-05,0.0021898138111235877,False,<50%
wuprovider.7fa9d9e8-54a0-450a-a5ac-db168a23827d.1.etl,,,,,,,,,,,,,,12/27/23 4:40:17,1721277872,WuProvider.7fa9d9e8-54a0-450a-a5ac-db168a23827d.1.etl,\ProgramData\USOShared\Logs\System\WuProvider.7fa9d9e8-54a0-450a-a5ac-db168a23827d.1.etl,File_Created / Basic_Info_Changed,Normal,Not_Content_Indexed,,0x00140000000001FF,0x0001000000000624,,,,0,4,False,True,0.5,False,WuProvider.7fa9d9e8-54a0-450a-a5ac-db168a23827d.1.etl,\ProgramData\USOShared\Logs\System\WuProvider.7fa9d9e8-54a0-450a-a5ac-db168a23827d.1.etl,False,False,False,False,0,False,False,False,False,False,False,False,True,False,False,False,False,False,False,False,False,False,False,5,53,True,True,False,False,False,False,False,False,False,False,False,False,False,False,False,False,False,1,2.1898138111235877e-05,0.0021898138111235877,False,<50%
wuprovider.83249221-6542-4763-8424-577e3714d155.1.etl,,,,,,,,,,,,,,12/28/23 21:28:14,1753079056,WuProvider.83249221-6542-4763-8424-577e3714d155.1.etl,\ProgramData\USOShared\Logs\System\WuProvider.83249221-6542-4763-8424-577e3714d155.1.etl,File_Created / Basic_Info_Changed,Normal,Not_Content_Indexed,,0x000500000000C989,0x0001000000000624,,,,0,4,False,True,0.5,False,WuProvider.83249221-6542-4763-8424-577e3714d155.1.etl,\ProgramData\USOShared\Logs\System\WuProvider.83249221-6542-4763-8424-577e3714d155.1.etl,False,False,False,False,0,False,False,False,False,False,False,False,True,False,False,False,False,False,False,False,False,False,False,5,53,True,True,False,False,False,False,False,False,False,False,False,False,False,False,False,False,False,1,2.1898138111235877e-05,0.0021898138111235877,False,<50%
wuprovider.874d7992-5963-4c53-bbad-c8a121eebb4d.1.etl,,,,,,,,,,,,,,12/27/23 6:40:17,1722782928,WuProvider.874d7992-5963-4c53-bbad-c8a121eebb4d.1.etl,\ProgramData\USOShared\Logs\System\WuProvider.874d7992-5963-4c53-bbad-c8a121eebb4d.1.etl,File_Created / Basic_Info_Changed,Normal,Not_Content_Indexed,,0x000E000000008DAF,0x0001000000000624,,,,0,4,False,True,0.5,False,WuProvider.874d7992-5963-4c53-bbad-c8a121eebb4d.1.etl,\ProgramData\USOShared\Logs\System\WuProvider.874d7992-5963-4c53-bbad-c8a121eebb4d.1.etl,False,False,False,False,0,False,False,False,False,False,False,False,True,False,False,False,False,False,False,False,False,False,False,5,53,True,True,False,False,False,False,False,False,False,False,False,False,False,False,False,False,False,1,2.1898138111235877e-05,0.0021898138111235877,False,<50%
wuprovider.8f5ae979-4ce2-47eb-8b31-b3555d90fdb7.1.etl,,,,,,,,,,,,,,12/27/23 11:39:41,1726700248,WuProvider.8f5ae979-4ce2-47eb-8b31-b3555d90fdb7.1.etl,\ProgramData\USOShared\Logs\System\WuProvider.8f5ae979-4ce2-47eb-8b31-b3555d90fdb7.1.etl,File_Created / Basic_Info_Changed,Normal,Not_Content_Indexed,,0x000200000000C1B0,0x0001000000000624,,,,0,4,False,True,0.5,False,WuProvider.8f5ae979-4ce2-47eb-8b31-b3555d90fdb7.1.etl,\ProgramData\USOShared\Logs\System\WuProvider.8f5ae979-4ce2-47eb-8b31-b3555d90fdb7.1.etl,False,False,False,False,0,False,False,False,False,False,False,False,True,False,False,False,False,False,False,False,False,False,False,5,53,True,True,False,False,False,False,False,False,False,False,False,False,False,False,False,False,False,1,2.1898138111235877e-05,0.0021898138111235877,False,<50%
wuprovider.9672d419-171c-4af3-a5fd-b7d3f9f9f06f.1.etl,,,,,,,,,,,,,,12/27/23 13:17:51,1728004432,WuProvider.9672d419-171c-4af3-a5fd-b7d3f9f9f06f.1.etl,\ProgramData\USOShared\Logs\System\WuProvider.9672d419-171c-4af3-a5fd-b7d3f9f9f06f.1.etl,File_Created / Basic_Info_Changed,Normal,Not_Content_Indexed,,0x009900000000C146,0x0001000000000624,,,,0,4,False,True,0.5,False,WuProvider.9672d419-171c-4af3-a5fd-b7d3f9f9f06f.1.etl,\ProgramData\USOShared\Logs\System\WuProvider.9672d419-171c-4af3-a5fd-b7d3f9f9f06f.1.etl,False,False,False,False,0,False,False,False,False,False,False,False,True,False,False,False,False,False,False,False,False,False,False,5,53,True,True,False,False,False,False,False,False,False,False,False,False,False,False,False,False,False,1,2.1898138111235877e-05,0.0021898138111235877,False,<50%
wuprovider.a5853e06-6bd5-4337-9ed0-455b6c5c714b.1.etl,,,,,,,,,,,,,,12/28/23 11:28:13,1744941744,WuProvider.a5853e06-6bd5-4337-9ed0-455b6c5c714b.1.etl,\ProgramData\USOShared\Logs\System\WuProvider.a5853e06-6bd5-4337-9ed0-455b6c5c714b.1.etl,File_Created / Basic_Info_Changed,Normal,Not_Content_Indexed,,0x000200000000C6A8,0x0001000000000624,,,,0,4,False,True,0.5,False,WuProvider.a5853e06-6bd5-4337-9ed0-455b6c5c714b.1.etl,\ProgramData\USOShared\Logs\System\WuProvider.a5853e06-6bd5-4337-9ed0-455b6c5c714b.1.etl,False,False,False,False,0,False,False,False,False,False,False,False,True,False,False,False,False,False,False,False,False,False,False,5,53,True,True,False,False,False,False,False,False,False,False,False,False,False,False,False,False,False,1,2.1898138111235877e-05,0.0021898138111235877,False,<50%
wuprovider.a7c82448-ab0a-45d9-9b65-6a82af359228.1.etl,,,,,,,,,,,,,,12/27/23 20:33:44,1733667392,WuProvider.a7c82448-ab0a-45d9-9b65-6a82af359228.1.etl,\ProgramData\USOShared\Logs\System\WuProvider.a7c82448-ab0a-45d9-9b65-6a82af359228.1.etl,File_Created / Basic_Info_Changed,Normal,Not_Content_Indexed,,0x0005000000007D6E,0x0001000000000624,,,,0,4,False,True,0.5,False,WuProvider.a7c82448-ab0a-45d9-9b65-6a82af359228.1.etl,\ProgramData\USOShared\Logs\System\WuProvider.a7c82448-ab0a-45d9-9b65-6a82af359228.1.etl,False,False,False,False,0,False,False,False,False,False,False,False,True,False,False,False,False,False,False,False,False,False,False,5,53,True,True,False,False,False,False,False,False,False,False,False,False,False,False,False,False,False,1,2.1898138111235877e-05,0.0021898138111235877,False,<50%
wuprovider.ae7190a8-b4ff-4a62-9b3a-fca2b8597cef.1.etl,,,,,,,,,,,,,,12/28/23 20:28:14,1752272432,WuProvider.ae7190a8-b4ff-4a62-9b3a-fca2b8597cef.1.etl,\ProgramData\USOShared\Logs\System\WuProvider.ae7190a8-b4ff-4a62-9b3a-fca2b8597cef.1.etl,File_Created / Basic_Info_Changed,Normal,Not_Content_Indexed,,0x000500000000C948,0x0001000000000624,,,,0,4,False,True,0.5,False,WuProvider.ae7190a8-b4ff-4a62-9b3a-fca2b8597cef.1.etl,\ProgramData\USOShared\Logs\System\WuProvider.ae7190a8-b4ff-4a62-9b3a-fca2b8597cef.1.etl,False,False,False,False,0,False,False,False,False,False,False,False,True,False,False,False,False,False,False,False,False,False,False,5,53,True,True,False,False,False,False,False,False,False,False,False,False,False,False,False,False,False,1,2.1898138111235877e-05,0.0021898138111235877,False,<50%
wuprovider.b8b49273-9352-41c5-b591-7fd932e7be97.1.etl,,,,,,,,,,,,,,12/28/23 9:28:13,1743060816,WuProvider.b8b49273-9352-41c5-b591-7fd932e7be97.1.etl,\ProgramData\USOShared\Logs\System\WuProvider.b8b49273-9352-41c5-b591-7fd932e7be97.1.etl,File_Created / Basic_Info_Changed,Normal,Not_Content_Indexed,,0x000200000000C62C,0x0001000000000624,,,,0,4,False,True,0.5,False,WuProvider.b8b49273-9352-41c5-b591-7fd932e7be97.1.etl,\ProgramData\USOShared\Logs\System\WuProvider.b8b49273-9352-41c5-b591-7fd932e7be97.1.etl,False,False,False,False,0,False,False,False,False,False,False,False,True,False,False,False,False,False,False,False,False,False,False,5,53,True,True,False,False,False,False,False,False,False,False,False,False,False,False,False,False,False,1,2.1898138111235877e-05,0.0021898138111235877,False,<50%
wuprovider.b90b1e9e-a92c-45d5-8795-207baa557c02.1.etl,,,,,,,,,,,,,,12/27/23 14:17:51,1728749904,WuProvider.b90b1e9e-a92c-45d5-8795-207baa557c02.1.etl,\ProgramData\USOShared\Logs\System\WuProvider.b90b1e9e-a92c-45d5-8795-207baa557c02.1.etl,File_Created / Basic_Info_Changed,Normal,Not_Content_Indexed,,0x000200000000C1FC,0x0001000000000624,,,,0,4,False,True,0.5,False,WuProvider.b90b1e9e-a92c-45d5-8795-207baa557c02.1.etl,\ProgramData\USOShared\Logs\System\WuProvider.b90b1e9e-a92c-45d5-8795-207baa557c02.1.etl,False,False,False,False,0,False,False,False,False,False,False,False,True,False,False,False,False,False,False,False,False,False,False,5,53,True,True,False,False,False,False,False,False,False,False,False,False,False,False,False,False,False,1,2.1898138111235877e-05,0.0021898138111235877,False,<50%
wuprovider.bf6855a0-6067-425c-9f63-26a4b27e1bb5.1.etl,,,,,,,,,,,,,,12/28/23 16:28:14,1748983976,WuProvider.bf6855a0-6067-425c-9f63-26a4b27e1bb5.1.etl,\ProgramData\USOShared\Logs\System\WuProvider.bf6855a0-6067-425c-9f63-26a4b27e1bb5.1.etl,File_Created / Basic_Info_Changed,Normal,Not_Content_Indexed,,0x002500000000AFF6,0x0001000000000624,,,,0,4,False,True,0.5,False,WuProvider.bf6855a0-6067-425c-9f63-26a4b27e1bb5.1.etl,\ProgramData\USOShared\Logs\System\WuProvider.bf6855a0-6067-425c-9f63-26a4b27e1bb5.1.etl,False,False,False,False,0,False,False,False,False,False,False,False,True,False,False,False,False,False,False,False,False,False,False,5,53,True,True,False,False,False,False,False,False,False,False,False,False,False,False,False,False,False,1,2.1898138111235877e-05,0.0021898138111235877,False,<50%
wuprovider.c35004b3-f0fa-400f-8360-e31f03aebde9.1.etl,,,,,,,,,,,,,,12/28/23 22:28:14,1753945968,WuProvider.c35004b3-f0fa-400f-8360-e31f03aebde9.1.etl,\ProgramData\USOShared\Logs\System\WuProvider.c35004b3-f0fa-400f-8360-e31f03aebde9.1.etl,File_Created / Basic_Info_Changed,Normal,Not_Content_Indexed,,0x007400000000C99D,0x0001000000000624,,,,0,4,False,True,0.5,False,WuProvider.c35004b3-f0fa-400f-8360-e31f03aebde9.1.etl,\ProgramData\USOShared\Logs\System\WuProvider.c35004b3-f0fa-400f-8360-e31f03aebde9.1.etl,False,False,False,False,0,False,False,False,False,False,False,False,True,False,False,False,False,False,False,False,False,False,False,5,53,True,True,False,False,False,False,False,False,False,False,False,False,False,False,False,False,False,1,2.1898138111235877e-05,0.0021898138111235877,False,<50%
wuprovider.c6ac4273-75c3-4abc-b184-fe4c3e0d568d.1.etl,,,,,,,,,,,,,,12/27/23 10:47:49,1726037472,WuProvider.c6ac4273-75c3-4abc-b184-fe4c3e0d568d.1.etl,\ProgramData\USOShared\Logs\System\WuProvider.c6ac4273-75c3-4abc-b184-fe4c3e0d568d.1.etl,File_Created / Basic_Info_Changed,Normal,Not_Content_Indexed,,0x002B00000000C19B,0x0001000000000624,,,,0,4,False,True,0.5,False,WuProvider.c6ac4273-75c3-4abc-b184-fe4c3e0d568d.1.etl,\ProgramData\USOShared\Logs\System\WuProvider.c6ac4273-75c3-4abc-b184-fe4c3e0d568d.1.etl,False,False,False,False,0,False,False,False,False,False,False,False,True,False,False,False,False,False,False,False,False,False,False,5,53,True,True,False,False,False,False,False,False,False,False,False,False,False,False,False,False,False,1,2.1898138111235877e-05,0.0021898138111235877,False,<50%
wuprovider.cb27f37e-68a5-4ad1-9573-8c8962250563.1.etl,,,,,,,,,,,,,,12/27/23 16:12:16,1730202752,WuProvider.cb27f37e-68a5-4ad1-9573-8c8962250563.1.etl,\ProgramData\USOShared\Logs\System\WuProvider.cb27f37e-68a5-4ad1-9573-8c8962250563.1.etl,File_Created / Basic_Info_Changed,Normal,Not_Content_Indexed,,0x0004000000007CC4,0x0001000000000624,,,,0,4,False,True,0.5,False,WuProvider.cb27f37e-68a5-4ad1-9573-8c8962250563.1.etl,\ProgramData\USOShared\Logs\System\WuProvider.cb27f37e-68a5-4ad1-9573-8c8962250563.1.etl,False,False,False,False,0,False,False,False,False,False,False,False,True,False,False,False,False,False,False,False,False,False,False,5,53,True,True,False,False,False,False,False,False,False,False,False,False,False,False,False,False,False,1,2.1898138111235877e-05,0.0021898138111235877,False,<50%
wuprovider.cfd241ad-3016-44d6-b92c-643164e05c24.1.etl,,,,,,,,,,,,,,12/28/23 10:28:13,1744151216,WuProvider.cfd241ad-3016-44d6-b92c-643164e05c24.1.etl,\ProgramData\USOShared\Logs\System\WuProvider.cfd241ad-3016-44d6-b92c-643164e05c24.1.etl,File_Created / Basic_Info_Changed,Normal,Not_Content_Indexed,,0x010100000000812B,0x0001000000000624,,,,0,4,False,True,0.5,False,WuProvider.cfd241ad-3016-44d6-b92c-643164e05c24.1.etl,\ProgramData\USOShared\Logs\System\WuProvider.cfd241ad-3016-44d6-b92c-643164e05c24.1.etl,False,False,False,False,0,False,False,False,False,False,False,False,True,False,False,False,False,False,False,False,False,False,False,5,53,True,True,False,False,False,False,False,False,False,False,False,False,False,False,False,False,False,1,2.1898138111235877e-05,0.0021898138111235877,False,<50%
wuprovider.d05d19f6-d3c1-4887-88c9-dc670149ba58.1.etl,,,,,,,,,,,,,,12/27/23 9:47:49,1725178368,WuProvider.d05d19f6-d3c1-4887-88c9-dc670149ba58.1.etl,\ProgramData\USOShared\Logs\System\WuProvider.d05d19f6-d3c1-4887-88c9-dc670149ba58.1.etl,File_Created / Basic_Info_Changed,Normal,Not_Content_Indexed,,0x000300000000C16B,0x0001000000000624,,,,0,4,False,True,0.5,False,WuProvider.d05d19f6-d3c1-4887-88c9-dc670149ba58.1.etl,\ProgramData\USOShared\Logs\System\WuProvider.d05d19f6-d3c1-4887-88c9-dc670149ba58.1.etl,False,False,False,False,0,False,False,False,False,False,False,False,True,False,False,False,False,False,False,False,False,False,False,5,53,True,True,False,False,False,False,False,False,False,False,False,False,False,False,False,False,False,1,2.1898138111235877e-05,0.0021898138111235877,False,<50%
wuprovider.d969b152-1f76-4b90-9010-97e89a398106.1.etl,,,,,,,,,,,,,,12/28/23 13:28:13,1746560448,WuProvider.d969b152-1f76-4b90-9010-97e89a398106.1.etl,\ProgramData\USOShared\Logs\System\WuProvider.d969b152-1f76-4b90-9010-97e89a398106.1.etl,File_Created / Basic_Info_Changed,Normal,Not_Content_Indexed,,0x004700000000C717,0x0001000000000624,,,,0,4,False,True,0.5,False,WuProvider.d969b152-1f76-4b90-9010-97e89a398106.1.etl,\ProgramData\USOShared\Logs\System\WuProvider.d969b152-1f76-4b90-9010-97e89a398106.1.etl,False,False,False,False,0,False,False,False,False,False,False,False,True,False,False,False,False,False,False,False,False,False,False,5,53,True,True,False,False,False,False,False,False,False,False,False,False,False,False,False,False,False,1,2.1898138111235877e-05,0.0021898138111235877,False,<50%
wuprovider.db927176-cb8c-4f83-8eca-a6e7ceaaf4e7.1.etl,,,,,,,,,,,,,,12/27/23 8:47:49,1724421856,WuProvider.db927176-cb8c-4f83-8eca-a6e7ceaaf4e7.1.etl,\ProgramData\USOShared\Logs\System\WuProvider.db927176-cb8c-4f83-8eca-a6e7ceaaf4e7.1.etl,File_Created / Basic_Info_Changed,Normal,Not_Content_Indexed,,0x000400000000C141,0x0001000000000624,,,,0,4,False,True,0.5,False,WuProvider.db927176-cb8c-4f83-8eca-a6e7ceaaf4e7.1.etl,\ProgramData\USOShared\Logs\System\WuProvider.db927176-cb8c-4f83-8eca-a6e7ceaaf4e7.1.etl,False,False,False,False,0,False,False,False,False,False,False,False,True,False,False,False,False,False,False,False,False,False,False,5,53,True,True,False,False,False,False,False,False,False,False,False,False,False,False,False,False,False,1,2.1898138111235877e-05,0.0021898138111235877,False,<50%
wuprovider.dc285f30-da43-47e7-a467-9a01d9372b68.1.etl,,,,,,,,,,,,,,12/27/23 12:17:51,1727240336,WuProvider.dc285f30-da43-47e7-a467-9a01d9372b68.1.etl,\ProgramData\USOShared\Logs\System\WuProvider.dc285f30-da43-47e7-a467-9a01d9372b68.1.etl,File_Created / Basic_Info_Changed,Normal,Not_Content_Indexed,,0x009200000000C12B,0x0001000000000624,,,,0,4,False,True,0.5,False,WuProvider.dc285f30-da43-47e7-a467-9a01d9372b68.1.etl,\ProgramData\USOShared\Logs\System\WuProvider.dc285f30-da43-47e7-a467-9a01d9372b68.1.etl,False,False,False,False,0,False,False,False,False,False,False,False,True,False,False,False,False,False,False,False,False,False,False,5,53,True,True,False,False,False,False,False,False,False,False,False,False,False,False,False,False,False,1,2.1898138111235877e-05,0.0021898138111235877,False,<50%
wuprovider.f0dab0f0-b1b9-4d99-8b1b-52cc16b8b632.1.etl,,,,,,,,,,,,,,12/27/23 19:33:44,1732905248,WuProvider.f0dab0f0-b1b9-4d99-8b1b-52cc16b8b632.1.etl,\ProgramData\USOShared\Logs\System\WuProvider.f0dab0f0-b1b9-4d99-8b1b-52cc16b8b632.1.etl,File_Created / Basic_Info_Changed,Normal,Not_Content_Indexed,,0x003B000000008452,0x0001000000000624,,,,0,4,False,True,0.5,False,WuProvider.f0dab0f0-b1b9-4d99-8b1b-52cc16b8b632.1.etl,\ProgramData\USOShared\Logs\System\WuProvider.f0dab0f0-b1b9-4d99-8b1b-52cc16b8b632.1.etl,False,False,False,False,0,False,False,False,False,False,False,False,True,False,False,False,False,False,False,False,False,False,False,5,53,True,True,False,False,False,False,False,False,False,False,False,False,False,False,False,False,False,1,2.1898138111235877e-05,0.0021898138111235877,False,<50%
wuprovider.f1bf8ed3-ad32-4ba4-91de-6ffc96a55e92.1.etl,,,,,,,,,,,,,,12/28/23 17:28:14,1749868136,WuProvider.f1bf8ed3-ad32-4ba4-91de-6ffc96a55e92.1.etl,\ProgramData\USOShared\Logs\System\WuProvider.f1bf8ed3-ad32-4ba4-91de-6ffc96a55e92.1.etl,File_Created / Basic_Info_Changed,Normal,Not_Content_Indexed,,0x004C00000000C8B3,0x0001000000000624,,,,0,4,False,True,0.5,False,WuProvider.f1bf8ed3-ad32-4ba4-91de-6ffc96a55e92.1.etl,\ProgramData\USOShared\Logs\System\WuProvider.f1bf8ed3-ad32-4ba4-91de-6ffc96a55e92.1.etl,False,False,False,False,0,False,False,False,False,False,False,False,True,False,False,False,False,False,False,False,False,False,False,5,53,True,True,False,False,False,False,False,False,False,False,False,False,False,False,False,False,False,1,2.1898138111235877e-05,0.0021898138111235877,False,<50%
wuprovider.fd8a24ef-5c1b-44ae-8960-214d9b70155e.1.etl,,,,,,,,,,,,,,12/27/23 21:33:44,1734431408,WuProvider.fd8a24ef-5c1b-44ae-8960-214d9b70155e.1.etl,\ProgramData\USOShared\Logs\System\WuProvider.fd8a24ef-5c1b-44ae-8960-214d9b70155e.1.etl,File_Created / Basic_Info_Changed,Normal,Not_Content_Indexed,,0x002E00000000C234,0x0001000000000624,,,,0,4,False,True,0.5,False,WuProvider.fd8a24ef-5c1b-44ae-8960-214d9b70155e.1.etl,\ProgramData\USOShared\Logs\System\WuProvider.fd8a24ef-5c1b-44ae-8960-214d9b70155e.1.etl,False,False,False,False,0,False,False,False,False,False,False,False,True,False,False,False,False,False,False,False,False,False,False,5,53,True,True,False,False,False,False,False,False,False,False,False,False,False,False,False,False,False,1,2.1898138111235877e-05,0.0021898138111235877,False,<50%
xul.dll,,,,,,,,,,,,,,12/27/23 3:39:32,1720454480,xul.dll,\Program Files\Mozilla Firefox\xul.dll,File_Created / Basic_Info_Changed / Data_Added / Data_Overwritten,Normal,Archive,,0x000200000000C106,0x012600000000389E,,,,0,2,False,True,0.5,False,xul.dll,\Program Files\Mozilla Firefox\xul.dll,False,False,False,False,0,False,False,False,False,False,False,False,True,False,False,False,False,False,True,False,False,False,True,3,7,False,True,False,False,False,False,False,False,False,False,False,False,False,False,False,True,False,1,2.187794344483858e-05,0.002187794344483858,False,<50%
xul.dll.sig,,,,,,,,,,,,,,12/27/23 3:39:32,1720454904,xul.dll.sig,\Program Files\Mozilla Firefox\xul.dll.sig,File_Created / Basic_Info_Changed / Data_Added / Data_Overwritten,Normal,Archive,,0x000200000000C107,0x012600000000389E,,,,0,2,False,True,0.5,False,xul.dll.sig,\Program Files\Mozilla Firefox\xul.dll.sig,False,False,False,False,0,False,False,False,False,False,False,False,True,False,False,False,False,False,False,False,False,False,False,3,11,False,True,False,False,False,False,False,False,False,False,False,False,False,False,False,True,False,1,2.187793651320593e-05,0.002187793651320593,False,<50%
yxqj18zu,,,,,,,,,,,,,,12/28/23 9:22:23,1742440640,YXQJ18ZU,\Users\blueangel\AppData\Local\Packages\Microsoft.Windows.Search_cw5n1h2txyewy\AC\INetCache\YXQJ18ZU,Basic_Info_Changed,Normal,Directory / Hidden / Not_Content_Indexed / System,,0x000200000000C489,0x000100000001A5E1,,,,0,4,False,True,0.5,False,YXQJ18ZU,\Users\blueangel\AppData\Local\Packages\Microsoft.Windows.Search_cw5n1h2txyewy\AC\INetCache\YXQJ18ZU,False,False,False,False,0,False,False,False,False,False,False,False,True,False,False,False,False,False,False,False,False,False,False,9,8,True,False,False,False,False,False,False,False,False,False,False,False,False,False,True,False,False,1,2.1877626503037973e-05,0.002187762650303797,False,<50%
zlib1.dll,,,,,,,,,,,,,,12/28/23 9:23:47,1742869424,zlib1.dll,\Users\blueangel\AppData\Local\Temp\RarSFX1\zlib1.dll,File_Created / Basic_Info_Changed / Data_Added / Data_Overwritten,Normal,Archive,,0x000200000000C5A0,0x000500000000C581,,,,0,2,False,True,0.5,False,zlib1.dll,\Users\blueangel\AppData\Local\Temp\RarSFX1\zlib1.dll,False,False,False,False,0,False,False,False,False,False,False,False,True,False,False,False,False,False,True,False,False,False,True,7,9,True,True,False,False,False,False,False,False,False,False,False,False,False,True,False,False,False,1,2.158464877656569e-05,0.002158464877656569,False,<50%
~ockscreen___1918_0938_notdimmed.tmp,,,,,,,,,,,,,,12/28/23 9:22:10,1742360712,~ockScreen___1918_0938_notdimmed.tmp,\ProgramData\Microsoft\Windows\SystemData\S-1-5-21-2013336793-2335637549-584498142-1001\ReadOnly\LockScreen_O\~ockScreen___1918_0938_notdimmed.tmp,Basic_Info_Changed,Normal,Archive / Not_Content_Indexed,,0x0006000000001BFB,0x0012000000001B2B,,,,0,3,False,True,0.5,False,~ockScreen___1918_0938_notdimmed.tmp,\ProgramData\Microsoft\Windows\SystemData\S-1-5-21-2013336793-2335637549-584498142-1001\ReadOnly\LockScreen_O\~ockScreen___1918_0938_notdimmed.tmp,False,False,False,False,0,False,False,False,False,False,False,False,True,False,False,False,False,False,False,False,False,False,False,8,36,True,True,False,False,False,False,False,False,False,False,False,False,False,True,True,False,False,1,2.1571248864194108e-05,0.002157124886419411,False,<50%
