filename,full_path,lf_lsn,usn_usn,prediction_proba,confidence_pct,is_flagged,confidence_bin
$LogFile,\Users\blueangel\Desktop\Tools\$LogFile,,1754658832,2.1900726637611e-05,0.0021900726637611,False,<50%
000200000000C4894C7D91B9,,,1749751600,2.190103218116111e-05,0.0021901032181161108,False,<50%
000300000000BFFB4D9E63AC,,,1749751216,2.190103218116111e-05,0.0021901032181161108,False,<50%
0004000000001BAE2E19127F,,,1749750576,2.190103218116111e-05,0.0021901032181161108,False,<50%
000400000000C6352199AEAF,,,1743289008,2.190103218116111e-05,0.0021901032181161108,False,<50%
000500000000C6374FC1A712,,,1743289440,2.190103218116111e-05,0.0021901032181161108,False,<50%
000500000000C63844CAAE83,,,1743289872,2.190103218116111e-05,0.0021901032181161108,False,<50%
000500000000C6391A73D527,,,1743290368,2.190103218116111e-05,0.0021901032181161108,False,<50%
000500000000C63A6961B366,,,1743290800,2.190103218116111e-05,0.0021901032181161108,False,<50%
000500000000C64119A07DAB,,,1743291664,2.190103218116111e-05,0.0021901032181161108,False,<50%
000500000000C64223A06AD3,,,1743292096,2.190103218116111e-05,0.0021901032181161108,False,<50%
000500000000C64321A74441,,,1743292528,2.190103218116111e-05,0.0021901032181161108,False,<50%
000500000000C645112974E2,,,1743293392,2.190103218116111e-05,0.0021901032181161108,False,<50%
000500000000C6463B271802,,,1743293824,2.190103218116111e-05,0.0021901032181161108,False,<50%
000500000000C6483F9C7A3F,,,1743294256,2.190103218116111e-05,0.0021901032181161108,False,<50%
000500000000C64A63E2CFCD,,,1743294784,2.190103218116111e-05,0.0021901032181161108,False,<50%
000500000000C64C29A077DA,,,1743295216,2.190103218116111e-05,0.0021901032181161108,False,<50%
000500000000C64D5C6DC2AA,,,1743295648,2.190103218116111e-05,0.0021901032181161108,False,<50%
000500000000C64E6E7D7750,,,1743296080,2.190103218116111e-05,0.0021901032181161108,False,<50%
000500000000C65317A52F8F,,,1743296944,2.190103218116111e-05,0.0021901032181161108,False,<50%
000500000000C6544B381576,,,1743297376,2.190103218116111e-05,0.0021901032181161108,False,<50%
000500000000C655066A25F3,,,1743297808,2.190103218116111e-05,0.0021901032181161108,False,<50%
000500000000C65608695831,,,1743298240,2.190103218116111e-05,0.0021901032181161108,False,<50%
000500000000C65954D12179,,,1743298768,2.190103218116111e-05,0.0021901032181161108,False,<50%
000500000000C65B12D54413,,,1743299200,2.190103218116111e-05,0.0021901032181161108,False,<50%
000500000000C65D2A1D1952,,,1743299632,2.190103218116111e-05,0.0021901032181161108,False,<50%
000500000000C66002B6E089,,,1743300064,2.190103218116111e-05,0.0021901032181161108,False,<50%
000500000000C66137DDF060,,,1743300496,2.190103218116111e-05,0.0021901032181161108,False,<50%
000500000000C663658033EF,,,1743301360,2.190103218116111e-05,0.0021901032181161108,False,<50%
000500000000C6645B563F00,,,1743301792,2.190103218116111e-05,0.0021901032181161108,False,<50%
000500000000C66542C3A8EB,,,1743302224,2.190103218116111e-05,0.0021901032181161108,False,<50%
000500000000C66B2409AA21,,,1743302656,2.190103218116111e-05,0.0021901032181161108,False,<50%
000500000000C66C4EBEEEB7,,,1743303088,2.190103218116111e-05,0.0021901032181161108,False,<50%
000500000000C66E555FF928,,,1743303520,2.190103218116111e-05,0.0021901032181161108,False,<50%
000500000000C6720A03B834,,,1743304384,2.190103218116111e-05,0.0021901032181161108,False,<50%
000500000000C6733927A26B,,,1743304816,2.190103218116111e-05,0.0021901032181161108,False,<50%
000600000000C63E6009AF85,,,1743291232,2.190103218116111e-05,0.0021901032181161108,False,<50%
000600000000C66227FDECFC,,,1743300928,2.190103218116111e-05,0.0021901032181161108,False,<50%
000700000000C644025E12C9,,,1743292960,2.190103218116111e-05,0.0021901032181161108,False,<50%
000700000000C651357A8C2E,,,1743296512,2.190103218116111e-05,0.0021901032181161108,False,<50%
000700000000C671181F651A,,,1743303952,2.190103218116111e-05,0.0021901032181161108,False,<50%
000900000000C6754F820E42,,,1743305248,2.190103218116111e-05,0.0021901032181161108,False,<50%
0013000000002F3956B7B371,,,1742582120,2.190103218116111e-05,0.0021901032181161108,False,<50%
070e1065-555d-43fa-947e-2753e5f13bfc.tmp,\Users\blueangel\AppData\Roaming\Dropbox\070e1065-555d-43fa-947e-2753e5f13bfc.tmp,,1742821040,2.1900478348585145e-05,0.0021900478348585144,False,<50%
0a89e570dbbda14a8bf0e7e05fd8f24a,\Windows\System32\config\systemprofile\AppData\Local\0a89e570dbbda14a8bf0e7e05fd8f24a,,1743241216,2.190072136667613e-05,0.002190072136667613,False,<50%
0aeb78bb60aca1478ee47c46e75888fe,\Windows\System32\config\systemprofile\AppData\Local\0aeb78bb60aca1478ee47c46e75888fe,,1743252648,2.190072136667613e-05,0.002190072136667613,False,<50%
0b0abb0c-93ec-454b-8c15-2cc8f7355620.tmp,\Users\blueangel\AppData\Roaming\Evernote\Partitions\name\0b0abb0c-93ec-454b-8c15-2cc8f7355620.tmp,,1742708368,2.1900648667574285e-05,0.0021900648667574287,False,<50%
0bd17371f7731d4e9a2477abb51debe7,\Windows\System32\config\systemprofile\AppData\Local\0bd17371f7731d4e9a2477abb51debe7,,1743256752,2.190072136667613e-05,0.002190072136667613,False,<50%
0e5cfe80-505a-49c6-8663-a215ae247d61.tmp,\Users\blueangel\AppData\Roaming\Evernote\0e5cfe80-505a-49c6-8663-a215ae247d61.tmp,,1742710104,2.1900478348585145e-05,0.0021900478348585144,False,<50%
111edfac150e4fd2b7b89ec88f8f3e12_1,\Users\blueangel\AppData\Local\Packages\Microsoft.Windows.ContentDeliveryManager_cw5n1h2txyewy\LocalState\TargetedContentCache\v3\280811\111edfac150e4fd2b7b89ec88f8f3e12_1,,1736173712,2.1900726602386047e-05,0.0021900726602386046,False,<50%
111edfac150e4fd2b7b89ec88f8f3e12_1.~tmp,\Users\blueangel\AppData\Local\Packages\Microsoft.Windows.ContentDeliveryManager_cw5n1h2txyewy\LocalState\TargetedContentCache\v3\280811\111edfac150e4fd2b7b89ec88f8f3e12_1.~tmp,,1736172512,2.1900726602386047e-05,0.0021900726602386046,False,<50%
119df868939b63458453955e249ab5fa,\Windows\System32\config\systemprofile\AppData\Local\119df868939b63458453955e249ab5fa,,1743235544,2.190072136667613e-05,0.002190072136667613,False,<50%
18cb657a05e3064dbd3ff6ac7e80f7f4,\Windows\System32\config\systemprofile\AppData\Local\18cb657a05e3064dbd3ff6ac7e80f7f4,,1743255424,2.190072136667613e-05,0.002190072136667613,False,<50%
1c833c66e106403398283dd48fe12249_1,\Users\blueangel\AppData\Local\Packages\Microsoft.Windows.ContentDeliveryManager_cw5n1h2txyewy\LocalState\TargetedContentCache\v3\314559\1c833c66e106403398283dd48fe12249_1,,1736188816,2.1900726602386047e-05,0.0021900726602386046,False,<50%
1c833c66e106403398283dd48fe12249_1.~tmp,\Users\blueangel\AppData\Local\Packages\Microsoft.Windows.ContentDeliveryManager_cw5n1h2txyewy\LocalState\TargetedContentCache\v3\314559\1c833c66e106403398283dd48fe12249_1.~tmp,,1736187528,2.1900726602386047e-05,0.0021900726602386046,False,<50%
1c833c66e106403398283dd48fe12249_2,\Users\blueangel\AppData\Local\Packages\Microsoft.Windows.ContentDeliveryManager_cw5n1h2txyewy\LocalState\TargetedContentCache\v3\314559\1c833c66e106403398283dd48fe12249_2,,1736201248,2.1900726602386047e-05,0.0021900726602386046,False,<50%
1c833c66e106403398283dd48fe12249_2.~tmp,\Users\blueangel\AppData\Local\Packages\Microsoft.Windows.ContentDeliveryManager_cw5n1h2txyewy\LocalState\TargetedContentCache\v3\314559\1c833c66e106403398283dd48fe12249_2.~tmp,,1736199936,2.1900726602386047e-05,0.0021900726602386046,False,<50%
1c833c66e106403398283dd48fe12249_3,,,1743624528,2.190103218116111e-05,0.0021901032181161108,False,<50%
1c833c66e106403398283dd48fe12249_3.~tmp,,,1743623328,2.190103218116111e-05,0.0021901032181161108,False,<50%
22fd242ed39a4f82a8ed40f18598d804_1,\Users\blueangel\AppData\Local\Packages\Microsoft.Windows.ContentDeliveryManager_cw5n1h2txyewy\LocalState\TargetedContentCache\v3\338387\22fd242ed39a4f82a8ed40f18598d804_1,,1736203712,2.1900726602386047e-05,0.0021900726602386046,False,<50%
22fd242ed39a4f82a8ed40f18598d804_1.~tmp,\Users\blueangel\AppData\Local\Packages\Microsoft.Windows.ContentDeliveryManager_cw5n1h2txyewy\LocalState\TargetedContentCache\v3\338387\22fd242ed39a4f82a8ed40f18598d804_1.~tmp,,1736202512,2.1900726602386047e-05,0.0021900726602386046,False,<50%
22fd242ed39a4f82a8ed40f18598d804_2,\Users\blueangel\AppData\Local\Packages\Microsoft.Windows.ContentDeliveryManager_cw5n1h2txyewy\LocalState\TargetedContentCache\v3\338387\22fd242ed39a4f82a8ed40f18598d804_2,,1736223056,2.1900726602386047e-05,0.0021900726602386046,False,<50%
22fd242ed39a4f82a8ed40f18598d804_2.~tmp,\Users\blueangel\AppData\Local\Packages\Microsoft.Windows.ContentDeliveryManager_cw5n1h2txyewy\LocalState\TargetedContentCache\v3\338387\22fd242ed39a4f82a8ed40f18598d804_2.~tmp,,1736220816,2.1900726602386047e-05,0.0021900726602386046,False,<50%
22fd242ed39a4f82a8ed40f18598d804_3,,,1743632888,2.190103218116111e-05,0.0021901032181161108,False,<50%
22fd242ed39a4f82a8ed40f18598d804_3.~tmp,,,1743631688,2.190103218116111e-05,0.0021901032181161108,False,<50%
23413e9815f9f8478217a6f2ae911357,\Windows\System32\config\systemprofile\AppData\Local\23413e9815f9f8478217a6f2ae911357,,1743266384,2.190072136667613e-05,0.002190072136667613,False,<50%
235ad91f076c7040a23144184efef1fd,\Windows\System32\config\systemprofile\AppData\Local\235ad91f076c7040a23144184efef1fd,,1743281328,2.190072136667613e-05,0.002190072136667613,False,<50%
23d8e8375a9a468b9099f8b974cf1c4f_1,\Users\blueangel\AppData\Local\Packages\Microsoft.Windows.ContentDeliveryManager_cw5n1h2txyewy\LocalState\TargetedContentCache\v3\338389\23d8e8375a9a468b9099f8b974cf1c4f_1,,1736207704,2.1900726602386047e-05,0.0021900726602386046,False,<50%
23d8e8375a9a468b9099f8b974cf1c4f_1.~tmp,\Users\blueangel\AppData\Local\Packages\Microsoft.Windows.ContentDeliveryManager_cw5n1h2txyewy\LocalState\TargetedContentCache\v3\338389\23d8e8375a9a468b9099f8b974cf1c4f_1.~tmp,,1736206504,2.1900726602386047e-05,0.0021900726602386046,False,<50%
2638889ddf70420d823733890cc92734_1,\Users\blueangel\AppData\Local\Packages\Microsoft.Windows.ContentDeliveryManager_cw5n1h2txyewy\LocalState\TargetedContentCache\v3\202914\2638889ddf70420d823733890cc92734_1,,1736168480,2.1900726602386047e-05,0.0021900726602386046,False,<50%
2638889ddf70420d823733890cc92734_1.~tmp,\Users\blueangel\AppData\Local\Packages\Microsoft.Windows.ContentDeliveryManager_cw5n1h2txyewy\LocalState\TargetedContentCache\v3\202914\2638889ddf70420d823733890cc92734_1.~tmp,,1736167224,2.1900726602386047e-05,0.0021900726602386046,False,<50%
2a8e112d303677e0_COM15.dat,\ProgramData\Packages\DropboxInc.Dropbox_wkt425jdc3sga\S-1-5-21-2013336793-2335637549-584498142-1001\SystemAppData\Helium\Cache\2a8e112d303677e0_COM15.dat,,1742714344,2.1900648667574285e-05,0.0021900648667574287,False,<50%
2ea7d0fd-0c17-49fb-90da-34030cfb81f4.tmp,\Users\blueangel\AppData\Local\Microsoft\Edge\User Data\2ea7d0fd-0c17-49fb-90da-34030cfb81f4.tmp,,1742845704,2.1900648667574285e-05,0.0021900648667574287,False,<50%
31,\Users\blueangel\AppData\Local\Packages\Microsoft.Windows.Search_cw5n1h2txyewy\AC\AppCache\FDA01SZY\31,,1742581992,2.1900726602386047e-05,0.0021900726602386046,False,<50%
32557f4ae79920499202a154a017d5a1,\Windows\System32\config\systemprofile\AppData\Local\32557f4ae79920499202a154a017d5a1,,1743285424,2.190072136667613e-05,0.002190072136667613,False,<50%
3281740c4bc59ea2_COM15.dat,\ProgramData\Packages\Microsoft.YourPhone_8wekyb3d8bbwe\S-1-5-21-2013336793-2335637549-584498142-1001\SystemAppData\Helium\Cache\3281740c4bc59ea2_COM15.dat,,1742186824,2.1900648667574285e-05,0.0021900648667574287,False,<50%
33,\Users\blueangel\AppData\Local\Packages\Microsoft.Windows.Search_cw5n1h2txyewy\AC\AppCache\FDA01SZY\33,,1742412800,2.1900726602386047e-05,0.0021900726602386046,False,<50%
34fffdad9cc7ec48b56480407e570542,\Windows\System32\config\systemprofile\AppData\Local\34fffdad9cc7ec48b56480407e570542,,1743254096,2.190072136667613e-05,0.002190072136667613,False,<50%
3a4590762a0f4c54a1ed51742798c6d8_1,\Users\blueangel\AppData\Local\Packages\Microsoft.Windows.ContentDeliveryManager_cw5n1h2txyewy\LocalState\TargetedContentCache\v3\88000161\3a4590762a0f4c54a1ed51742798c6d8_1,,1736226256,2.1900726602386047e-05,0.0021900726602386046,False,<50%
3a4590762a0f4c54a1ed51742798c6d8_1.~tmp,\Users\blueangel\AppData\Local\Packages\Microsoft.Windows.ContentDeliveryManager_cw5n1h2txyewy\LocalState\TargetedContentCache\v3\88000161\3a4590762a0f4c54a1ed51742798c6d8_1.~tmp,,1736225056,2.1900726602386047e-05,0.0021900726602386046,False,<50%
3a526f8407a76e4493ed4fd5a4035e4e,\Windows\System32\config\systemprofile\AppData\Local\3a526f8407a76e4493ed4fd5a4035e4e,,1743267712,2.190072136667613e-05,0.002190072136667613,False,<50%
3b3318b8a40cf74f9bc588f480ccc87c,\Windows\System32\config\systemprofile\AppData\Local\3b3318b8a40cf74f9bc588f480ccc87c,,1743282768,2.190072136667613e-05,0.002190072136667613,False,<50%
3E7QBVZY,\Users\blueangel\AppData\Local\Microsoft\Windows\INetCache\IE\3E7QBVZY,,1742374712,2.190072372990853e-05,0.002190072372990853,False,<50%
4137410a517f2845978b14782b0a710f,\Windows\System32\config\systemprofile\AppData\Local\4137410a517f2845978b14782b0a710f,,1743269040,2.190072136667613e-05,0.002190072136667613,False,<50%
4427449aff26704a8636d97e761edf99,\Windows\System32\config\systemprofile\AppData\Local\4427449aff26704a8636d97e761edf99,,1743207384,2.190072136667613e-05,0.002190072136667613,False,<50%
44ff0d5506064d3889f56643fda27e64_1,\Users\blueangel\AppData\Local\Packages\Microsoft.Windows.ContentDeliveryManager_cw5n1h2txyewy\LocalState\TargetedContentCache\v3\310091\44ff0d5506064d3889f56643fda27e64_1,,1736179568,2.1900726602386047e-05,0.0021900726602386046,False,<50%
44ff0d5506064d3889f56643fda27e64_1.~tmp,\Users\blueangel\AppData\Local\Packages\Microsoft.Windows.ContentDeliveryManager_cw5n1h2txyewy\LocalState\TargetedContentCache\v3\310091\44ff0d5506064d3889f56643fda27e64_1.~tmp,,1736178368,2.1900726602386047e-05,0.0021900726602386046,False,<50%
4853CE70-C905-4DED-BD55-55071C9EB407,\Users\blueangel\AppData\Local\Temp\4853CE70-C905-4DED-BD55-55071C9EB407,,1730565296,2.1788269298497864e-05,0.0021788269298497866,False,<50%
5660cd54-4049-4ce5-a793-48aa4863a704.tmp,\Users\blueangel\AppData\Roaming\Microsoft\Teams\5660cd54-4049-4ce5-a793-48aa4863a704.tmp,,1742757208,2.1900692017173254e-05,0.0021900692017173254,False,<50%
59393e40-1026-413c-9928-1fc7a054bb1d.tmp,\Users\blueangel\AppData\Roaming\Evernote\Partitions\user%3A23847576\59393e40-1026-413c-9928-1fc7a054bb1d.tmp,,1742731272,2.1900648667574285e-05,0.0021900648667574287,False,<50%
5b962ac5baede54d95b9ca81b7285727,\Windows\System32\config\systemprofile\AppData\Local\5b962ac5baede54d95b9ca81b7285727,,1743204608,2.190072136667613e-05,0.002190072136667613,False,<50%
5c61c7e324d64186a28fc471963cf6d1_1,\Users\blueangel\AppData\Local\Packages\Microsoft.Windows.ContentDeliveryManager_cw5n1h2txyewy\LocalState\TargetedContentCache\v3\280815\5c61c7e324d64186a28fc471963cf6d1_1,,1736176960,2.1900726602386047e-05,0.0021900726602386046,False,<50%
5c61c7e324d64186a28fc471963cf6d1_1.~tmp,\Users\blueangel\AppData\Local\Packages\Microsoft.Windows.ContentDeliveryManager_cw5n1h2txyewy\LocalState\TargetedContentCache\v3\280815\5c61c7e324d64186a28fc471963cf6d1_1.~tmp,,1736175760,2.1900726602386047e-05,0.0021900726602386046,False,<50%
6035061725a443caaf0a434ec8cd57f8_1,\Users\blueangel\AppData\Local\Packages\Microsoft.Windows.ContentDeliveryManager_cw5n1h2txyewy\LocalState\TargetedContentCache\v3\88000163\6035061725a443caaf0a434ec8cd57f8_1,,1736229616,2.1900726602386047e-05,0.0021900726602386046,False,<50%
6035061725a443caaf0a434ec8cd57f8_1.~tmp,\Users\blueangel\AppData\Local\Packages\Microsoft.Windows.ContentDeliveryManager_cw5n1h2txyewy\LocalState\TargetedContentCache\v3\88000163\6035061725a443caaf0a434ec8cd57f8_1.~tmp,,1736228400,2.1900726602386047e-05,0.0021900726602386046,False,<50%
668ad6c71ad25444ad2800975b9843ee,\Windows\System32\config\systemprofile\AppData\Local\668ad6c71ad25444ad2800975b9843ee,,1743280000,2.190072136667613e-05,0.002190072136667613,False,<50%
68ba63b40391544083fc80d82a5b594d,\Windows\System32\config\systemprofile\AppData\Local\68ba63b40391544083fc80d82a5b594d,,1743270480,2.190072136667613e-05,0.002190072136667613,False,<50%
6bb093b9-ca26-4590-ab6a-b6cf2f64fbbd.tmp,\Users\blueangel\AppData\Local\Microsoft\Edge\User Data\6bb093b9-ca26-4590-ab6a-b6cf2f64fbbd.tmp,,1742445984,2.1900648667574285e-05,0.0021900648667574287,False,<50%
6c5afd7990f2cb479b65ffbdf48a0193,\Windows\System32\config\systemprofile\AppData\Local\6c5afd7990f2cb479b65ffbdf48a0193,,1743263616,2.190072136667613e-05,0.002190072136667613,False,<50%
6ee1b5984e81aa438408003c9f1b4a70,\Windows\System32\config\systemprofile\AppData\Local\6ee1b5984e81aa438408003c9f1b4a70,,1743284096,2.190072136667613e-05,0.002190072136667613,False,<50%
6VE23Q05,\Users\blueangel\AppData\Local\Packages\Microsoft.Windows.Search_cw5n1h2txyewy\AC\INetCache\6VE23Q05,,1742413728,2.19007266002962e-05,0.00219007266002962,False,<50%
71be501df7bdd54689b7d2f2723fb61d,\Windows\System32\config\systemprofile\AppData\Local\71be501df7bdd54689b7d2f2723fb61d,,1743286864,2.190072136667613e-05,0.002190072136667613,False,<50%
741a33c03139bf4286dcfd5a7db6c9ef,\Windows\System32\config\systemprofile\AppData\Local\741a33c03139bf4286dcfd5a7db6c9ef,,1743262288,2.190072136667613e-05,0.002190072136667613,False,<50%
76e3b11ca7ee6d4aa05c5704d8af0c31,\Windows\System32\config\systemprofile\AppData\Local\76e3b11ca7ee6d4aa05c5704d8af0c31,,1743232736,2.190072136667613e-05,0.002190072136667613,False,<50%
77e312c9c20b264bbba3a84459b68399,\Windows\System32\config\systemprofile\AppData\Local\77e312c9c20b264bbba3a84459b68399,,1743224232,2.190072136667613e-05,0.002190072136667613,False,<50%
7953e729ef68694ab6283340d41696da,\Windows\System32\config\systemprofile\AppData\Local\7953e729ef68694ab6283340d41696da,,1743275904,2.190072136667613e-05,0.002190072136667613,False,<50%
79ac93613012dc478d9fa4809123e4a9,\Windows\System32\config\systemprofile\AppData\Local\79ac93613012dc478d9fa4809123e4a9,,1743288192,2.190072136667613e-05,0.002190072136667613,False,<50%
7aca30bd64eb479084f2d2087f981632_1,\Users\blueangel\AppData\Local\Packages\Microsoft.Windows.ContentDeliveryManager_cw5n1h2txyewy\LocalState\TargetedContentCache\v3\88000045\7aca30bd64eb479084f2d2087f981632_1,,1736222784,2.1900726602386047e-05,0.0021900726602386046,False,<50%
7aca30bd64eb479084f2d2087f981632_1.~tmp,\Users\blueangel\AppData\Local\Packages\Microsoft.Windows.ContentDeliveryManager_cw5n1h2txyewy\LocalState\TargetedContentCache\v3\88000045\7aca30bd64eb479084f2d2087f981632_1.~tmp,,1736220280,2.1900726602386047e-05,0.0021900726602386046,False,<50%
7e73dfe330ffbd4789826cb3305eaf84,\Windows\System32\config\systemprofile\AppData\Local\7e73dfe330ffbd4789826cb3305eaf84,,1743260848,2.190072136667613e-05,0.002190072136667613,False,<50%
82b233e63c220640809205b6acf636c3,\Windows\System32\config\systemprofile\AppData\Local\82b233e63c220640809205b6acf636c3,,1743243992,2.190072136667613e-05,0.002190072136667613,False,<50%
83bc2f7899854efa8acae1ec639e8a17_1,\Users\blueangel\AppData\Local\Packages\Microsoft.Windows.ContentDeliveryManager_cw5n1h2txyewy\LocalState\TargetedContentCache\v3\338387\83bc2f7899854efa8acae1ec639e8a17_1,,1736199216,2.1900726602386047e-05,0.0021900726602386046,False,<50%
83bc2f7899854efa8acae1ec639e8a17_1.~tmp,\Users\blueangel\AppData\Local\Packages\Microsoft.Windows.ContentDeliveryManager_cw5n1h2txyewy\LocalState\TargetedContentCache\v3\338387\83bc2f7899854efa8acae1ec639e8a17_1.~tmp,,1736198016,2.1900726602386047e-05,0.0021900726602386046,False,<50%
83bc2f7899854efa8acae1ec639e8a17_2,\Users\blueangel\AppData\Local\Packages\Microsoft.Windows.ContentDeliveryManager_cw5n1h2txyewy\LocalState\TargetedContentCache\v3\338387\83bc2f7899854efa8acae1ec639e8a17_2,,1736213912,2.1900726602386047e-05,0.0021900726602386046,False,<50%
83bc2f7899854efa8acae1ec639e8a17_2.~tmp,\Users\blueangel\AppData\Local\Packages\Microsoft.Windows.ContentDeliveryManager_cw5n1h2txyewy\LocalState\TargetedContentCache\v3\338387\83bc2f7899854efa8acae1ec639e8a17_2.~tmp,,1736212712,2.1900726602386047e-05,0.0021900726602386046,False,<50%
83bc2f7899854efa8acae1ec639e8a17_3,,,1743629984,2.190103218116111e-05,0.0021901032181161108,False,<50%
83bc2f7899854efa8acae1ec639e8a17_3.~tmp,,,1743628784,2.190103218116111e-05,0.0021901032181161108,False,<50%
8efd673e3598964aa46aedb85f0140a2,\Windows\System32\config\systemprofile\AppData\Local\8efd673e3598964aa46aedb85f0140a2,,1743229960,2.190072136667613e-05,0.002190072136667613,False,<50%
96A365FC-31E0-4C69-8E0E-50EA4D9BC38D,\Users\blueangel\AppData\Local\Temp\96A365FC-31E0-4C69-8E0E-50EA4D9BC38D,,1754598624,2.1788269298497864e-05,0.0021788269298497866,False,<50%
96c796c3ebb9c84a87a16fd9e35a0d7d,\Windows\System32\config\systemprofile\AppData\Local\96c796c3ebb9c84a87a16fd9e35a0d7d,,1743277232,2.190072136667613e-05,0.002190072136667613,False,<50%
9CB71645-0507-4B7E-A651-C033B644F687,\Users\blueangel\AppData\Local\Temp\9CB71645-0507-4B7E-A651-C033B644F687,,1749769760,2.1788269298497864e-05,0.0021788269298497866,False,<50%
9d174002b722e1ca_COM15.dat,\ProgramData\Packages\Microsoft.SkypeApp_kzf8qxf38zg5c\S-1-5-21-2013336793-2335637549-584498142-1001\SystemAppData\Helium\Cache\9d174002b722e1ca_COM15.dat,,1742796648,2.1900648667574285e-05,0.0021900648667574287,False,<50%
9d48bda497af594dabfe4bd67cc3ba99,\Windows\System32\config\systemprofile\AppData\Local\9d48bda497af594dabfe4bd67cc3ba99,,1743274576,2.190072136667613e-05,0.002190072136667613,False,<50%
a22b8e4bb4dc4a44b6bf7c34c4616092,\Windows\System32\config\systemprofile\AppData\Local\a22b8e4bb4dc4a44b6bf7c34c4616092,,1743259520,2.190072136667613e-05,0.002190072136667613,False,<50%
a4a1ef0649c8094da5eb07872eec013c,\Windows\System32\config\systemprofile\AppData\Local\a4a1ef0649c8094da5eb07872eec013c,,1743227112,2.190072136667613e-05,0.002190072136667613,False,<50%
a8324503bdcfd14a9df5673bb50b5f26,\Windows\System32\config\systemprofile\AppData\Local\a8324503bdcfd14a9df5673bb50b5f26,,1743273136,2.190072136667613e-05,0.002190072136667613,False,<50%
aa0740796673ad44a7d4b47c3787242a,\Windows\System32\config\systemprofile\AppData\Local\aa0740796673ad44a7d4b47c3787242a,,1743215784,2.190072136667613e-05,0.002190072136667613,False,<50%
aa957950cd9546e5906bca761cfb4bc6_1,\Users\blueangel\AppData\Local\Packages\Microsoft.Windows.ContentDeliveryManager_cw5n1h2txyewy\LocalState\TargetedContentCache\v3\280810\aa957950cd9546e5906bca761cfb4bc6_1,,1736171088,2.1900726602386047e-05,0.0021900726602386046,False,<50%
aa957950cd9546e5906bca761cfb4bc6_1.~tmp,\Users\blueangel\AppData\Local\Packages\Microsoft.Windows.ContentDeliveryManager_cw5n1h2txyewy\LocalState\TargetedContentCache\v3\280810\aa957950cd9546e5906bca761cfb4bc6_1.~tmp,,1736169888,2.1900726602386047e-05,0.0021900726602386046,False,<50%
aaf26ab917feb349901703f80f0dec22,\Windows\System32\config\systemprofile\AppData\Local\aaf26ab917feb349901703f80f0dec22,,1743210200,2.190072136667613e-05,0.002190072136667613,False,<50%
ab288e3c5825914aa47e86baca03b605,\Windows\System32\config\systemprofile\AppData\Local\ab288e3c5825914aa47e86baca03b605,,1743278672,2.190072136667613e-05,0.002190072136667613,False,<50%
acc9e36fd0d76845a0791f380a25ad84,\Windows\System32\config\systemprofile\AppData\Local\acc9e36fd0d76845a0791f380a25ad84,,1743249872,2.190072136667613e-05,0.002190072136667613,False,<50%
Accessible.tlb,\Program Files\Mozilla Firefox\Accessible.tlb,,1720403288,2.190103406736146e-05,0.002190103406736146,False,<50%
AccessibleHandler.dll,\Program Files\Mozilla Firefox\AccessibleHandler.dll,,1720403776,2.1901041006311996e-05,0.0021901041006311996,False,<50%
AccessibleMarshal.dll,\Program Files\Mozilla Firefox\AccessibleMarshal.dll,,1720404296,2.1901041006311996e-05,0.0021901041006311996,False,<50%
aff8193fb0a8ea45a5f17e4ed275bb3c,\Windows\System32\config\systemprofile\AppData\Local\aff8193fb0a8ea45a5f17e4ed275bb3c,,1743258192,2.190072136667613e-05,0.002190072136667613,False,<50%
Amcache.hve,\Windows\appcompat\Programs\Amcache.hve,,1742220232,2.1900723738331107e-05,0.0021900723738331107,False,<50%
api-ms-win-core-file-l1-2-0.dll,\Program Files\Mozilla Firefox\api-ms-win-core-file-l1-2-0.dll,,1720404888,2.1901041006311996e-05,0.0021901041006311996,False,<50%
api-ms-win-core-file-l2-1-0.dll,\Program Files\Mozilla Firefox\api-ms-win-core-file-l2-1-0.dll,,1720405528,2.1901041006311996e-05,0.0021901041006311996,False,<50%
api-ms-win-core-localization-l1-2-0.dll,\Program Files\Mozilla Firefox\api-ms-win-core-localization-l1-2-0.dll,,1720406304,2.0383846468923883e-05,0.0020383846468923885,False,<50%
api-ms-win-core-processthreads-l1-1-1.dll,\Program Files\Mozilla Firefox\api-ms-win-core-processthreads-l1-1-1.dll,,1720407024,2.0383846468923883e-05,0.0020383846468923885,False,<50%
api-ms-win-core-synch-l1-2-0.dll,\Program Files\Mozilla Firefox\api-ms-win-core-synch-l1-2-0.dll,,1720407696,2.1901041006311996e-05,0.0021901041006311996,False,<50%
api-ms-win-core-timezone-l1-1-0.dll,\Program Files\Mozilla Firefox\api-ms-win-core-timezone-l1-1-0.dll,,1720408360,2.0383846468923883e-05,0.0020383846468923885,False,<50%
api-ms-win-crt-conio-l1-1-0.dll,\Program Files\Mozilla Firefox\api-ms-win-crt-conio-l1-1-0.dll,,1720409016,2.1901041006311996e-05,0.0021901041006311996,False,<50%
api-ms-win-crt-convert-l1-1-0.dll,\Program Files\Mozilla Firefox\api-ms-win-crt-convert-l1-1-0.dll,,1720409656,2.1901041006311996e-05,0.0021901041006311996,False,<50%
api-ms-win-crt-environment-l1-1-0.dll,\Program Files\Mozilla Firefox\api-ms-win-crt-environment-l1-1-0.dll,,1720410384,2.0383846468923883e-05,0.0020383846468923885,False,<50%
api-ms-win-crt-filesystem-l1-1-0.dll,\Program Files\Mozilla Firefox\api-ms-win-crt-filesystem-l1-1-0.dll,,1720411064,2.0383846468923883e-05,0.0020383846468923885,False,<50%
api-ms-win-crt-heap-l1-1-0.dll,\Program Files\Mozilla Firefox\api-ms-win-crt-heap-l1-1-0.dll,,1720411696,2.1901041006311996e-05,0.0021901041006311996,False,<50%
api-ms-win-crt-locale-l1-1-0.dll,\Program Files\Mozilla Firefox\api-ms-win-crt-locale-l1-1-0.dll,,1720412320,2.1901041006311996e-05,0.0021901041006311996,False,<50%
api-ms-win-crt-math-l1-1-0.dll,\Program Files\Mozilla Firefox\api-ms-win-crt-math-l1-1-0.dll,,1720412936,2.1901041006311996e-05,0.0021901041006311996,False,<50%
api-ms-win-crt-multibyte-l1-1-0.dll,\Program Files\Mozilla Firefox\api-ms-win-crt-multibyte-l1-1-0.dll,,1720413584,2.0383846468923883e-05,0.0020383846468923885,False,<50%
api-ms-win-crt-private-l1-1-0.dll,\Program Files\Mozilla Firefox\api-ms-win-crt-private-l1-1-0.dll,,1720414336,2.1901041006311996e-05,0.0021901041006311996,False,<50%
api-ms-win-crt-process-l1-1-0.dll,\Program Files\Mozilla Firefox\api-ms-win-crt-process-l1-1-0.dll,,1720414976,2.1901041006311996e-05,0.0021901041006311996,False,<50%
api-ms-win-crt-runtime-l1-1-0.dll,\Program Files\Mozilla Firefox\api-ms-win-crt-runtime-l1-1-0.dll,,1720415616,2.1901041006311996e-05,0.0021901041006311996,False,<50%
api-ms-win-crt-stdio-l1-1-0.dll,\Program Files\Mozilla Firefox\api-ms-win-crt-stdio-l1-1-0.dll,,1720416256,2.1901041006311996e-05,0.0021901041006311996,False,<50%
api-ms-win-crt-string-l1-1-0.dll,\Program Files\Mozilla Firefox\api-ms-win-crt-string-l1-1-0.dll,,1720416896,2.1901041006311996e-05,0.0021901041006311996,False,<50%
api-ms-win-crt-time-l1-1-0.dll,\Program Files\Mozilla Firefox\api-ms-win-crt-time-l1-1-0.dll,,1720417512,2.1901041006311996e-05,0.0021901041006311996,False,<50%
api-ms-win-crt-utility-l1-1-0.dll,\Program Files\Mozilla Firefox\api-ms-win-crt-utility-l1-1-0.dll,,1720418136,2.1901041006311996e-05,0.0021901041006311996,False,<50%
AppCache133480966698083445.txt,\Users\blueangel\AppData\Local\Packages\Microsoft.Windows.Search_cw5n1h2txyewy\LocalState\DeviceSearchCache\AppCache133480966698083445.txt,,1721245304,2.19007266002962e-05,0.00219007266002962,False,<50%
AppCache133480966698083445.txt.~tmp,\Users\blueangel\AppData\Local\Packages\Microsoft.Windows.Search_cw5n1h2txyewy\LocalState\DeviceSearchCache\AppCache133480966698083445.txt.~tmp,,1721244168,2.19007266002962e-05,0.00219007266002962,False,<50%
AppCache133481110699941172.txt,\Users\blueangel\AppData\Local\Packages\Microsoft.Windows.Search_cw5n1h2txyewy\LocalState\DeviceSearchCache\AppCache133481110699941172.txt,,1724294528,2.19007266002962e-05,0.00219007266002962,False,<50%
AppCache133481110699941172.txt.~tmp,\Users\blueangel\AppData\Local\Packages\Microsoft.Windows.Search_cw5n1h2txyewy\LocalState\DeviceSearchCache\AppCache133481110699941172.txt.~tmp,,1724293392,2.19007266002962e-05,0.00219007266002962,False,<50%
AppCache133481183736899136.txt,\Users\blueangel\AppData\Local\Packages\Microsoft.Windows.Search_cw5n1h2txyewy\LocalState\DeviceSearchCache\AppCache133481183736899136.txt,,1725924040,2.19007266002962e-05,0.00219007266002962,False,<50%
AppCache133481183736899136.txt.~tmp,\Users\blueangel\AppData\Local\Packages\Microsoft.Windows.Search_cw5n1h2txyewy\LocalState\DeviceSearchCache\AppCache133481183736899136.txt.~tmp,,1725922856,2.19007266002962e-05,0.00219007266002962,False,<50%
AppCache133481254701774756.txt,\Users\blueangel\AppData\Local\Packages\Microsoft.Windows.Search_cw5n1h2txyewy\LocalState\DeviceSearchCache\AppCache133481254701774756.txt,,1727501832,2.19007266002962e-05,0.00219007266002962,False,<50%
AppCache133481254701774756.txt.~tmp,\Users\blueangel\AppData\Local\Packages\Microsoft.Windows.Search_cw5n1h2txyewy\LocalState\DeviceSearchCache\AppCache133481254701774756.txt.~tmp,,1727500696,2.19007266002962e-05,0.00219007266002962,False,<50%
AppCache133481398703017090.txt,\Users\blueangel\AppData\Local\Packages\Microsoft.Windows.Search_cw5n1h2txyewy\LocalState\DeviceSearchCache\AppCache133481398703017090.txt,,1730618616,2.19007266002962e-05,0.00219007266002962,False,<50%
AppCache133481398703017090.txt.~tmp,\Users\blueangel\AppData\Local\Packages\Microsoft.Windows.Search_cw5n1h2txyewy\LocalState\DeviceSearchCache\AppCache133481398703017090.txt.~tmp,,1730617480,2.19007266002962e-05,0.00219007266002962,False,<50%
AppCache133481542704080245.txt,\Users\blueangel\AppData\Local\Packages\Microsoft.Windows.Search_cw5n1h2txyewy\LocalState\DeviceSearchCache\AppCache133481542704080245.txt,,1733725264,2.19007266002962e-05,0.00219007266002962,False,<50%
AppCache133481542704080245.txt.~tmp,\Users\blueangel\AppData\Local\Packages\Microsoft.Windows.Search_cw5n1h2txyewy\LocalState\DeviceSearchCache\AppCache133481542704080245.txt.~tmp,,1733724128,2.19007266002962e-05,0.00219007266002962,False,<50%
AppCache133481703543250386.txt,\Users\blueangel\AppData\Local\Packages\Microsoft.Windows.Search_cw5n1h2txyewy\LocalState\DeviceSearchCache\AppCache133481703543250386.txt,,1736161360,2.19007266002962e-05,0.00219007266002962,False,<50%
AppCache133481703543250386.txt.~tmp,\Users\blueangel\AppData\Local\Packages\Microsoft.Windows.Search_cw5n1h2txyewy\LocalState\DeviceSearchCache\AppCache133481703543250386.txt.~tmp,,1736159792,2.19007266002962e-05,0.00219007266002962,False,<50%
AppCache133481826456981539.txt,\Users\blueangel\AppData\Local\Packages\Microsoft.Windows.Search_cw5n1h2txyewy\LocalState\DeviceSearchCache\AppCache133481826456981539.txt,,1738857440,2.19007266002962e-05,0.00219007266002962,False,<50%
AppCache133481826456981539.txt.~tmp,\Users\blueangel\AppData\Local\Packages\Microsoft.Windows.Search_cw5n1h2txyewy\LocalState\DeviceSearchCache\AppCache133481826456981539.txt.~tmp,,1738856304,2.19007266002962e-05,0.00219007266002962,False,<50%
AppCache133481970458427363.txt,\Users\blueangel\AppData\Local\Packages\Microsoft.Windows.Search_cw5n1h2txyewy\LocalState\DeviceSearchCache\AppCache133481970458427363.txt,,1741929104,2.19007266002962e-05,0.00219007266002962,False,<50%
AppCache133481970458427363.txt.~tmp,\Users\blueangel\AppData\Local\Packages\Microsoft.Windows.Search_cw5n1h2txyewy\LocalState\DeviceSearchCache\AppCache133481970458427363.txt.~tmp,,1741927968,2.19007266002962e-05,0.00219007266002962,False,<50%
AppCache133482001448755723.txt,\Users\blueangel\AppData\Local\Packages\Microsoft.Windows.Search_cw5n1h2txyewy\LocalState\DeviceSearchCache\AppCache133482001448755723.txt,,1742459712,2.19007266002962e-05,0.00219007266002962,False,<50%
AppCache133482001448755723.txt.~tmp,\Users\blueangel\AppData\Local\Packages\Microsoft.Windows.Search_cw5n1h2txyewy\LocalState\DeviceSearchCache\AppCache133482001448755723.txt.~tmp,,1742458528,2.19007266002962e-05,0.00219007266002962,False,<50%
AppCache133482001491753992.txt,\Users\blueangel\AppData\Local\Packages\Microsoft.Windows.Search_cw5n1h2txyewy\LocalState\DeviceSearchCache\AppCache133482001491753992.txt,,1742568840,2.19007266002962e-05,0.00219007266002962,False,<50%
AppCache133482001491753992.txt.~tmp,\Users\blueangel\AppData\Local\Packages\Microsoft.Windows.Search_cw5n1h2txyewy\LocalState\DeviceSearchCache\AppCache133482001491753992.txt.~tmp,,1742567736,2.19007266002962e-05,0.00219007266002962,False,<50%
AppCache133482117899576379.txt,\Users\blueangel\AppData\Local\Packages\Microsoft.Windows.Search_cw5n1h2txyewy\LocalState\DeviceSearchCache\AppCache133482117899576379.txt,,1745856128,2.19007266002962e-05,0.00219007266002962,False,<50%
AppCache133482117899576379.txt.~tmp,\Users\blueangel\AppData\Local\Packages\Microsoft.Windows.Search_cw5n1h2txyewy\LocalState\DeviceSearchCache\AppCache133482117899576379.txt.~tmp,,1745854992,2.19007266002962e-05,0.00219007266002962,False,<50%
AppCache133482261901407378.txt,\Users\blueangel\AppData\Local\Packages\Microsoft.Windows.Search_cw5n1h2txyewy\LocalState\DeviceSearchCache\AppCache133482261901407378.txt,,1749102088,2.19007266002962e-05,0.00219007266002962,False,<50%
AppCache133482261901407378.txt.~tmp,\Users\blueangel\AppData\Local\Packages\Microsoft.Windows.Search_cw5n1h2txyewy\LocalState\DeviceSearchCache\AppCache133482261901407378.txt.~tmp,,1749100952,2.19007266002962e-05,0.00219007266002962,False,<50%
AppCache133482405903145210.txt,\Users\blueangel\AppData\Local\Packages\Microsoft.Windows.Search_cw5n1h2txyewy\LocalState\DeviceSearchCache\AppCache133482405903145210.txt,,1752389944,2.19007266002962e-05,0.00219007266002962,False,<50%
AppCache133482405903145210.txt.~tmp,\Users\blueangel\AppData\Local\Packages\Microsoft.Windows.Search_cw5n1h2txyewy\LocalState\DeviceSearchCache\AppCache133482405903145210.txt.~tmp,,1752388808,2.19007266002962e-05,0.00219007266002962,False,<50%
AppCache133484301256659398.txt,\Users\blueangel\AppData\Local\Packages\Microsoft.Windows.Search_cw5n1h2txyewy\LocalState\DeviceSearchCache\AppCache133484301256659398.txt,,1754339064,2.19007266002962e-05,0.00219007266002962,False,<50%
AppCache133484301256659398.txt.~tmp,\Users\blueangel\AppData\Local\Packages\Microsoft.Windows.Search_cw5n1h2txyewy\LocalState\DeviceSearchCache\AppCache133484301256659398.txt.~tmp,,1754337928,2.19007266002962e-05,0.00219007266002962,False,<50%
application.ini,\Program Files\Mozilla Firefox\application.ini,,1720418720,2.190103406736146e-05,0.002190103406736146,False,<50%
AppxProvider.dll,,,1730499976,2.1901032206307905e-05,0.0021901032206307906,False,<50%
AppxProvider.dll.mui,,,1730504584,2.190103218116111e-05,0.0021901032181161108,False,<50%
AssocProvider.dll,,,1730500552,2.1901032206307905e-05,0.0021901032206307906,False,<50%
AssocProvider.dll.mui,,,1730505208,2.190103218116111e-05,0.0021901032181161108,False,<50%
b792b65b9b0d43d8a4b87a6c28828928_1,,,1736216184,2.190103218116111e-05,0.0021901032181161108,False,<50%
b792b65b9b0d43d8a4b87a6c28828928_1.~tmp,,,1736214720,2.190103218116111e-05,0.0021901032181161108,False,<50%
b97e3e6ec896967_COM15.dat,\ProgramData\Packages\Microsoft.DesktopAppInstaller_8wekyb3d8bbwe\S-1-5-21-2013336793-2335637549-584498142-1001\SystemAppData\Helium\Cache\b97e3e6ec896967_COM15.dat,,1725878136,2.1900648667574285e-05,0.0021900648667574287,False,<50%
backup.dat,\ProgramData\Avast Software\Avast\IDS\malwareprofile\backup.dat,,1720695520,2.1900478348585145e-05,0.0021900478348585144,False,<50%
BBI,\Windows\System32\config\BBI,,1742268368,2.1900723738331107e-05,0.0021900723738331107,False,<50%
bc74c24d2805be4bb4269d30a7a0839d,\Windows\System32\config\systemprofile\AppData\Local\bc74c24d2805be4bb4269d30a7a0839d,,1743264944,2.190072136667613e-05,0.002190072136667613,False,<50%
BIT780C.tmp,\ProgramData\Mozilla-1de4eec8-1241-4177-a864-e594e8d1fb38\updates\308046B0AF4A39CB\updates\downloading\BIT780C.tmp,,1720393728,2.1900692017173254e-05,0.0021900692017173254,False,<50%
Boot Sector FAT.tpl,\Users\blueangel\AppData\Local\Temp\RarSFX1\Boot Sector FAT.tpl,,1742856192,2.158464877656569e-05,0.002158464877656569,False,<50%
Boot Sector FAT32.tpl,\Users\blueangel\AppData\Local\Temp\RarSFX1\Boot Sector FAT32.tpl,,1742855576,2.158464877656569e-05,0.002158464877656569,False,<50%
Boot Sector NTFS.tpl,\Users\blueangel\AppData\Local\Temp\RarSFX1\Boot Sector NTFS.tpl,,1742856712,2.158464877656569e-05,0.002158464877656569,False,<50%
BootPerfDiagLogger.etl,\Windows\System32\WDI\LogFiles\BootPerfDiagLogger.etl,,1742284936,2.190072381214231e-05,0.002190072381214231,False,<50%
c3a22d7c0dcf0f469a207a891d37d900,\Windows\System32\config\systemprofile\AppData\Local\c3a22d7c0dcf0f469a207a891d37d900,,1743247016,2.190072136667613e-05,0.002190072136667613,False,<50%
c42e68cf-c289-4e44-9015-dff237fb919c.tmp,\Users\blueangel\AppData\Local\Microsoft\Edge\User Data\c42e68cf-c289-4e44-9015-dff237fb919c.tmp,,1742592928,2.1900648667574285e-05,0.0021900648667574287,False,<50%
c77bbe5d0480fb4dae76cd9cddad0570,\Windows\System32\config\systemprofile\AppData\Local\c77bbe5d0480fb4dae76cd9cddad0570,,1743201768,2.190072136667613e-05,0.002190072136667613,False,<50%
cache.dat,\ProgramData\Avast Software\Avast\IDS\malwareprofile\cache.dat,,1719794568,2.1900478348585145e-05,0.0021900478348585144,False,<50%
CbsProvider.dll,,,1730501128,2.1901032206307905e-05,0.0021901032206307906,False,<50%
CbsProvider.dll.mui,,,1730518336,2.190103218116111e-05,0.0021901032181161108,False,<50%
ccd5f0fe538742298bc2ad7d04cfea96_1,\Users\blueangel\AppData\Local\Packages\Microsoft.Windows.ContentDeliveryManager_cw5n1h2txyewy\LocalState\TargetedContentCache\v3\88000165\ccd5f0fe538742298bc2ad7d04cfea96_1,,1736232240,2.1900726602386047e-05,0.0021900726602386046,False,<50%
ccd5f0fe538742298bc2ad7d04cfea96_1.~tmp,\Users\blueangel\AppData\Local\Packages\Microsoft.Windows.ContentDeliveryManager_cw5n1h2txyewy\LocalState\TargetedContentCache\v3\88000165\ccd5f0fe538742298bc2ad7d04cfea96_1.~tmp,,1736231040,2.1900726602386047e-05,0.0021900726602386046,False,<50%
channel-prefs.js,\Program Files\Mozilla Firefox\defaults\pref\channel-prefs.js,,1720429744,2.1900727042538807e-05,0.002190072704253881,False,<50%
CL_LocalizationData.psd1,,,1754517312,2.190103218116111e-05,0.0021901032181161108,False,<50%
CL_Utility.ps1,,,1754510040,2.1901032206307905e-05,0.0021901032206307906,False,<50%
CldFlt2.etl,\Windows\System32\LogFiles\CloudFiles\CldFlt2.etl,,1742294272,2.190072381214231e-05,0.002190072381214231,False,<50%
clearkey.dll,\Program Files\Mozilla Firefox\gmp-clearkey\0.1\clearkey.dll,,1720433624,2.190073272219767e-05,0.002190073272219767,False,<50%
clearkey.dll.sig,\Program Files\Mozilla Firefox\gmp-clearkey\0.1\clearkey.dll.sig,,1720434088,2.1900727042538807e-05,0.002190072704253881,False,<50%
COMPONENTS,\Windows\System32\config\COMPONENTS,,1730551064,2.1900723738331107e-05,0.0021900723738331107,False,<50%
container.dat,\Users\blueangel\AppData\Local\Packages\Microsoft.Windows.Search_cw5n1h2txyewy\AC\AppCache\FDA01SZY\33\container.dat,,1742413104,2.1900726602386047e-05,0.0021900726602386046,False,<50%
cookies.sqlite,,,1726991952,2.190103218116111e-05,0.0021901032181161108,False,<50%
crashreporter-override.ini,\Program Files\Mozilla Firefox\browser\crashreporter-override.ini,,1720419408,2.1900727183898214e-05,0.0021900727183898215,False,<50%
crashreporter.exe,\Program Files\Mozilla Firefox\crashreporter.exe,,1720426336,2.1901041006311996e-05,0.0021901041006311996,False,<50%
crashreporter.ini,\Program Files\Mozilla Firefox\crashreporter.ini,,1720426880,2.190103406736146e-05,0.002190103406736146,False,<50%
d2ec0f2df572514b9a3f89725169834a,\Windows\System32\config\systemprofile\AppData\Local\d2ec0f2df572514b9a3f89725169834a,,1743213008,2.190072136667613e-05,0.002190072136667613,False,<50%
d313e497d0db1d4e888b4019c853805b,\Windows\System32\config\systemprofile\AppData\Local\d313e497d0db1d4e888b4019c853805b,,1743238360,2.190072136667613e-05,0.002190072136667613,False,<50%
d3dcompiler_47.dll,\Program Files\Mozilla Firefox\d3dcompiler_47.dll,,1720427360,2.1901041006311996e-05,0.0021901041006311996,False,<50%
d5676dd633103241877b571659caa890,\Windows\System32\config\systemprofile\AppData\Local\d5676dd633103241877b571659caa890,,1743221456,2.190072136667613e-05,0.002190072136667613,False,<50%
d90734e1-af02-4a30-b2ab-1f0f2f00d762.tmp,\Users\blueangel\AppData\Roaming\Evernote\d90734e1-af02-4a30-b2ab-1f0f2f00d762.tmp,,1742799280,2.1900478348585145e-05,0.0021900478348585144,False,<50%
dcf01ec0663f4d01990d728f4ee2e979_1,\Users\blueangel\AppData\Local\Packages\Microsoft.Windows.ContentDeliveryManager_cw5n1h2txyewy\LocalState\TargetedContentCache\v3\338387\dcf01ec0663f4d01990d728f4ee2e979_1,,1736195120,2.1900726602386047e-05,0.0021900726602386046,False,<50%
dcf01ec0663f4d01990d728f4ee2e979_1.~tmp,\Users\blueangel\AppData\Local\Packages\Microsoft.Windows.ContentDeliveryManager_cw5n1h2txyewy\LocalState\TargetedContentCache\v3\338387\dcf01ec0663f4d01990d728f4ee2e979_1.~tmp,,1736192000,2.1900726602386047e-05,0.0021900726602386046,False,<50%
dcf01ec0663f4d01990d728f4ee2e979_2,\Users\blueangel\AppData\Local\Packages\Microsoft.Windows.ContentDeliveryManager_cw5n1h2txyewy\LocalState\TargetedContentCache\v3\338387\dcf01ec0663f4d01990d728f4ee2e979_2,,1736210272,2.1900726602386047e-05,0.0021900726602386046,False,<50%
dcf01ec0663f4d01990d728f4ee2e979_2.~tmp,\Users\blueangel\AppData\Local\Packages\Microsoft.Windows.ContentDeliveryManager_cw5n1h2txyewy\LocalState\TargetedContentCache\v3\338387\dcf01ec0663f4d01990d728f4ee2e979_2.~tmp,,1736209072,2.1900726602386047e-05,0.0021900726602386046,False,<50%
dcf01ec0663f4d01990d728f4ee2e979_3,,,1743627296,2.190103218116111e-05,0.0021901032181161108,False,<50%
dcf01ec0663f4d01990d728f4ee2e979_3.~tmp,,,1743626096,2.190103218116111e-05,0.0021901032181161108,False,<50%
dd_BackgroundDownload_20231221160206.log,\Users\blueangel\AppData\Local\Temp\dd_BackgroundDownload_20231221160206.log,,1749751824,2.1788158658328776e-05,0.002178815865832878,False,<50%
dd_BackgroundDownload_20231221160206_result_Error.log,\Users\blueangel\AppData\Local\Temp\dd_BackgroundDownload_20231221160206_result_Error.log,,1749752112,2.1788158658328776e-05,0.002178815865832878,False,<50%
dd_BackgroundDownload_20231222154638.log,\Users\blueangel\AppData\Local\Temp\dd_BackgroundDownload_20231222154638.log,,1754575128,2.1788158658328776e-05,0.002178815865832878,False,<50%
dd_BackgroundDownload_20231222154638_result_Error.log,\Users\blueangel\AppData\Local\Temp\dd_BackgroundDownload_20231222154638_result_Error.log,,1754575416,2.1788158658328776e-05,0.002178815865832878,False,<50%
dd_BackgroundDownload_20231222180240.log,\Users\blueangel\AppData\Local\Temp\dd_BackgroundDownload_20231222180240.log,,1754575752,2.1788158658328776e-05,0.002178815865832878,False,<50%
dd_BackgroundDownload_20231222180240_result_Error.log,\Users\blueangel\AppData\Local\Temp\dd_BackgroundDownload_20231222180240_result_Error.log,,1754576040,2.1788158658328776e-05,0.002178815865832878,False,<50%
DEFAULT,\Windows\System32\config\DEFAULT,,1742267512,2.1900723738331107e-05,0.0021900723738331107,False,<50%
default-browser-agent.exe,\Program Files\Mozilla Firefox\default-browser-agent.exe,,1720427888,2.1901041006311996e-05,0.0021901041006311996,False,<50%
defaultagent.ini,\Program Files\Mozilla Firefox\defaultagent.ini,,1720428400,2.190103406736146e-05,0.002190103406736146,False,<50%
defaultagent_localized.ini,\Program Files\Mozilla Firefox\defaultagent_localized.ini,,1720428928,2.190103406736146e-05,0.002190103406736146,False,<50%
dependentlibs.list,\Program Files\Mozilla Firefox\dependentlibs.list,,1720430224,2.190103406736146e-05,0.002190103406736146,False,<50%
DESKTOP-JK343U8-20231219-1753.log,\Windows\Temp\DESKTOP-JK343U8-20231219-1753.log,,1749753584,2.5038840889343504e-05,0.0025038840889343504,False,<50%
DESKTOP-JK343U8-20231221-1548.log,\Users\blueangel\AppData\Local\Temp\DESKTOP-JK343U8-20231221-1548.log,,1749752448,2.1788269298497864e-05,0.0021788269298497866,False,<50%
DESKTOP-JK343U8-20231221-1548a.log,\Windows\Temp\DESKTOP-JK343U8-20231221-1548a.log,,1749754368,2.5038840889343504e-05,0.0025038840889343504,False,<50%
DESKTOP-JK343U8-20231221-1551.log,\Windows\Temp\DESKTOP-JK343U8-20231221-1551.log,,1754578120,2.5038840889343504e-05,0.0025038840889343504,False,<50%
DESKTOP-JK343U8-20231221-1556.log,\Windows\Temp\DESKTOP-JK343U8-20231221-1556.log,,1749754752,2.5038840889343504e-05,0.0025038840889343504,False,<50%
DESKTOP-JK343U8-20231221-1602.log,\Windows\Temp\DESKTOP-JK343U8-20231221-1602.log,,1749755136,2.5038840889343504e-05,0.0025038840889343504,False,<50%
DESKTOP-JK343U8-20231222-1542.log,\Windows\Temp\DESKTOP-JK343U8-20231222-1542.log,,1754578504,2.5038840889343504e-05,0.0025038840889343504,False,<50%
DESKTOP-JK343U8-20231222-1542a.log,\Windows\Temp\DESKTOP-JK343U8-20231222-1542a.log,,1754578944,2.5038840889343504e-05,0.0025038840889343504,False,<50%
DESKTOP-JK343U8-20231222-1546.log,\Windows\Temp\DESKTOP-JK343U8-20231222-1546.log,,1754579328,2.5038840889343504e-05,0.0025038840889343504,False,<50%
DESKTOP-JK343U8-20231222-1629.log,\Users\blueangel\AppData\Local\Temp\DESKTOP-JK343U8-20231222-1629.log,,1754576376,2.1788269298497864e-05,0.0021788269298497866,False,<50%
DESKTOP-JK343U8-20231222-1745.log,\Windows\Temp\DESKTOP-JK343U8-20231222-1745.log,,1754579712,2.5038840889343504e-05,0.0025038840889343504,False,<50%
DESKTOP-JK343U8-20231222-1756.log,\Users\blueangel\AppData\Local\Temp\DESKTOP-JK343U8-20231222-1756.log,,1754576632,2.1788269298497864e-05,0.0021788269298497866,False,<50%
DESKTOP-JK343U8-20231222-1802.log,\Windows\Temp\DESKTOP-JK343U8-20231222-1802.log,,1754580480,2.5038840889343504e-05,0.0025038840889343504,False,<50%
DiagnosticLogCSP_Collector_DeviceProvisioning_2023_12_28_10_31_44.etl,\ProgramData\Microsoft\DiagnosticLogCSP\Collectors\DiagnosticLogCSP_Collector_DeviceProvisioning_2023_12_28_10_31_44.etl,,1743141768,2.1899295320147116e-05,0.0021899295320147115,False,<50%
DiagnosticLogCSP_Collector_DeviceProvisioning_2023_12_28_10_31_44.etl.merged,\ProgramData\Microsoft\DiagnosticLogCSP\Collectors\DiagnosticLogCSP_Collector_DeviceProvisioning_2023_12_28_10_31_44.etl.merged,,1743308040,2.1891347144460175e-05,0.0021891347144460177,False,<50%
DiagPackage.diagpkg,,,1754510632,2.190103218116111e-05,0.0021901032181161108,False,<50%
DiagPackage.dll,,,1754511224,2.1901032206307905e-05,0.0021901032206307906,False,<50%
DiagPackage.dll.mui,,,1754518032,2.190103218116111e-05,0.0021901032181161108,False,<50%
Diagtrack-Listener.etl,\ProgramData\Microsoft\Diagnosis\ETLLogs\ShutdownLogger\Diagtrack-Listener.etl,,1742218128,2.1900478348585145e-05,0.0021900478348585144,False,<50%
Diagtrack-Listener.etl.007,\Windows\System32\LogFiles\WMI\Diagtrack-Listener.etl.007,,1742285592,2.190072381214231e-05,0.002190072381214231,False,<50%
Dialogs.dat,\Users\blueangel\AppData\Local\Temp\RarSFX1\Dialogs.dat,,1742857184,2.158464877656569e-05,0.002158464877656569,False,<50%
DismCore.dll,,,1730501672,2.1901032206307905e-05,0.0021901032206307906,False,<50%
DismCore.dll.mui,,,1730505800,2.190103218116111e-05,0.0021901032181161108,False,<50%
DismCorePS.dll,,,1730502200,2.1901032206307905e-05,0.0021901032206307906,False,<50%
DismHost.exe,,,1730502744,2.1901032206307905e-05,0.0021901032206307906,False,<50%
DismProv.dll,,,1730503272,2.1901032206307905e-05,0.0021901032206307906,False,<50%
DismProv.dll.mui,,,1730506376,2.190103218116111e-05,0.0021901032181161108,False,<50%
DmiProvider.dll,,,1730503832,2.1901032206307905e-05,0.0021901032206307906,False,<50%
DmiProvider.dll.mui,,,1730520128,2.190103218116111e-05,0.0021901032181161108,False,<50%
domgmt.20231227_183245_406.etl,\Windows\ServiceProfiles\NetworkService\AppData\Local\Microsoft\Windows\DeliveryOptimization\Logs\domgmt.20231227_183245_406.etl,,1737367352,2.190072373199838e-05,0.002190072373199838,False,<50%
domgmt.20231230_171525_731.etl,\Windows\ServiceProfiles\NetworkService\AppData\Local\Microsoft\Windows\DeliveryOptimization\Logs\domgmt.20231230_171525_731.etl,,1754330096,2.190072373199838e-05,0.002190072373199838,False,<50%
dosvc.20231228_012411_808.etl,\Windows\ServiceProfiles\NetworkService\AppData\Local\Microsoft\Windows\DeliveryOptimization\Logs\dosvc.20231228_012411_808.etl,,1742901544,2.190072373199838e-05,0.002190072373199838,False,<50%
dosvcState.dat,\Windows\ServiceProfiles\NetworkService\AppData\Local\Microsoft\Windows\DeliveryOptimization\State\dosvcState.dat,,1742214488,2.190072373199838e-05,0.002190072373199838,False,<50%
Drive 3CC14E18 Clusters.dir,\Users\blueangel\AppData\Local\Temp\Drive 3CC14E18 Clusters.dir,,1754637120,2.1788269298497864e-05,0.0021788269298497866,False,<50%
Drive 3CC14E18 Files 2.dir,\Users\blueangel\AppData\Local\Temp\Drive 3CC14E18 Files 2.dir,,1754637712,2.1788269298497864e-05,0.0021788269298497866,False,<50%
Drive 3CC14E18 Files 3.dir,\Users\blueangel\AppData\Local\Temp\Drive 3CC14E18 Files 3.dir,,1754638048,2.1788269298497864e-05,0.0021788269298497866,False,<50%
Drive 3CC14E18 Files.dir,\Users\blueangel\AppData\Local\Temp\Drive 3CC14E18 Files.dir,,1754650288,2.1788269298497864e-05,0.0021788269298497866,False,<50%
DRIVERS,\Windows\System32\config\DRIVERS,,1730592640,2.1900723738331107e-05,0.0021900723738331107,False,<50%
Dropbox,\Users\blueangel\Dropbox,,1742188840,2.1900583776682004e-05,0.0021900583776682005,False,<50%
dtctrace.log,\Windows\System32\MsDtc\Trace\dtctrace.log,,1742375792,2.190072381214231e-05,0.002190072381214231,False,<50%
e42a71ef16fa4c748bce27a99e53399c_1,\Users\blueangel\AppData\Local\Packages\Microsoft.Windows.ContentDeliveryManager_cw5n1h2txyewy\LocalState\TargetedContentCache\v3\314559\e42a71ef16fa4c748bce27a99e53399c_1,,1736184720,2.1900726602386047e-05,0.0021900726602386046,False,<50%
e42a71ef16fa4c748bce27a99e53399c_1.~tmp,\Users\blueangel\AppData\Local\Packages\Microsoft.Windows.ContentDeliveryManager_cw5n1h2txyewy\LocalState\TargetedContentCache\v3\314559\e42a71ef16fa4c748bce27a99e53399c_1.~tmp,,1736183456,2.1900726602386047e-05,0.0021900726602386046,False,<50%
e42a71ef16fa4c748bce27a99e53399c_2,\Users\blueangel\AppData\Local\Packages\Microsoft.Windows.ContentDeliveryManager_cw5n1h2txyewy\LocalState\TargetedContentCache\v3\314559\e42a71ef16fa4c748bce27a99e53399c_2,,1736193632,2.1900726602386047e-05,0.0021900726602386046,False,<50%
e42a71ef16fa4c748bce27a99e53399c_2.~tmp,\Users\blueangel\AppData\Local\Packages\Microsoft.Windows.ContentDeliveryManager_cw5n1h2txyewy\LocalState\TargetedContentCache\v3\314559\e42a71ef16fa4c748bce27a99e53399c_2.~tmp,,1736192432,2.1900726602386047e-05,0.0021900726602386046,False,<50%
e42a71ef16fa4c748bce27a99e53399c_3,,,1743621792,2.190103218116111e-05,0.0021901032181161108,False,<50%
e42a71ef16fa4c748bce27a99e53399c_3.~tmp,,,1743620592,2.190103218116111e-05,0.0021901032181161108,False,<50%
e4612429a73a2143988311783cca4ce1,\Windows\System32\config\systemprofile\AppData\Local\e4612429a73a2143988311783cca4ce1,,1743271808,2.190072136667613e-05,0.002190072136667613,False,<50%
ebcdic.dat,\Users\blueangel\AppData\Local\Temp\RarSFX1\ebcdic.dat,,1742857600,2.158464877656569e-05,0.002158464877656569,False,<50%
en-US,,,1730556696,2.190103218116111e-05,0.0021901032181161108,False,<50%
energy-report-2023-12-27.xml,\ProgramData\Microsoft\Windows\Power Efficiency Diagnostics\energy-report-2023-12-27.xml,,1730773352,2.190072381214231e-05,0.002190072381214231,False,<50%
energy-report-2023-12-28.xml,\ProgramData\Microsoft\Windows\Power Efficiency Diagnostics\energy-report-2023-12-28.xml,,1750012920,2.190072381214231e-05,0.002190072381214231,False,<50%
energy-trace.etl,\ProgramData\Microsoft\Windows\Power Efficiency Diagnostics\energy-trace.etl,,1730758808,2.190072381214231e-05,0.002190072381214231,False,<50%
ExplorerStartupLog_RunOnce.etl,\Users\blueangel\AppData\Local\Microsoft\Windows\Explorer\ExplorerStartupLog_RunOnce.etl,,1742676976,2.1900718388430178e-05,0.0021900718388430176,False,<50%
Ext Directory Entry.tpl,\Users\blueangel\AppData\Local\Temp\RarSFX1\Ext Directory Entry.tpl,,1742858096,2.158464877656569e-05,0.002158464877656569,False,<50%
Ext Group Descriptor.tpl,\Users\blueangel\AppData\Local\Temp\RarSFX1\Ext Group Descriptor.tpl,,1742858656,2.158464877656569e-05,0.002158464877656569,False,<50%
Ext Inode.tpl,\Users\blueangel\AppData\Local\Temp\RarSFX1\Ext Inode.tpl,,1742859144,2.158464877656569e-05,0.002158464877656569,False,<50%
Ext Superblock.tpl,\Users\blueangel\AppData\Local\Temp\RarSFX1\Ext Superblock.tpl,,1742859608,2.158464877656569e-05,0.002158464877656569,False,<50%
f18460fded109990.customDestinations-ms,\Users\blueangel\AppData\Roaming\Microsoft\Windows\Recent\CustomDestinations\f18460fded109990.customDestinations-ms,,1742838168,2.190072372990853e-05,0.002190072372990853,False,<50%
f2d0e9ab980e694a8b0cec8217300365,\Windows\System32\config\systemprofile\AppData\Local\f2d0e9ab980e694a8b0cec8217300365,,1743218600,2.190072136667613e-05,0.002190072136667613,False,<50%
f88f8b8e-75b7-4786-b6b7-4edb46663289.tmp,\Users\blueangel\AppData\Roaming\Microsoft\Teams\Network\f88f8b8e-75b7-4786-b6b7-4edb46663289.tmp,,1742891656,2.1900648667574285e-05,0.0021900648667574287,False,<50%
FAT Directory Entry.tpl,\Users\blueangel\AppData\Local\Temp\RarSFX1\FAT Directory Entry.tpl,,1742860136,2.158464877656569e-05,0.002158464877656569,False,<50%
FAT LFN Entry.tpl,\Users\blueangel\AppData\Local\Temp\RarSFX1\FAT LFN Entry.tpl,,1742860688,2.158464877656569e-05,0.002158464877656569,False,<50%
FfuProvider.dll,,,1730511680,2.1901032206307905e-05,0.0021901032206307906,False,<50%
FfuProvider.dll.mui,,,1730520752,2.190103218116111e-05,0.0021901032181161108,False,<50%
File Type Signatures Search.txt,\Users\blueangel\AppData\Local\Temp\RarSFX1\File Type Signatures Search.txt,,1742861264,2.158464877656569e-05,0.002158464877656569,False,<50%
FileCoAuth-2023-12-28.0122.8916.1.aodl,\Users\blueangel\AppData\Local\Microsoft\OneDrive\logs\Common\FileCoAuth-2023-12-28.0122.8916.1.aodl,,1742584512,2.19007266002962e-05,0.00219007266002962,False,<50%
FileCoAuth-2023-12-28.0123.3936.1.aodl,\Users\blueangel\AppData\Local\Microsoft\OneDrive\logs\Common\FileCoAuth-2023-12-28.0123.3936.1.aodl,,1742871552,2.19007266002962e-05,0.00219007266002962,False,<50%
FileCoAuth-2023-12-28.0132.10928.1.aodl,\Users\blueangel\AppData\Local\Microsoft\OneDrive\logs\Common\FileCoAuth-2023-12-28.0132.10928.1.aodl,,1743324112,2.19007266002962e-05,0.00219007266002962,False,<50%
FileCoAuth-2023-12-28.0142.10668.1.aodl,\Users\blueangel\AppData\Local\Microsoft\OneDrive\logs\Common\FileCoAuth-2023-12-28.0142.10668.1.aodl,,1743475200,2.19007266002962e-05,0.00219007266002962,False,<50%
FileCoAuth-2023-12-28.0152.10568.1.aodl,\Users\blueangel\AppData\Local\Microsoft\OneDrive\logs\Common\FileCoAuth-2023-12-28.0152.10568.1.aodl,,1743651920,2.19007266002962e-05,0.00219007266002962,False,<50%
FileCoAuth-2023-12-28.0202.9240.1.aodl,\Users\blueangel\AppData\Local\Microsoft\OneDrive\logs\Common\FileCoAuth-2023-12-28.0202.9240.1.aodl,,1743793712,2.19007266002962e-05,0.00219007266002962,False,<50%
FileCoAuth-2023-12-28.0212.7956.1.aodl,\Users\blueangel\AppData\Local\Microsoft\OneDrive\logs\Common\FileCoAuth-2023-12-28.0212.7956.1.aodl,,1743918400,2.19007266002962e-05,0.00219007266002962,False,<50%
FileCoAuth-2023-12-28.0222.7968.1.aodl,\Users\blueangel\AppData\Local\Microsoft\OneDrive\logs\Common\FileCoAuth-2023-12-28.0222.7968.1.aodl,,1744045344,2.19007266002962e-05,0.00219007266002962,False,<50%
FileCoAuth-2023-12-28.0232.6016.1.aodl,\Users\blueangel\AppData\Local\Microsoft\OneDrive\logs\Common\FileCoAuth-2023-12-28.0232.6016.1.aodl,,1744213680,2.19007266002962e-05,0.00219007266002962,False,<50%
FileCoAuth-2023-12-28.0242.8120.1.aodl,\Users\blueangel\AppData\Local\Microsoft\OneDrive\logs\Common\FileCoAuth-2023-12-28.0242.8120.1.aodl,,1744341952,2.19007266002962e-05,0.00219007266002962,False,<50%
FileCoAuth-2023-12-28.0252.3996.1.aodl,\Users\blueangel\AppData\Local\Microsoft\OneDrive\logs\Common\FileCoAuth-2023-12-28.0252.3996.1.aodl,,1744464816,2.19007266002962e-05,0.00219007266002962,False,<50%
FileCoAuth-2023-12-28.0302.8164.1.aodl,\Users\blueangel\AppData\Local\Microsoft\OneDrive\logs\Common\FileCoAuth-2023-12-28.0302.8164.1.aodl,,1744588144,2.19007266002962e-05,0.00219007266002962,False,<50%
FileCoAuth-2023-12-28.0312.5232.1.aodl,\Users\blueangel\AppData\Local\Microsoft\OneDrive\logs\Common\FileCoAuth-2023-12-28.0312.5232.1.aodl,,1744733968,2.19007266002962e-05,0.00219007266002962,False,<50%
FileCoAuth-2023-12-28.0322.11656.1.aodl,\Users\blueangel\AppData\Local\Microsoft\OneDrive\logs\Common\FileCoAuth-2023-12-28.0322.11656.1.aodl,,1744858912,2.19007266002962e-05,0.00219007266002962,False,<50%
FileCoAuth-2023-12-28.0332.984.1.aodl,\Users\blueangel\AppData\Local\Microsoft\OneDrive\logs\Common\FileCoAuth-2023-12-28.0332.984.1.aodl,,1745004496,2.19007266002962e-05,0.00219007266002962,False,<50%
FileCoAuth-2023-12-28.0342.8144.1.aodl,\Users\blueangel\AppData\Local\Microsoft\OneDrive\logs\Common\FileCoAuth-2023-12-28.0342.8144.1.aodl,,1745127808,2.19007266002962e-05,0.00219007266002962,False,<50%
FileCoAuth-2023-12-28.0352.5840.1.aodl,\Users\blueangel\AppData\Local\Microsoft\OneDrive\logs\Common\FileCoAuth-2023-12-28.0352.5840.1.aodl,,1745251456,2.19007266002962e-05,0.00219007266002962,False,<50%
FileCoAuth-2023-12-28.0402.4800.1.aodl,\Users\blueangel\AppData\Local\Microsoft\OneDrive\logs\Common\FileCoAuth-2023-12-28.0402.4800.1.aodl,,1745375328,2.19007266002962e-05,0.00219007266002962,False,<50%
FileCoAuth-2023-12-28.0412.8860.1.aodl,\Users\blueangel\AppData\Local\Microsoft\OneDrive\logs\Common\FileCoAuth-2023-12-28.0412.8860.1.aodl,,1745515872,2.19007266002962e-05,0.00219007266002962,False,<50%
FileCoAuth-2023-12-28.0422.10052.1.aodl,\Users\blueangel\AppData\Local\Microsoft\OneDrive\logs\Common\FileCoAuth-2023-12-28.0422.10052.1.aodl,,1745641776,2.19007266002962e-05,0.00219007266002962,False,<50%
FileCoAuth-2023-12-28.0432.4072.1.aodl,\Users\blueangel\AppData\Local\Microsoft\OneDrive\logs\Common\FileCoAuth-2023-12-28.0432.4072.1.aodl,,1745785856,2.19007266002962e-05,0.00219007266002962,False,<50%
FileCoAuth-2023-12-28.0442.9480.1.aodl,\Users\blueangel\AppData\Local\Microsoft\OneDrive\logs\Common\FileCoAuth-2023-12-28.0442.9480.1.aodl,,1745939520,2.19007266002962e-05,0.00219007266002962,False,<50%
FileCoAuth-2023-12-28.0452.10280.1.aodl,\Users\blueangel\AppData\Local\Microsoft\OneDrive\logs\Common\FileCoAuth-2023-12-28.0452.10280.1.aodl,,1746064544,2.19007266002962e-05,0.00219007266002962,False,<50%
FileCoAuth-2023-12-28.0502.6584.1.aodl,\Users\blueangel\AppData\Local\Microsoft\OneDrive\logs\Common\FileCoAuth-2023-12-28.0502.6584.1.aodl,,1746188104,2.19007266002962e-05,0.00219007266002962,False,<50%
FileCoAuth-2023-12-28.0512.2928.1.aodl,\Users\blueangel\AppData\Local\Microsoft\OneDrive\logs\Common\FileCoAuth-2023-12-28.0512.2928.1.aodl,,1746331152,2.19007266002962e-05,0.00219007266002962,False,<50%
FileCoAuth-2023-12-28.0522.5308.1.aodl,\Users\blueangel\AppData\Local\Microsoft\OneDrive\logs\Common\FileCoAuth-2023-12-28.0522.5308.1.aodl,,1746463632,2.19007266002962e-05,0.00219007266002962,False,<50%
FileCoAuth-2023-12-28.0532.6820.1.aodl,\Users\blueangel\AppData\Local\Microsoft\OneDrive\logs\Common\FileCoAuth-2023-12-28.0532.6820.1.aodl,,1746622808,2.19007266002962e-05,0.00219007266002962,False,<50%
FileCoAuth-2023-12-28.0542.9296.1.aodl,\Users\blueangel\AppData\Local\Microsoft\OneDrive\logs\Common\FileCoAuth-2023-12-28.0542.9296.1.aodl,,1746746936,2.19007266002962e-05,0.00219007266002962,False,<50%
FileCoAuth-2023-12-28.0552.6032.1.aodl,\Users\blueangel\AppData\Local\Microsoft\OneDrive\logs\Common\FileCoAuth-2023-12-28.0552.6032.1.aodl,,1746872768,2.19007266002962e-05,0.00219007266002962,False,<50%
FileCoAuth-2023-12-28.0602.8344.1.aodl,\Users\blueangel\AppData\Local\Microsoft\OneDrive\logs\Common\FileCoAuth-2023-12-28.0602.8344.1.aodl,,1746996696,2.19007266002962e-05,0.00219007266002962,False,<50%
FileCoAuth-2023-12-28.0612.8512.1.aodl,\Users\blueangel\AppData\Local\Microsoft\OneDrive\logs\Common\FileCoAuth-2023-12-28.0612.8512.1.aodl,,1747139840,2.19007266002962e-05,0.00219007266002962,False,<50%
FileCoAuth-2023-12-28.0622.10672.1.aodl,\Users\blueangel\AppData\Local\Microsoft\OneDrive\logs\Common\FileCoAuth-2023-12-28.0622.10672.1.aodl,,1747267056,2.19007266002962e-05,0.00219007266002962,False,<50%
FileCoAuth-2023-12-28.0632.4288.1.aodl,\Users\blueangel\AppData\Local\Microsoft\OneDrive\logs\Common\FileCoAuth-2023-12-28.0632.4288.1.aodl,,1747416176,2.19007266002962e-05,0.00219007266002962,False,<50%
FileCoAuth-2023-12-28.0642.5796.1.aodl,\Users\blueangel\AppData\Local\Microsoft\OneDrive\logs\Common\FileCoAuth-2023-12-28.0642.5796.1.aodl,,1747574784,2.19007266002962e-05,0.00219007266002962,False,<50%
FileCoAuth-2023-12-28.0652.5304.1.aodl,\Users\blueangel\AppData\Local\Microsoft\OneDrive\logs\Common\FileCoAuth-2023-12-28.0652.5304.1.aodl,,1747698448,2.19007266002962e-05,0.00219007266002962,False,<50%
FileCoAuth-2023-12-28.0702.3968.1.aodl,\Users\blueangel\AppData\Local\Microsoft\OneDrive\logs\Common\FileCoAuth-2023-12-28.0702.3968.1.aodl,,1747823848,2.19007266002962e-05,0.00219007266002962,False,<50%
FileCoAuth-2023-12-28.0712.3736.1.aodl,\Users\blueangel\AppData\Local\Microsoft\OneDrive\logs\Common\FileCoAuth-2023-12-28.0712.3736.1.aodl,,1747971408,2.19007266002962e-05,0.00219007266002962,False,<50%
FileCoAuth-2023-12-28.0722.8080.1.aodl,\Users\blueangel\AppData\Local\Microsoft\OneDrive\logs\Common\FileCoAuth-2023-12-28.0722.8080.1.aodl,,1748102024,2.19007266002962e-05,0.00219007266002962,False,<50%
FileCoAuth-2023-12-28.0732.7056.1.aodl,\Users\blueangel\AppData\Local\Microsoft\OneDrive\logs\Common\FileCoAuth-2023-12-28.0732.7056.1.aodl,,1748248944,2.19007266002962e-05,0.00219007266002962,False,<50%
FileCoAuth-2023-12-28.0742.5076.1.aodl,\Users\blueangel\AppData\Local\Microsoft\OneDrive\logs\Common\FileCoAuth-2023-12-28.0742.5076.1.aodl,,1748377904,2.19007266002962e-05,0.00219007266002962,False,<50%
FileCoAuth-2023-12-28.0752.5856.1.aodl,\Users\blueangel\AppData\Local\Microsoft\OneDrive\logs\Common\FileCoAuth-2023-12-28.0752.5856.1.aodl,,1748501184,2.19007266002962e-05,0.00219007266002962,False,<50%
FileCoAuth-2023-12-28.0802.5332.1.aodl,\Users\blueangel\AppData\Local\Microsoft\OneDrive\logs\Common\FileCoAuth-2023-12-28.0802.5332.1.aodl,,1748624320,2.19007266002962e-05,0.00219007266002962,False,<50%
FileCoAuth-2023-12-28.0812.8880.1.aodl,\Users\blueangel\AppData\Local\Microsoft\OneDrive\logs\Common\FileCoAuth-2023-12-28.0812.8880.1.aodl,,1748773928,2.19007266002962e-05,0.00219007266002962,False,<50%
FileCoAuth-2023-12-28.0822.6808.1.aodl,\Users\blueangel\AppData\Local\Microsoft\OneDrive\logs\Common\FileCoAuth-2023-12-28.0822.6808.1.aodl,,1748905488,2.19007266002962e-05,0.00219007266002962,False,<50%
FileCoAuth-2023-12-28.0832.7036.1.aodl,\Users\blueangel\AppData\Local\Microsoft\OneDrive\logs\Common\FileCoAuth-2023-12-28.0832.7036.1.aodl,,1749050680,2.19007266002962e-05,0.00219007266002962,False,<50%
FileCoAuth-2023-12-28.0842.10572.1.aodl,\Users\blueangel\AppData\Local\Microsoft\OneDrive\logs\Common\FileCoAuth-2023-12-28.0842.10572.1.aodl,,1749180824,2.19007266002962e-05,0.00219007266002962,False,<50%
FileCoAuth-2023-12-28.0852.7664.1.aodl,\Users\blueangel\AppData\Local\Microsoft\OneDrive\logs\Common\FileCoAuth-2023-12-28.0852.7664.1.aodl,,1749304000,2.19007266002962e-05,0.00219007266002962,False,<50%
FileCoAuth-2023-12-28.0902.11768.1.aodl,\Users\blueangel\AppData\Local\Microsoft\OneDrive\logs\Common\FileCoAuth-2023-12-28.0902.11768.1.aodl,,1749429368,2.19007266002962e-05,0.00219007266002962,False,<50%
FileCoAuth-2023-12-28.0912.2092.1.aodl,\Users\blueangel\AppData\Local\Microsoft\OneDrive\logs\Common\FileCoAuth-2023-12-28.0912.2092.1.aodl,,1749579424,2.19007266002962e-05,0.00219007266002962,False,<50%
FileCoAuth-2023-12-28.0922.8456.1.aodl,\Users\blueangel\AppData\Local\Microsoft\OneDrive\logs\Common\FileCoAuth-2023-12-28.0922.8456.1.aodl,,1749789072,2.19007266002962e-05,0.00219007266002962,False,<50%
FileCoAuth-2023-12-28.0932.7056.1.aodl,\Users\blueangel\AppData\Local\Microsoft\OneDrive\logs\Common\FileCoAuth-2023-12-28.0932.7056.1.aodl,,1749938960,2.19007266002962e-05,0.00219007266002962,False,<50%
FileCoAuth-2023-12-28.0942.11548.1.aodl,\Users\blueangel\AppData\Local\Microsoft\OneDrive\logs\Common\FileCoAuth-2023-12-28.0942.11548.1.aodl,,1750072024,2.19007266002962e-05,0.00219007266002962,False,<50%
FileCoAuth-2023-12-28.0952.4704.1.aodl,\Users\blueangel\AppData\Local\Microsoft\OneDrive\logs\Common\FileCoAuth-2023-12-28.0952.4704.1.aodl,,1750198568,2.19007266002962e-05,0.00219007266002962,False,<50%
FileCoAuth-2023-12-28.1002.11508.1.aodl,\Users\blueangel\AppData\Local\Microsoft\OneDrive\logs\Common\FileCoAuth-2023-12-28.1002.11508.1.aodl,,1750323016,2.19007266002962e-05,0.00219007266002962,False,<50%
FileCoAuth-2023-12-28.1012.6920.1.aodl,\Users\blueangel\AppData\Local\Microsoft\OneDrive\logs\Common\FileCoAuth-2023-12-28.1012.6920.1.aodl,,1750466760,2.19007266002962e-05,0.00219007266002962,False,<50%
FileCoAuth-2023-12-28.1022.11528.1.aodl,\Users\blueangel\AppData\Local\Microsoft\OneDrive\logs\Common\FileCoAuth-2023-12-28.1022.11528.1.aodl,,1750596912,2.19007266002962e-05,0.00219007266002962,False,<50%
FileCoAuth-2023-12-28.1032.5844.1.aodl,\Users\blueangel\AppData\Local\Microsoft\OneDrive\logs\Common\FileCoAuth-2023-12-28.1032.5844.1.aodl,,1750744744,2.19007266002962e-05,0.00219007266002962,False,<50%
FileCoAuth-2023-12-28.1042.10888.1.aodl,\Users\blueangel\AppData\Local\Microsoft\OneDrive\logs\Common\FileCoAuth-2023-12-28.1042.10888.1.aodl,,1750873608,2.19007266002962e-05,0.00219007266002962,False,<50%
FileCoAuth-2023-12-28.1052.6068.1.aodl,\Users\blueangel\AppData\Local\Microsoft\OneDrive\logs\Common\FileCoAuth-2023-12-28.1052.6068.1.aodl,,1750996672,2.19007266002962e-05,0.00219007266002962,False,<50%
FileCoAuth-2023-12-28.1102.6948.1.aodl,\Users\blueangel\AppData\Local\Microsoft\OneDrive\logs\Common\FileCoAuth-2023-12-28.1102.6948.1.aodl,,1751122712,2.19007266002962e-05,0.00219007266002962,False,<50%
FileCoAuth-2023-12-28.1112.11176.1.aodl,\Users\blueangel\AppData\Local\Microsoft\OneDrive\logs\Common\FileCoAuth-2023-12-28.1112.11176.1.aodl,,1751266624,2.19007266002962e-05,0.00219007266002962,False,<50%
FileCoAuth-2023-12-28.1122.11676.1.aodl,\Users\blueangel\AppData\Local\Microsoft\OneDrive\logs\Common\FileCoAuth-2023-12-28.1122.11676.1.aodl,,1751397144,2.19007266002962e-05,0.00219007266002962,False,<50%
FileCoAuth-2023-12-28.1132.1584.1.aodl,\Users\blueangel\AppData\Local\Microsoft\OneDrive\logs\Common\FileCoAuth-2023-12-28.1132.1584.1.aodl,,1751542000,2.19007266002962e-05,0.00219007266002962,False,<50%
FileCoAuth-2023-12-28.1142.10164.1.aodl,\Users\blueangel\AppData\Local\Microsoft\OneDrive\logs\Common\FileCoAuth-2023-12-28.1142.10164.1.aodl,,1751672352,2.19007266002962e-05,0.00219007266002962,False,<50%
FileCoAuth-2023-12-28.1152.544.1.aodl,\Users\blueangel\AppData\Local\Microsoft\OneDrive\logs\Common\FileCoAuth-2023-12-28.1152.544.1.aodl,,1751795664,2.19007266002962e-05,0.00219007266002962,False,<50%
FileCoAuth-2023-12-28.1202.5540.1.aodl,\Users\blueangel\AppData\Local\Microsoft\OneDrive\logs\Common\FileCoAuth-2023-12-28.1202.5540.1.aodl,,1751918112,2.19007266002962e-05,0.00219007266002962,False,<50%
FileCoAuth-2023-12-28.1212.11500.1.aodl,\Users\blueangel\AppData\Local\Microsoft\OneDrive\logs\Common\FileCoAuth-2023-12-28.1212.11500.1.aodl,,1752065712,2.19007266002962e-05,0.00219007266002962,False,<50%
FileCoAuth-2023-12-28.1222.292.1.aodl,\Users\blueangel\AppData\Local\Microsoft\OneDrive\logs\Common\FileCoAuth-2023-12-28.1222.292.1.aodl,,1752194800,2.19007266002962e-05,0.00219007266002962,False,<50%
FileCoAuth-2023-12-28.1232.7132.1.aodl,\Users\blueangel\AppData\Local\Microsoft\OneDrive\logs\Common\FileCoAuth-2023-12-28.1232.7132.1.aodl,,1752338840,2.19007266002962e-05,0.00219007266002962,False,<50%
FileCoAuth-2023-12-28.1242.9324.1.aodl,\Users\blueangel\AppData\Local\Microsoft\OneDrive\logs\Common\FileCoAuth-2023-12-28.1242.9324.1.aodl,,1752470496,2.19007266002962e-05,0.00219007266002962,False,<50%
FileCoAuth-2023-12-28.1252.8176.1.aodl,\Users\blueangel\AppData\Local\Microsoft\OneDrive\logs\Common\FileCoAuth-2023-12-28.1252.8176.1.aodl,,1752597328,2.19007266002962e-05,0.00219007266002962,False,<50%
FileCoAuth-2023-12-28.1302.2816.1.aodl,\Users\blueangel\AppData\Local\Microsoft\OneDrive\logs\Common\FileCoAuth-2023-12-28.1302.2816.1.aodl,,1752718848,2.19007266002962e-05,0.00219007266002962,False,<50%
FileCoAuth-2023-12-28.1312.9420.1.aodl,\Users\blueangel\AppData\Local\Microsoft\OneDrive\logs\Common\FileCoAuth-2023-12-28.1312.9420.1.aodl,,1752864144,2.19007266002962e-05,0.00219007266002962,False,<50%
FileCoAuth-2023-12-28.1322.3172.1.aodl,\Users\blueangel\AppData\Local\Microsoft\OneDrive\logs\Common\FileCoAuth-2023-12-28.1322.3172.1.aodl,,1752998400,2.19007266002962e-05,0.00219007266002962,False,<50%
FileCoAuth-2023-12-28.1332.6064.1.aodl,\Users\blueangel\AppData\Local\Microsoft\OneDrive\logs\Common\FileCoAuth-2023-12-28.1332.6064.1.aodl,,1753141952,2.19007266002962e-05,0.00219007266002962,False,<50%
FileCoAuth-2023-12-28.1342.10888.1.aodl,\Users\blueangel\AppData\Local\Microsoft\OneDrive\logs\Common\FileCoAuth-2023-12-28.1342.10888.1.aodl,,1753312536,2.19007266002962e-05,0.00219007266002962,False,<50%
FileCoAuth-2023-12-28.1352.5376.1.aodl,\Users\blueangel\AppData\Local\Microsoft\OneDrive\logs\Common\FileCoAuth-2023-12-28.1352.5376.1.aodl,,1753436360,2.19007266002962e-05,0.00219007266002962,False,<50%
FileCoAuth-2023-12-28.1402.7564.1.aodl,\Users\blueangel\AppData\Local\Microsoft\OneDrive\logs\Common\FileCoAuth-2023-12-28.1402.7564.1.aodl,,1753569704,2.19007266002962e-05,0.00219007266002962,False,<50%
FileCoAuth-2023-12-28.1412.4436.1.aodl,\Users\blueangel\AppData\Local\Microsoft\OneDrive\logs\Common\FileCoAuth-2023-12-28.1412.4436.1.aodl,,1753715392,2.19007266002962e-05,0.00219007266002962,False,<50%
FileCoAuth-2023-12-28.1422.2288.1.aodl,\Users\blueangel\AppData\Local\Microsoft\OneDrive\logs\Common\FileCoAuth-2023-12-28.1422.2288.1.aodl,,1753863664,2.19007266002962e-05,0.00219007266002962,False,<50%
FileCoAuth-2023-12-28.1432.11512.1.aodl,\Users\blueangel\AppData\Local\Microsoft\OneDrive\logs\Common\FileCoAuth-2023-12-28.1432.11512.1.aodl,,1754008856,2.19007266002962e-05,0.00219007266002962,False,<50%
FileCoAuth-2023-12-28.1442.11248.1.aodl,\Users\blueangel\AppData\Local\Microsoft\OneDrive\logs\Common\FileCoAuth-2023-12-28.1442.11248.1.aodl,,1754141184,2.19007266002962e-05,0.00219007266002962,False,<50%
firefox.exe,\Program Files\Mozilla Firefox\firefox.exe,,1720430680,2.1901041006311996e-05,0.0021901041006311996,False,<50%
firefox.exe.sig,\Program Files\Mozilla Firefox\firefox.exe.sig,,1720431144,2.190103406736146e-05,0.002190103406736146,False,<50%
Firefox.lnk,\ProgramData\Microsoft\Windows\Start Menu\Programs\Firefox.lnk,,1725848576,2.1900688397852733e-05,0.0021900688397852733,False,<50%
firefox.VisualElementsManifest.xml,\Program Files\Mozilla Firefox\firefox.VisualElementsManifest.xml,,1720431720,2.190103406736146e-05,0.002190103406736146,False,<50%
FolderProvider.dll,,,1730512256,2.1901032206307905e-05,0.0021901032206307906,False,<50%
FolderProvider.dll.mui,,,1730507064,2.190103218116111e-05,0.0021901032181161108,False,<50%
formautofill@mozilla.org.xpi,\Program Files\Mozilla Firefox\browser\features\formautofill@mozilla.org.xpi,,1720420152,2.1900727042538807e-05,0.002190072704253881,False,<50%
freebl3.dll,\Program Files\Mozilla Firefox\freebl3.dll,,1720432864,2.1901041006311996e-05,0.0021901041006311996,False,<50%
GenericProvider.dll,,,1730513024,2.1901032206307905e-05,0.0021901032206307906,False,<50%
GenericProvider.dll.mui,,,1730522032,2.190103218116111e-05,0.0021901032181161108,False,<50%
globalLoadable.dat,\ProgramData\Avast Software\Avast\IDS\profile\globalLoadable.dat,,1719793512,2.1900478348585145e-05,0.0021900478348585144,False,<50%
helper.exe,\Program Files\Mozilla Firefox\uninstall\helper.exe,,1720450952,2.1900732863557116e-05,0.0021900732863557116,False,<50%
HFS+ Volume Header.tpl,\Users\blueangel\AppData\Local\Temp\RarSFX1\HFS+ Volume Header.tpl,,1742861832,2.158464877656569e-05,0.002158464877656569,False,<50%
History,,,1726983296,2.190103218116111e-05,0.0021901032181161108,False,<50%
hosts,\Windows\System32\drivers\etc\hosts,,1742369368,2.190072381214231e-05,0.002190072381214231,False,<50%
HxCommAlwaysOnLog.etl,\Users\blueangel\AppData\Local\Packages\microsoft.windowscommunicationsapps_8wekyb3d8bbwe\LocalState\HxCommAlwaysOnLog.etl,,1730969312,2.1900648667574285e-05,0.0021900648667574287,False,<50%
IA2Marshal.dll,\Program Files\Mozilla Firefox\IA2Marshal.dll,,1720435040,2.1901041006311996e-05,0.0021901041006311996,False,<50%
IBSProvider.dll,,,1730513616,2.1901032206307905e-05,0.0021901032206307906,False,<50%
IBSProvider.dll.mui,,,1730507688,2.190103218116111e-05,0.0021901032181161108,False,<50%
ImagingProvider.dll,,,1730514224,2.1901032206307905e-05,0.0021901032206307906,False,<50%
ImagingProvider.dll.mui,,,1730522704,2.190103218116111e-05,0.0021901032181161108,False,<50%
install.log,\Program Files\Mozilla Firefox\install.log,,1720435480,2.190103406736146e-05,0.002190103406736146,False,<50%
installation_telemetry.json,\Program Files\Mozilla Firefox\installation_telemetry.json,,1720436016,2.190103406736146e-05,0.002190103406736146,False,<50%
IntlProvider.dll,,,1730515184,2.1901032206307905e-05,0.0021901032206307906,False,<50%
IntlProvider.dll.mui,,,1730523344,2.190103218116111e-05,0.0021901032181161108,False,<50%
ipcclientcerts.dll,\Program Files\Mozilla Firefox\ipcclientcerts.dll,,1720436544,2.1901041006311996e-05,0.0021901041006311996,False,<50%
ko-KR,,,1730562688,2.190103218116111e-05,0.0021901032181161108,False,<50%
language.dat,\Users\blueangel\AppData\Local\Temp\RarSFX1\language.dat,,1742862304,2.158464877656569e-05,0.002158464877656569,False,<50%
last_run_current_log.txt,,,1742678496,2.190103218116111e-05,0.0021901032181161108,False,<50%
lgpllibs.dll,\Program Files\Mozilla Firefox\lgpllibs.dll,,1720437000,2.1901041006311996e-05,0.0021901041006311996,False,<50%
libEGL.dll,\Program Files\Mozilla Firefox\libEGL.dll,,1720437416,2.1901041006311996e-05,0.0021901041006311996,False,<50%
libGLESv2.dll,\Program Files\Mozilla Firefox\libGLESv2.dll,,1720437840,2.1901041006311996e-05,0.0021901041006311996,False,<50%
Local State,\Users\blueangel\AppData\Local\Microsoft\Edge\User Data\Local State,,1742447048,2.1900648667574285e-05,0.0021900648667574287,False,<50%
locale.ini,\Program Files\Mozilla Firefox\locale.ini,,1720438256,2.190103406736146e-05,0.002190103406736146,False,<50%
LockScreen___1918_0938_notdimmed.jpg,\ProgramData\Microsoft\Windows\SystemData\S-1-5-21-2013336793-2335637549-584498142-1001\ReadOnly\LockScreen_O\LockScreen___1918_0938_notdimmed.jpg,,1742362040,2.1900718388430178e-05,0.0021900718388430176,False,<50%
LogProvider.dll,,,1730531072,2.1901032206307905e-05,0.0021901032206307906,False,<50%
LogProvider.dll.mui,,,1730508312,2.190103218116111e-05,0.0021901032181161108,False,<50%
logUploaderSettings.ini,\Users\blueangel\AppData\Local\Microsoft\OneDrive\settings\Personal\logUploaderSettings.ini,,1736096672,2.19007266002962e-05,0.00219007266002962,False,<50%
lsdb2.json,\ProgramData\Avast Software\Avast\lsdb2.json,,1742221400,2.190072656379979e-05,0.002190072656379979,False,<50%
lsdb2.json.new,\ProgramData\Avast Software\Avast\lsdb2.json.new,,1742220864,2.190072656379979e-05,0.002190072656379979,False,<50%
LwtNetLog.etl,\Windows\System32\LogFiles\WMI\LwtNetLog.etl,,1742284640,2.190072381214231e-05,0.002190072381214231,False,<50%
maintenanceservice.exe,\Program Files\Mozilla Firefox\maintenanceservice.exe,,1720438784,2.1901041006311996e-05,0.0021901041006311996,False,<50%
maintenanceservice_installer.exe,\Program Files\Mozilla Firefox\maintenanceservice_installer.exe,,1720439376,2.1901041006311996e-05,0.0021901041006311996,False,<50%
maintenanceservice_tmp.exe,\Program Files (x86)\Mozilla Maintenance Service\maintenanceservice_tmp.exe,,1725868488,2.1901041006311996e-05,0.0021901041006311996,False,<50%
manifest.json,\Program Files\Mozilla Firefox\gmp-clearkey\0.1\manifest.json,,1720434544,2.1900727042538807e-05,0.002190072704253881,False,<50%
Master Boot Record.tpl,\Users\blueangel\AppData\Local\Temp\RarSFX1\Master Boot Record.tpl,,1742862880,2.158464877656569e-05,0.002158464877656569,False,<50%
mat-debug-1752.log,\Users\blueangel\AppData\Local\Packages\microsoft.windowscommunicationsapps_8wekyb3d8bbwe\AC\Temp\mat-debug-1752.log,,1754582352,2.185157848656285e-05,0.002185157848656285,False,<50%
mat-debug-4960.log,\Users\blueangel\AppData\Local\Packages\microsoft.windowscommunicationsapps_8wekyb3d8bbwe\AC\Temp\mat-debug-4960.log,,1749757008,2.185157848656285e-05,0.002185157848656285,False,<50%
mat-debug-5400.log,\Users\blueangel\AppData\Local\Packages\microsoft.windowscommunicationsapps_8wekyb3d8bbwe\AC\Temp\mat-debug-5400.log,,1754582640,2.185157848656285e-05,0.002185157848656285,False,<50%
mat-debug-6096.log,\Users\blueangel\AppData\Local\Packages\microsoft.windowscommunicationsapps_8wekyb3d8bbwe\AC\Temp\mat-debug-6096.log,,1754582928,2.185157848656285e-05,0.002185157848656285,False,<50%
Microsoft-Desktop-Provisioning-Sequence.dat,\ProgramData\Microsoft\Provisioning\Microsoft-Desktop-Provisioning-Sequence.dat,,1743143064,2.190072656379979e-05,0.002190072656379979,False,<50%
microsoft-skydrive-desktop_288_0.png,\Users\blueangel\AppData\Local\Microsoft\Windows\ActionCenterCache\microsoft-skydrive-desktop_288_0.png,,1742606472,2.1900718388430178e-05,0.0021900718388430176,False,<50%
Microsoft-Windows-Rdp-Graphics-RdpIdd-Trace.etl,\Windows\System32\LogFiles\WMI\Microsoft-Windows-Rdp-Graphics-RdpIdd-Trace.etl,,1742285880,2.190072381214231e-05,0.002190072381214231,False,<50%
minidump-analyzer.exe,\Program Files\Mozilla Firefox\minidump-analyzer.exe,,1720439944,2.1901041006311996e-05,0.0021901041006311996,False,<50%
MoUsoCoreWorker.05592cb1-92a1-4da3-97c0-27517cdc7187.1.etl,\ProgramData\USOShared\Logs\System\MoUsoCoreWorker.05592cb1-92a1-4da3-97c0-27517cdc7187.1.etl,,1722030064,2.1899295320147116e-05,0.0021899295320147115,False,<50%
MoUsoCoreWorker.0b6df319-8522-4754-abfa-93cc7e378546.1.etl,\ProgramData\USOShared\Logs\System\MoUsoCoreWorker.0b6df319-8522-4754-abfa-93cc7e378546.1.etl,,1754498136,2.1899295320147116e-05,0.0021899295320147115,False,<50%
MoUsoCoreWorker.0cf057f7-2d35-44b5-90d8-e0520a2b8a07.1.etl,\ProgramData\USOShared\Logs\System\MoUsoCoreWorker.0cf057f7-2d35-44b5-90d8-e0520a2b8a07.1.etl,,1744941056,2.1899295320147116e-05,0.0021899295320147115,False,<50%
MoUsoCoreWorker.13838355-5ac7-4669-bb7e-e19f3766e67f.1.etl,\ProgramData\USOShared\Logs\System\MoUsoCoreWorker.13838355-5ac7-4669-bb7e-e19f3766e67f.1.etl,,1723484192,2.1899295320147116e-05,0.0021899295320147115,False,<50%
MoUsoCoreWorker.14589030-7917-4596-99b6-f997b5a9679d.1.etl,\ProgramData\USOShared\Logs\System\MoUsoCoreWorker.14589030-7917-4596-99b6-f997b5a9679d.1.etl,,1728749120,2.1899295320147116e-05,0.0021899295320147115,False,<50%
MoUsoCoreWorker.1c0f3a72-cf97-48a9-b6c4-da1a957e3bbe.1.etl,\ProgramData\USOShared\Logs\System\MoUsoCoreWorker.1c0f3a72-cf97-48a9-b6c4-da1a957e3bbe.1.etl,,1725177568,2.1899295320147116e-05,0.0021899295320147115,False,<50%
MoUsoCoreWorker.2ec48647-11db-41de-be20-2774483ab69e.1.etl,\ProgramData\USOShared\Logs\System\MoUsoCoreWorker.2ec48647-11db-41de-be20-2774483ab69e.1.etl,,1724421168,2.1899295320147116e-05,0.0021899295320147115,False,<50%
MoUsoCoreWorker.2f739bd0-62d9-4518-a645-42d10c1ef053.1.etl,\ProgramData\USOShared\Logs\System\MoUsoCoreWorker.2f739bd0-62d9-4518-a645-42d10c1ef053.1.etl,,1748184512,2.1899295320147116e-05,0.0021899295320147115,False,<50%
MoUsoCoreWorker.3124c38c-de3d-4fcc-bc7d-82daebaf6d4e.1.etl,\ProgramData\USOShared\Logs\System\MoUsoCoreWorker.3124c38c-de3d-4fcc-bc7d-82daebaf6d4e.1.etl,,1722782240,2.1899295320147116e-05,0.0021899295320147115,False,<50%
MoUsoCoreWorker.34cd526d-ea31-46c1-9e15-7734ebc94cee.1.etl,\ProgramData\USOShared\Logs\System\MoUsoCoreWorker.34cd526d-ea31-46c1-9e15-7734ebc94cee.1.etl,,1727239648,2.1899295320147116e-05,0.0021899295320147115,False,<50%
MoUsoCoreWorker.3a997093-b331-44e8-825d-51ebf39af358.1.etl,\ProgramData\USOShared\Logs\System\MoUsoCoreWorker.3a997093-b331-44e8-825d-51ebf39af358.1.etl,,1751474176,2.1899295320147116e-05,0.0021899295320147115,False,<50%
MoUsoCoreWorker.3cdbe16c-2c00-4e7b-9059-90bdc55abc56.1.etl,\ProgramData\USOShared\Logs\System\MoUsoCoreWorker.3cdbe16c-2c00-4e7b-9059-90bdc55abc56.1.etl,,1742406584,2.1899295320147116e-05,0.0021899295320147115,False,<50%
MoUsoCoreWorker.3f6effa2-4137-4561-a85f-8a5bbd0caa11.1.etl,\ProgramData\USOShared\Logs\System\MoUsoCoreWorker.3f6effa2-4137-4561-a85f-8a5bbd0caa11.1.etl,,1732904560,2.1899295320147116e-05,0.0021899295320147115,False,<50%
MoUsoCoreWorker.441d7db7-f02c-42cc-9d9a-16a1d9f99aec.1.etl,\ProgramData\USOShared\Logs\System\MoUsoCoreWorker.441d7db7-f02c-42cc-9d9a-16a1d9f99aec.1.etl,,1720509632,2.1899295320147116e-05,0.0021899295320147115,False,<50%
MoUsoCoreWorker.4534547c-e134-4d9b-b42c-fdc8c13cf9ff.1.etl,\ProgramData\USOShared\Logs\System\MoUsoCoreWorker.4534547c-e134-4d9b-b42c-fdc8c13cf9ff.1.etl,,1733666704,2.1899295320147116e-05,0.0021899295320147115,False,<50%
MoUsoCoreWorker.509e8a6d-0fe1-481c-9aca-562078e53557.1.etl,\ProgramData\USOShared\Logs\System\MoUsoCoreWorker.509e8a6d-0fe1-481c-9aca-562078e53557.1.etl,,1749867448,2.1899295320147116e-05,0.0021899295320147115,False,<50%
MoUsoCoreWorker.5a53380d-f29f-4bff-b771-3fb55842b593.1.etl,\ProgramData\USOShared\Logs\System\MoUsoCoreWorker.5a53380d-f29f-4bff-b771-3fb55842b593.1.etl,,1750675952,2.1899295320147116e-05,0.0021899295320147115,False,<50%
MoUsoCoreWorker.5fae1c6c-597d-42fb-b9b2-6dd24cafa629.1.etl,\ProgramData\USOShared\Logs\System\MoUsoCoreWorker.5fae1c6c-597d-42fb-b9b2-6dd24cafa629.1.etl,,1729438768,2.1899295320147116e-05,0.0021899295320147115,False,<50%
MoUsoCoreWorker.6d3900d9-d6a6-4638-8331-b1b462149c4d.1.etl,\ProgramData\USOShared\Logs\System\MoUsoCoreWorker.6d3900d9-d6a6-4638-8331-b1b462149c4d.1.etl,,1726834000,2.1899295320147116e-05,0.0021899295320147115,False,<50%
MoUsoCoreWorker.6f1f9bbc-915e-4171-bbd6-a0a8e4e51c70.1.etl,\ProgramData\USOShared\Logs\System\MoUsoCoreWorker.6f1f9bbc-915e-4171-bbd6-a0a8e4e51c70.1.etl,,1747351728,2.1899295320147116e-05,0.0021899295320147115,False,<50%
MoUsoCoreWorker.722f0563-1982-4165-9da9-9c060de5ed73.1.etl,\ProgramData\USOShared\Logs\System\MoUsoCoreWorker.722f0563-1982-4165-9da9-9c060de5ed73.1.etl,,1726036784,2.1899295320147116e-05,0.0021899295320147115,False,<50%
MoUsoCoreWorker.7246c0c6-b4df-4cff-af58-33ccf0857012.1.etl,\ProgramData\USOShared\Logs\System\MoUsoCoreWorker.7246c0c6-b4df-4cff-af58-33ccf0857012.1.etl,,1743060128,2.1899295320147116e-05,0.0021899295320147115,False,<50%
MoUsoCoreWorker.72d23e14-4d26-4739-92b3-595eb969fec4.1.etl,\ProgramData\USOShared\Logs\System\MoUsoCoreWorker.72d23e14-4d26-4739-92b3-595eb969fec4.1.etl,,1728003616,2.1899295320147116e-05,0.0021899295320147115,False,<50%
MoUsoCoreWorker.781457a5-1323-46d5-86f2-47c6047b31f1.1.etl,\ProgramData\USOShared\Logs\System\MoUsoCoreWorker.781457a5-1323-46d5-86f2-47c6047b31f1.1.etl,,1726699560,2.1899295320147116e-05,0.0021899295320147115,False,<50%
MoUsoCoreWorker.84c51801-704e-44a3-ba7c-2fff5ae9a50c.1.etl,\ProgramData\USOShared\Logs\System\MoUsoCoreWorker.84c51801-704e-44a3-ba7c-2fff5ae9a50c.1.etl,,1730202064,2.1899295320147116e-05,0.0021899295320147115,False,<50%
MoUsoCoreWorker.9ec81232-8760-4829-8b05-c70c02adf6cf.1.etl,\ProgramData\USOShared\Logs\System\MoUsoCoreWorker.9ec81232-8760-4829-8b05-c70c02adf6cf.1.etl,,1734430720,2.1899295320147116e-05,0.0021899295320147115,False,<50%
MoUsoCoreWorker.9f7fb168-e5e7-41af-a810-9f9eba0434d3.1.etl,\ProgramData\USOShared\Logs\System\MoUsoCoreWorker.9f7fb168-e5e7-41af-a810-9f9eba0434d3.1.etl,,1731338880,2.1899295320147116e-05,0.0021899295320147115,False,<50%
MoUsoCoreWorker.a47d6022-d0ba-449c-ba42-2f5e42848312.1.etl,\ProgramData\USOShared\Logs\System\MoUsoCoreWorker.a47d6022-d0ba-449c-ba42-2f5e42848312.1.etl,,1748983240,2.1899295320147116e-05,0.0021899295320147115,False,<50%
MoUsoCoreWorker.b154f20e-7e2f-4d67-8e0d-6fcea5a2b100.1.etl,\ProgramData\USOShared\Logs\System\MoUsoCoreWorker.b154f20e-7e2f-4d67-8e0d-6fcea5a2b100.1.etl,,1719894016,2.1899295320147116e-05,0.0021899295320147115,False,<50%
MoUsoCoreWorker.ba260486-d5d4-44be-b0f9-5215915459fa.1.etl,\ProgramData\USOShared\Logs\System\MoUsoCoreWorker.ba260486-d5d4-44be-b0f9-5215915459fa.1.etl,,1732144240,2.1899295320147116e-05,0.0021899295320147115,False,<50%
MoUsoCoreWorker.bbb66f00-aa7d-438c-8bd3-21eb81a4889c.1.etl,\ProgramData\USOShared\Logs\System\MoUsoCoreWorker.bbb66f00-aa7d-438c-8bd3-21eb81a4889c.1.etl,,1730486272,2.1899295320147116e-05,0.0021899295320147115,False,<50%
MoUsoCoreWorker.bf7c5f9f-4768-4b27-b12b-2f4470c61fff.1.etl,\ProgramData\USOShared\Logs\System\MoUsoCoreWorker.bf7c5f9f-4768-4b27-b12b-2f4470c61fff.1.etl,,1753078368,2.1899295320147116e-05,0.0021899295320147115,False,<50%
MoUsoCoreWorker.bfbeee06-fa33-4764-83bb-772ab58ab69f.1.etl,\ProgramData\USOShared\Logs\System\MoUsoCoreWorker.bfbeee06-fa33-4764-83bb-772ab58ab69f.1.etl,,1746559760,2.1899295320147116e-05,0.0021899295320147115,False,<50%
MoUsoCoreWorker.c10c3bbf-38b3-40ac-8228-52a651e587b6.1.etl,\ProgramData\USOShared\Logs\System\MoUsoCoreWorker.c10c3bbf-38b3-40ac-8228-52a651e587b6.1.etl,,1721277184,2.1899295320147116e-05,0.0021899295320147115,False,<50%
MoUsoCoreWorker.c8c1959c-7459-4bc7-8336-3674beeeec8f.1.etl,\ProgramData\USOShared\Logs\System\MoUsoCoreWorker.c8c1959c-7459-4bc7-8336-3674beeeec8f.1.etl,,1754174048,2.1899295320147116e-05,0.0021899295320147115,False,<50%
MoUsoCoreWorker.d86eadb3-9151-433d-adeb-6b9caf98abaa.1.etl,\ProgramData\USOShared\Logs\System\MoUsoCoreWorker.d86eadb3-9151-433d-adeb-6b9caf98abaa.1.etl,,1745722920,2.1899295320147116e-05,0.0021899295320147115,False,<50%
MoUsoCoreWorker.e5f6a0fe-7bab-4971-99cc-bfec1cfead45.1.etl,\ProgramData\USOShared\Logs\System\MoUsoCoreWorker.e5f6a0fe-7bab-4971-99cc-bfec1cfead45.1.etl,,1752271744,2.1899295320147116e-05,0.0021899295320147115,False,<50%
MoUsoCoreWorker.ed3186bf-f1a8-4e8c-b8f6-2534a1cc1c9b.1.etl,\ProgramData\USOShared\Logs\System\MoUsoCoreWorker.ed3186bf-f1a8-4e8c-b8f6-2534a1cc1c9b.1.etl,,1744150528,2.1899295320147116e-05,0.0021899295320147115,False,<50%
MoUsoCoreWorker.f4c21b8d-7d91-4f8e-ad4a-74eecb24da22.1.etl,\ProgramData\USOShared\Logs\System\MoUsoCoreWorker.f4c21b8d-7d91-4f8e-ad4a-74eecb24da22.1.etl,,1753945280,2.1899295320147116e-05,0.0021899295320147115,False,<50%
MoUsoCoreWorker.f91f8b39-d794-452d-9d26-199c9c42b5d2.1.etl,\ProgramData\USOShared\Logs\System\MoUsoCoreWorker.f91f8b39-d794-452d-9d26-199c9c42b5d2.1.etl,,1723654144,2.1899295320147116e-05,0.0021899295320147115,False,<50%
mozavcodec.dll,\Program Files\Mozilla Firefox\mozavcodec.dll,,1720440416,2.1901041006311996e-05,0.0021901041006311996,False,<50%
mozavutil.dll,\Program Files\Mozilla Firefox\mozavutil.dll,,1720440856,2.1901041006311996e-05,0.0021901041006311996,False,<50%
mozglue.dll,\Program Files\Mozilla Firefox\mozglue.dll,,1720441296,2.1901041006311996e-05,0.0021901041006311996,False,<50%
Mozilla Firefox 108.0.1 (x64 ko),\ProgramData\Avast Software\Avast\Cache\InstallLocation\Mozilla Firefox 108.0.1 (x64 ko),,1742587448,2.1900478348585145e-05,0.0021900478348585144,False,<50%
mozwer.dll,\Program Files\Mozilla Firefox\mozwer.dll,,1720441712,2.1901041006311996e-05,0.0021901041006311996,False,<50%
MsiProvider.dll,,,1730531712,2.1901032206307905e-05,0.0021901032206307906,False,<50%
MsiProvider.dll.mui,,,1730508936,2.190103218116111e-05,0.0021901032181161108,False,<50%
msvcp140.dll,\Program Files\Mozilla Firefox\msvcp140.dll,,1720442136,2.1901041006311996e-05,0.0021901041006311996,False,<50%
NetCore.etl,\Windows\System32\LogFiles\WMI\NetCore.etl,,1742285256,2.190072381214231e-05,0.002190072381214231,False,<50%
Network Persistent State,\Users\blueangel\AppData\Roaming\Microsoft\Teams\Network\Network Persistent State,,1742892744,2.1900648667574285e-05,0.0021900648667574287,False,<50%
nodes.dat,\ProgramData\Avast Software\Avast\IDS\malwareprofile\nodes.dat,,1719805832,2.1900478348585145e-05,0.0021900478348585144,False,<50%
notificationserver.dll,\Program Files\Mozilla Firefox\notificationserver.dll,,1720442624,2.1901041006311996e-05,0.0021901041006311996,False,<50%
NotificationUx.7df66514-2c75-414e-9efe-b08e445a1683.1.etl,\ProgramData\USOShared\Logs\User\NotificationUx.7df66514-2c75-414e-9efe-b08e445a1683.1.etl,,1719897816,2.189930033975972e-05,0.002189930033975972,False,<50%
NotificationUx.c0feff42-64b5-4ccb-b24f-51f21653f350.1.etl,\ProgramData\USOShared\Logs\User\NotificationUx.c0feff42-64b5-4ccb-b24f-51f21653f350.1.etl,,1742980440,2.189930033975972e-05,0.002189930033975972,False,<50%
NotificationUx.deceedaf-1d2d-4907-98c7-0f17cda07327.1.etl,\ProgramData\USOShared\Logs\User\NotificationUx.deceedaf-1d2d-4907-98c7-0f17cda07327.1.etl,,1754311504,2.189930033975972e-05,0.002189930033975972,False,<50%
NotificationUxBroker.55f44de2-0e7e-4880-bfa0-1e8923832bf4.1.etl,\ProgramData\USOShared\Logs\System\NotificationUxBroker.55f44de2-0e7e-4880-bfa0-1e8923832bf4.1.etl,,1719893160,2.1899295320147116e-05,0.0021899295320147115,False,<50%
NotificationUxBroker.ad7e01f5-797f-4b82-a397-797d95ccdec8.1.etl,\ProgramData\USOShared\Logs\System\NotificationUxBroker.ad7e01f5-797f-4b82-a397-797d95ccdec8.1.etl,,1742977920,2.1899295320147116e-05,0.0021899295320147115,False,<50%
NotificationUxBroker.bfc01f4b-a261-4ff9-b15c-b07f33ed2440.1.etl,\ProgramData\USOShared\Logs\System\NotificationUxBroker.bfc01f4b-a261-4ff9-b15c-b07f33ed2440.1.etl,,1754164744,2.1899295320147116e-05,0.0021899295320147115,False,<50%
nss3.dll,\Program Files\Mozilla Firefox\nss3.dll,,1720443120,2.1901041006311996e-05,0.0021901041006311996,False,<50%
nssckbi.dll,\Program Files\Mozilla Firefox\nssckbi.dll,,1720443544,2.1901041006311996e-05,0.0021901041006311996,False,<50%
NTFS FILE Record.tpl,\Users\blueangel\AppData\Local\Temp\RarSFX1\NTFS FILE Record.tpl,,1742863576,2.158464877656569e-05,0.002158464877656569,False,<50%
NtfsLog.etl,\Windows\System32\LogFiles\WMI\NtfsLog.etl,,1742286128,2.190072381214231e-05,0.002190072381214231,False,<50%
NTUSER.DAT,\Users\blueangel\NTUSER.DAT,,1742209688,2.1900583776682004e-05,0.0021900583776682005,False,<50%
officeclicktorun.exe_streamserver(202312211551421150).log,\Windows\Temp\officeclicktorun.exe_streamserver(202312211551421150).log,,1749755520,0.000223785047957972,0.0223785047957972,False,<50%
officeclicktorun.exe_streamserver(20231222174546E40).log,\Windows\Temp\officeclicktorun.exe_streamserver(20231222174546E40).log,,1754580864,0.0005682453477250904,0.05682453477250904,False,<50%
OfflineSetupProvider.dll,,,1730532352,2.1901032206307905e-05,0.0021901032206307906,False,<50%
OfflineSetupProvider.dll.mui,,,1730525280,2.190103218116111e-05,0.0021901032181161108,False,<50%
omni.ja,\Program Files\Mozilla Firefox\browser\omni.ja,,1720423592,2.1900727183898214e-05,0.0021900727183898215,False,<50%
osclientcerts.dll,\Program Files\Mozilla Firefox\osclientcerts.dll,,1720444408,2.1901041006311996e-05,0.0021901041006311996,False,<50%
OSProvider.dll,,,1730532928,2.1901032206307905e-05,0.0021901032206307906,False,<50%
OSProvider.dll.mui,,,1730525904,2.190103218116111e-05,0.0021901032181161108,False,<50%
persist.zip,\ProgramData\Avast Software\Avast\IDS\outbox\persist.zip,,1742224024,2.1900478348585145e-05,0.0021900478348585144,False,<50%
pictureinpicture@mozilla.org.xpi,\Program Files\Mozilla Firefox\browser\features\pictureinpicture@mozilla.org.xpi,,1720420776,2.1900727042538807e-05,0.002190072704253881,False,<50%
pingsender.exe,\Program Files\Mozilla Firefox\pingsender.exe,,1720444864,2.1901041006311996e-05,0.0021901041006311996,False,<50%
places.sqlite,,,1726987928,2.190103218116111e-05,0.0021901032181161108,False,<50%
platform.ini,\Program Files\Mozilla Firefox\platform.ini,,1720445304,2.190103406736146e-05,0.002190103406736146,False,<50%
plugin-container.exe,\Program Files\Mozilla Firefox\plugin-container.exe,,1720445792,2.1901041006311996e-05,0.0021901041006311996,False,<50%
plugin-container.exe.sig,\Program Files\Mozilla Firefox\plugin-container.exe.sig,,1720446336,2.190103406736146e-05,0.002190103406736146,False,<50%
polish2.dat,\Users\blueangel\AppData\Local\Temp\RarSFX1\polish2.dat,,1742864048,2.158464877656569e-05,0.002158464877656569,False,<50%
postSigningData,\Program Files\Mozilla Firefox\postSigningData,,1720446848,2.190103406736146e-05,0.002190103406736146,False,<50%
prb78BD.tmp,\Users\blueangel\AppData\Local\Temp\prb78BD.tmp,,1743665224,2.1788269298497864e-05,0.0021788269298497866,False,<50%
prb78CE.tmp,\Users\blueangel\AppData\Local\Temp\prb78CE.tmp,,1743666632,2.1788269298497864e-05,0.0021788269298497866,False,<50%
precomplete,\Program Files\Mozilla Firefox\precomplete,,1720447336,2.190103406736146e-05,0.002190103406736146,False,<50%
Preferences,\Users\blueangel\AppData\Roaming\Evernote\Partitions\name\Preferences,,1742709560,2.1900648667574285e-05,0.0021900648667574287,False,<50%
private_browsing.exe,\Program Files\Mozilla Firefox\private_browsing.exe,,1720447824,2.1901041006311996e-05,0.0021901041006311996,False,<50%
private_browsing.VisualElementsManifest.xml,\Program Files\Mozilla Firefox\private_browsing.VisualElementsManifest.xml,,1720448488,2.038384001065929e-05,0.002038384001065929,False,<50%
PrivateBrowsing_150.png,\Program Files\Mozilla Firefox\browser\VisualElements\PrivateBrowsing_150.png,,1720424264,2.1900727042538807e-05,0.002190072704253881,False,<50%
PrivateBrowsing_70.png,\Program Files\Mozilla Firefox\browser\VisualElements\PrivateBrowsing_70.png,,1720424800,2.1900727042538807e-05,0.002190072704253881,False,<50%
ProvProvider.dll,,,1730533648,2.1901032206307905e-05,0.0021901032206307906,False,<50%
ProvProvider.dll.mui,,,1730526512,2.190103218116111e-05,0.0021901032181161108,False,<50%
qipcap64.dll,\Program Files\Mozilla Firefox\qipcap64.dll,,1720449056,2.1901041006311996e-05,0.0021901041006311996,False,<50%
QYQTGE1NEBVFUDT4LK5P.temp,\Users\blueangel\AppData\Roaming\Microsoft\Windows\Recent\CustomDestinations\QYQTGE1NEBVFUDT4LK5P.temp,,1742837056,2.190072372990853e-05,0.002190072372990853,False,<50%
RadioMgr.etl,\Windows\System32\LogFiles\WMI\RadioMgr.etl,,1742286216,2.190072381214231e-05,0.002190072381214231,False,<50%
readme.txt,\Users\blueangel\AppData\Local\Temp\vmware-blueangel\VMwareDnD\58b0b6df\SetMACE_v1004\readme.txt,,1736305888,2.185157848656285e-05,0.002185157848656285,False,<50%
removed-files,\Program Files\Mozilla Firefox\removed-files,,1720449496,2.190103406736146e-05,0.002190103406736146,False,<50%
RS_AdminDiagnosticHistory.ps1,,,1754511896,2.1901032206307905e-05,0.0021901032206307906,False,<50%
RS_MachineWERQueue.ps1,,,1754512552,2.1901032206307905e-05,0.0021901032206307906,False,<50%
RS_SyncSystemTime.ps1,,,1754513176,2.1901032206307905e-05,0.0021901032206307906,False,<50%
RS_UserDiagnosticHistory.ps1,,,1754513888,2.1901032206307905e-05,0.0021901032206307906,False,<50%
RS_UserWERQueue.ps1,,,1754514544,2.1901032206307905e-05,0.0021901032206307906,False,<50%
RUXIMLog.001.etl,\ProgramData\PLUG\Logs\RUXIMLog.001.etl,,1720591392,2.190072656379979e-05,0.002190072656379979,False,<50%
RUXIMLog.002.etl,\ProgramData\PLUG\Logs\RUXIMLog.002.etl,,1736110848,2.190072656379979e-05,0.002190072656379979,False,<50%
s640CheckReachableA2632A96-C25B-4DBE-8E7F-46107B9C65A5,\Windows\Temp\s640CheckReachableA2632A96-C25B-4DBE-8E7F-46107B9C65A5,,1754304800,2.5038713743284005e-05,0.0025038713743284007,False,<50%
s640CheckReachableA6C84F3C-BB61-489E-86EC-3AABD984F5A2,\Windows\Temp\s640CheckReachableA6C84F3C-BB61-489E-86EC-3AABD984F5A2,,1737238680,2.5038713743284005e-05,0.0025038713743284007,False,<50%
SA.DAT,\Windows\Tasks\SA.DAT,,1742293488,2.1899483383963284e-05,0.0021899483383963285,False,<50%
SAM,\Windows\System32\config\SAM,,1742268024,2.1900723738331107e-05,0.0021900723738331107,False,<50%
Sample script.whs,\Users\blueangel\AppData\Local\Temp\RarSFX1\Sample script.whs,,1742864576,2.158464877656569e-05,0.002158464877656569,False,<50%
scan_results.json,\ProgramData\Avast Software\Avast\Cleanup\scan_results.json,,1726720456,2.1900726637611e-05,0.0021900726637611,False,<50%
scan_results.out,\ProgramData\Avast Software\Avast\Cleanup\scan_results.out,,1726719560,2.1900726637611e-05,0.0021900726637611,False,<50%
ScreenOnPowerStudyTraceSession-2023-12-28-10-22-12.etl,\Windows\System32\SleepStudy\ScreenOn\ScreenOnPowerStudyTraceSession-2023-12-28-10-22-12.etl,,1742369984,2.190072381214231e-05,0.002190072381214231,False,<50%
screenshots@mozilla.org.xpi,\Program Files\Mozilla Firefox\browser\features\screenshots@mozilla.org.xpi,,1720421392,2.1900727042538807e-05,0.002190072704253881,False,<50%
search.json.mozlz4,,,1726986416,2.190103218116111e-05,0.0021901032181161108,False,<50%
SECURITY,\Windows\System32\config\SECURITY,,1742267768,2.1900723738331107e-05,0.0021900723738331107,False,<50%
servers.def.vpx,\Program Files\Avast Software\Avast\setup\servers.def.vpx,,1742388304,2.1900727042538807e-05,0.002190072704253881,False,<50%
setMACE.au3,\Users\blueangel\AppData\Local\Temp\vmware-blueangel\VMwareDnD\58b0b6df\SetMACE_v1004\setMACE.au3,,1736306312,2.185157848656285e-05,0.002185157848656285,False,<50%
setMACE.exe,\Users\blueangel\AppData\Local\Temp\vmware-blueangel\VMwareDnD\58b0b6df\SetMACE_v1004\setMACE.exe,,1736306776,2.185157848656285e-05,0.002185157848656285,False,<50%
SetMACE_SI_MACE_Copy_Manipulation.dll,\Program Files\Windows Mail\SetMACE_SI_MACE_Copy_Manipulation.dll,10588363482.0,1754633104,0.999916076620358,99.9916076620358,True,90-100%
SetMACE_v1004,\Users\blueangel\AppData\Local\Temp\vmware-blueangel\VMwareDnD\58b0b6df\SetMACE_v1004,,1736307432,2.185157848656285e-05,0.002185157848656285,False,<50%
setMACE_x64.exe,\Users\blueangel\AppData\Local\Temp\vmware-blueangel\VMwareDnD\58b0b6df\SetMACE_v1004\setMACE_x64.exe,,1736307240,2.185157848656285e-05,0.002185157848656285,False,<50%
settings.dat,\Users\blueangel\AppData\Local\Packages\Microsoft.MicrosoftOfficeHub_8wekyb3d8bbwe\Settings\settings.dat,,1723441656,2.1900648667574285e-05,0.0021900648667574287,False,<50%
setup.exe,\Users\blueangel\AppData\Local\Temp\RarSFX1\setup.exe,,1742865008,2.158464877656569e-05,0.002158464877656569,False,<50%
SetupPlatformProvider.dll,,,1730534288,2.1901032206307905e-05,0.0021901032206307906,False,<50%
SetupPlatformProvider.dll.mui,,,1730509624,2.190103218116111e-05,0.0021901032181161108,False,<50%
shortcuts_log.ini,\Program Files\Mozilla Firefox\uninstall\shortcuts_log.ini,,1720451440,2.1900727183898214e-05,0.0021900727183898215,False,<50%
SHS-12282023-102235-7-7f-19041.1.amd64fre.vb_release.191206-1406.etl,\ProgramData\Microsoft\Windows Security Health\Logs\SHS-12282023-102235-7-7f-19041.1.amd64fre.vb_release.191206-1406.etl,,1742582648,2.1899295320147116e-05,0.0021899295320147115,False,<50%
ShutdownPerfDiagLogger.etl,\Windows\System32\WDI\LogFiles\ShutdownPerfDiagLogger.etl,,1742185136,2.190072381214231e-05,0.002190072381214231,False,<50%
SIH.20231221.155641.689.1.etl,\Windows\Logs\SIH\SIH.20231221.155641.689.1.etl,,1749756312,2.1900723738331107e-05,0.0021900723738331107,False,<50%
SIH.20231222.154729.335.1.etl,\Windows\Logs\SIH\SIH.20231222.154729.335.1.etl,,1754581656,2.1900723738331107e-05,0.0021900723738331107,False,<50%
SIH.20231227.185029.416.1.etl,\Windows\Logs\SIH\SIH.20231227.185029.416.1.etl,,1731592808,2.1900723738331107e-05,0.0021900723738331107,False,<50%
SIH.20231231.022020.964.1.etl,\Windows\Logs\SIH\SIH.20231231.022020.964.1.etl,,1754574040,2.1900723738331107e-05,0.0021900723738331107,False,<50%
SmiProvider.dll,,,1730535056,2.1901032206307905e-05,0.0021901032206307906,False,<50%
SmiProvider.dll.mui,,,1730527888,2.190103218116111e-05,0.0021901032181161108,False,<50%
snapshot.etl,\Windows\System32\WDI\{86432a0b-3c7d-4ddf-a89c-172faa90485d}\{8149daff-ad35-47c3-a2b2-9dc23aebaa3a}\snapshot.etl,,1742848000,2.1900688397852733e-05,0.0021900688397852733,False,<50%
softokn3.dll,\Program Files\Mozilla Firefox\softokn3.dll,,1720449936,2.1901041006311996e-05,0.0021901041006311996,False,<50%
SOFTWARE,\Windows\System32\config\SOFTWARE,,1742267344,2.1900723738331107e-05,0.0021900723738331107,False,<50%
SyncEngine-2023-12-26.1811.8676.6.aodl,\Users\blueangel\AppData\Local\Microsoft\OneDrive\logs\Personal\SyncEngine-2023-12-26.1811.8676.6.aodl,,1719948128,2.19007266002962e-05,0.00219007266002962,False,<50%
SyncEngine-2023-12-26.1903.8676.7.aodl,\Users\blueangel\AppData\Local\Microsoft\OneDrive\logs\Personal\SyncEngine-2023-12-26.1903.8676.7.aodl,,1720727520,2.19007266002962e-05,0.00219007266002962,False,<50%
SyncEngine-2023-12-26.1956.8676.8.aodl,\Users\blueangel\AppData\Local\Microsoft\OneDrive\logs\Personal\SyncEngine-2023-12-26.1956.8676.8.aodl,,1721402784,2.19007266002962e-05,0.00219007266002962,False,<50%
SyncEngine-2023-12-26.2049.8676.9.aodl,\Users\blueangel\AppData\Local\Microsoft\OneDrive\logs\Personal\SyncEngine-2023-12-26.2049.8676.9.aodl,,1722069712,2.19007266002962e-05,0.00219007266002962,False,<50%
SyncEngine-2023-12-26.2143.8676.10.aodl,\Users\blueangel\AppData\Local\Microsoft\OneDrive\logs\Personal\SyncEngine-2023-12-26.2143.8676.10.aodl,,1722733264,2.19007266002962e-05,0.00219007266002962,False,<50%
SyncEngine-2023-12-26.2236.8676.11.aodl,\Users\blueangel\AppData\Local\Microsoft\OneDrive\logs\Personal\SyncEngine-2023-12-26.2236.8676.11.aodl,,1723397392,2.19007266002962e-05,0.00219007266002962,False,<50%
SyncEngine-2023-12-26.2329.8676.12.aodl,\Users\blueangel\AppData\Local\Microsoft\OneDrive\logs\Personal\SyncEngine-2023-12-26.2329.8676.12.aodl,,1724079632,2.19007266002962e-05,0.00219007266002962,False,<50%
SyncEngine-2023-12-27.0021.8676.13.aodl,\Users\blueangel\AppData\Local\Microsoft\OneDrive\logs\Personal\SyncEngine-2023-12-27.0021.8676.13.aodl,,1724770552,2.19007266002962e-05,0.00219007266002962,False,<50%
SyncEngine-2023-12-27.0114.8676.14.aodl,\Users\blueangel\AppData\Local\Microsoft\OneDrive\logs\Personal\SyncEngine-2023-12-27.0114.8676.14.aodl,,1725426536,2.19007266002962e-05,0.00219007266002962,False,<50%
SyncEngine-2023-12-27.0206.8676.15.aodl,\Users\blueangel\AppData\Local\Microsoft\OneDrive\logs\Personal\SyncEngine-2023-12-27.0206.8676.15.aodl,,1726174624,2.19007266002962e-05,0.00219007266002962,False,<50%
SyncEngine-2023-12-27.0258.8676.16.aodl,\Users\blueangel\AppData\Local\Microsoft\OneDrive\logs\Personal\SyncEngine-2023-12-27.0258.8676.16.aodl,,1726880704,2.19007266002962e-05,0.00219007266002962,False,<50%
SyncEngine-2023-12-27.0351.8676.17.aodl,\Users\blueangel\AppData\Local\Microsoft\OneDrive\logs\Personal\SyncEngine-2023-12-27.0351.8676.17.aodl,,1727581712,2.19007266002962e-05,0.00219007266002962,False,<50%
SyncEngine-2023-12-27.0444.8676.18.aodl,\Users\blueangel\AppData\Local\Microsoft\OneDrive\logs\Personal\SyncEngine-2023-12-27.0444.8676.18.aodl,,1728256704,2.19007266002962e-05,0.00219007266002962,False,<50%
SyncEngine-2023-12-27.0537.8676.19.aodl,\Users\blueangel\AppData\Local\Microsoft\OneDrive\logs\Personal\SyncEngine-2023-12-27.0537.8676.19.aodl,,1728903424,2.19007266002962e-05,0.00219007266002962,False,<50%
SyncEngine-2023-12-27.0629.8676.20.aodl,\Users\blueangel\AppData\Local\Microsoft\OneDrive\logs\Personal\SyncEngine-2023-12-27.0629.8676.20.aodl,,1729584208,2.19007266002962e-05,0.00219007266002962,False,<50%
SyncEngine-2023-12-27.0723.8676.21.aodl,\Users\blueangel\AppData\Local\Microsoft\OneDrive\logs\Personal\SyncEngine-2023-12-27.0723.8676.21.aodl,,1730267336,2.19007266002962e-05,0.00219007266002962,False,<50%
SyncEngine-2023-12-27.0816.8676.22.aodl,\Users\blueangel\AppData\Local\Microsoft\OneDrive\logs\Personal\SyncEngine-2023-12-27.0816.8676.22.aodl,,1731032624,2.19007266002962e-05,0.00219007266002962,False,<50%
SyncEngine-2023-12-27.0909.8676.23.aodl,\Users\blueangel\AppData\Local\Microsoft\OneDrive\logs\Personal\SyncEngine-2023-12-27.0909.8676.23.aodl,,1731739152,2.19007266002962e-05,0.00219007266002962,False,<50%
SyncEngine-2023-12-27.1002.8676.24.aodl,\Users\blueangel\AppData\Local\Microsoft\OneDrive\logs\Personal\SyncEngine-2023-12-27.1002.8676.24.aodl,,1732406808,2.19007266002962e-05,0.00219007266002962,False,<50%
SyncEngine-2023-12-27.1054.8676.25.aodl,\Users\blueangel\AppData\Local\Microsoft\OneDrive\logs\Personal\SyncEngine-2023-12-27.1054.8676.25.aodl,,1733087232,2.19007266002962e-05,0.00219007266002962,False,<50%
SyncEngine-2023-12-27.1147.8676.26.aodl,\Users\blueangel\AppData\Local\Microsoft\OneDrive\logs\Personal\SyncEngine-2023-12-27.1147.8676.26.aodl,,1733757248,2.19007266002962e-05,0.00219007266002962,False,<50%
SyncEngine-2023-12-27.1240.8676.27.aodl,\Users\blueangel\AppData\Local\Microsoft\OneDrive\logs\Personal\SyncEngine-2023-12-27.1240.8676.27.aodl,,1734426200,2.19007266002962e-05,0.00219007266002962,False,<50%
SyncEngine-2023-12-27.1333.8676.28.aodl,\Users\blueangel\AppData\Local\Microsoft\OneDrive\logs\Personal\SyncEngine-2023-12-27.1333.8676.28.aodl,,1735136080,2.19007266002962e-05,0.00219007266002962,False,<50%
SyncEngine-2023-12-27.1426.8676.29.aodl,\Users\blueangel\AppData\Local\Microsoft\OneDrive\logs\Personal\SyncEngine-2023-12-27.1426.8676.29.aodl,,1735804416,2.19007266002962e-05,0.00219007266002962,False,<50%
SyncEngine-2023-12-27.1519.8676.30.aodl,\Users\blueangel\AppData\Local\Microsoft\OneDrive\logs\Personal\SyncEngine-2023-12-27.1519.8676.30.aodl,,1736599312,2.19007266002962e-05,0.00219007266002962,False,<50%
SyncEngine-2023-12-27.1731.8676.31.aodl,\Users\blueangel\AppData\Local\Microsoft\OneDrive\logs\Personal\SyncEngine-2023-12-27.1731.8676.31.aodl,,1737274432,2.19007266002962e-05,0.00219007266002962,False,<50%
SyncEngine-2023-12-27.1824.8676.32.aodl,\Users\blueangel\AppData\Local\Microsoft\OneDrive\logs\Personal\SyncEngine-2023-12-27.1824.8676.32.aodl,,1737952208,2.19007266002962e-05,0.00219007266002962,False,<50%
SyncEngine-2023-12-27.1917.8676.33.aodl,\Users\blueangel\AppData\Local\Microsoft\OneDrive\logs\Personal\SyncEngine-2023-12-27.1917.8676.33.aodl,,1738612096,2.19007266002962e-05,0.00219007266002962,False,<50%
SyncEngine-2023-12-27.2011.8676.34.aodl,\Users\blueangel\AppData\Local\Microsoft\OneDrive\logs\Personal\SyncEngine-2023-12-27.2011.8676.34.aodl,,1739264000,2.19007266002962e-05,0.00219007266002962,False,<50%
SyncEngine-2023-12-27.2104.8676.35.aodl,\Users\blueangel\AppData\Local\Microsoft\OneDrive\logs\Personal\SyncEngine-2023-12-27.2104.8676.35.aodl,,1739943312,2.19007266002962e-05,0.00219007266002962,False,<50%
SyncEngine-2023-12-27.2157.8676.36.aodl,\Users\blueangel\AppData\Local\Microsoft\OneDrive\logs\Personal\SyncEngine-2023-12-27.2157.8676.36.aodl,,1740610368,2.19007266002962e-05,0.00219007266002962,False,<50%
SyncEngine-2023-12-27.2250.8676.37.aodl,\Users\blueangel\AppData\Local\Microsoft\OneDrive\logs\Personal\SyncEngine-2023-12-27.2250.8676.37.aodl,,1741320624,2.19007266002962e-05,0.00219007266002962,False,<50%
SyncEngine-2023-12-27.2343.8676.38.aodl,\Users\blueangel\AppData\Local\Microsoft\OneDrive\logs\Personal\SyncEngine-2023-12-27.2343.8676.38.aodl,,1741982384,2.19007266002962e-05,0.00219007266002962,False,<50%
SyncEngine-2023-12-28.0122.9548.1.aodl,\Users\blueangel\AppData\Local\Microsoft\OneDrive\logs\Personal\SyncEngine-2023-12-28.0122.9548.1.aodl,,1742599104,2.19007266002962e-05,0.00219007266002962,False,<50%
SyncEngine-2023-12-28.0122.9548.2.aodl,\Users\blueangel\AppData\Local\Microsoft\OneDrive\logs\Personal\SyncEngine-2023-12-28.0122.9548.2.aodl,,1743714928,2.19007266002962e-05,0.00219007266002962,False,<50%
SyncEngine-2023-12-28.0157.9548.3.aodl,\Users\blueangel\AppData\Local\Microsoft\OneDrive\logs\Personal\SyncEngine-2023-12-28.0157.9548.3.aodl,,1748900392,2.19007266002962e-05,0.00219007266002962,False,<50%
SysprepProvider.dll,,,1730535920,2.1901032206307905e-05,0.0021901032206307906,False,<50%
SysprepProvider.dll.mui,,,1730510312,2.190103218116111e-05,0.0021901032181161108,False,<50%
SYSTEM,\Windows\System32\config\SYSTEM,,1742267024,2.1900723738331107e-05,0.0021900723738331107,False,<50%
Text file conversion UNIX - Windows.whs,\Users\blueangel\AppData\Local\Temp\RarSFX1\Text file conversion UNIX - Windows.whs,,1742865600,2.158453917035306e-05,0.002158453917035306,False,<50%
Text file conversion Windows - UNIX.whs,\Users\blueangel\AppData\Local\Temp\RarSFX1\Text file conversion Windows - UNIX.whs,,1742866320,2.158453917035306e-05,0.002158453917035306,False,<50%
timezone.dat,\Users\blueangel\AppData\Local\Temp\RarSFX1\timezone.dat,,1742866872,2.158464877656569e-05,0.002158464877656569,False,<50%
tmp_3ba2d246-9a95-47c7-b162-d1456fa139b7.zip,\ProgramData\Avast Software\Avast\IDS\outbox\tmp_3ba2d246-9a95-47c7-b162-d1456fa139b7.zip,,1730142056,2.1900478348585145e-05,0.0021900478348585144,False,<50%
tmp_4c362552-9b6a-47c7-b163-d1456fa139b7.zip,\ProgramData\Avast Software\Avast\IDS\outbox\tmp_4c362552-9b6a-47c7-b163-d1456fa139b7.zip,,1748701488,2.1900478348585145e-05,0.0021900478348585144,False,<50%
TransmogProvider.dll,,,1730536544,2.1901032206307905e-05,0.0021901032206307906,False,<50%
TransmogProvider.dll.mui,,,1730511072,2.190103218116111e-05,0.0021901032181161108,False,<50%
TS_DiagnosticHistory.ps1,,,1754515200,2.1901032206307905e-05,0.0021901032206307906,False,<50%
TS_InaccurateSystemTime.ps1,,,1754515904,2.1901032206307905e-05,0.0021901032206307906,False,<50%
TS_WERQueue.ps1,,,1754516528,2.1901032206307905e-05,0.0021901032206307906,False,<50%
tw-2514-c80-9bf8b.tmp,\Windows\System32\config\systemprofile\AppData\Local\tw-2514-c80-9bf8b.tmp,,1743288800,2.190072136667613e-05,0.002190072136667613,False,<50%
tw-2514-c80-9bf9d.tmp,\Windows\System32\config\systemprofile\AppData\Local\tw-2514-c80-9bf9d.tmp,,1743289232,2.190072136667613e-05,0.002190072136667613,False,<50%
tw-2514-c80-9bf9f.tmp,\Windows\System32\config\systemprofile\AppData\Local\tw-2514-c80-9bf9f.tmp,,1743289664,2.190072136667613e-05,0.002190072136667613,False,<50%
tw-2514-c80-9bfa1.tmp,\Windows\System32\config\systemprofile\AppData\Local\tw-2514-c80-9bfa1.tmp,,1743290096,2.190072136667613e-05,0.002190072136667613,False,<50%
tw-2514-c80-9bfb2.tmp,\Windows\System32\config\systemprofile\AppData\Local\tw-2514-c80-9bfb2.tmp,,1743290592,2.190072136667613e-05,0.002190072136667613,False,<50%
tw-2514-c80-9bfb4.tmp,\Windows\System32\config\systemprofile\AppData\Local\tw-2514-c80-9bfb4.tmp,,1743291024,2.190072136667613e-05,0.002190072136667613,False,<50%
tw-2514-c80-9bfc6.tmp,\Windows\System32\config\systemprofile\AppData\Local\tw-2514-c80-9bfc6.tmp,,1743291456,2.190072136667613e-05,0.002190072136667613,False,<50%
tw-2514-c80-9bfc8.tmp,\Windows\System32\config\systemprofile\AppData\Local\tw-2514-c80-9bfc8.tmp,,1743291888,2.190072136667613e-05,0.002190072136667613,False,<50%
tw-2514-c80-9bfd9.tmp,\Windows\System32\config\systemprofile\AppData\Local\tw-2514-c80-9bfd9.tmp,,1743292320,2.190072136667613e-05,0.002190072136667613,False,<50%
tw-2514-c80-9bfdb.tmp,\Windows\System32\config\systemprofile\AppData\Local\tw-2514-c80-9bfdb.tmp,,1743292752,2.190072136667613e-05,0.002190072136667613,False,<50%
tw-2514-c80-9bfdd.tmp,\Windows\System32\config\systemprofile\AppData\Local\tw-2514-c80-9bfdd.tmp,,1743293184,2.190072136667613e-05,0.002190072136667613,False,<50%
tw-2514-c80-9bfef.tmp,\Windows\System32\config\systemprofile\AppData\Local\tw-2514-c80-9bfef.tmp,,1743293616,2.190072136667613e-05,0.002190072136667613,False,<50%
tw-2514-c80-9bff1.tmp,\Windows\System32\config\systemprofile\AppData\Local\tw-2514-c80-9bff1.tmp,,1743294048,2.190072136667613e-05,0.002190072136667613,False,<50%
tw-2514-c80-9bff3.tmp,\Windows\System32\config\systemprofile\AppData\Local\tw-2514-c80-9bff3.tmp,,1743294576,2.190072136667613e-05,0.002190072136667613,False,<50%
tw-2514-c80-9c005.tmp,\Windows\System32\config\systemprofile\AppData\Local\tw-2514-c80-9c005.tmp,,1743295008,2.190072136667613e-05,0.002190072136667613,False,<50%
tw-2514-c80-9c007.tmp,\Windows\System32\config\systemprofile\AppData\Local\tw-2514-c80-9c007.tmp,,1743295440,2.190072136667613e-05,0.002190072136667613,False,<50%
tw-2514-c80-9c009.tmp,\Windows\System32\config\systemprofile\AppData\Local\tw-2514-c80-9c009.tmp,,1743295872,2.190072136667613e-05,0.002190072136667613,False,<50%
tw-2514-c80-9c01a.tmp,\Windows\System32\config\systemprofile\AppData\Local\tw-2514-c80-9c01a.tmp,,1743296304,2.190072136667613e-05,0.002190072136667613,False,<50%
tw-2514-c80-9c01c.tmp,\Windows\System32\config\systemprofile\AppData\Local\tw-2514-c80-9c01c.tmp,,1743296736,2.190072136667613e-05,0.002190072136667613,False,<50%
tw-2514-c80-9c01e.tmp,\Windows\System32\config\systemprofile\AppData\Local\tw-2514-c80-9c01e.tmp,,1743297168,2.190072136667613e-05,0.002190072136667613,False,<50%
tw-2514-c80-9c030.tmp,\Windows\System32\config\systemprofile\AppData\Local\tw-2514-c80-9c030.tmp,,1743297600,2.190072136667613e-05,0.002190072136667613,False,<50%
tw-2514-c80-9c032.tmp,\Windows\System32\config\systemprofile\AppData\Local\tw-2514-c80-9c032.tmp,,1743298032,2.190072136667613e-05,0.002190072136667613,False,<50%
tw-2514-c80-9c034.tmp,\Windows\System32\config\systemprofile\AppData\Local\tw-2514-c80-9c034.tmp,,1743298560,2.190072136667613e-05,0.002190072136667613,False,<50%
tw-2514-c80-9c046.tmp,\Windows\System32\config\systemprofile\AppData\Local\tw-2514-c80-9c046.tmp,,1743298992,2.190072136667613e-05,0.002190072136667613,False,<50%
tw-2514-c80-9c048.tmp,\Windows\System32\config\systemprofile\AppData\Local\tw-2514-c80-9c048.tmp,,1743299424,2.190072136667613e-05,0.002190072136667613,False,<50%
tw-2514-c80-9c04a.tmp,\Windows\System32\config\systemprofile\AppData\Local\tw-2514-c80-9c04a.tmp,,1743299856,2.190072136667613e-05,0.002190072136667613,False,<50%
tw-2514-c80-9c05b.tmp,\Windows\System32\config\systemprofile\AppData\Local\tw-2514-c80-9c05b.tmp,,1743300288,2.190072136667613e-05,0.002190072136667613,False,<50%
tw-2514-c80-9c05d.tmp,\Windows\System32\config\systemprofile\AppData\Local\tw-2514-c80-9c05d.tmp,,1743300720,2.190072136667613e-05,0.002190072136667613,False,<50%
tw-2514-c80-9c05f.tmp,\Windows\System32\config\systemprofile\AppData\Local\tw-2514-c80-9c05f.tmp,,1743301152,2.190072136667613e-05,0.002190072136667613,False,<50%
tw-2514-c80-9c071.tmp,\Windows\System32\config\systemprofile\AppData\Local\tw-2514-c80-9c071.tmp,,1743301584,2.190072136667613e-05,0.002190072136667613,False,<50%
tw-2514-c80-9c073.tmp,\Windows\System32\config\systemprofile\AppData\Local\tw-2514-c80-9c073.tmp,,1743302016,2.190072136667613e-05,0.002190072136667613,False,<50%
tw-2514-c80-9c075.tmp,\Windows\System32\config\systemprofile\AppData\Local\tw-2514-c80-9c075.tmp,,1743302448,2.190072136667613e-05,0.002190072136667613,False,<50%
tw-2514-c80-9c086.tmp,\Windows\System32\config\systemprofile\AppData\Local\tw-2514-c80-9c086.tmp,,1743302880,2.190072136667613e-05,0.002190072136667613,False,<50%
tw-2514-c80-9c088.tmp,\Windows\System32\config\systemprofile\AppData\Local\tw-2514-c80-9c088.tmp,,1743303312,2.190072136667613e-05,0.002190072136667613,False,<50%
tw-2514-c80-9c08a.tmp,\Windows\System32\config\systemprofile\AppData\Local\tw-2514-c80-9c08a.tmp,,1743303744,2.190072136667613e-05,0.002190072136667613,False,<50%
tw-2514-c80-9c09c.tmp,\Windows\System32\config\systemprofile\AppData\Local\tw-2514-c80-9c09c.tmp,,1743304176,2.190072136667613e-05,0.002190072136667613,False,<50%
tw-2514-c80-9c09e.tmp,\Windows\System32\config\systemprofile\AppData\Local\tw-2514-c80-9c09e.tmp,,1743304608,2.190072136667613e-05,0.002190072136667613,False,<50%
tw-2514-c80-9c0a0.tmp,\Windows\System32\config\systemprofile\AppData\Local\tw-2514-c80-9c0a0.tmp,,1743305040,2.190072136667613e-05,0.002190072136667613,False,<50%
TwemojiMozilla.ttf,\Program Files\Mozilla Firefox\fonts\TwemojiMozilla.ttf,,1720432408,2.1900727183898214e-05,0.0021900727183898215,False,<50%
ucrtbase.dll,\Program Files\Mozilla Firefox\ucrtbase.dll,,1720450376,2.1901041006311996e-05,0.0021901041006311996,False,<50%
UnattendProvider.dll,,,1730537168,2.1901032206307905e-05,0.0021901032206307906,False,<50%
UnattendProvider.dll.mui,,,1730529216,2.190103218116111e-05,0.0021901032181161108,False,<50%
uninstall.log,\Program Files\Mozilla Firefox\uninstall\uninstall.log,,1720451896,2.1900727183898214e-05,0.0021900727183898215,False,<50%
uninstall.update,\Program Files\Mozilla Firefox\uninstall\uninstall.update,,1720452168,2.1900727183898214e-05,0.0021900727183898215,False,<50%
update-settings.ini,\Program Files\Mozilla Firefox\update-settings.ini,,1720452672,2.190103406736146e-05,0.002190103406736146,False,<50%
update.log,\ProgramData\Mozilla-1de4eec8-1241-4177-a864-e594e8d1fb38\updates\308046B0AF4A39CB\updates\0\update.log,,1720485880,2.1900692017173254e-05,0.0021900692017173254,False,<50%
update.status,\ProgramData\Mozilla-1de4eec8-1241-4177-a864-e594e8d1fb38\updates\308046B0AF4A39CB\updates\0\update.status,,1720485464,2.1900692017173254e-05,0.0021900692017173254,False,<50%
updater.exe,\Program Files (x86)\Mozilla Maintenance Service\update\updater.exe,,1720400136,2.1900732863557116e-05,0.0021900732863557116,False,<50%
updater.ini,\Program Files (x86)\Mozilla Maintenance Service\update\updater.ini,,1720400576,2.1900727183898214e-05,0.0021900727183898215,False,<50%
UpdateSessionOrchestration.011228fb-fbc4-4953-b0a2-44771986c76b.1.etl,\ProgramData\USOShared\Logs\System\UpdateSessionOrchestration.011228fb-fbc4-4953-b0a2-44771986c76b.1.etl,,1742405832,2.1899295320147116e-05,0.0021899295320147115,False,<50%
user-not-present-trace-2023-12-27-08-31-10.etl,\Windows\System32\SleepStudy\user-not-present-trace-2023-12-27-08-31-10.etl,,1723426760,2.1900723738331107e-05,0.0021900723738331107,False,<50%
user-not-present-trace-2023-12-27-13-13-46.etl,\Windows\System32\SleepStudy\user-not-present-trace-2023-12-27-13-13-46.etl,,1727182800,2.1900723738331107e-05,0.0021900723738331107,False,<50%
user-not-present-trace-2023-12-27-16-07-12.etl,\Windows\System32\SleepStudy\user-not-present-trace-2023-12-27-16-07-12.etl,,1729378304,2.1900723738331107e-05,0.0021900723738331107,False,<50%
user-not-present-trace-2023-12-27-17-29-27.etl,\Windows\System32\SleepStudy\user-not-present-trace-2023-12-27-17-29-27.etl,,1730424832,2.1900723738331107e-05,0.0021900723738331107,False,<50%
user-not-present-trace-2023-12-27-22-54-12.etl,\Windows\System32\SleepStudy\user-not-present-trace-2023-12-27-22-54-12.etl,,1734692440,2.1900723738331107e-05,0.0021900723738331107,False,<50%
user-not-present-trace-2023-12-28-23-42-02.etl,\Windows\System32\SleepStudy\user-not-present-trace-2023-12-28-23-42-02.etl,,1754127928,2.1900723738331107e-05,0.0021900723738331107,False,<50%
User.dat,\Users\blueangel\AppData\Local\Packages\Microsoft.YourPhone_8wekyb3d8bbwe\SystemAppData\Helium\User.dat,,1742187032,2.19007266002962e-05,0.00219007266002962,False,<50%
user.txt,\Users\blueangel\AppData\Local\Temp\RarSFX1\user.txt,,1742870224,2.158464877656569e-05,0.002158464877656569,False,<50%
UserClasses.dat,\Users\blueangel\AppData\Local\Packages\Microsoft.YourPhone_8wekyb3d8bbwe\SystemAppData\Helium\UserClasses.dat,,1742186936,2.19007266002962e-05,0.00219007266002962,False,<50%
UserNotPresentSession.etl,\Windows\System32\SleepStudy\UserNotPresentSession.etl,,1742292576,2.1900723738331107e-05,0.0021900723738331107,False,<50%
UsrClass.dat,\Users\blueangel\AppData\Local\Microsoft\Windows\UsrClass.dat,,1742209312,2.190072136667613e-05,0.002190072136667613,False,<50%
vcruntime140.dll,\Program Files\Mozilla Firefox\vcruntime140.dll,,1720454048,2.1901041006311996e-05,0.0021901041006311996,False,<50%
VhdProvider.dll,,,1730537760,2.1901032206307905e-05,0.0021901032206307906,False,<50%
VhdProvider.dll.mui,,,1730529856,2.190103218116111e-05,0.0021901032181161108,False,<50%
VisualElements_150.png,\Program Files\Mozilla Firefox\browser\VisualElements\VisualElements_150.png,,1720425320,2.1900727042538807e-05,0.002190072704253881,False,<50%
VisualElements_70.png,\Program Files\Mozilla Firefox\browser\VisualElements\VisualElements_70.png,,1720425840,2.1900727042538807e-05,0.002190072704253881,False,<50%
waasmedic.20231226_190129_487.etl,\Windows\Logs\waasmedic\waasmedic.20231226_190129_487.etl,,1719896496,2.1900723738331107e-05,0.0021900723738331107,False,<50%
waasmedic.20231226_194017_415.etl,\Windows\Logs\waasmedic\waasmedic.20231226_194017_415.etl,,1720512112,2.1900723738331107e-05,0.0021900723738331107,False,<50%
waasmedic.20231226_204017_400.etl,\Windows\Logs\waasmedic\waasmedic.20231226_204017_400.etl,,1721279776,2.1900723738331107e-05,0.0021900723738331107,False,<50%
waasmedic.20231226_214017_430.etl,\Windows\Logs\waasmedic\waasmedic.20231226_214017_430.etl,,1722032752,2.1900723738331107e-05,0.0021900723738331107,False,<50%
waasmedic.20231226_224017_429.etl,\Windows\Logs\waasmedic\waasmedic.20231226_224017_429.etl,,1722784720,2.1900723738331107e-05,0.0021900723738331107,False,<50%
waasmedic.20231226_233512_253.etl,\Windows\Logs\waasmedic\waasmedic.20231226_233512_253.etl,,1723487680,2.1900723738331107e-05,0.0021900723738331107,False,<50%
waasmedic.20231226_234749_320.etl,\Windows\Logs\waasmedic\waasmedic.20231226_234749_320.etl,,1723657992,2.1900723738331107e-05,0.0021900723738331107,False,<50%
waasmedic.20231227_004749_644.etl,\Windows\Logs\waasmedic\waasmedic.20231227_004749_644.etl,,1724423648,2.1900723738331107e-05,0.0021900723738331107,False,<50%
waasmedic.20231227_014749_641.etl,\Windows\Logs\waasmedic\waasmedic.20231227_014749_641.etl,,1725180160,2.1900723738331107e-05,0.0021900723738331107,False,<50%
waasmedic.20231227_024749_657.etl,\Windows\Logs\waasmedic\waasmedic.20231227_024749_657.etl,,1726039328,2.1900723738331107e-05,0.0021900723738331107,False,<50%
waasmedic.20231227_033941_850.etl,\Windows\Logs\waasmedic\waasmedic.20231227_033941_850.etl,,1726710352,2.1900723738331107e-05,0.0021900723738331107,False,<50%
waasmedic.20231227_034749_496.etl,\Windows\Logs\waasmedic\waasmedic.20231227_034749_496.etl,,1726835416,2.1900723738331107e-05,0.0021900723738331107,False,<50%
waasmedic.20231227_041751_890.etl,\Windows\Logs\waasmedic\waasmedic.20231227_041751_890.etl,,1727243320,2.1900723738331107e-05,0.0021900723738331107,False,<50%
waasmedic.20231227_051752_153.etl,\Windows\Logs\waasmedic\waasmedic.20231227_051752_153.etl,,1728007664,2.1900723738331107e-05,0.0021900723738331107,False,<50%
waasmedic.20231227_061752_140.etl,\Windows\Logs\waasmedic\waasmedic.20231227_061752_140.etl,,1728751696,2.1900723738331107e-05,0.0021900723738331107,False,<50%
waasmedic.20231227_071216_499.etl,\Windows\Logs\waasmedic\waasmedic.20231227_071216_499.etl,,1729441792,2.1900723738331107e-05,0.0021900723738331107,False,<50%
waasmedic.20231227_081216_810.etl,\Windows\Logs\waasmedic\waasmedic.20231227_081216_810.etl,,1730204576,2.1900723738331107e-05,0.0021900723738331107,False,<50%
waasmedic.20231227_083344_645.etl,\Windows\Logs\waasmedic\waasmedic.20231227_083344_645.etl,,1730489104,2.1900723738331107e-05,0.0021900723738331107,False,<50%
waasmedic.20231227_093344_949.etl,\Windows\Logs\waasmedic\waasmedic.20231227_093344_949.etl,,1731341360,2.1900723738331107e-05,0.0021900723738331107,False,<50%
waasmedic.20231227_103344_942.etl,\Windows\Logs\waasmedic\waasmedic.20231227_103344_942.etl,,1732146776,2.1900723738331107e-05,0.0021900723738331107,False,<50%
waasmedic.20231227_113344_989.etl,\Windows\Logs\waasmedic\waasmedic.20231227_113344_989.etl,,1732907136,2.1900723738331107e-05,0.0021900723738331107,False,<50%
waasmedic.20231227_123344_980.etl,\Windows\Logs\waasmedic\waasmedic.20231227_123344_980.etl,,1733669256,2.1900723738331107e-05,0.0021900723738331107,False,<50%
waasmedic.20231227_133344_963.etl,\Windows\Logs\waasmedic\waasmedic.20231227_133344_963.etl,,1734433200,2.1900723738331107e-05,0.0021900723738331107,False,<50%
waasmedic.20231228_012134_744.etl,\Windows\Logs\waasmedic\waasmedic.20231228_012134_744.etl,,1742294576,2.1900723738331107e-05,0.0021900723738331107,False,<50%
waasmedic.20231228_012340_598.etl,\Windows\Logs\waasmedic\waasmedic.20231228_012340_598.etl,,1742839152,2.1900723738331107e-05,0.0021900723738331107,False,<50%
waasmedic.20231228_012813_969.etl,\Windows\Logs\waasmedic\waasmedic.20231228_012813_969.etl,,1743061552,2.1900723738331107e-05,0.0021900723738331107,False,<50%
waasmedic.20231228_022814_285.etl,\Windows\Logs\waasmedic\waasmedic.20231228_022814_285.etl,,1744153008,2.1900723738331107e-05,0.0021900723738331107,False,<50%
waasmedic.20231228_032814_245.etl,\Windows\Logs\waasmedic\waasmedic.20231228_032814_245.etl,,1744943536,2.1900723738331107e-05,0.0021900723738331107,False,<50%
waasmedic.20231228_042814_441.etl,\Windows\Logs\waasmedic\waasmedic.20231228_042814_441.etl,,1745725608,2.1900723738331107e-05,0.0021900723738331107,False,<50%
waasmedic.20231228_052814_275.etl,\Windows\Logs\waasmedic\waasmedic.20231228_052814_275.etl,,1746562384,2.1900723738331107e-05,0.0021900723738331107,False,<50%
waasmedic.20231228_062814_282.etl,\Windows\Logs\waasmedic\waasmedic.20231228_062814_282.etl,,1747354256,2.1900723738331107e-05,0.0021900723738331107,False,<50%
waasmedic.20231228_072814_308.etl,\Windows\Logs\waasmedic\waasmedic.20231228_072814_308.etl,,1748187048,2.1900723738331107e-05,0.0021900723738331107,False,<50%
waasmedic.20231228_082814_321.etl,\Windows\Logs\waasmedic\waasmedic.20231228_082814_321.etl,,1748985768,2.1900723738331107e-05,0.0021900723738331107,False,<50%
waasmedic.20231228_092814_320.etl,\Windows\Logs\waasmedic\waasmedic.20231228_092814_320.etl,,1749870000,2.1900723738331107e-05,0.0021900723738331107,False,<50%
waasmedic.20231228_102814_363.etl,\Windows\Logs\waasmedic\waasmedic.20231228_102814_363.etl,,1750678432,2.1900723738331107e-05,0.0021900723738331107,False,<50%
waasmedic.20231228_112814_354.etl,\Windows\Logs\waasmedic\waasmedic.20231228_112814_354.etl,,1751476656,2.1900723738331107e-05,0.0021900723738331107,False,<50%
waasmedic.20231228_122814_373.etl,\Windows\Logs\waasmedic\waasmedic.20231228_122814_373.etl,,1752274352,2.1900723738331107e-05,0.0021900723738331107,False,<50%
waasmedic.20231228_132814_377.etl,\Windows\Logs\waasmedic\waasmedic.20231228_132814_377.etl,,1753080976,2.1900723738331107e-05,0.0021900723738331107,False,<50%
waasmedic.20231228_142814_387.etl,\Windows\Logs\waasmedic\waasmedic.20231228_142814_387.etl,,1753947760,2.1900723738331107e-05,0.0021900723738331107,False,<50%
waasmedic.20231230_171520_750.etl,\Windows\Logs\waasmedic\waasmedic.20231230_171520_750.etl,,1754157472,2.1900723738331107e-05,0.0021900723738331107,False,<50%
waasmedic.20231230_172013_025.etl,\Windows\Logs\waasmedic\waasmedic.20231230_172013_025.etl,,1754499552,2.1900723738331107e-05,0.0021900723738331107,False,<50%
WaasRemediation.003.etl,\Windows\Logs\waasmediccapsule\WaasRemediation.003.etl,,1754582016,2.1900723738331107e-05,0.0021900723738331107,False,<50%
WaasRemediation.004.etl,\Windows\Logs\waasmediccapsule\WaasRemediation.004.etl,,1749756672,2.1900723738331107e-05,0.0021900723738331107,False,<50%
wct1790.tmp,\Users\blueangel\AppData\Local\Temp\wct1790.tmp,,1754576888,2.1788269298497864e-05,0.0021788269298497866,False,<50%
wct279F.tmp,\Users\blueangel\AppData\Local\Temp\wct279F.tmp,,1754577064,2.1788269298497864e-05,0.0021788269298497866,False,<50%
wct28F8.tmp,\Users\blueangel\AppData\Local\Temp\wct28F8.tmp,,1754577240,2.1788269298497864e-05,0.0021788269298497866,False,<50%
wct2D7C.tmp,\Users\blueangel\AppData\Local\Temp\wct2D7C.tmp,,1754577416,2.1788269298497864e-05,0.0021788269298497866,False,<50%
wct2D7D.tmp,\Users\blueangel\AppData\Local\Temp\wct2D7D.tmp,,1754577592,2.1788269298497864e-05,0.0021788269298497866,False,<50%
wct7404.tmp,\Windows\Temp\wct7404.tmp,,1754581392,2.5038840889343504e-05,0.0025038840889343504,False,<50%
wct8971.tmp,\Users\blueangel\AppData\Local\Temp\wct8971.tmp,,1754577768,2.1788269298497864e-05,0.0021788269298497866,False,<50%
wctB8EF.tmp,\Users\blueangel\AppData\Local\Temp\wctB8EF.tmp,,1749752704,2.1788269298497864e-05,0.0021788269298497866,False,<50%
wctBA29.tmp,\Users\blueangel\AppData\Local\Temp\wctBA29.tmp,,1749752880,2.1788269298497864e-05,0.0021788269298497866,False,<50%
wctD979.tmp,\Windows\Temp\wctD979.tmp,,1749756048,2.5038840889343504e-05,0.0025038840889343504,False,<50%
wctD97A.tmp,\Users\blueangel\AppData\Local\Temp\wctD97A.tmp,,1749753056,2.1788269298497864e-05,0.0021788269298497866,False,<50%
wctD998.tmp,\Users\blueangel\AppData\Local\Temp\wctD998.tmp,,1749753232,2.1788269298497864e-05,0.0021788269298497866,False,<50%
wctD99A.tmp,\Users\blueangel\AppData\Local\Temp\wctD99A.tmp,,1749753408,2.1788269298497864e-05,0.0021788269298497866,False,<50%
wctEF7C.tmp,\Users\blueangel\AppData\Local\Temp\wctEF7C.tmp,,1754577944,2.1788269298497864e-05,0.0021788269298497866,False,<50%
WdiContextLog.etl.003,\Windows\System32\WDI\LogFiles\WdiContextLog.etl.003,,1742284728,2.190072381214231e-05,0.002190072381214231,False,<50%
Web Data,,,1726984096,2.190103218116111e-05,0.0021901032181161108,False,<50%
webcompat-reporter@mozilla.org.xpi,\Program Files\Mozilla Firefox\browser\features\webcompat-reporter@mozilla.org.xpi,,1720422016,2.1900727042538807e-05,0.002190072704253881,False,<50%
webcompat@mozilla.org.xpi,\Program Files\Mozilla Firefox\browser\features\webcompat@mozilla.org.xpi,,1720422624,2.1900727042538807e-05,0.002190072704253881,False,<50%
wfpdiag.etl,\ProgramData\Microsoft\Windows\wfp\wfpdiag.etl,,1742357928,2.190072381214231e-05,0.002190072381214231,False,<50%
Wifi.etl,\Windows\System32\LogFiles\WMI\Wifi.etl,,1742286848,2.190072381214231e-05,0.002190072381214231,False,<50%
WimProvider.dll,,,1730538336,2.1901032206307905e-05,0.0021901032206307906,False,<50%
WimProvider.dll.mui,,,1730530480,2.190103218116111e-05,0.0021901032181161108,False,<50%
WindowsUpdate.20231225.164824.113.70.etl,\Windows\Temp\_2D2C03B5-EB58-4337-86B0-5384D5891301\WindowsUpdate.20231225.164824.113.70.etl,,1742464560,2.1833851712480077e-05,0.0021833851712480075,False,<50%
WindowsUpdate.20231225.164824.113.71.etl,\Windows\Temp\_2D2C03B5-EB58-4337-86B0-5384D5891301\WindowsUpdate.20231225.164824.113.71.etl,,1742466896,2.1833851712480077e-05,0.0021833851712480075,False,<50%
WindowsUpdate.20231225.164824.113.72.etl,\Windows\Temp\_E010CF14-8D9A-43B4-B324-F502F5B86CDE\WindowsUpdate.20231225.164824.113.72.etl,10586750270.0,1742467648,0.9997776876732418,99.97776876732418,True,90-100%
WindowsUpdate.20231225.164824.113.73.etl,\Windows\Temp\_E010CF14-8D9A-43B4-B324-F502F5B86CDE\WindowsUpdate.20231225.164824.113.73.etl,10586751309.0,1742468720,0.9997776876732418,99.97776876732418,True,90-100%
WindowsUpdate.20231225.164824.113.74.etl,\Windows\Temp\_E010CF14-8D9A-43B4-B324-F502F5B86CDE\WindowsUpdate.20231225.164824.113.74.etl,10586752139.0,1742469440,0.9997776876732418,99.97776876732418,True,90-100%
WindowsUpdate.20231225.164824.113.75.etl,\Windows\Temp\_E010CF14-8D9A-43B4-B324-F502F5B86CDE\WindowsUpdate.20231225.164824.113.75.etl,10586752912.0,1742470160,0.9997776876732418,99.97776876732418,True,90-100%
WindowsUpdate.20231225.164824.113.76.etl,\Windows\Temp\_E010CF14-8D9A-43B4-B324-F502F5B86CDE\WindowsUpdate.20231225.164824.113.76.etl,10586753694.0,1742470880,0.9997776876732418,99.97776876732418,True,90-100%
WindowsUpdate.20231225.164824.113.77.etl,\Windows\Temp\_E010CF14-8D9A-43B4-B324-F502F5B86CDE\WindowsUpdate.20231225.164824.113.77.etl,10586754471.0,1742471600,0.9997776876732418,99.97776876732418,True,90-100%
WindowsUpdate.20231225.164824.113.78.etl,\Windows\Temp\_E010CF14-8D9A-43B4-B324-F502F5B86CDE\WindowsUpdate.20231225.164824.113.78.etl,10586755252.0,1742472408,0.9997776876732418,99.97776876732418,True,90-100%
WindowsUpdate.20231225.164824.113.79.etl,\Windows\Temp\_E010CF14-8D9A-43B4-B324-F502F5B86CDE\WindowsUpdate.20231225.164824.113.79.etl,10586756074.0,1742473232,0.9997776876732418,99.97776876732418,True,90-100%
WindowsUpdate.20231225.164824.113.80.etl,\Windows\Temp\_E010CF14-8D9A-43B4-B324-F502F5B86CDE\WindowsUpdate.20231225.164824.113.80.etl,10586756950.0,1742473952,0.9997776876732418,99.97776876732418,True,90-100%
WindowsUpdate.20231225.164824.113.81.etl,\Windows\Temp\_E010CF14-8D9A-43B4-B324-F502F5B86CDE\WindowsUpdate.20231225.164824.113.81.etl,10586757735.0,1742474672,0.9997776876732418,99.97776876732418,True,90-100%
WindowsUpdate.20231225.164824.113.82.etl,\Windows\Temp\_E010CF14-8D9A-43B4-B324-F502F5B86CDE\WindowsUpdate.20231225.164824.113.82.etl,10586758599.0,1742475408,0.9997776876732418,99.97776876732418,True,90-100%
WindowsUpdate.20231225.164824.113.83.etl,\Windows\Temp\_E010CF14-8D9A-43B4-B324-F502F5B86CDE\WindowsUpdate.20231225.164824.113.83.etl,10586759380.0,1742477208,0.9997776876732418,99.97776876732418,True,90-100%
WindowsUpdate.20231225.164824.113.84.etl,\Windows\Temp\_E010CF14-8D9A-43B4-B324-F502F5B86CDE\WindowsUpdate.20231225.164824.113.84.etl,10586760153.0,1742478088,0.9997776876732418,99.97776876732418,True,90-100%
WindowsUpdate.20231225.164824.113.85.etl,\Windows\Temp\_E010CF14-8D9A-43B4-B324-F502F5B86CDE\WindowsUpdate.20231225.164824.113.85.etl,10586761067.0,1742478984,0.9997776876732418,99.97776876732418,True,90-100%
WindowsUpdate.20231225.164824.113.86.etl,\Windows\Temp\_E010CF14-8D9A-43B4-B324-F502F5B86CDE\WindowsUpdate.20231225.164824.113.86.etl,10586762578.0,1742479944,0.9997776876732418,99.97776876732418,True,90-100%
WindowsUpdate.20231225.164824.113.87.etl,\Windows\Temp\_E010CF14-8D9A-43B4-B324-F502F5B86CDE\WindowsUpdate.20231225.164824.113.87.etl,10586763361.0,1742480664,0.9997776876732418,99.97776876732418,True,90-100%
WindowsUpdate.20231225.164824.113.88.etl,\Windows\Temp\_E010CF14-8D9A-43B4-B324-F502F5B86CDE\WindowsUpdate.20231225.164824.113.88.etl,10586764256.0,1742481384,0.9997776876732418,99.97776876732418,True,90-100%
WindowsUpdate.20231225.164824.113.89.etl,\Windows\Temp\_E010CF14-8D9A-43B4-B324-F502F5B86CDE\WindowsUpdate.20231225.164824.113.89.etl,10586765042.0,1742482368,0.9997776876732418,99.97776876732418,True,90-100%
WindowsUpdate.20231225.173759.428.1.etl,\Windows\Temp\_E010CF14-8D9A-43B4-B324-F502F5B86CDE\WindowsUpdate.20231225.173759.428.1.etl,10586765898.0,1742483088,0.9997399698607418,99.97399698607417,True,90-100%
WindowsUpdate.20231225.173759.428.2.etl,\Windows\Temp\_E010CF14-8D9A-43B4-B324-F502F5B86CDE\WindowsUpdate.20231225.173759.428.2.etl,10586766669.0,1742483888,0.9997399698607418,99.97399698607417,True,90-100%
WindowsUpdate.20231225.175817.420.1.etl,\Windows\Temp\_E010CF14-8D9A-43B4-B324-F502F5B86CDE\WindowsUpdate.20231225.175817.420.1.etl,10586767448.0,1742484608,0.9997399698607418,99.97399698607417,True,90-100%
WindowsUpdate.20231225.181843.333.1.etl,\Windows\Temp\_E010CF14-8D9A-43B4-B324-F502F5B86CDE\WindowsUpdate.20231225.181843.333.1.etl,10586768219.0,1742485328,0.9997399698607418,99.97399698607417,True,90-100%
WindowsUpdate.20231225.183040.874.1.etl,\Windows\Temp\_E010CF14-8D9A-43B4-B324-F502F5B86CDE\WindowsUpdate.20231225.183040.874.1.etl,10586768998.0,1742486048,0.9997399698607418,99.97399698607417,True,90-100%
WindowsUpdate.20231225.184944.109.1.etl,\Windows\Temp\_E010CF14-8D9A-43B4-B324-F502F5B86CDE\WindowsUpdate.20231225.184944.109.1.etl,10586769783.0,1742486768,0.9997399698607418,99.97399698607417,True,90-100%
WindowsUpdate.20231225.191048.081.1.etl,\Windows\Temp\_E010CF14-8D9A-43B4-B324-F502F5B86CDE\WindowsUpdate.20231225.191048.081.1.etl,10586770611.0,1742487552,0.9997399698607418,99.97399698607417,True,90-100%
WindowsUpdate.20231225.193041.301.1.etl,\Windows\Temp\_E010CF14-8D9A-43B4-B324-F502F5B86CDE\WindowsUpdate.20231225.193041.301.1.etl,10586771382.0,1742488272,0.9997399698607418,99.97399698607417,True,90-100%
WindowsUpdate.20231225.203041.323.1.etl,\Windows\Temp\_E010CF14-8D9A-43B4-B324-F502F5B86CDE\WindowsUpdate.20231225.203041.323.1.etl,10586772161.0,1742489296,0.9997399698607418,99.97399698607417,True,90-100%
WindowsUpdate.20231225.213041.312.1.etl,\Windows\Temp\_E010CF14-8D9A-43B4-B324-F502F5B86CDE\WindowsUpdate.20231225.213041.312.1.etl,10586778801.0,1742490016,0.9997399698607418,99.97399698607417,True,90-100%
WindowsUpdate.20231225.223041.336.1.etl,\Windows\Temp\_E010CF14-8D9A-43B4-B324-F502F5B86CDE\WindowsUpdate.20231225.223041.336.1.etl,10586779572.0,1742490736,0.9997399698607418,99.97399698607417,True,90-100%
WindowsUpdate.20231225.231817.373.1.etl,\Windows\Temp\_E010CF14-8D9A-43B4-B324-F502F5B86CDE\WindowsUpdate.20231225.231817.373.1.etl,10586780401.0,1742491456,0.9997399698607418,99.97399698607417,True,90-100%
WindowsUpdate.20231225.235013.988.1.etl,\Windows\Temp\_E010CF14-8D9A-43B4-B324-F502F5B86CDE\WindowsUpdate.20231225.235013.988.1.etl,10586781222.0,1742492224,0.9997399698607418,99.97399698607417,True,90-100%
WindowsUpdate.20231226.000148.623.1.etl,\Windows\Temp\_E010CF14-8D9A-43B4-B324-F502F5B86CDE\WindowsUpdate.20231226.000148.623.1.etl,10586782077.0,1742492944,0.9997399698607418,99.97399698607417,True,90-100%
WindowsUpdate.20231226.001944.806.1.etl,\Windows\Temp\_E010CF14-8D9A-43B4-B324-F502F5B86CDE\WindowsUpdate.20231226.001944.806.1.etl,10586784595.0,1742493664,0.9997399698607418,99.97399698607417,True,90-100%
WindowsUpdate.20231226.005434.402.1.etl,\Windows\Temp\_E010CF14-8D9A-43B4-B324-F502F5B86CDE\WindowsUpdate.20231226.005434.402.1.etl,10586785377.0,1742494384,0.9997399698607418,99.97399698607417,True,90-100%
WindowsUpdate.20231226.010558.490.1.etl,\Windows\Temp\_E010CF14-8D9A-43B4-B324-F502F5B86CDE\WindowsUpdate.20231226.010558.490.1.etl,10586786148.0,1742495104,0.9997399698607418,99.97399698607417,True,90-100%
WindowsUpdate.20231227.004534.197.1.etl,\Windows\Temp\_E010CF14-8D9A-43B4-B324-F502F5B86CDE\WindowsUpdate.20231227.004534.197.1.etl,10586787006.0,1742495888,0.9997399698607418,99.97399698607417,True,90-100%
WindowsUpdate.20231227.014918.931.1.etl,\Windows\Temp\_E010CF14-8D9A-43B4-B324-F502F5B86CDE\WindowsUpdate.20231227.014918.931.1.etl,10586787777.0,1742496608,0.9997399698607418,99.97399698607417,True,90-100%
WindowsUpdate.20231227.024016.873.1.etl,\Windows\Temp\_E010CF14-8D9A-43B4-B324-F502F5B86CDE\WindowsUpdate.20231227.024016.873.1.etl,10586788558.0,1742497328,0.9997399698607418,99.97399698607417,True,90-100%
WindowsUpdate.20231227.034017.132.1.etl,\Windows\Temp\_E010CF14-8D9A-43B4-B324-F502F5B86CDE\WindowsUpdate.20231227.034017.132.1.etl,10586789503.0,1719755632,0.9997399698607418,99.97399698607417,True,90-100%
WindowsUpdate.20231227.040129.253.1.etl,\Windows\Temp\_E010CF14-8D9A-43B4-B324-F502F5B86CDE\WindowsUpdate.20231227.040129.253.1.etl,10586790274.0,1719895184,0.9997399698607418,99.97399698607417,True,90-100%
WindowsUpdate.20231227.044017.181.1.etl,\Windows\Temp\_E010CF14-8D9A-43B4-B324-F502F5B86CDE\WindowsUpdate.20231227.044017.181.1.etl,10586791771.0,1720510800,0.9997399698607418,99.97399698607417,True,90-100%
WindowsUpdate.20231227.054017.182.1.etl,\Windows\Temp\_E010CF14-8D9A-43B4-B324-F502F5B86CDE\WindowsUpdate.20231227.054017.182.1.etl,10586792550.0,1721278464,0.9997399698607418,99.97399698607417,True,90-100%
WindowsUpdate.20231227.064017.196.1.etl,\Windows\Temp\_E010CF14-8D9A-43B4-B324-F502F5B86CDE\WindowsUpdate.20231227.064017.196.1.etl,10586793321.0,1722031232,0.9997399698607418,99.97399698607417,True,90-100%
WindowsUpdate.20231227.074017.195.1.etl,\Windows\Temp\_E010CF14-8D9A-43B4-B324-F502F5B86CDE\WindowsUpdate.20231227.074017.195.1.etl,10586794100.0,1722783408,0.9997399698607418,99.97399698607417,True,90-100%
WindowsUpdate.20231227.083512.034.1.etl,\Windows\Temp\_E010CF14-8D9A-43B4-B324-F502F5B86CDE\WindowsUpdate.20231227.083512.034.1.etl,10586794871.0,1723485360,0.9997399698607418,99.97399698607417,True,90-100%
WindowsUpdate.20231227.084749.101.1.etl,\Windows\Temp\_E010CF14-8D9A-43B4-B324-F502F5B86CDE\WindowsUpdate.20231227.084749.101.1.etl,10586795650.0,1723655312,0.9997399698607418,99.97399698607417,True,90-100%
WindowsUpdate.20231227.094749.424.1.etl,\Windows\Temp\_E010CF14-8D9A-43B4-B324-F502F5B86CDE\WindowsUpdate.20231227.094749.424.1.etl,10586796470.0,1724422336,0.9997399698607418,99.97399698607417,True,90-100%
WindowsUpdate.20231227.104749.422.1.etl,\Windows\Temp\_E010CF14-8D9A-43B4-B324-F502F5B86CDE\WindowsUpdate.20231227.104749.422.1.etl,10586797249.0,1725178848,0.9997399698607418,99.97399698607417,True,90-100%
WindowsUpdate.20231227.114749.422.1.etl,\Windows\Temp\_E010CF14-8D9A-43B4-B324-F502F5B86CDE\WindowsUpdate.20231227.114749.422.1.etl,10586798020.0,1726038016,0.9997399698607418,99.97399698607417,True,90-100%
WindowsUpdate.20231227.123941.413.1.etl,\Windows\Temp\_E010CF14-8D9A-43B4-B324-F502F5B86CDE\WindowsUpdate.20231227.123941.413.1.etl,10586798799.0,1726702424,0.9997399698607418,99.97399698607417,True,90-100%
WindowsUpdate.20231227.131751.671.1.etl,\Windows\Temp\_E010CF14-8D9A-43B4-B324-F502F5B86CDE\WindowsUpdate.20231227.131751.671.1.etl,10586799637.0,1727241168,0.9997399698607418,99.97399698607417,True,90-100%
WindowsUpdate.20231227.141751.921.1.etl,\Windows\Temp\_E010CF14-8D9A-43B4-B324-F502F5B86CDE\WindowsUpdate.20231227.141751.921.1.etl,10586800462.0,1728004912,0.9997399698607418,99.97399698607417,True,90-100%
WindowsUpdate.20231227.151751.922.1.etl,\Windows\Temp\_E010CF14-8D9A-43B4-B324-F502F5B86CDE\WindowsUpdate.20231227.151751.922.1.etl,10586801241.0,1728750384,0.9997399698607418,99.97399698607417,True,90-100%
WindowsUpdate.20231227.161216.280.1.etl,\Windows\Temp\_E010CF14-8D9A-43B4-B324-F502F5B86CDE\WindowsUpdate.20231227.161216.280.1.etl,10586802668.0,1729439936,0.9997399698607418,99.97399698607417,True,90-100%
WindowsUpdate.20231227.171216.576.1.etl,\Windows\Temp\_E010CF14-8D9A-43B4-B324-F502F5B86CDE\WindowsUpdate.20231227.171216.576.1.etl,10586803506.0,1730203232,0.9997399698607418,99.97399698607417,True,90-100%
WindowsUpdate.20231227.173344.426.1.etl,\Windows\Temp\_E010CF14-8D9A-43B4-B324-F502F5B86CDE\WindowsUpdate.20231227.173344.426.1.etl,10586804285.0,1730487440,0.9997399698607418,99.97399698607417,True,90-100%
WindowsUpdate.20231227.183344.727.1.etl,\Windows\Temp\_E010CF14-8D9A-43B4-B324-F502F5B86CDE\WindowsUpdate.20231227.183344.727.1.etl,10586805056.0,1731340048,0.9997399698607418,99.97399698607417,True,90-100%
WindowsUpdate.20231227.193344.723.1.etl,\Windows\Temp\_E010CF14-8D9A-43B4-B324-F502F5B86CDE\WindowsUpdate.20231227.193344.723.1.etl,10586805884.0,1732145464,0.9997399698607418,99.97399698607417,True,90-100%
WindowsUpdate.20231227.203344.753.1.etl,\Windows\Temp\_E010CF14-8D9A-43B4-B324-F502F5B86CDE\WindowsUpdate.20231227.203344.753.1.etl,10586806655.0,1732905728,0.9997399698607418,99.97399698607417,True,90-100%
WindowsUpdate.20231227.213344.760.1.etl,\Windows\Temp\_E010CF14-8D9A-43B4-B324-F502F5B86CDE\WindowsUpdate.20231227.213344.760.1.etl,10586808178.0,1733667872,0.9997399698607418,99.97399698607417,True,90-100%
WindowsUpdate.20231227.223344.729.1.etl,\Windows\Temp\_E010CF14-8D9A-43B4-B324-F502F5B86CDE\WindowsUpdate.20231227.223344.729.1.etl,10586808957.0,1734431888,0.9997399698607418,99.97399698607417,True,90-100%
WindowsUpdate.20231228.020554.227.1.etl,\Windows\Temp\_E010CF14-8D9A-43B4-B324-F502F5B86CDE\WindowsUpdate.20231228.020554.227.1.etl,10586809728.0,1736105544,0.9997399698607418,99.97399698607417,True,90-100%
WindowsUpdate.20231228.102219.679.1.etl,\Windows\Temp\_E010CF14-8D9A-43B4-B324-F502F5B86CDE\WindowsUpdate.20231228.102219.679.1.etl,10586810556.0,1742407928,0.9997399698607418,99.97399698607417,True,90-100%
WindowsUpdate.20231228.112814.052.1.etl,\Windows\Temp\_E010CF14-8D9A-43B4-B324-F502F5B86CDE\WindowsUpdate.20231228.112814.052.1.etl,10586811882.0,1744151696,0.9997399698607418,99.97399698607417,True,90-100%
WindowsUpdate.20231228.122814.011.1.etl,\Windows\Temp\_E010CF14-8D9A-43B4-B324-F502F5B86CDE\WindowsUpdate.20231228.122814.011.1.etl,10586812909.0,1744942224,0.9997399698607418,99.97399698607417,True,90-100%
WindowsUpdate.20231228.132814.206.1.etl,\Windows\Temp\_E010CF14-8D9A-43B4-B324-F502F5B86CDE\WindowsUpdate.20231228.132814.206.1.etl,10586813688.0,1745724208,0.9997399698607418,99.97399698607417,True,90-100%
WindowsUpdate.20231228.142814.057.1.etl,\Windows\Temp\_E010CF14-8D9A-43B4-B324-F502F5B86CDE\WindowsUpdate.20231228.142814.057.1.etl,10586815618.0,1746560928,0.9997399698607418,99.97399698607417,True,90-100%
WindowsUpdate.20231228.152814.063.1.etl,\Windows\Temp\_E010CF14-8D9A-43B4-B324-F502F5B86CDE\WindowsUpdate.20231228.152814.063.1.etl,10586816796.0,1747352896,0.9997399698607418,99.97399698607417,True,90-100%
WindowsUpdate.20231228.162814.074.1.etl,\Windows\Temp\_E010CF14-8D9A-43B4-B324-F502F5B86CDE\WindowsUpdate.20231228.162814.074.1.etl,10586818429.0,1748185736,0.9997399698607418,99.97399698607417,True,90-100%
WindowsUpdate.20231228.172814.102.1.etl,\Windows\Temp\_E010CF14-8D9A-43B4-B324-F502F5B86CDE\WindowsUpdate.20231228.172814.102.1.etl,10586819572.0,1748984456,0.9997399698607418,99.97399698607417,True,90-100%
WindowsUpdate.20231228.182814.085.1.etl,\Windows\Temp\_E010CF14-8D9A-43B4-B324-F502F5B86CDE\WindowsUpdate.20231228.182814.085.1.etl,10586821477.0,1749868688,0.9997399698607418,99.97399698607417,True,90-100%
WindowsUpdate.20231228.192814.145.1.etl,\Windows\Temp\_E010CF14-8D9A-43B4-B324-F502F5B86CDE\WindowsUpdate.20231228.192814.145.1.etl,10586822256.0,1750677120,0.9997399698607418,99.97399698607417,True,90-100%
WindowsUpdate.20231228.202814.135.1.etl,\Windows\Temp\_E010CF14-8D9A-43B4-B324-F502F5B86CDE\WindowsUpdate.20231228.202814.135.1.etl,10586823568.0,1751475344,0.9997399698607418,99.97399698607417,True,90-100%
WindowsUpdate.20231228.212814.155.1.etl,\Windows\Temp\_E010CF14-8D9A-43B4-B324-F502F5B86CDE\WindowsUpdate.20231228.212814.155.1.etl,10586824350.0,1752273040,0.9997399698607418,99.97399698607417,True,90-100%
WindowsUpdate.20231228.222814.158.1.etl,\Windows\Temp\_E010CF14-8D9A-43B4-B324-F502F5B86CDE\WindowsUpdate.20231228.222814.158.1.etl,10586830005.0,1753079536,0.9997399698607418,99.97399698607417,True,90-100%
WindowsUpdate.20231228.232814.168.1.etl,\Windows\Temp\_E010CF14-8D9A-43B4-B324-F502F5B86CDE\WindowsUpdate.20231228.232814.168.1.etl,10586842946.0,1753946448,0.9997399698607418,99.97399698607417,True,90-100%
WindowsUpdate.20231231.021522.345.1.etl,\Windows\Temp\_E010CF14-8D9A-43B4-B324-F502F5B86CDE\WindowsUpdate.20231231.021522.345.1.etl,10586843828.0,1754186632,0.9997399698607418,99.97399698607417,True,90-100%
winhex-d.cnt,\Users\blueangel\AppData\Local\Temp\RarSFX1\winhex-d.cnt,,1742868568,2.158464877656569e-05,0.002158464877656569,False,<50%
winhex-d.hlp,\Users\blueangel\AppData\Local\Temp\RarSFX1\winhex-d.hlp,,1742869008,2.158464877656569e-05,0.002158464877656569,False,<50%
winhex.cnt,\Users\blueangel\AppData\Local\Temp\RarSFX1\winhex.cnt,,1742867288,2.158464877656569e-05,0.002158464877656569,False,<50%
WinHex.exe,\Users\blueangel\AppData\Local\Temp\RarSFX1\WinHex.exe,,1742867688,2.158464877656569e-05,0.002158464877656569,False,<50%
winhex.hlp,\Users\blueangel\AppData\Local\Temp\RarSFX1\winhex.hlp,,1742868088,2.158464877656569e-05,0.002158464877656569,False,<50%
WinHex.ico,\Users\blueangel\AppData\Local\Temp\RarSFX1\WinHex.ico,,1742869824,2.158464877656569e-05,0.002158464877656569,False,<50%
WmiApRpl.h,\Windows\INF\WmiApRpl\WmiApRpl.h,,1743034616,2.1900723738331107e-05,0.0021900723738331107,False,<50%
WmiApRpl.ini,\Windows\INF\WmiApRpl\WmiApRpl.ini,,1743035040,2.1900723738331107e-05,0.0021900723738331107,False,<50%
WuProvider.198f28df-aea6-4aea-a0a7-b13434ca8c04.1.etl,\ProgramData\USOShared\Logs\System\WuProvider.198f28df-aea6-4aea-a0a7-b13434ca8c04.1.etl,,1723654832,2.1900726637611e-05,0.0021900726637611,False,<50%
WuProvider.1f2b2b08-aee9-40a5-be81-3234dd29a1ac.1.etl,\ProgramData\USOShared\Logs\System\WuProvider.1f2b2b08-aee9-40a5-be81-3234dd29a1ac.1.etl,,1747352416,2.1900726637611e-05,0.0021900726637611,False,<50%
WuProvider.2b6d3c5f-57e2-4f4e-9139-b74ca9bb381c.1.etl,\ProgramData\USOShared\Logs\System\WuProvider.2b6d3c5f-57e2-4f4e-9139-b74ca9bb381c.1.etl,,1750676640,2.1900726637611e-05,0.0021900726637611,False,<50%
WuProvider.2c0c8bdb-74be-4a28-bf28-f69ef1cbf6cd.1.etl,\ProgramData\USOShared\Logs\System\WuProvider.2c0c8bdb-74be-4a28-bf28-f69ef1cbf6cd.1.etl,,1722030752,2.1900726637611e-05,0.0021900726637611,False,<50%
WuProvider.2d3d1e5e-fab1-43e1-8e87-af5cd2b68f19.1.etl,\ProgramData\USOShared\Logs\System\WuProvider.2d3d1e5e-fab1-43e1-8e87-af5cd2b68f19.1.etl,,1720510320,2.1900726637611e-05,0.0021900726637611,False,<50%
WuProvider.30dec110-d83b-42e1-a4ac-434098ad3bf2.1.etl,\ProgramData\USOShared\Logs\System\WuProvider.30dec110-d83b-42e1-a4ac-434098ad3bf2.1.etl,,1723484880,2.1900726637611e-05,0.0021900726637611,False,<50%
WuProvider.381ffa55-0559-4123-ba62-c90b67863d08.1.etl,\ProgramData\USOShared\Logs\System\WuProvider.381ffa55-0559-4123-ba62-c90b67863d08.1.etl,,1719894704,2.1900726637611e-05,0.0021900726637611,False,<50%
WuProvider.3d846b66-ee13-4f2b-b967-fb7d65646396.1.etl,\ProgramData\USOShared\Logs\System\WuProvider.3d846b66-ee13-4f2b-b967-fb7d65646396.1.etl,,1754174736,2.1900726637611e-05,0.0021900726637611,False,<50%
WuProvider.44d4d434-7040-40a7-be11-3bf2b4365733.1.etl,\ProgramData\USOShared\Logs\System\WuProvider.44d4d434-7040-40a7-be11-3bf2b4365733.1.etl,,1732144928,2.1900726637611e-05,0.0021900726637611,False,<50%
WuProvider.4d32070b-f9d9-4c38-b99f-5cec584dcfef.1.etl,\ProgramData\USOShared\Logs\System\WuProvider.4d32070b-f9d9-4c38-b99f-5cec584dcfef.1.etl,,1726834688,2.1900726637611e-05,0.0021900726637611,False,<50%
WuProvider.5023aabc-ec16-4dfc-8100-837adc277637.1.etl,\ProgramData\USOShared\Logs\System\WuProvider.5023aabc-ec16-4dfc-8100-837adc277637.1.etl,,1751474864,2.1900726637611e-05,0.0021900726637611,False,<50%
WuProvider.56228426-cfac-412a-af9f-14b077bec454.1.etl,\ProgramData\USOShared\Logs\System\WuProvider.56228426-cfac-412a-af9f-14b077bec454.1.etl,,1745723728,2.1900726637611e-05,0.0021900726637611,False,<50%
WuProvider.639d8abc-d518-44b3-8b64-a9373fb290d9.1.etl,\ProgramData\USOShared\Logs\System\WuProvider.639d8abc-d518-44b3-8b64-a9373fb290d9.1.etl,,1731339568,2.1900726637611e-05,0.0021900726637611,False,<50%
WuProvider.6d2b7236-5ca3-4ebe-a136-7bb24fcf0d4f.1.etl,\ProgramData\USOShared\Logs\System\WuProvider.6d2b7236-5ca3-4ebe-a136-7bb24fcf0d4f.1.etl,,1754498824,2.1900726637611e-05,0.0021900726637611,False,<50%
WuProvider.6f085a21-9bbb-4176-8a84-c95d43d0c79f.1.etl,\ProgramData\USOShared\Logs\System\WuProvider.6f085a21-9bbb-4176-8a84-c95d43d0c79f.1.etl,,1729439456,2.1900726637611e-05,0.0021900726637611,False,<50%
WuProvider.709cd9c7-9e01-4c05-a9e6-2976900ca0e5.1.etl,\ProgramData\USOShared\Logs\System\WuProvider.709cd9c7-9e01-4c05-a9e6-2976900ca0e5.1.etl,,1742407272,2.1900726637611e-05,0.0021900726637611,False,<50%
WuProvider.76ac1213-8dda-4ada-9894-458fb4a0356b.1.etl,\ProgramData\USOShared\Logs\System\WuProvider.76ac1213-8dda-4ada-9894-458fb4a0356b.1.etl,,1730486960,2.1900726637611e-05,0.0021900726637611,False,<50%
WuProvider.7df1d78f-8e35-49b2-afeb-6db533119f51.1.etl,\ProgramData\USOShared\Logs\System\WuProvider.7df1d78f-8e35-49b2-afeb-6db533119f51.1.etl,,1748185256,2.1900726637611e-05,0.0021900726637611,False,<50%
WuProvider.7fa9d9e8-54a0-450a-a5ac-db168a23827d.1.etl,\ProgramData\USOShared\Logs\System\WuProvider.7fa9d9e8-54a0-450a-a5ac-db168a23827d.1.etl,,1721277872,2.1900726637611e-05,0.0021900726637611,False,<50%
WuProvider.83249221-6542-4763-8424-577e3714d155.1.etl,\ProgramData\USOShared\Logs\System\WuProvider.83249221-6542-4763-8424-577e3714d155.1.etl,,1753079056,2.1900726637611e-05,0.0021900726637611,False,<50%
WuProvider.874d7992-5963-4c53-bbad-c8a121eebb4d.1.etl,\ProgramData\USOShared\Logs\System\WuProvider.874d7992-5963-4c53-bbad-c8a121eebb4d.1.etl,,1722782928,2.1900726637611e-05,0.0021900726637611,False,<50%
WuProvider.8f5ae979-4ce2-47eb-8b31-b3555d90fdb7.1.etl,\ProgramData\USOShared\Logs\System\WuProvider.8f5ae979-4ce2-47eb-8b31-b3555d90fdb7.1.etl,,1726700248,2.1900726637611e-05,0.0021900726637611,False,<50%
WuProvider.9672d419-171c-4af3-a5fd-b7d3f9f9f06f.1.etl,\ProgramData\USOShared\Logs\System\WuProvider.9672d419-171c-4af3-a5fd-b7d3f9f9f06f.1.etl,,1728004432,2.1900726637611e-05,0.0021900726637611,False,<50%
WuProvider.a5853e06-6bd5-4337-9ed0-455b6c5c714b.1.etl,\ProgramData\USOShared\Logs\System\WuProvider.a5853e06-6bd5-4337-9ed0-455b6c5c714b.1.etl,,1744941744,2.1900726637611e-05,0.0021900726637611,False,<50%
WuProvider.a7c82448-ab0a-45d9-9b65-6a82af359228.1.etl,\ProgramData\USOShared\Logs\System\WuProvider.a7c82448-ab0a-45d9-9b65-6a82af359228.1.etl,,1733667392,2.1900726637611e-05,0.0021900726637611,False,<50%
WuProvider.ae7190a8-b4ff-4a62-9b3a-fca2b8597cef.1.etl,\ProgramData\USOShared\Logs\System\WuProvider.ae7190a8-b4ff-4a62-9b3a-fca2b8597cef.1.etl,,1752272432,2.1900726637611e-05,0.0021900726637611,False,<50%
WuProvider.b8b49273-9352-41c5-b591-7fd932e7be97.1.etl,\ProgramData\USOShared\Logs\System\WuProvider.b8b49273-9352-41c5-b591-7fd932e7be97.1.etl,,1743060816,2.1900726637611e-05,0.0021900726637611,False,<50%
WuProvider.b90b1e9e-a92c-45d5-8795-207baa557c02.1.etl,\ProgramData\USOShared\Logs\System\WuProvider.b90b1e9e-a92c-45d5-8795-207baa557c02.1.etl,,1728749904,2.1900726637611e-05,0.0021900726637611,False,<50%
WuProvider.bf6855a0-6067-425c-9f63-26a4b27e1bb5.1.etl,\ProgramData\USOShared\Logs\System\WuProvider.bf6855a0-6067-425c-9f63-26a4b27e1bb5.1.etl,,1748983976,2.1900726637611e-05,0.0021900726637611,False,<50%
WuProvider.c35004b3-f0fa-400f-8360-e31f03aebde9.1.etl,\ProgramData\USOShared\Logs\System\WuProvider.c35004b3-f0fa-400f-8360-e31f03aebde9.1.etl,,1753945968,2.1900726637611e-05,0.0021900726637611,False,<50%
WuProvider.c6ac4273-75c3-4abc-b184-fe4c3e0d568d.1.etl,\ProgramData\USOShared\Logs\System\WuProvider.c6ac4273-75c3-4abc-b184-fe4c3e0d568d.1.etl,,1726037472,2.1900726637611e-05,0.0021900726637611,False,<50%
WuProvider.cb27f37e-68a5-4ad1-9573-8c8962250563.1.etl,\ProgramData\USOShared\Logs\System\WuProvider.cb27f37e-68a5-4ad1-9573-8c8962250563.1.etl,,1730202752,2.1900726637611e-05,0.0021900726637611,False,<50%
WuProvider.cfd241ad-3016-44d6-b92c-643164e05c24.1.etl,\ProgramData\USOShared\Logs\System\WuProvider.cfd241ad-3016-44d6-b92c-643164e05c24.1.etl,,1744151216,2.1900726637611e-05,0.0021900726637611,False,<50%
WuProvider.d05d19f6-d3c1-4887-88c9-dc670149ba58.1.etl,\ProgramData\USOShared\Logs\System\WuProvider.d05d19f6-d3c1-4887-88c9-dc670149ba58.1.etl,,1725178368,2.1900726637611e-05,0.0021900726637611,False,<50%
WuProvider.d969b152-1f76-4b90-9010-97e89a398106.1.etl,\ProgramData\USOShared\Logs\System\WuProvider.d969b152-1f76-4b90-9010-97e89a398106.1.etl,,1746560448,2.1900726637611e-05,0.0021900726637611,False,<50%
WuProvider.db927176-cb8c-4f83-8eca-a6e7ceaaf4e7.1.etl,\ProgramData\USOShared\Logs\System\WuProvider.db927176-cb8c-4f83-8eca-a6e7ceaaf4e7.1.etl,,1724421856,2.1900726637611e-05,0.0021900726637611,False,<50%
WuProvider.dc285f30-da43-47e7-a467-9a01d9372b68.1.etl,\ProgramData\USOShared\Logs\System\WuProvider.dc285f30-da43-47e7-a467-9a01d9372b68.1.etl,,1727240336,2.1900726637611e-05,0.0021900726637611,False,<50%
WuProvider.f0dab0f0-b1b9-4d99-8b1b-52cc16b8b632.1.etl,\ProgramData\USOShared\Logs\System\WuProvider.f0dab0f0-b1b9-4d99-8b1b-52cc16b8b632.1.etl,,1732905248,2.1900726637611e-05,0.0021900726637611,False,<50%
WuProvider.f1bf8ed3-ad32-4ba4-91de-6ffc96a55e92.1.etl,\ProgramData\USOShared\Logs\System\WuProvider.f1bf8ed3-ad32-4ba4-91de-6ffc96a55e92.1.etl,,1749868136,2.1900726637611e-05,0.0021900726637611,False,<50%
WuProvider.fd8a24ef-5c1b-44ae-8960-214d9b70155e.1.etl,\ProgramData\USOShared\Logs\System\WuProvider.fd8a24ef-5c1b-44ae-8960-214d9b70155e.1.etl,,1734431408,2.1900726637611e-05,0.0021900726637611,False,<50%
xul.dll,\Program Files\Mozilla Firefox\xul.dll,,1720454480,2.1901041006311996e-05,0.0021901041006311996,False,<50%
xul.dll.sig,\Program Files\Mozilla Firefox\xul.dll.sig,,1720454904,2.190103406736146e-05,0.002190103406736146,False,<50%
YXQJ18ZU,\Users\blueangel\AppData\Local\Packages\Microsoft.Windows.Search_cw5n1h2txyewy\AC\INetCache\YXQJ18ZU,,1742440640,2.19007266002962e-05,0.00219007266002962,False,<50%
zlib1.dll,\Users\blueangel\AppData\Local\Temp\RarSFX1\zlib1.dll,,1742869424,2.158464877656569e-05,0.002158464877656569,False,<50%
~ockScreen___1918_0938_notdimmed.tmp,\ProgramData\Microsoft\Windows\SystemData\S-1-5-21-2013336793-2335637549-584498142-1001\ReadOnly\LockScreen_O\~ockScreen___1918_0938_notdimmed.tmp,,1742360712,2.1900718388430178e-05,0.0021900718388430176,False,<50%
