filename,full_path,lf_lsn,usn_usn,confidence_pct,usn_event_time,lf_event,lf_detail,usn_event_info,zero_in_nanoseconds,zero_in_nanoseconds_lf,time_reversal_event,basic_info_changed,cross_artifact_validation_score,cross_artifact_detected,has_logfile_evidence,has_usnjrnl_evidence,lf_creation_time,lf_modified_time,lf_accessed_time,lf_mft_modified_time,timestamp_changed_to_past,using_another_timestamp,modified_creationtime,modified_modifiedtime,modified_accessedtime,zero_nano_time_reversal,path_depth,filename_length,is_executable,is_document,is_archive,is_image
UDD9BA7.tmp,\Windows\Temp\UDD9BA7.tmp,1561268723.0,249670448.0,99.99999252596115,4/6/18 20:42,Time Reversal Event,ModifiedTime : 2018-04-06 20:42:32 -> 2018-04-06 20:42:31/ MFTModifiedTime : 2018-04-06 20:42:32 -> 2018-04-06 20:42:31,Basic_Info_Changed / Data_Added / Data_Overwritten / Data_Truncated / File_Closed,False,False,True,True,1.0,True,True,True,,,,,False,False,False,True,False,False,3,11,False,False,False,False
NVI2_29.DLL,\Windows\Temp\NVI2_29.DLL,1550591603.0,248829072.0,99.99983900529163,4/6/18 20:26,Time Reversal Event,ModifiedTime : 2018-04-06 20:26:30 -> 2017-03-14 22:10:32(Zero in 100-nanoseconds)/ MFTModifiedTime : 2018-04-06 20:26:30 -> 2018-03-27 17:20:07,Basic_Info_Changed / Data_Added / Data_Overwritten / File_Closed,True,True,True,True,1.0,True,True,True,,,,,False,False,False,True,False,True,3,11,False,False,False,False
Set9A39.tmp,\Users\jcloudy\AppData\Local\Temp\Set9A39.tmp,1547477314.0,247687344.0,99.99957463949023,4/6/18 15:34,Time Reversal Event,ModifiedTime : 2018-04-06 15:34:31 -> 2018-04-06 15:24:33,File_Created / Basic_Info_Changed / File_Closed,False,False,True,True,1.0,True,True,True,,,,,False,False,False,True,False,False,6,11,False,False,False,False
Set9A38.tmp,\Users\jcloudy\AppData\Local\Temp\Set9A38.tmp,1547476312.0,247686728.0,99.99957463949023,4/6/18 15:34,Time Reversal Event,ModifiedTime : 2018-04-06 15:34:31 -> 2018-04-06 15:24:33,File_Created / Basic_Info_Changed / File_Closed,False,False,True,True,1.0,True,True,True,,,,,False,False,False,True,False,False,6,11,False,False,False,False
Set9A28.tmp,\Users\jcloudy\AppData\Local\Temp\Set9A28.tmp,1547475274.0,247686112.0,99.99957463949023,4/6/18 15:34,Time Reversal Event,ModifiedTime : 2018-04-06 15:34:31 -> 2018-04-06 15:24:33,File_Created / Basic_Info_Changed / File_Closed,False,False,True,True,1.0,True,True,True,,,,,False,False,False,True,False,False,6,11,False,False,False,False
L1H0D5M9Q72C7SFGA2B2.temp,\Users\jcloudy\AppData\Roaming\Microsoft\Windows\Recent\CustomDestinations\L1H0D5M9Q72C7SFGA2B2.temp,1549705832.0,248350152.0,99.99927970914575,4/6/18 20:26,Time Reversal Event,CreationTime : 2018-04-06 20:26:16 -> 2018-03-28 07:38:25,Basic_Info_Changed / File_Renamed_Old / Access_Right_Changed,False,False,True,True,1.0,True,True,True,,,,,False,False,True,False,False,False,9,25,False,False,False,False
DP2NTHE5F6PYXEVGLOEQ.temp,\Users\jcloudy\AppData\Roaming\Microsoft\Windows\Recent\CustomDestinations\DP2NTHE5F6PYXEVGLOEQ.temp,1561477823.0,249707880.0,99.99927970914575,4/6/18 20:46,Time Reversal Event,CreationTime : 2018-04-06 20:46:39 -> 2018-03-27 17:27:12,Basic_Info_Changed / File_Renamed_Old / Access_Right_Changed,False,False,True,True,1.0,True,True,True,,,,,False,False,True,False,False,False,9,25,False,False,False,False
34409f2c-ddae-4d94-bb88-02df4d6dcfc0.tmp,\Users\jcloudy\AppData\Local\Google\Chrome\User Data\34409f2c-ddae-4d94-bb88-02df4d6dcfc0.tmp,1545916589.0,247351656.0,99.99697816954341,4/6/18 15:15,Time Reversal Event,CreationTime : 2018-04-06 15:15:13 -> 2018-03-27 17:33:01(same as Local State),Basic_Info_Changed / File_Renamed_Old / Access_Right_Changed,False,False,True,True,1.0,True,True,True,,,,,False,False,True,False,False,False,8,40,False,False,False,False
3a9cdbbc-e7ce-4266-8d83-a42e3b4b6b5d.tmp,\Users\jcloudy\AppData\Local\Google\Chrome\User Data\3a9cdbbc-e7ce-4266-8d83-a42e3b4b6b5d.tmp,1548847987.0,248045880.0,99.99697816954341,4/6/18 16:26,Time Reversal Event,CreationTime : 2018-04-06 16:26:14 -> 2018-03-27 17:33:01(same as Local State),Basic_Info_Changed / File_Renamed_Old / Access_Right_Changed,False,False,True,True,1.0,True,True,True,,,,,False,False,True,False,False,False,8,40,False,False,False,False
d258f32c-57dd-4f84-b46f-7f06f6a53a30.tmp,\Users\jcloudy\AppData\Local\Google\Chrome\User Data\d258f32c-57dd-4f84-b46f-7f06f6a53a30.tmp,1545476487.0,247257728.0,99.99697816954341,4/6/18 15:10,Time Reversal Event,CreationTime : 2018-04-06 15:10:20 -> 2018-03-27 17:33:01(same as Local State),Basic_Info_Changed / File_Renamed_Old / Access_Right_Changed,False,False,True,True,1.0,True,True,True,,,,,False,False,True,False,False,False,8,40,False,False,False,False
d3f075f4-741b-45c5-8b32-1402eee65f94.tmp,\Users\jcloudy\AppData\Local\Google\Chrome\User Data\d3f075f4-741b-45c5-8b32-1402eee65f94.tmp,1548503213.0,247907704.0,99.99697816954341,4/6/18 16:25,Time Reversal Event,CreationTime : 2018-04-06 16:25:12 -> 2018-03-27 17:33:01(same as Local State),Basic_Info_Changed / File_Renamed_Old / Access_Right_Changed,False,False,True,True,1.0,True,True,True,,,,,False,False,True,False,False,False,8,40,False,False,False,False
6d365eb6-87d7-44bc-bc4a-e493d38dadfd.tmp,\Users\jcloudy\AppData\Local\Google\Chrome\User Data\6d365eb6-87d7-44bc-bc4a-e493d38dadfd.tmp,1545798480.0,247329448.0,99.99697816954341,4/6/18 15:13,Time Reversal Event,CreationTime : 2018-04-06 15:13:44 -> 2018-03-27 17:33:01(same as Local State),Basic_Info_Changed / File_Renamed_Old / Access_Right_Changed,False,False,True,True,1.0,True,True,True,,,,,False,False,True,False,False,False,8,40,False,False,False,False
991638b4-36c2-44f1-a9f4-91958e14dfee.tmp,\Users\jcloudy\AppData\Local\Google\Chrome\User Data\991638b4-36c2-44f1-a9f4-91958e14dfee.tmp,1545039781.0,247175408.0,99.99697816954341,4/6/18 15:06,Time Reversal Event,CreationTime : 2018-04-06 15:06:07 -> 2018-03-27 17:33:01(same as Local State),Basic_Info_Changed / File_Renamed_Old / Access_Right_Changed,False,False,True,True,1.0,True,True,True,,,,,False,False,True,False,False,False,8,40,False,False,False,False
9a30f7b8-389c-4cf2-9b40-d0123e980fd5.tmp,\Users\jcloudy\AppData\Local\Google\Chrome\User Data\9a30f7b8-389c-4cf2-9b40-d0123e980fd5.tmp,1544970440.0,247164536.0,99.99697816954341,4/6/18 15:05,Time Reversal Event,CreationTime : 2018-04-06 15:05:41 -> 2018-03-27 17:33:01(same as Local State),Basic_Info_Changed / File_Renamed_Old / Access_Right_Changed,False,False,True,True,1.0,True,True,True,,,,,False,False,True,False,False,False,8,40,False,False,False,False
a33c201b-e1a8-4b47-8a72-7119ad46dfe4.tmp,\Users\jcloudy\AppData\Local\Google\Chrome\User Data\a33c201b-e1a8-4b47-8a72-7119ad46dfe4.tmp,1550673209.0,248860160.0,99.99697816954341,4/6/18 20:26,Time Reversal Event,CreationTime : 2018-04-06 20:26:47 -> 2018-03-27 17:33:01(same as Local State),Basic_Info_Changed / File_Renamed_Old / Access_Right_Changed,False,False,True,True,1.0,True,True,True,,,,,False,False,True,False,False,False,8,40,False,False,False,False
da837b60-c04d-46fc-bee3-06270febf556.tmp,\Users\jcloudy\AppData\Local\Google\Chrome\User Data\da837b60-c04d-46fc-bee3-06270febf556.tmp,1545432178.0,247246280.0,99.99697816954341,4/6/18 15:09,Time Reversal Event,CreationTime : 2018-04-06 15:09:48 -> 2018-03-27 17:33:01(same as Local State),Basic_Info_Changed / File_Renamed_Old / Access_Right_Changed,False,False,True,True,1.0,True,True,True,,,,,False,False,True,False,False,False,8,40,False,False,False,False
776c0f61-bafd-466a-887b-b9169f03ded0.tmp,\Users\jcloudy\AppData\Local\Google\Chrome\User Data\776c0f61-bafd-466a-887b-b9169f03ded0.tmp,1548771509.0,248011216.0,99.99697816954341,4/6/18 16:25,Time Reversal Event,CreationTime : 2018-04-06 16:25:41 -> 2018-03-27 17:33:01(same as Local State),Basic_Info_Changed / File_Renamed_Old / Access_Right_Changed,False,False,True,True,1.0,True,True,True,,,,,False,False,True,False,False,False,8,40,False,False,False,False
cdc7a7c2-f3b8-44b9-86dd-340b9b624932.tmp,\Users\jcloudy\AppData\Local\Google\Chrome\User Data\cdc7a7c2-f3b8-44b9-86dd-340b9b624932.tmp,1546437829.0,247431168.0,99.99697816954341,4/6/18 15:20,Time Reversal Event,CreationTime : 2018-04-06 15:20:03 -> 2018-03-27 17:33:01(same as Local State),Basic_Info_Changed / File_Renamed_Old / Access_Right_Changed,False,False,True,True,1.0,True,True,True,,,,,False,False,True,False,False,False,8,40,False,False,False,False
637bb6e6-b108-49b7-b38b-793f68d9e0e1.tmp,\Users\jcloudy\AppData\Local\Google\Chrome\User Data\637bb6e6-b108-49b7-b38b-793f68d9e0e1.tmp,1545898722.0,247346984.0,99.99697816954341,4/6/18 15:14,Time Reversal Event,CreationTime : 2018-04-06 15:14:58 -> 2018-03-27 17:33:01(same as Local State),Basic_Info_Changed / File_Renamed_Old / Access_Right_Changed,False,False,True,True,1.0,True,True,True,,,,,False,False,True,False,False,False,8,40,False,False,False,False
a4b4332a-e1d6-4f56-a580-08e807779f6c.tmp,\Users\jcloudy\AppData\Local\Google\Chrome\User Data\a4b4332a-e1d6-4f56-a580-08e807779f6c.tmp,1546099371.0,247391176.0,99.99697816954341,4/6/18 15:16,Time Reversal Event,CreationTime : 2018-04-06 15:16:46 -> 2018-03-27 17:33:01(same as Local State),Basic_Info_Changed / File_Renamed_Old / Access_Right_Changed,False,False,True,True,1.0,True,True,True,,,,,False,False,True,False,False,False,8,40,False,False,False,False
4248d2c6-3406-4509-a26e-fb406052a869.tmp,\Users\jcloudy\AppData\Local\Google\Chrome\User Data\4248d2c6-3406-4509-a26e-fb406052a869.tmp,1545283565.0,247217976.0,99.99697816954341,4/6/18 15:08,Time Reversal Event,CreationTime : 2018-04-06 15:08:36 -> 2018-03-27 17:33:01(same as Local State),Basic_Info_Changed / File_Renamed_Old / Access_Right_Changed,False,False,True,True,1.0,True,True,True,,,,,False,False,True,False,False,False,8,40,False,False,False,False
2b97eb98-5885-47ca-944d-578f8a5f5a48.tmp,\Users\jcloudy\AppData\Local\Google\Chrome\User Data\2b97eb98-5885-47ca-944d-578f8a5f5a48.tmp,1548397600.0,247862936.0,99.99697816954341,4/6/18 16:24,Time Reversal Event,CreationTime : 2018-04-06 16:24:46 -> 2018-03-27 17:33:01(same as Local State),Basic_Info_Changed / File_Renamed_Old / Access_Right_Changed,False,False,True,True,1.0,True,True,True,,,,,False,False,True,False,False,False,8,40,False,False,False,False
c76939c7-34bc-40d4-aa13-e3d665159d82.tmp,\Users\jcloudy\AppData\Local\Google\Chrome\User Data\c76939c7-34bc-40d4-aa13-e3d665159d82.tmp,1547295270.0,247657416.0,99.99697816954341,4/6/18 15:31,Time Reversal Event,CreationTime : 2018-04-06 15:31:01 -> 2018-03-27 17:33:01(same as Local State),Basic_Info_Changed / File_Renamed_Old / Access_Right_Changed,False,False,True,True,1.0,True,True,True,,,,,False,False,True,False,False,False,8,40,False,False,False,False
62e37d8c-0fae-46a8-9c32-7b071ef56faa.tmp,\Users\jcloudy\AppData\Local\Google\Chrome\User Data\62e37d8c-0fae-46a8-9c32-7b071ef56faa.tmp,1546020275.0,247378888.0,99.99697816954341,4/6/18 15:16,Time Reversal Event,CreationTime : 2018-04-06 15:16:04 -> 2018-03-27 17:33:01(same as Local State),Basic_Info_Changed / File_Renamed_Old / Access_Right_Changed,False,False,True,True,1.0,True,True,True,,,,,False,False,True,False,False,False,8,40,False,False,False,False
607ef65e-61bb-4057-a72b-cdf110b5f30c.tmp,\Users\jcloudy\AppData\Local\Google\Chrome\User Data\607ef65e-61bb-4057-a72b-cdf110b5f30c.tmp,1551158389.0,248972872.0,99.99697816954341,4/6/18 20:34,Time Reversal Event,CreationTime : 2018-04-06 20:34:46 -> 2018-03-27 17:33:01(same as Local State),Basic_Info_Changed / File_Renamed_Old / Access_Right_Changed,False,False,True,True,1.0,True,True,True,,,,,False,False,True,False,False,False,8,40,False,False,False,False
4ddeb532-406a-44e8-9838-5c12297f1d9b.tmp,\Users\jcloudy\AppData\Local\Google\Chrome\User Data\4ddeb532-406a-44e8-9838-5c12297f1d9b.tmp,1549225429.0,248167512.0,99.99697816954341,4/6/18 16:30,Time Reversal Event,CreationTime : 2018-04-06 16:30:53 -> 2018-03-27 17:33:01(same as Local State),Basic_Info_Changed / File_Renamed_Old / Access_Right_Changed,False,False,True,True,1.0,True,True,True,,,,,False,False,True,False,False,False,8,40,False,False,False,False
4e364da1-1c56-44ab-853f-f0f6380dfd1a.tmp,\Users\jcloudy\AppData\Local\Google\Chrome\User Data\4e364da1-1c56-44ab-853f-f0f6380dfd1a.tmp,1545871559.0,247340496.0,99.99697816954341,4/6/18 15:14,Time Reversal Event,CreationTime : 2018-04-06 15:14:43 -> 2018-03-27 17:33:01(same as Local State),Basic_Info_Changed / File_Renamed_Old / Access_Right_Changed,False,False,True,True,1.0,True,True,True,,,,,False,False,True,False,False,False,8,40,False,False,False,False
6039187b-81f3-4f22-a692-c7da5a14898e.tmp,\Users\jcloudy\AppData\Local\Google\Chrome\User Data\6039187b-81f3-4f22-a692-c7da5a14898e.tmp,1550735762.0,248884856.0,99.99697816954341,4/6/18 20:27,Time Reversal Event,CreationTime : 2018-04-06 20:27:17 -> 2018-03-27 17:33:01(same as Local State),Basic_Info_Changed / File_Renamed_Old / Access_Right_Changed,False,False,True,True,1.0,True,True,True,,,,,False,False,True,False,False,False,8,40,False,False,False,False
b1f489f9-f8e7-4847-b980-30ef9e9a874e.tmp,\Users\jcloudy\AppData\Local\Google\Chrome\User Data\b1f489f9-f8e7-4847-b980-30ef9e9a874e.tmp,1546472112.0,247441048.0,99.99697816954341,4/6/18 15:20,Time Reversal Event,CreationTime : 2018-04-06 15:20:24 -> 2018-03-27 17:33:01(same as Local State),Basic_Info_Changed / File_Renamed_Old / Access_Right_Changed,False,False,True,True,1.0,True,True,True,,,,,False,False,True,False,False,False,8,40,False,False,False,False
b23ea4a6-d66d-4321-901b-f7c05ffca1d2.tmp,\Users\jcloudy\AppData\Local\Google\Chrome\User Data\b23ea4a6-d66d-4321-901b-f7c05ffca1d2.tmp,1561648564.0,249743192.0,99.99697816954341,4/6/18 20:49,Time Reversal Event,CreationTime : 2018-04-06 20:49:35 -> 2018-03-27 17:33:01,Basic_Info_Changed / File_Renamed_Old / Access_Right_Changed,False,False,True,True,1.0,True,True,True,,,,,False,False,True,False,False,False,8,40,False,False,False,False
5502a742-4b44-48cc-ab41-025e656be699.tmp,\Users\jcloudy\AppData\Local\Google\Chrome\User Data\5502a742-4b44-48cc-ab41-025e656be699.tmp,1545320873.0,247225688.0,99.99697816954341,4/6/18 15:08,Time Reversal Event,CreationTime : 2018-04-06 15:08:51 -> 2018-03-27 17:33:01(same as Local State),Basic_Info_Changed / File_Renamed_Old / Access_Right_Changed,False,False,True,True,1.0,True,True,True,,,,,False,False,True,False,False,False,8,40,False,False,False,False
dbfadc55-48d5-40a9-b5ac-846fbfd733a6.tmp,\Users\jcloudy\AppData\Local\Google\Chrome\User Data\dbfadc55-48d5-40a9-b5ac-846fbfd733a6.tmp,1545366434.0,247235960.0,99.99697816954341,4/6/18 15:09,Time Reversal Event,CreationTime : 2018-04-06 15:09:11 -> 2018-03-27 17:33:01(same as Local State),Basic_Info_Changed / File_Renamed_Old / Access_Right_Changed,False,False,True,True,1.0,True,True,True,,,,,False,False,True,False,False,False,8,40,False,False,False,False
32a3bd06-492a-4697-a23c-976a3992b28f.tmp,\Users\jcloudy\AppData\Local\Google\Chrome\User Data\32a3bd06-492a-4697-a23c-976a3992b28f.tmp,1546368783.0,247421904.0,99.99697816954341,4/6/18 15:19,Time Reversal Event,CreationTime : 2018-04-06 15:19:31 -> 2018-03-27 17:33:01(same as Local State),Basic_Info_Changed / File_Renamed_Old / Access_Right_Changed,False,False,True,True,1.0,True,True,True,,,,,False,False,True,False,False,False,8,40,False,False,False,False
7f0c8309-dfbf-4a97-b2d1-3fe7ee312176.tmp,\Users\jcloudy\AppData\Local\Google\Chrome\User Data\7f0c8309-dfbf-4a97-b2d1-3fe7ee312176.tmp,1545598180.0,247284280.0,99.99697816954341,4/6/18 15:12,Time Reversal Event,CreationTime : 2018-04-06 15:12:01 -> 2018-03-27 17:33:01(same as Local State),Basic_Info_Changed / File_Renamed_Old / Access_Right_Changed,False,False,True,True,1.0,True,True,True,,,,,False,False,True,False,False,False,8,40,False,False,False,False
1bfdf436-53d4-4f83-b68b-277cb66f960d.tmp,\Users\jcloudy\AppData\Local\Google\Chrome\User Data\1bfdf436-53d4-4f83-b68b-277cb66f960d.tmp,1545153426.0,247195624.0,99.99697816954341,4/6/18 15:07,Time Reversal Event,CreationTime : 2018-04-06 15:07:15 -> 2018-03-27 17:33:01(same as Local State),Basic_Info_Changed / File_Renamed_Old / Access_Right_Changed,False,False,True,True,1.0,True,True,True,,,,,False,False,True,False,False,False,8,40,False,False,False,False
8b35a5d5-fc20-4ac7-82be-e323410d7683.tmp,\Users\jcloudy\AppData\Local\Google\Chrome\User Data\8b35a5d5-fc20-4ac7-82be-e323410d7683.tmp,1545085042.0,247186232.0,99.99697816954341,4/6/18 15:06,Time Reversal Event,CreationTime : 2018-04-06 15:06:33 -> 2018-03-27 17:33:01(same as Local State),Basic_Info_Changed / File_Renamed_Old / Access_Right_Changed,False,False,True,True,1.0,True,True,True,,,,,False,False,True,False,False,False,8,40,False,False,False,False
81981a47-aea2-4dd6-88a1-192eef4be174.tmp,\Users\jcloudy\AppData\Local\Google\Chrome\User Data\81981a47-aea2-4dd6-88a1-192eef4be174.tmp,1545385892.0,247240616.0,99.99697816954341,4/6/18 15:09,Time Reversal Event,CreationTime : 2018-04-06 15:09:26 -> 2018-03-27 17:33:01(same as Local State),Basic_Info_Changed / File_Renamed_Old / Access_Right_Changed,False,False,True,True,1.0,True,True,True,,,,,False,False,True,False,False,False,8,40,False,False,False,False
f6bace64-e98e-4147-8b9d-e98923588998.tmp,\Users\jcloudy\AppData\Local\Google\Chrome\User Data\f6bace64-e98e-4147-8b9d-e98923588998.tmp,1545459665.0,247253832.0,99.99697816954341,4/6/18 15:10,Time Reversal Event,CreationTime : 2018-04-06 15:10:05 -> 2018-03-27 17:33:01(same as Local State),Basic_Info_Changed / File_Renamed_Old / Access_Right_Changed,False,False,True,True,1.0,True,True,True,,,,,False,False,True,False,False,False,8,40,False,False,False,False
f1821266-d199-4d7c-a541-f5362dc9816a.tmp,\Users\jcloudy\AppData\Local\Google\Chrome\User Data\f1821266-d199-4d7c-a541-f5362dc9816a.tmp,1548005317.0,247777688.0,99.99697816954341,4/6/18 15:44,Time Reversal Event,CreationTime : 2018-04-06 15:44:43 -> 2018-03-27 17:33:01(same as Local State),Basic_Info_Changed / File_Renamed_Old / Access_Right_Changed,False,False,True,True,1.0,True,True,True,,,,,False,False,True,False,False,False,8,40,False,False,False,False
e6b3cfe0-ba2d-43d0-b400-3904f7aff533.tmp,\Users\jcloudy\AppData\Local\Google\Chrome\User Data\e6b3cfe0-ba2d-43d0-b400-3904f7aff533.tmp,1545689216.0,247313064.0,99.99697816954341,4/6/18 15:12,Time Reversal Event,CreationTime : 2018-04-06 15:12:37 -> 2018-03-27 17:33:01(same as Local State),Basic_Info_Changed / File_Renamed_Old / Access_Right_Changed,False,False,True,True,1.0,True,True,True,,,,,False,False,True,False,False,False,8,40,False,False,False,False
e5e1d59c-eb9f-40d6-87bc-3e859ea17101.tmp,\Users\jcloudy\AppData\Local\Google\Chrome\User Data\e5e1d59c-eb9f-40d6-87bc-3e859ea17101.tmp,1548657098.0,247963848.0,99.99697816954341,4/6/18 16:25,Time Reversal Event,CreationTime : 2018-04-06 16:25:23 -> 2018-03-27 17:33:01(same as Local State),Basic_Info_Changed / File_Renamed_Old / Access_Right_Changed,False,False,True,True,1.0,True,True,True,,,,,False,False,True,False,False,False,8,40,False,False,False,False
5a1c168d-366f-446d-beac-baebad283362.tmp,\Users\jcloudy\AppData\Local\Google\Chrome\User Data\5a1c168d-366f-446d-beac-baebad283362.tmp,1545656455.0,247300296.0,99.99697816954341,4/6/18 15:12,Time Reversal Event,CreationTime : 2018-04-06 15:12:24 -> 2018-03-27 17:33:01(same as Local State),Basic_Info_Changed / File_Renamed_Old / Access_Right_Changed,False,False,True,True,1.0,True,True,True,,,,,False,False,True,False,False,False,8,40,False,False,False,False
e21b0e41-f0fd-4385-8656-5a896ab235f4.tmp,\Users\jcloudy\AppData\Local\Google\Chrome\User Data\e21b0e41-f0fd-4385-8656-5a896ab235f4.tmp,1545239888.0,247207432.0,99.99697816954341,4/6/18 15:08,Time Reversal Event,CreationTime : 2018-04-06 15:08:24 -> 2018-03-27 17:33:01(same as Local State),Basic_Info_Changed / File_Renamed_Old / Access_Right_Changed,False,False,True,True,1.0,True,True,True,,,,,False,False,True,False,False,False,8,40,False,False,False,False
7b46141d-8534-4a12-9be5-74e25136cee7.tmp,\Users\jcloudy\AppData\Local\Google\Chrome\User Data\7b46141d-8534-4a12-9be5-74e25136cee7.tmp,1545982143.0,247367888.0,99.99697816954341,4/6/18 15:15,Time Reversal Event,CreationTime : 2018-04-06 15:15:44 -> 2018-03-27 17:33:01(same as Local State),Basic_Info_Changed / File_Renamed_Old / Access_Right_Changed,False,False,True,True,1.0,True,True,True,,,,,False,False,True,False,False,False,8,40,False,False,False,False
97b526e9-ed36-4538-bb86-1c24e07da616.tmp,\Users\jcloudy\AppData\Local\Google\Chrome\User Data\97b526e9-ed36-4538-bb86-1c24e07da616.tmp,1550241410.0,248638160.0,99.99697816954341,4/6/18 20:26,Time Reversal Event,CreationTime : 2018-04-06 20:26:24 -> 2018-03-27 17:33:01(same as Local State),Basic_Info_Changed / File_Renamed_Old / Access_Right_Changed,False,False,True,True,1.0,True,True,True,,,,,False,False,True,False,False,False,8,40,False,False,False,False
e0e6a946-de88-4f1a-bb85-93477badf904.tmp,\Users\jcloudy\AppData\Local\Google\Chrome\User Data\e0e6a946-de88-4f1a-bb85-93477badf904.tmp,1546314676.0,247417000.0,99.99697816954341,4/6/18 15:18,Time Reversal Event,CreationTime : 2018-04-06 15:18:53 -> 2018-03-27 17:33:01(same as Local State),Basic_Info_Changed / File_Renamed_Old / Access_Right_Changed,False,False,True,True,1.0,True,True,True,,,,,False,False,True,False,False,False,8,40,False,False,False,False
97187b82-9481-4939-a24e-d0dcb06aa9c4.tmp,\Users\jcloudy\AppData\Local\Google\Chrome\User Data\Default\97187b82-9481-4939-a24e-d0dcb06aa9c4.tmp,1545600995.0,247285792.0,99.99473756492117,4/6/18 15:12,Time Reversal Event,CreationTime : 2018-04-06 15:12:01 -> 2018-03-27 17:32:51(same as Preferences/ Preferences~RF2a180ce2.TMP),Basic_Info_Changed / File_Renamed_Old / Access_Right_Changed,False,False,True,True,1.0,True,True,True,,,,,False,False,True,False,False,False,9,40,False,False,False,False
b18329ae-7d5a-4df2-86d4-4d66aaa32aa3.tmp,\Users\jcloudy\AppData\Local\Google\Chrome\User Data\Default\b18329ae-7d5a-4df2-86d4-4d66aaa32aa3.tmp,1549035655.0,248114328.0,99.99473756492117,4/6/18 16:28,Time Reversal Event,CreationTime : 2018-04-06 16:28:51 -> 2018-03-27 17:33:13(same as TransportSecurity),Basic_Info_Changed / File_Renamed_Old / Access_Right_Changed,False,False,True,True,1.0,True,True,True,,,,,False,False,True,False,False,False,9,40,False,False,False,False
8b381826-82df-49ca-a8f6-7b1872e1fd69.tmp,\Users\jcloudy\AppData\Local\Google\Chrome\User Data\Default\8b381826-82df-49ca-a8f6-7b1872e1fd69.tmp,1545580503.0,247280296.0,99.99473756492117,4/6/18 15:11,Time Reversal Event,CreationTime : 2018-04-06 15:11:45 -> 2018-03-27 17:32:51(same as Preferences/ Preferences~RF2a180ce2.TMP),Basic_Info_Changed / File_Renamed_Old / Access_Right_Changed,False,False,True,True,1.0,True,True,True,,,,,False,False,True,False,False,False,9,40,False,False,False,False
b120f410-685a-4b53-8447-837a0b4e2f93.tmp,\Users\jcloudy\AppData\Local\Google\Chrome\User Data\Default\b120f410-685a-4b53-8447-837a0b4e2f93.tmp,1545090884.0,247189856.0,99.99473756492117,4/6/18 15:06,Time Reversal Event,CreationTime : 2018-04-06 15:06:34 -> 2018-03-27 17:33:13(same as TransportSecurity),Basic_Info_Changed / File_Renamed_Old / Access_Right_Changed,False,False,True,True,1.0,True,True,True,,,,,False,False,True,False,False,False,9,40,False,False,False,False
b456dff6-e136-4862-939d-d5a85309b6d6.tmp,\Users\jcloudy\AppData\Local\Google\Chrome\User Data\Default\b456dff6-e136-4862-939d-d5a85309b6d6.tmp,1550188186.0,248607952.0,99.99473756492117,4/6/18 20:26,Time Reversal Event,CreationTime : 2018-04-06 20:26:23 -> 2018-03-27 17:33:15(same as Network Persistent State~RF319a3313.TMP/ Network Persistent State),Basic_Info_Changed / File_Renamed_Old / Access_Right_Changed,False,False,True,True,1.0,True,True,True,,,,,False,False,True,False,False,False,9,40,False,False,False,False
989529d7-0415-43a1-8d56-2a359f745747.tmp,\Users\jcloudy\AppData\Local\Google\Chrome\User Data\Default\989529d7-0415-43a1-8d56-2a359f745747.tmp,1548949859.0,248085296.0,99.99473756492117,4/6/18 16:27,Time Reversal Event,CreationTime : 2018-04-06 16:27:57 -> 2018-03-27 17:33:13(same as TransportSecurity),Basic_Info_Changed / File_Renamed_Old / Access_Right_Changed,False,False,True,True,1.0,True,True,True,,,,,False,False,True,False,False,False,9,40,False,False,False,False
b1c34a6a-0b91-43e1-a68c-4f9db0fc9e93.tmp,\Users\jcloudy\AppData\Local\Google\Chrome\User Data\Default\b1c34a6a-0b91-43e1-a68c-4f9db0fc9e93.tmp,1546964433.0,247596552.0,99.99473756492117,4/6/18 15:24,Time Reversal Event,CreationTime : 2018-04-06 15:24:45 -> 2018-03-27 17:33:13(same as TransportSecurity),Basic_Info_Changed / File_Renamed_Old / Access_Right_Changed,False,False,True,True,1.0,True,True,True,,,,,False,False,True,False,False,False,9,40,False,False,False,False
8e3968b3-0dec-4fc4-bf38-f0103dd2bba4.tmp,\Users\jcloudy\AppData\Local\Google\Chrome\User Data\Default\8e3968b3-0dec-4fc4-bf38-f0103dd2bba4.tmp,1550739697.0,248887448.0,99.99473756492117,4/6/18 20:27,Time Reversal Event,CreationTime : 2018-04-06 20:27:19 -> 2018-03-27 17:33:13(same as TransportSecurity),Basic_Info_Changed / File_Renamed_Old / Access_Right_Changed,False,False,True,True,1.0,True,True,True,,,,,False,False,True,False,False,False,9,40,False,False,False,False
89cef6dd-da9f-4018-9e85-3ed42e3e41f5.tmp,\Users\jcloudy\AppData\Local\Google\Chrome\User Data\Default\89cef6dd-da9f-4018-9e85-3ed42e3e41f5.tmp,1551165721.0,248974816.0,99.99473756492117,4/6/18 20:34,Time Reversal Event,CreationTime : 2018-04-06 20:34:50 -> 2018-03-27 17:32:51(same as Preferences/ Preferences~RF2a180ce2.TMP),Basic_Info_Changed / File_Renamed_Old / Access_Right_Changed,False,False,True,True,1.0,True,True,True,,,,,False,False,True,False,False,False,9,40,False,False,False,False
88e75225-4a1c-46a6-b37a-f9f8c21c2375.tmp,\Users\jcloudy\AppData\Local\Google\Chrome\User Data\Default\88e75225-4a1c-46a6-b37a-f9f8c21c2375.tmp,1547593477.0,247704488.0,99.99473756492117,4/6/18 15:36,Time Reversal Event,CreationTime : 2018-04-06 15:36:47 -> 2018-03-27 17:33:13(same as TransportSecurity),Basic_Info_Changed / File_Renamed_Old / Access_Right_Changed,False,False,True,True,1.0,True,True,True,,,,,False,False,True,False,False,False,9,40,False,False,False,False
b40fb9ab-44b5-40bc-a007-c4e60ce918d5.tmp,\Users\jcloudy\AppData\Local\Google\Chrome\User Data\Default\b40fb9ab-44b5-40bc-a007-c4e60ce918d5.tmp,1546371189.0,247423288.0,99.99473756492117,4/6/18 15:19,Time Reversal Event,CreationTime : 2018-04-06 15:19:31 -> 2018-03-27 17:32:51(same as Preferences/ Preferences~RF2a180ce2.TMP),Basic_Info_Changed / File_Renamed_Old / Access_Right_Changed,False,False,True,True,1.0,True,True,True,,,,,False,False,True,False,False,False,9,40,False,False,False,False
b43239b0-ca89-497e-b584-9abe19cc8263.tmp,\Users\jcloudy\AppData\Local\Google\Chrome\User Data\Default\b43239b0-ca89-497e-b584-9abe19cc8263.tmp,1548871760.0,248057392.0,99.99473756492117,4/6/18 16:26,Time Reversal Event,CreationTime : 2018-04-06 16:26:41 -> 2018-03-27 17:33:13(same as TransportSecurity),Basic_Info_Changed / File_Renamed_Old / Access_Right_Changed,False,False,True,True,1.0,True,True,True,,,,,False,False,True,False,False,False,9,40,False,False,False,False
8e0a14be-fa5c-4915-bfbe-e94eb921198e.tmp,\Users\jcloudy\AppData\Local\Google\Chrome\User Data\Default\8e0a14be-fa5c-4915-bfbe-e94eb921198e.tmp,1545058126.0,247180464.0,99.99473756492117,4/6/18 15:06,Time Reversal Event,CreationTime : 2018-04-06 15:06:17 -> 2018-03-27 17:33:15(same as Network Persistent State~RF319a3313.TMP/ Network Persistent State),Basic_Info_Changed / File_Renamed_Old / Access_Right_Changed,False,False,True,True,1.0,True,True,True,,,,,False,False,True,False,False,False,9,40,False,False,False,False
ab76459a-616f-4055-bd4c-a3299175ec8a.tmp,\Users\jcloudy\AppData\Local\Google\Chrome\User Data\Default\ab76459a-616f-4055-bd4c-a3299175ec8a.tmp,1548109227.0,247793600.0,99.99473756492117,4/6/18 15:46,Time Reversal Event,CreationTime : 2018-04-06 15:46:51 -> 2018-03-27 17:33:13(same as TransportSecurity),Basic_Info_Changed / File_Renamed_Old / Access_Right_Changed,False,False,True,True,1.0,True,True,True,,,,,False,False,True,False,False,False,9,40,False,False,False,False
ae60157e-0d38-4ad2-bbf0-16004d5db484.tmp,\Users\jcloudy\AppData\Local\Google\Chrome\User Data\Default\ae60157e-0d38-4ad2-bbf0-16004d5db484.tmp,1546707733.0,247489056.0,99.99473756492117,4/6/18 15:24,Time Reversal Event,CreationTime : 2018-04-06 15:24:17 -> 2018-03-27 17:33:15(same as Network Persistent State~RF319a3313.TMP/ Network Persistent State),Basic_Info_Changed / File_Renamed_Old / Access_Right_Changed,False,False,True,True,1.0,True,True,True,,,,,False,False,True,False,False,False,9,40,False,False,False,False
9cbf3786-96dd-473e-a592-c8f5669103e7.tmp,\Users\jcloudy\AppData\Local\Google\Chrome\User Data\Default\9cbf3786-96dd-473e-a592-c8f5669103e7.tmp,1546607843.0,247470544.0,99.99473756492117,4/6/18 15:22,Time Reversal Event,CreationTime : 2018-04-06 15:22:41 -> 2018-03-27 17:33:15(same as Network Persistent State~RF319a3313.TMP/ Network Persistent State),Basic_Info_Changed / File_Renamed_Old / Access_Right_Changed,False,False,True,True,1.0,True,True,True,,,,,False,False,True,False,False,False,9,40,False,False,False,False
a9c22049-e22d-47dd-8335-6d89923b5812.tmp,\Users\jcloudy\AppData\Local\Google\Chrome\User Data\Default\a9c22049-e22d-47dd-8335-6d89923b5812.tmp,1545087669.0,247187744.0,99.99473756492117,4/6/18 15:06,Time Reversal Event,CreationTime : 2018-04-06 15:06:33 -> 2018-03-27 17:32:51(same as Preferences/ Preferences~RF2a180ce2.TMP),Basic_Info_Changed / File_Renamed_Old / Access_Right_Changed,False,False,True,True,1.0,True,True,True,,,,,False,False,True,False,False,False,9,40,False,False,False,False
8f3388d4-08e7-469c-8ec5-66d746738b77.tmp,\Users\jcloudy\AppData\Local\Google\Chrome\User Data\Default\8f3388d4-08e7-469c-8ec5-66d746738b77.tmp,1548106219.0,247791432.0,99.99473756492117,4/6/18 15:46,Time Reversal Event,CreationTime : 2018-04-06 15:46:48 -> 2018-03-27 17:33:15(same as Network Persistent State~RF319a3313.TMP/ Network Persistent State),Basic_Info_Changed / File_Renamed_Old / Access_Right_Changed,False,False,True,True,1.0,True,True,True,,,,,False,False,True,False,False,False,9,40,False,False,False,False
98cd128a-4139-4b0f-bc5c-83fda3b49ba1.tmp,\Users\jcloudy\AppData\Local\Google\Chrome\User Data\Default\98cd128a-4139-4b0f-bc5c-83fda3b49ba1.tmp,1549201348.0,248160384.0,99.99473756492117,4/6/18 16:30,Time Reversal Event,CreationTime : 2018-04-06 16:30:45 -> 2018-03-27 17:33:13(same as TransportSecurity),Basic_Info_Changed / File_Renamed_Old / Access_Right_Changed,False,False,True,True,1.0,True,True,True,,,,,False,False,True,False,False,False,9,40,False,False,False,False
90dd42ca-4382-4ca7-ab02-7121c786f255.tmp,\Users\jcloudy\AppData\Local\Google\Chrome\User Data\Default\90dd42ca-4382-4ca7-ab02-7121c786f255.tmp,1549396052.0,248230576.0,99.99473756492117,4/6/18 16:32,Time Reversal Event,CreationTime : 2018-04-06 16:32:36 -> 2018-03-27 17:33:15(same as Network Persistent State~RF319a3313.TMP/ Network Persistent State),Basic_Info_Changed / File_Renamed_Old / Access_Right_Changed,False,False,True,True,1.0,True,True,True,,,,,False,False,True,False,False,False,9,40,False,False,False,False
95539e28-6a82-4f5e-beb4-782f3294192c.tmp,\Users\jcloudy\AppData\Local\Google\Chrome\User Data\Default\95539e28-6a82-4f5e-beb4-782f3294192c.tmp,1549522921.0,248254944.0,99.99473756492117,4/6/18 16:34,Time Reversal Event,CreationTime : 2018-04-06 16:34:51 -> 2018-03-27 17:33:13(same as TransportSecurity),Basic_Info_Changed / File_Renamed_Old / Access_Right_Changed,False,False,True,True,1.0,True,True,True,,,,,False,False,True,False,False,False,9,40,False,False,False,False
a114c9d7-31f1-4797-a887-c887869d0960.tmp,\Users\jcloudy\AppData\Local\Google\Chrome\User Data\Default\a114c9d7-31f1-4797-a887-c887869d0960.tmp,1550992969.0,248944632.0,99.99473756492117,4/6/18 20:31,Time Reversal Event,CreationTime : 2018-04-06 20:31:30 -> 2018-03-27 17:32:51(same as Preferences/ Preferences~RF2a180ce2.TMP),Basic_Info_Changed / File_Renamed_Old / Access_Right_Changed,False,False,True,True,1.0,True,True,True,,,,,False,False,True,False,False,False,9,40,False,False,False,False
9f7412d5-5f84-4017-bee2-1e1a4de74cf4.tmp,\Users\jcloudy\AppData\Local\Google\Chrome\User Data\Default\9f7412d5-5f84-4017-bee2-1e1a4de74cf4.tmp,1551332384.0,249043000.0,99.99473756492117,4/6/18 20:35,Time Reversal Event,CreationTime : 2018-04-06 20:35:21 -> 2018-03-27 17:33:15(same as Network Persistent State~RF319a3313.TMP/ Network Persistent State),Basic_Info_Changed / File_Renamed_Old / Access_Right_Changed,False,False,True,True,1.0,True,True,True,,,,,False,False,True,False,False,False,9,40,False,False,False,False
9dd3831d-0cc2-443f-9642-c6aeb0d186d3.tmp,\Users\jcloudy\AppData\Local\Google\Chrome\User Data\Default\9dd3831d-0cc2-443f-9642-c6aeb0d186d3.tmp,1551131181.0,248968432.0,99.99473756492117,4/6/18 20:34,Time Reversal Event,CreationTime : 2018-04-06 20:34:09 -> 2018-03-27 17:33:15(same as Network Persistent State~RF319a3313.TMP/ Network Persistent State),Basic_Info_Changed / File_Renamed_Old / Access_Right_Changed,False,False,True,True,1.0,True,True,True,,,,,False,False,True,False,False,False,9,40,False,False,False,False
9bb176de-db95-4595-8acc-0f1925a3c617.tmp,\Users\jcloudy\AppData\Local\Google\Chrome\User Data\Default\9bb176de-db95-4595-8acc-0f1925a3c617.tmp,1561217738.0,249661808.0,99.99473756492117,4/6/18 20:41,Time Reversal Event,CreationTime : 2018-04-06 20:41:38 -> 2018-03-27 17:33:13(same as TransportSecurity),Basic_Info_Changed / File_Renamed_Old / Access_Right_Changed,False,False,True,True,1.0,True,True,True,,,,,False,False,True,False,False,False,9,40,False,False,False,False
98dd496d-5bdc-4323-868f-343b20950098.tmp,\Users\jcloudy\AppData\Local\Google\Chrome\User Data\Default\98dd496d-5bdc-4323-868f-343b20950098.tmp,1545611372.0,247288848.0,99.99473756492117,4/6/18 15:12,Time Reversal Event,CreationTime : 2018-04-06 15:12:03 -> 2018-03-27 17:33:13(same as TransportSecurity),Basic_Info_Changed / File_Renamed_Old / Access_Right_Changed,False,False,True,True,1.0,True,True,True,,,,,False,False,True,False,False,False,9,40,False,False,False,False
c27a3255-e845-4d38-b8bc-2229625e8e48.tmp,\Users\jcloudy\AppData\Local\Google\Chrome\User Data\Default\c27a3255-e845-4d38-b8bc-2229625e8e48.tmp,1560919007.0,249592608.0,99.99473756492117,4/6/18 20:36,Time Reversal Event,CreationTime : 2018-04-06 20:36:36 -> 2018-03-27 17:33:13(same as TransportSecurity),Basic_Info_Changed / File_Renamed_Old / Access_Right_Changed,False,False,True,True,1.0,True,True,True,,,,,False,False,True,False,False,False,9,40,False,False,False,False
b706ff8b-9489-431f-a8f6-97e01b5355e1.tmp,\Users\jcloudy\AppData\Local\Google\Chrome\User Data\Default\b706ff8b-9489-431f-a8f6-97e01b5355e1.tmp,1547337996.0,247663904.0,99.99473756492117,4/6/18 15:31,Time Reversal Event,CreationTime : 2018-04-06 15:31:45 -> 2018-03-27 17:33:13(same as TransportSecurity),Basic_Info_Changed / File_Renamed_Old / Access_Right_Changed,False,False,True,True,1.0,True,True,True,,,,,False,False,True,False,False,False,9,40,False,False,False,False
b88e7e16-b9b9-4928-a6a6-85fcb04b47a9.tmp,\Users\jcloudy\AppData\Local\Google\Chrome\User Data\Default\b88e7e16-b9b9-4928-a6a6-85fcb04b47a9.tmp,1545658853.0,247301808.0,99.99473756492117,4/6/18 15:12,Time Reversal Event,CreationTime : 2018-04-06 15:12:24 -> 2018-03-27 17:32:51(same as Preferences/ Preferences~RF2a180ce2.TMP),Basic_Info_Changed / File_Renamed_Old / Access_Right_Changed,False,False,True,True,1.0,True,True,True,,,,,False,False,True,False,False,False,9,40,False,False,False,False
d7b68c64-76f2-4400-9c68-f815c4049845.tmp,\Users\jcloudy\AppData\Local\Google\Chrome\User Data\Default\d7b68c64-76f2-4400-9c68-f815c4049845.tmp,1548910046.0,248072192.0,99.99473756492117,4/6/18 16:27,Time Reversal Event,CreationTime : 2018-04-06 16:27:25 -> 2018-03-27 17:33:13(same as TransportSecurity),Basic_Info_Changed / File_Renamed_Old / Access_Right_Changed,False,False,True,True,1.0,True,True,True,,,,,False,False,True,False,False,False,9,40,False,False,False,False
daa7736d-a369-4ef9-ab6b-c6ec407f00ed.tmp,\Users\jcloudy\AppData\Local\Google\Chrome\User Data\Default\daa7736d-a369-4ef9-ab6b-c6ec407f00ed.tmp,1547826987.0,247740968.0,99.99473756492117,4/6/18 15:41,Time Reversal Event,CreationTime : 2018-04-06 15:41:28 -> 2018-03-27 17:33:13(same as TransportSecurity),Basic_Info_Changed / File_Renamed_Old / Access_Right_Changed,False,False,True,True,1.0,True,True,True,,,,,False,False,True,False,False,False,9,40,False,False,False,False
dc6d0ede-8e73-4720-a80f-64527ff88144.tmp,\Users\jcloudy\AppData\Local\Google\Chrome\User Data\Default\dc6d0ede-8e73-4720-a80f-64527ff88144.tmp,1561506270.0,249719400.0,99.99473756492117,4/6/18 20:46,Time Reversal Event,CreationTime : 2018-04-06 20:46:51 -> 2018-03-27 17:33:15(same as Network Persistent State~RF319a3313.TMP/ Network Persistent State),Basic_Info_Changed / File_Renamed_Old / Access_Right_Changed,False,False,True,True,1.0,True,True,True,,,,,False,False,True,False,False,False,9,40,False,False,False,False
dca0fb18-f205-47ff-9621-fbf7d53bc2af.tmp,\Users\jcloudy\AppData\Local\Google\Chrome\User Data\Default\dca0fb18-f205-47ff-9621-fbf7d53bc2af.tmp,1545388598.0,247242128.0,99.99473756492117,4/6/18 15:09,Time Reversal Event,CreationTime : 2018-04-06 15:09:26 -> 2018-03-27 17:32:51(same as Preferences/ Preferences~RF2a180ce2.TMP),Basic_Info_Changed / File_Renamed_Old / Access_Right_Changed,False,False,True,True,1.0,True,True,True,,,,,False,False,True,False,False,False,9,40,False,False,False,False
dcb67f17-1953-451a-bdce-4a52f8c56519.tmp,\Users\jcloudy\AppData\Local\Google\Chrome\User Data\Default\dcb67f17-1953-451a-bdce-4a52f8c56519.tmp,1545434925.0,247247816.0,99.99473756492117,4/6/18 15:09,Time Reversal Event,CreationTime : 2018-04-06 15:09:48 -> 2018-03-27 17:32:51(same as Preferences/ Preferences~RF2a180ce2.TMP),Basic_Info_Changed / File_Renamed_Old / Access_Right_Changed,False,False,True,True,1.0,True,True,True,,,,,False,False,True,False,False,False,9,40,False,False,False,False
dd4ce7c6-a964-4f1b-a9c2-145cfae0b790.tmp,\Users\jcloudy\AppData\Local\Google\Chrome\User Data\Default\dd4ce7c6-a964-4f1b-a9c2-145cfae0b790.tmp,1548399865.0,247864448.0,99.99473756492117,4/6/18 16:24,Time Reversal Event,CreationTime : 2018-04-06 16:24:46 -> 2018-03-27 17:32:51(same as Preferences/ Preferences~RF2a180ce2.TMP),Basic_Info_Changed / File_Renamed_Old / Access_Right_Changed,False,False,True,True,1.0,True,True,True,,,,,False,False,True,False,False,False,9,40,False,False,False,False
dffce2ca-e35c-4c04-a6aa-1349710a27b2.tmp,\Users\jcloudy\AppData\Local\Google\Chrome\User Data\Default\dffce2ca-e35c-4c04-a6aa-1349710a27b2.tmp,1548172598.0,247802632.0,99.99473756492117,4/6/18 15:48,Time Reversal Event,CreationTime : 2018-04-06 15:48:01 -> 2018-03-27 17:33:15(same as Network Persistent State~RF319a3313.TMP/ Network Persistent State),Basic_Info_Changed / File_Renamed_Old / Access_Right_Changed,False,False,True,True,1.0,True,True,True,,,,,False,False,True,False,False,False,9,40,False,False,False,False
e36eb634-065b-4f09-a54f-c861dafaf565.tmp,\Users\jcloudy\AppData\Local\Google\Chrome\User Data\Default\e36eb634-065b-4f09-a54f-c861dafaf565.tmp,1548857991.0,248051216.0,99.99473756492117,4/6/18 16:26,Time Reversal Event,CreationTime : 2018-04-06 16:26:20 -> 2018-03-27 17:33:13(same as TransportSecurity),Basic_Info_Changed / File_Renamed_Old / Access_Right_Changed,False,False,True,True,1.0,True,True,True,,,,,False,False,True,False,False,False,9,40,False,False,False,False
e8ccc9b5-5524-423a-88f2-e41f37b87931.tmp,\Users\jcloudy\AppData\Local\Google\Chrome\User Data\Default\e8ccc9b5-5524-423a-88f2-e41f37b87931.tmp,1545462048.0,247255352.0,99.99473756492117,4/6/18 15:10,Time Reversal Event,CreationTime : 2018-04-06 15:10:05 -> 2018-03-27 17:32:51(same as Preferences/ Preferences~RF2a180ce2.TMP),Basic_Info_Changed / File_Renamed_Old / Access_Right_Changed,False,False,True,True,1.0,True,True,True,,,,,False,False,True,False,False,False,9,40,False,False,False,False
ec5495a0-2d8a-4204-a636-9186ad761db5.tmp,\Users\jcloudy\AppData\Local\Google\Chrome\User Data\Default\ec5495a0-2d8a-4204-a636-9186ad761db5.tmp,1547052409.0,247615088.0,99.99473756492117,4/6/18 15:26,Time Reversal Event,CreationTime : 2018-04-06 15:26:23 -> 2018-03-27 17:33:15(same as Network Persistent State~RF319a3313.TMP/ Network Persistent State),Basic_Info_Changed / File_Renamed_Old / Access_Right_Changed,False,False,True,True,1.0,True,True,True,,,,,False,False,True,False,False,False,9,40,False,False,False,False
ec9ec6ce-9202-4324-970e-189bd87bb97b.tmp,\Users\jcloudy\AppData\Local\Google\Chrome\User Data\Default\ec9ec6ce-9202-4324-970e-189bd87bb97b.tmp,1545242595.0,247208944.0,99.99473756492117,4/6/18 15:08,Time Reversal Event,CreationTime : 2018-04-06 15:08:24 -> 2018-03-27 17:32:51(same as Preferences/ Preferences~RF2a180ce2.TMP),Basic_Info_Changed / File_Renamed_Old / Access_Right_Changed,False,False,True,True,1.0,True,True,True,,,,,False,False,True,False,False,False,9,40,False,False,False,False
f056d086-f541-4e03-b5e2-0aff71d3ce9b.tmp,\Users\jcloudy\AppData\Local\Google\Chrome\User Data\Default\f056d086-f541-4e03-b5e2-0aff71d3ce9b.tmp,1561388615.0,249684944.0,99.99473756492117,4/6/18 20:45,Time Reversal Event,CreationTime : 2018-04-06 20:45:10 -> 2018-03-27 17:33:15(same as Network Persistent State~RF319a3313.TMP),Basic_Info_Changed / File_Renamed_Old / Access_Right_Changed,False,False,True,True,1.0,True,True,True,,,,,False,False,True,False,False,False,9,40,False,False,False,False
f7499f38-80e6-4dca-90c1-2983e5cddf47.tmp,\Users\jcloudy\AppData\Local\Google\Chrome\User Data\Default\f7499f38-80e6-4dca-90c1-2983e5cddf47.tmp,1547748539.0,247730720.0,99.99473756492117,4/6/18 15:39,Time Reversal Event,CreationTime : 2018-04-06 15:39:50 -> 2018-03-27 17:33:15(same as Network Persistent State~RF319a3313.TMP/ Network Persistent State),Basic_Info_Changed / File_Renamed_Old / Access_Right_Changed,False,False,True,True,1.0,True,True,True,,,,,False,False,True,False,False,False,9,40,False,False,False,False
f78e6e49-5dd1-4018-8833-d26453777abe.tmp,\Users\jcloudy\AppData\Local\Google\Chrome\User Data\Default\f78e6e49-5dd1-4018-8833-d26453777abe.tmp,1548890028.0,248067936.0,99.99473756492117,4/6/18 16:27,Time Reversal Event,CreationTime : 2018-04-06 16:27:14 -> 2018-03-27 17:33:13(same as TransportSecurity),Basic_Info_Changed / File_Renamed_Old / Access_Right_Changed,False,False,True,True,1.0,True,True,True,,,,,False,False,True,False,False,False,9,40,False,False,False,False
f7e4d89a-1a02-4f53-a80c-a541534a7efe.tmp,\Users\jcloudy\AppData\Local\Google\Chrome\User Data\Default\f7e4d89a-1a02-4f53-a80c-a541534a7efe.tmp,1549022841.0,248109504.0,99.99473756492117,4/6/18 16:28,Time Reversal Event,CreationTime : 2018-04-06 16:28:41 -> 2018-03-27 17:33:15(same as Network Persistent State~RF319a3313.TMP/ Network Persistent State),Basic_Info_Changed / File_Renamed_Old / Access_Right_Changed,False,False,True,True,1.0,True,True,True,,,,,False,False,True,False,False,False,9,40,False,False,False,False
f9903c3f-26de-4eaf-bed0-e0d57bb00e24.tmp,\Users\jcloudy\AppData\Local\Google\Chrome\User Data\Default\f9903c3f-26de-4eaf-bed0-e0d57bb00e24.tmp,1548507102.0,247910008.0,99.99473756492117,4/6/18 16:25,Time Reversal Event,CreationTime : 2018-04-06 16:25:12 -> 2018-03-27 17:32:51(same as Preferences/ Preferences~RF2a180ce2.TMP),Basic_Info_Changed / File_Renamed_Old / Access_Right_Changed,False,False,True,True,1.0,True,True,True,,,,,False,False,True,False,False,False,9,40,False,False,False,False
fc314ce3-6360-406b-b000-58cd003f44ca.tmp,\Users\jcloudy\AppData\Local\Google\Chrome\User Data\Default\fc314ce3-6360-406b-b000-58cd003f44ca.tmp,1548965761.0,248089368.0,99.99473756492117,4/6/18 16:28,Time Reversal Event,CreationTime : 2018-04-06 16:28:07 -> 2018-03-27 17:33:13(same as TransportSecurity),Basic_Info_Changed / File_Renamed_Old / Access_Right_Changed,False,False,True,True,1.0,True,True,True,,,,,False,False,True,False,False,False,9,40,False,False,False,False
fd362199-fedc-4c5b-952e-305d3229fd47.tmp,\Users\jcloudy\AppData\Local\Google\Chrome\User Data\Default\fd362199-fedc-4c5b-952e-305d3229fd47.tmp,1561023408.0,249622528.0,99.99473756492117,4/6/18 20:38,Time Reversal Event,CreationTime : 2018-04-06 20:38:10 -> 2018-03-27 17:33:15(same as Network Persistent State~RF319a3313.TMP/ Network Persistent State),Basic_Info_Changed / File_Renamed_Old / Access_Right_Changed,False,False,True,True,1.0,True,True,True,,,,,False,False,True,False,False,False,9,40,False,False,False,False
ff60af2c-91f7-4c43-bd44-2b1c3ee0aebb.tmp,\Users\jcloudy\AppData\Local\Google\Chrome\User Data\Default\ff60af2c-91f7-4c43-bd44-2b1c3ee0aebb.tmp,1545516219.0,247265576.0,99.99473756492117,4/6/18 15:10,Time Reversal Event,CreationTime : 2018-04-06 15:10:57 -> 2018-03-27 17:33:15(same as Network Persistent State~RF319a3313.TMP/ Network Persistent State),Basic_Info_Changed / File_Renamed_Old / Access_Right_Changed,False,False,True,True,1.0,True,True,True,,,,,False,False,True,False,False,False,9,40,False,False,False,False
d641e322-0343-4de1-a75c-172a2ab6b4a4.tmp,\Users\jcloudy\AppData\Local\Google\Chrome\User Data\Default\d641e322-0343-4de1-a75c-172a2ab6b4a4.tmp,1548660453.0,247965792.0,99.99473756492117,4/6/18 16:25,Time Reversal Event,CreationTime : 2018-04-06 16:25:23 -> 2018-03-27 17:32:51(same as Preferences/ Preferences~RF2a180ce2.TMP),Basic_Info_Changed / File_Renamed_Old / Access_Right_Changed,False,False,True,True,1.0,True,True,True,,,,,False,False,True,False,False,False,9,40,False,False,False,False
d5adc0b7-6a55-4db8-86bf-684b6501909b.tmp,\Users\jcloudy\AppData\Local\Google\Chrome\User Data\Default\d5adc0b7-6a55-4db8-86bf-684b6501909b.tmp,1547692222.0,247723552.0,99.99473756492117,4/6/18 15:38,Time Reversal Event,CreationTime : 2018-04-06 15:38:37 -> 2018-03-27 17:33:13(same as TransportSecurity),Basic_Info_Changed / File_Renamed_Old / Access_Right_Changed,False,False,True,True,1.0,True,True,True,,,,,False,False,True,False,False,False,9,40,False,False,False,False
d3ff93e6-866c-42fa-847b-79b2fb847255.tmp,\Users\jcloudy\AppData\Local\Google\Chrome\User Data\Default\d3ff93e6-866c-42fa-847b-79b2fb847255.tmp,1547869880.0,247751056.0,99.99473756492117,4/6/18 15:42,Time Reversal Event,CreationTime : 2018-04-06 15:42:13 -> 2018-03-27 17:33:15(same as Network Persistent State~RF319a3313.TMP/ Network Persistent State),Basic_Info_Changed / File_Renamed_Old / Access_Right_Changed,False,False,True,True,1.0,True,True,True,,,,,False,False,True,False,False,False,9,40,False,False,False,False
8613e9ea-d9db-4cc2-ac6a-bcb59de3a41f.tmp,\Users\jcloudy\AppData\Local\Google\Chrome\User Data\Default\8613e9ea-d9db-4cc2-ac6a-bcb59de3a41f.tmp,1549371182.0,248225416.0,99.99473756492117,4/6/18 16:32,Time Reversal Event,CreationTime : 2018-04-06 16:32:15 -> 2018-03-27 17:32:51(same as Preferences/ Preferences~RF2a180ce2.TMP),Basic_Info_Changed / File_Renamed_Old / Access_Right_Changed,False,False,True,True,1.0,True,True,True,,,,,False,False,True,False,False,False,9,40,False,False,False,False
be4a3c50-0931-4d78-b2ba-42de23865640.tmp,\Users\jcloudy\AppData\Local\Google\Chrome\User Data\Default\be4a3c50-0931-4d78-b2ba-42de23865640.tmp,1548393936.0,247860368.0,99.99473756492117,4/6/18 16:24,Time Reversal Event,CreationTime : 2018-04-06 16:24:46 -> 2018-03-27 17:33:15(same as Network Persistent State~RF319a3313.TMP/ Network Persistent State),Basic_Info_Changed / File_Renamed_Old / Access_Right_Changed,False,False,True,True,1.0,True,True,True,,,,,False,False,True,False,False,False,9,40,False,False,False,False
be87960c-66ce-4df9-a750-8748a6f5532b.tmp,\Users\jcloudy\AppData\Local\Google\Chrome\User Data\Default\be87960c-66ce-4df9-a750-8748a6f5532b.tmp,1545712648.0,247318944.0,99.99473756492117,4/6/18 15:12,Time Reversal Event,CreationTime : 2018-04-06 15:12:48 -> 2018-03-27 17:32:51(same as Preferences/ Preferences~RF2a180ce2.TMP),Basic_Info_Changed / File_Renamed_Old / Access_Right_Changed,False,False,True,True,1.0,True,True,True,,,,,False,False,True,False,False,False,9,40,False,False,False,False
bf5b55c8-ab47-499e-b5f7-d9af52ed1ad1.tmp,\Users\jcloudy\AppData\Local\Google\Chrome\User Data\Default\bf5b55c8-ab47-499e-b5f7-d9af52ed1ad1.tmp,1545532405.0,247268584.0,99.99473756492117,4/6/18 15:11,Time Reversal Event,CreationTime : 2018-04-06 15:11:17 -> 2018-03-27 17:32:51(same as Preferences/ Preferences~RF2a180ce2.TMP),Basic_Info_Changed / File_Renamed_Old / Access_Right_Changed,False,False,True,True,1.0,True,True,True,,,,,False,False,True,False,False,False,9,40,False,False,False,False
bfe7662e-bfcc-4fa7-a022-a0edefcfdd3e.tmp,\Users\jcloudy\AppData\Local\Google\Chrome\User Data\Default\bfe7662e-bfcc-4fa7-a022-a0edefcfdd3e.tmp,1545369014.0,247237472.0,99.99473756492117,4/6/18 15:09,Time Reversal Event,CreationTime : 2018-04-06 15:09:11 -> 2018-03-27 17:32:51(same as Preferences/ Preferences~RF2a180ce2.TMP),Basic_Info_Changed / File_Renamed_Old / Access_Right_Changed,False,False,True,True,1.0,True,True,True,,,,,False,False,True,False,False,False,9,40,False,False,False,False
c016ae70-0a30-4f22-94f6-97f412d5cac7.tmp,\Users\jcloudy\AppData\Local\Google\Chrome\User Data\Default\c016ae70-0a30-4f22-94f6-97f412d5cac7.tmp,1548500201.0,247905648.0,99.99473756492117,4/6/18 16:25,Time Reversal Event,CreationTime : 2018-04-06 16:25:12 -> 2018-03-27 17:33:13(same as TransportSecurity),Basic_Info_Changed / File_Renamed_Old / Access_Right_Changed,False,False,True,True,1.0,True,True,True,,,,,False,False,True,False,False,False,9,40,False,False,False,False
c10c0ce0-0295-4693-8f0f-03c233c51f7b.tmp,\Users\jcloudy\AppData\Local\Google\Chrome\User Data\Default\c10c0ce0-0295-4693-8f0f-03c233c51f7b.tmp,1547133667.0,247634672.0,99.99473756492117,4/6/18 15:27,Time Reversal Event,CreationTime : 2018-04-06 15:27:46 -> 2018-03-27 17:33:15(same as Network Persistent State~RF319a3313.TMP/ Network Persistent State),Basic_Info_Changed / File_Renamed_Old / Access_Right_Changed,False,False,True,True,1.0,True,True,True,,,,,False,False,True,False,False,False,9,40,False,False,False,False
c1297fa7-2228-45ea-b7d9-e9f33c20c3a6.tmp,\Users\jcloudy\AppData\Local\Google\Chrome\User Data\Default\c1297fa7-2228-45ea-b7d9-e9f33c20c3a6.tmp,1561621000.0,249738192.0,99.99473756492117,4/6/18 20:49,Time Reversal Event,CreationTime : 2018-04-06 20:49:06 -> 2018-03-27 17:33:15(same as Network Persistent State~RF319a3313.TMP/ Network Persistent State),Basic_Info_Changed / File_Renamed_Old / Access_Right_Changed,False,False,True,True,1.0,True,True,True,,,,,False,False,True,False,False,False,9,40,False,False,False,False
c22a9712-4d22-4dc4-8603-f35750992a3c.tmp,\Users\jcloudy\AppData\Local\Google\Chrome\User Data\Default\c22a9712-4d22-4dc4-8603-f35750992a3c.tmp,1561641060.0,249741096.0,99.99473756492117,4/6/18 20:49,Time Reversal Event,CreationTime : 2018-04-06 20:49:35 -> 2018-03-27 17:32:51(same as Preferences~RF2a180ce2.TMP),Basic_Info_Changed / File_Renamed_Old / Access_Right_Changed,False,False,True,True,1.0,True,True,True,,,,,False,False,True,False,False,False,9,40,False,False,False,False
c60254ff-160d-482d-b91b-c44a10d021e5.tmp,\Users\jcloudy\AppData\Local\Google\Chrome\User Data\Default\c60254ff-160d-482d-b91b-c44a10d021e5.tmp,1550938529.0,248933536.0,99.99473756492117,4/6/18 20:30,Time Reversal Event,CreationTime : 2018-04-06 20:30:30 -> 2018-03-27 17:33:15(same as Network Persistent State~RF319a3313.TMP),Basic_Info_Changed / File_Renamed_Old / Access_Right_Changed,False,False,True,True,1.0,True,True,True,,,,,False,False,True,False,False,False,9,40,False,False,False,False
d3653baf-5f1f-4111-be3a-b1056269ae92.tmp,\Users\jcloudy\AppData\Local\Google\Chrome\User Data\Default\d3653baf-5f1f-4111-be3a-b1056269ae92.tmp,1551072289.0,248960240.0,99.99473756492117,4/6/18 20:32,Time Reversal Event,CreationTime : 2018-04-06 20:32:54 -> 2018-03-27 17:33:15(same as Network Persistent State~RF319a3313.TMP/ Network Persistent State),Basic_Info_Changed / File_Renamed_Old / Access_Right_Changed,False,False,True,True,1.0,True,True,True,,,,,False,False,True,False,False,False,9,40,False,False,False,False
c71c9453-f2ba-4c59-bc49-f769af2a4baa.tmp,\Users\jcloudy\AppData\Local\Google\Chrome\User Data\Default\c71c9453-f2ba-4c59-bc49-f769af2a4baa.tmp,1549401233.0,248233584.0,99.99473756492117,4/6/18 16:32,Time Reversal Event,CreationTime : 2018-04-06 16:32:45 -> 2018-03-27 17:33:13(same as TransportSecurity),Basic_Info_Changed / File_Renamed_Old / Access_Right_Changed,False,False,True,True,1.0,True,True,True,,,,,False,False,True,False,False,False,9,40,False,False,False,False
c8b05115-0844-433f-9d27-d5bad54a48c7.tmp,\Users\jcloudy\AppData\Local\Google\Chrome\User Data\Default\c8b05115-0844-433f-9d27-d5bad54a48c7.tmp,1544973017.0,247166096.0,99.99473756492117,4/6/18 15:05,Time Reversal Event,CreationTime : 2018-04-06 15:05:41 -> 2018-03-27 17:32:51(same as Preferences/ Preferences~RF2a180ce2.TMP),Basic_Info_Changed / File_Renamed_Old / Access_Right_Changed,False,False,True,True,1.0,True,True,True,,,,,False,False,True,False,False,False,9,40,False,False,False,False
cad5a74e-bb07-45df-b986-99ba888480ad.tmp,\Users\jcloudy\AppData\Local\Google\Chrome\User Data\Default\cad5a74e-bb07-45df-b986-99ba888480ad.tmp,1550621106.0,248843744.0,99.99473756492117,4/6/18 20:26,Time Reversal Event,CreationTime : 2018-04-06 20:26:32 -> 2018-03-27 17:33:02,Basic_Info_Changed / File_Renamed_Old / Access_Right_Changed,False,False,True,True,1.0,True,True,True,,,,,False,False,True,False,False,False,9,40,False,False,False,False
cb6e4abd-796c-4341-8136-ce80685805b7.tmp,\Users\jcloudy\AppData\Local\Google\Chrome\User Data\Default\cb6e4abd-796c-4341-8136-ce80685805b7.tmp,1548866148.0,248054512.0,99.99473756492117,4/6/18 16:26,Time Reversal Event,CreationTime : 2018-04-06 16:26:30 -> 2018-03-27 17:33:13(same as TransportSecurity),Basic_Info_Changed / File_Renamed_Old / Access_Right_Changed,False,False,True,True,1.0,True,True,True,,,,,False,False,True,False,False,False,9,40,False,False,False,False
cb7ccc49-f428-465b-b996-0f8890b3185c.tmp,\Users\jcloudy\AppData\Local\Google\Chrome\User Data\Default\cb7ccc49-f428-465b-b996-0f8890b3185c.tmp,1545901812.0,247348496.0,99.99473756492117,4/6/18 15:14,Time Reversal Event,CreationTime : 2018-04-06 15:14:58 -> 2018-03-27 17:32:51(same as Preferences/ Preferences~RF2a180ce2.TMP),Basic_Info_Changed / File_Renamed_Old / Access_Right_Changed,False,False,True,True,1.0,True,True,True,,,,,False,False,True,False,False,False,9,40,False,False,False,False
cf03a9af-453f-46d9-99a2-4d58d4415bee.tmp,\Users\jcloudy\AppData\Local\Google\Chrome\User Data\Default\cf03a9af-453f-46d9-99a2-4d58d4415bee.tmp,1547463145.0,247681424.0,99.99473756492117,4/6/18 15:34,Time Reversal Event,CreationTime : 2018-04-06 15:34:26 -> 2018-03-27 17:33:15(same as Network Persistent State~RF319a3313.TMP/ Network Persistent State),Basic_Info_Changed / File_Renamed_Old / Access_Right_Changed,False,False,True,True,1.0,True,True,True,,,,,False,False,True,False,False,False,9,40,False,False,False,False
d0b319cf-8883-4a31-b47a-ee8a6b80132c.tmp,\Users\jcloudy\AppData\Local\Google\Chrome\User Data\Default\d0b319cf-8883-4a31-b47a-ee8a6b80132c.tmp,1547203523.0,247642792.0,99.99473756492117,4/6/18 15:29,Time Reversal Event,CreationTime : 2018-04-06 15:29:10 -> 2018-03-27 17:33:15(same as Network Persistent State~RF319a3313.TMP/ Network Persistent State),Basic_Info_Changed / File_Renamed_Old / Access_Right_Changed,False,False,True,True,1.0,True,True,True,,,,,False,False,True,False,False,False,9,40,False,False,False,False
d18f431a-e17a-4853-a700-5b6cff1cd950.tmp,\Users\jcloudy\AppData\Local\Google\Chrome\User Data\Default\d18f431a-e17a-4853-a700-5b6cff1cd950.tmp,1546563265.0,247464976.0,99.99473756492117,4/6/18 15:21,Time Reversal Event,CreationTime : 2018-04-06 15:21:41 -> 2018-03-27 17:33:13(same as TransportSecurity),Basic_Info_Changed / File_Renamed_Old / Access_Right_Changed,False,False,True,True,1.0,True,True,True,,,,,False,False,True,False,False,False,9,40,False,False,False,False
01676e7b-ca03-4faf-8594-f41ad62bcb7e.tmp,\Users\jcloudy\AppData\Local\Google\Chrome\User Data\Default\01676e7b-ca03-4faf-8594-f41ad62bcb7e.tmp,1548851133.0,248047824.0,99.99473756492117,4/6/18 16:26,Time Reversal Event,CreationTime : 2018-04-06 16:26:14 -> 2018-03-27 17:32:51(same as Preferences/ Preferences~RF2a180ce2.TMP),Basic_Info_Changed / File_Renamed_Old / Access_Right_Changed,False,False,True,True,1.0,True,True,True,,,,,False,False,True,False,False,False,9,40,False,False,False,False
0112408b-bcdf-4229-b844-0a1d0cb82bda.tmp,\Users\jcloudy\AppData\Local\Google\Chrome\User Data\Default\0112408b-bcdf-4229-b844-0a1d0cb82bda.tmp,1546317382.0,247418512.0,99.99473756492117,4/6/18 15:18,Time Reversal Event,CreationTime : 2018-04-06 15:18:53 -> 2018-03-27 17:32:51(same as Preferences/ Preferences~RF2a180ce2.TMP),Basic_Info_Changed / File_Renamed_Old / Access_Right_Changed,False,False,True,True,1.0,True,True,True,,,,,False,False,True,False,False,False,9,40,False,False,False,False
85459888-d930-4f5f-bd7d-20cbab87a77a.tmp,\Users\jcloudy\AppData\Local\Google\Chrome\User Data\Default\85459888-d930-4f5f-bd7d-20cbab87a77a.tmp,1548255214.0,247812096.0,99.99473756492117,4/6/18 15:49,Time Reversal Event,CreationTime : 2018-04-06 15:49:47 -> 2018-03-27 17:33:15(same as Network Persistent State~RF319a3313.TMP/ Network Persistent State),Basic_Info_Changed / File_Renamed_Old / Access_Right_Changed,False,False,True,True,1.0,True,True,True,,,,,False,False,True,False,False,False,9,40,False,False,False,False
499448b3-3d17-48c5-bbc1-f645a31a7652.tmp,\Users\jcloudy\AppData\Local\Google\Chrome\User Data\Default\499448b3-3d17-48c5-bbc1-f645a31a7652.tmp,1545155835.0,247197136.0,99.99473756492117,4/6/18 15:07,Time Reversal Event,CreationTime : 2018-04-06 15:07:15 -> 2018-03-27 17:32:51(same as Preferences/ Preferences~RF2a180ce2.TMP),Basic_Info_Changed / File_Renamed_Old / Access_Right_Changed,False,False,True,True,1.0,True,True,True,,,,,False,False,True,False,False,False,9,40,False,False,False,False
264610cc-b826-472a-8ee5-72687b89d1fd.tmp,\Users\jcloudy\AppData\Local\Google\Chrome\User Data\Default\264610cc-b826-472a-8ee5-72687b89d1fd.tmp,1545779720.0,247325568.0,99.99473756492117,4/6/18 15:13,Time Reversal Event,CreationTime : 2018-04-06 15:13:30 -> 2018-03-27 17:33:13(same as TransportSecurity),Basic_Info_Changed / File_Renamed_Old / Access_Right_Changed,False,False,True,True,1.0,True,True,True,,,,,False,False,True,False,False,False,9,40,False,False,False,False
2815d2f4-a94e-4b5b-b3c4-cac022ee8fa6.tmp,\Users\jcloudy\AppData\Local\Google\Chrome\User Data\Default\2815d2f4-a94e-4b5b-b3c4-cac022ee8fa6.tmp,1561486542.0,249710568.0,99.99473756492117,4/6/18 20:46,Time Reversal Event,CreationTime : 2018-04-06 20:46:40 -> 2018-03-27 17:33:13,Basic_Info_Changed / File_Renamed_Old / Access_Right_Changed,False,False,True,True,1.0,True,True,True,,,,,False,False,True,False,False,False,9,40,False,False,False,False
29371f89-c184-492c-a4ea-8b64c91e246e.tmp,\Users\jcloudy\AppData\Local\Google\Chrome\User Data\Default\29371f89-c184-492c-a4ea-8b64c91e246e.tmp,1545692358.0,247315008.0,99.99473756492117,4/6/18 15:12,Time Reversal Event,CreationTime : 2018-04-06 15:12:37 -> 2018-03-27 17:32:51(same as Preferences/ Preferences~RF2a180ce2.TMP),Basic_Info_Changed / File_Renamed_Old / Access_Right_Changed,False,False,True,True,1.0,True,True,True,,,,,False,False,True,False,False,False,9,40,False,False,False,False
2d55a6da-9703-486c-a18c-5e2e38b48990.tmp,\Users\jcloudy\AppData\Local\Google\Chrome\User Data\Default\2d55a6da-9703-486c-a18c-5e2e38b48990.tmp,1546050758.0,247384968.0,99.99473756492117,4/6/18 15:16,Time Reversal Event,CreationTime : 2018-04-06 15:16:29 -> 2018-03-27 17:33:15(same as Network Persistent State~RF319a3313.TMP/ Network Persistent State),Basic_Info_Changed / File_Renamed_Old / Access_Right_Changed,False,False,True,True,1.0,True,True,True,,,,,False,False,True,False,False,False,9,40,False,False,False,False
2da1da97-bdc6-445b-b155-54e793be808a.tmp,\Users\jcloudy\AppData\Local\Google\Chrome\User Data\Default\2da1da97-bdc6-445b-b155-54e793be808a.tmp,1548774601.0,248013224.0,99.99473756492117,4/6/18 16:25,Time Reversal Event,CreationTime : 2018-04-06 16:25:41 -> 2018-03-27 17:32:51(same as Preferences/ Preferences~RF2a180ce2.TMP),Basic_Info_Changed / File_Renamed_Old / Access_Right_Changed,False,False,True,True,1.0,True,True,True,,,,,False,False,True,False,False,False,9,40,False,False,False,False
30c0a254-2009-4b21-98f7-90d012d6d950.tmp,\Users\jcloudy\AppData\Local\Google\Chrome\User Data\Default\30c0a254-2009-4b21-98f7-90d012d6d950.tmp,1545169592.0,247199248.0,99.99473756492117,4/6/18 15:07,Time Reversal Event,CreationTime : 2018-04-06 15:07:27 -> 2018-03-27 17:33:15(same as Network Persistent State~RF319a3313.TMP/ Network Persistent State),Basic_Info_Changed / File_Renamed_Old / Access_Right_Changed,False,False,True,True,1.0,True,True,True,,,,,False,False,True,False,False,False,9,40,False,False,False,False
32bb6e81-ad1c-4966-8faf-abe1664beccc.tmp,\Users\jcloudy\AppData\Local\Google\Chrome\User Data\Default\32bb6e81-ad1c-4966-8faf-abe1664beccc.tmp,1545479019.0,247259248.0,99.99473756492117,4/6/18 15:10,Time Reversal Event,CreationTime : 2018-04-06 15:10:20 -> 2018-03-27 17:32:51(same as Preferences/ Preferences~RF2a180ce2.TMP),Basic_Info_Changed / File_Renamed_Old / Access_Right_Changed,False,False,True,True,1.0,True,True,True,,,,,False,False,True,False,False,False,9,40,False,False,False,False
32e98c4b-93de-49a0-abe9-d464cd223033.tmp,\Users\jcloudy\AppData\Local\Google\Chrome\User Data\Default\32e98c4b-93de-49a0-abe9-d464cd223033.tmp,1547629462.0,247713584.0,99.99473756492117,4/6/18 15:37,Time Reversal Event,CreationTime : 2018-04-06 15:37:21 -> 2018-03-27 17:33:15(same as Network Persistent State~RF319a3313.TMP/ Network Persistent State),Basic_Info_Changed / File_Renamed_Old / Access_Right_Changed,False,False,True,True,1.0,True,True,True,,,,,False,False,True,False,False,False,9,40,False,False,False,False
34729dce-02f5-4daa-8063-1efda726e320.tmp,\Users\jcloudy\AppData\Local\Google\Chrome\User Data\Default\34729dce-02f5-4daa-8063-1efda726e320.tmp,1546996052.0,247604608.0,99.99473756492117,4/6/18 15:25,Time Reversal Event,CreationTime : 2018-04-06 15:25:21 -> 2018-03-27 17:33:15(same as Network Persistent State~RF319a3313.TMP/ Network Persistent State),Basic_Info_Changed / File_Renamed_Old / Access_Right_Changed,False,False,True,True,1.0,True,True,True,,,,,False,False,True,False,False,False,9,40,False,False,False,False
35bc8604-37ad-46a2-bda7-32f5f704a698.tmp,\Users\jcloudy\AppData\Local\Google\Chrome\User Data\Default\35bc8604-37ad-46a2-bda7-32f5f704a698.tmp,1546474517.0,247442560.0,99.99473756492117,4/6/18 15:20,Time Reversal Event,CreationTime : 2018-04-06 15:20:24 -> 2018-03-27 17:32:51(same as Preferences/ Preferences~RF2a180ce2.TMP),Basic_Info_Changed / File_Renamed_Old / Access_Right_Changed,False,False,True,True,1.0,True,True,True,,,,,False,False,True,False,False,False,9,40,False,False,False,False
36ddbb5d-f6bf-4ab8-84e1-9374784f5ba7.tmp,\Users\jcloudy\AppData\Local\Google\Chrome\User Data\Default\36ddbb5d-f6bf-4ab8-84e1-9374784f5ba7.tmp,1550870247.0,248914064.0,99.99473756492117,4/6/18 20:29,Time Reversal Event,CreationTime : 2018-04-06 20:29:29 -> 2018-03-27 17:33:15(same as Network Persistent State~RF319a3313.TMP/ Network Persistent State),Basic_Info_Changed / File_Renamed_Old / Access_Right_Changed,False,False,True,True,1.0,True,True,True,,,,,False,False,True,False,False,False,9,40,False,False,False,False
38acdbb1-157d-4a31-97b4-4e3d11b260e0.tmp,\Users\jcloudy\AppData\Local\Google\Chrome\User Data\Default\38acdbb1-157d-4a31-97b4-4e3d11b260e0.tmp,1545875177.0,247342456.0,99.99473756492117,4/6/18 15:14,Time Reversal Event,CreationTime : 2018-04-06 15:14:45 -> 2018-03-27 17:32:51(same as Preferences/ Preferences~RF2a180ce2.TMP),Basic_Info_Changed / File_Renamed_Old / Access_Right_Changed,False,False,True,True,1.0,True,True,True,,,,,False,False,True,False,False,False,9,40,False,False,False,False
39e811f1-6126-437d-8703-c4b0cc5ef741.tmp,\Users\jcloudy\AppData\Local\Google\Chrome\User Data\Default\39e811f1-6126-437d-8703-c4b0cc5ef741.tmp,1545919291.0,247353168.0,99.99473756492117,4/6/18 15:15,Time Reversal Event,CreationTime : 2018-04-06 15:15:13 -> 2018-03-27 17:32:51(same as Preferences/ Preferences~RF2a180ce2.TMP),Basic_Info_Changed / File_Renamed_Old / Access_Right_Changed,False,False,True,True,1.0,True,True,True,,,,,False,False,True,False,False,False,9,40,False,False,False,False
3dbecb21-ae4a-4bd0-b197-c9a698665e74.tmp,\Users\jcloudy\AppData\Local\Google\Chrome\User Data\Default\3dbecb21-ae4a-4bd0-b197-c9a698665e74.tmp,1550752809.0,248892600.0,99.99473756492117,4/6/18 20:27,Time Reversal Event,CreationTime : 2018-04-06 20:27:30 -> 2018-03-27 17:33:13(same as TransportSecurity),Basic_Info_Changed / File_Renamed_Old / Access_Right_Changed,False,False,True,True,1.0,True,True,True,,,,,False,False,True,False,False,False,9,40,False,False,False,False
40bea7ba-f6e4-48c7-b59d-2de314ae0855.tmp,\Users\jcloudy\AppData\Local\Google\Chrome\User Data\Default\40bea7ba-f6e4-48c7-b59d-2de314ae0855.tmp,1561257448.0,249667840.0,99.99473756492117,4/6/18 20:42,Time Reversal Event,CreationTime : 2018-04-06 20:42:24 -> 2018-03-27 17:33:15(same as Network Persistent State),Basic_Info_Changed / File_Renamed_Old / Access_Right_Changed,False,False,True,True,1.0,True,True,True,,,,,False,False,True,False,False,False,9,40,False,False,False,False
40da1443-b3ea-4be4-a9e9-409ec1fcf2dc.tmp,\Users\jcloudy\AppData\Local\Google\Chrome\User Data\Default\40da1443-b3ea-4be4-a9e9-409ec1fcf2dc.tmp,1550732770.0,248882912.0,99.99473756492117,4/6/18 20:27,Time Reversal Event,CreationTime : 2018-04-06 20:27:17 -> 2018-03-27 17:32:51(same as Preferences/ Preferences~RF2a180ce2.TMP),Basic_Info_Changed / File_Renamed_Old / Access_Right_Changed,False,False,True,True,1.0,True,True,True,,,,,False,False,True,False,False,False,9,40,False,False,False,False
845506aa-e10b-40f9-b1af-6489dcecebf1.tmp,\Users\jcloudy\AppData\Local\Google\Chrome\User Data\Default\845506aa-e10b-40f9-b1af-6489dcecebf1.tmp,1548461166.0,247894016.0,99.99473756492117,4/6/18 16:24,Time Reversal Event,CreationTime : 2018-04-06 16:24:59 -> 2018-03-27 17:32:51(same as Preferences/ Preferences~RF2a180ce2.TMP),Basic_Info_Changed / File_Renamed_Old / Access_Right_Changed,False,False,True,True,1.0,True,True,True,,,,,False,False,True,False,False,False,9,40,False,False,False,False
41c335eb-6dd0-4808-9529-568fe56eff82.tmp,\Users\jcloudy\AppData\Local\Google\Chrome\User Data\Default\41c335eb-6dd0-4808-9529-568fe56eff82.tmp,1549019767.0,248107360.0,99.99473756492117,4/6/18 16:28,Time Reversal Event,CreationTime : 2018-04-06 16:28:41 -> 2018-03-27 17:33:13(same as TransportSecurity),Basic_Info_Changed / File_Renamed_Old / Access_Right_Changed,False,False,True,True,1.0,True,True,True,,,,,False,False,True,False,False,False,9,40,False,False,False,False
4210b319-4147-428b-9186-56ff6448a3c1.tmp,\Users\jcloudy\AppData\Local\Google\Chrome\User Data\Default\4210b319-4147-428b-9186-56ff6448a3c1.tmp,1548761022.0,248006080.0,99.99473756492117,4/6/18 16:25,Time Reversal Event,CreationTime : 2018-04-06 16:25:36 -> 2018-03-27 17:33:13(same as TransportSecurity),Basic_Info_Changed / File_Renamed_Old / Access_Right_Changed,False,False,True,True,1.0,True,True,True,,,,,False,False,True,False,False,False,9,40,False,False,False,False
447ea405-7e30-4e88-93d4-57cd5b79da9b.tmp,\Users\jcloudy\AppData\Local\Google\Chrome\User Data\Default\447ea405-7e30-4e88-93d4-57cd5b79da9b.tmp,1547297669.0,247658928.0,99.99473756492117,4/6/18 15:31,Time Reversal Event,CreationTime : 2018-04-06 15:31:01 -> 2018-03-27 17:32:51(same as Preferences/ Preferences~RF2a180ce2.TMP),Basic_Info_Changed / File_Renamed_Old / Access_Right_Changed,False,False,True,True,1.0,True,True,True,,,,,False,False,True,False,False,False,9,40,False,False,False,False
4603f86a-317f-4196-a273-05304877d2b8.tmp,\Users\jcloudy\AppData\Local\Google\Chrome\User Data\Default\4603f86a-317f-4196-a273-05304877d2b8.tmp,1549231009.0,248170624.0,99.99473756492117,4/6/18 16:30,Time Reversal Event,CreationTime : 2018-04-06 16:30:55 -> 2018-03-27 17:33:13(same as TransportSecurity),Basic_Info_Changed / File_Renamed_Old / Access_Right_Changed,False,False,True,True,1.0,True,True,True,,,,,False,False,True,False,False,False,9,40,False,False,False,False
4690b297-e1e5-4af7-ab0c-17dba454a08e.tmp,\Users\jcloudy\AppData\Local\Google\Chrome\User Data\Default\4690b297-e1e5-4af7-ab0c-17dba454a08e.tmp,1545832709.0,247334872.0,99.99473756492117,4/6/18 15:14,Time Reversal Event,CreationTime : 2018-04-06 15:14:21 -> 2018-03-27 17:33:15(same as Network Persistent State~RF319a3313.TMP/ Network Persistent State),Basic_Info_Changed / File_Renamed_Old / Access_Right_Changed,False,False,True,True,1.0,True,True,True,,,,,False,False,True,False,False,False,9,40,False,False,False,False
478b80c3-1b70-4c77-84a0-040c93e5e3b9.tmp,\Users\jcloudy\AppData\Local\Google\Chrome\User Data\Default\478b80c3-1b70-4c77-84a0-040c93e5e3b9.tmp,1550579627.0,248826176.0,99.99473756492117,4/6/18 20:26,Time Reversal Event,CreationTime : 2018-04-06 20:26:29 -> 2018-03-27 17:33:13(same as TransportSecurity),Basic_Info_Changed / File_Renamed_Old / Access_Right_Changed,False,False,True,True,1.0,True,True,True,,,,,False,False,True,False,False,False,9,40,False,False,False,False
24c864f8-f3a6-48bb-8a75-2e9d9228dfc1.tmp,\Users\jcloudy\AppData\Local\Google\Chrome\User Data\Default\24c864f8-f3a6-48bb-8a75-2e9d9228dfc1.tmp,1548052623.0,247784688.0,99.99473756492117,4/6/18 15:45,Time Reversal Event,CreationTime : 2018-04-06 15:45:38 -> 2018-03-27 17:33:15(same as Network Persistent State~RF319a3313.TMP/ Network Persistent State),Basic_Info_Changed / File_Renamed_Old / Access_Right_Changed,False,False,True,True,1.0,True,True,True,,,,,False,False,True,False,False,False,9,40,False,False,False,False
23549971-18fd-45f5-af23-d643ae52e7aa.tmp,\Users\jcloudy\AppData\Local\Google\Chrome\User Data\Default\23549971-18fd-45f5-af23-d643ae52e7aa.tmp,1549025902.0,248111640.0,99.99473756492117,4/6/18 16:28,Time Reversal Event,CreationTime : 2018-04-06 16:28:45 -> 2018-03-27 17:32:51(same as Preferences/ Preferences~RF2a180ce2.TMP),Basic_Info_Changed / File_Renamed_Old / Access_Right_Changed,False,False,True,True,1.0,True,True,True,,,,,False,False,True,False,False,False,9,40,False,False,False,False
21dd11c2-91eb-4b5e-a332-663f9cfb9800.tmp,\Users\jcloudy\AppData\Local\Google\Chrome\User Data\Default\21dd11c2-91eb-4b5e-a332-663f9cfb9800.tmp,1561305079.0,249674864.0,99.99473756492117,4/6/18 20:43,Time Reversal Event,CreationTime : 2018-04-06 20:43:26 -> 2018-03-27 17:33:15(same as Network Persistent State~RF319a3313.TMP/ Network Persistent State),Basic_Info_Changed / File_Renamed_Old / Access_Right_Changed,False,False,True,True,1.0,True,True,True,,,,,False,False,True,False,False,False,9,40,False,False,False,False
0e1357ed-6966-4957-9586-9a4e926cc147.tmp,\Users\jcloudy\AppData\Local\Google\Chrome\User Data\Default\0e1357ed-6966-4957-9586-9a4e926cc147.tmp,1550239039.0,248636792.0,99.99473756492117,4/6/18 20:26,Time Reversal Event,CreationTime : 2018-04-06 20:26:24 -> 2018-03-27 17:32:51(same as Preferences/ Preferences~RF2a180ce2.TMP),Basic_Info_Changed / File_Renamed_Old / Access_Right_Changed,False,False,True,True,1.0,True,True,True,,,,,False,False,True,False,False,False,9,40,False,False,False,False
036244a1-8be4-4541-a018-f28ac625af60.tmp,\Users\jcloudy\AppData\Local\Google\Chrome\User Data\Default\036244a1-8be4-4541-a018-f28ac625af60.tmp,1561561545.0,249730960.0,99.99473756492117,4/6/18 20:47,Time Reversal Event,CreationTime : 2018-04-06 20:47:54 -> 2018-03-27 17:33:15(same as Network Persistent State~RF319a3313.TMP/ Network Persistent State),Basic_Info_Changed / File_Renamed_Old / Access_Right_Changed,False,False,True,True,1.0,True,True,True,,,,,False,False,True,False,False,False,9,40,False,False,False,False
051f92b4-6c35-4884-88fc-689184c51270.tmp,\Users\jcloudy\AppData\Local\Google\Chrome\User Data\Default\051f92b4-6c35-4884-88fc-689184c51270.tmp,1545313470.0,247222528.0,99.99473756492117,4/6/18 15:08,Time Reversal Event,CreationTime : 2018-04-06 15:08:49 -> 2018-03-27 17:33:15(same as Network Persistent State~RF319a3313.TMP/ Network Persistent State),Basic_Info_Changed / File_Renamed_Old / Access_Right_Changed,False,False,True,True,1.0,True,True,True,,,,,False,False,True,False,False,False,9,40,False,False,False,False
06d871bc-0eed-4761-8cf4-b037488ea47a.tmp,\Users\jcloudy\AppData\Local\Google\Chrome\User Data\Default\06d871bc-0eed-4761-8cf4-b037488ea47a.tmp,1545042166.0,247176920.0,99.99473756492117,4/6/18 15:06,Time Reversal Event,CreationTime : 2018-04-06 15:06:07 -> 2018-03-27 17:32:51(same as Preferences/ Preferences~RF2a180ce2.TMP),Basic_Info_Changed / File_Renamed_Old / Access_Right_Changed,False,False,True,True,1.0,True,True,True,,,,,False,False,True,False,False,False,9,40,False,False,False,False
072f610d-2192-4b7d-bccf-c989ef4281a0.tmp,\Users\jcloudy\AppData\Local\Google\Chrome\User Data\Default\072f610d-2192-4b7d-bccf-c989ef4281a0.tmp,1546023032.0,247380400.0,99.99473756492117,4/6/18 15:16,Time Reversal Event,CreationTime : 2018-04-06 15:16:04 -> 2018-03-27 17:32:51(same as Preferences/ Preferences~RF2a180ce2.TMP),Basic_Info_Changed / File_Renamed_Old / Access_Right_Changed,False,False,True,True,1.0,True,True,True,,,,,False,False,True,False,False,False,9,40,False,False,False,False
08237f1d-dc41-4d46-a290-45c677f135f6.tmp,\Users\jcloudy\AppData\Local\Google\Chrome\User Data\Default\08237f1d-dc41-4d46-a290-45c677f135f6.tmp,1547096466.0,247625824.0,99.99473756492117,4/6/18 15:27,Time Reversal Event,CreationTime : 2018-04-06 15:27:00 -> 2018-03-27 17:33:13(same as TransportSecurity),Basic_Info_Changed / File_Renamed_Old / Access_Right_Changed,False,False,True,True,1.0,True,True,True,,,,,False,False,True,False,False,False,9,40,False,False,False,False
08471179-f6ea-4f83-8ada-2f741329e7d0.tmp,\Users\jcloudy\AppData\Local\Google\Chrome\User Data\Default\08471179-f6ea-4f83-8ada-2f741329e7d0.tmp,1547566600.0,247699912.0,99.99473756492117,4/6/18 15:36,Time Reversal Event,CreationTime : 2018-04-06 15:36:18 -> 2018-03-27 17:33:15(same as Network Persistent State~RF319a3313.TMP/ Network Persistent State),Basic_Info_Changed / File_Renamed_Old / Access_Right_Changed,False,False,True,True,1.0,True,True,True,,,,,False,False,True,False,False,False,9,40,False,False,False,False
0925241b-f1f1-412a-98a0-45fe5945b479.tmp,\Users\jcloudy\AppData\Local\Google\Chrome\User Data\Default\0925241b-f1f1-412a-98a0-45fe5945b479.tmp,1547673848.0,247718576.0,99.99473756492117,4/6/18 15:38,Time Reversal Event,CreationTime : 2018-04-06 15:38:23 -> 2018-03-27 17:33:15(same as Network Persistent State~RF319a3313.TMP/ Network Persistent State),Basic_Info_Changed / File_Renamed_Old / Access_Right_Changed,False,False,True,True,1.0,True,True,True,,,,,False,False,True,False,False,False,9,40,False,False,False,False
0985442c-0236-426d-ac3a-404776d72fd1.tmp,\Users\jcloudy\AppData\Local\Google\Chrome\User Data\Default\0985442c-0236-426d-ac3a-404776d72fd1.tmp,1549454271.0,248241816.0,99.99473756492117,4/6/18 16:33,Time Reversal Event,CreationTime : 2018-04-06 16:33:37 -> 2018-03-27 17:32:51(same as Preferences/ Preferences~RF2a180ce2.TMP),Basic_Info_Changed / File_Renamed_Old / Access_Right_Changed,False,False,True,True,1.0,True,True,True,,,,,False,False,True,False,False,False,9,40,False,False,False,False
0b67910d-c405-4d63-aecb-afe1058c1b1b.tmp,\Users\jcloudy\AppData\Local\Google\Chrome\User Data\Default\0b67910d-c405-4d63-aecb-afe1058c1b1b.tmp,1547932949.0,247767296.0,99.99473756492117,4/6/18 15:43,Time Reversal Event,CreationTime : 2018-04-06 15:43:22 -> 2018-03-27 17:33:15(same as Network Persistent State~RF319a3313.TMP/ Network Persistent State),Basic_Info_Changed / File_Renamed_Old / Access_Right_Changed,False,False,True,True,1.0,True,True,True,,,,,False,False,True,False,False,False,9,40,False,False,False,False
0bcce398-951d-4f0d-82f5-a4576a0d3152.tmp,\Users\jcloudy\AppData\Local\Google\Chrome\User Data\Default\0bcce398-951d-4f0d-82f5-a4576a0d3152.tmp,1545279587.0,247215552.0,99.99473756492117,4/6/18 15:08,Time Reversal Event,CreationTime : 2018-04-06 15:08:35 -> 2018-03-27 17:33:13(same as TransportSecurity),Basic_Info_Changed / File_Renamed_Old / Access_Right_Changed,False,False,True,True,1.0,True,True,True,,,,,False,False,True,False,False,False,9,40,False,False,False,False
10039cda-83dd-439e-9ad3-029efa26d31f.tmp,\Users\jcloudy\AppData\Local\Google\Chrome\User Data\Default\10039cda-83dd-439e-9ad3-029efa26d31f.tmp,1547007014.0,247608408.0,99.99473756492117,4/6/18 15:25,Time Reversal Event,CreationTime : 2018-04-06 15:25:23 -> 2018-03-27 17:32:51(same as Preferences/ Preferences~RF2a180ce2.TMP),Basic_Info_Changed / File_Renamed_Old / Access_Right_Changed,False,False,True,True,1.0,True,True,True,,,,,False,False,True,False,False,False,9,40,False,False,False,False
20fed698-56af-40fd-8710-37db79f2b53c.tmp,\Users\jcloudy\AppData\Local\Google\Chrome\User Data\Default\20fed698-56af-40fd-8710-37db79f2b53c.tmp,1546440580.0,247432680.0,99.99473756492117,4/6/18 15:20,Time Reversal Event,CreationTime : 2018-04-06 15:20:03 -> 2018-03-27 17:32:51(same as Preferences/ Preferences~RF2a180ce2.TMP),Basic_Info_Changed / File_Renamed_Old / Access_Right_Changed,False,False,True,True,1.0,True,True,True,,,,,False,False,True,False,False,False,9,40,False,False,False,False
1123d7cb-c0a2-4d63-a637-49ce4ece47ac.tmp,\Users\jcloudy\AppData\Local\Google\Chrome\User Data\Default\1123d7cb-c0a2-4d63-a637-49ce4ece47ac.tmp,1550655598.0,248853808.0,99.99473756492117,4/6/18 20:26,Time Reversal Event,CreationTime : 2018-04-06 20:26:40 -> 2018-03-27 17:33:13(same as TransportSecurity),Basic_Info_Changed / File_Renamed_Old / Access_Right_Changed,False,False,True,True,1.0,True,True,True,,,,,False,False,True,False,False,False,9,40,False,False,False,False
12531489-3faf-46f7-8392-7ee867d87f55.tmp,\Users\jcloudy\AppData\Local\Google\Chrome\User Data\Default\12531489-3faf-46f7-8392-7ee867d87f55.tmp,1561689223.0,249749904.0,99.99473756492117,4/6/18 20:50,Time Reversal Event,CreationTime : 2018-04-06 20:50:35 -> 2018-03-27 17:33:15(same as Network Persistent State),Basic_Info_Changed / File_Renamed_Old / Access_Right_Changed,False,False,True,True,1.0,True,True,True,,,,,False,False,True,False,False,False,9,40,False,False,False,False
13c2e00d-86ba-4da8-937e-1621ce196178.tmp,\Users\jcloudy\AppData\Local\Google\Chrome\User Data\Default\13c2e00d-86ba-4da8-937e-1621ce196178.tmp,1545801239.0,247330960.0,99.99473756492117,4/6/18 15:13,Time Reversal Event,CreationTime : 2018-04-06 15:13:44 -> 2018-03-27 17:32:51(same as Preferences/ Preferences~RF2a180ce2.TMP),Basic_Info_Changed / File_Renamed_Old / Access_Right_Changed,False,False,True,True,1.0,True,True,True,,,,,False,False,True,False,False,False,9,40,False,False,False,False
158f928a-a0be-4bb0-b1c4-3cb15a4d4091.tmp,\Users\jcloudy\AppData\Local\Google\Chrome\User Data\Default\158f928a-a0be-4bb0-b1c4-3cb15a4d4091.tmp,1546180161.0,247398112.0,99.99473756492117,4/6/18 15:17,Time Reversal Event,CreationTime : 2018-04-06 15:17:30 -> 2018-03-27 17:33:15(same as Network Persistent State~RF319a3313.TMP/ Network Persistent State),Basic_Info_Changed / File_Renamed_Old / Access_Right_Changed,False,False,True,True,1.0,True,True,True,,,,,False,False,True,False,False,False,9,40,False,False,False,False
18b51183-4b77-421f-800a-59a3de0dfd74.tmp,\Users\jcloudy\AppData\Local\Google\Chrome\User Data\Default\18b51183-4b77-421f-800a-59a3de0dfd74.tmp,1548786850.0,248019192.0,99.99473756492117,4/6/18 16:25,Time Reversal Event,CreationTime : 2018-04-06 16:25:48 -> 2018-03-27 17:33:13(same as TransportSecurity),Basic_Info_Changed / File_Renamed_Old / Access_Right_Changed,False,False,True,True,1.0,True,True,True,,,,,False,False,True,False,False,False,9,40,False,False,False,False
1925a6fc-0b55-4eae-8452-5543e213723c.tmp,\Users\jcloudy\AppData\Local\Google\Chrome\User Data\Default\1925a6fc-0b55-4eae-8452-5543e213723c.tmp,1547261789.0,247650864.0,99.99473756492117,4/6/18 15:30,Time Reversal Event,CreationTime : 2018-04-06 15:30:30 -> 2018-03-27 17:33:15(same as Network Persistent State~RF319a3313.TMP/ Network Persistent State),Basic_Info_Changed / File_Renamed_Old / Access_Right_Changed,False,False,True,True,1.0,True,True,True,,,,,False,False,True,False,False,False,9,40,False,False,False,False
1b2c28f1-8f3e-455a-bcaf-f304dbd2d2f2.tmp,\Users\jcloudy\AppData\Local\Google\Chrome\User Data\Default\1b2c28f1-8f3e-455a-bcaf-f304dbd2d2f2.tmp,1545323500.0,247227336.0,99.99473756492117,4/6/18 15:08,Time Reversal Event,CreationTime : 2018-04-06 15:08:51 -> 2018-03-27 17:32:51(same as Preferences/ Preferences~RF2a180ce2.TMP),Basic_Info_Changed / File_Renamed_Old / Access_Right_Changed,False,False,True,True,1.0,True,True,True,,,,,False,False,True,False,False,False,9,40,False,False,False,False
1b4ce1a2-3fe9-4f15-9fec-05e785844e7a.tmp,\Users\jcloudy\AppData\Local\Google\Chrome\User Data\Default\1b4ce1a2-3fe9-4f15-9fec-05e785844e7a.tmp,1548675772.0,247972880.0,99.99473756492117,4/6/18 16:25,Time Reversal Event,CreationTime : 2018-04-06 16:25:26 -> 2018-03-27 17:33:13(same as TransportSecurity),Basic_Info_Changed / File_Renamed_Old / Access_Right_Changed,False,False,True,True,1.0,True,True,True,,,,,False,False,True,False,False,False,9,40,False,False,False,False
1c0c18c2-1f3b-4c90-b4a9-7c89f1c968f8.tmp,\Users\jcloudy\AppData\Local\Google\Chrome\User Data\Default\1c0c18c2-1f3b-4c90-b4a9-7c89f1c968f8.tmp,1549254760.0,248177472.0,99.99473756492117,4/6/18 16:31,Time Reversal Event,CreationTime : 2018-04-06 16:31:08 -> 2018-03-27 17:33:15(same as Network Persistent State~RF319a3313.TMP/ Network Persistent State),Basic_Info_Changed / File_Renamed_Old / Access_Right_Changed,False,False,True,True,1.0,True,True,True,,,,,False,False,True,False,False,False,9,40,False,False,False,False
1d3817ec-151a-47e2-ad25-f57ffe618f38.tmp,\Users\jcloudy\AppData\Local\Google\Chrome\User Data\Default\1d3817ec-151a-47e2-ad25-f57ffe618f38.tmp,1546270522.0,247410832.0,99.99473756492117,4/6/18 15:18,Time Reversal Event,CreationTime : 2018-04-06 15:18:30 -> 2018-03-27 17:33:15(same as Network Persistent State~RF319a3313.TMP/ Network Persistent State),Basic_Info_Changed / File_Renamed_Old / Access_Right_Changed,False,False,True,True,1.0,True,True,True,,,,,False,False,True,False,False,False,9,40,False,False,False,False
47a03e3f-e3f0-4454-a74a-9c39198b1134.tmp,\Users\jcloudy\AppData\Local\Google\Chrome\User Data\Default\47a03e3f-e3f0-4454-a74a-9c39198b1134.tmp,1561073956.0,249628944.0,99.99473756492117,4/6/18 20:39,Time Reversal Event,CreationTime : 2018-04-06 20:39:11 -> 2018-03-27 17:33:13(same as TransportSecurity),Basic_Info_Changed / File_Renamed_Old / Access_Right_Changed,False,False,True,True,1.0,True,True,True,,,,,False,False,True,False,False,False,9,40,False,False,False,False
40f7289d-328b-4d28-baf0-bee0e111c5c0.tmp,\Users\jcloudy\AppData\Local\Google\Chrome\User Data\Default\40f7289d-328b-4d28-baf0-bee0e111c5c0.tmp,1547340960.0,247666048.0,99.99473756492117,4/6/18 15:31,Time Reversal Event,CreationTime : 2018-04-06 15:31:46 -> 2018-03-27 17:33:15(same as Network Persistent State~RF319a3313.TMP/ Network Persistent State),Basic_Info_Changed / File_Renamed_Old / Access_Right_Changed,False,False,True,True,1.0,True,True,True,,,,,False,False,True,False,False,False,9,40,False,False,False,False
4dbb7ecc-5aa0-4f59-adc1-e16664ee5749.tmp,\Users\jcloudy\AppData\Local\Google\Chrome\User Data\Default\4dbb7ecc-5aa0-4f59-adc1-e16664ee5749.tmp,1545542215.0,247271648.0,99.99473756492117,4/6/18 15:11,Time Reversal Event,CreationTime : 2018-04-06 15:11:23 -> 2018-03-27 17:33:13(same as TransportSecurity),Basic_Info_Changed / File_Renamed_Old / Access_Right_Changed,False,False,True,True,1.0,True,True,True,,,,,False,False,True,False,False,False,9,40,False,False,False,False
621b9d8a-decd-45f9-a92b-6e4c4aee5b47.tmp,\Users\jcloudy\AppData\Local\Google\Chrome\User Data\Default\621b9d8a-decd-45f9-a92b-6e4c4aee5b47.tmp,1545551182.0,247273976.0,99.99473756492117,4/6/18 15:11,Time Reversal Event,CreationTime : 2018-04-06 15:11:30 -> 2018-03-27 17:32:51(same as Preferences/ Preferences~RF2a180ce2.TMP),Basic_Info_Changed / File_Renamed_Old / Access_Right_Changed,False,False,True,True,1.0,True,True,True,,,,,False,False,True,False,False,False,9,40,False,False,False,False
5049a142-8d77-4973-8dd8-17b5222c62df.tmp,\Users\jcloudy\AppData\Local\Google\Chrome\User Data\Default\5049a142-8d77-4973-8dd8-17b5222c62df.tmp,1549413854.0,248237344.0,99.99473756492117,4/6/18 16:32,Time Reversal Event,CreationTime : 2018-04-06 16:32:55 -> 2018-03-27 17:33:13(same as TransportSecurity),Basic_Info_Changed / File_Renamed_Old / Access_Right_Changed,False,False,True,True,1.0,True,True,True,,,,,False,False,True,False,False,False,9,40,False,False,False,False
6522a202-7325-411a-ad87-efc9520d6893.tmp,\Users\jcloudy\AppData\Local\Google\Chrome\User Data\Default\6522a202-7325-411a-ad87-efc9520d6893.tmp,1548937773.0,248081368.0,99.99473756492117,4/6/18 16:27,Time Reversal Event,CreationTime : 2018-04-06 16:27:46 -> 2018-03-27 17:33:13(same as TransportSecurity),Basic_Info_Changed / File_Renamed_Old / Access_Right_Changed,False,False,True,True,1.0,True,True,True,,,,,False,False,True,False,False,False,9,40,False,False,False,False
68b9a80d-884b-44b1-8f41-ef10f0fcea81.tmp,\Users\jcloudy\AppData\Local\Google\Chrome\User Data\Default\68b9a80d-884b-44b1-8f41-ef10f0fcea81.tmp,1561108019.0,249638320.0,99.99473756492117,4/6/18 20:39,Time Reversal Event,CreationTime : 2018-04-06 20:39:44 -> 2018-03-27 17:32:51(same as Preferences/ Preferences~RF2a180ce2.TMP),Basic_Info_Changed / File_Renamed_Old / Access_Right_Changed,False,False,True,True,1.0,True,True,True,,,,,False,False,True,False,False,False,9,40,False,False,False,False
69a911b6-1299-466a-980d-571fa4b85170.tmp,\Users\jcloudy\AppData\Local\Google\Chrome\User Data\Default\69a911b6-1299-466a-980d-571fa4b85170.tmp,1549106768.0,248131712.0,99.99473756492117,4/6/18 16:29,Time Reversal Event,CreationTime : 2018-04-06 16:29:48 -> 2018-03-27 17:33:13(same as TransportSecurity),Basic_Info_Changed / File_Renamed_Old / Access_Right_Changed,False,False,True,True,1.0,True,True,True,,,,,False,False,True,False,False,False,9,40,False,False,False,False
6a2b140d-5b13-47c5-809b-22e454605a94.tmp,\Users\jcloudy\AppData\Local\Google\Chrome\User Data\Default\6a2b140d-5b13-47c5-809b-22e454605a94.tmp,1548975112.0,248091952.0,99.99473756492117,4/6/18 16:28,Time Reversal Event,CreationTime : 2018-04-06 16:28:18 -> 2018-03-27 17:33:13(same as TransportSecurity),Basic_Info_Changed / File_Renamed_Old / Access_Right_Changed,False,False,True,True,1.0,True,True,True,,,,,False,False,True,False,False,False,9,40,False,False,False,False
6d0b2584-f710-4db5-88a1-24febe5b040f.tmp,\Users\jcloudy\AppData\Local\Google\Chrome\User Data\Default\6d0b2584-f710-4db5-88a1-24febe5b040f.tmp,1546076595.0,247388640.0,99.99473756492117,4/6/18 15:16,Time Reversal Event,CreationTime : 2018-04-06 15:16:39 -> 2018-03-27 17:33:13(same as TransportSecurity),Basic_Info_Changed / File_Renamed_Old / Access_Right_Changed,False,False,True,True,1.0,True,True,True,,,,,False,False,True,False,False,False,9,40,False,False,False,False
70f61c29-07aa-4f7b-ad06-f8d341c84222.tmp,\Users\jcloudy\AppData\Local\Google\Chrome\User Data\Default\70f61c29-07aa-4f7b-ad06-f8d341c84222.tmp,1546553894.0,247461968.0,99.99473756492117,4/6/18 15:21,Time Reversal Event,CreationTime : 2018-04-06 15:21:33 -> 2018-03-27 17:33:15(same as Network Persistent State~RF319a3313.TMP/ Network Persistent State),Basic_Info_Changed / File_Renamed_Old / Access_Right_Changed,False,False,True,True,1.0,True,True,True,,,,,False,False,True,False,False,False,9,40,False,False,False,False
733ce297-e856-47c4-8f75-6de2e461457d.tmp,\Users\jcloudy\AppData\Local\Google\Chrome\User Data\Default\733ce297-e856-47c4-8f75-6de2e461457d.tmp,1546521656.0,247451440.0,99.99473756492117,4/6/18 15:21,Time Reversal Event,CreationTime : 2018-04-06 15:21:17 -> 2018-03-27 17:33:13(same as TransportSecurity),Basic_Info_Changed / File_Renamed_Old / Access_Right_Changed,False,False,True,True,1.0,True,True,True,,,,,False,False,True,False,False,False,9,40,False,False,False,False
7650023d-72fd-469b-ac55-ff2d875a38ae.tmp,\Users\jcloudy\AppData\Local\Google\Chrome\User Data\Default\7650023d-72fd-469b-ac55-ff2d875a38ae.tmp,1547398810.0,247673664.0,99.99473756492117,4/6/18 15:33,Time Reversal Event,CreationTime : 2018-04-06 15:33:01 -> 2018-03-27 17:33:15(same as Network Persistent State~RF319a3313.TMP/ Network Persistent State),Basic_Info_Changed / File_Renamed_Old / Access_Right_Changed,False,False,True,True,1.0,True,True,True,,,,,False,False,True,False,False,False,9,40,False,False,False,False
78310dda-5210-4add-bea6-f7eb50dacca5.tmp,\Users\jcloudy\AppData\Local\Google\Chrome\User Data\Default\78310dda-5210-4add-bea6-f7eb50dacca5.tmp,1547086507.0,247623048.0,99.99473756492117,4/6/18 15:26,Time Reversal Event,CreationTime : 2018-04-06 15:26:49 -> 2018-03-27 17:32:51(same as Preferences/ Preferences~RF2a180ce2.TMP),Basic_Info_Changed / File_Renamed_Old / Access_Right_Changed,False,False,True,True,1.0,True,True,True,,,,,False,False,True,False,False,False,9,40,False,False,False,False
78c50060-2376-47eb-82bc-abaa19b5ed81.tmp,\Users\jcloudy\AppData\Local\Google\Chrome\User Data\Default\78c50060-2376-47eb-82bc-abaa19b5ed81.tmp,1548885625.0,248065632.0,99.99473756492117,4/6/18 16:27,Time Reversal Event,CreationTime : 2018-04-06 16:27:03 -> 2018-03-27 17:33:13(same as TransportSecurity),Basic_Info_Changed / File_Renamed_Old / Access_Right_Changed,False,False,True,True,1.0,True,True,True,,,,,False,False,True,False,False,False,9,40,False,False,False,False
79dc6604-8344-4256-b559-cef1a9114fbe.tmp,\Users\jcloudy\AppData\Local\Google\Chrome\User Data\Default\79dc6604-8344-4256-b559-cef1a9114fbe.tmp,1548919304.0,248074464.0,99.99473756492117,4/6/18 16:27,Time Reversal Event,CreationTime : 2018-04-06 16:27:36 -> 2018-03-27 17:33:13(same as TransportSecurity),Basic_Info_Changed / File_Renamed_Old / Access_Right_Changed,False,False,True,True,1.0,True,True,True,,,,,False,False,True,False,False,False,9,40,False,False,False,False
7b70fd40-28aa-4b77-882f-67e4f080c232.tmp,\Users\jcloudy\AppData\Local\Google\Chrome\User Data\Default\7b70fd40-28aa-4b77-882f-67e4f080c232.tmp,1561160505.0,249648512.0,99.99473756492117,4/6/18 20:40,Time Reversal Event,CreationTime : 2018-04-06 20:40:39 -> 2018-03-27 17:33:15(same as Network Persistent State~RF319a3313.TMP/ Network Persistent State),Basic_Info_Changed / File_Renamed_Old / Access_Right_Changed,False,False,True,True,1.0,True,True,True,,,,,False,False,True,False,False,False,9,40,False,False,False,False
7c065e6d-bc9f-45f4-b263-f70113cd40aa.tmp,\Users\jcloudy\AppData\Local\Google\Chrome\User Data\Default\7c065e6d-bc9f-45f4-b263-f70113cd40aa.tmp,1547798729.0,247736400.0,99.99473756492117,4/6/18 15:40,Time Reversal Event,CreationTime : 2018-04-06 15:40:53 -> 2018-03-27 17:33:15(same as Network Persistent State~RF319a3313.TMP/ Network Persistent State),Basic_Info_Changed / File_Renamed_Old / Access_Right_Changed,False,False,True,True,1.0,True,True,True,,,,,False,False,True,False,False,False,9,40,False,False,False,False
7c8d84c5-0fb9-47e5-8b30-2e1f7a0802df.tmp,\Users\jcloudy\AppData\Local\Google\Chrome\User Data\Default\7c8d84c5-0fb9-47e5-8b30-2e1f7a0802df.tmp,1547997488.0,247775632.0,99.99473756492117,4/6/18 15:44,Time Reversal Event,CreationTime : 2018-04-06 15:44:36 -> 2018-03-27 17:33:15(same as Network Persistent State~RF319a3313.TMP/ Network Persistent State),Basic_Info_Changed / File_Renamed_Old / Access_Right_Changed,False,False,True,True,1.0,True,True,True,,,,,False,False,True,False,False,False,9,40,False,False,False,False
7e0e9015-f6df-407d-93c7-fad02aeb670f.tmp,\Users\jcloudy\AppData\Local\Google\Chrome\User Data\Default\7e0e9015-f6df-407d-93c7-fad02aeb670f.tmp,1548878742.0,248061280.0,99.99473756492117,4/6/18 16:26,Time Reversal Event,CreationTime : 2018-04-06 16:26:52 -> 2018-03-27 17:33:13(same as TransportSecurity),Basic_Info_Changed / File_Renamed_Old / Access_Right_Changed,False,False,True,True,1.0,True,True,True,,,,,False,False,True,False,False,False,9,40,False,False,False,False
7f25e97e-5550-4be4-be1c-aced1b00c4d8.tmp,\Users\jcloudy\AppData\Local\Google\Chrome\User Data\Default\7f25e97e-5550-4be4-be1c-aced1b00c4d8.tmp,1548832148.0,248039056.0,99.99473756492117,4/6/18 16:26,Time Reversal Event,CreationTime : 2018-04-06 16:26:03 -> 2018-03-27 17:33:13(same as TransportSecurity),Basic_Info_Changed / File_Renamed_Old / Access_Right_Changed,False,False,True,True,1.0,True,True,True,,,,,False,False,True,False,False,False,9,40,False,False,False,False
7ff6503e-f9bf-4511-bd4b-049669ed0b2b.tmp,\Users\jcloudy\AppData\Local\Google\Chrome\User Data\Default\7ff6503e-f9bf-4511-bd4b-049669ed0b2b.tmp,1545967223.0,247365944.0,99.99473756492117,4/6/18 15:15,Time Reversal Event,CreationTime : 2018-04-06 15:15:38 -> 2018-03-27 17:32:51(same as Preferences/ Preferences~RF2a180ce2.TMP),Basic_Info_Changed / File_Renamed_Old / Access_Right_Changed,False,False,True,True,1.0,True,True,True,,,,,False,False,True,False,False,False,9,40,False,False,False,False
8054a44b-f4b3-45ca-acf1-25c604605e05.tmp,\Users\jcloudy\AppData\Local\Google\Chrome\User Data\Default\8054a44b-f4b3-45ca-acf1-25c604605e05.tmp,1550951255.0,248937944.0,99.99473756492117,4/6/18 20:30,Time Reversal Event,CreationTime : 2018-04-06 20:30:39 -> 2018-03-27 17:32:51(same as Preferences/ Preferences~RF2a180ce2.TMP),Basic_Info_Changed / File_Renamed_Old / Access_Right_Changed,False,False,True,True,1.0,True,True,True,,,,,False,False,True,False,False,False,9,40,False,False,False,False
81968c34-42ab-4c31-a0b9-3df66090c505.tmp,\Users\jcloudy\AppData\Local\Google\Chrome\User Data\Default\81968c34-42ab-4c31-a0b9-3df66090c505.tmp,1549111609.0,248134528.0,99.99473756492117,4/6/18 16:29,Time Reversal Event,CreationTime : 2018-04-06 16:29:52 -> 2018-03-27 17:33:15(same as Network Persistent State~RF319a3313.TMP/ Network Persistent State),Basic_Info_Changed / File_Renamed_Old / Access_Right_Changed,False,False,True,True,1.0,True,True,True,,,,,False,False,True,False,False,False,9,40,False,False,False,False
81a6dc0e-c0bd-4c75-a5f8-8b4a2372b35b.tmp,\Users\jcloudy\AppData\Local\Google\Chrome\User Data\Default\81a6dc0e-c0bd-4c75-a5f8-8b4a2372b35b.tmp,1550676826.0,248862344.0,99.99473756492117,4/6/18 20:26,Time Reversal Event,CreationTime : 2018-04-06 20:26:51 -> 2018-03-27 17:32:51(same as Preferences/ Preferences~RF2a180ce2.TMP),Basic_Info_Changed / File_Renamed_Old / Access_Right_Changed,False,False,True,True,1.0,True,True,True,,,,,False,False,True,False,False,False,9,40,False,False,False,False
83b9837c-1571-438b-a882-f021d317c9bc.tmp,\Users\jcloudy\AppData\Local\Google\Chrome\User Data\Default\83b9837c-1571-438b-a882-f021d317c9bc.tmp,1545564919.0,247278264.0,99.99473756492117,4/6/18 15:11,Time Reversal Event,CreationTime : 2018-04-06 15:11:33 -> 2018-03-27 17:33:13(same as TransportSecurity),Basic_Info_Changed / File_Renamed_Old / Access_Right_Changed,False,False,True,True,1.0,True,True,True,,,,,False,False,True,False,False,False,9,40,False,False,False,False
83e5ac97-9c7a-47b9-a506-774d49e43ab8.tmp,\Users\jcloudy\AppData\Local\Google\Chrome\User Data\Default\83e5ac97-9c7a-47b9-a506-774d49e43ab8.tmp,1546443736.0,247434776.0,99.99473756492117,4/6/18 15:20,Time Reversal Event,CreationTime : 2018-04-06 15:20:06 -> 2018-03-27 17:33:15(same as Network Persistent State~RF319a3313.TMP/ Network Persistent State),Basic_Info_Changed / File_Renamed_Old / Access_Right_Changed,False,False,True,True,1.0,True,True,True,,,,,False,False,True,False,False,False,9,40,False,False,False,False
6318dcd5-d56d-4cab-af34-6050928f47de.tmp,\Users\jcloudy\AppData\Local\Google\Chrome\User Data\Default\6318dcd5-d56d-4cab-af34-6050928f47de.tmp,1545769136.0,247323360.0,99.99473756492117,4/6/18 15:13,Time Reversal Event,CreationTime : 2018-04-06 15:13:19 -> 2018-03-27 17:33:15(same as Network Persistent State~RF319a3313.TMP/ Network Persistent State),Basic_Info_Changed / File_Renamed_Old / Access_Right_Changed,False,False,True,True,1.0,True,True,True,,,,,False,False,True,False,False,False,9,40,False,False,False,False
64b5a67d-2d68-4409-b79d-63a3a1667adb.tmp,\Users\jcloudy\AppData\Local\Google\Chrome\User Data\Default\64b5a67d-2d68-4409-b79d-63a3a1667adb.tmp,1546978246.0,247600992.0,99.99473756492117,4/6/18 15:24,Time Reversal Event,CreationTime : 2018-04-06 15:24:59 -> 2018-03-27 17:33:13(same as TransportSecurity),Basic_Info_Changed / File_Renamed_Old / Access_Right_Changed,False,False,True,True,1.0,True,True,True,,,,,False,False,True,False,False,False,9,40,False,False,False,False
555ad7f9-786b-441a-93b3-c8166e16e1e3.tmp,\Users\jcloudy\AppData\Local\Google\Chrome\User Data\Default\555ad7f9-786b-441a-93b3-c8166e16e1e3.tmp,1546101779.0,247392688.0,99.99473756492117,4/6/18 15:16,Time Reversal Event,CreationTime : 2018-04-06 15:16:46 -> 2018-03-27 17:32:51(same as Preferences/ Preferences~RF2a180ce2.TMP),Basic_Info_Changed / File_Renamed_Old / Access_Right_Changed,False,False,True,True,1.0,True,True,True,,,,,False,False,True,False,False,False,9,40,False,False,False,False
5e630248-2b86-4fe2-9718-a3640ce81dbc.tmp,\Users\jcloudy\AppData\Local\Google\Chrome\User Data\Default\5e630248-2b86-4fe2-9718-a3640ce81dbc.tmp,1545614624.0,247290992.0,99.99473756492117,4/6/18 15:12,Time Reversal Event,CreationTime : 2018-04-06 15:12:04 -> 2018-03-27 17:33:15(same as Network Persistent State~RF319a3313.TMP/ Network Persistent State),Basic_Info_Changed / File_Renamed_Old / Access_Right_Changed,False,False,True,True,1.0,True,True,True,,,,,False,False,True,False,False,False,9,40,False,False,False,False
508f9db1-3c6a-497f-9923-8cd31fe66e39.tmp,\Users\jcloudy\AppData\Local\Google\Chrome\User Data\Default\508f9db1-3c6a-497f-9923-8cd31fe66e39.tmp,1545952336.0,247361536.0,99.99473756492117,4/6/18 15:15,Time Reversal Event,CreationTime : 2018-04-06 15:15:28 -> 2018-03-27 17:33:15(same as Network Persistent State~RF319a3313.TMP/ Network Persistent State),Basic_Info_Changed / File_Renamed_Old / Access_Right_Changed,False,False,True,True,1.0,True,True,True,,,,,False,False,True,False,False,False,9,40,False,False,False,False
50bbd708-f3af-47b0-8e2a-9db98312c681.tmp,\Users\jcloudy\AppData\Local\Google\Chrome\User Data\Default\50bbd708-f3af-47b0-8e2a-9db98312c681.tmp,1548881971.0,248063504.0,99.99473756492117,4/6/18 16:26,Time Reversal Event,CreationTime : 2018-04-06 16:26:58 -> 2018-03-27 17:33:15(same as Network Persistent State),Basic_Info_Changed / File_Renamed_Old / Access_Right_Changed,False,False,True,True,1.0,True,True,True,,,,,False,False,True,False,False,False,9,40,False,False,False,False
531fc9e8-a004-4a13-b4a6-5f48cf1fcd2a.tmp,\Users\jcloudy\AppData\Local\Google\Chrome\User Data\Default\531fc9e8-a004-4a13-b4a6-5f48cf1fcd2a.tmp,1560931336.0,249594832.0,99.99473756492117,4/6/18 20:36,Time Reversal Event,CreationTime : 2018-04-06 20:36:49 -> 2018-03-27 17:33:15(same as Network Persistent State~RF319a3313.TMP),Basic_Info_Changed / File_Renamed_Old / Access_Right_Changed,False,False,True,True,1.0,True,True,True,,,,,False,False,True,False,False,False,9,40,False,False,False,False
538e24ed-7734-45d1-8507-7a055503c5da.tmp,\Users\jcloudy\AppData\Local\Google\Chrome\User Data\Default\538e24ed-7734-45d1-8507-7a055503c5da.tmp,1551006249.0,248950368.0,99.99473756492117,4/6/18 20:31,Time Reversal Event,CreationTime : 2018-04-06 20:31:33 -> 2018-03-27 17:33:13(same as TransportSecurity),Basic_Info_Changed / File_Renamed_Old / Access_Right_Changed,False,False,True,True,1.0,True,True,True,,,,,False,False,True,False,False,False,9,40,False,False,False,False
54ceebeb-7739-4543-89fb-ef3026482077.tmp,\Users\jcloudy\AppData\Local\Google\Chrome\User Data\Default\54ceebeb-7739-4543-89fb-ef3026482077.tmp,1548815586.0,248030736.0,99.99473756492117,4/6/18 16:25,Time Reversal Event,CreationTime : 2018-04-06 16:25:57 -> 2018-03-27 17:33:15(same as Network Persistent State~RF319a3313.TMP/ Network Persistent State),Basic_Info_Changed / File_Renamed_Old / Access_Right_Changed,False,False,True,True,1.0,True,True,True,,,,,False,False,True,False,False,False,9,40,False,False,False,False
56f901c9-5212-46b5-91b3-2db48e7a7eb8.tmp,\Users\jcloudy\AppData\Local\Google\Chrome\User Data\Default\56f901c9-5212-46b5-91b3-2db48e7a7eb8.tmp,1545286717.0,247219544.0,99.99473756492117,4/6/18 15:08,Time Reversal Event,CreationTime : 2018-04-06 15:08:36 -> 2018-03-27 17:32:51(same as Preferences/ Preferences~RF2a180ce2.TMP),Basic_Info_Changed / File_Renamed_Old / Access_Right_Changed,False,False,True,True,1.0,True,True,True,,,,,False,False,True,False,False,False,9,40,False,False,False,False
57a7b4f8-5e11-49cf-9a44-bfb047c38d50.tmp,\Users\jcloudy\AppData\Local\Google\Chrome\User Data\Default\57a7b4f8-5e11-49cf-9a44-bfb047c38d50.tmp,1547848075.0,247744608.0,99.99473756492117,4/6/18 15:41,Time Reversal Event,CreationTime : 2018-04-06 15:41:48 -> 2018-03-27 17:33:13(same as TransportSecurity),Basic_Info_Changed / File_Renamed_Old / Access_Right_Changed,False,False,True,True,1.0,True,True,True,,,,,False,False,True,False,False,False,9,40,False,False,False,False
5989dcdd-d5db-4dc9-84f0-fb63d55493d2.tmp,\Users\jcloudy\AppData\Local\Google\Chrome\User Data\Default\5989dcdd-d5db-4dc9-84f0-fb63d55493d2.tmp,1547073871.0,247621056.0,99.99473756492117,4/6/18 15:26,Time Reversal Event,CreationTime : 2018-04-06 15:26:43 -> 2018-03-27 17:33:13(same as TransportSecurity),Basic_Info_Changed / File_Renamed_Old / Access_Right_Changed,False,False,True,True,1.0,True,True,True,,,,,False,False,True,False,False,False,9,40,False,False,False,False
5b093981-2a5d-4529-baec-f379a323046a.tmp,\Users\jcloudy\AppData\Local\Google\Chrome\User Data\Default\5b093981-2a5d-4529-baec-f379a323046a.tmp,1561097407.0,249634816.0,99.99473756492117,4/6/18 20:39,Time Reversal Event,CreationTime : 2018-04-06 20:39:35 -> 2018-03-27 17:33:15(same as Network Persistent State~RF319a3313.TMP/ Network Persistent State),Basic_Info_Changed / File_Renamed_Old / Access_Right_Changed,False,False,True,True,1.0,True,True,True,,,,,False,False,True,False,False,False,9,40,False,False,False,False
5b1c568a-841b-4cc9-aa84-b7adb551092d.tmp,\Users\jcloudy\AppData\Local\Google\Chrome\User Data\Default\5b1c568a-841b-4cc9-aa84-b7adb551092d.tmp,1551003188.0,248948240.0,99.99473756492117,4/6/18 20:31,Time Reversal Event,CreationTime : 2018-04-06 20:31:33 -> 2018-03-27 17:33:15(same as Network Persistent State~RF319a3313.TMP/ Network Persistent State),Basic_Info_Changed / File_Renamed_Old / Access_Right_Changed,False,False,True,True,1.0,True,True,True,,,,,False,False,True,False,False,False,9,40,False,False,False,False
5d46c71b-fc78-4b40-b698-e14788d273d5.tmp,\Users\jcloudy\AppData\Local\Google\Chrome\User Data\Default\5d46c71b-fc78-4b40-b698-e14788d273d5.tmp,1550748985.0,248890032.0,99.99473756492117,4/6/18 20:27,Time Reversal Event,CreationTime : 2018-04-06 20:27:23 -> 2018-03-27 17:33:15(same as Network Persistent State~RF319a3313.TMP/ Network Persistent State),Basic_Info_Changed / File_Renamed_Old / Access_Right_Changed,False,False,True,True,1.0,True,True,True,,,,,False,False,True,False,False,False,9,40,False,False,False,False
8719eff3-a7ee-42ec-ac1c-d3b535c5e51e.tmp,\Users\jcloudy\AppData\Local\Google\Chrome\User Data\Default\8719eff3-a7ee-42ec-ac1c-d3b535c5e51e.tmp,1550806984.0,248900640.0,99.99473756492117,4/6/18 20:28,Time Reversal Event,CreationTime : 2018-04-06 20:28:26 -> 2018-03-27 17:33:15(same as Network Persistent State~RF319a3313.TMP/ Network Persistent State),Basic_Info_Changed / File_Renamed_Old / Access_Right_Changed,False,False,True,True,1.0,True,True,True,,,,,False,False,True,False,False,False,9,40,False,False,False,False
5f47f2ad-539b-4949-ba3c-61163a855b11.tmp,\Users\jcloudy\AppData\Local\Google\Chrome\User Data\Default\5f47f2ad-539b-4949-ba3c-61163a855b11.tmp,1545437922.0,247249912.0,99.99473756492117,4/6/18 15:09,Time Reversal Event,CreationTime : 2018-04-06 15:09:50 -> 2018-03-27 17:33:15(same as Network Persistent State~RF319a3313.TMP/ Network Persistent State),Basic_Info_Changed / File_Renamed_Old / Access_Right_Changed,False,False,True,True,1.0,True,True,True,,,,,False,False,True,False,False,False,9,40,False,False,False,False
5f91762c-533f-4f9d-8f9e-e6f99622e5be.tmp,\Users\jcloudy\AppData\Local\Google\Chrome\User Data\Default\5f91762c-533f-4f9d-8f9e-e6f99622e5be.tmp,1549471479.0,248245768.0,99.99473756492117,4/6/18 16:33,Time Reversal Event,CreationTime : 2018-04-06 16:33:53 -> 2018-03-27 17:33:15(same as Network Persistent State~RF319a3313.TMP/ Network Persistent State),Basic_Info_Changed / File_Renamed_Old / Access_Right_Changed,False,False,True,True,1.0,True,True,True,,,,,False,False,True,False,False,False,9,40,False,False,False,False
604fe223-e507-44a2-84ec-cd0237d4d7a5.tmp,\Users\jcloudy\AppData\Local\Google\Chrome\User Data\Default\604fe223-e507-44a2-84ec-cd0237d4d7a5.tmp,1550690442.0,248866648.0,99.99473756492117,4/6/18 20:26,Time Reversal Event,CreationTime : 2018-04-06 20:26:58 -> 2018-03-27 17:33:13(same as TransportSecurity),Basic_Info_Changed / File_Renamed_Old / Access_Right_Changed,False,False,True,True,1.0,True,True,True,,,,,False,False,True,False,False,False,9,40,False,False,False,False
61672605-63bb-4474-a8d6-2287c2f45263.tmp,\Users\jcloudy\AppData\Local\Google\Chrome\User Data\Default\61672605-63bb-4474-a8d6-2287c2f45263.tmp,1548987768.0,248095904.0,99.99473756492117,4/6/18 16:28,Time Reversal Event,CreationTime : 2018-04-06 16:28:28 -> 2018-03-27 17:33:13(same as TransportSecurity),Basic_Info_Changed / File_Renamed_Old / Access_Right_Changed,False,False,True,True,1.0,True,True,True,,,,,False,False,True,False,False,False,9,40,False,False,False,False
snapshot.etl,\Windows\System32\WDI\{533a67eb-9fb5-473d-b884-958cf4b9c4a3}\{590eb9fb-76b4-4d7b-a955-36d351de97e5}\snapshot.etl,1549654083.0,248319024.0,99.86299517489482,4/6/18 20:26,Time Reversal Event,ModifiedTime : 2018-04-06 20:26:16 -> 2018-03-28 05:45:41/ MFTModifiedTime : 2018-04-06 20:26:16 -> 2018-03-28 05:45:41,File_Created / Basic_Info_Changed / Data_Added / Data_Overwritten / File_Closed,False,False,True,True,1.0,True,True,True,,,,,False,False,False,True,False,False,6,12,False,False,False,False
index.txt.tmp,\Users\jcloudy\AppData\Local\Google\Chrome\User Data\Default\Service Worker\CacheStorage\eadf114e35641d8a14aa9648d8e1c01b4b3bb3f0\index.txt.tmp,1550285877.0,248664544.0,99.84321597337447,4/6/18 20:26,Time Reversal Event,CreationTime : 2018-04-06 20:26:24 -> 2018-03-30 10:26:18(same as e7b9e9b1-b09e-4d42-8a9d-44e4cf600b30),Basic_Info_Changed / File_Renamed_Old / Access_Right_Changed,False,False,True,True,1.0,True,True,True,,,,,False,False,True,False,False,False,12,13,False,False,False,False
temp-index,\Users\jcloudy\AppData\Local\Google\Chrome\User Data\Default\Service Worker\ScriptCache\index-dir\temp-index,1561654142.0,249745736.0,99.81001805509779,4/6/18 20:49,Time Reversal Event,CreationTime : 2018-04-06 20:49:42 -> 2018-03-27 17:58:55(same as the-real-index~RF318a16ed.TMP),Basic_Info_Changed / File_Renamed_Old / Access_Right_Changed,False,False,True,True,1.0,True,True,True,,,,,False,False,True,False,False,False,12,10,False,False,False,False
Appraiser_TelemetryRunList.xml,\Windows\appcompat\appraiser\AltData\Appraiser_TelemetryRunList.xml,1546633981.0,247475120.0,99.6994090439003,4/6/18 15:23,Time Reversal Event,ModifiedTime : 2018-04-06 15:23:03 -> 2018-02-06 08:03:42(Zero in 100-nanoseconds),File_Created / Basic_Info_Changed / Data_Added / File_Closed,True,True,True,True,1.0,True,True,True,,,,,False,False,False,True,False,True,5,30,False,False,False,False
Appraiser_Data.ini,\Windows\appcompat\appraiser\AltData\Appraiser_Data.ini,1546632894.0,247474664.0,99.35332584379434,4/6/18 15:23,Time Reversal Event,ModifiedTime : 2018-04-06 15:23:03 -> 2018-03-23 04:25:44(Zero in 100-nanoseconds),File_Created / Basic_Info_Changed / Data_Added / File_Closed,True,True,True,True,1.0,True,True,True,,,,,False,False,False,True,False,True,5,18,False,False,False,False
appraiser.sdb,\Windows\appcompat\appraiser\AltData\appraiser.sdb,1546631961.0,247474288.0,99.11103767426243,4/6/18 15:23,Time Reversal Event,ModifiedTime : 2018-04-06 15:23:03 -> 2018-03-23 04:22:26(Zero in 100-nanoseconds),File_Created / Basic_Info_Changed / Data_Added / File_Closed,True,True,True,True,1.0,True,True,True,,,,,False,False,False,True,False,True,5,13,False,False,False,False
dropbox-desktop-client_488_0.png,\Users\jcloudy\AppData\Local\Microsoft\Windows\ActionCenterCache\dropbox-desktop-client_488_0.png,1560878563.0,249584568.0,94.60021427264667,4/6/18 20:35,Time Reversal Event,ModifiedTime : 2018-04-06 20:35:52 -> 2018-03-28 22:31:10(Zero in 100-nanoseconds)/ MFTModifiedTime : 2018-04-06 20:35:52 -> 2018-03-30 05:10:07,File_Created / Basic_Info_Changed / Data_Added / Data_Overwritten / File_Closed,True,True,True,True,1.0,True,True,True,,,,,False,False,False,True,False,True,8,32,False,False,False,True
AIRPORT INFORMATION.docx,\Users\jcloudy\Dropbox\AIRPORT INFORMATION.docx,1551626673.0,249189632.0,94.11087909558286,4/6/18 20:35,Time Reversal Event,ModifiedTime : 2018-04-06 20:35:25 -> 2018-04-05 10:13:38(Zero in 100-nanoseconds),Basic_Info_Changed / File_Closed,True,True,True,True,1.0,True,True,True,,,,,False,False,False,True,False,True,4,24,False,True,False,False
Google Drive.lnk,\Users\jcloudy\Dropbox\Google Drive.lnk,1551622440.0,249187112.0,92.48667047450905,4/6/18 20:35,Time Reversal Event,ModifiedTime : 2018-04-06 20:35:25 -> 2018-04-05 10:13:51(Zero in 100-nanoseconds),Basic_Info_Changed / File_Closed,True,True,True,True,1.0,True,True,True,,,,,False,False,False,True,False,True,4,16,False,False,False,False
Box Sync.lnk,\Users\jcloudy\Dropbox\Box Sync.lnk,1551605552.0,249178856.0,90.49832002520581,4/6/18 20:35,Time Reversal Event,ModifiedTime : 2018-04-06 20:35:25 -> 2018-04-05 10:13:42(Zero in 100-nanoseconds),Basic_Info_Changed / File_Closed,True,True,True,True,1.0,True,True,True,,,,,False,False,False,True,False,True,4,12,False,False,False,False
Dropbox.lnk,\Users\jcloudy\Dropbox\Dropbox.lnk,1551602268.0,249177096.0,89.93236329680224,4/6/18 20:35,Time Reversal Event,ModifiedTime : 2018-04-06 20:35:25 -> 2018-04-05 10:13:50(Zero in 100-nanoseconds),Basic_Info_Changed / File_Closed,True,True,True,True,1.0,True,True,True,,,,,False,False,False,True,False,True,4,11,False,False,False,False
Planning.docx,\Users\jcloudy\Dropbox\Planning.docx,1551612380.0,249191976.0,88.75472121232427,4/6/18 20:35,Time Reversal Event,ModifiedTime : 2018-04-06 20:35:25 -> 2018-04-05 10:14:03(Zero in 100-nanoseconds),Basic_Info_Changed / File_Closed,True,True,True,True,1.0,True,True,True,,,,,False,False,False,True,False,True,4,13,False,True,False,False
HoldMyTidePod.jpg,\Users\jcloudy\Dropbox\HoldMyTidePod.jpg,1551624285.0,249188064.0,85.10813455543006,4/6/18 20:35,Time Reversal Event,ModifiedTime : 2018-04-06 20:35:25 -> 2018-04-05 10:13:52(Zero in 100-nanoseconds),Basic_Info_Changed / File_Closed,True,True,True,True,1.0,True,True,True,,,,,False,False,False,True,False,True,4,17,False,False,False,True
BladeofGrass.jpg,\Users\jcloudy\Dropbox\BladeofGrass.jpg,1551619926.0,249186160.0,84.27689831492138,4/6/18 20:35,Time Reversal Event,ModifiedTime : 2018-04-06 20:35:25 -> 2018-04-05 10:13:40(Zero in 100-nanoseconds),Basic_Info_Changed / File_Closed,True,True,True,True,1.0,True,True,True,,,,,False,False,False,True,False,True,4,16,False,False,False,True
Huckleberry.png,\Users\jcloudy\Dropbox\Huckleberry.png,1551616259.0,249184256.0,83.4083092387061,4/6/18 20:35,Time Reversal Event,ModifiedTime : 2018-04-06 20:35:25 -> 2018-04-05 10:13:53(Zero in 100-nanoseconds),Basic_Info_Changed / File_Closed,True,True,True,True,1.0,True,True,True,,,,,False,False,False,True,False,True,4,15,False,False,False,True
MyTiredHead.jpg,\Users\jcloudy\Dropbox\MyTiredHead.jpg,1551618113.0,249185208.0,83.4083092387061,4/6/18 20:35,Time Reversal Event,ModifiedTime : 2018-04-06 20:35:25 -> 2018-04-05 10:13:56(Zero in 100-nanoseconds),Basic_Info_Changed / File_Closed,True,True,True,True,1.0,True,True,True,,,,,False,False,False,True,False,True,4,15,False,False,False,True
CubaDearmed.jpg,\Users\jcloudy\Dropbox\CubaDearmed.jpg,1551614366.0,249183216.0,83.4083092387061,4/6/18 20:35,Time Reversal Event,ModifiedTime : 2018-04-06 20:35:25 -> 2018-04-05 10:13:43(Zero in 100-nanoseconds),Basic_Info_Changed / File_Closed,True,True,True,True,1.0,True,True,True,,,,,False,False,False,True,False,True,4,15,False,False,False,True
DeathToll.jpg,\Users\jcloudy\Dropbox\DeathToll.jpg,1551610606.0,249181568.0,81.55650479503113,4/6/18 20:35,Time Reversal Event,ModifiedTime : 2018-04-06 20:35:25 -> 2018-04-05 10:13:47(Zero in 100-nanoseconds),Basic_Info_Changed / File_Closed,True,True,True,True,1.0,True,True,True,,,,,False,False,False,True,False,True,4,13,False,False,False,True
DarkWolf.png,\Users\jcloudy\Dropbox\DarkWolf.png,1551607149.0,249179736.0,80.57227686332934,4/6/18 20:35,Time Reversal Event,ModifiedTime : 2018-04-06 20:35:25 -> 2018-04-05 10:13:46(Zero in 100-nanoseconds),Basic_Info_Changed / File_Closed,True,True,True,True,1.0,True,True,True,,,,,False,False,False,True,False,True,4,12,False,False,False,True
DemLogic.jpg,\Users\jcloudy\Dropbox\DemLogic.jpg,1551608795.0,249180688.0,80.57227686332934,4/6/18 20:35,Time Reversal Event,ModifiedTime : 2018-04-06 20:35:25 -> 2018-04-05 10:13:48(Zero in 100-nanoseconds),Basic_Info_Changed / File_Closed,True,True,True,True,1.0,True,True,True,,,,,False,False,False,True,False,True,4,12,False,False,False,True
RedGuns.jpg,\Users\jcloudy\Dropbox\RedGuns.jpg,1551603865.0,249177976.0,79.54869684905313,4/6/18 20:35,Time Reversal Event,ModifiedTime : 2018-04-06 20:35:25 -> 2018-04-05 10:14:05(Zero in 100-nanoseconds),Basic_Info_Changed / File_Closed,True,True,True,True,1.0,True,True,True,,,,,False,False,False,True,False,True,4,11,False,False,False,True
Sheep.jpg,\Users\jcloudy\Dropbox\Sheep.jpg,1551600672.0,249176224.0,77.38292841753169,4/6/18 20:35,Time Reversal Event,ModifiedTime : 2018-04-06 20:35:25 -> 2018-04-05 10:14:06(Zero in 100-nanoseconds),Basic_Info_Changed / File_Closed,True,True,True,True,1.0,True,True,True,,,,,False,False,False,True,False,True,4,9,False,False,False,True
