merge_key,lf_lsn,EventTime(UTC+8),lf_event,lf_detail,File/Directory Name,lf_full_path,lf_creation_time,lf_modified_time,lf_mft_modified_time,lf_accessed_time,Redo,Target VCN,Cluster Index,usn_event_time,usn_usn,usn_filename,usn_full_path,usn_event_info,SourceInfo,FileAttribute,Carving Flag,usn_file_reference_number,usn_parent_file_reference_number,suspicious_category,suspicious_detail,suspicious_source,lf_event_count,usn_event_count,has_logfile_evidence,has_usnjrnl_evidence,cross_artifact_validation_score,has_suspicious_label,filename,full_path,zero_in_nanoseconds_lf,zero_in_nanoseconds_suspicious,zero_in_nanoseconds_combined,is_flagged_suspicious,ground_truth_label,time_reversal_event,timestamp_changed_to_past,modified_creationtime,modified_modifiedtime,modified_mftmodifiedtime,modified_accessedtime,using_another_timestamp,basic_info_changed,update_resident_value,si_timestamp_changed,fn_timestamp_changed,zero_nano_time_reversal,zero_nano_basic_info,is_executable,is_archive,is_document,is_script,is_system_file,path_depth,filename_length,suspicious_location,has_file_extension,creation_equals_modified,timestamp_equality,zero_in_nanoseconds,creation_time_modified,modified_time_modified,accessed_time_modified,mft_time_modified,cross_artifact_detected,multiple_timestamps_changed,same_as_another_file,is_image,in_temp_directory,in_system_directory,in_program_files,has_timestamp_data,timestamp_source,prediction_proba,confidence_pct,is_flagged,confidence_bin,flagged
0112408b-bcdf-4229-b844-0a1d0cb82bda.tmp,1546317382.0,4/6/18 15:18,Time Reversal Event,CreationTime : 2018-04-06 15:18:53 -> 2018-03-27 17:32:51(same as Preferences/ Preferences~RF2a180ce2.TMP),0112408b-bcdf-4229-b844-0a1d0cb82bda.tmp,\Users\jcloudy\AppData\Local\Google\Chrome\User Data\Default\0112408b-bcdf-4229-b844-0a1d0cb82bda.tmp,,,,,Update Resident Value,0x8977,2.0,4/6/18 15:18,247418512.0,0112408b-bcdf-4229-b844-0a1d0cb82bda.tmp,\Users\jcloudy\AppData\Local\Google\Chrome\User Data\Default\0112408b-bcdf-4229-b844-0a1d0cb82bda.tmp,Basic_Info_Changed / File_Renamed_Old / Access_Right_Changed,Normal,Archive,,0x00220000000225DD,0x000200000001906F,,,,3,3,True,True,1.0,False,0112408b-bcdf-4229-b844-0a1d0cb82bda.tmp,\Users\jcloudy\AppData\Local\Google\Chrome\User Data\Default\0112408b-bcdf-4229-b844-0a1d0cb82bda.tmp,False,False,False,False,0,True,False,True,False,False,False,False,True,False,False,False,False,False,False,False,False,False,False,9,40,True,True,False,False,False,True,False,False,False,True,False,False,False,True,False,False,False,3,0.9999473756492117,99.99473756492117,True,90-100%,True
01676e7b-ca03-4faf-8594-f41ad62bcb7e.tmp,1548851133.0,4/6/18 16:26,Time Reversal Event,CreationTime : 2018-04-06 16:26:14 -> 2018-03-27 17:32:51(same as Preferences/ Preferences~RF2a180ce2.TMP),01676e7b-ca03-4faf-8594-f41ad62bcb7e.tmp,\Users\jcloudy\AppData\Local\Google\Chrome\User Data\Default\01676e7b-ca03-4faf-8594-f41ad62bcb7e.tmp,,,,,Update Resident Value,0x28C8,6.0,4/6/18 16:26,248047824.0,01676e7b-ca03-4faf-8594-f41ad62bcb7e.tmp,\Users\jcloudy\AppData\Local\Google\Chrome\User Data\Default\01676e7b-ca03-4faf-8594-f41ad62bcb7e.tmp,Basic_Info_Changed / File_Renamed_Old / Access_Right_Changed,Normal,Archive,,0x001100000000A323,0x000200000001906F,,,,3,3,True,True,1.0,False,01676e7b-ca03-4faf-8594-f41ad62bcb7e.tmp,\Users\jcloudy\AppData\Local\Google\Chrome\User Data\Default\01676e7b-ca03-4faf-8594-f41ad62bcb7e.tmp,False,False,False,False,0,True,False,True,False,False,False,False,True,False,False,False,False,False,False,False,False,False,False,9,40,True,True,False,False,False,True,False,False,False,True,False,False,False,True,False,False,False,3,0.9999473756492117,99.99473756492117,True,90-100%,True
036244a1-8be4-4541-a018-f28ac625af60.tmp,1561561545.0,4/6/18 20:47,Time Reversal Event,CreationTime : 2018-04-06 20:47:54 -> 2018-03-27 17:33:15(same as Network Persistent State~RF319a3313.TMP/ Network Persistent State),036244a1-8be4-4541-a018-f28ac625af60.tmp,\Users\jcloudy\AppData\Local\Google\Chrome\User Data\Default\036244a1-8be4-4541-a018-f28ac625af60.tmp,,,,,Update Resident Value,0x8A2A,6.0,4/6/18 20:47,249730960.0,036244a1-8be4-4541-a018-f28ac625af60.tmp,\Users\jcloudy\AppData\Local\Google\Chrome\User Data\Default\036244a1-8be4-4541-a018-f28ac625af60.tmp,Basic_Info_Changed / File_Renamed_Old / Access_Right_Changed,Normal,Archive,,0x00200000000228AB,0x000200000001906F,,,,3,3,True,True,1.0,False,036244a1-8be4-4541-a018-f28ac625af60.tmp,\Users\jcloudy\AppData\Local\Google\Chrome\User Data\Default\036244a1-8be4-4541-a018-f28ac625af60.tmp,False,False,False,False,0,True,False,True,False,False,False,False,True,False,False,False,False,False,False,False,False,False,False,9,40,True,True,False,False,False,True,False,False,False,True,False,False,False,True,False,False,False,3,0.9999473756492117,99.99473756492117,True,90-100%,True
051f92b4-6c35-4884-88fc-689184c51270.tmp,1545313470.0,4/6/18 15:08,Time Reversal Event,CreationTime : 2018-04-06 15:08:49 -> 2018-03-27 17:33:15(same as Network Persistent State~RF319a3313.TMP/ Network Persistent State),051f92b4-6c35-4884-88fc-689184c51270.tmp,\Users\jcloudy\AppData\Local\Google\Chrome\User Data\Default\051f92b4-6c35-4884-88fc-689184c51270.tmp,,,,,Update Resident Value,0x598D,0.0,4/6/18 15:08,247222528.0,051f92b4-6c35-4884-88fc-689184c51270.tmp,\Users\jcloudy\AppData\Local\Google\Chrome\User Data\Default\051f92b4-6c35-4884-88fc-689184c51270.tmp,Basic_Info_Changed / File_Renamed_Old / Access_Right_Changed,Normal,Archive,,0x001B000000016634,0x000200000001906F,,,,3,3,True,True,1.0,False,051f92b4-6c35-4884-88fc-689184c51270.tmp,\Users\jcloudy\AppData\Local\Google\Chrome\User Data\Default\051f92b4-6c35-4884-88fc-689184c51270.tmp,False,False,False,False,0,True,False,True,False,False,False,False,True,False,False,False,False,False,False,False,False,False,False,9,40,True,True,False,False,False,True,False,False,False,True,False,False,False,True,False,False,False,3,0.9999473756492117,99.99473756492117,True,90-100%,True
06d871bc-0eed-4761-8cf4-b037488ea47a.tmp,1545042166.0,4/6/18 15:06,Time Reversal Event,CreationTime : 2018-04-06 15:06:07 -> 2018-03-27 17:32:51(same as Preferences/ Preferences~RF2a180ce2.TMP),06d871bc-0eed-4761-8cf4-b037488ea47a.tmp,\Users\jcloudy\AppData\Local\Google\Chrome\User Data\Default\06d871bc-0eed-4761-8cf4-b037488ea47a.tmp,,,,,Update Resident Value,0x8405,0.0,4/6/18 15:06,247176920.0,06d871bc-0eed-4761-8cf4-b037488ea47a.tmp,\Users\jcloudy\AppData\Local\Google\Chrome\User Data\Default\06d871bc-0eed-4761-8cf4-b037488ea47a.tmp,Basic_Info_Changed / File_Renamed_Old / Access_Right_Changed,Normal,Archive,,0x0036000000021014,0x000200000001906F,,,,3,3,True,True,1.0,False,06d871bc-0eed-4761-8cf4-b037488ea47a.tmp,\Users\jcloudy\AppData\Local\Google\Chrome\User Data\Default\06d871bc-0eed-4761-8cf4-b037488ea47a.tmp,False,False,False,False,0,True,False,True,False,False,False,False,True,False,False,False,False,False,False,False,False,False,False,9,40,True,True,False,False,False,True,False,False,False,True,False,False,False,True,False,False,False,3,0.9999473756492117,99.99473756492117,True,90-100%,True
072f610d-2192-4b7d-bccf-c989ef4281a0.tmp,1546023032.0,4/6/18 15:16,Time Reversal Event,CreationTime : 2018-04-06 15:16:04 -> 2018-03-27 17:32:51(same as Preferences/ Preferences~RF2a180ce2.TMP),072f610d-2192-4b7d-bccf-c989ef4281a0.tmp,\Users\jcloudy\AppData\Local\Google\Chrome\User Data\Default\072f610d-2192-4b7d-bccf-c989ef4281a0.tmp,,,,,Update Resident Value,0x8977,2.0,4/6/18 15:16,247380400.0,072f610d-2192-4b7d-bccf-c989ef4281a0.tmp,\Users\jcloudy\AppData\Local\Google\Chrome\User Data\Default\072f610d-2192-4b7d-bccf-c989ef4281a0.tmp,Basic_Info_Changed / File_Renamed_Old / Access_Right_Changed,Normal,Archive,,0x00120000000225DD,0x000200000001906F,,,,3,3,True,True,1.0,False,072f610d-2192-4b7d-bccf-c989ef4281a0.tmp,\Users\jcloudy\AppData\Local\Google\Chrome\User Data\Default\072f610d-2192-4b7d-bccf-c989ef4281a0.tmp,False,False,False,False,0,True,False,True,False,False,False,False,True,False,False,False,False,False,False,False,False,False,False,9,40,True,True,False,False,False,True,False,False,False,True,False,False,False,True,False,False,False,3,0.9999473756492117,99.99473756492117,True,90-100%,True
08237f1d-dc41-4d46-a290-45c677f135f6.tmp,1547096466.0,4/6/18 15:27,Time Reversal Event,CreationTime : 2018-04-06 15:27:00 -> 2018-03-27 17:33:13(same as TransportSecurity),08237f1d-dc41-4d46-a290-45c677f135f6.tmp,\Users\jcloudy\AppData\Local\Google\Chrome\User Data\Default\08237f1d-dc41-4d46-a290-45c677f135f6.tmp,,,,,Update Resident Value,0x46F0,4.0,4/6/18 15:27,247625824.0,08237f1d-dc41-4d46-a290-45c677f135f6.tmp,\Users\jcloudy\AppData\Local\Google\Chrome\User Data\Default\08237f1d-dc41-4d46-a290-45c677f135f6.tmp,Basic_Info_Changed / File_Renamed_Old / Access_Right_Changed,Normal,Archive,,0x0005000000011BC2,0x000200000001906F,,,,3,3,True,True,1.0,False,08237f1d-dc41-4d46-a290-45c677f135f6.tmp,\Users\jcloudy\AppData\Local\Google\Chrome\User Data\Default\08237f1d-dc41-4d46-a290-45c677f135f6.tmp,False,False,False,False,0,True,False,True,False,False,False,False,True,False,False,False,False,False,False,False,False,False,False,9,40,True,True,False,False,False,True,False,False,False,True,False,False,False,True,False,False,False,3,0.9999473756492117,99.99473756492117,True,90-100%,True
08471179-f6ea-4f83-8ada-2f741329e7d0.tmp,1547566600.0,4/6/18 15:36,Time Reversal Event,CreationTime : 2018-04-06 15:36:18 -> 2018-03-27 17:33:15(same as Network Persistent State~RF319a3313.TMP/ Network Persistent State),08471179-f6ea-4f83-8ada-2f741329e7d0.tmp,\Users\jcloudy\AppData\Local\Google\Chrome\User Data\Default\08471179-f6ea-4f83-8ada-2f741329e7d0.tmp,,,,,Update Resident Value,0x1BA,2.0,4/6/18 15:36,247699912.0,08471179-f6ea-4f83-8ada-2f741329e7d0.tmp,\Users\jcloudy\AppData\Local\Google\Chrome\User Data\Default\08471179-f6ea-4f83-8ada-2f741329e7d0.tmp,Basic_Info_Changed / File_Renamed_Old / Access_Right_Changed,Normal,Archive,,0x00D00000000006E9,0x000200000001906F,,,,3,3,True,True,1.0,False,08471179-f6ea-4f83-8ada-2f741329e7d0.tmp,\Users\jcloudy\AppData\Local\Google\Chrome\User Data\Default\08471179-f6ea-4f83-8ada-2f741329e7d0.tmp,False,False,False,False,0,True,False,True,False,False,False,False,True,False,False,False,False,False,False,False,False,False,False,9,40,True,True,False,False,False,True,False,False,False,True,False,False,False,True,False,False,False,3,0.9999473756492117,99.99473756492117,True,90-100%,True
0925241b-f1f1-412a-98a0-45fe5945b479.tmp,1547673848.0,4/6/18 15:38,Time Reversal Event,CreationTime : 2018-04-06 15:38:23 -> 2018-03-27 17:33:15(same as Network Persistent State~RF319a3313.TMP/ Network Persistent State),0925241b-f1f1-412a-98a0-45fe5945b479.tmp,\Users\jcloudy\AppData\Local\Google\Chrome\User Data\Default\0925241b-f1f1-412a-98a0-45fe5945b479.tmp,,,,,Update Resident Value,0x1BA,2.0,4/6/18 15:38,247718576.0,0925241b-f1f1-412a-98a0-45fe5945b479.tmp,\Users\jcloudy\AppData\Local\Google\Chrome\User Data\Default\0925241b-f1f1-412a-98a0-45fe5945b479.tmp,Basic_Info_Changed / File_Renamed_Old / Access_Right_Changed,Normal,Archive,,0x00D50000000006E9,0x000200000001906F,,,,3,3,True,True,1.0,False,0925241b-f1f1-412a-98a0-45fe5945b479.tmp,\Users\jcloudy\AppData\Local\Google\Chrome\User Data\Default\0925241b-f1f1-412a-98a0-45fe5945b479.tmp,False,False,False,False,0,True,False,True,False,False,False,False,True,False,False,False,False,False,False,False,False,False,False,9,40,True,True,False,False,False,True,False,False,False,True,False,False,False,True,False,False,False,3,0.9999473756492117,99.99473756492117,True,90-100%,True
0985442c-0236-426d-ac3a-404776d72fd1.tmp,1549454271.0,4/6/18 16:33,Time Reversal Event,CreationTime : 2018-04-06 16:33:37 -> 2018-03-27 17:32:51(same as Preferences/ Preferences~RF2a180ce2.TMP),0985442c-0236-426d-ac3a-404776d72fd1.tmp,\Users\jcloudy\AppData\Local\Google\Chrome\User Data\Default\0985442c-0236-426d-ac3a-404776d72fd1.tmp,,,,,Update Resident Value,0x2DDE,6.0,4/6/18 16:33,248241816.0,0985442c-0236-426d-ac3a-404776d72fd1.tmp,\Users\jcloudy\AppData\Local\Google\Chrome\User Data\Default\0985442c-0236-426d-ac3a-404776d72fd1.tmp,Basic_Info_Changed / File_Renamed_Old / Access_Right_Changed,Normal,Archive,,0x006900000000B77B,0x000200000001906F,,,,3,3,True,True,1.0,False,0985442c-0236-426d-ac3a-404776d72fd1.tmp,\Users\jcloudy\AppData\Local\Google\Chrome\User Data\Default\0985442c-0236-426d-ac3a-404776d72fd1.tmp,False,False,False,False,0,True,False,True,False,False,False,False,True,False,False,False,False,False,False,False,False,False,False,9,40,True,True,False,False,False,True,False,False,False,True,False,False,False,True,False,False,False,3,0.9999473756492117,99.99473756492117,True,90-100%,True
0b67910d-c405-4d63-aecb-afe1058c1b1b.tmp,1547932949.0,4/6/18 15:43,Time Reversal Event,CreationTime : 2018-04-06 15:43:22 -> 2018-03-27 17:33:15(same as Network Persistent State~RF319a3313.TMP/ Network Persistent State),0b67910d-c405-4d63-aecb-afe1058c1b1b.tmp,\Users\jcloudy\AppData\Local\Google\Chrome\User Data\Default\0b67910d-c405-4d63-aecb-afe1058c1b1b.tmp,,,,,Update Resident Value,0x470C,2.0,4/6/18 15:43,247767296.0,0b67910d-c405-4d63-aecb-afe1058c1b1b.tmp,\Users\jcloudy\AppData\Local\Google\Chrome\User Data\Default\0b67910d-c405-4d63-aecb-afe1058c1b1b.tmp,Basic_Info_Changed / File_Renamed_Old / Access_Right_Changed,Normal,Archive,,0x0021000000011C31,0x000200000001906F,,,,3,3,True,True,1.0,False,0b67910d-c405-4d63-aecb-afe1058c1b1b.tmp,\Users\jcloudy\AppData\Local\Google\Chrome\User Data\Default\0b67910d-c405-4d63-aecb-afe1058c1b1b.tmp,False,False,False,False,0,True,False,True,False,False,False,False,True,False,False,False,False,False,False,False,False,False,False,9,40,True,True,False,False,False,True,False,False,False,True,False,False,False,True,False,False,False,3,0.9999473756492117,99.99473756492117,True,90-100%,True
0bcce398-951d-4f0d-82f5-a4576a0d3152.tmp,1545279587.0,4/6/18 15:08,Time Reversal Event,CreationTime : 2018-04-06 15:08:35 -> 2018-03-27 17:33:13(same as TransportSecurity),0bcce398-951d-4f0d-82f5-a4576a0d3152.tmp,\Users\jcloudy\AppData\Local\Google\Chrome\User Data\Default\0bcce398-951d-4f0d-82f5-a4576a0d3152.tmp,,,,,Update Resident Value,0x82CD,0.0,4/6/18 15:08,247215552.0,0bcce398-951d-4f0d-82f5-a4576a0d3152.tmp,\Users\jcloudy\AppData\Local\Google\Chrome\User Data\Default\0bcce398-951d-4f0d-82f5-a4576a0d3152.tmp,Basic_Info_Changed / File_Renamed_Old / Access_Right_Changed,Normal,Archive,,0x004D000000020B34,0x000200000001906F,,,,3,3,True,True,1.0,False,0bcce398-951d-4f0d-82f5-a4576a0d3152.tmp,\Users\jcloudy\AppData\Local\Google\Chrome\User Data\Default\0bcce398-951d-4f0d-82f5-a4576a0d3152.tmp,False,False,False,False,0,True,False,True,False,False,False,False,True,False,False,False,False,False,False,False,False,False,False,9,40,True,True,False,False,False,True,False,False,False,True,False,False,False,True,False,False,False,3,0.9999473756492117,99.99473756492117,True,90-100%,True
0e1357ed-6966-4957-9586-9a4e926cc147.tmp,1550239039.0,4/6/18 20:26,Time Reversal Event,CreationTime : 2018-04-06 20:26:24 -> 2018-03-27 17:32:51(same as Preferences/ Preferences~RF2a180ce2.TMP),0e1357ed-6966-4957-9586-9a4e926cc147.tmp,\Users\jcloudy\AppData\Local\Google\Chrome\User Data\Default\0e1357ed-6966-4957-9586-9a4e926cc147.tmp,,,,,Update Resident Value,0x875E,4.0,4/6/18 20:26,248636792.0,0e1357ed-6966-4957-9586-9a4e926cc147.tmp,\Users\jcloudy\AppData\Local\Google\Chrome\User Data\Default\0e1357ed-6966-4957-9586-9a4e926cc147.tmp,Basic_Info_Changed / File_Renamed_Old / Access_Right_Changed,Normal,Archive,,0x0006000000021D7A,0x000200000001906F,,,,3,3,True,True,1.0,False,0e1357ed-6966-4957-9586-9a4e926cc147.tmp,\Users\jcloudy\AppData\Local\Google\Chrome\User Data\Default\0e1357ed-6966-4957-9586-9a4e926cc147.tmp,False,False,False,False,0,True,False,True,False,False,False,False,True,False,False,False,False,False,False,False,False,False,False,9,40,True,True,False,False,False,True,False,False,False,True,False,False,False,True,False,False,False,3,0.9999473756492117,99.99473756492117,True,90-100%,True
10039cda-83dd-439e-9ad3-029efa26d31f.tmp,1547007014.0,4/6/18 15:25,Time Reversal Event,CreationTime : 2018-04-06 15:25:23 -> 2018-03-27 17:32:51(same as Preferences/ Preferences~RF2a180ce2.TMP),10039cda-83dd-439e-9ad3-029efa26d31f.tmp,\Users\jcloudy\AppData\Local\Google\Chrome\User Data\Default\10039cda-83dd-439e-9ad3-029efa26d31f.tmp,,,,,Update Resident Value,0x46F0,4.0,4/6/18 15:25,247608408.0,10039cda-83dd-439e-9ad3-029efa26d31f.tmp,\Users\jcloudy\AppData\Local\Google\Chrome\User Data\Default\10039cda-83dd-439e-9ad3-029efa26d31f.tmp,Basic_Info_Changed / File_Renamed_Old / Access_Right_Changed,Normal,Archive,,0x0003000000011BC2,0x000200000001906F,,,,3,3,True,True,1.0,False,10039cda-83dd-439e-9ad3-029efa26d31f.tmp,\Users\jcloudy\AppData\Local\Google\Chrome\User Data\Default\10039cda-83dd-439e-9ad3-029efa26d31f.tmp,False,False,False,False,0,True,False,True,False,False,False,False,True,False,False,False,False,False,False,False,False,False,False,9,40,True,True,False,False,False,True,False,False,False,True,False,False,False,True,False,False,False,3,0.9999473756492117,99.99473756492117,True,90-100%,True
1123d7cb-c0a2-4d63-a637-49ce4ece47ac.tmp,1550655598.0,4/6/18 20:26,Time Reversal Event,CreationTime : 2018-04-06 20:26:40 -> 2018-03-27 17:33:13(same as TransportSecurity),1123d7cb-c0a2-4d63-a637-49ce4ece47ac.tmp,\Users\jcloudy\AppData\Local\Google\Chrome\User Data\Default\1123d7cb-c0a2-4d63-a637-49ce4ece47ac.tmp,,,,,Update Resident Value,0x83BA,0.0,4/6/18 20:26,248853808.0,1123d7cb-c0a2-4d63-a637-49ce4ece47ac.tmp,\Users\jcloudy\AppData\Local\Google\Chrome\User Data\Default\1123d7cb-c0a2-4d63-a637-49ce4ece47ac.tmp,Basic_Info_Changed / File_Renamed_Old / Access_Right_Changed,Normal,Archive,,0x000C000000020EE8,0x000200000001906F,,,,3,3,True,True,1.0,False,1123d7cb-c0a2-4d63-a637-49ce4ece47ac.tmp,\Users\jcloudy\AppData\Local\Google\Chrome\User Data\Default\1123d7cb-c0a2-4d63-a637-49ce4ece47ac.tmp,False,False,False,False,0,True,False,True,False,False,False,False,True,False,False,False,False,False,False,False,False,False,False,9,40,True,True,False,False,False,True,False,False,False,True,False,False,False,True,False,False,False,3,0.9999473756492117,99.99473756492117,True,90-100%,True
12531489-3faf-46f7-8392-7ee867d87f55.tmp,1561689223.0,4/6/18 20:50,Time Reversal Event,CreationTime : 2018-04-06 20:50:35 -> 2018-03-27 17:33:15(same as Network Persistent State),12531489-3faf-46f7-8392-7ee867d87f55.tmp,\Users\jcloudy\AppData\Local\Google\Chrome\User Data\Default\12531489-3faf-46f7-8392-7ee867d87f55.tmp,,,,,Update Resident Value,0x83E4,4.0,4/6/18 20:50,249749904.0,12531489-3faf-46f7-8392-7ee867d87f55.tmp,\Users\jcloudy\AppData\Local\Google\Chrome\User Data\Default\12531489-3faf-46f7-8392-7ee867d87f55.tmp,Basic_Info_Changed / File_Renamed_Old / Access_Right_Changed,Normal,Archive,,0x0026000000020F92,0x000200000001906F,,,,3,3,True,True,1.0,False,12531489-3faf-46f7-8392-7ee867d87f55.tmp,\Users\jcloudy\AppData\Local\Google\Chrome\User Data\Default\12531489-3faf-46f7-8392-7ee867d87f55.tmp,False,False,False,False,0,True,False,True,False,False,False,False,True,False,False,False,False,False,False,False,False,False,False,9,40,True,True,False,False,False,True,False,False,False,True,False,False,False,True,False,False,False,3,0.9999473756492117,99.99473756492117,True,90-100%,True
13c2e00d-86ba-4da8-937e-1621ce196178.tmp,1545801239.0,4/6/18 15:13,Time Reversal Event,CreationTime : 2018-04-06 15:13:44 -> 2018-03-27 17:32:51(same as Preferences/ Preferences~RF2a180ce2.TMP),13c2e00d-86ba-4da8-937e-1621ce196178.tmp,\Users\jcloudy\AppData\Local\Google\Chrome\User Data\Default\13c2e00d-86ba-4da8-937e-1621ce196178.tmp,,,,,Update Resident Value,0x8974,0.0,4/6/18 15:13,247330960.0,13c2e00d-86ba-4da8-937e-1621ce196178.tmp,\Users\jcloudy\AppData\Local\Google\Chrome\User Data\Default\13c2e00d-86ba-4da8-937e-1621ce196178.tmp,Basic_Info_Changed / File_Renamed_Old / Access_Right_Changed,Normal,Archive,,0x00580000000225D0,0x000200000001906F,,,,3,3,True,True,1.0,False,13c2e00d-86ba-4da8-937e-1621ce196178.tmp,\Users\jcloudy\AppData\Local\Google\Chrome\User Data\Default\13c2e00d-86ba-4da8-937e-1621ce196178.tmp,False,False,False,False,0,True,False,True,False,False,False,False,True,False,False,False,False,False,False,False,False,False,False,9,40,True,True,False,False,False,True,False,False,False,True,False,False,False,True,False,False,False,3,0.9999473756492117,99.99473756492117,True,90-100%,True
158f928a-a0be-4bb0-b1c4-3cb15a4d4091.tmp,1546180161.0,4/6/18 15:17,Time Reversal Event,CreationTime : 2018-04-06 15:17:30 -> 2018-03-27 17:33:15(same as Network Persistent State~RF319a3313.TMP/ Network Persistent State),158f928a-a0be-4bb0-b1c4-3cb15a4d4091.tmp,\Users\jcloudy\AppData\Local\Google\Chrome\User Data\Default\158f928a-a0be-4bb0-b1c4-3cb15a4d4091.tmp,,,,,Update Resident Value,0x58,2.0,4/6/18 15:17,247398112.0,158f928a-a0be-4bb0-b1c4-3cb15a4d4091.tmp,\Users\jcloudy\AppData\Local\Google\Chrome\User Data\Default\158f928a-a0be-4bb0-b1c4-3cb15a4d4091.tmp,Basic_Info_Changed / File_Renamed_Old / Access_Right_Changed,Normal,Archive,,0x001D000000000161,0x000200000001906F,,,,3,3,True,True,1.0,False,158f928a-a0be-4bb0-b1c4-3cb15a4d4091.tmp,\Users\jcloudy\AppData\Local\Google\Chrome\User Data\Default\158f928a-a0be-4bb0-b1c4-3cb15a4d4091.tmp,False,False,False,False,0,True,False,True,False,False,False,False,True,False,False,False,False,False,False,False,False,False,False,9,40,True,True,False,False,False,True,False,False,False,True,False,False,False,True,False,False,False,3,0.9999473756492117,99.99473756492117,True,90-100%,True
18b51183-4b77-421f-800a-59a3de0dfd74.tmp,1548786850.0,4/6/18 16:25,Time Reversal Event,CreationTime : 2018-04-06 16:25:48 -> 2018-03-27 17:33:13(same as TransportSecurity),18b51183-4b77-421f-800a-59a3de0dfd74.tmp,\Users\jcloudy\AppData\Local\Google\Chrome\User Data\Default\18b51183-4b77-421f-800a-59a3de0dfd74.tmp,,,,,Update Resident Value,0x83E4,6.0,4/6/18 16:25,248019192.0,18b51183-4b77-421f-800a-59a3de0dfd74.tmp,\Users\jcloudy\AppData\Local\Google\Chrome\User Data\Default\18b51183-4b77-421f-800a-59a3de0dfd74.tmp,Basic_Info_Changed / File_Renamed_Old / Access_Right_Changed,Normal,Archive,,0x0005000000020F93,0x000200000001906F,,,,3,3,True,True,1.0,False,18b51183-4b77-421f-800a-59a3de0dfd74.tmp,\Users\jcloudy\AppData\Local\Google\Chrome\User Data\Default\18b51183-4b77-421f-800a-59a3de0dfd74.tmp,False,False,False,False,0,True,False,True,False,False,False,False,True,False,False,False,False,False,False,False,False,False,False,9,40,True,True,False,False,False,True,False,False,False,True,False,False,False,True,False,False,False,3,0.9999473756492117,99.99473756492117,True,90-100%,True
1925a6fc-0b55-4eae-8452-5543e213723c.tmp,1547261789.0,4/6/18 15:30,Time Reversal Event,CreationTime : 2018-04-06 15:30:30 -> 2018-03-27 17:33:15(same as Network Persistent State~RF319a3313.TMP/ Network Persistent State),1925a6fc-0b55-4eae-8452-5543e213723c.tmp,\Users\jcloudy\AppData\Local\Google\Chrome\User Data\Default\1925a6fc-0b55-4eae-8452-5543e213723c.tmp,,,,,Update Resident Value,0x1BA,2.0,4/6/18 15:30,247650864.0,1925a6fc-0b55-4eae-8452-5543e213723c.tmp,\Users\jcloudy\AppData\Local\Google\Chrome\User Data\Default\1925a6fc-0b55-4eae-8452-5543e213723c.tmp,Basic_Info_Changed / File_Renamed_Old / Access_Right_Changed,Normal,Archive,,0x00C40000000006E9,0x000200000001906F,,,,3,3,True,True,1.0,False,1925a6fc-0b55-4eae-8452-5543e213723c.tmp,\Users\jcloudy\AppData\Local\Google\Chrome\User Data\Default\1925a6fc-0b55-4eae-8452-5543e213723c.tmp,False,False,False,False,0,True,False,True,False,False,False,False,True,False,False,False,False,False,False,False,False,False,False,9,40,True,True,False,False,False,True,False,False,False,True,False,False,False,True,False,False,False,3,0.9999473756492117,99.99473756492117,True,90-100%,True
1b2c28f1-8f3e-455a-bcaf-f304dbd2d2f2.tmp,1545323500.0,4/6/18 15:08,Time Reversal Event,CreationTime : 2018-04-06 15:08:51 -> 2018-03-27 17:32:51(same as Preferences/ Preferences~RF2a180ce2.TMP),1b2c28f1-8f3e-455a-bcaf-f304dbd2d2f2.tmp,\Users\jcloudy\AppData\Local\Google\Chrome\User Data\Default\1b2c28f1-8f3e-455a-bcaf-f304dbd2d2f2.tmp,,,,,Update Resident Value,0x846D,4.0,4/6/18 15:08,247227336.0,1b2c28f1-8f3e-455a-bcaf-f304dbd2d2f2.tmp,\Users\jcloudy\AppData\Local\Google\Chrome\User Data\Default\1b2c28f1-8f3e-455a-bcaf-f304dbd2d2f2.tmp,Basic_Info_Changed / File_Renamed_Old / Access_Right_Changed,Normal,Archive,,0x00290000000211B6,0x000200000001906F,,,,3,3,True,True,1.0,False,1b2c28f1-8f3e-455a-bcaf-f304dbd2d2f2.tmp,\Users\jcloudy\AppData\Local\Google\Chrome\User Data\Default\1b2c28f1-8f3e-455a-bcaf-f304dbd2d2f2.tmp,False,False,False,False,0,True,False,True,False,False,False,False,True,False,False,False,False,False,False,False,False,False,False,9,40,True,True,False,False,False,True,False,False,False,True,False,False,False,True,False,False,False,3,0.9999473756492117,99.99473756492117,True,90-100%,True
1b4ce1a2-3fe9-4f15-9fec-05e785844e7a.tmp,1548675772.0,4/6/18 16:25,Time Reversal Event,CreationTime : 2018-04-06 16:25:26 -> 2018-03-27 17:33:13(same as TransportSecurity),1b4ce1a2-3fe9-4f15-9fec-05e785844e7a.tmp,\Users\jcloudy\AppData\Local\Google\Chrome\User Data\Default\1b4ce1a2-3fe9-4f15-9fec-05e785844e7a.tmp,,,,,Update Resident Value,0x5B8E,2.0,4/6/18 16:25,247972880.0,1b4ce1a2-3fe9-4f15-9fec-05e785844e7a.tmp,\Users\jcloudy\AppData\Local\Google\Chrome\User Data\Default\1b4ce1a2-3fe9-4f15-9fec-05e785844e7a.tmp,Basic_Info_Changed / File_Renamed_Old / Access_Right_Changed,Normal,Archive,,0x002C000000016E39,0x000200000001906F,,,,3,3,True,True,1.0,False,1b4ce1a2-3fe9-4f15-9fec-05e785844e7a.tmp,\Users\jcloudy\AppData\Local\Google\Chrome\User Data\Default\1b4ce1a2-3fe9-4f15-9fec-05e785844e7a.tmp,False,False,False,False,0,True,False,True,False,False,False,False,True,False,False,False,False,False,False,False,False,False,False,9,40,True,True,False,False,False,True,False,False,False,True,False,False,False,True,False,False,False,3,0.9999473756492117,99.99473756492117,True,90-100%,True
1bfdf436-53d4-4f83-b68b-277cb66f960d.tmp,1545153426.0,4/6/18 15:07,Time Reversal Event,CreationTime : 2018-04-06 15:07:15 -> 2018-03-27 17:33:01(same as Local State),1bfdf436-53d4-4f83-b68b-277cb66f960d.tmp,\Users\jcloudy\AppData\Local\Google\Chrome\User Data\1bfdf436-53d4-4f83-b68b-277cb66f960d.tmp,,,,,Update Resident Value,0x58,2.0,4/6/18 15:07,247195624.0,1bfdf436-53d4-4f83-b68b-277cb66f960d.tmp,\Users\jcloudy\AppData\Local\Google\Chrome\User Data\1bfdf436-53d4-4f83-b68b-277cb66f960d.tmp,Basic_Info_Changed / File_Renamed_Old / Access_Right_Changed,Normal,Archive,,0x0019000000000161,0x0002000000019030,,,,3,3,True,True,1.0,False,1bfdf436-53d4-4f83-b68b-277cb66f960d.tmp,\Users\jcloudy\AppData\Local\Google\Chrome\User Data\1bfdf436-53d4-4f83-b68b-277cb66f960d.tmp,False,False,False,False,0,True,False,True,False,False,False,False,True,False,False,False,False,False,False,False,False,False,False,8,40,True,True,False,False,False,True,False,False,False,True,False,False,False,True,False,False,False,3,0.999969781695434,99.99697816954341,True,90-100%,True
1c0c18c2-1f3b-4c90-b4a9-7c89f1c968f8.tmp,1549254760.0,4/6/18 16:31,Time Reversal Event,CreationTime : 2018-04-06 16:31:08 -> 2018-03-27 17:33:15(same as Network Persistent State~RF319a3313.TMP/ Network Persistent State),1c0c18c2-1f3b-4c90-b4a9-7c89f1c968f8.tmp,\Users\jcloudy\AppData\Local\Google\Chrome\User Data\Default\1c0c18c2-1f3b-4c90-b4a9-7c89f1c968f8.tmp,,,,,Update Resident Value,0x3E99,4.0,4/6/18 16:31,248177472.0,1c0c18c2-1f3b-4c90-b4a9-7c89f1c968f8.tmp,\Users\jcloudy\AppData\Local\Google\Chrome\User Data\Default\1c0c18c2-1f3b-4c90-b4a9-7c89f1c968f8.tmp,Basic_Info_Changed / File_Renamed_Old / Access_Right_Changed,Normal,Archive,,0x001200000000FA66,0x000200000001906F,,,,3,3,True,True,1.0,False,1c0c18c2-1f3b-4c90-b4a9-7c89f1c968f8.tmp,\Users\jcloudy\AppData\Local\Google\Chrome\User Data\Default\1c0c18c2-1f3b-4c90-b4a9-7c89f1c968f8.tmp,False,False,False,False,0,True,False,True,False,False,False,False,True,False,False,False,False,False,False,False,False,False,False,9,40,True,True,False,False,False,True,False,False,False,True,False,False,False,True,False,False,False,3,0.9999473756492117,99.99473756492117,True,90-100%,True
1d3817ec-151a-47e2-ad25-f57ffe618f38.tmp,1546270522.0,4/6/18 15:18,Time Reversal Event,CreationTime : 2018-04-06 15:18:30 -> 2018-03-27 17:33:15(same as Network Persistent State~RF319a3313.TMP/ Network Persistent State),1d3817ec-151a-47e2-ad25-f57ffe618f38.tmp,\Users\jcloudy\AppData\Local\Google\Chrome\User Data\Default\1d3817ec-151a-47e2-ad25-f57ffe618f38.tmp,,,,,Update Resident Value,0x86B6,0.0,4/6/18 15:18,247410832.0,1d3817ec-151a-47e2-ad25-f57ffe618f38.tmp,\Users\jcloudy\AppData\Local\Google\Chrome\User Data\Default\1d3817ec-151a-47e2-ad25-f57ffe618f38.tmp,Basic_Info_Changed / File_Renamed_Old / Access_Right_Changed,Normal,Archive,,0x0044000000021AD8,0x000200000001906F,,,,3,3,True,True,1.0,False,1d3817ec-151a-47e2-ad25-f57ffe618f38.tmp,\Users\jcloudy\AppData\Local\Google\Chrome\User Data\Default\1d3817ec-151a-47e2-ad25-f57ffe618f38.tmp,False,False,False,False,0,True,False,True,False,False,False,False,True,False,False,False,False,False,False,False,False,False,False,9,40,True,True,False,False,False,True,False,False,False,True,False,False,False,True,False,False,False,3,0.9999473756492117,99.99473756492117,True,90-100%,True
20fed698-56af-40fd-8710-37db79f2b53c.tmp,1546440580.0,4/6/18 15:20,Time Reversal Event,CreationTime : 2018-04-06 15:20:03 -> 2018-03-27 17:32:51(same as Preferences/ Preferences~RF2a180ce2.TMP),20fed698-56af-40fd-8710-37db79f2b53c.tmp,\Users\jcloudy\AppData\Local\Google\Chrome\User Data\Default\20fed698-56af-40fd-8710-37db79f2b53c.tmp,,,,,Update Resident Value,0x8977,2.0,4/6/18 15:20,247432680.0,20fed698-56af-40fd-8710-37db79f2b53c.tmp,\Users\jcloudy\AppData\Local\Google\Chrome\User Data\Default\20fed698-56af-40fd-8710-37db79f2b53c.tmp,Basic_Info_Changed / File_Renamed_Old / Access_Right_Changed,Normal,Archive,,0x00290000000225DD,0x000200000001906F,,,,3,3,True,True,1.0,False,20fed698-56af-40fd-8710-37db79f2b53c.tmp,\Users\jcloudy\AppData\Local\Google\Chrome\User Data\Default\20fed698-56af-40fd-8710-37db79f2b53c.tmp,False,False,False,False,0,True,False,True,False,False,False,False,True,False,False,False,False,False,False,False,False,False,False,9,40,True,True,False,False,False,True,False,False,False,True,False,False,False,True,False,False,False,3,0.9999473756492117,99.99473756492117,True,90-100%,True
21dd11c2-91eb-4b5e-a332-663f9cfb9800.tmp,1561305079.0,4/6/18 20:43,Time Reversal Event,CreationTime : 2018-04-06 20:43:26 -> 2018-03-27 17:33:15(same as Network Persistent State~RF319a3313.TMP/ Network Persistent State),21dd11c2-91eb-4b5e-a332-663f9cfb9800.tmp,\Users\jcloudy\AppData\Local\Google\Chrome\User Data\Default\21dd11c2-91eb-4b5e-a332-663f9cfb9800.tmp,,,,,Update Resident Value,0x8A2A,6.0,4/6/18 20:43,249674864.0,21dd11c2-91eb-4b5e-a332-663f9cfb9800.tmp,\Users\jcloudy\AppData\Local\Google\Chrome\User Data\Default\21dd11c2-91eb-4b5e-a332-663f9cfb9800.tmp,Basic_Info_Changed / File_Renamed_Old / Access_Right_Changed,Normal,Archive,,0x001B0000000228AB,0x000200000001906F,,,,3,3,True,True,1.0,False,21dd11c2-91eb-4b5e-a332-663f9cfb9800.tmp,\Users\jcloudy\AppData\Local\Google\Chrome\User Data\Default\21dd11c2-91eb-4b5e-a332-663f9cfb9800.tmp,False,False,False,False,0,True,False,True,False,False,False,False,True,False,False,False,False,False,False,False,False,False,False,9,40,True,True,False,False,False,True,False,False,False,True,False,False,False,True,False,False,False,3,0.9999473756492117,99.99473756492117,True,90-100%,True
23549971-18fd-45f5-af23-d643ae52e7aa.tmp,1549025902.0,4/6/18 16:28,Time Reversal Event,CreationTime : 2018-04-06 16:28:45 -> 2018-03-27 17:32:51(same as Preferences/ Preferences~RF2a180ce2.TMP),23549971-18fd-45f5-af23-d643ae52e7aa.tmp,\Users\jcloudy\AppData\Local\Google\Chrome\User Data\Default\23549971-18fd-45f5-af23-d643ae52e7aa.tmp,,,,,Update Resident Value,0x83E4,4.0,4/6/18 16:28,248111640.0,23549971-18fd-45f5-af23-d643ae52e7aa.tmp,\Users\jcloudy\AppData\Local\Google\Chrome\User Data\Default\23549971-18fd-45f5-af23-d643ae52e7aa.tmp,Basic_Info_Changed / File_Renamed_Old / Access_Right_Changed,Normal,Archive,,0x000A000000020F92,0x000200000001906F,,,,3,3,True,True,1.0,False,23549971-18fd-45f5-af23-d643ae52e7aa.tmp,\Users\jcloudy\AppData\Local\Google\Chrome\User Data\Default\23549971-18fd-45f5-af23-d643ae52e7aa.tmp,False,False,False,False,0,True,False,True,False,False,False,False,True,False,False,False,False,False,False,False,False,False,False,9,40,True,True,False,False,False,True,False,False,False,True,False,False,False,True,False,False,False,3,0.9999473756492117,99.99473756492117,True,90-100%,True
24c864f8-f3a6-48bb-8a75-2e9d9228dfc1.tmp,1548052623.0,4/6/18 15:45,Time Reversal Event,CreationTime : 2018-04-06 15:45:38 -> 2018-03-27 17:33:15(same as Network Persistent State~RF319a3313.TMP/ Network Persistent State),24c864f8-f3a6-48bb-8a75-2e9d9228dfc1.tmp,\Users\jcloudy\AppData\Local\Google\Chrome\User Data\Default\24c864f8-f3a6-48bb-8a75-2e9d9228dfc1.tmp,,,,,Update Resident Value,0x1BA,2.0,4/6/18 15:45,247784688.0,24c864f8-f3a6-48bb-8a75-2e9d9228dfc1.tmp,\Users\jcloudy\AppData\Local\Google\Chrome\User Data\Default\24c864f8-f3a6-48bb-8a75-2e9d9228dfc1.tmp,Basic_Info_Changed / File_Renamed_Old / Access_Right_Changed,Normal,Archive,,0x00E20000000006E9,0x000200000001906F,,,,3,3,True,True,1.0,False,24c864f8-f3a6-48bb-8a75-2e9d9228dfc1.tmp,\Users\jcloudy\AppData\Local\Google\Chrome\User Data\Default\24c864f8-f3a6-48bb-8a75-2e9d9228dfc1.tmp,False,False,False,False,0,True,False,True,False,False,False,False,True,False,False,False,False,False,False,False,False,False,False,9,40,True,True,False,False,False,True,False,False,False,True,False,False,False,True,False,False,False,3,0.9999473756492117,99.99473756492117,True,90-100%,True
264610cc-b826-472a-8ee5-72687b89d1fd.tmp,1545779720.0,4/6/18 15:13,Time Reversal Event,CreationTime : 2018-04-06 15:13:30 -> 2018-03-27 17:33:13(same as TransportSecurity),264610cc-b826-472a-8ee5-72687b89d1fd.tmp,\Users\jcloudy\AppData\Local\Google\Chrome\User Data\Default\264610cc-b826-472a-8ee5-72687b89d1fd.tmp,,,,,Update Resident Value,0x1BA,2.0,4/6/18 15:13,247325568.0,264610cc-b826-472a-8ee5-72687b89d1fd.tmp,\Users\jcloudy\AppData\Local\Google\Chrome\User Data\Default\264610cc-b826-472a-8ee5-72687b89d1fd.tmp,Basic_Info_Changed / File_Renamed_Old / Access_Right_Changed,Normal,Archive,,0x00AE0000000006E9,0x000200000001906F,,,,3,3,True,True,1.0,False,264610cc-b826-472a-8ee5-72687b89d1fd.tmp,\Users\jcloudy\AppData\Local\Google\Chrome\User Data\Default\264610cc-b826-472a-8ee5-72687b89d1fd.tmp,False,False,False,False,0,True,False,True,False,False,False,False,True,False,False,False,False,False,False,False,False,False,False,9,40,True,True,False,False,False,True,False,False,False,True,False,False,False,True,False,False,False,3,0.9999473756492117,99.99473756492117,True,90-100%,True
2815d2f4-a94e-4b5b-b3c4-cac022ee8fa6.tmp,1561486542.0,4/6/18 20:46,Time Reversal Event,CreationTime : 2018-04-06 20:46:40 -> 2018-03-27 17:33:13,2815d2f4-a94e-4b5b-b3c4-cac022ee8fa6.tmp,\Users\jcloudy\AppData\Local\Google\Chrome\User Data\Default\2815d2f4-a94e-4b5b-b3c4-cac022ee8fa6.tmp,,,,,Update Resident Value,0x89F4,6.0,4/6/18 20:46,249710568.0,2815d2f4-a94e-4b5b-b3c4-cac022ee8fa6.tmp,\Users\jcloudy\AppData\Local\Google\Chrome\User Data\Default\2815d2f4-a94e-4b5b-b3c4-cac022ee8fa6.tmp,Basic_Info_Changed / File_Renamed_Old / Access_Right_Changed,Normal,Archive,,0x00060000000227D3,0x000200000001906F,,,,3,3,True,True,1.0,False,2815d2f4-a94e-4b5b-b3c4-cac022ee8fa6.tmp,\Users\jcloudy\AppData\Local\Google\Chrome\User Data\Default\2815d2f4-a94e-4b5b-b3c4-cac022ee8fa6.tmp,False,False,False,False,0,True,False,True,False,False,False,False,True,False,False,False,False,False,False,False,False,False,False,9,40,True,True,False,False,False,True,False,False,False,True,False,False,False,True,False,False,False,3,0.9999473756492117,99.99473756492117,True,90-100%,True
29371f89-c184-492c-a4ea-8b64c91e246e.tmp,1545692358.0,4/6/18 15:12,Time Reversal Event,CreationTime : 2018-04-06 15:12:37 -> 2018-03-27 17:32:51(same as Preferences/ Preferences~RF2a180ce2.TMP),29371f89-c184-492c-a4ea-8b64c91e246e.tmp,\Users\jcloudy\AppData\Local\Google\Chrome\User Data\Default\29371f89-c184-492c-a4ea-8b64c91e246e.tmp,,,,,Update Resident Value,0x83EF,0.0,4/6/18 15:12,247315008.0,29371f89-c184-492c-a4ea-8b64c91e246e.tmp,\Users\jcloudy\AppData\Local\Google\Chrome\User Data\Default\29371f89-c184-492c-a4ea-8b64c91e246e.tmp,Basic_Info_Changed / File_Renamed_Old / Access_Right_Changed,Normal,Archive,,0x0043000000020FBC,0x000200000001906F,,,,3,3,True,True,1.0,False,29371f89-c184-492c-a4ea-8b64c91e246e.tmp,\Users\jcloudy\AppData\Local\Google\Chrome\User Data\Default\29371f89-c184-492c-a4ea-8b64c91e246e.tmp,False,False,False,False,0,True,False,True,False,False,False,False,True,False,False,False,False,False,False,False,False,False,False,9,40,True,True,False,False,False,True,False,False,False,True,False,False,False,True,False,False,False,3,0.9999473756492117,99.99473756492117,True,90-100%,True
2b97eb98-5885-47ca-944d-578f8a5f5a48.tmp,1548397600.0,4/6/18 16:24,Time Reversal Event,CreationTime : 2018-04-06 16:24:46 -> 2018-03-27 17:33:01(same as Local State),2b97eb98-5885-47ca-944d-578f8a5f5a48.tmp,\Users\jcloudy\AppData\Local\Google\Chrome\User Data\2b97eb98-5885-47ca-944d-578f8a5f5a48.tmp,,,,,Update Resident Value,0x4342,4.0,4/6/18 16:24,247862936.0,2b97eb98-5885-47ca-944d-578f8a5f5a48.tmp,\Users\jcloudy\AppData\Local\Google\Chrome\User Data\2b97eb98-5885-47ca-944d-578f8a5f5a48.tmp,Basic_Info_Changed / File_Renamed_Old / Access_Right_Changed,Normal,Archive,,0x001A000000010D0A,0x0002000000019030,,,,3,3,True,True,1.0,False,2b97eb98-5885-47ca-944d-578f8a5f5a48.tmp,\Users\jcloudy\AppData\Local\Google\Chrome\User Data\2b97eb98-5885-47ca-944d-578f8a5f5a48.tmp,False,False,False,False,0,True,False,True,False,False,False,False,True,False,False,False,False,False,False,False,False,False,False,8,40,True,True,False,False,False,True,False,False,False,True,False,False,False,True,False,False,False,3,0.999969781695434,99.99697816954341,True,90-100%,True
2d55a6da-9703-486c-a18c-5e2e38b48990.tmp,1546050758.0,4/6/18 15:16,Time Reversal Event,CreationTime : 2018-04-06 15:16:29 -> 2018-03-27 17:33:15(same as Network Persistent State~RF319a3313.TMP/ Network Persistent State),2d55a6da-9703-486c-a18c-5e2e38b48990.tmp,\Users\jcloudy\AppData\Local\Google\Chrome\User Data\Default\2d55a6da-9703-486c-a18c-5e2e38b48990.tmp,,,,,Update Resident Value,0x86B6,0.0,4/6/18 15:16,247384968.0,2d55a6da-9703-486c-a18c-5e2e38b48990.tmp,\Users\jcloudy\AppData\Local\Google\Chrome\User Data\Default\2d55a6da-9703-486c-a18c-5e2e38b48990.tmp,Basic_Info_Changed / File_Renamed_Old / Access_Right_Changed,Normal,Archive,,0x0037000000021AD8,0x000200000001906F,,,,3,3,True,True,1.0,False,2d55a6da-9703-486c-a18c-5e2e38b48990.tmp,\Users\jcloudy\AppData\Local\Google\Chrome\User Data\Default\2d55a6da-9703-486c-a18c-5e2e38b48990.tmp,False,False,False,False,0,True,False,True,False,False,False,False,True,False,False,False,False,False,False,False,False,False,False,9,40,True,True,False,False,False,True,False,False,False,True,False,False,False,True,False,False,False,3,0.9999473756492117,99.99473756492117,True,90-100%,True
2da1da97-bdc6-445b-b155-54e793be808a.tmp,1548774601.0,4/6/18 16:25,Time Reversal Event,CreationTime : 2018-04-06 16:25:41 -> 2018-03-27 17:32:51(same as Preferences/ Preferences~RF2a180ce2.TMP),2da1da97-bdc6-445b-b155-54e793be808a.tmp,\Users\jcloudy\AppData\Local\Google\Chrome\User Data\Default\2da1da97-bdc6-445b-b155-54e793be808a.tmp,,,,,Update Resident Value,0x597B,0.0,4/6/18 16:25,248013224.0,2da1da97-bdc6-445b-b155-54e793be808a.tmp,\Users\jcloudy\AppData\Local\Google\Chrome\User Data\Default\2da1da97-bdc6-445b-b155-54e793be808a.tmp,Basic_Info_Changed / File_Renamed_Old / Access_Right_Changed,Normal,Archive,,0x00080000000165EC,0x000200000001906F,,,,3,3,True,True,1.0,False,2da1da97-bdc6-445b-b155-54e793be808a.tmp,\Users\jcloudy\AppData\Local\Google\Chrome\User Data\Default\2da1da97-bdc6-445b-b155-54e793be808a.tmp,False,False,False,False,0,True,False,True,False,False,False,False,True,False,False,False,False,False,False,False,False,False,False,9,40,True,True,False,False,False,True,False,False,False,True,False,False,False,True,False,False,False,3,0.9999473756492117,99.99473756492117,True,90-100%,True
30c0a254-2009-4b21-98f7-90d012d6d950.tmp,1545169592.0,4/6/18 15:07,Time Reversal Event,CreationTime : 2018-04-06 15:07:27 -> 2018-03-27 17:33:15(same as Network Persistent State~RF319a3313.TMP/ Network Persistent State),30c0a254-2009-4b21-98f7-90d012d6d950.tmp,\Users\jcloudy\AppData\Local\Google\Chrome\User Data\Default\30c0a254-2009-4b21-98f7-90d012d6d950.tmp,,,,,Update Resident Value,0x1BA,2.0,4/6/18 15:07,247199248.0,30c0a254-2009-4b21-98f7-90d012d6d950.tmp,\Users\jcloudy\AppData\Local\Google\Chrome\User Data\Default\30c0a254-2009-4b21-98f7-90d012d6d950.tmp,Basic_Info_Changed / File_Renamed_Old / Access_Right_Changed,Normal,Archive,,0x00A00000000006E9,0x000200000001906F,,,,3,3,True,True,1.0,False,30c0a254-2009-4b21-98f7-90d012d6d950.tmp,\Users\jcloudy\AppData\Local\Google\Chrome\User Data\Default\30c0a254-2009-4b21-98f7-90d012d6d950.tmp,False,False,False,False,0,True,False,True,False,False,False,False,True,False,False,False,False,False,False,False,False,False,False,9,40,True,True,False,False,False,True,False,False,False,True,False,False,False,True,False,False,False,3,0.9999473756492117,99.99473756492117,True,90-100%,True
32a3bd06-492a-4697-a23c-976a3992b28f.tmp,1546368783.0,4/6/18 15:19,Time Reversal Event,CreationTime : 2018-04-06 15:19:31 -> 2018-03-27 17:33:01(same as Local State),32a3bd06-492a-4697-a23c-976a3992b28f.tmp,\Users\jcloudy\AppData\Local\Google\Chrome\User Data\32a3bd06-492a-4697-a23c-976a3992b28f.tmp,,,,,Update Resident Value,0x1BA,2.0,4/6/18 15:19,247421904.0,32a3bd06-492a-4697-a23c-976a3992b28f.tmp,\Users\jcloudy\AppData\Local\Google\Chrome\User Data\32a3bd06-492a-4697-a23c-976a3992b28f.tmp,Basic_Info_Changed / File_Renamed_Old / Access_Right_Changed,Normal,Archive,,0x00B20000000006E9,0x0002000000019030,,,,3,3,True,True,1.0,False,32a3bd06-492a-4697-a23c-976a3992b28f.tmp,\Users\jcloudy\AppData\Local\Google\Chrome\User Data\32a3bd06-492a-4697-a23c-976a3992b28f.tmp,False,False,False,False,0,True,False,True,False,False,False,False,True,False,False,False,False,False,False,False,False,False,False,8,40,True,True,False,False,False,True,False,False,False,True,False,False,False,True,False,False,False,3,0.999969781695434,99.99697816954341,True,90-100%,True
32bb6e81-ad1c-4966-8faf-abe1664beccc.tmp,1545479019.0,4/6/18 15:10,Time Reversal Event,CreationTime : 2018-04-06 15:10:20 -> 2018-03-27 17:32:51(same as Preferences/ Preferences~RF2a180ce2.TMP),32bb6e81-ad1c-4966-8faf-abe1664beccc.tmp,\Users\jcloudy\AppData\Local\Google\Chrome\User Data\Default\32bb6e81-ad1c-4966-8faf-abe1664beccc.tmp,,,,,Update Resident Value,0x8974,0.0,4/6/18 15:10,247259248.0,32bb6e81-ad1c-4966-8faf-abe1664beccc.tmp,\Users\jcloudy\AppData\Local\Google\Chrome\User Data\Default\32bb6e81-ad1c-4966-8faf-abe1664beccc.tmp,Basic_Info_Changed / File_Renamed_Old / Access_Right_Changed,Normal,Archive,,0x00420000000225D0,0x000200000001906F,,,,3,3,True,True,1.0,False,32bb6e81-ad1c-4966-8faf-abe1664beccc.tmp,\Users\jcloudy\AppData\Local\Google\Chrome\User Data\Default\32bb6e81-ad1c-4966-8faf-abe1664beccc.tmp,False,False,False,False,0,True,False,True,False,False,False,False,True,False,False,False,False,False,False,False,False,False,False,9,40,True,True,False,False,False,True,False,False,False,True,False,False,False,True,False,False,False,3,0.9999473756492117,99.99473756492117,True,90-100%,True
32e98c4b-93de-49a0-abe9-d464cd223033.tmp,1547629462.0,4/6/18 15:37,Time Reversal Event,CreationTime : 2018-04-06 15:37:21 -> 2018-03-27 17:33:15(same as Network Persistent State~RF319a3313.TMP/ Network Persistent State),32e98c4b-93de-49a0-abe9-d464cd223033.tmp,\Users\jcloudy\AppData\Local\Google\Chrome\User Data\Default\32e98c4b-93de-49a0-abe9-d464cd223033.tmp,,,,,Update Resident Value,0xE1,4.0,4/6/18 15:37,247713584.0,32e98c4b-93de-49a0-abe9-d464cd223033.tmp,\Users\jcloudy\AppData\Local\Google\Chrome\User Data\Default\32e98c4b-93de-49a0-abe9-d464cd223033.tmp,Basic_Info_Changed / File_Renamed_Old / Access_Right_Changed,Normal,Archive,,0x0013000000000386,0x000200000001906F,,,,3,3,True,True,1.0,False,32e98c4b-93de-49a0-abe9-d464cd223033.tmp,\Users\jcloudy\AppData\Local\Google\Chrome\User Data\Default\32e98c4b-93de-49a0-abe9-d464cd223033.tmp,False,False,False,False,0,True,False,True,False,False,False,False,True,False,False,False,False,False,False,False,False,False,False,9,40,True,True,False,False,False,True,False,False,False,True,False,False,False,True,False,False,False,3,0.9999473756492117,99.99473756492117,True,90-100%,True
34409f2c-ddae-4d94-bb88-02df4d6dcfc0.tmp,1545916589.0,4/6/18 15:15,Time Reversal Event,CreationTime : 2018-04-06 15:15:13 -> 2018-03-27 17:33:01(same as Local State),34409f2c-ddae-4d94-bb88-02df4d6dcfc0.tmp,\Users\jcloudy\AppData\Local\Google\Chrome\User Data\34409f2c-ddae-4d94-bb88-02df4d6dcfc0.tmp,,,,,Update Resident Value,0x82CD,0.0,4/6/18 15:15,247351656.0,34409f2c-ddae-4d94-bb88-02df4d6dcfc0.tmp,\Users\jcloudy\AppData\Local\Google\Chrome\User Data\34409f2c-ddae-4d94-bb88-02df4d6dcfc0.tmp,Basic_Info_Changed / File_Renamed_Old / Access_Right_Changed,Normal,Archive,,0x005F000000020B34,0x0002000000019030,,,,3,3,True,True,1.0,False,34409f2c-ddae-4d94-bb88-02df4d6dcfc0.tmp,\Users\jcloudy\AppData\Local\Google\Chrome\User Data\34409f2c-ddae-4d94-bb88-02df4d6dcfc0.tmp,False,False,False,False,0,True,False,True,False,False,False,False,True,False,False,False,False,False,False,False,False,False,False,8,40,True,True,False,False,False,True,False,False,False,True,False,False,False,True,False,False,False,3,0.999969781695434,99.99697816954341,True,90-100%,True
34729dce-02f5-4daa-8063-1efda726e320.tmp,1546996052.0,4/6/18 15:25,Time Reversal Event,CreationTime : 2018-04-06 15:25:21 -> 2018-03-27 17:33:15(same as Network Persistent State~RF319a3313.TMP/ Network Persistent State),34729dce-02f5-4daa-8063-1efda726e320.tmp,\Users\jcloudy\AppData\Local\Google\Chrome\User Data\Default\34729dce-02f5-4daa-8063-1efda726e320.tmp,,,,,Update Resident Value,0x433B,4.0,4/6/18 15:25,247604608.0,34729dce-02f5-4daa-8063-1efda726e320.tmp,\Users\jcloudy\AppData\Local\Google\Chrome\User Data\Default\34729dce-02f5-4daa-8063-1efda726e320.tmp,Basic_Info_Changed / File_Renamed_Old / Access_Right_Changed,Normal,Archive,,0x0005000000010CEE,0x000200000001906F,,,,3,3,True,True,1.0,False,34729dce-02f5-4daa-8063-1efda726e320.tmp,\Users\jcloudy\AppData\Local\Google\Chrome\User Data\Default\34729dce-02f5-4daa-8063-1efda726e320.tmp,False,False,False,False,0,True,False,True,False,False,False,False,True,False,False,False,False,False,False,False,False,False,False,9,40,True,True,False,False,False,True,False,False,False,True,False,False,False,True,False,False,False,3,0.9999473756492117,99.99473756492117,True,90-100%,True
35bc8604-37ad-46a2-bda7-32f5f704a698.tmp,1546474517.0,4/6/18 15:20,Time Reversal Event,CreationTime : 2018-04-06 15:20:24 -> 2018-03-27 17:32:51(same as Preferences/ Preferences~RF2a180ce2.TMP),35bc8604-37ad-46a2-bda7-32f5f704a698.tmp,\Users\jcloudy\AppData\Local\Google\Chrome\User Data\Default\35bc8604-37ad-46a2-bda7-32f5f704a698.tmp,,,,,Update Resident Value,0x8404,2.0,4/6/18 15:20,247442560.0,35bc8604-37ad-46a2-bda7-32f5f704a698.tmp,\Users\jcloudy\AppData\Local\Google\Chrome\User Data\Default\35bc8604-37ad-46a2-bda7-32f5f704a698.tmp,Basic_Info_Changed / File_Renamed_Old / Access_Right_Changed,Normal,Archive,,0x0020000000021011,0x000200000001906F,,,,3,3,True,True,1.0,False,35bc8604-37ad-46a2-bda7-32f5f704a698.tmp,\Users\jcloudy\AppData\Local\Google\Chrome\User Data\Default\35bc8604-37ad-46a2-bda7-32f5f704a698.tmp,False,False,False,False,0,True,False,True,False,False,False,False,True,False,False,False,False,False,False,False,False,False,False,9,40,True,True,False,False,False,True,False,False,False,True,False,False,False,True,False,False,False,3,0.9999473756492117,99.99473756492117,True,90-100%,True
36ddbb5d-f6bf-4ab8-84e1-9374784f5ba7.tmp,1550870247.0,4/6/18 20:29,Time Reversal Event,CreationTime : 2018-04-06 20:29:29 -> 2018-03-27 17:33:15(same as Network Persistent State~RF319a3313.TMP/ Network Persistent State),36ddbb5d-f6bf-4ab8-84e1-9374784f5ba7.tmp,\Users\jcloudy\AppData\Local\Google\Chrome\User Data\Default\36ddbb5d-f6bf-4ab8-84e1-9374784f5ba7.tmp,,,,,Update Resident Value,0x88B6,0.0,4/6/18 20:29,248914064.0,36ddbb5d-f6bf-4ab8-84e1-9374784f5ba7.tmp,\Users\jcloudy\AppData\Local\Google\Chrome\User Data\Default\36ddbb5d-f6bf-4ab8-84e1-9374784f5ba7.tmp,Basic_Info_Changed / File_Renamed_Old / Access_Right_Changed,Normal,Archive,,0x00060000000222D8,0x000200000001906F,,,,3,3,True,True,1.0,False,36ddbb5d-f6bf-4ab8-84e1-9374784f5ba7.tmp,\Users\jcloudy\AppData\Local\Google\Chrome\User Data\Default\36ddbb5d-f6bf-4ab8-84e1-9374784f5ba7.tmp,False,False,False,False,0,True,False,True,False,False,False,False,True,False,False,False,False,False,False,False,False,False,False,9,40,True,True,False,False,False,True,False,False,False,True,False,False,False,True,False,False,False,3,0.9999473756492117,99.99473756492117,True,90-100%,True
38acdbb1-157d-4a31-97b4-4e3d11b260e0.tmp,1545875177.0,4/6/18 15:14,Time Reversal Event,CreationTime : 2018-04-06 15:14:45 -> 2018-03-27 17:32:51(same as Preferences/ Preferences~RF2a180ce2.TMP),38acdbb1-157d-4a31-97b4-4e3d11b260e0.tmp,\Users\jcloudy\AppData\Local\Google\Chrome\User Data\Default\38acdbb1-157d-4a31-97b4-4e3d11b260e0.tmp,,,,,Update Resident Value,0x83A3,2.0,4/6/18 15:14,247342456.0,38acdbb1-157d-4a31-97b4-4e3d11b260e0.tmp,\Users\jcloudy\AppData\Local\Google\Chrome\User Data\Default\38acdbb1-157d-4a31-97b4-4e3d11b260e0.tmp,Basic_Info_Changed / File_Renamed_Old / Access_Right_Changed,Normal,Archive,,0x0034000000020E8D,0x000200000001906F,,,,3,3,True,True,1.0,False,38acdbb1-157d-4a31-97b4-4e3d11b260e0.tmp,\Users\jcloudy\AppData\Local\Google\Chrome\User Data\Default\38acdbb1-157d-4a31-97b4-4e3d11b260e0.tmp,False,False,False,False,0,True,False,True,False,False,False,False,True,False,False,False,False,False,False,False,False,False,False,9,40,True,True,False,False,False,True,False,False,False,True,False,False,False,True,False,False,False,3,0.9999473756492117,99.99473756492117,True,90-100%,True
39e811f1-6126-437d-8703-c4b0cc5ef741.tmp,1545919291.0,4/6/18 15:15,Time Reversal Event,CreationTime : 2018-04-06 15:15:13 -> 2018-03-27 17:32:51(same as Preferences/ Preferences~RF2a180ce2.TMP),39e811f1-6126-437d-8703-c4b0cc5ef741.tmp,\Users\jcloudy\AppData\Local\Google\Chrome\User Data\Default\39e811f1-6126-437d-8703-c4b0cc5ef741.tmp,,,,,Update Resident Value,0x83A3,2.0,4/6/18 15:15,247353168.0,39e811f1-6126-437d-8703-c4b0cc5ef741.tmp,\Users\jcloudy\AppData\Local\Google\Chrome\User Data\Default\39e811f1-6126-437d-8703-c4b0cc5ef741.tmp,Basic_Info_Changed / File_Renamed_Old / Access_Right_Changed,Normal,Archive,,0x0036000000020E8D,0x000200000001906F,,,,3,3,True,True,1.0,False,39e811f1-6126-437d-8703-c4b0cc5ef741.tmp,\Users\jcloudy\AppData\Local\Google\Chrome\User Data\Default\39e811f1-6126-437d-8703-c4b0cc5ef741.tmp,False,False,False,False,0,True,False,True,False,False,False,False,True,False,False,False,False,False,False,False,False,False,False,9,40,True,True,False,False,False,True,False,False,False,True,False,False,False,True,False,False,False,3,0.9999473756492117,99.99473756492117,True,90-100%,True
3a9cdbbc-e7ce-4266-8d83-a42e3b4b6b5d.tmp,1548847987.0,4/6/18 16:26,Time Reversal Event,CreationTime : 2018-04-06 16:26:14 -> 2018-03-27 17:33:01(same as Local State),3a9cdbbc-e7ce-4266-8d83-a42e3b4b6b5d.tmp,\Users\jcloudy\AppData\Local\Google\Chrome\User Data\3a9cdbbc-e7ce-4266-8d83-a42e3b4b6b5d.tmp,,,,,Update Resident Value,0x5B8E,2.0,4/6/18 16:26,248045880.0,3a9cdbbc-e7ce-4266-8d83-a42e3b4b6b5d.tmp,\Users\jcloudy\AppData\Local\Google\Chrome\User Data\3a9cdbbc-e7ce-4266-8d83-a42e3b4b6b5d.tmp,Basic_Info_Changed / File_Renamed_Old / Access_Right_Changed,Normal,Archive,,0x0031000000016E39,0x0002000000019030,,,,3,3,True,True,1.0,False,3a9cdbbc-e7ce-4266-8d83-a42e3b4b6b5d.tmp,\Users\jcloudy\AppData\Local\Google\Chrome\User Data\3a9cdbbc-e7ce-4266-8d83-a42e3b4b6b5d.tmp,False,False,False,False,0,True,False,True,False,False,False,False,True,False,False,False,False,False,False,False,False,False,False,8,40,True,True,False,False,False,True,False,False,False,True,False,False,False,True,False,False,False,3,0.999969781695434,99.99697816954341,True,90-100%,True
3dbecb21-ae4a-4bd0-b197-c9a698665e74.tmp,1550752809.0,4/6/18 20:27,Time Reversal Event,CreationTime : 2018-04-06 20:27:30 -> 2018-03-27 17:33:13(same as TransportSecurity),3dbecb21-ae4a-4bd0-b197-c9a698665e74.tmp,\Users\jcloudy\AppData\Local\Google\Chrome\User Data\Default\3dbecb21-ae4a-4bd0-b197-c9a698665e74.tmp,,,,,Update Resident Value,0x875C,2.0,4/6/18 20:27,248892600.0,3dbecb21-ae4a-4bd0-b197-c9a698665e74.tmp,\Users\jcloudy\AppData\Local\Google\Chrome\User Data\Default\3dbecb21-ae4a-4bd0-b197-c9a698665e74.tmp,Basic_Info_Changed / File_Renamed_Old / Access_Right_Changed,Normal,Archive,,0x0009000000021D71,0x000200000001906F,,,,3,3,True,True,1.0,False,3dbecb21-ae4a-4bd0-b197-c9a698665e74.tmp,\Users\jcloudy\AppData\Local\Google\Chrome\User Data\Default\3dbecb21-ae4a-4bd0-b197-c9a698665e74.tmp,False,False,False,False,0,True,False,True,False,False,False,False,True,False,False,False,False,False,False,False,False,False,False,9,40,True,True,False,False,False,True,False,False,False,True,False,False,False,True,False,False,False,3,0.9999473756492117,99.99473756492117,True,90-100%,True
40bea7ba-f6e4-48c7-b59d-2de314ae0855.tmp,1561257448.0,4/6/18 20:42,Time Reversal Event,CreationTime : 2018-04-06 20:42:24 -> 2018-03-27 17:33:15(same as Network Persistent State),40bea7ba-f6e4-48c7-b59d-2de314ae0855.tmp,\Users\jcloudy\AppData\Local\Google\Chrome\User Data\Default\40bea7ba-f6e4-48c7-b59d-2de314ae0855.tmp,,,,,Update Resident Value,0x83E4,4.0,4/6/18 20:42,249667840.0,40bea7ba-f6e4-48c7-b59d-2de314ae0855.tmp,\Users\jcloudy\AppData\Local\Google\Chrome\User Data\Default\40bea7ba-f6e4-48c7-b59d-2de314ae0855.tmp,Basic_Info_Changed / File_Renamed_Old / Access_Right_Changed,Normal,Archive,,0x001B000000020F92,0x000200000001906F,,,,3,3,True,True,1.0,False,40bea7ba-f6e4-48c7-b59d-2de314ae0855.tmp,\Users\jcloudy\AppData\Local\Google\Chrome\User Data\Default\40bea7ba-f6e4-48c7-b59d-2de314ae0855.tmp,False,False,False,False,0,True,False,True,False,False,False,False,True,False,False,False,False,False,False,False,False,False,False,9,40,True,True,False,False,False,True,False,False,False,True,False,False,False,True,False,False,False,3,0.9999473756492117,99.99473756492117,True,90-100%,True
40da1443-b3ea-4be4-a9e9-409ec1fcf2dc.tmp,1550732770.0,4/6/18 20:27,Time Reversal Event,CreationTime : 2018-04-06 20:27:17 -> 2018-03-27 17:32:51(same as Preferences/ Preferences~RF2a180ce2.TMP),40da1443-b3ea-4be4-a9e9-409ec1fcf2dc.tmp,\Users\jcloudy\AppData\Local\Google\Chrome\User Data\Default\40da1443-b3ea-4be4-a9e9-409ec1fcf2dc.tmp,,,,,Update Resident Value,0x8988,2.0,4/6/18 20:27,248882912.0,40da1443-b3ea-4be4-a9e9-409ec1fcf2dc.tmp,\Users\jcloudy\AppData\Local\Google\Chrome\User Data\Default\40da1443-b3ea-4be4-a9e9-409ec1fcf2dc.tmp,Basic_Info_Changed / File_Renamed_Old / Access_Right_Changed,Normal,Archive,,0x0018000000022621,0x000200000001906F,,,,3,3,True,True,1.0,False,40da1443-b3ea-4be4-a9e9-409ec1fcf2dc.tmp,\Users\jcloudy\AppData\Local\Google\Chrome\User Data\Default\40da1443-b3ea-4be4-a9e9-409ec1fcf2dc.tmp,False,False,False,False,0,True,False,True,False,False,False,False,True,False,False,False,False,False,False,False,False,False,False,9,40,True,True,False,False,False,True,False,False,False,True,False,False,False,True,False,False,False,3,0.9999473756492117,99.99473756492117,True,90-100%,True
40f7289d-328b-4d28-baf0-bee0e111c5c0.tmp,1547340960.0,4/6/18 15:31,Time Reversal Event,CreationTime : 2018-04-06 15:31:46 -> 2018-03-27 17:33:15(same as Network Persistent State~RF319a3313.TMP/ Network Persistent State),40f7289d-328b-4d28-baf0-bee0e111c5c0.tmp,\Users\jcloudy\AppData\Local\Google\Chrome\User Data\Default\40f7289d-328b-4d28-baf0-bee0e111c5c0.tmp,,,,,Update Resident Value,0x46F0,4.0,4/6/18 15:31,247666048.0,40f7289d-328b-4d28-baf0-bee0e111c5c0.tmp,\Users\jcloudy\AppData\Local\Google\Chrome\User Data\Default\40f7289d-328b-4d28-baf0-bee0e111c5c0.tmp,Basic_Info_Changed / File_Renamed_Old / Access_Right_Changed,Normal,Archive,,0x0006000000011BC2,0x000200000001906F,,,,3,3,True,True,1.0,False,40f7289d-328b-4d28-baf0-bee0e111c5c0.tmp,\Users\jcloudy\AppData\Local\Google\Chrome\User Data\Default\40f7289d-328b-4d28-baf0-bee0e111c5c0.tmp,False,False,False,False,0,True,False,True,False,False,False,False,True,False,False,False,False,False,False,False,False,False,False,9,40,True,True,False,False,False,True,False,False,False,True,False,False,False,True,False,False,False,3,0.9999473756492117,99.99473756492117,True,90-100%,True
41c335eb-6dd0-4808-9529-568fe56eff82.tmp,1549019767.0,4/6/18 16:28,Time Reversal Event,CreationTime : 2018-04-06 16:28:41 -> 2018-03-27 17:33:13(same as TransportSecurity),41c335eb-6dd0-4808-9529-568fe56eff82.tmp,\Users\jcloudy\AppData\Local\Google\Chrome\User Data\Default\41c335eb-6dd0-4808-9529-568fe56eff82.tmp,,,,,Update Resident Value,0x8804,6.0,4/6/18 16:28,248107360.0,41c335eb-6dd0-4808-9529-568fe56eff82.tmp,\Users\jcloudy\AppData\Local\Google\Chrome\User Data\Default\41c335eb-6dd0-4808-9529-568fe56eff82.tmp,Basic_Info_Changed / File_Renamed_Old / Access_Right_Changed,Normal,Archive,,0x0017000000022013,0x000200000001906F,,,,3,3,True,True,1.0,False,41c335eb-6dd0-4808-9529-568fe56eff82.tmp,\Users\jcloudy\AppData\Local\Google\Chrome\User Data\Default\41c335eb-6dd0-4808-9529-568fe56eff82.tmp,False,False,False,False,0,True,False,True,False,False,False,False,True,False,False,False,False,False,False,False,False,False,False,9,40,True,True,False,False,False,True,False,False,False,True,False,False,False,True,False,False,False,3,0.9999473756492117,99.99473756492117,True,90-100%,True
4210b319-4147-428b-9186-56ff6448a3c1.tmp,1548761022.0,4/6/18 16:25,Time Reversal Event,CreationTime : 2018-04-06 16:25:36 -> 2018-03-27 17:33:13(same as TransportSecurity),4210b319-4147-428b-9186-56ff6448a3c1.tmp,\Users\jcloudy\AppData\Local\Google\Chrome\User Data\Default\4210b319-4147-428b-9186-56ff6448a3c1.tmp,,,,,Update Resident Value,0x82EB,2.0,4/6/18 16:25,248006080.0,4210b319-4147-428b-9186-56ff6448a3c1.tmp,\Users\jcloudy\AppData\Local\Google\Chrome\User Data\Default\4210b319-4147-428b-9186-56ff6448a3c1.tmp,Basic_Info_Changed / File_Renamed_Old / Access_Right_Changed,Normal,Archive,,0x0014000000020BAD,0x000200000001906F,,,,3,3,True,True,1.0,False,4210b319-4147-428b-9186-56ff6448a3c1.tmp,\Users\jcloudy\AppData\Local\Google\Chrome\User Data\Default\4210b319-4147-428b-9186-56ff6448a3c1.tmp,False,False,False,False,0,True,False,True,False,False,False,False,True,False,False,False,False,False,False,False,False,False,False,9,40,True,True,False,False,False,True,False,False,False,True,False,False,False,True,False,False,False,3,0.9999473756492117,99.99473756492117,True,90-100%,True
4248d2c6-3406-4509-a26e-fb406052a869.tmp,1545283565.0,4/6/18 15:08,Time Reversal Event,CreationTime : 2018-04-06 15:08:36 -> 2018-03-27 17:33:01(same as Local State),4248d2c6-3406-4509-a26e-fb406052a869.tmp,\Users\jcloudy\AppData\Local\Google\Chrome\User Data\4248d2c6-3406-4509-a26e-fb406052a869.tmp,,,,,Update Resident Value,0x83A3,2.0,4/6/18 15:08,247217976.0,4248d2c6-3406-4509-a26e-fb406052a869.tmp,\Users\jcloudy\AppData\Local\Google\Chrome\User Data\4248d2c6-3406-4509-a26e-fb406052a869.tmp,Basic_Info_Changed / File_Renamed_Old / Access_Right_Changed,Normal,Archive,,0x001D000000020E8D,0x0002000000019030,,,,3,3,True,True,1.0,False,4248d2c6-3406-4509-a26e-fb406052a869.tmp,\Users\jcloudy\AppData\Local\Google\Chrome\User Data\4248d2c6-3406-4509-a26e-fb406052a869.tmp,False,False,False,False,0,True,False,True,False,False,False,False,True,False,False,False,False,False,False,False,False,False,False,8,40,True,True,False,False,False,True,False,False,False,True,False,False,False,True,False,False,False,3,0.999969781695434,99.99697816954341,True,90-100%,True
447ea405-7e30-4e88-93d4-57cd5b79da9b.tmp,1547297669.0,4/6/18 15:31,Time Reversal Event,CreationTime : 2018-04-06 15:31:01 -> 2018-03-27 17:32:51(same as Preferences/ Preferences~RF2a180ce2.TMP),447ea405-7e30-4e88-93d4-57cd5b79da9b.tmp,\Users\jcloudy\AppData\Local\Google\Chrome\User Data\Default\447ea405-7e30-4e88-93d4-57cd5b79da9b.tmp,,,,,Update Resident Value,0x46F2,4.0,4/6/18 15:31,247658928.0,447ea405-7e30-4e88-93d4-57cd5b79da9b.tmp,\Users\jcloudy\AppData\Local\Google\Chrome\User Data\Default\447ea405-7e30-4e88-93d4-57cd5b79da9b.tmp,Basic_Info_Changed / File_Renamed_Old / Access_Right_Changed,Normal,Archive,,0x0020000000011BCA,0x000200000001906F,,,,3,3,True,True,1.0,False,447ea405-7e30-4e88-93d4-57cd5b79da9b.tmp,\Users\jcloudy\AppData\Local\Google\Chrome\User Data\Default\447ea405-7e30-4e88-93d4-57cd5b79da9b.tmp,False,False,False,False,0,True,False,True,False,False,False,False,True,False,False,False,False,False,False,False,False,False,False,9,40,True,True,False,False,False,True,False,False,False,True,False,False,False,True,False,False,False,3,0.9999473756492117,99.99473756492117,True,90-100%,True
4603f86a-317f-4196-a273-05304877d2b8.tmp,1549231009.0,4/6/18 16:30,Time Reversal Event,CreationTime : 2018-04-06 16:30:55 -> 2018-03-27 17:33:13(same as TransportSecurity),4603f86a-317f-4196-a273-05304877d2b8.tmp,\Users\jcloudy\AppData\Local\Google\Chrome\User Data\Default\4603f86a-317f-4196-a273-05304877d2b8.tmp,,,,,Update Resident Value,0x881D,4.0,4/6/18 16:30,248170624.0,4603f86a-317f-4196-a273-05304877d2b8.tmp,\Users\jcloudy\AppData\Local\Google\Chrome\User Data\Default\4603f86a-317f-4196-a273-05304877d2b8.tmp,Basic_Info_Changed / File_Renamed_Old / Access_Right_Changed,Normal,Archive,,0x0009000000022076,0x000200000001906F,,,,3,3,True,True,1.0,False,4603f86a-317f-4196-a273-05304877d2b8.tmp,\Users\jcloudy\AppData\Local\Google\Chrome\User Data\Default\4603f86a-317f-4196-a273-05304877d2b8.tmp,False,False,False,False,0,True,False,True,False,False,False,False,True,False,False,False,False,False,False,False,False,False,False,9,40,True,True,False,False,False,True,False,False,False,True,False,False,False,True,False,False,False,3,0.9999473756492117,99.99473756492117,True,90-100%,True
4690b297-e1e5-4af7-ab0c-17dba454a08e.tmp,1545832709.0,4/6/18 15:14,Time Reversal Event,CreationTime : 2018-04-06 15:14:21 -> 2018-03-27 17:33:15(same as Network Persistent State~RF319a3313.TMP/ Network Persistent State),4690b297-e1e5-4af7-ab0c-17dba454a08e.tmp,\Users\jcloudy\AppData\Local\Google\Chrome\User Data\Default\4690b297-e1e5-4af7-ab0c-17dba454a08e.tmp,,,,,Update Resident Value,0x598D,0.0,4/6/18 15:14,247334872.0,4690b297-e1e5-4af7-ab0c-17dba454a08e.tmp,\Users\jcloudy\AppData\Local\Google\Chrome\User Data\Default\4690b297-e1e5-4af7-ab0c-17dba454a08e.tmp,Basic_Info_Changed / File_Renamed_Old / Access_Right_Changed,Normal,Archive,,0x0027000000016634,0x000200000001906F,,,,3,3,True,True,1.0,False,4690b297-e1e5-4af7-ab0c-17dba454a08e.tmp,\Users\jcloudy\AppData\Local\Google\Chrome\User Data\Default\4690b297-e1e5-4af7-ab0c-17dba454a08e.tmp,False,False,False,False,0,True,False,True,False,False,False,False,True,False,False,False,False,False,False,False,False,False,False,9,40,True,True,False,False,False,True,False,False,False,True,False,False,False,True,False,False,False,3,0.9999473756492117,99.99473756492117,True,90-100%,True
478b80c3-1b70-4c77-84a0-040c93e5e3b9.tmp,1550579627.0,4/6/18 20:26,Time Reversal Event,CreationTime : 2018-04-06 20:26:29 -> 2018-03-27 17:33:13(same as TransportSecurity),478b80c3-1b70-4c77-84a0-040c93e5e3b9.tmp,\Users\jcloudy\AppData\Local\Google\Chrome\User Data\Default\478b80c3-1b70-4c77-84a0-040c93e5e3b9.tmp,,,,,Update Resident Value,0x8867,0.0,4/6/18 20:26,248826176.0,478b80c3-1b70-4c77-84a0-040c93e5e3b9.tmp,\Users\jcloudy\AppData\Local\Google\Chrome\User Data\Default\478b80c3-1b70-4c77-84a0-040c93e5e3b9.tmp,Basic_Info_Changed / File_Renamed_Old / Access_Right_Changed,Normal,Archive,,0x000800000002219C,0x000200000001906F,,,,3,3,True,True,1.0,False,478b80c3-1b70-4c77-84a0-040c93e5e3b9.tmp,\Users\jcloudy\AppData\Local\Google\Chrome\User Data\Default\478b80c3-1b70-4c77-84a0-040c93e5e3b9.tmp,False,False,False,False,0,True,False,True,False,False,False,False,True,False,False,False,False,False,False,False,False,False,False,9,40,True,True,False,False,False,True,False,False,False,True,False,False,False,True,False,False,False,3,0.9999473756492117,99.99473756492117,True,90-100%,True
47a03e3f-e3f0-4454-a74a-9c39198b1134.tmp,1561073956.0,4/6/18 20:39,Time Reversal Event,CreationTime : 2018-04-06 20:39:11 -> 2018-03-27 17:33:13(same as TransportSecurity),47a03e3f-e3f0-4454-a74a-9c39198b1134.tmp,\Users\jcloudy\AppData\Local\Google\Chrome\User Data\Default\47a03e3f-e3f0-4454-a74a-9c39198b1134.tmp,,,,,Update Resident Value,0x88B8,6.0,4/6/18 20:39,249628944.0,47a03e3f-e3f0-4454-a74a-9c39198b1134.tmp,\Users\jcloudy\AppData\Local\Google\Chrome\User Data\Default\47a03e3f-e3f0-4454-a74a-9c39198b1134.tmp,Basic_Info_Changed / File_Renamed_Old / Access_Right_Changed,Normal,Archive,,0x001F0000000222E3,0x000200000001906F,,,,3,3,True,True,1.0,False,47a03e3f-e3f0-4454-a74a-9c39198b1134.tmp,\Users\jcloudy\AppData\Local\Google\Chrome\User Data\Default\47a03e3f-e3f0-4454-a74a-9c39198b1134.tmp,False,False,False,False,0,True,False,True,False,False,False,False,True,False,False,False,False,False,False,False,False,False,False,9,40,True,True,False,False,False,True,False,False,False,True,False,False,False,True,False,False,False,3,0.9999473756492117,99.99473756492117,True,90-100%,True
499448b3-3d17-48c5-bbc1-f645a31a7652.tmp,1545155835.0,4/6/18 15:07,Time Reversal Event,CreationTime : 2018-04-06 15:07:15 -> 2018-03-27 17:32:51(same as Preferences/ Preferences~RF2a180ce2.TMP),499448b3-3d17-48c5-bbc1-f645a31a7652.tmp,\Users\jcloudy\AppData\Local\Google\Chrome\User Data\Default\499448b3-3d17-48c5-bbc1-f645a31a7652.tmp,,,,,Update Resident Value,0x846D,4.0,4/6/18 15:07,247197136.0,499448b3-3d17-48c5-bbc1-f645a31a7652.tmp,\Users\jcloudy\AppData\Local\Google\Chrome\User Data\Default\499448b3-3d17-48c5-bbc1-f645a31a7652.tmp,Basic_Info_Changed / File_Renamed_Old / Access_Right_Changed,Normal,Archive,,0x00220000000211B6,0x000200000001906F,,,,3,3,True,True,1.0,False,499448b3-3d17-48c5-bbc1-f645a31a7652.tmp,\Users\jcloudy\AppData\Local\Google\Chrome\User Data\Default\499448b3-3d17-48c5-bbc1-f645a31a7652.tmp,False,False,False,False,0,True,False,True,False,False,False,False,True,False,False,False,False,False,False,False,False,False,False,9,40,True,True,False,False,False,True,False,False,False,True,False,False,False,True,False,False,False,3,0.9999473756492117,99.99473756492117,True,90-100%,True
4dbb7ecc-5aa0-4f59-adc1-e16664ee5749.tmp,1545542215.0,4/6/18 15:11,Time Reversal Event,CreationTime : 2018-04-06 15:11:23 -> 2018-03-27 17:33:13(same as TransportSecurity),4dbb7ecc-5aa0-4f59-adc1-e16664ee5749.tmp,\Users\jcloudy\AppData\Local\Google\Chrome\User Data\Default\4dbb7ecc-5aa0-4f59-adc1-e16664ee5749.tmp,,,,,Update Resident Value,0x846D,4.0,4/6/18 15:11,247271648.0,4dbb7ecc-5aa0-4f59-adc1-e16664ee5749.tmp,\Users\jcloudy\AppData\Local\Google\Chrome\User Data\Default\4dbb7ecc-5aa0-4f59-adc1-e16664ee5749.tmp,Basic_Info_Changed / File_Renamed_Old / Access_Right_Changed,Normal,Archive,,0x00360000000211B6,0x000200000001906F,,,,3,3,True,True,1.0,False,4dbb7ecc-5aa0-4f59-adc1-e16664ee5749.tmp,\Users\jcloudy\AppData\Local\Google\Chrome\User Data\Default\4dbb7ecc-5aa0-4f59-adc1-e16664ee5749.tmp,False,False,False,False,0,True,False,True,False,False,False,False,True,False,False,False,False,False,False,False,False,False,False,9,40,True,True,False,False,False,True,False,False,False,True,False,False,False,True,False,False,False,3,0.9999473756492117,99.99473756492117,True,90-100%,True
4ddeb532-406a-44e8-9838-5c12297f1d9b.tmp,1549225429.0,4/6/18 16:30,Time Reversal Event,CreationTime : 2018-04-06 16:30:53 -> 2018-03-27 17:33:01(same as Local State),4ddeb532-406a-44e8-9838-5c12297f1d9b.tmp,\Users\jcloudy\AppData\Local\Google\Chrome\User Data\4ddeb532-406a-44e8-9838-5c12297f1d9b.tmp,,,,,Update Resident Value,0x881A,2.0,4/6/18 16:30,248167512.0,4ddeb532-406a-44e8-9838-5c12297f1d9b.tmp,\Users\jcloudy\AppData\Local\Google\Chrome\User Data\4ddeb532-406a-44e8-9838-5c12297f1d9b.tmp,Basic_Info_Changed / File_Renamed_Old / Access_Right_Changed,Normal,Archive,,0x0008000000022069,0x0002000000019030,,,,3,3,True,True,1.0,False,4ddeb532-406a-44e8-9838-5c12297f1d9b.tmp,\Users\jcloudy\AppData\Local\Google\Chrome\User Data\4ddeb532-406a-44e8-9838-5c12297f1d9b.tmp,False,False,False,False,0,True,False,True,False,False,False,False,True,False,False,False,False,False,False,False,False,False,False,8,40,True,True,False,False,False,True,False,False,False,True,False,False,False,True,False,False,False,3,0.999969781695434,99.99697816954341,True,90-100%,True
4e364da1-1c56-44ab-853f-f0f6380dfd1a.tmp,1545871559.0,4/6/18 15:14,Time Reversal Event,CreationTime : 2018-04-06 15:14:43 -> 2018-03-27 17:33:01(same as Local State),4e364da1-1c56-44ab-853f-f0f6380dfd1a.tmp,\Users\jcloudy\AppData\Local\Google\Chrome\User Data\4e364da1-1c56-44ab-853f-f0f6380dfd1a.tmp,,,,,Update Resident Value,0x82CD,0.0,4/6/18 15:14,247340496.0,4e364da1-1c56-44ab-853f-f0f6380dfd1a.tmp,\Users\jcloudy\AppData\Local\Google\Chrome\User Data\4e364da1-1c56-44ab-853f-f0f6380dfd1a.tmp,Basic_Info_Changed / File_Renamed_Old / Access_Right_Changed,Normal,Archive,,0x005C000000020B34,0x0002000000019030,,,,3,3,True,True,1.0,False,4e364da1-1c56-44ab-853f-f0f6380dfd1a.tmp,\Users\jcloudy\AppData\Local\Google\Chrome\User Data\4e364da1-1c56-44ab-853f-f0f6380dfd1a.tmp,False,False,False,False,0,True,False,True,False,False,False,False,True,False,False,False,False,False,False,False,False,False,False,8,40,True,True,False,False,False,True,False,False,False,True,False,False,False,True,False,False,False,3,0.999969781695434,99.99697816954341,True,90-100%,True
5049a142-8d77-4973-8dd8-17b5222c62df.tmp,1549413854.0,4/6/18 16:32,Time Reversal Event,CreationTime : 2018-04-06 16:32:55 -> 2018-03-27 17:33:13(same as TransportSecurity),5049a142-8d77-4973-8dd8-17b5222c62df.tmp,\Users\jcloudy\AppData\Local\Google\Chrome\User Data\Default\5049a142-8d77-4973-8dd8-17b5222c62df.tmp,,,,,Update Resident Value,0x881D,4.0,4/6/18 16:32,248237344.0,5049a142-8d77-4973-8dd8-17b5222c62df.tmp,\Users\jcloudy\AppData\Local\Google\Chrome\User Data\Default\5049a142-8d77-4973-8dd8-17b5222c62df.tmp,Basic_Info_Changed / File_Renamed_Old / Access_Right_Changed,Normal,Archive,,0x000B000000022076,0x000200000001906F,,,,3,3,True,True,1.0,False,5049a142-8d77-4973-8dd8-17b5222c62df.tmp,\Users\jcloudy\AppData\Local\Google\Chrome\User Data\Default\5049a142-8d77-4973-8dd8-17b5222c62df.tmp,False,False,False,False,0,True,False,True,False,False,False,False,True,False,False,False,False,False,False,False,False,False,False,9,40,True,True,False,False,False,True,False,False,False,True,False,False,False,True,False,False,False,3,0.9999473756492117,99.99473756492117,True,90-100%,True
508f9db1-3c6a-497f-9923-8cd31fe66e39.tmp,1545952336.0,4/6/18 15:15,Time Reversal Event,CreationTime : 2018-04-06 15:15:28 -> 2018-03-27 17:33:15(same as Network Persistent State~RF319a3313.TMP/ Network Persistent State),508f9db1-3c6a-497f-9923-8cd31fe66e39.tmp,\Users\jcloudy\AppData\Local\Google\Chrome\User Data\Default\508f9db1-3c6a-497f-9923-8cd31fe66e39.tmp,,,,,Update Resident Value,0x846D,4.0,4/6/18 15:15,247361536.0,508f9db1-3c6a-497f-9923-8cd31fe66e39.tmp,\Users\jcloudy\AppData\Local\Google\Chrome\User Data\Default\508f9db1-3c6a-497f-9923-8cd31fe66e39.tmp,Basic_Info_Changed / File_Renamed_Old / Access_Right_Changed,Normal,Archive,,0x00490000000211B6,0x000200000001906F,,,,3,3,True,True,1.0,False,508f9db1-3c6a-497f-9923-8cd31fe66e39.tmp,\Users\jcloudy\AppData\Local\Google\Chrome\User Data\Default\508f9db1-3c6a-497f-9923-8cd31fe66e39.tmp,False,False,False,False,0,True,False,True,False,False,False,False,True,False,False,False,False,False,False,False,False,False,False,9,40,True,True,False,False,False,True,False,False,False,True,False,False,False,True,False,False,False,3,0.9999473756492117,99.99473756492117,True,90-100%,True
50bbd708-f3af-47b0-8e2a-9db98312c681.tmp,1548881971.0,4/6/18 16:26,Time Reversal Event,CreationTime : 2018-04-06 16:26:58 -> 2018-03-27 17:33:15(same as Network Persistent State),50bbd708-f3af-47b0-8e2a-9db98312c681.tmp,\Users\jcloudy\AppData\Local\Google\Chrome\User Data\Default\50bbd708-f3af-47b0-8e2a-9db98312c681.tmp,,,,,Update Resident Value,0x83E4,4.0,4/6/18 16:26,248063504.0,50bbd708-f3af-47b0-8e2a-9db98312c681.tmp,\Users\jcloudy\AppData\Local\Google\Chrome\User Data\Default\50bbd708-f3af-47b0-8e2a-9db98312c681.tmp,Basic_Info_Changed / File_Renamed_Old / Access_Right_Changed,Normal,Archive,,0x0009000000020F92,0x000200000001906F,,,,3,3,True,True,1.0,False,50bbd708-f3af-47b0-8e2a-9db98312c681.tmp,\Users\jcloudy\AppData\Local\Google\Chrome\User Data\Default\50bbd708-f3af-47b0-8e2a-9db98312c681.tmp,False,False,False,False,0,True,False,True,False,False,False,False,True,False,False,False,False,False,False,False,False,False,False,9,40,True,True,False,False,False,True,False,False,False,True,False,False,False,True,False,False,False,3,0.9999473756492117,99.99473756492117,True,90-100%,True
531fc9e8-a004-4a13-b4a6-5f48cf1fcd2a.tmp,1560931336.0,4/6/18 20:36,Time Reversal Event,CreationTime : 2018-04-06 20:36:49 -> 2018-03-27 17:33:15(same as Network Persistent State~RF319a3313.TMP),531fc9e8-a004-4a13-b4a6-5f48cf1fcd2a.tmp,\Users\jcloudy\AppData\Local\Google\Chrome\User Data\Default\531fc9e8-a004-4a13-b4a6-5f48cf1fcd2a.tmp,,,,,Update Resident Value,0x88B8,6.0,4/6/18 20:36,249594832.0,531fc9e8-a004-4a13-b4a6-5f48cf1fcd2a.tmp,\Users\jcloudy\AppData\Local\Google\Chrome\User Data\Default\531fc9e8-a004-4a13-b4a6-5f48cf1fcd2a.tmp,Basic_Info_Changed / File_Renamed_Old / Access_Right_Changed,Normal,Archive,,0x00180000000222E3,0x000200000001906F,,,,3,3,True,True,1.0,False,531fc9e8-a004-4a13-b4a6-5f48cf1fcd2a.tmp,\Users\jcloudy\AppData\Local\Google\Chrome\User Data\Default\531fc9e8-a004-4a13-b4a6-5f48cf1fcd2a.tmp,False,False,False,False,0,True,False,True,False,False,False,False,True,False,False,False,False,False,False,False,False,False,False,9,40,True,True,False,False,False,True,False,False,False,True,False,False,False,True,False,False,False,3,0.9999473756492117,99.99473756492117,True,90-100%,True
538e24ed-7734-45d1-8507-7a055503c5da.tmp,1551006249.0,4/6/18 20:31,Time Reversal Event,CreationTime : 2018-04-06 20:31:33 -> 2018-03-27 17:33:13(same as TransportSecurity),538e24ed-7734-45d1-8507-7a055503c5da.tmp,\Users\jcloudy\AppData\Local\Google\Chrome\User Data\Default\538e24ed-7734-45d1-8507-7a055503c5da.tmp,,,,,Update Resident Value,0x88B8,6.0,4/6/18 20:31,248950368.0,538e24ed-7734-45d1-8507-7a055503c5da.tmp,\Users\jcloudy\AppData\Local\Google\Chrome\User Data\Default\538e24ed-7734-45d1-8507-7a055503c5da.tmp,Basic_Info_Changed / File_Renamed_Old / Access_Right_Changed,Normal,Archive,,0x00170000000222E3,0x000200000001906F,,,,3,3,True,True,1.0,False,538e24ed-7734-45d1-8507-7a055503c5da.tmp,\Users\jcloudy\AppData\Local\Google\Chrome\User Data\Default\538e24ed-7734-45d1-8507-7a055503c5da.tmp,False,False,False,False,0,True,False,True,False,False,False,False,True,False,False,False,False,False,False,False,False,False,False,9,40,True,True,False,False,False,True,False,False,False,True,False,False,False,True,False,False,False,3,0.9999473756492117,99.99473756492117,True,90-100%,True
54ceebeb-7739-4543-89fb-ef3026482077.tmp,1548815586.0,4/6/18 16:25,Time Reversal Event,CreationTime : 2018-04-06 16:25:57 -> 2018-03-27 17:33:15(same as Network Persistent State~RF319a3313.TMP/ Network Persistent State),54ceebeb-7739-4543-89fb-ef3026482077.tmp,\Users\jcloudy\AppData\Local\Google\Chrome\User Data\Default\54ceebeb-7739-4543-89fb-ef3026482077.tmp,,,,,Update Resident Value,0x86C9,0.0,4/6/18 16:25,248030736.0,54ceebeb-7739-4543-89fb-ef3026482077.tmp,\Users\jcloudy\AppData\Local\Google\Chrome\User Data\Default\54ceebeb-7739-4543-89fb-ef3026482077.tmp,Basic_Info_Changed / File_Renamed_Old / Access_Right_Changed,Normal,Archive,,0x0003000000021B24,0x000200000001906F,,,,3,3,True,True,1.0,False,54ceebeb-7739-4543-89fb-ef3026482077.tmp,\Users\jcloudy\AppData\Local\Google\Chrome\User Data\Default\54ceebeb-7739-4543-89fb-ef3026482077.tmp,False,False,False,False,0,True,False,True,False,False,False,False,True,False,False,False,False,False,False,False,False,False,False,9,40,True,True,False,False,False,True,False,False,False,True,False,False,False,True,False,False,False,3,0.9999473756492117,99.99473756492117,True,90-100%,True
5502a742-4b44-48cc-ab41-025e656be699.tmp,1545320873.0,4/6/18 15:08,Time Reversal Event,CreationTime : 2018-04-06 15:08:51 -> 2018-03-27 17:33:01(same as Local State),5502a742-4b44-48cc-ab41-025e656be699.tmp,\Users\jcloudy\AppData\Local\Google\Chrome\User Data\5502a742-4b44-48cc-ab41-025e656be699.tmp,,,,,Update Resident Value,0x1BA,2.0,4/6/18 15:08,247225688.0,5502a742-4b44-48cc-ab41-025e656be699.tmp,\Users\jcloudy\AppData\Local\Google\Chrome\User Data\5502a742-4b44-48cc-ab41-025e656be699.tmp,Basic_Info_Changed / File_Renamed_Old / Access_Right_Changed,Normal,Archive,,0x00A20000000006E9,0x0002000000019030,,,,3,3,True,True,1.0,False,5502a742-4b44-48cc-ab41-025e656be699.tmp,\Users\jcloudy\AppData\Local\Google\Chrome\User Data\5502a742-4b44-48cc-ab41-025e656be699.tmp,False,False,False,False,0,True,False,True,False,False,False,False,True,False,False,False,False,False,False,False,False,False,False,8,40,True,True,False,False,False,True,False,False,False,True,False,False,False,True,False,False,False,3,0.999969781695434,99.99697816954341,True,90-100%,True
555ad7f9-786b-441a-93b3-c8166e16e1e3.tmp,1546101779.0,4/6/18 15:16,Time Reversal Event,CreationTime : 2018-04-06 15:16:46 -> 2018-03-27 17:32:51(same as Preferences/ Preferences~RF2a180ce2.TMP),555ad7f9-786b-441a-93b3-c8166e16e1e3.tmp,\Users\jcloudy\AppData\Local\Google\Chrome\User Data\Default\555ad7f9-786b-441a-93b3-c8166e16e1e3.tmp,,,,,Update Resident Value,0x8974,6.0,4/6/18 15:16,247392688.0,555ad7f9-786b-441a-93b3-c8166e16e1e3.tmp,\Users\jcloudy\AppData\Local\Google\Chrome\User Data\Default\555ad7f9-786b-441a-93b3-c8166e16e1e3.tmp,Basic_Info_Changed / File_Renamed_Old / Access_Right_Changed,Normal,Archive,,0x009E0000000225D3,0x000200000001906F,,,,3,3,True,True,1.0,False,555ad7f9-786b-441a-93b3-c8166e16e1e3.tmp,\Users\jcloudy\AppData\Local\Google\Chrome\User Data\Default\555ad7f9-786b-441a-93b3-c8166e16e1e3.tmp,False,False,False,False,0,True,False,True,False,False,False,False,True,False,False,False,False,False,False,False,False,False,False,9,40,True,True,False,False,False,True,False,False,False,True,False,False,False,True,False,False,False,3,0.9999473756492117,99.99473756492117,True,90-100%,True
56f901c9-5212-46b5-91b3-2db48e7a7eb8.tmp,1545286717.0,4/6/18 15:08,Time Reversal Event,CreationTime : 2018-04-06 15:08:36 -> 2018-03-27 17:32:51(same as Preferences/ Preferences~RF2a180ce2.TMP),56f901c9-5212-46b5-91b3-2db48e7a7eb8.tmp,\Users\jcloudy\AppData\Local\Google\Chrome\User Data\Default\56f901c9-5212-46b5-91b3-2db48e7a7eb8.tmp,,,,,Update Resident Value,0x8974,6.0,4/6/18 15:08,247219544.0,56f901c9-5212-46b5-91b3-2db48e7a7eb8.tmp,\Users\jcloudy\AppData\Local\Google\Chrome\User Data\Default\56f901c9-5212-46b5-91b3-2db48e7a7eb8.tmp,Basic_Info_Changed / File_Renamed_Old / Access_Right_Changed,Normal,Archive,,0x008B0000000225D3,0x000200000001906F,,,,3,3,True,True,1.0,False,56f901c9-5212-46b5-91b3-2db48e7a7eb8.tmp,\Users\jcloudy\AppData\Local\Google\Chrome\User Data\Default\56f901c9-5212-46b5-91b3-2db48e7a7eb8.tmp,False,False,False,False,0,True,False,True,False,False,False,False,True,False,False,False,False,False,False,False,False,False,False,9,40,True,True,False,False,False,True,False,False,False,True,False,False,False,True,False,False,False,3,0.9999473756492117,99.99473756492117,True,90-100%,True
57a7b4f8-5e11-49cf-9a44-bfb047c38d50.tmp,1547848075.0,4/6/18 15:41,Time Reversal Event,CreationTime : 2018-04-06 15:41:48 -> 2018-03-27 17:33:13(same as TransportSecurity),57a7b4f8-5e11-49cf-9a44-bfb047c38d50.tmp,\Users\jcloudy\AppData\Local\Google\Chrome\User Data\Default\57a7b4f8-5e11-49cf-9a44-bfb047c38d50.tmp,,,,,Update Resident Value,0x4342,4.0,4/6/18 15:41,247744608.0,57a7b4f8-5e11-49cf-9a44-bfb047c38d50.tmp,\Users\jcloudy\AppData\Local\Google\Chrome\User Data\Default\57a7b4f8-5e11-49cf-9a44-bfb047c38d50.tmp,Basic_Info_Changed / File_Renamed_Old / Access_Right_Changed,Normal,Archive,,0x0013000000010D0A,0x000200000001906F,,,,3,3,True,True,1.0,False,57a7b4f8-5e11-49cf-9a44-bfb047c38d50.tmp,\Users\jcloudy\AppData\Local\Google\Chrome\User Data\Default\57a7b4f8-5e11-49cf-9a44-bfb047c38d50.tmp,False,False,False,False,0,True,False,True,False,False,False,False,True,False,False,False,False,False,False,False,False,False,False,9,40,True,True,False,False,False,True,False,False,False,True,False,False,False,True,False,False,False,3,0.9999473756492117,99.99473756492117,True,90-100%,True
5989dcdd-d5db-4dc9-84f0-fb63d55493d2.tmp,1547073871.0,4/6/18 15:26,Time Reversal Event,CreationTime : 2018-04-06 15:26:43 -> 2018-03-27 17:33:13(same as TransportSecurity),5989dcdd-d5db-4dc9-84f0-fb63d55493d2.tmp,\Users\jcloudy\AppData\Local\Google\Chrome\User Data\Default\5989dcdd-d5db-4dc9-84f0-fb63d55493d2.tmp,,,,,Update Resident Value,0x1BA,2.0,4/6/18 15:26,247621056.0,5989dcdd-d5db-4dc9-84f0-fb63d55493d2.tmp,\Users\jcloudy\AppData\Local\Google\Chrome\User Data\Default\5989dcdd-d5db-4dc9-84f0-fb63d55493d2.tmp,Basic_Info_Changed / File_Renamed_Old / Access_Right_Changed,Normal,Archive,,0x00BB0000000006E9,0x000200000001906F,,,,3,3,True,True,1.0,False,5989dcdd-d5db-4dc9-84f0-fb63d55493d2.tmp,\Users\jcloudy\AppData\Local\Google\Chrome\User Data\Default\5989dcdd-d5db-4dc9-84f0-fb63d55493d2.tmp,False,False,False,False,0,True,False,True,False,False,False,False,True,False,False,False,False,False,False,False,False,False,False,9,40,True,True,False,False,False,True,False,False,False,True,False,False,False,True,False,False,False,3,0.9999473756492117,99.99473756492117,True,90-100%,True
5a1c168d-366f-446d-beac-baebad283362.tmp,1545656455.0,4/6/18 15:12,Time Reversal Event,CreationTime : 2018-04-06 15:12:24 -> 2018-03-27 17:33:01(same as Local State),5a1c168d-366f-446d-beac-baebad283362.tmp,\Users\jcloudy\AppData\Local\Google\Chrome\User Data\5a1c168d-366f-446d-beac-baebad283362.tmp,,,,,Update Resident Value,0x83EF,0.0,4/6/18 15:12,247300296.0,5a1c168d-366f-446d-beac-baebad283362.tmp,\Users\jcloudy\AppData\Local\Google\Chrome\User Data\5a1c168d-366f-446d-beac-baebad283362.tmp,Basic_Info_Changed / File_Renamed_Old / Access_Right_Changed,Normal,Archive,,0x0042000000020FBC,0x0002000000019030,,,,3,3,True,True,1.0,False,5a1c168d-366f-446d-beac-baebad283362.tmp,\Users\jcloudy\AppData\Local\Google\Chrome\User Data\5a1c168d-366f-446d-beac-baebad283362.tmp,False,False,False,False,0,True,False,True,False,False,False,False,True,False,False,False,False,False,False,False,False,False,False,8,40,True,True,False,False,False,True,False,False,False,True,False,False,False,True,False,False,False,3,0.999969781695434,99.99697816954341,True,90-100%,True
5b093981-2a5d-4529-baec-f379a323046a.tmp,1561097407.0,4/6/18 20:39,Time Reversal Event,CreationTime : 2018-04-06 20:39:35 -> 2018-03-27 17:33:15(same as Network Persistent State~RF319a3313.TMP/ Network Persistent State),5b093981-2a5d-4529-baec-f379a323046a.tmp,\Users\jcloudy\AppData\Local\Google\Chrome\User Data\Default\5b093981-2a5d-4529-baec-f379a323046a.tmp,,,,,Update Resident Value,0x89A2,2.0,4/6/18 20:39,249634816.0,5b093981-2a5d-4529-baec-f379a323046a.tmp,\Users\jcloudy\AppData\Local\Google\Chrome\User Data\Default\5b093981-2a5d-4529-baec-f379a323046a.tmp,Basic_Info_Changed / File_Renamed_Old / Access_Right_Changed,Normal,Archive,,0x000B000000022689,0x000200000001906F,,,,3,3,True,True,1.0,False,5b093981-2a5d-4529-baec-f379a323046a.tmp,\Users\jcloudy\AppData\Local\Google\Chrome\User Data\Default\5b093981-2a5d-4529-baec-f379a323046a.tmp,False,False,False,False,0,True,False,True,False,False,False,False,True,False,False,False,False,False,False,False,False,False,False,9,40,True,True,False,False,False,True,False,False,False,True,False,False,False,True,False,False,False,3,0.9999473756492117,99.99473756492117,True,90-100%,True
5b1c568a-841b-4cc9-aa84-b7adb551092d.tmp,1551003188.0,4/6/18 20:31,Time Reversal Event,CreationTime : 2018-04-06 20:31:33 -> 2018-03-27 17:33:15(same as Network Persistent State~RF319a3313.TMP/ Network Persistent State),5b1c568a-841b-4cc9-aa84-b7adb551092d.tmp,\Users\jcloudy\AppData\Local\Google\Chrome\User Data\Default\5b1c568a-841b-4cc9-aa84-b7adb551092d.tmp,,,,,Update Resident Value,0x88B6,0.0,4/6/18 20:31,248948240.0,5b1c568a-841b-4cc9-aa84-b7adb551092d.tmp,\Users\jcloudy\AppData\Local\Google\Chrome\User Data\Default\5b1c568a-841b-4cc9-aa84-b7adb551092d.tmp,Basic_Info_Changed / File_Renamed_Old / Access_Right_Changed,Normal,Archive,,0x000A0000000222D8,0x000200000001906F,,,,3,3,True,True,1.0,False,5b1c568a-841b-4cc9-aa84-b7adb551092d.tmp,\Users\jcloudy\AppData\Local\Google\Chrome\User Data\Default\5b1c568a-841b-4cc9-aa84-b7adb551092d.tmp,False,False,False,False,0,True,False,True,False,False,False,False,True,False,False,False,False,False,False,False,False,False,False,9,40,True,True,False,False,False,True,False,False,False,True,False,False,False,True,False,False,False,3,0.9999473756492117,99.99473756492117,True,90-100%,True
5d46c71b-fc78-4b40-b698-e14788d273d5.tmp,1550748985.0,4/6/18 20:27,Time Reversal Event,CreationTime : 2018-04-06 20:27:23 -> 2018-03-27 17:33:15(same as Network Persistent State~RF319a3313.TMP/ Network Persistent State),5d46c71b-fc78-4b40-b698-e14788d273d5.tmp,\Users\jcloudy\AppData\Local\Google\Chrome\User Data\Default\5d46c71b-fc78-4b40-b698-e14788d273d5.tmp,,,,,Update Resident Value,0x8814,4.0,4/6/18 20:27,248890032.0,5d46c71b-fc78-4b40-b698-e14788d273d5.tmp,\Users\jcloudy\AppData\Local\Google\Chrome\User Data\Default\5d46c71b-fc78-4b40-b698-e14788d273d5.tmp,Basic_Info_Changed / File_Renamed_Old / Access_Right_Changed,Normal,Archive,,0x000D000000022052,0x000200000001906F,,,,3,3,True,True,1.0,False,5d46c71b-fc78-4b40-b698-e14788d273d5.tmp,\Users\jcloudy\AppData\Local\Google\Chrome\User Data\Default\5d46c71b-fc78-4b40-b698-e14788d273d5.tmp,False,False,False,False,0,True,False,True,False,False,False,False,True,False,False,False,False,False,False,False,False,False,False,9,40,True,True,False,False,False,True,False,False,False,True,False,False,False,True,False,False,False,3,0.9999473756492117,99.99473756492117,True,90-100%,True
5e630248-2b86-4fe2-9718-a3640ce81dbc.tmp,1545614624.0,4/6/18 15:12,Time Reversal Event,CreationTime : 2018-04-06 15:12:04 -> 2018-03-27 17:33:15(same as Network Persistent State~RF319a3313.TMP/ Network Persistent State),5e630248-2b86-4fe2-9718-a3640ce81dbc.tmp,\Users\jcloudy\AppData\Local\Google\Chrome\User Data\Default\5e630248-2b86-4fe2-9718-a3640ce81dbc.tmp,,,,,Update Resident Value,0x1BA,2.0,4/6/18 15:12,247290992.0,5e630248-2b86-4fe2-9718-a3640ce81dbc.tmp,\Users\jcloudy\AppData\Local\Google\Chrome\User Data\Default\5e630248-2b86-4fe2-9718-a3640ce81dbc.tmp,Basic_Info_Changed / File_Renamed_Old / Access_Right_Changed,Normal,Archive,,0x00AD0000000006E9,0x000200000001906F,,,,3,3,True,True,1.0,False,5e630248-2b86-4fe2-9718-a3640ce81dbc.tmp,\Users\jcloudy\AppData\Local\Google\Chrome\User Data\Default\5e630248-2b86-4fe2-9718-a3640ce81dbc.tmp,False,False,False,False,0,True,False,True,False,False,False,False,True,False,False,False,False,False,False,False,False,False,False,9,40,True,True,False,False,False,True,False,False,False,True,False,False,False,True,False,False,False,3,0.9999473756492117,99.99473756492117,True,90-100%,True
5f47f2ad-539b-4949-ba3c-61163a855b11.tmp,1545437922.0,4/6/18 15:09,Time Reversal Event,CreationTime : 2018-04-06 15:09:50 -> 2018-03-27 17:33:15(same as Network Persistent State~RF319a3313.TMP/ Network Persistent State),5f47f2ad-539b-4949-ba3c-61163a855b11.tmp,\Users\jcloudy\AppData\Local\Google\Chrome\User Data\Default\5f47f2ad-539b-4949-ba3c-61163a855b11.tmp,,,,,Update Resident Value,0x1BA,2.0,4/6/18 15:09,247249912.0,5f47f2ad-539b-4949-ba3c-61163a855b11.tmp,\Users\jcloudy\AppData\Local\Google\Chrome\User Data\Default\5f47f2ad-539b-4949-ba3c-61163a855b11.tmp,Basic_Info_Changed / File_Renamed_Old / Access_Right_Changed,Normal,Archive,,0x00A60000000006E9,0x000200000001906F,,,,3,3,True,True,1.0,False,5f47f2ad-539b-4949-ba3c-61163a855b11.tmp,\Users\jcloudy\AppData\Local\Google\Chrome\User Data\Default\5f47f2ad-539b-4949-ba3c-61163a855b11.tmp,False,False,False,False,0,True,False,True,False,False,False,False,True,False,False,False,False,False,False,False,False,False,False,9,40,True,True,False,False,False,True,False,False,False,True,False,False,False,True,False,False,False,3,0.9999473756492117,99.99473756492117,True,90-100%,True
5f91762c-533f-4f9d-8f9e-e6f99622e5be.tmp,1549471479.0,4/6/18 16:33,Time Reversal Event,CreationTime : 2018-04-06 16:33:53 -> 2018-03-27 17:33:15(same as Network Persistent State~RF319a3313.TMP/ Network Persistent State),5f91762c-533f-4f9d-8f9e-e6f99622e5be.tmp,\Users\jcloudy\AppData\Local\Google\Chrome\User Data\Default\5f91762c-533f-4f9d-8f9e-e6f99622e5be.tmp,,,,,Update Resident Value,0x883E,0.0,4/6/18 16:33,248245768.0,5f91762c-533f-4f9d-8f9e-e6f99622e5be.tmp,\Users\jcloudy\AppData\Local\Google\Chrome\User Data\Default\5f91762c-533f-4f9d-8f9e-e6f99622e5be.tmp,Basic_Info_Changed / File_Renamed_Old / Access_Right_Changed,Normal,Archive,,0x00440000000220F8,0x000200000001906F,,,,3,3,True,True,1.0,False,5f91762c-533f-4f9d-8f9e-e6f99622e5be.tmp,\Users\jcloudy\AppData\Local\Google\Chrome\User Data\Default\5f91762c-533f-4f9d-8f9e-e6f99622e5be.tmp,False,False,False,False,0,True,False,True,False,False,False,False,True,False,False,False,False,False,False,False,False,False,False,9,40,True,True,False,False,False,True,False,False,False,True,False,False,False,True,False,False,False,3,0.9999473756492117,99.99473756492117,True,90-100%,True
6039187b-81f3-4f22-a692-c7da5a14898e.tmp,1550735762.0,4/6/18 20:27,Time Reversal Event,CreationTime : 2018-04-06 20:27:17 -> 2018-03-27 17:33:01(same as Local State),6039187b-81f3-4f22-a692-c7da5a14898e.tmp,\Users\jcloudy\AppData\Local\Google\Chrome\User Data\6039187b-81f3-4f22-a692-c7da5a14898e.tmp,,,,,Update Resident Value,0x87EF,0.0,4/6/18 20:27,248884856.0,6039187b-81f3-4f22-a692-c7da5a14898e.tmp,\Users\jcloudy\AppData\Local\Google\Chrome\User Data\6039187b-81f3-4f22-a692-c7da5a14898e.tmp,Basic_Info_Changed / File_Renamed_Old / Access_Right_Changed,Normal,Archive,,0x0008000000021FBC,0x0002000000019030,,,,3,3,True,True,1.0,False,6039187b-81f3-4f22-a692-c7da5a14898e.tmp,\Users\jcloudy\AppData\Local\Google\Chrome\User Data\6039187b-81f3-4f22-a692-c7da5a14898e.tmp,False,False,False,False,0,True,False,True,False,False,False,False,True,False,False,False,False,False,False,False,False,False,False,8,40,True,True,False,False,False,True,False,False,False,True,False,False,False,True,False,False,False,3,0.999969781695434,99.99697816954341,True,90-100%,True
604fe223-e507-44a2-84ec-cd0237d4d7a5.tmp,1550690442.0,4/6/18 20:26,Time Reversal Event,CreationTime : 2018-04-06 20:26:58 -> 2018-03-27 17:33:13(same as TransportSecurity),604fe223-e507-44a2-84ec-cd0237d4d7a5.tmp,\Users\jcloudy\AppData\Local\Google\Chrome\User Data\Default\604fe223-e507-44a2-84ec-cd0237d4d7a5.tmp,,,,,Update Resident Value,0x8814,4.0,4/6/18 20:26,248866648.0,604fe223-e507-44a2-84ec-cd0237d4d7a5.tmp,\Users\jcloudy\AppData\Local\Google\Chrome\User Data\Default\604fe223-e507-44a2-84ec-cd0237d4d7a5.tmp,Basic_Info_Changed / File_Renamed_Old / Access_Right_Changed,Normal,Archive,,0x000C000000022052,0x000200000001906F,,,,3,3,True,True,1.0,False,604fe223-e507-44a2-84ec-cd0237d4d7a5.tmp,\Users\jcloudy\AppData\Local\Google\Chrome\User Data\Default\604fe223-e507-44a2-84ec-cd0237d4d7a5.tmp,False,False,False,False,0,True,False,True,False,False,False,False,True,False,False,False,False,False,False,False,False,False,False,9,40,True,True,False,False,False,True,False,False,False,True,False,False,False,True,False,False,False,3,0.9999473756492117,99.99473756492117,True,90-100%,True
607ef65e-61bb-4057-a72b-cdf110b5f30c.tmp,1551158389.0,4/6/18 20:34,Time Reversal Event,CreationTime : 2018-04-06 20:34:46 -> 2018-03-27 17:33:01(same as Local State),607ef65e-61bb-4057-a72b-cdf110b5f30c.tmp,\Users\jcloudy\AppData\Local\Google\Chrome\User Data\607ef65e-61bb-4057-a72b-cdf110b5f30c.tmp,,,,,Update Resident Value,0x875C,2.0,4/6/18 20:34,248972872.0,607ef65e-61bb-4057-a72b-cdf110b5f30c.tmp,\Users\jcloudy\AppData\Local\Google\Chrome\User Data\607ef65e-61bb-4057-a72b-cdf110b5f30c.tmp,Basic_Info_Changed / File_Renamed_Old / Access_Right_Changed,Normal,Archive,,0x0014000000021D71,0x0002000000019030,,,,3,3,True,True,1.0,False,607ef65e-61bb-4057-a72b-cdf110b5f30c.tmp,\Users\jcloudy\AppData\Local\Google\Chrome\User Data\607ef65e-61bb-4057-a72b-cdf110b5f30c.tmp,False,False,False,False,0,True,False,True,False,False,False,False,True,False,False,False,False,False,False,False,False,False,False,8,40,True,True,False,False,False,True,False,False,False,True,False,False,False,True,False,False,False,3,0.999969781695434,99.99697816954341,True,90-100%,True
61672605-63bb-4474-a8d6-2287c2f45263.tmp,1548987768.0,4/6/18 16:28,Time Reversal Event,CreationTime : 2018-04-06 16:28:28 -> 2018-03-27 17:33:13(same as TransportSecurity),61672605-63bb-4474-a8d6-2287c2f45263.tmp,\Users\jcloudy\AppData\Local\Google\Chrome\User Data\Default\61672605-63bb-4474-a8d6-2287c2f45263.tmp,,,,,Update Resident Value,0x8694,6.0,4/6/18 16:28,248095904.0,61672605-63bb-4474-a8d6-2287c2f45263.tmp,\Users\jcloudy\AppData\Local\Google\Chrome\User Data\Default\61672605-63bb-4474-a8d6-2287c2f45263.tmp,Basic_Info_Changed / File_Renamed_Old / Access_Right_Changed,Normal,Archive,,0x017A000000021A53,0x000200000001906F,,,,3,3,True,True,1.0,False,61672605-63bb-4474-a8d6-2287c2f45263.tmp,\Users\jcloudy\AppData\Local\Google\Chrome\User Data\Default\61672605-63bb-4474-a8d6-2287c2f45263.tmp,False,False,False,False,0,True,False,True,False,False,False,False,True,False,False,False,False,False,False,False,False,False,False,9,40,True,True,False,False,False,True,False,False,False,True,False,False,False,True,False,False,False,3,0.9999473756492117,99.99473756492117,True,90-100%,True
621b9d8a-decd-45f9-a92b-6e4c4aee5b47.tmp,1545551182.0,4/6/18 15:11,Time Reversal Event,CreationTime : 2018-04-06 15:11:30 -> 2018-03-27 17:32:51(same as Preferences/ Preferences~RF2a180ce2.TMP),621b9d8a-decd-45f9-a92b-6e4c4aee5b47.tmp,\Users\jcloudy\AppData\Local\Google\Chrome\User Data\Default\621b9d8a-decd-45f9-a92b-6e4c4aee5b47.tmp,,,,,Update Resident Value,0x82CD,0.0,4/6/18 15:11,247273976.0,621b9d8a-decd-45f9-a92b-6e4c4aee5b47.tmp,\Users\jcloudy\AppData\Local\Google\Chrome\User Data\Default\621b9d8a-decd-45f9-a92b-6e4c4aee5b47.tmp,Basic_Info_Changed / File_Renamed_Old / Access_Right_Changed,Normal,Archive,,0x004E000000020B34,0x000200000001906F,,,,3,3,True,True,1.0,False,621b9d8a-decd-45f9-a92b-6e4c4aee5b47.tmp,\Users\jcloudy\AppData\Local\Google\Chrome\User Data\Default\621b9d8a-decd-45f9-a92b-6e4c4aee5b47.tmp,False,False,False,False,0,True,False,True,False,False,False,False,True,False,False,False,False,False,False,False,False,False,False,9,40,True,True,False,False,False,True,False,False,False,True,False,False,False,True,False,False,False,3,0.9999473756492117,99.99473756492117,True,90-100%,True
62e37d8c-0fae-46a8-9c32-7b071ef56faa.tmp,1546020275.0,4/6/18 15:16,Time Reversal Event,CreationTime : 2018-04-06 15:16:04 -> 2018-03-27 17:33:01(same as Local State),62e37d8c-0fae-46a8-9c32-7b071ef56faa.tmp,\Users\jcloudy\AppData\Local\Google\Chrome\User Data\62e37d8c-0fae-46a8-9c32-7b071ef56faa.tmp,,,,,Update Resident Value,0x83FC,6.0,4/6/18 15:16,247378888.0,62e37d8c-0fae-46a8-9c32-7b071ef56faa.tmp,\Users\jcloudy\AppData\Local\Google\Chrome\User Data\62e37d8c-0fae-46a8-9c32-7b071ef56faa.tmp,Basic_Info_Changed / File_Renamed_Old / Access_Right_Changed,Normal,Archive,,0x0006000000020FF3,0x0002000000019030,,,,3,3,True,True,1.0,False,62e37d8c-0fae-46a8-9c32-7b071ef56faa.tmp,\Users\jcloudy\AppData\Local\Google\Chrome\User Data\62e37d8c-0fae-46a8-9c32-7b071ef56faa.tmp,False,False,False,False,0,True,False,True,False,False,False,False,True,False,False,False,False,False,False,False,False,False,False,8,40,True,True,False,False,False,True,False,False,False,True,False,False,False,True,False,False,False,3,0.999969781695434,99.99697816954341,True,90-100%,True
6318dcd5-d56d-4cab-af34-6050928f47de.tmp,1545769136.0,4/6/18 15:13,Time Reversal Event,CreationTime : 2018-04-06 15:13:19 -> 2018-03-27 17:33:15(same as Network Persistent State~RF319a3313.TMP/ Network Persistent State),6318dcd5-d56d-4cab-af34-6050928f47de.tmp,\Users\jcloudy\AppData\Local\Google\Chrome\User Data\Default\6318dcd5-d56d-4cab-af34-6050928f47de.tmp,,,,,Update Resident Value,0x8405,0.0,4/6/18 15:13,247323360.0,6318dcd5-d56d-4cab-af34-6050928f47de.tmp,\Users\jcloudy\AppData\Local\Google\Chrome\User Data\Default\6318dcd5-d56d-4cab-af34-6050928f47de.tmp,Basic_Info_Changed / File_Renamed_Old / Access_Right_Changed,Normal,Archive,,0x003C000000021014,0x000200000001906F,,,,3,3,True,True,1.0,False,6318dcd5-d56d-4cab-af34-6050928f47de.tmp,\Users\jcloudy\AppData\Local\Google\Chrome\User Data\Default\6318dcd5-d56d-4cab-af34-6050928f47de.tmp,False,False,False,False,0,True,False,True,False,False,False,False,True,False,False,False,False,False,False,False,False,False,False,9,40,True,True,False,False,False,True,False,False,False,True,False,False,False,True,False,False,False,3,0.9999473756492117,99.99473756492117,True,90-100%,True
637bb6e6-b108-49b7-b38b-793f68d9e0e1.tmp,1545898722.0,4/6/18 15:14,Time Reversal Event,CreationTime : 2018-04-06 15:14:58 -> 2018-03-27 17:33:01(same as Local State),637bb6e6-b108-49b7-b38b-793f68d9e0e1.tmp,\Users\jcloudy\AppData\Local\Google\Chrome\User Data\637bb6e6-b108-49b7-b38b-793f68d9e0e1.tmp,,,,,Update Resident Value,0x846D,4.0,4/6/18 15:14,247346984.0,637bb6e6-b108-49b7-b38b-793f68d9e0e1.tmp,\Users\jcloudy\AppData\Local\Google\Chrome\User Data\637bb6e6-b108-49b7-b38b-793f68d9e0e1.tmp,Basic_Info_Changed / File_Renamed_Old / Access_Right_Changed,Normal,Archive,,0x00400000000211B6,0x0002000000019030,,,,3,3,True,True,1.0,False,637bb6e6-b108-49b7-b38b-793f68d9e0e1.tmp,\Users\jcloudy\AppData\Local\Google\Chrome\User Data\637bb6e6-b108-49b7-b38b-793f68d9e0e1.tmp,False,False,False,False,0,True,False,True,False,False,False,False,True,False,False,False,False,False,False,False,False,False,False,8,40,True,True,False,False,False,True,False,False,False,True,False,False,False,True,False,False,False,3,0.999969781695434,99.99697816954341,True,90-100%,True
64b5a67d-2d68-4409-b79d-63a3a1667adb.tmp,1546978246.0,4/6/18 15:24,Time Reversal Event,CreationTime : 2018-04-06 15:24:59 -> 2018-03-27 17:33:13(same as TransportSecurity),64b5a67d-2d68-4409-b79d-63a3a1667adb.tmp,\Users\jcloudy\AppData\Local\Google\Chrome\User Data\Default\64b5a67d-2d68-4409-b79d-63a3a1667adb.tmp,,,,,Update Resident Value,0x4342,4.0,4/6/18 15:24,247600992.0,64b5a67d-2d68-4409-b79d-63a3a1667adb.tmp,\Users\jcloudy\AppData\Local\Google\Chrome\User Data\Default\64b5a67d-2d68-4409-b79d-63a3a1667adb.tmp,Basic_Info_Changed / File_Renamed_Old / Access_Right_Changed,Normal,Archive,,0x0006000000010D0A,0x000200000001906F,,,,3,3,True,True,1.0,False,64b5a67d-2d68-4409-b79d-63a3a1667adb.tmp,\Users\jcloudy\AppData\Local\Google\Chrome\User Data\Default\64b5a67d-2d68-4409-b79d-63a3a1667adb.tmp,False,False,False,False,0,True,False,True,False,False,False,False,True,False,False,False,False,False,False,False,False,False,False,9,40,True,True,False,False,False,True,False,False,False,True,False,False,False,True,False,False,False,3,0.9999473756492117,99.99473756492117,True,90-100%,True
6522a202-7325-411a-ad87-efc9520d6893.tmp,1548937773.0,4/6/18 16:27,Time Reversal Event,CreationTime : 2018-04-06 16:27:46 -> 2018-03-27 17:33:13(same as TransportSecurity),6522a202-7325-411a-ad87-efc9520d6893.tmp,\Users\jcloudy\AppData\Local\Google\Chrome\User Data\Default\6522a202-7325-411a-ad87-efc9520d6893.tmp,,,,,Update Resident Value,0x1BA,2.0,4/6/18 16:27,248081368.0,6522a202-7325-411a-ad87-efc9520d6893.tmp,\Users\jcloudy\AppData\Local\Google\Chrome\User Data\Default\6522a202-7325-411a-ad87-efc9520d6893.tmp,Basic_Info_Changed / File_Renamed_Old / Access_Right_Changed,Normal,Archive,,0x00E70000000006E9,0x000200000001906F,,,,3,3,True,True,1.0,False,6522a202-7325-411a-ad87-efc9520d6893.tmp,\Users\jcloudy\AppData\Local\Google\Chrome\User Data\Default\6522a202-7325-411a-ad87-efc9520d6893.tmp,False,False,False,False,0,True,False,True,False,False,False,False,True,False,False,False,False,False,False,False,False,False,False,9,40,True,True,False,False,False,True,False,False,False,True,False,False,False,True,False,False,False,3,0.9999473756492117,99.99473756492117,True,90-100%,True
68b9a80d-884b-44b1-8f41-ef10f0fcea81.tmp,1561108019.0,4/6/18 20:39,Time Reversal Event,CreationTime : 2018-04-06 20:39:44 -> 2018-03-27 17:32:51(same as Preferences/ Preferences~RF2a180ce2.TMP),68b9a80d-884b-44b1-8f41-ef10f0fcea81.tmp,\Users\jcloudy\AppData\Local\Google\Chrome\User Data\Default\68b9a80d-884b-44b1-8f41-ef10f0fcea81.tmp,,,,,Update Resident Value,0x8A19,2.0,4/6/18 20:39,249638320.0,68b9a80d-884b-44b1-8f41-ef10f0fcea81.tmp,\Users\jcloudy\AppData\Local\Google\Chrome\User Data\Default\68b9a80d-884b-44b1-8f41-ef10f0fcea81.tmp,Basic_Info_Changed / File_Renamed_Old / Access_Right_Changed,Normal,Archive,,0x000E000000022865,0x000200000001906F,,,,3,3,True,True,1.0,False,68b9a80d-884b-44b1-8f41-ef10f0fcea81.tmp,\Users\jcloudy\AppData\Local\Google\Chrome\User Data\Default\68b9a80d-884b-44b1-8f41-ef10f0fcea81.tmp,False,False,False,False,0,True,False,True,False,False,False,False,True,False,False,False,False,False,False,False,False,False,False,9,40,True,True,False,False,False,True,False,False,False,True,False,False,False,True,False,False,False,3,0.9999473756492117,99.99473756492117,True,90-100%,True
69a911b6-1299-466a-980d-571fa4b85170.tmp,1549106768.0,4/6/18 16:29,Time Reversal Event,CreationTime : 2018-04-06 16:29:48 -> 2018-03-27 17:33:13(same as TransportSecurity),69a911b6-1299-466a-980d-571fa4b85170.tmp,\Users\jcloudy\AppData\Local\Google\Chrome\User Data\Default\69a911b6-1299-466a-980d-571fa4b85170.tmp,,,,,Update Resident Value,0x8814,4.0,4/6/18 16:29,248131712.0,69a911b6-1299-466a-980d-571fa4b85170.tmp,\Users\jcloudy\AppData\Local\Google\Chrome\User Data\Default\69a911b6-1299-466a-980d-571fa4b85170.tmp,Basic_Info_Changed / File_Renamed_Old / Access_Right_Changed,Normal,Archive,,0x0007000000022052,0x000200000001906F,,,,3,3,True,True,1.0,False,69a911b6-1299-466a-980d-571fa4b85170.tmp,\Users\jcloudy\AppData\Local\Google\Chrome\User Data\Default\69a911b6-1299-466a-980d-571fa4b85170.tmp,False,False,False,False,0,True,False,True,False,False,False,False,True,False,False,False,False,False,False,False,False,False,False,9,40,True,True,False,False,False,True,False,False,False,True,False,False,False,True,False,False,False,3,0.9999473756492117,99.99473756492117,True,90-100%,True
6a2b140d-5b13-47c5-809b-22e454605a94.tmp,1548975112.0,4/6/18 16:28,Time Reversal Event,CreationTime : 2018-04-06 16:28:18 -> 2018-03-27 17:33:13(same as TransportSecurity),6a2b140d-5b13-47c5-809b-22e454605a94.tmp,\Users\jcloudy\AppData\Local\Google\Chrome\User Data\Default\6a2b140d-5b13-47c5-809b-22e454605a94.tmp,,,,,Update Resident Value,0x86B8,2.0,4/6/18 16:28,248091952.0,6a2b140d-5b13-47c5-809b-22e454605a94.tmp,\Users\jcloudy\AppData\Local\Google\Chrome\User Data\Default\6a2b140d-5b13-47c5-809b-22e454605a94.tmp,Basic_Info_Changed / File_Renamed_Old / Access_Right_Changed,Normal,Archive,,0x000B000000021AE1,0x000200000001906F,,,,3,3,True,True,1.0,False,6a2b140d-5b13-47c5-809b-22e454605a94.tmp,\Users\jcloudy\AppData\Local\Google\Chrome\User Data\Default\6a2b140d-5b13-47c5-809b-22e454605a94.tmp,False,False,False,False,0,True,False,True,False,False,False,False,True,False,False,False,False,False,False,False,False,False,False,9,40,True,True,False,False,False,True,False,False,False,True,False,False,False,True,False,False,False,3,0.9999473756492117,99.99473756492117,True,90-100%,True
6d0b2584-f710-4db5-88a1-24febe5b040f.tmp,1546076595.0,4/6/18 15:16,Time Reversal Event,CreationTime : 2018-04-06 15:16:39 -> 2018-03-27 17:33:13(same as TransportSecurity),6d0b2584-f710-4db5-88a1-24febe5b040f.tmp,\Users\jcloudy\AppData\Local\Google\Chrome\User Data\Default\6d0b2584-f710-4db5-88a1-24febe5b040f.tmp,,,,,Update Resident Value,0x846D,4.0,4/6/18 15:16,247388640.0,6d0b2584-f710-4db5-88a1-24febe5b040f.tmp,\Users\jcloudy\AppData\Local\Google\Chrome\User Data\Default\6d0b2584-f710-4db5-88a1-24febe5b040f.tmp,Basic_Info_Changed / File_Renamed_Old / Access_Right_Changed,Normal,Archive,,0x004C0000000211B6,0x000200000001906F,,,,3,3,True,True,1.0,False,6d0b2584-f710-4db5-88a1-24febe5b040f.tmp,\Users\jcloudy\AppData\Local\Google\Chrome\User Data\Default\6d0b2584-f710-4db5-88a1-24febe5b040f.tmp,False,False,False,False,0,True,False,True,False,False,False,False,True,False,False,False,False,False,False,False,False,False,False,9,40,True,True,False,False,False,True,False,False,False,True,False,False,False,True,False,False,False,3,0.9999473756492117,99.99473756492117,True,90-100%,True
6d365eb6-87d7-44bc-bc4a-e493d38dadfd.tmp,1545798480.0,4/6/18 15:13,Time Reversal Event,CreationTime : 2018-04-06 15:13:44 -> 2018-03-27 17:33:01(same as Local State),6d365eb6-87d7-44bc-bc4a-e493d38dadfd.tmp,\Users\jcloudy\AppData\Local\Google\Chrome\User Data\6d365eb6-87d7-44bc-bc4a-e493d38dadfd.tmp,,,,,Update Resident Value,0x83A3,2.0,4/6/18 15:13,247329448.0,6d365eb6-87d7-44bc-bc4a-e493d38dadfd.tmp,\Users\jcloudy\AppData\Local\Google\Chrome\User Data\6d365eb6-87d7-44bc-bc4a-e493d38dadfd.tmp,Basic_Info_Changed / File_Renamed_Old / Access_Right_Changed,Normal,Archive,,0x0033000000020E8D,0x0002000000019030,,,,3,3,True,True,1.0,False,6d365eb6-87d7-44bc-bc4a-e493d38dadfd.tmp,\Users\jcloudy\AppData\Local\Google\Chrome\User Data\6d365eb6-87d7-44bc-bc4a-e493d38dadfd.tmp,False,False,False,False,0,True,False,True,False,False,False,False,True,False,False,False,False,False,False,False,False,False,False,8,40,True,True,False,False,False,True,False,False,False,True,False,False,False,True,False,False,False,3,0.999969781695434,99.99697816954341,True,90-100%,True
70f61c29-07aa-4f7b-ad06-f8d341c84222.tmp,1546553894.0,4/6/18 15:21,Time Reversal Event,CreationTime : 2018-04-06 15:21:33 -> 2018-03-27 17:33:15(same as Network Persistent State~RF319a3313.TMP/ Network Persistent State),70f61c29-07aa-4f7b-ad06-f8d341c84222.tmp,\Users\jcloudy\AppData\Local\Google\Chrome\User Data\Default\70f61c29-07aa-4f7b-ad06-f8d341c84222.tmp,,,,,Update Resident Value,0x83A3,2.0,4/6/18 15:21,247461968.0,70f61c29-07aa-4f7b-ad06-f8d341c84222.tmp,\Users\jcloudy\AppData\Local\Google\Chrome\User Data\Default\70f61c29-07aa-4f7b-ad06-f8d341c84222.tmp,Basic_Info_Changed / File_Renamed_Old / Access_Right_Changed,Normal,Archive,,0x004A000000020E8D,0x000200000001906F,,,,3,3,True,True,1.0,False,70f61c29-07aa-4f7b-ad06-f8d341c84222.tmp,\Users\jcloudy\AppData\Local\Google\Chrome\User Data\Default\70f61c29-07aa-4f7b-ad06-f8d341c84222.tmp,False,False,False,False,0,True,False,True,False,False,False,False,True,False,False,False,False,False,False,False,False,False,False,9,40,True,True,False,False,False,True,False,False,False,True,False,False,False,True,False,False,False,3,0.9999473756492117,99.99473756492117,True,90-100%,True
733ce297-e856-47c4-8f75-6de2e461457d.tmp,1546521656.0,4/6/18 15:21,Time Reversal Event,CreationTime : 2018-04-06 15:21:17 -> 2018-03-27 17:33:13(same as TransportSecurity),733ce297-e856-47c4-8f75-6de2e461457d.tmp,\Users\jcloudy\AppData\Local\Google\Chrome\User Data\Default\733ce297-e856-47c4-8f75-6de2e461457d.tmp,,,,,Update Resident Value,0x83EF,0.0,4/6/18 15:21,247451440.0,733ce297-e856-47c4-8f75-6de2e461457d.tmp,\Users\jcloudy\AppData\Local\Google\Chrome\User Data\Default\733ce297-e856-47c4-8f75-6de2e461457d.tmp,Basic_Info_Changed / File_Renamed_Old / Access_Right_Changed,Normal,Archive,,0x0050000000020FBC,0x000200000001906F,,,,3,3,True,True,1.0,False,733ce297-e856-47c4-8f75-6de2e461457d.tmp,\Users\jcloudy\AppData\Local\Google\Chrome\User Data\Default\733ce297-e856-47c4-8f75-6de2e461457d.tmp,False,False,False,False,0,True,False,True,False,False,False,False,True,False,False,False,False,False,False,False,False,False,False,9,40,True,True,False,False,False,True,False,False,False,True,False,False,False,True,False,False,False,3,0.9999473756492117,99.99473756492117,True,90-100%,True
7650023d-72fd-469b-ac55-ff2d875a38ae.tmp,1547398810.0,4/6/18 15:33,Time Reversal Event,CreationTime : 2018-04-06 15:33:01 -> 2018-03-27 17:33:15(same as Network Persistent State~RF319a3313.TMP/ Network Persistent State),7650023d-72fd-469b-ac55-ff2d875a38ae.tmp,\Users\jcloudy\AppData\Local\Google\Chrome\User Data\Default\7650023d-72fd-469b-ac55-ff2d875a38ae.tmp,,,,,Update Resident Value,0x433B,4.0,4/6/18 15:33,247673664.0,7650023d-72fd-469b-ac55-ff2d875a38ae.tmp,\Users\jcloudy\AppData\Local\Google\Chrome\User Data\Default\7650023d-72fd-469b-ac55-ff2d875a38ae.tmp,Basic_Info_Changed / File_Renamed_Old / Access_Right_Changed,Normal,Archive,,0x000D000000010CEE,0x000200000001906F,,,,3,3,True,True,1.0,False,7650023d-72fd-469b-ac55-ff2d875a38ae.tmp,\Users\jcloudy\AppData\Local\Google\Chrome\User Data\Default\7650023d-72fd-469b-ac55-ff2d875a38ae.tmp,False,False,False,False,0,True,False,True,False,False,False,False,True,False,False,False,False,False,False,False,False,False,False,9,40,True,True,False,False,False,True,False,False,False,True,False,False,False,True,False,False,False,3,0.9999473756492117,99.99473756492117,True,90-100%,True
776c0f61-bafd-466a-887b-b9169f03ded0.tmp,1548771509.0,4/6/18 16:25,Time Reversal Event,CreationTime : 2018-04-06 16:25:41 -> 2018-03-27 17:33:01(same as Local State),776c0f61-bafd-466a-887b-b9169f03ded0.tmp,\Users\jcloudy\AppData\Local\Google\Chrome\User Data\776c0f61-bafd-466a-887b-b9169f03ded0.tmp,,,,,Update Resident Value,0x28C8,6.0,4/6/18 16:25,248011216.0,776c0f61-bafd-466a-887b-b9169f03ded0.tmp,\Users\jcloudy\AppData\Local\Google\Chrome\User Data\776c0f61-bafd-466a-887b-b9169f03ded0.tmp,Basic_Info_Changed / File_Renamed_Old / Access_Right_Changed,Normal,Archive,,0x001000000000A323,0x0002000000019030,,,,3,3,True,True,1.0,False,776c0f61-bafd-466a-887b-b9169f03ded0.tmp,\Users\jcloudy\AppData\Local\Google\Chrome\User Data\776c0f61-bafd-466a-887b-b9169f03ded0.tmp,False,False,False,False,0,True,False,True,False,False,False,False,True,False,False,False,False,False,False,False,False,False,False,8,40,True,True,False,False,False,True,False,False,False,True,False,False,False,True,False,False,False,3,0.999969781695434,99.99697816954341,True,90-100%,True
78310dda-5210-4add-bea6-f7eb50dacca5.tmp,1547086507.0,4/6/18 15:26,Time Reversal Event,CreationTime : 2018-04-06 15:26:49 -> 2018-03-27 17:32:51(same as Preferences/ Preferences~RF2a180ce2.TMP),78310dda-5210-4add-bea6-f7eb50dacca5.tmp,\Users\jcloudy\AppData\Local\Google\Chrome\User Data\Default\78310dda-5210-4add-bea6-f7eb50dacca5.tmp,,,,,Update Resident Value,0x4342,4.0,4/6/18 15:26,247623048.0,78310dda-5210-4add-bea6-f7eb50dacca5.tmp,\Users\jcloudy\AppData\Local\Google\Chrome\User Data\Default\78310dda-5210-4add-bea6-f7eb50dacca5.tmp,Basic_Info_Changed / File_Renamed_Old / Access_Right_Changed,Normal,Archive,,0x0007000000010D0A,0x000200000001906F,,,,3,3,True,True,1.0,False,78310dda-5210-4add-bea6-f7eb50dacca5.tmp,\Users\jcloudy\AppData\Local\Google\Chrome\User Data\Default\78310dda-5210-4add-bea6-f7eb50dacca5.tmp,False,False,False,False,0,True,False,True,False,False,False,False,True,False,False,False,False,False,False,False,False,False,False,9,40,True,True,False,False,False,True,False,False,False,True,False,False,False,True,False,False,False,3,0.9999473756492117,99.99473756492117,True,90-100%,True
78c50060-2376-47eb-82bc-abaa19b5ed81.tmp,1548885625.0,4/6/18 16:27,Time Reversal Event,CreationTime : 2018-04-06 16:27:03 -> 2018-03-27 17:33:13(same as TransportSecurity),78c50060-2376-47eb-82bc-abaa19b5ed81.tmp,\Users\jcloudy\AppData\Local\Google\Chrome\User Data\Default\78c50060-2376-47eb-82bc-abaa19b5ed81.tmp,,,,,Update Resident Value,0x86C0,0.0,4/6/18 16:27,248065632.0,78c50060-2376-47eb-82bc-abaa19b5ed81.tmp,\Users\jcloudy\AppData\Local\Google\Chrome\User Data\Default\78c50060-2376-47eb-82bc-abaa19b5ed81.tmp,Basic_Info_Changed / File_Renamed_Old / Access_Right_Changed,Normal,Archive,,0x0009000000021B00,0x000200000001906F,,,,3,3,True,True,1.0,False,78c50060-2376-47eb-82bc-abaa19b5ed81.tmp,\Users\jcloudy\AppData\Local\Google\Chrome\User Data\Default\78c50060-2376-47eb-82bc-abaa19b5ed81.tmp,False,False,False,False,0,True,False,True,False,False,False,False,True,False,False,False,False,False,False,False,False,False,False,9,40,True,True,False,False,False,True,False,False,False,True,False,False,False,True,False,False,False,3,0.9999473756492117,99.99473756492117,True,90-100%,True
79dc6604-8344-4256-b559-cef1a9114fbe.tmp,1548919304.0,4/6/18 16:27,Time Reversal Event,CreationTime : 2018-04-06 16:27:36 -> 2018-03-27 17:33:13(same as TransportSecurity),79dc6604-8344-4256-b559-cef1a9114fbe.tmp,\Users\jcloudy\AppData\Local\Google\Chrome\User Data\Default\79dc6604-8344-4256-b559-cef1a9114fbe.tmp,,,,,Update Resident Value,0x86B8,2.0,4/6/18 16:27,248074464.0,79dc6604-8344-4256-b559-cef1a9114fbe.tmp,\Users\jcloudy\AppData\Local\Google\Chrome\User Data\Default\79dc6604-8344-4256-b559-cef1a9114fbe.tmp,Basic_Info_Changed / File_Renamed_Old / Access_Right_Changed,Normal,Archive,,0x0008000000021AE1,0x000200000001906F,,,,3,3,True,True,1.0,False,79dc6604-8344-4256-b559-cef1a9114fbe.tmp,\Users\jcloudy\AppData\Local\Google\Chrome\User Data\Default\79dc6604-8344-4256-b559-cef1a9114fbe.tmp,False,False,False,False,0,True,False,True,False,False,False,False,True,False,False,False,False,False,False,False,False,False,False,9,40,True,True,False,False,False,True,False,False,False,True,False,False,False,True,False,False,False,3,0.9999473756492117,99.99473756492117,True,90-100%,True
7b46141d-8534-4a12-9be5-74e25136cee7.tmp,1545982143.0,4/6/18 15:15,Time Reversal Event,CreationTime : 2018-04-06 15:15:44 -> 2018-03-27 17:33:01(same as Local State),7b46141d-8534-4a12-9be5-74e25136cee7.tmp,\Users\jcloudy\AppData\Local\Google\Chrome\User Data\7b46141d-8534-4a12-9be5-74e25136cee7.tmp,,,,,Update Resident Value,0x83A3,2.0,4/6/18 15:15,247367888.0,7b46141d-8534-4a12-9be5-74e25136cee7.tmp,\Users\jcloudy\AppData\Local\Google\Chrome\User Data\7b46141d-8534-4a12-9be5-74e25136cee7.tmp,Basic_Info_Changed / File_Renamed_Old / Access_Right_Changed,Normal,Archive,,0x0037000000020E8D,0x0002000000019030,,,,3,3,True,True,1.0,False,7b46141d-8534-4a12-9be5-74e25136cee7.tmp,\Users\jcloudy\AppData\Local\Google\Chrome\User Data\7b46141d-8534-4a12-9be5-74e25136cee7.tmp,False,False,False,False,0,True,False,True,False,False,False,False,True,False,False,False,False,False,False,False,False,False,False,8,40,True,True,False,False,False,True,False,False,False,True,False,False,False,True,False,False,False,3,0.999969781695434,99.99697816954341,True,90-100%,True
7b70fd40-28aa-4b77-882f-67e4f080c232.tmp,1561160505.0,4/6/18 20:40,Time Reversal Event,CreationTime : 2018-04-06 20:40:39 -> 2018-03-27 17:33:15(same as Network Persistent State~RF319a3313.TMP/ Network Persistent State),7b70fd40-28aa-4b77-882f-67e4f080c232.tmp,\Users\jcloudy\AppData\Local\Google\Chrome\User Data\Default\7b70fd40-28aa-4b77-882f-67e4f080c232.tmp,,,,,Update Resident Value,0x87EF,0.0,4/6/18 20:40,249648512.0,7b70fd40-28aa-4b77-882f-67e4f080c232.tmp,\Users\jcloudy\AppData\Local\Google\Chrome\User Data\Default\7b70fd40-28aa-4b77-882f-67e4f080c232.tmp,Basic_Info_Changed / File_Renamed_Old / Access_Right_Changed,Normal,Archive,,0x0010000000021FBC,0x000200000001906F,,,,3,3,True,True,1.0,False,7b70fd40-28aa-4b77-882f-67e4f080c232.tmp,\Users\jcloudy\AppData\Local\Google\Chrome\User Data\Default\7b70fd40-28aa-4b77-882f-67e4f080c232.tmp,False,False,False,False,0,True,False,True,False,False,False,False,True,False,False,False,False,False,False,False,False,False,False,9,40,True,True,False,False,False,True,False,False,False,True,False,False,False,True,False,False,False,3,0.9999473756492117,99.99473756492117,True,90-100%,True
7c065e6d-bc9f-45f4-b263-f70113cd40aa.tmp,1547798729.0,4/6/18 15:40,Time Reversal Event,CreationTime : 2018-04-06 15:40:53 -> 2018-03-27 17:33:15(same as Network Persistent State~RF319a3313.TMP/ Network Persistent State),7c065e6d-bc9f-45f4-b263-f70113cd40aa.tmp,\Users\jcloudy\AppData\Local\Google\Chrome\User Data\Default\7c065e6d-bc9f-45f4-b263-f70113cd40aa.tmp,,,,,Update Resident Value,0x1BA,2.0,4/6/18 15:40,247736400.0,7c065e6d-bc9f-45f4-b263-f70113cd40aa.tmp,\Users\jcloudy\AppData\Local\Google\Chrome\User Data\Default\7c065e6d-bc9f-45f4-b263-f70113cd40aa.tmp,Basic_Info_Changed / File_Renamed_Old / Access_Right_Changed,Normal,Archive,,0x00DB0000000006E9,0x000200000001906F,,,,3,3,True,True,1.0,False,7c065e6d-bc9f-45f4-b263-f70113cd40aa.tmp,\Users\jcloudy\AppData\Local\Google\Chrome\User Data\Default\7c065e6d-bc9f-45f4-b263-f70113cd40aa.tmp,False,False,False,False,0,True,False,True,False,False,False,False,True,False,False,False,False,False,False,False,False,False,False,9,40,True,True,False,False,False,True,False,False,False,True,False,False,False,True,False,False,False,3,0.9999473756492117,99.99473756492117,True,90-100%,True
7c8d84c5-0fb9-47e5-8b30-2e1f7a0802df.tmp,1547997488.0,4/6/18 15:44,Time Reversal Event,CreationTime : 2018-04-06 15:44:36 -> 2018-03-27 17:33:15(same as Network Persistent State~RF319a3313.TMP/ Network Persistent State),7c8d84c5-0fb9-47e5-8b30-2e1f7a0802df.tmp,\Users\jcloudy\AppData\Local\Google\Chrome\User Data\Default\7c8d84c5-0fb9-47e5-8b30-2e1f7a0802df.tmp,,,,,Update Resident Value,0x10C,4.0,4/6/18 15:44,247775632.0,7c8d84c5-0fb9-47e5-8b30-2e1f7a0802df.tmp,\Users\jcloudy\AppData\Local\Google\Chrome\User Data\Default\7c8d84c5-0fb9-47e5-8b30-2e1f7a0802df.tmp,Basic_Info_Changed / File_Renamed_Old / Access_Right_Changed,Normal,Archive,,0x0044000000000432,0x000200000001906F,,,,3,3,True,True,1.0,False,7c8d84c5-0fb9-47e5-8b30-2e1f7a0802df.tmp,\Users\jcloudy\AppData\Local\Google\Chrome\User Data\Default\7c8d84c5-0fb9-47e5-8b30-2e1f7a0802df.tmp,False,False,False,False,0,True,False,True,False,False,False,False,True,False,False,False,False,False,False,False,False,False,False,9,40,True,True,False,False,False,True,False,False,False,True,False,False,False,True,False,False,False,3,0.9999473756492117,99.99473756492117,True,90-100%,True
7e0e9015-f6df-407d-93c7-fad02aeb670f.tmp,1548878742.0,4/6/18 16:26,Time Reversal Event,CreationTime : 2018-04-06 16:26:52 -> 2018-03-27 17:33:13(same as TransportSecurity),7e0e9015-f6df-407d-93c7-fad02aeb670f.tmp,\Users\jcloudy\AppData\Local\Google\Chrome\User Data\Default\7e0e9015-f6df-407d-93c7-fad02aeb670f.tmp,,,,,Update Resident Value,0x86B8,2.0,4/6/18 16:26,248061280.0,7e0e9015-f6df-407d-93c7-fad02aeb670f.tmp,\Users\jcloudy\AppData\Local\Google\Chrome\User Data\Default\7e0e9015-f6df-407d-93c7-fad02aeb670f.tmp,Basic_Info_Changed / File_Renamed_Old / Access_Right_Changed,Normal,Archive,,0x0006000000021AE1,0x000200000001906F,,,,3,3,True,True,1.0,False,7e0e9015-f6df-407d-93c7-fad02aeb670f.tmp,\Users\jcloudy\AppData\Local\Google\Chrome\User Data\Default\7e0e9015-f6df-407d-93c7-fad02aeb670f.tmp,False,False,False,False,0,True,False,True,False,False,False,False,True,False,False,False,False,False,False,False,False,False,False,9,40,True,True,False,False,False,True,False,False,False,True,False,False,False,True,False,False,False,3,0.9999473756492117,99.99473756492117,True,90-100%,True
7f0c8309-dfbf-4a97-b2d1-3fe7ee312176.tmp,1545598180.0,4/6/18 15:12,Time Reversal Event,CreationTime : 2018-04-06 15:12:01 -> 2018-03-27 17:33:01(same as Local State),7f0c8309-dfbf-4a97-b2d1-3fe7ee312176.tmp,\Users\jcloudy\AppData\Local\Google\Chrome\User Data\7f0c8309-dfbf-4a97-b2d1-3fe7ee312176.tmp,,,,,Update Resident Value,0x82CD,0.0,4/6/18 15:12,247284280.0,7f0c8309-dfbf-4a97-b2d1-3fe7ee312176.tmp,\Users\jcloudy\AppData\Local\Google\Chrome\User Data\7f0c8309-dfbf-4a97-b2d1-3fe7ee312176.tmp,Basic_Info_Changed / File_Renamed_Old / Access_Right_Changed,Normal,Archive,,0x0050000000020B34,0x0002000000019030,,,,3,3,True,True,1.0,False,7f0c8309-dfbf-4a97-b2d1-3fe7ee312176.tmp,\Users\jcloudy\AppData\Local\Google\Chrome\User Data\7f0c8309-dfbf-4a97-b2d1-3fe7ee312176.tmp,False,False,False,False,0,True,False,True,False,False,False,False,True,False,False,False,False,False,False,False,False,False,False,8,40,True,True,False,False,False,True,False,False,False,True,False,False,False,True,False,False,False,3,0.999969781695434,99.99697816954341,True,90-100%,True
7f25e97e-5550-4be4-be1c-aced1b00c4d8.tmp,1548832148.0,4/6/18 16:26,Time Reversal Event,CreationTime : 2018-04-06 16:26:03 -> 2018-03-27 17:33:13(same as TransportSecurity),7f25e97e-5550-4be4-be1c-aced1b00c4d8.tmp,\Users\jcloudy\AppData\Local\Google\Chrome\User Data\Default\7f25e97e-5550-4be4-be1c-aced1b00c4d8.tmp,,,,,Update Resident Value,0x434F,4.0,4/6/18 16:26,248039056.0,7f25e97e-5550-4be4-be1c-aced1b00c4d8.tmp,\Users\jcloudy\AppData\Local\Google\Chrome\User Data\Default\7f25e97e-5550-4be4-be1c-aced1b00c4d8.tmp,Basic_Info_Changed / File_Renamed_Old / Access_Right_Changed,Normal,Archive,,0x000A000000010D3E,0x000200000001906F,,,,3,3,True,True,1.0,False,7f25e97e-5550-4be4-be1c-aced1b00c4d8.tmp,\Users\jcloudy\AppData\Local\Google\Chrome\User Data\Default\7f25e97e-5550-4be4-be1c-aced1b00c4d8.tmp,False,False,False,False,0,True,False,True,False,False,False,False,True,False,False,False,False,False,False,False,False,False,False,9,40,True,True,False,False,False,True,False,False,False,True,False,False,False,True,False,False,False,3,0.9999473756492117,99.99473756492117,True,90-100%,True
7ff6503e-f9bf-4511-bd4b-049669ed0b2b.tmp,1545967223.0,4/6/18 15:15,Time Reversal Event,CreationTime : 2018-04-06 15:15:38 -> 2018-03-27 17:32:51(same as Preferences/ Preferences~RF2a180ce2.TMP),7ff6503e-f9bf-4511-bd4b-049669ed0b2b.tmp,\Users\jcloudy\AppData\Local\Google\Chrome\User Data\Default\7ff6503e-f9bf-4511-bd4b-049669ed0b2b.tmp,,,,,Update Resident Value,0x8974,6.0,4/6/18 15:15,247365944.0,7ff6503e-f9bf-4511-bd4b-049669ed0b2b.tmp,\Users\jcloudy\AppData\Local\Google\Chrome\User Data\Default\7ff6503e-f9bf-4511-bd4b-049669ed0b2b.tmp,Basic_Info_Changed / File_Renamed_Old / Access_Right_Changed,Normal,Archive,,0x00980000000225D3,0x000200000001906F,,,,3,3,True,True,1.0,False,7ff6503e-f9bf-4511-bd4b-049669ed0b2b.tmp,\Users\jcloudy\AppData\Local\Google\Chrome\User Data\Default\7ff6503e-f9bf-4511-bd4b-049669ed0b2b.tmp,False,False,False,False,0,True,False,True,False,False,False,False,True,False,False,False,False,False,False,False,False,False,False,9,40,True,True,False,False,False,True,False,False,False,True,False,False,False,True,False,False,False,3,0.9999473756492117,99.99473756492117,True,90-100%,True
8054a44b-f4b3-45ca-acf1-25c604605e05.tmp,1550951255.0,4/6/18 20:30,Time Reversal Event,CreationTime : 2018-04-06 20:30:39 -> 2018-03-27 17:32:51(same as Preferences/ Preferences~RF2a180ce2.TMP),8054a44b-f4b3-45ca-acf1-25c604605e05.tmp,\Users\jcloudy\AppData\Local\Google\Chrome\User Data\Default\8054a44b-f4b3-45ca-acf1-25c604605e05.tmp,,,,,Update Resident Value,0x88B6,0.0,4/6/18 20:30,248937944.0,8054a44b-f4b3-45ca-acf1-25c604605e05.tmp,\Users\jcloudy\AppData\Local\Google\Chrome\User Data\Default\8054a44b-f4b3-45ca-acf1-25c604605e05.tmp,Basic_Info_Changed / File_Renamed_Old / Access_Right_Changed,Normal,Archive,,0x00090000000222D8,0x000200000001906F,,,,3,3,True,True,1.0,False,8054a44b-f4b3-45ca-acf1-25c604605e05.tmp,\Users\jcloudy\AppData\Local\Google\Chrome\User Data\Default\8054a44b-f4b3-45ca-acf1-25c604605e05.tmp,False,False,False,False,0,True,False,True,False,False,False,False,True,False,False,False,False,False,False,False,False,False,False,9,40,True,True,False,False,False,True,False,False,False,True,False,False,False,True,False,False,False,3,0.9999473756492117,99.99473756492117,True,90-100%,True
81968c34-42ab-4c31-a0b9-3df66090c505.tmp,1549111609.0,4/6/18 16:29,Time Reversal Event,CreationTime : 2018-04-06 16:29:52 -> 2018-03-27 17:33:15(same as Network Persistent State~RF319a3313.TMP/ Network Persistent State),81968c34-42ab-4c31-a0b9-3df66090c505.tmp,\Users\jcloudy\AppData\Local\Google\Chrome\User Data\Default\81968c34-42ab-4c31-a0b9-3df66090c505.tmp,,,,,Update Resident Value,0x28C8,6.0,4/6/18 16:29,248134528.0,81968c34-42ab-4c31-a0b9-3df66090c505.tmp,\Users\jcloudy\AppData\Local\Google\Chrome\User Data\Default\81968c34-42ab-4c31-a0b9-3df66090c505.tmp,Basic_Info_Changed / File_Renamed_Old / Access_Right_Changed,Normal,Archive,,0x001500000000A323,0x000200000001906F,,,,3,3,True,True,1.0,False,81968c34-42ab-4c31-a0b9-3df66090c505.tmp,\Users\jcloudy\AppData\Local\Google\Chrome\User Data\Default\81968c34-42ab-4c31-a0b9-3df66090c505.tmp,False,False,False,False,0,True,False,True,False,False,False,False,True,False,False,False,False,False,False,False,False,False,False,9,40,True,True,False,False,False,True,False,False,False,True,False,False,False,True,False,False,False,3,0.9999473756492117,99.99473756492117,True,90-100%,True
81981a47-aea2-4dd6-88a1-192eef4be174.tmp,1545385892.0,4/6/18 15:09,Time Reversal Event,CreationTime : 2018-04-06 15:09:26 -> 2018-03-27 17:33:01(same as Local State),81981a47-aea2-4dd6-88a1-192eef4be174.tmp,\Users\jcloudy\AppData\Local\Google\Chrome\User Data\81981a47-aea2-4dd6-88a1-192eef4be174.tmp,,,,,Update Resident Value,0x1BA,2.0,4/6/18 15:09,247240616.0,81981a47-aea2-4dd6-88a1-192eef4be174.tmp,\Users\jcloudy\AppData\Local\Google\Chrome\User Data\81981a47-aea2-4dd6-88a1-192eef4be174.tmp,Basic_Info_Changed / File_Renamed_Old / Access_Right_Changed,Normal,Archive,,0x00A40000000006E9,0x0002000000019030,,,,3,3,True,True,1.0,False,81981a47-aea2-4dd6-88a1-192eef4be174.tmp,\Users\jcloudy\AppData\Local\Google\Chrome\User Data\81981a47-aea2-4dd6-88a1-192eef4be174.tmp,False,False,False,False,0,True,False,True,False,False,False,False,True,False,False,False,False,False,False,False,False,False,False,8,40,True,True,False,False,False,True,False,False,False,True,False,False,False,True,False,False,False,3,0.999969781695434,99.99697816954341,True,90-100%,True
81a6dc0e-c0bd-4c75-a5f8-8b4a2372b35b.tmp,1550676826.0,4/6/18 20:26,Time Reversal Event,CreationTime : 2018-04-06 20:26:51 -> 2018-03-27 17:32:51(same as Preferences/ Preferences~RF2a180ce2.TMP),81a6dc0e-c0bd-4c75-a5f8-8b4a2372b35b.tmp,\Users\jcloudy\AppData\Local\Google\Chrome\User Data\Default\81a6dc0e-c0bd-4c75-a5f8-8b4a2372b35b.tmp,,,,,Update Resident Value,0x87EF,0.0,4/6/18 20:26,248862344.0,81a6dc0e-c0bd-4c75-a5f8-8b4a2372b35b.tmp,\Users\jcloudy\AppData\Local\Google\Chrome\User Data\Default\81a6dc0e-c0bd-4c75-a5f8-8b4a2372b35b.tmp,Basic_Info_Changed / File_Renamed_Old / Access_Right_Changed,Normal,Archive,,0x0007000000021FBC,0x000200000001906F,,,,3,3,True,True,1.0,False,81a6dc0e-c0bd-4c75-a5f8-8b4a2372b35b.tmp,\Users\jcloudy\AppData\Local\Google\Chrome\User Data\Default\81a6dc0e-c0bd-4c75-a5f8-8b4a2372b35b.tmp,False,False,False,False,0,True,False,True,False,False,False,False,True,False,False,False,False,False,False,False,False,False,False,9,40,True,True,False,False,False,True,False,False,False,True,False,False,False,True,False,False,False,3,0.9999473756492117,99.99473756492117,True,90-100%,True
83b9837c-1571-438b-a882-f021d317c9bc.tmp,1545564919.0,4/6/18 15:11,Time Reversal Event,CreationTime : 2018-04-06 15:11:33 -> 2018-03-27 17:33:13(same as TransportSecurity),83b9837c-1571-438b-a882-f021d317c9bc.tmp,\Users\jcloudy\AppData\Local\Google\Chrome\User Data\Default\83b9837c-1571-438b-a882-f021d317c9bc.tmp,,,,,Update Resident Value,0x1BA,2.0,4/6/18 15:11,247278264.0,83b9837c-1571-438b-a882-f021d317c9bc.tmp,\Users\jcloudy\AppData\Local\Google\Chrome\User Data\Default\83b9837c-1571-438b-a882-f021d317c9bc.tmp,Basic_Info_Changed / File_Renamed_Old / Access_Right_Changed,Normal,Archive,,0x00AC0000000006E9,0x000200000001906F,,,,3,3,True,True,1.0,False,83b9837c-1571-438b-a882-f021d317c9bc.tmp,\Users\jcloudy\AppData\Local\Google\Chrome\User Data\Default\83b9837c-1571-438b-a882-f021d317c9bc.tmp,False,False,False,False,0,True,False,True,False,False,False,False,True,False,False,False,False,False,False,False,False,False,False,9,40,True,True,False,False,False,True,False,False,False,True,False,False,False,True,False,False,False,3,0.9999473756492117,99.99473756492117,True,90-100%,True
83e5ac97-9c7a-47b9-a506-774d49e43ab8.tmp,1546443736.0,4/6/18 15:20,Time Reversal Event,CreationTime : 2018-04-06 15:20:06 -> 2018-03-27 17:33:15(same as Network Persistent State~RF319a3313.TMP/ Network Persistent State),83e5ac97-9c7a-47b9-a506-774d49e43ab8.tmp,\Users\jcloudy\AppData\Local\Google\Chrome\User Data\Default\83e5ac97-9c7a-47b9-a506-774d49e43ab8.tmp,,,,,Update Resident Value,0x1BA,2.0,4/6/18 15:20,247434776.0,83e5ac97-9c7a-47b9-a506-774d49e43ab8.tmp,\Users\jcloudy\AppData\Local\Google\Chrome\User Data\Default\83e5ac97-9c7a-47b9-a506-774d49e43ab8.tmp,Basic_Info_Changed / File_Renamed_Old / Access_Right_Changed,Normal,Archive,,0x00B40000000006E9,0x000200000001906F,,,,3,3,True,True,1.0,False,83e5ac97-9c7a-47b9-a506-774d49e43ab8.tmp,\Users\jcloudy\AppData\Local\Google\Chrome\User Data\Default\83e5ac97-9c7a-47b9-a506-774d49e43ab8.tmp,False,False,False,False,0,True,False,True,False,False,False,False,True,False,False,False,False,False,False,False,False,False,False,9,40,True,True,False,False,False,True,False,False,False,True,False,False,False,True,False,False,False,3,0.9999473756492117,99.99473756492117,True,90-100%,True
845506aa-e10b-40f9-b1af-6489dcecebf1.tmp,1548461166.0,4/6/18 16:24,Time Reversal Event,CreationTime : 2018-04-06 16:24:59 -> 2018-03-27 17:32:51(same as Preferences/ Preferences~RF2a180ce2.TMP),845506aa-e10b-40f9-b1af-6489dcecebf1.tmp,\Users\jcloudy\AppData\Local\Google\Chrome\User Data\Default\845506aa-e10b-40f9-b1af-6489dcecebf1.tmp,,,,,Update Resident Value,0x580C,6.0,4/6/18 16:24,247894016.0,845506aa-e10b-40f9-b1af-6489dcecebf1.tmp,\Users\jcloudy\AppData\Local\Google\Chrome\User Data\Default\845506aa-e10b-40f9-b1af-6489dcecebf1.tmp,Basic_Info_Changed / File_Renamed_Old / Access_Right_Changed,Normal,Archive,,0x0047000000016033,0x000200000001906F,,,,3,3,True,True,1.0,False,845506aa-e10b-40f9-b1af-6489dcecebf1.tmp,\Users\jcloudy\AppData\Local\Google\Chrome\User Data\Default\845506aa-e10b-40f9-b1af-6489dcecebf1.tmp,False,False,False,False,0,True,False,True,False,False,False,False,True,False,False,False,False,False,False,False,False,False,False,9,40,True,True,False,False,False,True,False,False,False,True,False,False,False,True,False,False,False,3,0.9999473756492117,99.99473756492117,True,90-100%,True
85459888-d930-4f5f-bd7d-20cbab87a77a.tmp,1548255214.0,4/6/18 15:49,Time Reversal Event,CreationTime : 2018-04-06 15:49:47 -> 2018-03-27 17:33:15(same as Network Persistent State~RF319a3313.TMP/ Network Persistent State),85459888-d930-4f5f-bd7d-20cbab87a77a.tmp,\Users\jcloudy\AppData\Local\Google\Chrome\User Data\Default\85459888-d930-4f5f-bd7d-20cbab87a77a.tmp,,,,,Update Resident Value,0x4342,4.0,4/6/18 15:49,247812096.0,85459888-d930-4f5f-bd7d-20cbab87a77a.tmp,\Users\jcloudy\AppData\Local\Google\Chrome\User Data\Default\85459888-d930-4f5f-bd7d-20cbab87a77a.tmp,Basic_Info_Changed / File_Renamed_Old / Access_Right_Changed,Normal,Archive,,0x0019000000010D0A,0x000200000001906F,,,,3,3,True,True,1.0,False,85459888-d930-4f5f-bd7d-20cbab87a77a.tmp,\Users\jcloudy\AppData\Local\Google\Chrome\User Data\Default\85459888-d930-4f5f-bd7d-20cbab87a77a.tmp,False,False,False,False,0,True,False,True,False,False,False,False,True,False,False,False,False,False,False,False,False,False,False,9,40,True,True,False,False,False,True,False,False,False,True,False,False,False,True,False,False,False,3,0.9999473756492117,99.99473756492117,True,90-100%,True
8613e9ea-d9db-4cc2-ac6a-bcb59de3a41f.tmp,1549371182.0,4/6/18 16:32,Time Reversal Event,CreationTime : 2018-04-06 16:32:15 -> 2018-03-27 17:32:51(same as Preferences/ Preferences~RF2a180ce2.TMP),8613e9ea-d9db-4cc2-ac6a-bcb59de3a41f.tmp,\Users\jcloudy\AppData\Local\Google\Chrome\User Data\Default\8613e9ea-d9db-4cc2-ac6a-bcb59de3a41f.tmp,,,,,Update Resident Value,0x883E,0.0,4/6/18 16:32,248225416.0,8613e9ea-d9db-4cc2-ac6a-bcb59de3a41f.tmp,\Users\jcloudy\AppData\Local\Google\Chrome\User Data\Default\8613e9ea-d9db-4cc2-ac6a-bcb59de3a41f.tmp,Basic_Info_Changed / File_Renamed_Old / Access_Right_Changed,Normal,Archive,,0x00410000000220F8,0x000200000001906F,,,,3,3,True,True,1.0,False,8613e9ea-d9db-4cc2-ac6a-bcb59de3a41f.tmp,\Users\jcloudy\AppData\Local\Google\Chrome\User Data\Default\8613e9ea-d9db-4cc2-ac6a-bcb59de3a41f.tmp,False,False,False,False,0,True,False,True,False,False,False,False,True,False,False,False,False,False,False,False,False,False,False,9,40,True,True,False,False,False,True,False,False,False,True,False,False,False,True,False,False,False,3,0.9999473756492117,99.99473756492117,True,90-100%,True
8719eff3-a7ee-42ec-ac1c-d3b535c5e51e.tmp,1550806984.0,4/6/18 20:28,Time Reversal Event,CreationTime : 2018-04-06 20:28:26 -> 2018-03-27 17:33:15(same as Network Persistent State~RF319a3313.TMP/ Network Persistent State),8719eff3-a7ee-42ec-ac1c-d3b535c5e51e.tmp,\Users\jcloudy\AppData\Local\Google\Chrome\User Data\Default\8719eff3-a7ee-42ec-ac1c-d3b535c5e51e.tmp,,,,,Update Resident Value,0x5CBD,0.0,4/6/18 20:28,248900640.0,8719eff3-a7ee-42ec-ac1c-d3b535c5e51e.tmp,\Users\jcloudy\AppData\Local\Google\Chrome\User Data\Default\8719eff3-a7ee-42ec-ac1c-d3b535c5e51e.tmp,Basic_Info_Changed / File_Renamed_Old / Access_Right_Changed,Normal,Archive,,0x000C0000000172F4,0x000200000001906F,,,,3,3,True,True,1.0,False,8719eff3-a7ee-42ec-ac1c-d3b535c5e51e.tmp,\Users\jcloudy\AppData\Local\Google\Chrome\User Data\Default\8719eff3-a7ee-42ec-ac1c-d3b535c5e51e.tmp,False,False,False,False,0,True,False,True,False,False,False,False,True,False,False,False,False,False,False,False,False,False,False,9,40,True,True,False,False,False,True,False,False,False,True,False,False,False,True,False,False,False,3,0.9999473756492117,99.99473756492117,True,90-100%,True
88e75225-4a1c-46a6-b37a-f9f8c21c2375.tmp,1547593477.0,4/6/18 15:36,Time Reversal Event,CreationTime : 2018-04-06 15:36:47 -> 2018-03-27 17:33:13(same as TransportSecurity),88e75225-4a1c-46a6-b37a-f9f8c21c2375.tmp,\Users\jcloudy\AppData\Local\Google\Chrome\User Data\Default\88e75225-4a1c-46a6-b37a-f9f8c21c2375.tmp,,,,,Update Resident Value,0x470C,2.0,4/6/18 15:36,247704488.0,88e75225-4a1c-46a6-b37a-f9f8c21c2375.tmp,\Users\jcloudy\AppData\Local\Google\Chrome\User Data\Default\88e75225-4a1c-46a6-b37a-f9f8c21c2375.tmp,Basic_Info_Changed / File_Renamed_Old / Access_Right_Changed,Normal,Archive,,0x0019000000011C31,0x000200000001906F,,,,3,3,True,True,1.0,False,88e75225-4a1c-46a6-b37a-f9f8c21c2375.tmp,\Users\jcloudy\AppData\Local\Google\Chrome\User Data\Default\88e75225-4a1c-46a6-b37a-f9f8c21c2375.tmp,False,False,False,False,0,True,False,True,False,False,False,False,True,False,False,False,False,False,False,False,False,False,False,9,40,True,True,False,False,False,True,False,False,False,True,False,False,False,True,False,False,False,3,0.9999473756492117,99.99473756492117,True,90-100%,True
89cef6dd-da9f-4018-9e85-3ed42e3e41f5.tmp,1551165721.0,4/6/18 20:34,Time Reversal Event,CreationTime : 2018-04-06 20:34:50 -> 2018-03-27 17:32:51(same as Preferences/ Preferences~RF2a180ce2.TMP),89cef6dd-da9f-4018-9e85-3ed42e3e41f5.tmp,\Users\jcloudy\AppData\Local\Google\Chrome\User Data\Default\89cef6dd-da9f-4018-9e85-3ed42e3e41f5.tmp,,,,,Update Resident Value,0x87EF,0.0,4/6/18 20:34,248974816.0,89cef6dd-da9f-4018-9e85-3ed42e3e41f5.tmp,\Users\jcloudy\AppData\Local\Google\Chrome\User Data\Default\89cef6dd-da9f-4018-9e85-3ed42e3e41f5.tmp,Basic_Info_Changed / File_Renamed_Old / Access_Right_Changed,Normal,Archive,,0x0009000000021FBC,0x000200000001906F,,,,3,3,True,True,1.0,False,89cef6dd-da9f-4018-9e85-3ed42e3e41f5.tmp,\Users\jcloudy\AppData\Local\Google\Chrome\User Data\Default\89cef6dd-da9f-4018-9e85-3ed42e3e41f5.tmp,False,False,False,False,0,True,False,True,False,False,False,False,True,False,False,False,False,False,False,False,False,False,False,9,40,True,True,False,False,False,True,False,False,False,True,False,False,False,True,False,False,False,3,0.9999473756492117,99.99473756492117,True,90-100%,True
8b35a5d5-fc20-4ac7-82be-e323410d7683.tmp,1545085042.0,4/6/18 15:06,Time Reversal Event,CreationTime : 2018-04-06 15:06:33 -> 2018-03-27 17:33:01(same as Local State),8b35a5d5-fc20-4ac7-82be-e323410d7683.tmp,\Users\jcloudy\AppData\Local\Google\Chrome\User Data\8b35a5d5-fc20-4ac7-82be-e323410d7683.tmp,,,,,Update Resident Value,0x1BA,2.0,4/6/18 15:06,247186232.0,8b35a5d5-fc20-4ac7-82be-e323410d7683.tmp,\Users\jcloudy\AppData\Local\Google\Chrome\User Data\8b35a5d5-fc20-4ac7-82be-e323410d7683.tmp,Basic_Info_Changed / File_Renamed_Old / Access_Right_Changed,Normal,Archive,,0x009E0000000006E9,0x0002000000019030,,,,3,3,True,True,1.0,False,8b35a5d5-fc20-4ac7-82be-e323410d7683.tmp,\Users\jcloudy\AppData\Local\Google\Chrome\User Data\8b35a5d5-fc20-4ac7-82be-e323410d7683.tmp,False,False,False,False,0,True,False,True,False,False,False,False,True,False,False,False,False,False,False,False,False,False,False,8,40,True,True,False,False,False,True,False,False,False,True,False,False,False,True,False,False,False,3,0.999969781695434,99.99697816954341,True,90-100%,True
8b381826-82df-49ca-a8f6-7b1872e1fd69.tmp,1545580503.0,4/6/18 15:11,Time Reversal Event,CreationTime : 2018-04-06 15:11:45 -> 2018-03-27 17:32:51(same as Preferences/ Preferences~RF2a180ce2.TMP),8b381826-82df-49ca-a8f6-7b1872e1fd69.tmp,\Users\jcloudy\AppData\Local\Google\Chrome\User Data\Default\8b381826-82df-49ca-a8f6-7b1872e1fd69.tmp,,,,,Update Resident Value,0x846D,4.0,4/6/18 15:11,247280296.0,8b381826-82df-49ca-a8f6-7b1872e1fd69.tmp,\Users\jcloudy\AppData\Local\Google\Chrome\User Data\Default\8b381826-82df-49ca-a8f6-7b1872e1fd69.tmp,Basic_Info_Changed / File_Renamed_Old / Access_Right_Changed,Normal,Archive,,0x00370000000211B6,0x000200000001906F,,,,3,3,True,True,1.0,False,8b381826-82df-49ca-a8f6-7b1872e1fd69.tmp,\Users\jcloudy\AppData\Local\Google\Chrome\User Data\Default\8b381826-82df-49ca-a8f6-7b1872e1fd69.tmp,False,False,False,False,0,True,False,True,False,False,False,False,True,False,False,False,False,False,False,False,False,False,False,9,40,True,True,False,False,False,True,False,False,False,True,False,False,False,True,False,False,False,3,0.9999473756492117,99.99473756492117,True,90-100%,True
8e0a14be-fa5c-4915-bfbe-e94eb921198e.tmp,1545058126.0,4/6/18 15:06,Time Reversal Event,CreationTime : 2018-04-06 15:06:17 -> 2018-03-27 17:33:15(same as Network Persistent State~RF319a3313.TMP/ Network Persistent State),8e0a14be-fa5c-4915-bfbe-e94eb921198e.tmp,\Users\jcloudy\AppData\Local\Google\Chrome\User Data\Default\8e0a14be-fa5c-4915-bfbe-e94eb921198e.tmp,,,,,Update Resident Value,0x83C2,4.0,4/6/18 15:06,247180464.0,8e0a14be-fa5c-4915-bfbe-e94eb921198e.tmp,\Users\jcloudy\AppData\Local\Google\Chrome\User Data\Default\8e0a14be-fa5c-4915-bfbe-e94eb921198e.tmp,Basic_Info_Changed / File_Renamed_Old / Access_Right_Changed,Normal,Archive,,0x000C000000020F0A,0x000200000001906F,,,,3,3,True,True,1.0,False,8e0a14be-fa5c-4915-bfbe-e94eb921198e.tmp,\Users\jcloudy\AppData\Local\Google\Chrome\User Data\Default\8e0a14be-fa5c-4915-bfbe-e94eb921198e.tmp,False,False,False,False,0,True,False,True,False,False,False,False,True,False,False,False,False,False,False,False,False,False,False,9,40,True,True,False,False,False,True,False,False,False,True,False,False,False,True,False,False,False,3,0.9999473756492117,99.99473756492117,True,90-100%,True
8e3968b3-0dec-4fc4-bf38-f0103dd2bba4.tmp,1550739697.0,4/6/18 20:27,Time Reversal Event,CreationTime : 2018-04-06 20:27:19 -> 2018-03-27 17:33:13(same as TransportSecurity),8e3968b3-0dec-4fc4-bf38-f0103dd2bba4.tmp,\Users\jcloudy\AppData\Local\Google\Chrome\User Data\Default\8e3968b3-0dec-4fc4-bf38-f0103dd2bba4.tmp,,,,,Update Resident Value,0x8886,4.0,4/6/18 20:27,248887448.0,8e3968b3-0dec-4fc4-bf38-f0103dd2bba4.tmp,\Users\jcloudy\AppData\Local\Google\Chrome\User Data\Default\8e3968b3-0dec-4fc4-bf38-f0103dd2bba4.tmp,Basic_Info_Changed / File_Renamed_Old / Access_Right_Changed,Normal,Archive,,0x000E00000002221A,0x000200000001906F,,,,3,3,True,True,1.0,False,8e3968b3-0dec-4fc4-bf38-f0103dd2bba4.tmp,\Users\jcloudy\AppData\Local\Google\Chrome\User Data\Default\8e3968b3-0dec-4fc4-bf38-f0103dd2bba4.tmp,False,False,False,False,0,True,False,True,False,False,False,False,True,False,False,False,False,False,False,False,False,False,False,9,40,True,True,False,False,False,True,False,False,False,True,False,False,False,True,False,False,False,3,0.9999473756492117,99.99473756492117,True,90-100%,True
8f3388d4-08e7-469c-8ec5-66d746738b77.tmp,1548106219.0,4/6/18 15:46,Time Reversal Event,CreationTime : 2018-04-06 15:46:48 -> 2018-03-27 17:33:15(same as Network Persistent State~RF319a3313.TMP/ Network Persistent State),8f3388d4-08e7-469c-8ec5-66d746738b77.tmp,\Users\jcloudy\AppData\Local\Google\Chrome\User Data\Default\8f3388d4-08e7-469c-8ec5-66d746738b77.tmp,,,,,Update Resident Value,0x46F2,0.0,4/6/18 15:46,247791432.0,8f3388d4-08e7-469c-8ec5-66d746738b77.tmp,\Users\jcloudy\AppData\Local\Google\Chrome\User Data\Default\8f3388d4-08e7-469c-8ec5-66d746738b77.tmp,Basic_Info_Changed / File_Renamed_Old / Access_Right_Changed,Normal,Archive,,0x000A000000011BC8,0x000200000001906F,,,,3,3,True,True,1.0,False,8f3388d4-08e7-469c-8ec5-66d746738b77.tmp,\Users\jcloudy\AppData\Local\Google\Chrome\User Data\Default\8f3388d4-08e7-469c-8ec5-66d746738b77.tmp,False,False,False,False,0,True,False,True,False,False,False,False,True,False,False,False,False,False,False,False,False,False,False,9,40,True,True,False,False,False,True,False,False,False,True,False,False,False,True,False,False,False,3,0.9999473756492117,99.99473756492117,True,90-100%,True
90dd42ca-4382-4ca7-ab02-7121c786f255.tmp,1549396052.0,4/6/18 16:32,Time Reversal Event,CreationTime : 2018-04-06 16:32:36 -> 2018-03-27 17:33:15(same as Network Persistent State~RF319a3313.TMP/ Network Persistent State),90dd42ca-4382-4ca7-ab02-7121c786f255.tmp,\Users\jcloudy\AppData\Local\Google\Chrome\User Data\Default\90dd42ca-4382-4ca7-ab02-7121c786f255.tmp,,,,,Update Resident Value,0x8814,4.0,4/6/18 16:32,248230576.0,90dd42ca-4382-4ca7-ab02-7121c786f255.tmp,\Users\jcloudy\AppData\Local\Google\Chrome\User Data\Default\90dd42ca-4382-4ca7-ab02-7121c786f255.tmp,Basic_Info_Changed / File_Renamed_Old / Access_Right_Changed,Normal,Archive,,0x000A000000022052,0x000200000001906F,,,,3,3,True,True,1.0,False,90dd42ca-4382-4ca7-ab02-7121c786f255.tmp,\Users\jcloudy\AppData\Local\Google\Chrome\User Data\Default\90dd42ca-4382-4ca7-ab02-7121c786f255.tmp,False,False,False,False,0,True,False,True,False,False,False,False,True,False,False,False,False,False,False,False,False,False,False,9,40,True,True,False,False,False,True,False,False,False,True,False,False,False,True,False,False,False,3,0.9999473756492117,99.99473756492117,True,90-100%,True
95539e28-6a82-4f5e-beb4-782f3294192c.tmp,1549522921.0,4/6/18 16:34,Time Reversal Event,CreationTime : 2018-04-06 16:34:51 -> 2018-03-27 17:33:13(same as TransportSecurity),95539e28-6a82-4f5e-beb4-782f3294192c.tmp,\Users\jcloudy\AppData\Local\Google\Chrome\User Data\Default\95539e28-6a82-4f5e-beb4-782f3294192c.tmp,,,,,Update Resident Value,0x83E4,4.0,4/6/18 16:34,248254944.0,95539e28-6a82-4f5e-beb4-782f3294192c.tmp,\Users\jcloudy\AppData\Local\Google\Chrome\User Data\Default\95539e28-6a82-4f5e-beb4-782f3294192c.tmp,Basic_Info_Changed / File_Renamed_Old / Access_Right_Changed,Normal,Archive,,0x0011000000020F92,0x000200000001906F,,,,3,3,True,True,1.0,False,95539e28-6a82-4f5e-beb4-782f3294192c.tmp,\Users\jcloudy\AppData\Local\Google\Chrome\User Data\Default\95539e28-6a82-4f5e-beb4-782f3294192c.tmp,False,False,False,False,0,True,False,True,False,False,False,False,True,False,False,False,False,False,False,False,False,False,False,9,40,True,True,False,False,False,True,False,False,False,True,False,False,False,True,False,False,False,3,0.9999473756492117,99.99473756492117,True,90-100%,True
97187b82-9481-4939-a24e-d0dcb06aa9c4.tmp,1545600995.0,4/6/18 15:12,Time Reversal Event,CreationTime : 2018-04-06 15:12:01 -> 2018-03-27 17:32:51(same as Preferences/ Preferences~RF2a180ce2.TMP),97187b82-9481-4939-a24e-d0dcb06aa9c4.tmp,\Users\jcloudy\AppData\Local\Google\Chrome\User Data\Default\97187b82-9481-4939-a24e-d0dcb06aa9c4.tmp,,,,,Update Resident Value,0x8974,0.0,4/6/18 15:12,247285792.0,97187b82-9481-4939-a24e-d0dcb06aa9c4.tmp,\Users\jcloudy\AppData\Local\Google\Chrome\User Data\Default\97187b82-9481-4939-a24e-d0dcb06aa9c4.tmp,Basic_Info_Changed / File_Renamed_Old / Access_Right_Changed,Normal,Archive,,0x004A0000000225D0,0x000200000001906F,,,,3,3,True,True,1.0,False,97187b82-9481-4939-a24e-d0dcb06aa9c4.tmp,\Users\jcloudy\AppData\Local\Google\Chrome\User Data\Default\97187b82-9481-4939-a24e-d0dcb06aa9c4.tmp,False,False,False,False,0,True,False,True,False,False,False,False,True,False,False,False,False,False,False,False,False,False,False,9,40,True,True,False,False,False,True,False,False,False,True,False,False,False,True,False,False,False,3,0.9999473756492117,99.99473756492117,True,90-100%,True
97b526e9-ed36-4538-bb86-1c24e07da616.tmp,1550241410.0,4/6/18 20:26,Time Reversal Event,CreationTime : 2018-04-06 20:26:24 -> 2018-03-27 17:33:01(same as Local State),97b526e9-ed36-4538-bb86-1c24e07da616.tmp,\Users\jcloudy\AppData\Local\Google\Chrome\User Data\97b526e9-ed36-4538-bb86-1c24e07da616.tmp,,,,,Update Resident Value,0x87EF,0.0,4/6/18 20:26,248638160.0,97b526e9-ed36-4538-bb86-1c24e07da616.tmp,\Users\jcloudy\AppData\Local\Google\Chrome\User Data\97b526e9-ed36-4538-bb86-1c24e07da616.tmp,Basic_Info_Changed / File_Renamed_Old / Access_Right_Changed,Normal,Archive,,0x0006000000021FBC,0x0002000000019030,,,,3,3,True,True,1.0,False,97b526e9-ed36-4538-bb86-1c24e07da616.tmp,\Users\jcloudy\AppData\Local\Google\Chrome\User Data\97b526e9-ed36-4538-bb86-1c24e07da616.tmp,False,False,False,False,0,True,False,True,False,False,False,False,True,False,False,False,False,False,False,False,False,False,False,8,40,True,True,False,False,False,True,False,False,False,True,False,False,False,True,False,False,False,3,0.999969781695434,99.99697816954341,True,90-100%,True
989529d7-0415-43a1-8d56-2a359f745747.tmp,1548949859.0,4/6/18 16:27,Time Reversal Event,CreationTime : 2018-04-06 16:27:57 -> 2018-03-27 17:33:13(same as TransportSecurity),989529d7-0415-43a1-8d56-2a359f745747.tmp,\Users\jcloudy\AppData\Local\Google\Chrome\User Data\Default\989529d7-0415-43a1-8d56-2a359f745747.tmp,,,,,Update Resident Value,0x86B8,2.0,4/6/18 16:27,248085296.0,989529d7-0415-43a1-8d56-2a359f745747.tmp,\Users\jcloudy\AppData\Local\Google\Chrome\User Data\Default\989529d7-0415-43a1-8d56-2a359f745747.tmp,Basic_Info_Changed / File_Renamed_Old / Access_Right_Changed,Normal,Archive,,0x000A000000021AE1,0x000200000001906F,,,,3,3,True,True,1.0,False,989529d7-0415-43a1-8d56-2a359f745747.tmp,\Users\jcloudy\AppData\Local\Google\Chrome\User Data\Default\989529d7-0415-43a1-8d56-2a359f745747.tmp,False,False,False,False,0,True,False,True,False,False,False,False,True,False,False,False,False,False,False,False,False,False,False,9,40,True,True,False,False,False,True,False,False,False,True,False,False,False,True,False,False,False,3,0.9999473756492117,99.99473756492117,True,90-100%,True
98cd128a-4139-4b0f-bc5c-83fda3b49ba1.tmp,1549201348.0,4/6/18 16:30,Time Reversal Event,CreationTime : 2018-04-06 16:30:45 -> 2018-03-27 17:33:13(same as TransportSecurity),98cd128a-4139-4b0f-bc5c-83fda3b49ba1.tmp,\Users\jcloudy\AppData\Local\Google\Chrome\User Data\Default\98cd128a-4139-4b0f-bc5c-83fda3b49ba1.tmp,,,,,Update Resident Value,0x431F,0.0,4/6/18 16:30,248160384.0,98cd128a-4139-4b0f-bc5c-83fda3b49ba1.tmp,\Users\jcloudy\AppData\Local\Google\Chrome\User Data\Default\98cd128a-4139-4b0f-bc5c-83fda3b49ba1.tmp,Basic_Info_Changed / File_Renamed_Old / Access_Right_Changed,Normal,Archive,,0x000B000000010C7C,0x000200000001906F,,,,3,3,True,True,1.0,False,98cd128a-4139-4b0f-bc5c-83fda3b49ba1.tmp,\Users\jcloudy\AppData\Local\Google\Chrome\User Data\Default\98cd128a-4139-4b0f-bc5c-83fda3b49ba1.tmp,False,False,False,False,0,True,False,True,False,False,False,False,True,False,False,False,False,False,False,False,False,False,False,9,40,True,True,False,False,False,True,False,False,False,True,False,False,False,True,False,False,False,3,0.9999473756492117,99.99473756492117,True,90-100%,True
98dd496d-5bdc-4323-868f-343b20950098.tmp,1545611372.0,4/6/18 15:12,Time Reversal Event,CreationTime : 2018-04-06 15:12:03 -> 2018-03-27 17:33:13(same as TransportSecurity),98dd496d-5bdc-4323-868f-343b20950098.tmp,\Users\jcloudy\AppData\Local\Google\Chrome\User Data\Default\98dd496d-5bdc-4323-868f-343b20950098.tmp,,,,,Update Resident Value,0x83A3,2.0,4/6/18 15:12,247288848.0,98dd496d-5bdc-4323-868f-343b20950098.tmp,\Users\jcloudy\AppData\Local\Google\Chrome\User Data\Default\98dd496d-5bdc-4323-868f-343b20950098.tmp,Basic_Info_Changed / File_Renamed_Old / Access_Right_Changed,Normal,Archive,,0x0030000000020E8D,0x000200000001906F,,,,3,3,True,True,1.0,False,98dd496d-5bdc-4323-868f-343b20950098.tmp,\Users\jcloudy\AppData\Local\Google\Chrome\User Data\Default\98dd496d-5bdc-4323-868f-343b20950098.tmp,False,False,False,False,0,True,False,True,False,False,False,False,True,False,False,False,False,False,False,False,False,False,False,9,40,True,True,False,False,False,True,False,False,False,True,False,False,False,True,False,False,False,3,0.9999473756492117,99.99473756492117,True,90-100%,True
991638b4-36c2-44f1-a9f4-91958e14dfee.tmp,1545039781.0,4/6/18 15:06,Time Reversal Event,CreationTime : 2018-04-06 15:06:07 -> 2018-03-27 17:33:01(same as Local State),991638b4-36c2-44f1-a9f4-91958e14dfee.tmp,\Users\jcloudy\AppData\Local\Google\Chrome\User Data\991638b4-36c2-44f1-a9f4-91958e14dfee.tmp,,,,,Update Resident Value,0x83A3,2.0,4/6/18 15:06,247175408.0,991638b4-36c2-44f1-a9f4-91958e14dfee.tmp,\Users\jcloudy\AppData\Local\Google\Chrome\User Data\991638b4-36c2-44f1-a9f4-91958e14dfee.tmp,Basic_Info_Changed / File_Renamed_Old / Access_Right_Changed,Normal,Archive,,0x001A000000020E8D,0x0002000000019030,,,,3,3,True,True,1.0,False,991638b4-36c2-44f1-a9f4-91958e14dfee.tmp,\Users\jcloudy\AppData\Local\Google\Chrome\User Data\991638b4-36c2-44f1-a9f4-91958e14dfee.tmp,False,False,False,False,0,True,False,True,False,False,False,False,True,False,False,False,False,False,False,False,False,False,False,8,40,True,True,False,False,False,True,False,False,False,True,False,False,False,True,False,False,False,3,0.999969781695434,99.99697816954341,True,90-100%,True
9a30f7b8-389c-4cf2-9b40-d0123e980fd5.tmp,1544970440.0,4/6/18 15:05,Time Reversal Event,CreationTime : 2018-04-06 15:05:41 -> 2018-03-27 17:33:01(same as Local State),9a30f7b8-389c-4cf2-9b40-d0123e980fd5.tmp,\Users\jcloudy\AppData\Local\Google\Chrome\User Data\9a30f7b8-389c-4cf2-9b40-d0123e980fd5.tmp,,,,,Update Resident Value,0x83C2,4.0,4/6/18 15:05,247164536.0,9a30f7b8-389c-4cf2-9b40-d0123e980fd5.tmp,\Users\jcloudy\AppData\Local\Google\Chrome\User Data\9a30f7b8-389c-4cf2-9b40-d0123e980fd5.tmp,Basic_Info_Changed / File_Renamed_Old / Access_Right_Changed,Normal,Archive,,0x000A000000020F0A,0x0002000000019030,,,,3,3,True,True,1.0,False,9a30f7b8-389c-4cf2-9b40-d0123e980fd5.tmp,\Users\jcloudy\AppData\Local\Google\Chrome\User Data\9a30f7b8-389c-4cf2-9b40-d0123e980fd5.tmp,False,False,False,False,0,True,False,True,False,False,False,False,True,False,False,False,False,False,False,False,False,False,False,8,40,True,True,False,False,False,True,False,False,False,True,False,False,False,True,False,False,False,3,0.999969781695434,99.99697816954341,True,90-100%,True
9bb176de-db95-4595-8acc-0f1925a3c617.tmp,1561217738.0,4/6/18 20:41,Time Reversal Event,CreationTime : 2018-04-06 20:41:38 -> 2018-03-27 17:33:13(same as TransportSecurity),9bb176de-db95-4595-8acc-0f1925a3c617.tmp,\Users\jcloudy\AppData\Local\Google\Chrome\User Data\Default\9bb176de-db95-4595-8acc-0f1925a3c617.tmp,,,,,Update Resident Value,0x8A2A,2.0,4/6/18 20:41,249661808.0,9bb176de-db95-4595-8acc-0f1925a3c617.tmp,\Users\jcloudy\AppData\Local\Google\Chrome\User Data\Default\9bb176de-db95-4595-8acc-0f1925a3c617.tmp,Basic_Info_Changed / File_Renamed_Old / Access_Right_Changed,Normal,Archive,,0x00090000000228A9,0x000200000001906F,,,,3,3,True,True,1.0,False,9bb176de-db95-4595-8acc-0f1925a3c617.tmp,\Users\jcloudy\AppData\Local\Google\Chrome\User Data\Default\9bb176de-db95-4595-8acc-0f1925a3c617.tmp,False,False,False,False,0,True,False,True,False,False,False,False,True,False,False,False,False,False,False,False,False,False,False,9,40,True,True,False,False,False,True,False,False,False,True,False,False,False,True,False,False,False,3,0.9999473756492117,99.99473756492117,True,90-100%,True
9cbf3786-96dd-473e-a592-c8f5669103e7.tmp,1546607843.0,4/6/18 15:22,Time Reversal Event,CreationTime : 2018-04-06 15:22:41 -> 2018-03-27 17:33:15(same as Network Persistent State~RF319a3313.TMP/ Network Persistent State),9cbf3786-96dd-473e-a592-c8f5669103e7.tmp,\Users\jcloudy\AppData\Local\Google\Chrome\User Data\Default\9cbf3786-96dd-473e-a592-c8f5669103e7.tmp,,,,,Update Resident Value,0x83EF,0.0,4/6/18 15:22,247470544.0,9cbf3786-96dd-473e-a592-c8f5669103e7.tmp,\Users\jcloudy\AppData\Local\Google\Chrome\User Data\Default\9cbf3786-96dd-473e-a592-c8f5669103e7.tmp,Basic_Info_Changed / File_Renamed_Old / Access_Right_Changed,Normal,Archive,,0x0055000000020FBC,0x000200000001906F,,,,3,3,True,True,1.0,False,9cbf3786-96dd-473e-a592-c8f5669103e7.tmp,\Users\jcloudy\AppData\Local\Google\Chrome\User Data\Default\9cbf3786-96dd-473e-a592-c8f5669103e7.tmp,False,False,False,False,0,True,False,True,False,False,False,False,True,False,False,False,False,False,False,False,False,False,False,9,40,True,True,False,False,False,True,False,False,False,True,False,False,False,True,False,False,False,3,0.9999473756492117,99.99473756492117,True,90-100%,True
9dd3831d-0cc2-443f-9642-c6aeb0d186d3.tmp,1551131181.0,4/6/18 20:34,Time Reversal Event,CreationTime : 2018-04-06 20:34:09 -> 2018-03-27 17:33:15(same as Network Persistent State~RF319a3313.TMP/ Network Persistent State),9dd3831d-0cc2-443f-9642-c6aeb0d186d3.tmp,\Users\jcloudy\AppData\Local\Google\Chrome\User Data\Default\9dd3831d-0cc2-443f-9642-c6aeb0d186d3.tmp,,,,,Update Resident Value,0x86B8,4.0,4/6/18 20:34,248968432.0,9dd3831d-0cc2-443f-9642-c6aeb0d186d3.tmp,\Users\jcloudy\AppData\Local\Google\Chrome\User Data\Default\9dd3831d-0cc2-443f-9642-c6aeb0d186d3.tmp,Basic_Info_Changed / File_Renamed_Old / Access_Right_Changed,Normal,Archive,,0x000A000000021AE2,0x000200000001906F,,,,3,3,True,True,1.0,False,9dd3831d-0cc2-443f-9642-c6aeb0d186d3.tmp,\Users\jcloudy\AppData\Local\Google\Chrome\User Data\Default\9dd3831d-0cc2-443f-9642-c6aeb0d186d3.tmp,False,False,False,False,0,True,False,True,False,False,False,False,True,False,False,False,False,False,False,False,False,False,False,9,40,True,True,False,False,False,True,False,False,False,True,False,False,False,True,False,False,False,3,0.9999473756492117,99.99473756492117,True,90-100%,True
9f7412d5-5f84-4017-bee2-1e1a4de74cf4.tmp,1551332384.0,4/6/18 20:35,Time Reversal Event,CreationTime : 2018-04-06 20:35:21 -> 2018-03-27 17:33:15(same as Network Persistent State~RF319a3313.TMP/ Network Persistent State),9f7412d5-5f84-4017-bee2-1e1a4de74cf4.tmp,\Users\jcloudy\AppData\Local\Google\Chrome\User Data\Default\9f7412d5-5f84-4017-bee2-1e1a4de74cf4.tmp,,,,,Update Resident Value,0x898D,0.0,4/6/18 20:35,249043000.0,9f7412d5-5f84-4017-bee2-1e1a4de74cf4.tmp,\Users\jcloudy\AppData\Local\Google\Chrome\User Data\Default\9f7412d5-5f84-4017-bee2-1e1a4de74cf4.tmp,Basic_Info_Changed / File_Renamed_Old / Access_Right_Changed,Normal,Archive,,0x0009000000022634,0x000200000001906F,,,,3,3,True,True,1.0,False,9f7412d5-5f84-4017-bee2-1e1a4de74cf4.tmp,\Users\jcloudy\AppData\Local\Google\Chrome\User Data\Default\9f7412d5-5f84-4017-bee2-1e1a4de74cf4.tmp,False,False,False,False,0,True,False,True,False,False,False,False,True,False,False,False,False,False,False,False,False,False,False,9,40,True,True,False,False,False,True,False,False,False,True,False,False,False,True,False,False,False,3,0.9999473756492117,99.99473756492117,True,90-100%,True
a114c9d7-31f1-4797-a887-c887869d0960.tmp,1550992969.0,4/6/18 20:31,Time Reversal Event,CreationTime : 2018-04-06 20:31:30 -> 2018-03-27 17:32:51(same as Preferences/ Preferences~RF2a180ce2.TMP),a114c9d7-31f1-4797-a887-c887869d0960.tmp,\Users\jcloudy\AppData\Local\Google\Chrome\User Data\Default\a114c9d7-31f1-4797-a887-c887869d0960.tmp,,,,,Update Resident Value,0x898C,4.0,4/6/18 20:31,248944632.0,a114c9d7-31f1-4797-a887-c887869d0960.tmp,\Users\jcloudy\AppData\Local\Google\Chrome\User Data\Default\a114c9d7-31f1-4797-a887-c887869d0960.tmp,Basic_Info_Changed / File_Renamed_Old / Access_Right_Changed,Normal,Archive,,0x0009000000022632,0x000200000001906F,,,,3,3,True,True,1.0,False,a114c9d7-31f1-4797-a887-c887869d0960.tmp,\Users\jcloudy\AppData\Local\Google\Chrome\User Data\Default\a114c9d7-31f1-4797-a887-c887869d0960.tmp,False,False,False,False,0,True,False,True,False,False,False,False,True,False,False,False,False,False,False,False,False,False,False,9,40,True,True,False,False,False,True,False,False,False,True,False,False,False,True,False,False,False,3,0.9999473756492117,99.99473756492117,True,90-100%,True
a33c201b-e1a8-4b47-8a72-7119ad46dfe4.tmp,1550673209.0,4/6/18 20:26,Time Reversal Event,CreationTime : 2018-04-06 20:26:47 -> 2018-03-27 17:33:01(same as Local State),a33c201b-e1a8-4b47-8a72-7119ad46dfe4.tmp,\Users\jcloudy\AppData\Local\Google\Chrome\User Data\a33c201b-e1a8-4b47-8a72-7119ad46dfe4.tmp,,,,,Update Resident Value,0x8886,4.0,4/6/18 20:26,248860160.0,a33c201b-e1a8-4b47-8a72-7119ad46dfe4.tmp,\Users\jcloudy\AppData\Local\Google\Chrome\User Data\a33c201b-e1a8-4b47-8a72-7119ad46dfe4.tmp,Basic_Info_Changed / File_Renamed_Old / Access_Right_Changed,Normal,Archive,,0x000D00000002221A,0x0002000000019030,,,,3,3,True,True,1.0,False,a33c201b-e1a8-4b47-8a72-7119ad46dfe4.tmp,\Users\jcloudy\AppData\Local\Google\Chrome\User Data\a33c201b-e1a8-4b47-8a72-7119ad46dfe4.tmp,False,False,False,False,0,True,False,True,False,False,False,False,True,False,False,False,False,False,False,False,False,False,False,8,40,True,True,False,False,False,True,False,False,False,True,False,False,False,True,False,False,False,3,0.999969781695434,99.99697816954341,True,90-100%,True
a4b4332a-e1d6-4f56-a580-08e807779f6c.tmp,1546099371.0,4/6/18 15:16,Time Reversal Event,CreationTime : 2018-04-06 15:16:46 -> 2018-03-27 17:33:01(same as Local State),a4b4332a-e1d6-4f56-a580-08e807779f6c.tmp,\Users\jcloudy\AppData\Local\Google\Chrome\User Data\a4b4332a-e1d6-4f56-a580-08e807779f6c.tmp,,,,,Update Resident Value,0x1BA,2.0,4/6/18 15:16,247391176.0,a4b4332a-e1d6-4f56-a580-08e807779f6c.tmp,\Users\jcloudy\AppData\Local\Google\Chrome\User Data\a4b4332a-e1d6-4f56-a580-08e807779f6c.tmp,Basic_Info_Changed / File_Renamed_Old / Access_Right_Changed,Normal,Archive,,0x00AF0000000006E9,0x0002000000019030,,,,3,3,True,True,1.0,False,a4b4332a-e1d6-4f56-a580-08e807779f6c.tmp,\Users\jcloudy\AppData\Local\Google\Chrome\User Data\a4b4332a-e1d6-4f56-a580-08e807779f6c.tmp,False,False,False,False,0,True,False,True,False,False,False,False,True,False,False,False,False,False,False,False,False,False,False,8,40,True,True,False,False,False,True,False,False,False,True,False,False,False,True,False,False,False,3,0.999969781695434,99.99697816954341,True,90-100%,True
a9c22049-e22d-47dd-8335-6d89923b5812.tmp,1545087669.0,4/6/18 15:06,Time Reversal Event,CreationTime : 2018-04-06 15:06:33 -> 2018-03-27 17:32:51(same as Preferences/ Preferences~RF2a180ce2.TMP),a9c22049-e22d-47dd-8335-6d89923b5812.tmp,\Users\jcloudy\AppData\Local\Google\Chrome\User Data\Default\a9c22049-e22d-47dd-8335-6d89923b5812.tmp,,,,,Update Resident Value,0x8974,0.0,4/6/18 15:06,247187744.0,a9c22049-e22d-47dd-8335-6d89923b5812.tmp,\Users\jcloudy\AppData\Local\Google\Chrome\User Data\Default\a9c22049-e22d-47dd-8335-6d89923b5812.tmp,Basic_Info_Changed / File_Renamed_Old / Access_Right_Changed,Normal,Archive,,0x00330000000225D0,0x000200000001906F,,,,3,3,True,True,1.0,False,a9c22049-e22d-47dd-8335-6d89923b5812.tmp,\Users\jcloudy\AppData\Local\Google\Chrome\User Data\Default\a9c22049-e22d-47dd-8335-6d89923b5812.tmp,False,False,False,False,0,True,False,True,False,False,False,False,True,False,False,False,False,False,False,False,False,False,False,9,40,True,True,False,False,False,True,False,False,False,True,False,False,False,True,False,False,False,3,0.9999473756492117,99.99473756492117,True,90-100%,True
ab76459a-616f-4055-bd4c-a3299175ec8a.tmp,1548109227.0,4/6/18 15:46,Time Reversal Event,CreationTime : 2018-04-06 15:46:51 -> 2018-03-27 17:33:13(same as TransportSecurity),ab76459a-616f-4055-bd4c-a3299175ec8a.tmp,\Users\jcloudy\AppData\Local\Google\Chrome\User Data\Default\ab76459a-616f-4055-bd4c-a3299175ec8a.tmp,,,,,Update Resident Value,0x1BA,2.0,4/6/18 15:46,247793600.0,ab76459a-616f-4055-bd4c-a3299175ec8a.tmp,\Users\jcloudy\AppData\Local\Google\Chrome\User Data\Default\ab76459a-616f-4055-bd4c-a3299175ec8a.tmp,Basic_Info_Changed / File_Renamed_Old / Access_Right_Changed,Normal,Archive,,0x00E30000000006E9,0x000200000001906F,,,,3,3,True,True,1.0,False,ab76459a-616f-4055-bd4c-a3299175ec8a.tmp,\Users\jcloudy\AppData\Local\Google\Chrome\User Data\Default\ab76459a-616f-4055-bd4c-a3299175ec8a.tmp,False,False,False,False,0,True,False,True,False,False,False,False,True,False,False,False,False,False,False,False,False,False,False,9,40,True,True,False,False,False,True,False,False,False,True,False,False,False,True,False,False,False,3,0.9999473756492117,99.99473756492117,True,90-100%,True
ae60157e-0d38-4ad2-bbf0-16004d5db484.tmp,1546707733.0,4/6/18 15:24,Time Reversal Event,CreationTime : 2018-04-06 15:24:17 -> 2018-03-27 17:33:15(same as Network Persistent State~RF319a3313.TMP/ Network Persistent State),ae60157e-0d38-4ad2-bbf0-16004d5db484.tmp,\Users\jcloudy\AppData\Local\Google\Chrome\User Data\Default\ae60157e-0d38-4ad2-bbf0-16004d5db484.tmp,,,,,Update Resident Value,0x7FF1,4.0,4/6/18 15:24,247489056.0,ae60157e-0d38-4ad2-bbf0-16004d5db484.tmp,\Users\jcloudy\AppData\Local\Google\Chrome\User Data\Default\ae60157e-0d38-4ad2-bbf0-16004d5db484.tmp,Basic_Info_Changed / File_Renamed_Old / Access_Right_Changed,Normal,Archive,,0x001C00000001FFC6,0x000200000001906F,,,,3,3,True,True,1.0,False,ae60157e-0d38-4ad2-bbf0-16004d5db484.tmp,\Users\jcloudy\AppData\Local\Google\Chrome\User Data\Default\ae60157e-0d38-4ad2-bbf0-16004d5db484.tmp,False,False,False,False,0,True,False,True,False,False,False,False,True,False,False,False,False,False,False,False,False,False,False,9,40,True,True,False,False,False,True,False,False,False,True,False,False,False,True,False,False,False,3,0.9999473756492117,99.99473756492117,True,90-100%,True
airport information.docx,1551626673.0,,Time Reversal Event,ModifiedTime : 2018-04-06 20:35:25 -> 2018-04-05 10:13:38(Zero in 100-nanoseconds),AIRPORT INFORMATION.docx,\Users\jcloudy\Dropbox\AIRPORT INFORMATION.docx,,,,,Update Resident Value,0x89F4,2.0,4/6/18 20:35,249189632.0,AIRPORT INFORMATION.docx,\Users\jcloudy\Dropbox\AIRPORT INFORMATION.docx,Basic_Info_Changed / File_Closed,Normal,Archive,,0x000A0000000227D1,0x00030000000220D0,,,,16,16,True,True,1.0,False,AIRPORT INFORMATION.docx,\Users\jcloudy\Dropbox\AIRPORT INFORMATION.docx,True,False,True,False,0,True,False,False,True,False,False,False,True,False,False,False,True,True,False,False,True,False,False,4,24,False,True,False,False,True,False,True,False,False,True,False,False,False,False,False,False,False,3,0.9411087909558286,94.11087909558286,True,90-100%,True
appraiser.sdb,1546631961.0,4/6/18 15:23,Time Reversal Event,ModifiedTime : 2018-04-06 15:23:03 -> 2018-03-23 04:22:26(Zero in 100-nanoseconds),appraiser.sdb,\Windows\appcompat\appraiser\AltData\appraiser.sdb,,,,,Update Resident Value,0x846D,4.0,4/6/18 15:23,247474288.0,appraiser.sdb,\Windows\appcompat\appraiser\AltData\appraiser.sdb,File_Created / Basic_Info_Changed / Data_Added / File_Closed,Normal,Archive,,0x004F0000000211B6,0x0001000000022817,,,,10,10,True,True,1.0,False,appraiser.sdb,\Windows\appcompat\appraiser\AltData\appraiser.sdb,True,False,True,False,0,True,False,False,True,False,False,False,True,False,False,False,True,True,False,False,False,False,False,5,13,False,True,False,False,True,False,True,False,False,True,False,False,False,False,True,False,False,3,0.9911103767426244,99.11103767426243,True,90-100%,True
appraiser_data.ini,1546632894.0,4/6/18 15:23,Time Reversal Event,ModifiedTime : 2018-04-06 15:23:03 -> 2018-03-23 04:25:44(Zero in 100-nanoseconds),Appraiser_Data.ini,\Windows\appcompat\appraiser\AltData\Appraiser_Data.ini,,,,,Update Resident Value,0x8974,6.0,4/6/18 15:23,247474664.0,Appraiser_Data.ini,\Windows\appcompat\appraiser\AltData\Appraiser_Data.ini,File_Created / Basic_Info_Changed / Data_Added / File_Closed,Normal,Archive,,0x00B70000000225D3,0x0001000000022817,,,,10,10,True,True,1.0,False,Appraiser_Data.ini,\Windows\appcompat\appraiser\AltData\Appraiser_Data.ini,True,False,True,False,0,True,False,False,True,False,False,False,True,False,False,False,True,True,False,False,False,False,False,5,18,False,True,False,False,True,False,True,False,False,True,False,False,False,False,True,False,False,3,0.9935332584379434,99.35332584379434,True,90-100%,True
appraiser_telemetryrunlist.xml,1546633981.0,,Time Reversal Event,ModifiedTime : 2018-04-06 15:23:03 -> 2018-02-06 08:03:42(Zero in 100-nanoseconds),Appraiser_TelemetryRunList.xml,\Windows\appcompat\appraiser\AltData\Appraiser_TelemetryRunList.xml,,,,,Update Resident Value,0x8977,2.0,4/6/18 15:23,247475120.0,Appraiser_TelemetryRunList.xml,\Windows\appcompat\appraiser\AltData\Appraiser_TelemetryRunList.xml,File_Created / Basic_Info_Changed / Data_Added / File_Closed,Normal,Archive,,0x002A0000000225DD,0x0001000000022817,,,,10,10,True,True,1.0,False,Appraiser_TelemetryRunList.xml,\Windows\appcompat\appraiser\AltData\Appraiser_TelemetryRunList.xml,True,False,True,False,0,True,False,False,True,False,False,False,True,False,False,False,True,True,False,False,False,False,False,5,30,False,True,False,False,True,False,True,False,False,True,False,False,False,False,True,False,False,3,0.996994090439003,99.6994090439003,True,90-100%,True
b120f410-685a-4b53-8447-837a0b4e2f93.tmp,1545090884.0,4/6/18 15:06,Time Reversal Event,CreationTime : 2018-04-06 15:06:34 -> 2018-03-27 17:33:13(same as TransportSecurity),b120f410-685a-4b53-8447-837a0b4e2f93.tmp,\Users\jcloudy\AppData\Local\Google\Chrome\User Data\Default\b120f410-685a-4b53-8447-837a0b4e2f93.tmp,,,,,Update Resident Value,0x83A3,2.0,4/6/18 15:06,247189856.0,b120f410-685a-4b53-8447-837a0b4e2f93.tmp,\Users\jcloudy\AppData\Local\Google\Chrome\User Data\Default\b120f410-685a-4b53-8447-837a0b4e2f93.tmp,Basic_Info_Changed / File_Renamed_Old / Access_Right_Changed,Normal,Archive,,0x001C000000020E8D,0x000200000001906F,,,,3,3,True,True,1.0,False,b120f410-685a-4b53-8447-837a0b4e2f93.tmp,\Users\jcloudy\AppData\Local\Google\Chrome\User Data\Default\b120f410-685a-4b53-8447-837a0b4e2f93.tmp,False,False,False,False,0,True,False,True,False,False,False,False,True,False,False,False,False,False,False,False,False,False,False,9,40,True,True,False,False,False,True,False,False,False,True,False,False,False,True,False,False,False,3,0.9999473756492117,99.99473756492117,True,90-100%,True
b18329ae-7d5a-4df2-86d4-4d66aaa32aa3.tmp,1549035655.0,4/6/18 16:28,Time Reversal Event,CreationTime : 2018-04-06 16:28:51 -> 2018-03-27 17:33:13(same as TransportSecurity),b18329ae-7d5a-4df2-86d4-4d66aaa32aa3.tmp,\Users\jcloudy\AppData\Local\Google\Chrome\User Data\Default\b18329ae-7d5a-4df2-86d4-4d66aaa32aa3.tmp,,,,,Update Resident Value,0x28C8,6.0,4/6/18 16:28,248114328.0,b18329ae-7d5a-4df2-86d4-4d66aaa32aa3.tmp,\Users\jcloudy\AppData\Local\Google\Chrome\User Data\Default\b18329ae-7d5a-4df2-86d4-4d66aaa32aa3.tmp,Basic_Info_Changed / File_Renamed_Old / Access_Right_Changed,Normal,Archive,,0x001300000000A323,0x000200000001906F,,,,3,3,True,True,1.0,False,b18329ae-7d5a-4df2-86d4-4d66aaa32aa3.tmp,\Users\jcloudy\AppData\Local\Google\Chrome\User Data\Default\b18329ae-7d5a-4df2-86d4-4d66aaa32aa3.tmp,False,False,False,False,0,True,False,True,False,False,False,False,True,False,False,False,False,False,False,False,False,False,False,9,40,True,True,False,False,False,True,False,False,False,True,False,False,False,True,False,False,False,3,0.9999473756492117,99.99473756492117,True,90-100%,True
b1c34a6a-0b91-43e1-a68c-4f9db0fc9e93.tmp,1546964433.0,4/6/18 15:24,Time Reversal Event,CreationTime : 2018-04-06 15:24:45 -> 2018-03-27 17:33:13(same as TransportSecurity),b1c34a6a-0b91-43e1-a68c-4f9db0fc9e93.tmp,\Users\jcloudy\AppData\Local\Google\Chrome\User Data\Default\b1c34a6a-0b91-43e1-a68c-4f9db0fc9e93.tmp,,,,,Update Resident Value,0x433B,4.0,4/6/18 15:24,247596552.0,b1c34a6a-0b91-43e1-a68c-4f9db0fc9e93.tmp,\Users\jcloudy\AppData\Local\Google\Chrome\User Data\Default\b1c34a6a-0b91-43e1-a68c-4f9db0fc9e93.tmp,Basic_Info_Changed / File_Renamed_Old / Access_Right_Changed,Normal,Archive,,0x0003000000010CEE,0x000200000001906F,,,,3,3,True,True,1.0,False,b1c34a6a-0b91-43e1-a68c-4f9db0fc9e93.tmp,\Users\jcloudy\AppData\Local\Google\Chrome\User Data\Default\b1c34a6a-0b91-43e1-a68c-4f9db0fc9e93.tmp,False,False,False,False,0,True,False,True,False,False,False,False,True,False,False,False,False,False,False,False,False,False,False,9,40,True,True,False,False,False,True,False,False,False,True,False,False,False,True,False,False,False,3,0.9999473756492117,99.99473756492117,True,90-100%,True
b1f489f9-f8e7-4847-b980-30ef9e9a874e.tmp,1546472112.0,4/6/18 15:20,Time Reversal Event,CreationTime : 2018-04-06 15:20:24 -> 2018-03-27 17:33:01(same as Local State),b1f489f9-f8e7-4847-b980-30ef9e9a874e.tmp,\Users\jcloudy\AppData\Local\Google\Chrome\User Data\b1f489f9-f8e7-4847-b980-30ef9e9a874e.tmp,,,,,Update Resident Value,0x83F9,0.0,4/6/18 15:20,247441048.0,b1f489f9-f8e7-4847-b980-30ef9e9a874e.tmp,\Users\jcloudy\AppData\Local\Google\Chrome\User Data\b1f489f9-f8e7-4847-b980-30ef9e9a874e.tmp,Basic_Info_Changed / File_Renamed_Old / Access_Right_Changed,Normal,Archive,,0x0031000000020FE4,0x0002000000019030,,,,3,3,True,True,1.0,False,b1f489f9-f8e7-4847-b980-30ef9e9a874e.tmp,\Users\jcloudy\AppData\Local\Google\Chrome\User Data\b1f489f9-f8e7-4847-b980-30ef9e9a874e.tmp,False,False,False,False,0,True,False,True,False,False,False,False,True,False,False,False,False,False,False,False,False,False,False,8,40,True,True,False,False,False,True,False,False,False,True,False,False,False,True,False,False,False,3,0.999969781695434,99.99697816954341,True,90-100%,True
b23ea4a6-d66d-4321-901b-f7c05ffca1d2.tmp,1561648564.0,4/6/18 20:49,Time Reversal Event,CreationTime : 2018-04-06 20:49:35 -> 2018-03-27 17:33:01,b23ea4a6-d66d-4321-901b-f7c05ffca1d2.tmp,\Users\jcloudy\AppData\Local\Google\Chrome\User Data\b23ea4a6-d66d-4321-901b-f7c05ffca1d2.tmp,,,,,Update Resident Value,0x8A19,2.0,4/6/18 20:49,249743192.0,b23ea4a6-d66d-4321-901b-f7c05ffca1d2.tmp,\Users\jcloudy\AppData\Local\Google\Chrome\User Data\b23ea4a6-d66d-4321-901b-f7c05ffca1d2.tmp,Basic_Info_Changed / File_Renamed_Old / Access_Right_Changed,Normal,Archive,,0x000F000000022865,0x0002000000019030,,,,3,3,True,True,1.0,False,b23ea4a6-d66d-4321-901b-f7c05ffca1d2.tmp,\Users\jcloudy\AppData\Local\Google\Chrome\User Data\b23ea4a6-d66d-4321-901b-f7c05ffca1d2.tmp,False,False,False,False,0,True,False,True,False,False,False,False,True,False,False,False,False,False,False,False,False,False,False,8,40,True,True,False,False,False,True,False,False,False,True,False,False,False,True,False,False,False,3,0.999969781695434,99.99697816954341,True,90-100%,True
b40fb9ab-44b5-40bc-a007-c4e60ce918d5.tmp,1546371189.0,4/6/18 15:19,Time Reversal Event,CreationTime : 2018-04-06 15:19:31 -> 2018-03-27 17:32:51(same as Preferences/ Preferences~RF2a180ce2.TMP),b40fb9ab-44b5-40bc-a007-c4e60ce918d5.tmp,\Users\jcloudy\AppData\Local\Google\Chrome\User Data\Default\b40fb9ab-44b5-40bc-a007-c4e60ce918d5.tmp,,,,,Update Resident Value,0x8974,6.0,4/6/18 15:19,247423288.0,b40fb9ab-44b5-40bc-a007-c4e60ce918d5.tmp,\Users\jcloudy\AppData\Local\Google\Chrome\User Data\Default\b40fb9ab-44b5-40bc-a007-c4e60ce918d5.tmp,Basic_Info_Changed / File_Renamed_Old / Access_Right_Changed,Normal,Archive,,0x00A00000000225D3,0x000200000001906F,,,,3,3,True,True,1.0,False,b40fb9ab-44b5-40bc-a007-c4e60ce918d5.tmp,\Users\jcloudy\AppData\Local\Google\Chrome\User Data\Default\b40fb9ab-44b5-40bc-a007-c4e60ce918d5.tmp,False,False,False,False,0,True,False,True,False,False,False,False,True,False,False,False,False,False,False,False,False,False,False,9,40,True,True,False,False,False,True,False,False,False,True,False,False,False,True,False,False,False,3,0.9999473756492117,99.99473756492117,True,90-100%,True
b43239b0-ca89-497e-b584-9abe19cc8263.tmp,1548871760.0,4/6/18 16:26,Time Reversal Event,CreationTime : 2018-04-06 16:26:41 -> 2018-03-27 17:33:13(same as TransportSecurity),b43239b0-ca89-497e-b584-9abe19cc8263.tmp,\Users\jcloudy\AppData\Local\Google\Chrome\User Data\Default\b43239b0-ca89-497e-b584-9abe19cc8263.tmp,,,,,Update Resident Value,0x83E4,4.0,4/6/18 16:26,248057392.0,b43239b0-ca89-497e-b584-9abe19cc8263.tmp,\Users\jcloudy\AppData\Local\Google\Chrome\User Data\Default\b43239b0-ca89-497e-b584-9abe19cc8263.tmp,Basic_Info_Changed / File_Renamed_Old / Access_Right_Changed,Normal,Archive,,0x0008000000020F92,0x000200000001906F,,,,3,3,True,True,1.0,False,b43239b0-ca89-497e-b584-9abe19cc8263.tmp,\Users\jcloudy\AppData\Local\Google\Chrome\User Data\Default\b43239b0-ca89-497e-b584-9abe19cc8263.tmp,False,False,False,False,0,True,False,True,False,False,False,False,True,False,False,False,False,False,False,False,False,False,False,9,40,True,True,False,False,False,True,False,False,False,True,False,False,False,True,False,False,False,3,0.9999473756492117,99.99473756492117,True,90-100%,True
b456dff6-e136-4862-939d-d5a85309b6d6.tmp,1550188186.0,4/6/18 20:26,Time Reversal Event,CreationTime : 2018-04-06 20:26:23 -> 2018-03-27 17:33:15(same as Network Persistent State~RF319a3313.TMP/ Network Persistent State),b456dff6-e136-4862-939d-d5a85309b6d6.tmp,\Users\jcloudy\AppData\Local\Google\Chrome\User Data\Default\b456dff6-e136-4862-939d-d5a85309b6d6.tmp,,,,,Update Resident Value,0x875C,2.0,4/6/18 20:26,248607952.0,b456dff6-e136-4862-939d-d5a85309b6d6.tmp,\Users\jcloudy\AppData\Local\Google\Chrome\User Data\Default\b456dff6-e136-4862-939d-d5a85309b6d6.tmp,Basic_Info_Changed / File_Renamed_Old / Access_Right_Changed,Normal,Archive,,0x0008000000021D71,0x000200000001906F,,,,3,3,True,True,1.0,False,b456dff6-e136-4862-939d-d5a85309b6d6.tmp,\Users\jcloudy\AppData\Local\Google\Chrome\User Data\Default\b456dff6-e136-4862-939d-d5a85309b6d6.tmp,False,False,False,False,0,True,False,True,False,False,False,False,True,False,False,False,False,False,False,False,False,False,False,9,40,True,True,False,False,False,True,False,False,False,True,False,False,False,True,False,False,False,3,0.9999473756492117,99.99473756492117,True,90-100%,True
b706ff8b-9489-431f-a8f6-97e01b5355e1.tmp,1547337996.0,4/6/18 15:31,Time Reversal Event,CreationTime : 2018-04-06 15:31:45 -> 2018-03-27 17:33:13(same as TransportSecurity),b706ff8b-9489-431f-a8f6-97e01b5355e1.tmp,\Users\jcloudy\AppData\Local\Google\Chrome\User Data\Default\b706ff8b-9489-431f-a8f6-97e01b5355e1.tmp,,,,,Update Resident Value,0x4342,4.0,4/6/18 15:31,247663904.0,b706ff8b-9489-431f-a8f6-97e01b5355e1.tmp,\Users\jcloudy\AppData\Local\Google\Chrome\User Data\Default\b706ff8b-9489-431f-a8f6-97e01b5355e1.tmp,Basic_Info_Changed / File_Renamed_Old / Access_Right_Changed,Normal,Archive,,0x000B000000010D0A,0x000200000001906F,,,,3,3,True,True,1.0,False,b706ff8b-9489-431f-a8f6-97e01b5355e1.tmp,\Users\jcloudy\AppData\Local\Google\Chrome\User Data\Default\b706ff8b-9489-431f-a8f6-97e01b5355e1.tmp,False,False,False,False,0,True,False,True,False,False,False,False,True,False,False,False,False,False,False,False,False,False,False,9,40,True,True,False,False,False,True,False,False,False,True,False,False,False,True,False,False,False,3,0.9999473756492117,99.99473756492117,True,90-100%,True
b88e7e16-b9b9-4928-a6a6-85fcb04b47a9.tmp,1545658853.0,4/6/18 15:12,Time Reversal Event,CreationTime : 2018-04-06 15:12:24 -> 2018-03-27 17:32:51(same as Preferences/ Preferences~RF2a180ce2.TMP),b88e7e16-b9b9-4928-a6a6-85fcb04b47a9.tmp,\Users\jcloudy\AppData\Local\Google\Chrome\User Data\Default\b88e7e16-b9b9-4928-a6a6-85fcb04b47a9.tmp,,,,,Update Resident Value,0x846D,4.0,4/6/18 15:12,247301808.0,b88e7e16-b9b9-4928-a6a6-85fcb04b47a9.tmp,\Users\jcloudy\AppData\Local\Google\Chrome\User Data\Default\b88e7e16-b9b9-4928-a6a6-85fcb04b47a9.tmp,Basic_Info_Changed / File_Renamed_Old / Access_Right_Changed,Normal,Archive,,0x003D0000000211B6,0x000200000001906F,,,,3,3,True,True,1.0,False,b88e7e16-b9b9-4928-a6a6-85fcb04b47a9.tmp,\Users\jcloudy\AppData\Local\Google\Chrome\User Data\Default\b88e7e16-b9b9-4928-a6a6-85fcb04b47a9.tmp,False,False,False,False,0,True,False,True,False,False,False,False,True,False,False,False,False,False,False,False,False,False,False,9,40,True,True,False,False,False,True,False,False,False,True,False,False,False,True,False,False,False,3,0.9999473756492117,99.99473756492117,True,90-100%,True
be4a3c50-0931-4d78-b2ba-42de23865640.tmp,1548393936.0,4/6/18 16:24,Time Reversal Event,CreationTime : 2018-04-06 16:24:46 -> 2018-03-27 17:33:15(same as Network Persistent State~RF319a3313.TMP/ Network Persistent State),be4a3c50-0931-4d78-b2ba-42de23865640.tmp,\Users\jcloudy\AppData\Local\Google\Chrome\User Data\Default\be4a3c50-0931-4d78-b2ba-42de23865640.tmp,,,,,Update Resident Value,0x446C,6.0,4/6/18 16:24,247860368.0,be4a3c50-0931-4d78-b2ba-42de23865640.tmp,\Users\jcloudy\AppData\Local\Google\Chrome\User Data\Default\be4a3c50-0931-4d78-b2ba-42de23865640.tmp,Basic_Info_Changed / File_Renamed_Old / Access_Right_Changed,Normal,Archive,,0x00050000000111B3,0x000200000001906F,,,,3,3,True,True,1.0,False,be4a3c50-0931-4d78-b2ba-42de23865640.tmp,\Users\jcloudy\AppData\Local\Google\Chrome\User Data\Default\be4a3c50-0931-4d78-b2ba-42de23865640.tmp,False,False,False,False,0,True,False,True,False,False,False,False,True,False,False,False,False,False,False,False,False,False,False,9,40,True,True,False,False,False,True,False,False,False,True,False,False,False,True,False,False,False,3,0.9999473756492117,99.99473756492117,True,90-100%,True
be87960c-66ce-4df9-a750-8748a6f5532b.tmp,1545712648.0,4/6/18 15:12,Time Reversal Event,CreationTime : 2018-04-06 15:12:48 -> 2018-03-27 17:32:51(same as Preferences/ Preferences~RF2a180ce2.TMP),be87960c-66ce-4df9-a750-8748a6f5532b.tmp,\Users\jcloudy\AppData\Local\Google\Chrome\User Data\Default\be87960c-66ce-4df9-a750-8748a6f5532b.tmp,,,,,Update Resident Value,0x598D,0.0,4/6/18 15:12,247318944.0,be87960c-66ce-4df9-a750-8748a6f5532b.tmp,\Users\jcloudy\AppData\Local\Google\Chrome\User Data\Default\be87960c-66ce-4df9-a750-8748a6f5532b.tmp,Basic_Info_Changed / File_Renamed_Old / Access_Right_Changed,Normal,Archive,,0x0024000000016634,0x000200000001906F,,,,3,3,True,True,1.0,False,be87960c-66ce-4df9-a750-8748a6f5532b.tmp,\Users\jcloudy\AppData\Local\Google\Chrome\User Data\Default\be87960c-66ce-4df9-a750-8748a6f5532b.tmp,False,False,False,False,0,True,False,True,False,False,False,False,True,False,False,False,False,False,False,False,False,False,False,9,40,True,True,False,False,False,True,False,False,False,True,False,False,False,True,False,False,False,3,0.9999473756492117,99.99473756492117,True,90-100%,True
bf5b55c8-ab47-499e-b5f7-d9af52ed1ad1.tmp,1545532405.0,4/6/18 15:11,Time Reversal Event,CreationTime : 2018-04-06 15:11:17 -> 2018-03-27 17:32:51(same as Preferences/ Preferences~RF2a180ce2.TMP),bf5b55c8-ab47-499e-b5f7-d9af52ed1ad1.tmp,\Users\jcloudy\AppData\Local\Google\Chrome\User Data\Default\bf5b55c8-ab47-499e-b5f7-d9af52ed1ad1.tmp,,,,,Update Resident Value,0x1BA,2.0,4/6/18 15:11,247268584.0,bf5b55c8-ab47-499e-b5f7-d9af52ed1ad1.tmp,\Users\jcloudy\AppData\Local\Google\Chrome\User Data\Default\bf5b55c8-ab47-499e-b5f7-d9af52ed1ad1.tmp,Basic_Info_Changed / File_Renamed_Old / Access_Right_Changed,Normal,Archive,,0x00A80000000006E9,0x000200000001906F,,,,3,3,True,True,1.0,False,bf5b55c8-ab47-499e-b5f7-d9af52ed1ad1.tmp,\Users\jcloudy\AppData\Local\Google\Chrome\User Data\Default\bf5b55c8-ab47-499e-b5f7-d9af52ed1ad1.tmp,False,False,False,False,0,True,False,True,False,False,False,False,True,False,False,False,False,False,False,False,False,False,False,9,40,True,True,False,False,False,True,False,False,False,True,False,False,False,True,False,False,False,3,0.9999473756492117,99.99473756492117,True,90-100%,True
bfe7662e-bfcc-4fa7-a022-a0edefcfdd3e.tmp,1545369014.0,4/6/18 15:09,Time Reversal Event,CreationTime : 2018-04-06 15:09:11 -> 2018-03-27 17:32:51(same as Preferences/ Preferences~RF2a180ce2.TMP),bfe7662e-bfcc-4fa7-a022-a0edefcfdd3e.tmp,\Users\jcloudy\AppData\Local\Google\Chrome\User Data\Default\bfe7662e-bfcc-4fa7-a022-a0edefcfdd3e.tmp,,,,,Update Resident Value,0x8974,0.0,4/6/18 15:09,247237472.0,bfe7662e-bfcc-4fa7-a022-a0edefcfdd3e.tmp,\Users\jcloudy\AppData\Local\Google\Chrome\User Data\Default\bfe7662e-bfcc-4fa7-a022-a0edefcfdd3e.tmp,Basic_Info_Changed / File_Renamed_Old / Access_Right_Changed,Normal,Archive,,0x003E0000000225D0,0x000200000001906F,,,,3,3,True,True,1.0,False,bfe7662e-bfcc-4fa7-a022-a0edefcfdd3e.tmp,\Users\jcloudy\AppData\Local\Google\Chrome\User Data\Default\bfe7662e-bfcc-4fa7-a022-a0edefcfdd3e.tmp,False,False,False,False,0,True,False,True,False,False,False,False,True,False,False,False,False,False,False,False,False,False,False,9,40,True,True,False,False,False,True,False,False,False,True,False,False,False,True,False,False,False,3,0.9999473756492117,99.99473756492117,True,90-100%,True
bladeofgrass.jpg,1551619926.0,,Time Reversal Event,ModifiedTime : 2018-04-06 20:35:25 -> 2018-04-05 10:13:40(Zero in 100-nanoseconds),BladeofGrass.jpg,\Users\jcloudy\Dropbox\BladeofGrass.jpg,,,,,Update Resident Value,0x89E0,6.0,4/6/18 20:35,249186160.0,BladeofGrass.jpg,\Users\jcloudy\Dropbox\BladeofGrass.jpg,Basic_Info_Changed / File_Closed,Normal,Archive,,0x0002000000022783,0x00030000000220D0,,,,6,6,True,True,1.0,False,BladeofGrass.jpg,\Users\jcloudy\Dropbox\BladeofGrass.jpg,True,False,True,False,0,True,False,False,True,False,False,False,True,False,False,False,True,True,False,False,False,False,False,4,16,False,True,False,False,True,False,True,False,False,True,False,False,True,False,False,False,False,3,0.8427689831492138,84.27689831492138,True,80-90%,True
box sync.lnk,1551605552.0,,Time Reversal Event,ModifiedTime : 2018-04-06 20:35:25 -> 2018-04-05 10:13:42(Zero in 100-nanoseconds),Box Sync.lnk,\Users\jcloudy\Dropbox\Box Sync.lnk,,,,,Update Resident Value,0x89AD,6.0,4/6/18 20:35,249178856.0,Box Sync.lnk,\Users\jcloudy\Dropbox\Box Sync.lnk,Basic_Info_Changed / File_Closed,Normal,Archive,,0x00060000000226B7,0x00030000000220D0,,,,2,2,True,True,1.0,False,Box Sync.lnk,\Users\jcloudy\Dropbox\Box Sync.lnk,True,False,True,False,0,True,False,False,True,False,False,False,True,False,False,False,True,True,False,False,False,False,False,4,12,False,True,False,False,True,False,True,False,False,True,False,False,False,False,False,False,False,3,0.9049832002520581,90.49832002520581,True,90-100%,True
c016ae70-0a30-4f22-94f6-97f412d5cac7.tmp,1548500201.0,4/6/18 16:25,Time Reversal Event,CreationTime : 2018-04-06 16:25:12 -> 2018-03-27 17:33:13(same as TransportSecurity),c016ae70-0a30-4f22-94f6-97f412d5cac7.tmp,\Users\jcloudy\AppData\Local\Google\Chrome\User Data\Default\c016ae70-0a30-4f22-94f6-97f412d5cac7.tmp,,,,,Update Resident Value,0x5847,6.0,4/6/18 16:25,247905648.0,c016ae70-0a30-4f22-94f6-97f412d5cac7.tmp,\Users\jcloudy\AppData\Local\Google\Chrome\User Data\Default\c016ae70-0a30-4f22-94f6-97f412d5cac7.tmp,Basic_Info_Changed / File_Renamed_Old / Access_Right_Changed,Normal,Archive,,0x000300000001611F,0x000200000001906F,,,,3,3,True,True,1.0,False,c016ae70-0a30-4f22-94f6-97f412d5cac7.tmp,\Users\jcloudy\AppData\Local\Google\Chrome\User Data\Default\c016ae70-0a30-4f22-94f6-97f412d5cac7.tmp,False,False,False,False,0,True,False,True,False,False,False,False,True,False,False,False,False,False,False,False,False,False,False,9,40,True,True,False,False,False,True,False,False,False,True,False,False,False,True,False,False,False,3,0.9999473756492117,99.99473756492117,True,90-100%,True
c10c0ce0-0295-4693-8f0f-03c233c51f7b.tmp,1547133667.0,4/6/18 15:27,Time Reversal Event,CreationTime : 2018-04-06 15:27:46 -> 2018-03-27 17:33:15(same as Network Persistent State~RF319a3313.TMP/ Network Persistent State),c10c0ce0-0295-4693-8f0f-03c233c51f7b.tmp,\Users\jcloudy\AppData\Local\Google\Chrome\User Data\Default\c10c0ce0-0295-4693-8f0f-03c233c51f7b.tmp,,,,,Update Resident Value,0x1BA,2.0,4/6/18 15:27,247634672.0,c10c0ce0-0295-4693-8f0f-03c233c51f7b.tmp,\Users\jcloudy\AppData\Local\Google\Chrome\User Data\Default\c10c0ce0-0295-4693-8f0f-03c233c51f7b.tmp,Basic_Info_Changed / File_Renamed_Old / Access_Right_Changed,Normal,Archive,,0x00BF0000000006E9,0x000200000001906F,,,,3,3,True,True,1.0,False,c10c0ce0-0295-4693-8f0f-03c233c51f7b.tmp,\Users\jcloudy\AppData\Local\Google\Chrome\User Data\Default\c10c0ce0-0295-4693-8f0f-03c233c51f7b.tmp,False,False,False,False,0,True,False,True,False,False,False,False,True,False,False,False,False,False,False,False,False,False,False,9,40,True,True,False,False,False,True,False,False,False,True,False,False,False,True,False,False,False,3,0.9999473756492117,99.99473756492117,True,90-100%,True
c1297fa7-2228-45ea-b7d9-e9f33c20c3a6.tmp,1561621000.0,4/6/18 20:49,Time Reversal Event,CreationTime : 2018-04-06 20:49:06 -> 2018-03-27 17:33:15(same as Network Persistent State~RF319a3313.TMP/ Network Persistent State),c1297fa7-2228-45ea-b7d9-e9f33c20c3a6.tmp,\Users\jcloudy\AppData\Local\Google\Chrome\User Data\Default\c1297fa7-2228-45ea-b7d9-e9f33c20c3a6.tmp,,,,,Update Resident Value,0x434F,4.0,4/6/18 20:49,249738192.0,c1297fa7-2228-45ea-b7d9-e9f33c20c3a6.tmp,\Users\jcloudy\AppData\Local\Google\Chrome\User Data\Default\c1297fa7-2228-45ea-b7d9-e9f33c20c3a6.tmp,Basic_Info_Changed / File_Renamed_Old / Access_Right_Changed,Normal,Archive,,0x000F000000010D3E,0x000200000001906F,,,,3,3,True,True,1.0,False,c1297fa7-2228-45ea-b7d9-e9f33c20c3a6.tmp,\Users\jcloudy\AppData\Local\Google\Chrome\User Data\Default\c1297fa7-2228-45ea-b7d9-e9f33c20c3a6.tmp,False,False,False,False,0,True,False,True,False,False,False,False,True,False,False,False,False,False,False,False,False,False,False,9,40,True,True,False,False,False,True,False,False,False,True,False,False,False,True,False,False,False,3,0.9999473756492117,99.99473756492117,True,90-100%,True
c22a9712-4d22-4dc4-8603-f35750992a3c.tmp,1561641060.0,4/6/18 20:49,Time Reversal Event,CreationTime : 2018-04-06 20:49:35 -> 2018-03-27 17:32:51(same as Preferences~RF2a180ce2.TMP),c22a9712-4d22-4dc4-8603-f35750992a3c.tmp,\Users\jcloudy\AppData\Local\Google\Chrome\User Data\Default\c22a9712-4d22-4dc4-8603-f35750992a3c.tmp,,,,,Update Resident Value,0x8A2A,6.0,4/6/18 20:49,249741096.0,c22a9712-4d22-4dc4-8603-f35750992a3c.tmp,\Users\jcloudy\AppData\Local\Google\Chrome\User Data\Default\c22a9712-4d22-4dc4-8603-f35750992a3c.tmp,Basic_Info_Changed / File_Renamed_Old / Access_Right_Changed,Normal,Archive,,0x00220000000228AB,0x000200000001906F,,,,3,3,True,True,1.0,False,c22a9712-4d22-4dc4-8603-f35750992a3c.tmp,\Users\jcloudy\AppData\Local\Google\Chrome\User Data\Default\c22a9712-4d22-4dc4-8603-f35750992a3c.tmp,False,False,False,False,0,True,False,True,False,False,False,False,True,False,False,False,False,False,False,False,False,False,False,9,40,True,True,False,False,False,True,False,False,False,True,False,False,False,True,False,False,False,3,0.9999473756492117,99.99473756492117,True,90-100%,True
c27a3255-e845-4d38-b8bc-2229625e8e48.tmp,1560919007.0,4/6/18 20:36,Time Reversal Event,CreationTime : 2018-04-06 20:36:36 -> 2018-03-27 17:33:13(same as TransportSecurity),c27a3255-e845-4d38-b8bc-2229625e8e48.tmp,\Users\jcloudy\AppData\Local\Google\Chrome\User Data\Default\c27a3255-e845-4d38-b8bc-2229625e8e48.tmp,,,,,Update Resident Value,0x83E4,4.0,4/6/18 20:36,249592608.0,c27a3255-e845-4d38-b8bc-2229625e8e48.tmp,\Users\jcloudy\AppData\Local\Google\Chrome\User Data\Default\c27a3255-e845-4d38-b8bc-2229625e8e48.tmp,Basic_Info_Changed / File_Renamed_Old / Access_Right_Changed,Normal,Archive,,0x0017000000020F92,0x000200000001906F,,,,3,3,True,True,1.0,False,c27a3255-e845-4d38-b8bc-2229625e8e48.tmp,\Users\jcloudy\AppData\Local\Google\Chrome\User Data\Default\c27a3255-e845-4d38-b8bc-2229625e8e48.tmp,False,False,False,False,0,True,False,True,False,False,False,False,True,False,False,False,False,False,False,False,False,False,False,9,40,True,True,False,False,False,True,False,False,False,True,False,False,False,True,False,False,False,3,0.9999473756492117,99.99473756492117,True,90-100%,True
c60254ff-160d-482d-b91b-c44a10d021e5.tmp,1550938529.0,4/6/18 20:30,Time Reversal Event,CreationTime : 2018-04-06 20:30:30 -> 2018-03-27 17:33:15(same as Network Persistent State~RF319a3313.TMP),c60254ff-160d-482d-b91b-c44a10d021e5.tmp,\Users\jcloudy\AppData\Local\Google\Chrome\User Data\Default\c60254ff-160d-482d-b91b-c44a10d021e5.tmp,,,,,Update Resident Value,0x88B8,6.0,4/6/18 20:30,248933536.0,c60254ff-160d-482d-b91b-c44a10d021e5.tmp,\Users\jcloudy\AppData\Local\Google\Chrome\User Data\Default\c60254ff-160d-482d-b91b-c44a10d021e5.tmp,Basic_Info_Changed / File_Renamed_Old / Access_Right_Changed,Normal,Archive,,0x00160000000222E3,0x000200000001906F,,,,3,3,True,True,1.0,False,c60254ff-160d-482d-b91b-c44a10d021e5.tmp,\Users\jcloudy\AppData\Local\Google\Chrome\User Data\Default\c60254ff-160d-482d-b91b-c44a10d021e5.tmp,False,False,False,False,0,True,False,True,False,False,False,False,True,False,False,False,False,False,False,False,False,False,False,9,40,True,True,False,False,False,True,False,False,False,True,False,False,False,True,False,False,False,3,0.9999473756492117,99.99473756492117,True,90-100%,True
c71c9453-f2ba-4c59-bc49-f769af2a4baa.tmp,1549401233.0,4/6/18 16:32,Time Reversal Event,CreationTime : 2018-04-06 16:32:45 -> 2018-03-27 17:33:13(same as TransportSecurity),c71c9453-f2ba-4c59-bc49-f769af2a4baa.tmp,\Users\jcloudy\AppData\Local\Google\Chrome\User Data\Default\c71c9453-f2ba-4c59-bc49-f769af2a4baa.tmp,,,,,Update Resident Value,0x3E99,4.0,4/6/18 16:32,248233584.0,c71c9453-f2ba-4c59-bc49-f769af2a4baa.tmp,\Users\jcloudy\AppData\Local\Google\Chrome\User Data\Default\c71c9453-f2ba-4c59-bc49-f769af2a4baa.tmp,Basic_Info_Changed / File_Renamed_Old / Access_Right_Changed,Normal,Archive,,0x001400000000FA66,0x000200000001906F,,,,3,3,True,True,1.0,False,c71c9453-f2ba-4c59-bc49-f769af2a4baa.tmp,\Users\jcloudy\AppData\Local\Google\Chrome\User Data\Default\c71c9453-f2ba-4c59-bc49-f769af2a4baa.tmp,False,False,False,False,0,True,False,True,False,False,False,False,True,False,False,False,False,False,False,False,False,False,False,9,40,True,True,False,False,False,True,False,False,False,True,False,False,False,True,False,False,False,3,0.9999473756492117,99.99473756492117,True,90-100%,True
c76939c7-34bc-40d4-aa13-e3d665159d82.tmp,1547295270.0,4/6/18 15:31,Time Reversal Event,CreationTime : 2018-04-06 15:31:01 -> 2018-03-27 17:33:01(same as Local State),c76939c7-34bc-40d4-aa13-e3d665159d82.tmp,\Users\jcloudy\AppData\Local\Google\Chrome\User Data\c76939c7-34bc-40d4-aa13-e3d665159d82.tmp,,,,,Update Resident Value,0x2DDE,6.0,4/6/18 15:31,247657416.0,c76939c7-34bc-40d4-aa13-e3d665159d82.tmp,\Users\jcloudy\AppData\Local\Google\Chrome\User Data\c76939c7-34bc-40d4-aa13-e3d665159d82.tmp,Basic_Info_Changed / File_Renamed_Old / Access_Right_Changed,Normal,Archive,,0x006200000000B77B,0x0002000000019030,,,,3,3,True,True,1.0,False,c76939c7-34bc-40d4-aa13-e3d665159d82.tmp,\Users\jcloudy\AppData\Local\Google\Chrome\User Data\c76939c7-34bc-40d4-aa13-e3d665159d82.tmp,False,False,False,False,0,True,False,True,False,False,False,False,True,False,False,False,False,False,False,False,False,False,False,8,40,True,True,False,False,False,True,False,False,False,True,False,False,False,True,False,False,False,3,0.999969781695434,99.99697816954341,True,90-100%,True
c8b05115-0844-433f-9d27-d5bad54a48c7.tmp,1544973017.0,4/6/18 15:05,Time Reversal Event,CreationTime : 2018-04-06 15:05:41 -> 2018-03-27 17:32:51(same as Preferences/ Preferences~RF2a180ce2.TMP),c8b05115-0844-433f-9d27-d5bad54a48c7.tmp,\Users\jcloudy\AppData\Local\Google\Chrome\User Data\Default\c8b05115-0844-433f-9d27-d5bad54a48c7.tmp,,,,,Update Resident Value,0x8974,0.0,4/6/18 15:05,247166096.0,c8b05115-0844-433f-9d27-d5bad54a48c7.tmp,\Users\jcloudy\AppData\Local\Google\Chrome\User Data\Default\c8b05115-0844-433f-9d27-d5bad54a48c7.tmp,Basic_Info_Changed / File_Renamed_Old / Access_Right_Changed,Normal,Archive,,0x002F0000000225D0,0x000200000001906F,,,,3,3,True,True,1.0,False,c8b05115-0844-433f-9d27-d5bad54a48c7.tmp,\Users\jcloudy\AppData\Local\Google\Chrome\User Data\Default\c8b05115-0844-433f-9d27-d5bad54a48c7.tmp,False,False,False,False,0,True,False,True,False,False,False,False,True,False,False,False,False,False,False,False,False,False,False,9,40,True,True,False,False,False,True,False,False,False,True,False,False,False,True,False,False,False,3,0.9999473756492117,99.99473756492117,True,90-100%,True
cad5a74e-bb07-45df-b986-99ba888480ad.tmp,1550621106.0,4/6/18 20:26,Time Reversal Event,CreationTime : 2018-04-06 20:26:32 -> 2018-03-27 17:33:02,cad5a74e-bb07-45df-b986-99ba888480ad.tmp,\Users\jcloudy\AppData\Local\Google\Chrome\User Data\Default\cad5a74e-bb07-45df-b986-99ba888480ad.tmp,,,,,Update Resident Value,0x883E,0.0,4/6/18 20:26,248843744.0,cad5a74e-bb07-45df-b986-99ba888480ad.tmp,\Users\jcloudy\AppData\Local\Google\Chrome\User Data\Default\cad5a74e-bb07-45df-b986-99ba888480ad.tmp,Basic_Info_Changed / File_Renamed_Old / Access_Right_Changed,Normal,Archive,,0x00460000000220F8,0x000200000001906F,,,,3,3,True,True,1.0,False,cad5a74e-bb07-45df-b986-99ba888480ad.tmp,\Users\jcloudy\AppData\Local\Google\Chrome\User Data\Default\cad5a74e-bb07-45df-b986-99ba888480ad.tmp,False,False,False,False,0,True,False,True,False,False,False,False,True,False,False,False,False,False,False,False,False,False,False,9,40,True,True,False,False,False,True,False,False,False,True,False,False,False,True,False,False,False,3,0.9999473756492117,99.99473756492117,True,90-100%,True
cb6e4abd-796c-4341-8136-ce80685805b7.tmp,1548866148.0,4/6/18 16:26,Time Reversal Event,CreationTime : 2018-04-06 16:26:30 -> 2018-03-27 17:33:13(same as TransportSecurity),cb6e4abd-796c-4341-8136-ce80685805b7.tmp,\Users\jcloudy\AppData\Local\Google\Chrome\User Data\Default\cb6e4abd-796c-4341-8136-ce80685805b7.tmp,,,,,Update Resident Value,0x86B8,2.0,4/6/18 16:26,248054512.0,cb6e4abd-796c-4341-8136-ce80685805b7.tmp,\Users\jcloudy\AppData\Local\Google\Chrome\User Data\Default\cb6e4abd-796c-4341-8136-ce80685805b7.tmp,Basic_Info_Changed / File_Renamed_Old / Access_Right_Changed,Normal,Archive,,0x0004000000021AE1,0x000200000001906F,,,,3,3,True,True,1.0,False,cb6e4abd-796c-4341-8136-ce80685805b7.tmp,\Users\jcloudy\AppData\Local\Google\Chrome\User Data\Default\cb6e4abd-796c-4341-8136-ce80685805b7.tmp,False,False,False,False,0,True,False,True,False,False,False,False,True,False,False,False,False,False,False,False,False,False,False,9,40,True,True,False,False,False,True,False,False,False,True,False,False,False,True,False,False,False,3,0.9999473756492117,99.99473756492117,True,90-100%,True
cb7ccc49-f428-465b-b996-0f8890b3185c.tmp,1545901812.0,4/6/18 15:14,Time Reversal Event,CreationTime : 2018-04-06 15:14:58 -> 2018-03-27 17:32:51(same as Preferences/ Preferences~RF2a180ce2.TMP),cb7ccc49-f428-465b-b996-0f8890b3185c.tmp,\Users\jcloudy\AppData\Local\Google\Chrome\User Data\Default\cb7ccc49-f428-465b-b996-0f8890b3185c.tmp,,,,,Update Resident Value,0x8974,0.0,4/6/18 15:14,247348496.0,cb7ccc49-f428-465b-b996-0f8890b3185c.tmp,\Users\jcloudy\AppData\Local\Google\Chrome\User Data\Default\cb7ccc49-f428-465b-b996-0f8890b3185c.tmp,Basic_Info_Changed / File_Renamed_Old / Access_Right_Changed,Normal,Archive,,0x005B0000000225D0,0x000200000001906F,,,,3,3,True,True,1.0,False,cb7ccc49-f428-465b-b996-0f8890b3185c.tmp,\Users\jcloudy\AppData\Local\Google\Chrome\User Data\Default\cb7ccc49-f428-465b-b996-0f8890b3185c.tmp,False,False,False,False,0,True,False,True,False,False,False,False,True,False,False,False,False,False,False,False,False,False,False,9,40,True,True,False,False,False,True,False,False,False,True,False,False,False,True,False,False,False,3,0.9999473756492117,99.99473756492117,True,90-100%,True
cdc7a7c2-f3b8-44b9-86dd-340b9b624932.tmp,1546437829.0,4/6/18 15:20,Time Reversal Event,CreationTime : 2018-04-06 15:20:03 -> 2018-03-27 17:33:01(same as Local State),cdc7a7c2-f3b8-44b9-86dd-340b9b624932.tmp,\Users\jcloudy\AppData\Local\Google\Chrome\User Data\cdc7a7c2-f3b8-44b9-86dd-340b9b624932.tmp,,,,,Update Resident Value,0x83EF,0.0,4/6/18 15:20,247431168.0,cdc7a7c2-f3b8-44b9-86dd-340b9b624932.tmp,\Users\jcloudy\AppData\Local\Google\Chrome\User Data\cdc7a7c2-f3b8-44b9-86dd-340b9b624932.tmp,Basic_Info_Changed / File_Renamed_Old / Access_Right_Changed,Normal,Archive,,0x0048000000020FBC,0x0002000000019030,,,,3,3,True,True,1.0,False,cdc7a7c2-f3b8-44b9-86dd-340b9b624932.tmp,\Users\jcloudy\AppData\Local\Google\Chrome\User Data\cdc7a7c2-f3b8-44b9-86dd-340b9b624932.tmp,False,False,False,False,0,True,False,True,False,False,False,False,True,False,False,False,False,False,False,False,False,False,False,8,40,True,True,False,False,False,True,False,False,False,True,False,False,False,True,False,False,False,3,0.999969781695434,99.99697816954341,True,90-100%,True
cf03a9af-453f-46d9-99a2-4d58d4415bee.tmp,1547463145.0,4/6/18 15:34,Time Reversal Event,CreationTime : 2018-04-06 15:34:26 -> 2018-03-27 17:33:15(same as Network Persistent State~RF319a3313.TMP/ Network Persistent State),cf03a9af-453f-46d9-99a2-4d58d4415bee.tmp,\Users\jcloudy\AppData\Local\Google\Chrome\User Data\Default\cf03a9af-453f-46d9-99a2-4d58d4415bee.tmp,,,,,Update Resident Value,0x470C,2.0,4/6/18 15:34,247681424.0,cf03a9af-453f-46d9-99a2-4d58d4415bee.tmp,\Users\jcloudy\AppData\Local\Google\Chrome\User Data\Default\cf03a9af-453f-46d9-99a2-4d58d4415bee.tmp,Basic_Info_Changed / File_Renamed_Old / Access_Right_Changed,Normal,Archive,,0x0016000000011C31,0x000200000001906F,,,,3,3,True,True,1.0,False,cf03a9af-453f-46d9-99a2-4d58d4415bee.tmp,\Users\jcloudy\AppData\Local\Google\Chrome\User Data\Default\cf03a9af-453f-46d9-99a2-4d58d4415bee.tmp,False,False,False,False,0,True,False,True,False,False,False,False,True,False,False,False,False,False,False,False,False,False,False,9,40,True,True,False,False,False,True,False,False,False,True,False,False,False,True,False,False,False,3,0.9999473756492117,99.99473756492117,True,90-100%,True
cubadearmed.jpg,1551614366.0,,Time Reversal Event,ModifiedTime : 2018-04-06 20:35:25 -> 2018-04-05 10:13:43(Zero in 100-nanoseconds),CubaDearmed.jpg,\Users\jcloudy\Dropbox\CubaDearmed.jpg,,,,,Update Resident Value,0x89C4,4.0,4/6/18 20:35,249183216.0,CubaDearmed.jpg,\Users\jcloudy\Dropbox\CubaDearmed.jpg,Basic_Info_Changed / File_Closed,Normal,Archive,,0x000A000000022712,0x00030000000220D0,,,,6,6,True,True,1.0,False,CubaDearmed.jpg,\Users\jcloudy\Dropbox\CubaDearmed.jpg,True,False,True,False,0,True,False,False,True,False,False,False,True,False,False,False,True,True,False,False,False,False,False,4,15,False,True,False,False,True,False,True,False,False,True,False,False,True,False,False,False,False,3,0.834083092387061,83.4083092387061,True,80-90%,True
d0b319cf-8883-4a31-b47a-ee8a6b80132c.tmp,1547203523.0,4/6/18 15:29,Time Reversal Event,CreationTime : 2018-04-06 15:29:10 -> 2018-03-27 17:33:15(same as Network Persistent State~RF319a3313.TMP/ Network Persistent State),d0b319cf-8883-4a31-b47a-ee8a6b80132c.tmp,\Users\jcloudy\AppData\Local\Google\Chrome\User Data\Default\d0b319cf-8883-4a31-b47a-ee8a6b80132c.tmp,,,,,Update Resident Value,0x433B,4.0,4/6/18 15:29,247642792.0,d0b319cf-8883-4a31-b47a-ee8a6b80132c.tmp,\Users\jcloudy\AppData\Local\Google\Chrome\User Data\Default\d0b319cf-8883-4a31-b47a-ee8a6b80132c.tmp,Basic_Info_Changed / File_Renamed_Old / Access_Right_Changed,Normal,Archive,,0x0008000000010CEE,0x000200000001906F,,,,3,3,True,True,1.0,False,d0b319cf-8883-4a31-b47a-ee8a6b80132c.tmp,\Users\jcloudy\AppData\Local\Google\Chrome\User Data\Default\d0b319cf-8883-4a31-b47a-ee8a6b80132c.tmp,False,False,False,False,0,True,False,True,False,False,False,False,True,False,False,False,False,False,False,False,False,False,False,9,40,True,True,False,False,False,True,False,False,False,True,False,False,False,True,False,False,False,3,0.9999473756492117,99.99473756492117,True,90-100%,True
d18f431a-e17a-4853-a700-5b6cff1cd950.tmp,1546563265.0,4/6/18 15:21,Time Reversal Event,CreationTime : 2018-04-06 15:21:41 -> 2018-03-27 17:33:13(same as TransportSecurity),d18f431a-e17a-4853-a700-5b6cff1cd950.tmp,\Users\jcloudy\AppData\Local\Google\Chrome\User Data\Default\d18f431a-e17a-4853-a700-5b6cff1cd950.tmp,,,,,Update Resident Value,0x1BA,2.0,4/6/18 15:21,247464976.0,d18f431a-e17a-4853-a700-5b6cff1cd950.tmp,\Users\jcloudy\AppData\Local\Google\Chrome\User Data\Default\d18f431a-e17a-4853-a700-5b6cff1cd950.tmp,Basic_Info_Changed / File_Renamed_Old / Access_Right_Changed,Normal,Archive,,0x00B50000000006E9,0x000200000001906F,,,,3,3,True,True,1.0,False,d18f431a-e17a-4853-a700-5b6cff1cd950.tmp,\Users\jcloudy\AppData\Local\Google\Chrome\User Data\Default\d18f431a-e17a-4853-a700-5b6cff1cd950.tmp,False,False,False,False,0,True,False,True,False,False,False,False,True,False,False,False,False,False,False,False,False,False,False,9,40,True,True,False,False,False,True,False,False,False,True,False,False,False,True,False,False,False,3,0.9999473756492117,99.99473756492117,True,90-100%,True
d258f32c-57dd-4f84-b46f-7f06f6a53a30.tmp,1545476487.0,4/6/18 15:10,Time Reversal Event,CreationTime : 2018-04-06 15:10:20 -> 2018-03-27 17:33:01(same as Local State),d258f32c-57dd-4f84-b46f-7f06f6a53a30.tmp,\Users\jcloudy\AppData\Local\Google\Chrome\User Data\d258f32c-57dd-4f84-b46f-7f06f6a53a30.tmp,,,,,Update Resident Value,0x83A3,2.0,4/6/18 15:10,247257728.0,d258f32c-57dd-4f84-b46f-7f06f6a53a30.tmp,\Users\jcloudy\AppData\Local\Google\Chrome\User Data\d258f32c-57dd-4f84-b46f-7f06f6a53a30.tmp,Basic_Info_Changed / File_Renamed_Old / Access_Right_Changed,Normal,Archive,,0x002D000000020E8D,0x0002000000019030,,,,3,3,True,True,1.0,False,d258f32c-57dd-4f84-b46f-7f06f6a53a30.tmp,\Users\jcloudy\AppData\Local\Google\Chrome\User Data\d258f32c-57dd-4f84-b46f-7f06f6a53a30.tmp,False,False,False,False,0,True,False,True,False,False,False,False,True,False,False,False,False,False,False,False,False,False,False,8,40,True,True,False,False,False,True,False,False,False,True,False,False,False,True,False,False,False,3,0.999969781695434,99.99697816954341,True,90-100%,True
d3653baf-5f1f-4111-be3a-b1056269ae92.tmp,1551072289.0,4/6/18 20:32,Time Reversal Event,CreationTime : 2018-04-06 20:32:54 -> 2018-03-27 17:33:15(same as Network Persistent State~RF319a3313.TMP/ Network Persistent State),d3653baf-5f1f-4111-be3a-b1056269ae92.tmp,\Users\jcloudy\AppData\Local\Google\Chrome\User Data\Default\d3653baf-5f1f-4111-be3a-b1056269ae92.tmp,,,,,Update Resident Value,0x8896,0.0,4/6/18 20:32,248960240.0,d3653baf-5f1f-4111-be3a-b1056269ae92.tmp,\Users\jcloudy\AppData\Local\Google\Chrome\User Data\Default\d3653baf-5f1f-4111-be3a-b1056269ae92.tmp,Basic_Info_Changed / File_Renamed_Old / Access_Right_Changed,Normal,Archive,,0x000A000000022258,0x000200000001906F,,,,3,3,True,True,1.0,False,d3653baf-5f1f-4111-be3a-b1056269ae92.tmp,\Users\jcloudy\AppData\Local\Google\Chrome\User Data\Default\d3653baf-5f1f-4111-be3a-b1056269ae92.tmp,False,False,False,False,0,True,False,True,False,False,False,False,True,False,False,False,False,False,False,False,False,False,False,9,40,True,True,False,False,False,True,False,False,False,True,False,False,False,True,False,False,False,3,0.9999473756492117,99.99473756492117,True,90-100%,True
d3f075f4-741b-45c5-8b32-1402eee65f94.tmp,1548503213.0,4/6/18 16:25,Time Reversal Event,CreationTime : 2018-04-06 16:25:12 -> 2018-03-27 17:33:01(same as Local State),d3f075f4-741b-45c5-8b32-1402eee65f94.tmp,\Users\jcloudy\AppData\Local\Google\Chrome\User Data\d3f075f4-741b-45c5-8b32-1402eee65f94.tmp,,,,,Update Resident Value,0x1BA,2.0,4/6/18 16:25,247907704.0,d3f075f4-741b-45c5-8b32-1402eee65f94.tmp,\Users\jcloudy\AppData\Local\Google\Chrome\User Data\d3f075f4-741b-45c5-8b32-1402eee65f94.tmp,Basic_Info_Changed / File_Renamed_Old / Access_Right_Changed,Normal,Archive,,0x00E40000000006E9,0x0002000000019030,,,,3,3,True,True,1.0,False,d3f075f4-741b-45c5-8b32-1402eee65f94.tmp,\Users\jcloudy\AppData\Local\Google\Chrome\User Data\d3f075f4-741b-45c5-8b32-1402eee65f94.tmp,False,False,False,False,0,True,False,True,False,False,False,False,True,False,False,False,False,False,False,False,False,False,False,8,40,True,True,False,False,False,True,False,False,False,True,False,False,False,True,False,False,False,3,0.999969781695434,99.99697816954341,True,90-100%,True
d3ff93e6-866c-42fa-847b-79b2fb847255.tmp,1547869880.0,4/6/18 15:42,Time Reversal Event,CreationTime : 2018-04-06 15:42:13 -> 2018-03-27 17:33:15(same as Network Persistent State~RF319a3313.TMP/ Network Persistent State),d3ff93e6-866c-42fa-847b-79b2fb847255.tmp,\Users\jcloudy\AppData\Local\Google\Chrome\User Data\Default\d3ff93e6-866c-42fa-847b-79b2fb847255.tmp,,,,,Update Resident Value,0x10C,4.0,4/6/18 15:42,247751056.0,d3ff93e6-866c-42fa-847b-79b2fb847255.tmp,\Users\jcloudy\AppData\Local\Google\Chrome\User Data\Default\d3ff93e6-866c-42fa-847b-79b2fb847255.tmp,Basic_Info_Changed / File_Renamed_Old / Access_Right_Changed,Normal,Archive,,0x003D000000000432,0x000200000001906F,,,,3,3,True,True,1.0,False,d3ff93e6-866c-42fa-847b-79b2fb847255.tmp,\Users\jcloudy\AppData\Local\Google\Chrome\User Data\Default\d3ff93e6-866c-42fa-847b-79b2fb847255.tmp,False,False,False,False,0,True,False,True,False,False,False,False,True,False,False,False,False,False,False,False,False,False,False,9,40,True,True,False,False,False,True,False,False,False,True,False,False,False,True,False,False,False,3,0.9999473756492117,99.99473756492117,True,90-100%,True
d5adc0b7-6a55-4db8-86bf-684b6501909b.tmp,1547692222.0,4/6/18 15:38,Time Reversal Event,CreationTime : 2018-04-06 15:38:37 -> 2018-03-27 17:33:13(same as TransportSecurity),d5adc0b7-6a55-4db8-86bf-684b6501909b.tmp,\Users\jcloudy\AppData\Local\Google\Chrome\User Data\Default\d5adc0b7-6a55-4db8-86bf-684b6501909b.tmp,,,,,Update Resident Value,0x4342,4.0,4/6/18 15:38,247723552.0,d5adc0b7-6a55-4db8-86bf-684b6501909b.tmp,\Users\jcloudy\AppData\Local\Google\Chrome\User Data\Default\d5adc0b7-6a55-4db8-86bf-684b6501909b.tmp,Basic_Info_Changed / File_Renamed_Old / Access_Right_Changed,Normal,Archive,,0x0010000000010D0A,0x000200000001906F,,,,3,3,True,True,1.0,False,d5adc0b7-6a55-4db8-86bf-684b6501909b.tmp,\Users\jcloudy\AppData\Local\Google\Chrome\User Data\Default\d5adc0b7-6a55-4db8-86bf-684b6501909b.tmp,False,False,False,False,0,True,False,True,False,False,False,False,True,False,False,False,False,False,False,False,False,False,False,9,40,True,True,False,False,False,True,False,False,False,True,False,False,False,True,False,False,False,3,0.9999473756492117,99.99473756492117,True,90-100%,True
d641e322-0343-4de1-a75c-172a2ab6b4a4.tmp,1548660453.0,4/6/18 16:25,Time Reversal Event,CreationTime : 2018-04-06 16:25:23 -> 2018-03-27 17:32:51(same as Preferences/ Preferences~RF2a180ce2.TMP),d641e322-0343-4de1-a75c-172a2ab6b4a4.tmp,\Users\jcloudy\AppData\Local\Google\Chrome\User Data\Default\d641e322-0343-4de1-a75c-172a2ab6b4a4.tmp,,,,,Update Resident Value,0x1BA,2.0,4/6/18 16:25,247965792.0,d641e322-0343-4de1-a75c-172a2ab6b4a4.tmp,\Users\jcloudy\AppData\Local\Google\Chrome\User Data\Default\d641e322-0343-4de1-a75c-172a2ab6b4a4.tmp,Basic_Info_Changed / File_Renamed_Old / Access_Right_Changed,Normal,Archive,,0x00E50000000006E9,0x000200000001906F,,,,3,3,True,True,1.0,False,d641e322-0343-4de1-a75c-172a2ab6b4a4.tmp,\Users\jcloudy\AppData\Local\Google\Chrome\User Data\Default\d641e322-0343-4de1-a75c-172a2ab6b4a4.tmp,False,False,False,False,0,True,False,True,False,False,False,False,True,False,False,False,False,False,False,False,False,False,False,9,40,True,True,False,False,False,True,False,False,False,True,False,False,False,True,False,False,False,3,0.9999473756492117,99.99473756492117,True,90-100%,True
d7b68c64-76f2-4400-9c68-f815c4049845.tmp,1548910046.0,4/6/18 16:27,Time Reversal Event,CreationTime : 2018-04-06 16:27:25 -> 2018-03-27 17:33:13(same as TransportSecurity),d7b68c64-76f2-4400-9c68-f815c4049845.tmp,\Users\jcloudy\AppData\Local\Google\Chrome\User Data\Default\d7b68c64-76f2-4400-9c68-f815c4049845.tmp,,,,,Update Resident Value,0x86C0,0.0,4/6/18 16:27,248072192.0,d7b68c64-76f2-4400-9c68-f815c4049845.tmp,\Users\jcloudy\AppData\Local\Google\Chrome\User Data\Default\d7b68c64-76f2-4400-9c68-f815c4049845.tmp,Basic_Info_Changed / File_Renamed_Old / Access_Right_Changed,Normal,Archive,,0x000C000000021B00,0x000200000001906F,,,,3,3,True,True,1.0,False,d7b68c64-76f2-4400-9c68-f815c4049845.tmp,\Users\jcloudy\AppData\Local\Google\Chrome\User Data\Default\d7b68c64-76f2-4400-9c68-f815c4049845.tmp,False,False,False,False,0,True,False,True,False,False,False,False,True,False,False,False,False,False,False,False,False,False,False,9,40,True,True,False,False,False,True,False,False,False,True,False,False,False,True,False,False,False,3,0.9999473756492117,99.99473756492117,True,90-100%,True
da837b60-c04d-46fc-bee3-06270febf556.tmp,1545432178.0,4/6/18 15:09,Time Reversal Event,CreationTime : 2018-04-06 15:09:48 -> 2018-03-27 17:33:01(same as Local State),da837b60-c04d-46fc-bee3-06270febf556.tmp,\Users\jcloudy\AppData\Local\Google\Chrome\User Data\da837b60-c04d-46fc-bee3-06270febf556.tmp,,,,,Update Resident Value,0x83A3,2.0,4/6/18 15:09,247246280.0,da837b60-c04d-46fc-bee3-06270febf556.tmp,\Users\jcloudy\AppData\Local\Google\Chrome\User Data\da837b60-c04d-46fc-bee3-06270febf556.tmp,Basic_Info_Changed / File_Renamed_Old / Access_Right_Changed,Normal,Archive,,0x002B000000020E8D,0x0002000000019030,,,,3,3,True,True,1.0,False,da837b60-c04d-46fc-bee3-06270febf556.tmp,\Users\jcloudy\AppData\Local\Google\Chrome\User Data\da837b60-c04d-46fc-bee3-06270febf556.tmp,False,False,False,False,0,True,False,True,False,False,False,False,True,False,False,False,False,False,False,False,False,False,False,8,40,True,True,False,False,False,True,False,False,False,True,False,False,False,True,False,False,False,3,0.999969781695434,99.99697816954341,True,90-100%,True
daa7736d-a369-4ef9-ab6b-c6ec407f00ed.tmp,1547826987.0,4/6/18 15:41,Time Reversal Event,CreationTime : 2018-04-06 15:41:28 -> 2018-03-27 17:33:13(same as TransportSecurity),daa7736d-a369-4ef9-ab6b-c6ec407f00ed.tmp,\Users\jcloudy\AppData\Local\Google\Chrome\User Data\Default\daa7736d-a369-4ef9-ab6b-c6ec407f00ed.tmp,,,,,Update Resident Value,0xE1,4.0,4/6/18 15:41,247740968.0,daa7736d-a369-4ef9-ab6b-c6ec407f00ed.tmp,\Users\jcloudy\AppData\Local\Google\Chrome\User Data\Default\daa7736d-a369-4ef9-ab6b-c6ec407f00ed.tmp,Basic_Info_Changed / File_Renamed_Old / Access_Right_Changed,Normal,Archive,,0x0016000000000386,0x000200000001906F,,,,3,3,True,True,1.0,False,daa7736d-a369-4ef9-ab6b-c6ec407f00ed.tmp,\Users\jcloudy\AppData\Local\Google\Chrome\User Data\Default\daa7736d-a369-4ef9-ab6b-c6ec407f00ed.tmp,False,False,False,False,0,True,False,True,False,False,False,False,True,False,False,False,False,False,False,False,False,False,False,9,40,True,True,False,False,False,True,False,False,False,True,False,False,False,True,False,False,False,3,0.9999473756492117,99.99473756492117,True,90-100%,True
darkwolf.png,1551607149.0,,Time Reversal Event,ModifiedTime : 2018-04-06 20:35:25 -> 2018-04-05 10:13:46(Zero in 100-nanoseconds),DarkWolf.png,\Users\jcloudy\Dropbox\DarkWolf.png,,,,,Update Resident Value,0x89B0,0.0,4/6/18 20:35,249179736.0,DarkWolf.png,\Users\jcloudy\Dropbox\DarkWolf.png,Basic_Info_Changed / File_Closed,Normal,Archive,,0x00060000000226C0,0x00030000000220D0,,,,6,6,True,True,1.0,False,DarkWolf.png,\Users\jcloudy\Dropbox\DarkWolf.png,True,False,True,False,0,True,False,False,True,False,False,False,True,False,False,False,True,True,False,False,False,False,False,4,12,False,True,False,False,True,False,True,False,False,True,False,False,True,False,False,False,False,3,0.8057227686332934,80.57227686332934,True,80-90%,True
dbfadc55-48d5-40a9-b5ac-846fbfd733a6.tmp,1545366434.0,4/6/18 15:09,Time Reversal Event,CreationTime : 2018-04-06 15:09:11 -> 2018-03-27 17:33:01(same as Local State),dbfadc55-48d5-40a9-b5ac-846fbfd733a6.tmp,\Users\jcloudy\AppData\Local\Google\Chrome\User Data\dbfadc55-48d5-40a9-b5ac-846fbfd733a6.tmp,,,,,Update Resident Value,0x83A3,2.0,4/6/18 15:09,247235960.0,dbfadc55-48d5-40a9-b5ac-846fbfd733a6.tmp,\Users\jcloudy\AppData\Local\Google\Chrome\User Data\dbfadc55-48d5-40a9-b5ac-846fbfd733a6.tmp,Basic_Info_Changed / File_Renamed_Old / Access_Right_Changed,Normal,Archive,,0x0027000000020E8D,0x0002000000019030,,,,3,3,True,True,1.0,False,dbfadc55-48d5-40a9-b5ac-846fbfd733a6.tmp,\Users\jcloudy\AppData\Local\Google\Chrome\User Data\dbfadc55-48d5-40a9-b5ac-846fbfd733a6.tmp,False,False,False,False,0,True,False,True,False,False,False,False,True,False,False,False,False,False,False,False,False,False,False,8,40,True,True,False,False,False,True,False,False,False,True,False,False,False,True,False,False,False,3,0.999969781695434,99.99697816954341,True,90-100%,True
dc6d0ede-8e73-4720-a80f-64527ff88144.tmp,1561506270.0,4/6/18 20:46,Time Reversal Event,CreationTime : 2018-04-06 20:46:51 -> 2018-03-27 17:33:15(same as Network Persistent State~RF319a3313.TMP/ Network Persistent State),dc6d0ede-8e73-4720-a80f-64527ff88144.tmp,\Users\jcloudy\AppData\Local\Google\Chrome\User Data\Default\dc6d0ede-8e73-4720-a80f-64527ff88144.tmp,,,,,Update Resident Value,0x8A47,0.0,4/6/18 20:46,249719400.0,dc6d0ede-8e73-4720-a80f-64527ff88144.tmp,\Users\jcloudy\AppData\Local\Google\Chrome\User Data\Default\dc6d0ede-8e73-4720-a80f-64527ff88144.tmp,Basic_Info_Changed / File_Renamed_Old / Access_Right_Changed,Normal,Archive,,0x000400000002291C,0x000200000001906F,,,,3,3,True,True,1.0,False,dc6d0ede-8e73-4720-a80f-64527ff88144.tmp,\Users\jcloudy\AppData\Local\Google\Chrome\User Data\Default\dc6d0ede-8e73-4720-a80f-64527ff88144.tmp,False,False,False,False,0,True,False,True,False,False,False,False,True,False,False,False,False,False,False,False,False,False,False,9,40,True,True,False,False,False,True,False,False,False,True,False,False,False,True,False,False,False,3,0.9999473756492117,99.99473756492117,True,90-100%,True
dca0fb18-f205-47ff-9621-fbf7d53bc2af.tmp,1545388598.0,4/6/18 15:09,Time Reversal Event,CreationTime : 2018-04-06 15:09:26 -> 2018-03-27 17:32:51(same as Preferences/ Preferences~RF2a180ce2.TMP),dca0fb18-f205-47ff-9621-fbf7d53bc2af.tmp,\Users\jcloudy\AppData\Local\Google\Chrome\User Data\Default\dca0fb18-f205-47ff-9621-fbf7d53bc2af.tmp,,,,,Update Resident Value,0x846D,4.0,4/6/18 15:09,247242128.0,dca0fb18-f205-47ff-9621-fbf7d53bc2af.tmp,\Users\jcloudy\AppData\Local\Google\Chrome\User Data\Default\dca0fb18-f205-47ff-9621-fbf7d53bc2af.tmp,Basic_Info_Changed / File_Renamed_Old / Access_Right_Changed,Normal,Archive,,0x002A0000000211B6,0x000200000001906F,,,,3,3,True,True,1.0,False,dca0fb18-f205-47ff-9621-fbf7d53bc2af.tmp,\Users\jcloudy\AppData\Local\Google\Chrome\User Data\Default\dca0fb18-f205-47ff-9621-fbf7d53bc2af.tmp,False,False,False,False,0,True,False,True,False,False,False,False,True,False,False,False,False,False,False,False,False,False,False,9,40,True,True,False,False,False,True,False,False,False,True,False,False,False,True,False,False,False,3,0.9999473756492117,99.99473756492117,True,90-100%,True
dcb67f17-1953-451a-bdce-4a52f8c56519.tmp,1545434925.0,4/6/18 15:09,Time Reversal Event,CreationTime : 2018-04-06 15:09:48 -> 2018-03-27 17:32:51(same as Preferences/ Preferences~RF2a180ce2.TMP),dcb67f17-1953-451a-bdce-4a52f8c56519.tmp,\Users\jcloudy\AppData\Local\Google\Chrome\User Data\Default\dcb67f17-1953-451a-bdce-4a52f8c56519.tmp,,,,,Update Resident Value,0x8974,0.0,4/6/18 15:09,247247816.0,dcb67f17-1953-451a-bdce-4a52f8c56519.tmp,\Users\jcloudy\AppData\Local\Google\Chrome\User Data\Default\dcb67f17-1953-451a-bdce-4a52f8c56519.tmp,Basic_Info_Changed / File_Renamed_Old / Access_Right_Changed,Normal,Archive,,0x00410000000225D0,0x000200000001906F,,,,3,3,True,True,1.0,False,dcb67f17-1953-451a-bdce-4a52f8c56519.tmp,\Users\jcloudy\AppData\Local\Google\Chrome\User Data\Default\dcb67f17-1953-451a-bdce-4a52f8c56519.tmp,False,False,False,False,0,True,False,True,False,False,False,False,True,False,False,False,False,False,False,False,False,False,False,9,40,True,True,False,False,False,True,False,False,False,True,False,False,False,True,False,False,False,3,0.9999473756492117,99.99473756492117,True,90-100%,True
dd4ce7c6-a964-4f1b-a9c2-145cfae0b790.tmp,1548399865.0,4/6/18 16:24,Time Reversal Event,CreationTime : 2018-04-06 16:24:46 -> 2018-03-27 17:32:51(same as Preferences/ Preferences~RF2a180ce2.TMP),dd4ce7c6-a964-4f1b-a9c2-145cfae0b790.tmp,\Users\jcloudy\AppData\Local\Google\Chrome\User Data\Default\dd4ce7c6-a964-4f1b-a9c2-145cfae0b790.tmp,,,,,Update Resident Value,0x5835,0.0,4/6/18 16:24,247864448.0,dd4ce7c6-a964-4f1b-a9c2-145cfae0b790.tmp,\Users\jcloudy\AppData\Local\Google\Chrome\User Data\Default\dd4ce7c6-a964-4f1b-a9c2-145cfae0b790.tmp,Basic_Info_Changed / File_Renamed_Old / Access_Right_Changed,Normal,Archive,,0x000C0000000160D4,0x000200000001906F,,,,3,3,True,True,1.0,False,dd4ce7c6-a964-4f1b-a9c2-145cfae0b790.tmp,\Users\jcloudy\AppData\Local\Google\Chrome\User Data\Default\dd4ce7c6-a964-4f1b-a9c2-145cfae0b790.tmp,False,False,False,False,0,True,False,True,False,False,False,False,True,False,False,False,False,False,False,False,False,False,False,9,40,True,True,False,False,False,True,False,False,False,True,False,False,False,True,False,False,False,3,0.9999473756492117,99.99473756492117,True,90-100%,True
deathtoll.jpg,1551610606.0,,Time Reversal Event,ModifiedTime : 2018-04-06 20:35:25 -> 2018-04-05 10:13:47(Zero in 100-nanoseconds),DeathToll.jpg,\Users\jcloudy\Dropbox\DeathToll.jpg,,,,,Update Resident Value,0x89B5,0.0,4/6/18 20:35,249181568.0,DeathToll.jpg,\Users\jcloudy\Dropbox\DeathToll.jpg,Basic_Info_Changed / File_Closed,Normal,Archive,,0x00090000000226D4,0x00030000000220D0,,,,6,6,True,True,1.0,False,DeathToll.jpg,\Users\jcloudy\Dropbox\DeathToll.jpg,True,False,True,False,0,True,False,False,True,False,False,False,True,False,False,False,True,True,False,False,False,False,False,4,13,False,True,False,False,True,False,True,False,False,True,False,False,True,False,False,False,False,3,0.8155650479503113,81.55650479503113,True,80-90%,True
demlogic.jpg,1551608795.0,,Time Reversal Event,ModifiedTime : 2018-04-06 20:35:25 -> 2018-04-05 10:13:48(Zero in 100-nanoseconds),DemLogic.jpg,\Users\jcloudy\Dropbox\DemLogic.jpg,,,,,Update Resident Value,0x89B2,4.0,4/6/18 20:35,249180688.0,DemLogic.jpg,\Users\jcloudy\Dropbox\DemLogic.jpg,Basic_Info_Changed / File_Closed,Normal,Archive,,0x00040000000226CA,0x00030000000220D0,,,,6,6,True,True,1.0,False,DemLogic.jpg,\Users\jcloudy\Dropbox\DemLogic.jpg,True,False,True,False,0,True,False,False,True,False,False,False,True,False,False,False,True,True,False,False,False,False,False,4,12,False,True,False,False,True,False,True,False,False,True,False,False,True,False,False,False,False,3,0.8057227686332934,80.57227686332934,True,80-90%,True
dffce2ca-e35c-4c04-a6aa-1349710a27b2.tmp,1548172598.0,4/6/18 15:48,Time Reversal Event,CreationTime : 2018-04-06 15:48:01 -> 2018-03-27 17:33:15(same as Network Persistent State~RF319a3313.TMP/ Network Persistent State),dffce2ca-e35c-4c04-a6aa-1349710a27b2.tmp,\Users\jcloudy\AppData\Local\Google\Chrome\User Data\Default\dffce2ca-e35c-4c04-a6aa-1349710a27b2.tmp,,,,,Update Resident Value,0x580C,6.0,4/6/18 15:48,247802632.0,dffce2ca-e35c-4c04-a6aa-1349710a27b2.tmp,\Users\jcloudy\AppData\Local\Google\Chrome\User Data\Default\dffce2ca-e35c-4c04-a6aa-1349710a27b2.tmp,Basic_Info_Changed / File_Renamed_Old / Access_Right_Changed,Normal,Archive,,0x0041000000016033,0x000200000001906F,,,,3,3,True,True,1.0,False,dffce2ca-e35c-4c04-a6aa-1349710a27b2.tmp,\Users\jcloudy\AppData\Local\Google\Chrome\User Data\Default\dffce2ca-e35c-4c04-a6aa-1349710a27b2.tmp,False,False,False,False,0,True,False,True,False,False,False,False,True,False,False,False,False,False,False,False,False,False,False,9,40,True,True,False,False,False,True,False,False,False,True,False,False,False,True,False,False,False,3,0.9999473756492117,99.99473756492117,True,90-100%,True
dp2nthe5f6pyxevgloeq.temp,1561477823.0,4/6/18 20:46,Time Reversal Event,CreationTime : 2018-04-06 20:46:39 -> 2018-03-27 17:27:12,DP2NTHE5F6PYXEVGLOEQ.temp,\Users\jcloudy\AppData\Roaming\Microsoft\Windows\Recent\CustomDestinations\DP2NTHE5F6PYXEVGLOEQ.temp,,,,,Update Resident Value,0x8A2C,4.0,4/6/18 20:46,249707880.0,DP2NTHE5F6PYXEVGLOEQ.temp,\Users\jcloudy\AppData\Roaming\Microsoft\Windows\Recent\CustomDestinations\DP2NTHE5F6PYXEVGLOEQ.temp,Basic_Info_Changed / File_Renamed_Old / Access_Right_Changed,Normal,Archive,,0x000B0000000228B2,0x0001000000016D87,,,,3,3,True,True,1.0,False,DP2NTHE5F6PYXEVGLOEQ.temp,\Users\jcloudy\AppData\Roaming\Microsoft\Windows\Recent\CustomDestinations\DP2NTHE5F6PYXEVGLOEQ.temp,False,False,False,False,0,True,False,True,False,False,False,False,True,False,False,False,False,False,False,False,False,False,False,9,25,True,True,False,False,False,True,False,False,False,True,False,False,False,True,True,False,False,3,0.9999927970914575,99.99927970914575,True,90-100%,True
dropbox-desktop-client_488_0.png,1560878563.0,4/6/18 20:35,Time Reversal Event,ModifiedTime : 2018-04-06 20:35:52 -> 2018-03-28 22:31:10(Zero in 100-nanoseconds)/ MFTModifiedTime : 2018-04-06 20:35:52 -> 2018-03-30 05:10:07,dropbox-desktop-client_488_0.png,\Users\jcloudy\AppData\Local\Microsoft\Windows\ActionCenterCache\dropbox-desktop-client_488_0.png,,,,,Update Resident Value,0x8A05,2.0,4/6/18 20:35,249584568.0,dropbox-desktop-client_488_0.png,\Users\jcloudy\AppData\Local\Microsoft\Windows\ActionCenterCache\dropbox-desktop-client_488_0.png,File_Created / Basic_Info_Changed / Data_Added / Data_Overwritten / File_Closed,Normal,Archive,,0x0052000000022815,0x001A00000001E8B6,,,,2,2,True,True,1.0,False,dropbox-desktop-client_488_0.png,\Users\jcloudy\AppData\Local\Microsoft\Windows\ActionCenterCache\dropbox-desktop-client_488_0.png,True,False,True,False,0,True,False,False,True,True,False,False,True,False,False,False,True,True,False,False,False,False,False,8,32,True,True,False,False,True,False,True,False,True,True,False,False,True,False,True,False,False,3,0.9460021427264667,94.60021427264667,True,90-100%,True
dropbox.lnk,1551602268.0,,Time Reversal Event,ModifiedTime : 2018-04-06 20:35:25 -> 2018-04-05 10:13:50(Zero in 100-nanoseconds),Dropbox.lnk,\Users\jcloudy\Dropbox\Dropbox.lnk,,,,,Update Resident Value,0x89A9,6.0,4/6/18 20:35,249177096.0,Dropbox.lnk,\Users\jcloudy\Dropbox\Dropbox.lnk,Basic_Info_Changed / File_Closed,Normal,Archive,,0x000A0000000226A7,0x00030000000220D0,,,,2,2,True,True,1.0,False,Dropbox.lnk,\Users\jcloudy\Dropbox\Dropbox.lnk,True,False,True,False,0,True,False,False,True,False,False,False,True,False,False,False,True,True,False,False,False,False,False,4,11,False,True,False,False,True,False,True,False,False,True,False,False,False,False,False,False,False,3,0.8993236329680223,89.93236329680224,True,80-90%,True
e0e6a946-de88-4f1a-bb85-93477badf904.tmp,1546314676.0,4/6/18 15:18,Time Reversal Event,CreationTime : 2018-04-06 15:18:53 -> 2018-03-27 17:33:01(same as Local State),e0e6a946-de88-4f1a-bb85-93477badf904.tmp,\Users\jcloudy\AppData\Local\Google\Chrome\User Data\e0e6a946-de88-4f1a-bb85-93477badf904.tmp,,,,,Update Resident Value,0x83A3,2.0,4/6/18 15:18,247417000.0,e0e6a946-de88-4f1a-bb85-93477badf904.tmp,\Users\jcloudy\AppData\Local\Google\Chrome\User Data\e0e6a946-de88-4f1a-bb85-93477badf904.tmp,Basic_Info_Changed / File_Renamed_Old / Access_Right_Changed,Normal,Archive,,0x003B000000020E8D,0x0002000000019030,,,,3,3,True,True,1.0,False,e0e6a946-de88-4f1a-bb85-93477badf904.tmp,\Users\jcloudy\AppData\Local\Google\Chrome\User Data\e0e6a946-de88-4f1a-bb85-93477badf904.tmp,False,False,False,False,0,True,False,True,False,False,False,False,True,False,False,False,False,False,False,False,False,False,False,8,40,True,True,False,False,False,True,False,False,False,True,False,False,False,True,False,False,False,3,0.999969781695434,99.99697816954341,True,90-100%,True
e21b0e41-f0fd-4385-8656-5a896ab235f4.tmp,1545239888.0,4/6/18 15:08,Time Reversal Event,CreationTime : 2018-04-06 15:08:24 -> 2018-03-27 17:33:01(same as Local State),e21b0e41-f0fd-4385-8656-5a896ab235f4.tmp,\Users\jcloudy\AppData\Local\Google\Chrome\User Data\e21b0e41-f0fd-4385-8656-5a896ab235f4.tmp,,,,,Update Resident Value,0x598D,0.0,4/6/18 15:08,247207432.0,e21b0e41-f0fd-4385-8656-5a896ab235f4.tmp,\Users\jcloudy\AppData\Local\Google\Chrome\User Data\e21b0e41-f0fd-4385-8656-5a896ab235f4.tmp,Basic_Info_Changed / File_Renamed_Old / Access_Right_Changed,Normal,Archive,,0x0018000000016634,0x0002000000019030,,,,3,3,True,True,1.0,False,e21b0e41-f0fd-4385-8656-5a896ab235f4.tmp,\Users\jcloudy\AppData\Local\Google\Chrome\User Data\e21b0e41-f0fd-4385-8656-5a896ab235f4.tmp,False,False,False,False,0,True,False,True,False,False,False,False,True,False,False,False,False,False,False,False,False,False,False,8,40,True,True,False,False,False,True,False,False,False,True,False,False,False,True,False,False,False,3,0.999969781695434,99.99697816954341,True,90-100%,True
e36eb634-065b-4f09-a54f-c861dafaf565.tmp,1548857991.0,4/6/18 16:26,Time Reversal Event,CreationTime : 2018-04-06 16:26:20 -> 2018-03-27 17:33:13(same as TransportSecurity),e36eb634-065b-4f09-a54f-c861dafaf565.tmp,\Users\jcloudy\AppData\Local\Google\Chrome\User Data\Default\e36eb634-065b-4f09-a54f-c861dafaf565.tmp,,,,,Update Resident Value,0x83E4,4.0,4/6/18 16:26,248051216.0,e36eb634-065b-4f09-a54f-c861dafaf565.tmp,\Users\jcloudy\AppData\Local\Google\Chrome\User Data\Default\e36eb634-065b-4f09-a54f-c861dafaf565.tmp,Basic_Info_Changed / File_Renamed_Old / Access_Right_Changed,Normal,Archive,,0x0006000000020F92,0x000200000001906F,,,,3,3,True,True,1.0,False,e36eb634-065b-4f09-a54f-c861dafaf565.tmp,\Users\jcloudy\AppData\Local\Google\Chrome\User Data\Default\e36eb634-065b-4f09-a54f-c861dafaf565.tmp,False,False,False,False,0,True,False,True,False,False,False,False,True,False,False,False,False,False,False,False,False,False,False,9,40,True,True,False,False,False,True,False,False,False,True,False,False,False,True,False,False,False,3,0.9999473756492117,99.99473756492117,True,90-100%,True
e5e1d59c-eb9f-40d6-87bc-3e859ea17101.tmp,1548657098.0,4/6/18 16:25,Time Reversal Event,CreationTime : 2018-04-06 16:25:23 -> 2018-03-27 17:33:01(same as Local State),e5e1d59c-eb9f-40d6-87bc-3e859ea17101.tmp,\Users\jcloudy\AppData\Local\Google\Chrome\User Data\e5e1d59c-eb9f-40d6-87bc-3e859ea17101.tmp,,,,,Update Resident Value,0x597B,0.0,4/6/18 16:25,247963848.0,e5e1d59c-eb9f-40d6-87bc-3e859ea17101.tmp,\Users\jcloudy\AppData\Local\Google\Chrome\User Data\e5e1d59c-eb9f-40d6-87bc-3e859ea17101.tmp,Basic_Info_Changed / File_Renamed_Old / Access_Right_Changed,Normal,Archive,,0x00070000000165EC,0x0002000000019030,,,,3,3,True,True,1.0,False,e5e1d59c-eb9f-40d6-87bc-3e859ea17101.tmp,\Users\jcloudy\AppData\Local\Google\Chrome\User Data\e5e1d59c-eb9f-40d6-87bc-3e859ea17101.tmp,False,False,False,False,0,True,False,True,False,False,False,False,True,False,False,False,False,False,False,False,False,False,False,8,40,True,True,False,False,False,True,False,False,False,True,False,False,False,True,False,False,False,3,0.999969781695434,99.99697816954341,True,90-100%,True
e6b3cfe0-ba2d-43d0-b400-3904f7aff533.tmp,1545689216.0,4/6/18 15:12,Time Reversal Event,CreationTime : 2018-04-06 15:12:37 -> 2018-03-27 17:33:01(same as Local State),e6b3cfe0-ba2d-43d0-b400-3904f7aff533.tmp,\Users\jcloudy\AppData\Local\Google\Chrome\User Data\e6b3cfe0-ba2d-43d0-b400-3904f7aff533.tmp,,,,,Update Resident Value,0x82CD,0.0,4/6/18 15:12,247313064.0,e6b3cfe0-ba2d-43d0-b400-3904f7aff533.tmp,\Users\jcloudy\AppData\Local\Google\Chrome\User Data\e6b3cfe0-ba2d-43d0-b400-3904f7aff533.tmp,Basic_Info_Changed / File_Renamed_Old / Access_Right_Changed,Normal,Archive,,0x0054000000020B34,0x0002000000019030,,,,3,3,True,True,1.0,False,e6b3cfe0-ba2d-43d0-b400-3904f7aff533.tmp,\Users\jcloudy\AppData\Local\Google\Chrome\User Data\e6b3cfe0-ba2d-43d0-b400-3904f7aff533.tmp,False,False,False,False,0,True,False,True,False,False,False,False,True,False,False,False,False,False,False,False,False,False,False,8,40,True,True,False,False,False,True,False,False,False,True,False,False,False,True,False,False,False,3,0.999969781695434,99.99697816954341,True,90-100%,True
e8ccc9b5-5524-423a-88f2-e41f37b87931.tmp,1545462048.0,4/6/18 15:10,Time Reversal Event,CreationTime : 2018-04-06 15:10:05 -> 2018-03-27 17:32:51(same as Preferences/ Preferences~RF2a180ce2.TMP),e8ccc9b5-5524-423a-88f2-e41f37b87931.tmp,\Users\jcloudy\AppData\Local\Google\Chrome\User Data\Default\e8ccc9b5-5524-423a-88f2-e41f37b87931.tmp,,,,,Update Resident Value,0x846D,4.0,4/6/18 15:10,247255352.0,e8ccc9b5-5524-423a-88f2-e41f37b87931.tmp,\Users\jcloudy\AppData\Local\Google\Chrome\User Data\Default\e8ccc9b5-5524-423a-88f2-e41f37b87931.tmp,Basic_Info_Changed / File_Renamed_Old / Access_Right_Changed,Normal,Archive,,0x002E0000000211B6,0x000200000001906F,,,,3,3,True,True,1.0,False,e8ccc9b5-5524-423a-88f2-e41f37b87931.tmp,\Users\jcloudy\AppData\Local\Google\Chrome\User Data\Default\e8ccc9b5-5524-423a-88f2-e41f37b87931.tmp,False,False,False,False,0,True,False,True,False,False,False,False,True,False,False,False,False,False,False,False,False,False,False,9,40,True,True,False,False,False,True,False,False,False,True,False,False,False,True,False,False,False,3,0.9999473756492117,99.99473756492117,True,90-100%,True
ec5495a0-2d8a-4204-a636-9186ad761db5.tmp,1547052409.0,4/6/18 15:26,Time Reversal Event,CreationTime : 2018-04-06 15:26:23 -> 2018-03-27 17:33:15(same as Network Persistent State~RF319a3313.TMP/ Network Persistent State),ec5495a0-2d8a-4204-a636-9186ad761db5.tmp,\Users\jcloudy\AppData\Local\Google\Chrome\User Data\Default\ec5495a0-2d8a-4204-a636-9186ad761db5.tmp,,,,,Update Resident Value,0x2DDE,6.0,4/6/18 15:26,247615088.0,ec5495a0-2d8a-4204-a636-9186ad761db5.tmp,\Users\jcloudy\AppData\Local\Google\Chrome\User Data\Default\ec5495a0-2d8a-4204-a636-9186ad761db5.tmp,Basic_Info_Changed / File_Renamed_Old / Access_Right_Changed,Normal,Archive,,0x005B00000000B77B,0x000200000001906F,,,,3,3,True,True,1.0,False,ec5495a0-2d8a-4204-a636-9186ad761db5.tmp,\Users\jcloudy\AppData\Local\Google\Chrome\User Data\Default\ec5495a0-2d8a-4204-a636-9186ad761db5.tmp,False,False,False,False,0,True,False,True,False,False,False,False,True,False,False,False,False,False,False,False,False,False,False,9,40,True,True,False,False,False,True,False,False,False,True,False,False,False,True,False,False,False,3,0.9999473756492117,99.99473756492117,True,90-100%,True
ec9ec6ce-9202-4324-970e-189bd87bb97b.tmp,1545242595.0,4/6/18 15:08,Time Reversal Event,CreationTime : 2018-04-06 15:08:24 -> 2018-03-27 17:32:51(same as Preferences/ Preferences~RF2a180ce2.TMP),ec9ec6ce-9202-4324-970e-189bd87bb97b.tmp,\Users\jcloudy\AppData\Local\Google\Chrome\User Data\Default\ec9ec6ce-9202-4324-970e-189bd87bb97b.tmp,,,,,Update Resident Value,0x8974,0.0,4/6/18 15:08,247208944.0,ec9ec6ce-9202-4324-970e-189bd87bb97b.tmp,\Users\jcloudy\AppData\Local\Google\Chrome\User Data\Default\ec9ec6ce-9202-4324-970e-189bd87bb97b.tmp,Basic_Info_Changed / File_Renamed_Old / Access_Right_Changed,Normal,Archive,,0x00390000000225D0,0x000200000001906F,,,,3,3,True,True,1.0,False,ec9ec6ce-9202-4324-970e-189bd87bb97b.tmp,\Users\jcloudy\AppData\Local\Google\Chrome\User Data\Default\ec9ec6ce-9202-4324-970e-189bd87bb97b.tmp,False,False,False,False,0,True,False,True,False,False,False,False,True,False,False,False,False,False,False,False,False,False,False,9,40,True,True,False,False,False,True,False,False,False,True,False,False,False,True,False,False,False,3,0.9999473756492117,99.99473756492117,True,90-100%,True
f056d086-f541-4e03-b5e2-0aff71d3ce9b.tmp,1561388615.0,4/6/18 20:45,Time Reversal Event,CreationTime : 2018-04-06 20:45:10 -> 2018-03-27 17:33:15(same as Network Persistent State~RF319a3313.TMP),f056d086-f541-4e03-b5e2-0aff71d3ce9b.tmp,\Users\jcloudy\AppData\Local\Google\Chrome\User Data\Default\f056d086-f541-4e03-b5e2-0aff71d3ce9b.tmp,,,,,Update Resident Value,0x88B8,6.0,4/6/18 20:45,249684944.0,f056d086-f541-4e03-b5e2-0aff71d3ce9b.tmp,\Users\jcloudy\AppData\Local\Google\Chrome\User Data\Default\f056d086-f541-4e03-b5e2-0aff71d3ce9b.tmp,Basic_Info_Changed / File_Renamed_Old / Access_Right_Changed,Normal,Archive,,0x00270000000222E3,0x000200000001906F,,,,3,3,True,True,1.0,False,f056d086-f541-4e03-b5e2-0aff71d3ce9b.tmp,\Users\jcloudy\AppData\Local\Google\Chrome\User Data\Default\f056d086-f541-4e03-b5e2-0aff71d3ce9b.tmp,False,False,False,False,0,True,False,True,False,False,False,False,True,False,False,False,False,False,False,False,False,False,False,9,40,True,True,False,False,False,True,False,False,False,True,False,False,False,True,False,False,False,3,0.9999473756492117,99.99473756492117,True,90-100%,True
f1821266-d199-4d7c-a541-f5362dc9816a.tmp,1548005317.0,4/6/18 15:44,Time Reversal Event,CreationTime : 2018-04-06 15:44:43 -> 2018-03-27 17:33:01(same as Local State),f1821266-d199-4d7c-a541-f5362dc9816a.tmp,\Users\jcloudy\AppData\Local\Google\Chrome\User Data\f1821266-d199-4d7c-a541-f5362dc9816a.tmp,,,,,Update Resident Value,0x470C,2.0,4/6/18 15:44,247777688.0,f1821266-d199-4d7c-a541-f5362dc9816a.tmp,\Users\jcloudy\AppData\Local\Google\Chrome\User Data\f1821266-d199-4d7c-a541-f5362dc9816a.tmp,Basic_Info_Changed / File_Renamed_Old / Access_Right_Changed,Normal,Archive,,0x0022000000011C31,0x0002000000019030,,,,3,3,True,True,1.0,False,f1821266-d199-4d7c-a541-f5362dc9816a.tmp,\Users\jcloudy\AppData\Local\Google\Chrome\User Data\f1821266-d199-4d7c-a541-f5362dc9816a.tmp,False,False,False,False,0,True,False,True,False,False,False,False,True,False,False,False,False,False,False,False,False,False,False,8,40,True,True,False,False,False,True,False,False,False,True,False,False,False,True,False,False,False,3,0.999969781695434,99.99697816954341,True,90-100%,True
f6bace64-e98e-4147-8b9d-e98923588998.tmp,1545459665.0,4/6/18 15:10,Time Reversal Event,CreationTime : 2018-04-06 15:10:05 -> 2018-03-27 17:33:01(same as Local State),f6bace64-e98e-4147-8b9d-e98923588998.tmp,\Users\jcloudy\AppData\Local\Google\Chrome\User Data\f6bace64-e98e-4147-8b9d-e98923588998.tmp,,,,,Update Resident Value,0x598D,0.0,4/6/18 15:10,247253832.0,f6bace64-e98e-4147-8b9d-e98923588998.tmp,\Users\jcloudy\AppData\Local\Google\Chrome\User Data\f6bace64-e98e-4147-8b9d-e98923588998.tmp,Basic_Info_Changed / File_Renamed_Old / Access_Right_Changed,Normal,Archive,,0x001E000000016634,0x0002000000019030,,,,3,3,True,True,1.0,False,f6bace64-e98e-4147-8b9d-e98923588998.tmp,\Users\jcloudy\AppData\Local\Google\Chrome\User Data\f6bace64-e98e-4147-8b9d-e98923588998.tmp,False,False,False,False,0,True,False,True,False,False,False,False,True,False,False,False,False,False,False,False,False,False,False,8,40,True,True,False,False,False,True,False,False,False,True,False,False,False,True,False,False,False,3,0.999969781695434,99.99697816954341,True,90-100%,True
f7499f38-80e6-4dca-90c1-2983e5cddf47.tmp,1547748539.0,4/6/18 15:39,Time Reversal Event,CreationTime : 2018-04-06 15:39:50 -> 2018-03-27 17:33:15(same as Network Persistent State~RF319a3313.TMP/ Network Persistent State),f7499f38-80e6-4dca-90c1-2983e5cddf47.tmp,\Users\jcloudy\AppData\Local\Google\Chrome\User Data\Default\f7499f38-80e6-4dca-90c1-2983e5cddf47.tmp,,,,,Update Resident Value,0x470C,2.0,4/6/18 15:39,247730720.0,f7499f38-80e6-4dca-90c1-2983e5cddf47.tmp,\Users\jcloudy\AppData\Local\Google\Chrome\User Data\Default\f7499f38-80e6-4dca-90c1-2983e5cddf47.tmp,Basic_Info_Changed / File_Renamed_Old / Access_Right_Changed,Normal,Archive,,0x001E000000011C31,0x000200000001906F,,,,3,3,True,True,1.0,False,f7499f38-80e6-4dca-90c1-2983e5cddf47.tmp,\Users\jcloudy\AppData\Local\Google\Chrome\User Data\Default\f7499f38-80e6-4dca-90c1-2983e5cddf47.tmp,False,False,False,False,0,True,False,True,False,False,False,False,True,False,False,False,False,False,False,False,False,False,False,9,40,True,True,False,False,False,True,False,False,False,True,False,False,False,True,False,False,False,3,0.9999473756492117,99.99473756492117,True,90-100%,True
f78e6e49-5dd1-4018-8833-d26453777abe.tmp,1548890028.0,4/6/18 16:27,Time Reversal Event,CreationTime : 2018-04-06 16:27:14 -> 2018-03-27 17:33:13(same as TransportSecurity),f78e6e49-5dd1-4018-8833-d26453777abe.tmp,\Users\jcloudy\AppData\Local\Google\Chrome\User Data\Default\f78e6e49-5dd1-4018-8833-d26453777abe.tmp,,,,,Update Resident Value,0x86B8,2.0,4/6/18 16:27,248067936.0,f78e6e49-5dd1-4018-8833-d26453777abe.tmp,\Users\jcloudy\AppData\Local\Google\Chrome\User Data\Default\f78e6e49-5dd1-4018-8833-d26453777abe.tmp,Basic_Info_Changed / File_Renamed_Old / Access_Right_Changed,Normal,Archive,,0x0007000000021AE1,0x000200000001906F,,,,3,3,True,True,1.0,False,f78e6e49-5dd1-4018-8833-d26453777abe.tmp,\Users\jcloudy\AppData\Local\Google\Chrome\User Data\Default\f78e6e49-5dd1-4018-8833-d26453777abe.tmp,False,False,False,False,0,True,False,True,False,False,False,False,True,False,False,False,False,False,False,False,False,False,False,9,40,True,True,False,False,False,True,False,False,False,True,False,False,False,True,False,False,False,3,0.9999473756492117,99.99473756492117,True,90-100%,True
f7e4d89a-1a02-4f53-a80c-a541534a7efe.tmp,1549022841.0,4/6/18 16:28,Time Reversal Event,CreationTime : 2018-04-06 16:28:41 -> 2018-03-27 17:33:15(same as Network Persistent State~RF319a3313.TMP/ Network Persistent State),f7e4d89a-1a02-4f53-a80c-a541534a7efe.tmp,\Users\jcloudy\AppData\Local\Google\Chrome\User Data\Default\f7e4d89a-1a02-4f53-a80c-a541534a7efe.tmp,,,,,Update Resident Value,0x8694,6.0,4/6/18 16:28,248109504.0,f7e4d89a-1a02-4f53-a80c-a541534a7efe.tmp,\Users\jcloudy\AppData\Local\Google\Chrome\User Data\Default\f7e4d89a-1a02-4f53-a80c-a541534a7efe.tmp,Basic_Info_Changed / File_Renamed_Old / Access_Right_Changed,Normal,Archive,,0x017B000000021A53,0x000200000001906F,,,,3,3,True,True,1.0,False,f7e4d89a-1a02-4f53-a80c-a541534a7efe.tmp,\Users\jcloudy\AppData\Local\Google\Chrome\User Data\Default\f7e4d89a-1a02-4f53-a80c-a541534a7efe.tmp,False,False,False,False,0,True,False,True,False,False,False,False,True,False,False,False,False,False,False,False,False,False,False,9,40,True,True,False,False,False,True,False,False,False,True,False,False,False,True,False,False,False,3,0.9999473756492117,99.99473756492117,True,90-100%,True
f9903c3f-26de-4eaf-bed0-e0d57bb00e24.tmp,1548507102.0,4/6/18 16:25,Time Reversal Event,CreationTime : 2018-04-06 16:25:12 -> 2018-03-27 17:32:51(same as Preferences/ Preferences~RF2a180ce2.TMP),f9903c3f-26de-4eaf-bed0-e0d57bb00e24.tmp,\Users\jcloudy\AppData\Local\Google\Chrome\User Data\Default\f9903c3f-26de-4eaf-bed0-e0d57bb00e24.tmp,,,,,Update Resident Value,0x4342,4.0,4/6/18 16:25,247910008.0,f9903c3f-26de-4eaf-bed0-e0d57bb00e24.tmp,\Users\jcloudy\AppData\Local\Google\Chrome\User Data\Default\f9903c3f-26de-4eaf-bed0-e0d57bb00e24.tmp,Basic_Info_Changed / File_Renamed_Old / Access_Right_Changed,Normal,Archive,,0x001B000000010D0A,0x000200000001906F,,,,3,3,True,True,1.0,False,f9903c3f-26de-4eaf-bed0-e0d57bb00e24.tmp,\Users\jcloudy\AppData\Local\Google\Chrome\User Data\Default\f9903c3f-26de-4eaf-bed0-e0d57bb00e24.tmp,False,False,False,False,0,True,False,True,False,False,False,False,True,False,False,False,False,False,False,False,False,False,False,9,40,True,True,False,False,False,True,False,False,False,True,False,False,False,True,False,False,False,3,0.9999473756492117,99.99473756492117,True,90-100%,True
fc314ce3-6360-406b-b000-58cd003f44ca.tmp,1548965761.0,4/6/18 16:28,Time Reversal Event,CreationTime : 2018-04-06 16:28:07 -> 2018-03-27 17:33:13(same as TransportSecurity),fc314ce3-6360-406b-b000-58cd003f44ca.tmp,\Users\jcloudy\AppData\Local\Google\Chrome\User Data\Default\fc314ce3-6360-406b-b000-58cd003f44ca.tmp,,,,,Update Resident Value,0x8694,6.0,4/6/18 16:28,248089368.0,fc314ce3-6360-406b-b000-58cd003f44ca.tmp,\Users\jcloudy\AppData\Local\Google\Chrome\User Data\Default\fc314ce3-6360-406b-b000-58cd003f44ca.tmp,Basic_Info_Changed / File_Renamed_Old / Access_Right_Changed,Normal,Archive,,0x0177000000021A53,0x000200000001906F,,,,3,3,True,True,1.0,False,fc314ce3-6360-406b-b000-58cd003f44ca.tmp,\Users\jcloudy\AppData\Local\Google\Chrome\User Data\Default\fc314ce3-6360-406b-b000-58cd003f44ca.tmp,False,False,False,False,0,True,False,True,False,False,False,False,True,False,False,False,False,False,False,False,False,False,False,9,40,True,True,False,False,False,True,False,False,False,True,False,False,False,True,False,False,False,3,0.9999473756492117,99.99473756492117,True,90-100%,True
fd362199-fedc-4c5b-952e-305d3229fd47.tmp,1561023408.0,4/6/18 20:38,Time Reversal Event,CreationTime : 2018-04-06 20:38:10 -> 2018-03-27 17:33:15(same as Network Persistent State~RF319a3313.TMP/ Network Persistent State),fd362199-fedc-4c5b-952e-305d3229fd47.tmp,\Users\jcloudy\AppData\Local\Google\Chrome\User Data\Default\fd362199-fedc-4c5b-952e-305d3229fd47.tmp,,,,,Update Resident Value,0x89A3,4.0,4/6/18 20:38,249622528.0,fd362199-fedc-4c5b-952e-305d3229fd47.tmp,\Users\jcloudy\AppData\Local\Google\Chrome\User Data\Default\fd362199-fedc-4c5b-952e-305d3229fd47.tmp,Basic_Info_Changed / File_Renamed_Old / Access_Right_Changed,Normal,Archive,,0x000800000002268E,0x000200000001906F,,,,3,3,True,True,1.0,False,fd362199-fedc-4c5b-952e-305d3229fd47.tmp,\Users\jcloudy\AppData\Local\Google\Chrome\User Data\Default\fd362199-fedc-4c5b-952e-305d3229fd47.tmp,False,False,False,False,0,True,False,True,False,False,False,False,True,False,False,False,False,False,False,False,False,False,False,9,40,True,True,False,False,False,True,False,False,False,True,False,False,False,True,False,False,False,3,0.9999473756492117,99.99473756492117,True,90-100%,True
ff60af2c-91f7-4c43-bd44-2b1c3ee0aebb.tmp,1545516219.0,4/6/18 15:10,Time Reversal Event,CreationTime : 2018-04-06 15:10:57 -> 2018-03-27 17:33:15(same as Network Persistent State~RF319a3313.TMP/ Network Persistent State),ff60af2c-91f7-4c43-bd44-2b1c3ee0aebb.tmp,\Users\jcloudy\AppData\Local\Google\Chrome\User Data\Default\ff60af2c-91f7-4c43-bd44-2b1c3ee0aebb.tmp,,,,,Update Resident Value,0x83EF,0.0,4/6/18 15:10,247265576.0,ff60af2c-91f7-4c43-bd44-2b1c3ee0aebb.tmp,\Users\jcloudy\AppData\Local\Google\Chrome\User Data\Default\ff60af2c-91f7-4c43-bd44-2b1c3ee0aebb.tmp,Basic_Info_Changed / File_Renamed_Old / Access_Right_Changed,Normal,Archive,,0x003A000000020FBC,0x000200000001906F,,,,3,3,True,True,1.0,False,ff60af2c-91f7-4c43-bd44-2b1c3ee0aebb.tmp,\Users\jcloudy\AppData\Local\Google\Chrome\User Data\Default\ff60af2c-91f7-4c43-bd44-2b1c3ee0aebb.tmp,False,False,False,False,0,True,False,True,False,False,False,False,True,False,False,False,False,False,False,False,False,False,False,9,40,True,True,False,False,False,True,False,False,False,True,False,False,False,True,False,False,False,3,0.9999473756492117,99.99473756492117,True,90-100%,True
google drive.lnk,1551622440.0,,Time Reversal Event,ModifiedTime : 2018-04-06 20:35:25 -> 2018-04-05 10:13:51(Zero in 100-nanoseconds),Google Drive.lnk,\Users\jcloudy\Dropbox\Google Drive.lnk,,,,,Update Resident Value,0x89EC,4.0,4/6/18 20:35,249187112.0,Google Drive.lnk,\Users\jcloudy\Dropbox\Google Drive.lnk,Basic_Info_Changed / File_Closed,Normal,Archive,,0x000D0000000227B2,0x00030000000220D0,,,,2,2,True,True,1.0,False,Google Drive.lnk,\Users\jcloudy\Dropbox\Google Drive.lnk,True,False,True,False,0,True,False,False,True,False,False,False,True,False,False,False,True,True,False,False,False,False,False,4,16,False,True,False,False,True,False,True,False,False,True,False,False,False,False,False,False,False,3,0.9248667047450905,92.48667047450905,True,90-100%,True
holdmytidepod.jpg,1551624285.0,,Time Reversal Event,ModifiedTime : 2018-04-06 20:35:25 -> 2018-04-05 10:13:52(Zero in 100-nanoseconds),HoldMyTidePod.jpg,\Users\jcloudy\Dropbox\HoldMyTidePod.jpg,,,,,Update Resident Value,0x89ED,4.0,4/6/18 20:35,249188064.0,HoldMyTidePod.jpg,\Users\jcloudy\Dropbox\HoldMyTidePod.jpg,Basic_Info_Changed / File_Closed,Normal,Archive,,0x005C0000000227B6,0x00030000000220D0,,,,6,6,True,True,1.0,False,HoldMyTidePod.jpg,\Users\jcloudy\Dropbox\HoldMyTidePod.jpg,True,False,True,False,0,True,False,False,True,False,False,False,True,False,False,False,True,True,False,False,False,False,False,4,17,False,True,False,False,True,False,True,False,False,True,False,False,True,False,False,False,False,3,0.8510813455543006,85.10813455543006,True,80-90%,True
huckleberry.png,1551616259.0,,Time Reversal Event,ModifiedTime : 2018-04-06 20:35:25 -> 2018-04-05 10:13:53(Zero in 100-nanoseconds),Huckleberry.png,\Users\jcloudy\Dropbox\Huckleberry.png,,,,,Update Resident Value,0x89CE,4.0,4/6/18 20:35,249184256.0,Huckleberry.png,\Users\jcloudy\Dropbox\Huckleberry.png,Basic_Info_Changed / File_Closed,Normal,Archive,,0x000600000002273A,0x00030000000220D0,,,,6,6,True,True,1.0,False,Huckleberry.png,\Users\jcloudy\Dropbox\Huckleberry.png,True,False,True,False,0,True,False,False,True,False,False,False,True,False,False,False,True,True,False,False,False,False,False,4,15,False,True,False,False,True,False,True,False,False,True,False,False,True,False,False,False,False,3,0.834083092387061,83.4083092387061,True,80-90%,True
index.txt.tmp,1550285877.0,4/6/18 20:26,Time Reversal Event,CreationTime : 2018-04-06 20:26:24 -> 2018-03-30 10:26:18(same as e7b9e9b1-b09e-4d42-8a9d-44e4cf600b30),index.txt.tmp,\Users\jcloudy\AppData\Local\Google\Chrome\User Data\Default\Service Worker\CacheStorage\eadf114e35641d8a14aa9648d8e1c01b4b3bb3f0\index.txt.tmp,,,,,Update Resident Value,0x87FC,6.0,4/6/18 20:26,248664544.0,index.txt.tmp,\Users\jcloudy\AppData\Local\Google\Chrome\User Data\Default\Service Worker\CacheStorage\eadf114e35641d8a14aa9648d8e1c01b4b3bb3f0\index.txt.tmp,Basic_Info_Changed / File_Renamed_Old / Access_Right_Changed,Normal,Archive,,0x000D000000021FF3,0x0003000000022795,,,,1065,1065,True,True,1.0,False,index.txt.tmp,\Users\jcloudy\AppData\Local\Google\Chrome\User Data\Default\Service Worker\CacheStorage\eadf114e35641d8a14aa9648d8e1c01b4b3bb3f0\index.txt.tmp,False,False,False,False,0,True,False,True,False,False,False,False,True,False,False,False,False,False,False,False,False,False,False,12,13,True,True,False,False,False,True,False,False,False,True,False,False,False,True,False,False,False,3,0.9984321597337447,99.84321597337447,True,90-100%,True
l1h0d5m9q72c7sfga2b2.temp,1549705832.0,4/6/18 20:26,Time Reversal Event,CreationTime : 2018-04-06 20:26:16 -> 2018-03-28 07:38:25,L1H0D5M9Q72C7SFGA2B2.temp,\Users\jcloudy\AppData\Roaming\Microsoft\Windows\Recent\CustomDestinations\L1H0D5M9Q72C7SFGA2B2.temp,,,,,Update Resident Value,0x8863,2.0,4/6/18 20:26,248350152.0,L1H0D5M9Q72C7SFGA2B2.temp,\Users\jcloudy\AppData\Roaming\Microsoft\Windows\Recent\CustomDestinations\L1H0D5M9Q72C7SFGA2B2.temp,Basic_Info_Changed / File_Renamed_Old / Access_Right_Changed,Normal,Archive,,0x000C00000002218D,0x0001000000016D87,,,,3,3,True,True,1.0,False,L1H0D5M9Q72C7SFGA2B2.temp,\Users\jcloudy\AppData\Roaming\Microsoft\Windows\Recent\CustomDestinations\L1H0D5M9Q72C7SFGA2B2.temp,False,False,False,False,0,True,False,True,False,False,False,False,True,False,False,False,False,False,False,False,False,False,False,9,25,True,True,False,False,False,True,False,False,False,True,False,False,False,True,True,False,False,3,0.9999927970914575,99.99927970914575,True,90-100%,True
mytiredhead.jpg,1551618113.0,,Time Reversal Event,ModifiedTime : 2018-04-06 20:35:25 -> 2018-04-05 10:13:56(Zero in 100-nanoseconds),MyTiredHead.jpg,\Users\jcloudy\Dropbox\MyTiredHead.jpg,,,,,Update Resident Value,0x89D6,6.0,4/6/18 20:35,249185208.0,MyTiredHead.jpg,\Users\jcloudy\Dropbox\MyTiredHead.jpg,Basic_Info_Changed / File_Closed,Normal,Archive,,0x001000000002275B,0x00030000000220D0,,,,6,6,True,True,1.0,False,MyTiredHead.jpg,\Users\jcloudy\Dropbox\MyTiredHead.jpg,True,False,True,False,0,True,False,False,True,False,False,False,True,False,False,False,True,True,False,False,False,False,False,4,15,False,True,False,False,True,False,True,False,False,True,False,False,True,False,False,False,False,3,0.834083092387061,83.4083092387061,True,80-90%,True
nvi2_29.dll,1550591603.0,4/6/18 20:26,Time Reversal Event,ModifiedTime : 2018-04-06 20:26:30 -> 2017-03-14 22:10:32(Zero in 100-nanoseconds)/ MFTModifiedTime : 2018-04-06 20:26:30 -> 2018-03-27 17:20:07,NVI2_29.DLL,\Windows\Temp\NVI2_29.DLL,,,,,Update Resident Value,0x8885,4.0,4/6/18 20:26,248829072.0,NVI2_29.DLL,\Windows\Temp\NVI2_29.DLL,Basic_Info_Changed / Data_Added / Data_Overwritten / File_Closed,Normal,Archive,,0x000D000000022216,0x0001000000001868,,,,32,32,True,True,1.0,False,NVI2_29.DLL,\Windows\Temp\NVI2_29.DLL,True,False,True,False,0,True,False,False,True,True,False,False,True,False,False,False,True,True,False,False,False,False,False,3,11,True,True,False,False,True,False,True,False,True,True,False,False,False,True,True,False,False,3,0.9999983900529164,99.99983900529163,True,90-100%,True
planning.docx,1551612380.0,,Time Reversal Event,ModifiedTime : 2018-04-06 20:35:25 -> 2018-04-05 10:14:03(Zero in 100-nanoseconds),Planning.docx,\Users\jcloudy\Dropbox\Planning.docx,,,,,Update Resident Value,0x89B7,6.0,4/6/18 20:35,249191976.0,Planning.docx,\Users\jcloudy\Dropbox\Planning.docx,Basic_Info_Changed / File_Closed,Normal,Archive,,0x00060000000226DF,0x00030000000220D0,,,,8,8,True,True,1.0,False,Planning.docx,\Users\jcloudy\Dropbox\Planning.docx,True,False,True,False,0,True,False,False,True,False,False,False,True,False,False,False,True,True,False,False,True,False,False,4,13,False,True,False,False,True,False,True,False,False,True,False,False,False,False,False,False,False,3,0.8875472121232427,88.75472121232427,True,80-90%,True
redguns.jpg,1551603865.0,,Time Reversal Event,ModifiedTime : 2018-04-06 20:35:25 -> 2018-04-05 10:14:05(Zero in 100-nanoseconds),RedGuns.jpg,\Users\jcloudy\Dropbox\RedGuns.jpg,,,,,Update Resident Value,0x89AB,4.0,4/6/18 20:35,249177976.0,RedGuns.jpg,\Users\jcloudy\Dropbox\RedGuns.jpg,Basic_Info_Changed / File_Closed,Normal,Archive,,0x00120000000226AE,0x00030000000220D0,,,,6,6,True,True,1.0,False,RedGuns.jpg,\Users\jcloudy\Dropbox\RedGuns.jpg,True,False,True,False,0,True,False,False,True,False,False,False,True,False,False,False,True,True,False,False,False,False,False,4,11,False,True,False,False,True,False,True,False,False,True,False,False,True,False,False,False,False,3,0.7954869684905312,79.54869684905313,True,70-80%,True
set9a28.tmp,1547475274.0,4/6/18 15:34,Time Reversal Event,ModifiedTime : 2018-04-06 15:34:31 -> 2018-04-06 15:24:33,Set9A28.tmp,\Users\jcloudy\AppData\Local\Temp\Set9A28.tmp,,,,,Update Resident Value,0x475B,0.0,4/6/18 15:34,247686112.0,Set9A28.tmp,\Users\jcloudy\AppData\Local\Temp\Set9A28.tmp,File_Created / Basic_Info_Changed / File_Closed,Normal,Archive,,0x0005000000011D6C,0x0001000000016B5E,,,,2,2,True,True,1.0,False,Set9A28.tmp,\Users\jcloudy\AppData\Local\Temp\Set9A28.tmp,False,False,False,False,0,True,False,False,True,False,False,False,True,False,False,False,False,False,False,False,False,False,False,6,11,True,True,False,False,False,False,True,False,False,True,False,False,False,True,False,False,False,3,0.9999957463949024,99.99957463949023,True,90-100%,True
set9a38.tmp,1547476312.0,4/6/18 15:34,Time Reversal Event,ModifiedTime : 2018-04-06 15:34:31 -> 2018-04-06 15:24:33,Set9A38.tmp,\Users\jcloudy\AppData\Local\Temp\Set9A38.tmp,,,,,Update Resident Value,0x475B,0.0,4/6/18 15:34,247686728.0,Set9A38.tmp,\Users\jcloudy\AppData\Local\Temp\Set9A38.tmp,File_Created / Basic_Info_Changed / File_Closed,Normal,Archive,,0x0007000000011D6C,0x0001000000016B5E,,,,2,2,True,True,1.0,False,Set9A38.tmp,\Users\jcloudy\AppData\Local\Temp\Set9A38.tmp,False,False,False,False,0,True,False,False,True,False,False,False,True,False,False,False,False,False,False,False,False,False,False,6,11,True,True,False,False,False,False,True,False,False,True,False,False,False,True,False,False,False,3,0.9999957463949024,99.99957463949023,True,90-100%,True
set9a39.tmp,1547477314.0,4/6/18 15:34,Time Reversal Event,ModifiedTime : 2018-04-06 15:34:31 -> 2018-04-06 15:24:33,Set9A39.tmp,\Users\jcloudy\AppData\Local\Temp\Set9A39.tmp,,,,,Update Resident Value,0x475B,0.0,4/6/18 15:34,247687344.0,Set9A39.tmp,\Users\jcloudy\AppData\Local\Temp\Set9A39.tmp,File_Created / Basic_Info_Changed / File_Closed,Normal,Archive,,0x0009000000011D6C,0x0001000000016B5E,,,,2,2,True,True,1.0,False,Set9A39.tmp,\Users\jcloudy\AppData\Local\Temp\Set9A39.tmp,False,False,False,False,0,True,False,False,True,False,False,False,True,False,False,False,False,False,False,False,False,False,False,6,11,True,True,False,False,False,False,True,False,False,True,False,False,False,True,False,False,False,3,0.9999957463949024,99.99957463949023,True,90-100%,True
sheep.jpg,1551600672.0,,Time Reversal Event,ModifiedTime : 2018-04-06 20:35:25 -> 2018-04-05 10:14:06(Zero in 100-nanoseconds),Sheep.jpg,\Users\jcloudy\Dropbox\Sheep.jpg,,,,,Update Resident Value,0x89A7,4.0,4/6/18 20:35,249176224.0,Sheep.jpg,\Users\jcloudy\Dropbox\Sheep.jpg,Basic_Info_Changed / File_Closed,Normal,Archive,,0x000800000002269E,0x00030000000220D0,,,,6,6,True,True,1.0,False,Sheep.jpg,\Users\jcloudy\Dropbox\Sheep.jpg,True,False,True,False,0,True,False,False,True,False,False,False,True,False,False,False,True,True,False,False,False,False,False,4,9,False,True,False,False,True,False,True,False,False,True,False,False,True,False,False,False,False,3,0.7738292841753169,77.38292841753169,True,70-80%,True
snapshot.etl,1549654083.0,4/6/18 20:26,Time Reversal Event,ModifiedTime : 2018-04-06 20:26:16 -> 2018-03-28 05:45:41/ MFTModifiedTime : 2018-04-06 20:26:16 -> 2018-03-28 05:45:41,snapshot.etl,\Windows\System32\WDI\{533a67eb-9fb5-473d-b884-958cf4b9c4a3}\{590eb9fb-76b4-4d7b-a955-36d351de97e5}\snapshot.etl,,,,,Update Resident Value,0x8860,0.0,4/6/18 20:26,248319024.0,snapshot.etl,\Windows\System32\WDI\{533a67eb-9fb5-473d-b884-958cf4b9c4a3}\{590eb9fb-76b4-4d7b-a955-36d351de97e5}\snapshot.etl,File_Created / Basic_Info_Changed / Data_Added / Data_Overwritten / File_Closed,Normal,Archive,,0x0009000000022180,0x0023000000011BCA,,,,68,68,True,True,1.0,False,snapshot.etl,\Windows\System32\WDI\{533a67eb-9fb5-473d-b884-958cf4b9c4a3}\{590eb9fb-76b4-4d7b-a955-36d351de97e5}\snapshot.etl,False,False,False,False,0,True,False,False,True,True,False,False,True,False,False,False,False,False,False,False,False,False,False,6,12,False,True,False,False,False,False,True,False,True,True,False,False,False,False,True,False,False,3,0.9986299517489482,99.86299517489482,True,90-100%,True
temp-index,1561654142.0,4/6/18 20:49,Time Reversal Event,CreationTime : 2018-04-06 20:49:42 -> 2018-03-27 17:58:55(same as the-real-index~RF318a16ed.TMP),temp-index,\Users\jcloudy\AppData\Local\Google\Chrome\User Data\Default\Service Worker\ScriptCache\index-dir\temp-index,,,,,Update Resident Value,0x875C,2.0,4/6/18 20:49,249745736.0,temp-index,\Users\jcloudy\AppData\Local\Google\Chrome\User Data\Default\Service Worker\ScriptCache\index-dir\temp-index,Basic_Info_Changed / File_Renamed_Old / Access_Right_Changed,Normal,Archive,,0x0016000000021D71,0x0002000000005734,,,,67878,67878,True,True,1.0,False,temp-index,\Users\jcloudy\AppData\Local\Google\Chrome\User Data\Default\Service Worker\ScriptCache\index-dir\temp-index,False,False,False,False,0,True,False,True,False,False,False,False,True,False,False,False,False,False,False,False,False,False,False,12,10,True,False,False,False,False,True,False,False,False,True,False,False,False,True,False,False,False,3,0.9981001805509778,99.81001805509779,True,90-100%,True
udd9ba7.tmp,1561268723.0,4/6/18 20:42,Time Reversal Event,ModifiedTime : 2018-04-06 20:42:32 -> 2018-04-06 20:42:31/ MFTModifiedTime : 2018-04-06 20:42:32 -> 2018-04-06 20:42:31,UDD9BA7.tmp,\Windows\Temp\UDD9BA7.tmp,,,,,Update Resident Value,0x8A2A,6.0,4/6/18 20:42,249670448.0,UDD9BA7.tmp,\Windows\Temp\UDD9BA7.tmp,Basic_Info_Changed / Data_Added / Data_Overwritten / Data_Truncated / File_Closed,Normal,Archive,,0x00160000000228AB,0x0001000000001868,,,,2,2,True,True,1.0,False,UDD9BA7.tmp,\Windows\Temp\UDD9BA7.tmp,False,False,False,False,0,True,False,False,True,True,False,False,True,False,False,False,False,False,False,False,False,False,False,3,11,True,True,False,False,False,False,True,False,True,True,False,False,False,True,True,False,False,3,0.9999999252596115,99.99999252596115,True,90-100%,True
