filename,full_path,lf_lsn,usn_usn,confidence_pct,zero_in_nanoseconds,zero_in_nanoseconds_lf,time_reversal_event,basic_info_changed,cross_artifact_validation_score,cross_artifact_detected,has_logfile_evidence,has_usnjrnl_evidence
ntvdm32.dll,\Windows\System32\ntvdm32.dll,6292131090.0,997974192.0,99.96182468237178,False,False,True,True,1.0,True,True,True
psutil._psutil_windows.cp38-win_amd64.pyd,\Program Files (x86)\Dropbox\Client_164.4.7914\164.4.7914\psutil._psutil_windows.cp38-win_amd64.pyd,6293741287.0,998157792.0,99.92054337164922,True,True,True,True,1.0,True,True,True
Desaturate.qml,\Program Files (x86)\Dropbox\Client_164.4.7914\164.4.7914\QtGraphicalEffects\Desaturate.qml,6294207338.0,998313808.0,99.88564654057419,True,True,True,True,1.0,True,True,True
RadialBlur.qml,\Program Files (x86)\Dropbox\Client_164.4.7914\164.4.7914\QtGraphicalEffects\RadialBlur.qml,6294218475.0,998318992.0,99.88564654057419,True,True,True,True,1.0,True,True,True
DropShadow.qml,\Program Files (x86)\Dropbox\Client_164.4.7914\164.4.7914\QtGraphicalEffects\DropShadow.qml,6294209693.0,998314928.0,99.88564654057419,True,True,True,True,1.0,True,True,True
MaskedBlur.qml,\Program Files (x86)\Dropbox\Client_164.4.7914\164.4.7914\QtGraphicalEffects\MaskedBlur.qml,6294216849.0,998318256.0,99.88564654057419,True,True,True,True,1.0,True,True,True
appraiser.sdb,\Windows\appcompat\appraiser\AltData\appraiser.sdb,6282135287.0,997271200.0,99.84399303673442,True,True,True,True,1.0,True,True,True
lsdb2.json.new,\ProgramData\Avast Software\Avast\lsdb2.json.new,6291798213.0,981492656.0,99.83961176815414,False,False,True,True,1.0,True,True,True
dbx-canary.sys,\Program Files (x86)\Dropbox\Client_164.4.7914\164.4.7914\driver_amd64\dbx-canary.sys,6294425961.0,998408808.0,99.83229398683707,True,True,True,True,1.0,True,True,True
dbx-stable.sys,\Program Files (x86)\Dropbox\Client_164.4.7914\164.4.7914\driver_amd64\dbx-stable.sys,6294427620.0,998409512.0,99.83229398683707,True,True,True,True,1.0,True,True,True
passwords.targetsize-64.png,\Program Files (x86)\Dropbox\Client_164.4.7914\164.4.7914\Assets\passwords.targetsize-64.png,6294187237.0,998304456.0,99.8267847218609,True,True,True,True,1.0,True,True,True
TinyTile.contrast-black.png,\Program Files (x86)\Dropbox\Client_164.4.7914\164.4.7914\Assets\TinyTile.contrast-black.png,6294015453.0,998205536.0,99.8267847218609,True,True,True,True,1.0,True,True,True
passwords.targetsize-16.png,\Program Files (x86)\Dropbox\Client_164.4.7914\164.4.7914\Assets\passwords.targetsize-16.png,6294183079.0,998302056.0,99.8267847218609,True,True,True,True,1.0,True,True,True
TinyTile.contrast-white.png,\Program Files (x86)\Dropbox\Client_164.4.7914\164.4.7914\Assets\TinyTile.contrast-white.png,6294020547.0,998208816.0,99.8267847218609,True,True,True,True,1.0,True,True,True
passwords.targetsize-48.png,\Program Files (x86)\Dropbox\Client_164.4.7914\164.4.7914\Assets\passwords.targetsize-48.png,6294186409.0,998303976.0,99.8267847218609,True,True,True,True,1.0,True,True,True
passwords.targetsize-32.png,\Program Files (x86)\Dropbox\Client_164.4.7914\164.4.7914\Assets\passwords.targetsize-32.png,6294185589.0,998303496.0,99.8267847218609,True,True,True,True,1.0,True,True,True
passwords.targetsize-24.png,\Program Files (x86)\Dropbox\Client_164.4.7914\164.4.7914\Assets\passwords.targetsize-24.png,6294183915.0,998302536.0,99.8267847218609,True,True,True,True,1.0,True,True,True
logo.png,\Program Files (x86)\Dropbox\Client_164.4.7914\164.4.7914\Assets\logo.png,6294084001.0,998242080.0,99.82579783054004,True,True,True,True,1.0,True,True,True
gdoc.png,\Program Files (x86)\Dropbox\Client_164.4.7914\164.4.7914\Assets\gdoc.png,6294052623.0,998225568.0,99.82579783054004,True,True,True,True,1.0,True,True,True
web.png,\Program Files (x86)\Dropbox\Client_164.4.7914\164.4.7914\Assets\web.png,6294195208.0,998308416.0,99.82579783054004,True,True,True,True,1.0,True,True,True
DropboxOfficeAddIn64.14.dll,\Program Files (x86)\Dropbox\Client_164.4.7914\164.4.7914\DropboxOfficeAddIn64.14.dll,6292899902.0,998099232.0,99.82273177822614,True,True,True,True,1.0,True,True,True
Appraiser_TelemetryRunList.xml,\Windows\appcompat\appraiser\AltData\Appraiser_TelemetryRunList.xml,6282603753.0,997447704.0,99.81931806676447,True,True,True,True,1.0,True,True,True
ar.pak,\Program Files (x86)\Dropbox\Client_164.4.7914\164.4.7914\locales\ar.pak,6294638341.0,998527048.0,99.81789602447704,True,True,True,True,1.0,True,True,True
cs.pak,\Program Files (x86)\Dropbox\Client_164.4.7914\164.4.7914\locales\cs.pak,6294642195.0,998528200.0,99.81789602447704,True,True,True,True,1.0,True,True,True
box.ico,\Program Files (x86)\Dropbox\Client_164.4.7914\164.4.7914\resources\box.ico,6294708087.0,998544912.0,99.81789602447704,True,True,True,True,1.0,True,True,True
ro.pak,\Program Files (x86)\Dropbox\Client_164.4.7914\164.4.7914\locales\ro.pak,6294674653.0,998537968.0,99.81789602447704,True,True,True,True,1.0,True,True,True
da.pak,\Program Files (x86)\Dropbox\Client_164.4.7914\164.4.7914\locales\da.pak,6294643177.0,998528488.0,99.81789602447704,True,True,True,True,1.0,True,True,True
qmldir,\Program Files (x86)\Dropbox\Client_164.4.7914\164.4.7914\QtGraphicalEffects\qmldir,6294224596.0,998321616.0,99.81789602447704,True,True,True,True,1.0,True,True,True
app.asar,\Program Files (x86)\Dropbox\Client_164.4.7914\164.4.7914\resources\app.asar,6294707182.0,998544592.0,99.81789602447704,True,True,True,True,1.0,True,True,True
es.pak,\Program Files (x86)\Dropbox\Client_164.4.7914\164.4.7914\locales\es.pak,6294649388.0,998530312.0,99.81789602447704,True,True,True,True,1.0,True,True,True
bg.pak,\Program Files (x86)\Dropbox\Client_164.4.7914\164.4.7914\locales\bg.pak,6294639314.0,998527336.0,99.81789602447704,True,True,True,True,1.0,True,True,True
nb.pak,\Program Files (x86)\Dropbox\Client_164.4.7914\164.4.7914\locales\nb.pak,6294669718.0,998536464.0,99.81789602447704,True,True,True,True,1.0,True,True,True
nl.pak,\Program Files (x86)\Dropbox\Client_164.4.7914\164.4.7914\locales\nl.pak,6294670708.0,998536752.0,99.81789602447704,True,True,True,True,1.0,True,True,True
sv.pak,\Program Files (x86)\Dropbox\Client_164.4.7914\164.4.7914\locales\sv.pak,6294680171.0,998539408.0,99.81789602447704,True,True,True,True,1.0,True,True,True
Glow.qml,\Program Files (x86)\Dropbox\Client_164.4.7914\164.4.7914\QtGraphicalEffects\Glow.qml,6294212840.0,998316384.0,99.81789602447704,True,True,True,True,1.0,True,True,True
vi.pak,\Program Files (x86)\Dropbox\Client_164.4.7914\164.4.7914\locales\vi.pak,6294687291.0,998541424.0,99.81789602447704,True,True,True,True,1.0,True,True,True
bn.pak,\Program Files (x86)\Dropbox\Client_164.4.7914\164.4.7914\locales\bn.pak,6294640357.0,998527624.0,99.81789602447704,True,True,True,True,1.0,True,True,True
fr.pak,\Program Files (x86)\Dropbox\Client_164.4.7914\164.4.7914\locales\fr.pak,6294654285.0,998531824.0,99.81789602447704,True,True,True,True,1.0,True,True,True
et.pak,\Program Files (x86)\Dropbox\Client_164.4.7914\164.4.7914\locales\et.pak,6294650376.0,998530600.0,99.81789602447704,True,True,True,True,1.0,True,True,True
te.pak,\Program Files (x86)\Dropbox\Client_164.4.7914\164.4.7914\locales\te.pak,6294683246.0,998540272.0,99.81789602447704,True,True,True,True,1.0,True,True,True
sw.pak,\Program Files (x86)\Dropbox\Client_164.4.7914\164.4.7914\locales\sw.pak,6294681159.0,998539696.0,99.81789602447704,True,True,True,True,1.0,True,True,True
fil.pak,\Program Files (x86)\Dropbox\Client_164.4.7914\164.4.7914\locales\fil.pak,6294653312.0,998531520.0,99.81789602447704,True,True,True,True,1.0,True,True,True
fi.pak,\Program Files (x86)\Dropbox\Client_164.4.7914\164.4.7914\locales\fi.pak,6294652392.0,998531216.0,99.81789602447704,True,True,True,True,1.0,True,True,True
ta.pak,\Program Files (x86)\Dropbox\Client_164.4.7914\164.4.7914\locales\ta.pak,6294682181.0,998539984.0,99.81789602447704,True,True,True,True,1.0,True,True,True
fa.pak,\Program Files (x86)\Dropbox\Client_164.4.7914\164.4.7914\locales\fa.pak,6294651339.0,998530888.0,99.81789602447704,True,True,True,True,1.0,True,True,True
el.pak,\Program Files (x86)\Dropbox\Client_164.4.7914\164.4.7914\locales\el.pak,6294645520.0,998529064.0,99.81789602447704,True,True,True,True,1.0,True,True,True
sr.pak,\Program Files (x86)\Dropbox\Client_164.4.7914\164.4.7914\locales\sr.pak,6294679203.0,998539120.0,99.81789602447704,True,True,True,True,1.0,True,True,True
th.pak,\Program Files (x86)\Dropbox\Client_164.4.7914\164.4.7914\locales\th.pak,6294684315.0,998540560.0,99.81789602447704,True,True,True,True,1.0,True,True,True
ml.pak,\Program Files (x86)\Dropbox\Client_164.4.7914\164.4.7914\locales\ml.pak,6294666809.0,998535600.0,99.81789602447704,True,True,True,True,1.0,True,True,True
mr.pak,\Program Files (x86)\Dropbox\Client_164.4.7914\164.4.7914\locales\mr.pak,6294667900.0,998535888.0,99.81789602447704,True,True,True,True,1.0,True,True,True
am.pak,\Program Files (x86)\Dropbox\Client_164.4.7914\164.4.7914\locales\am.pak,6294637301.0,998526704.0,99.81789602447704,True,True,True,True,1.0,True,True,True
lt.pak,\Program Files (x86)\Dropbox\Client_164.4.7914\164.4.7914\locales\lt.pak,6294664950.0,998534992.0,99.81789602447704,True,True,True,True,1.0,True,True,True
tr.pak,\Program Files (x86)\Dropbox\Client_164.4.7914\164.4.7914\locales\tr.pak,6294685233.0,998540848.0,99.81789602447704,True,True,True,True,1.0,True,True,True
lv.pak,\Program Files (x86)\Dropbox\Client_164.4.7914\164.4.7914\locales\lv.pak,6294665839.0,998535312.0,99.81789602447704,True,True,True,True,1.0,True,True,True
sk.pak,\Program Files (x86)\Dropbox\Client_164.4.7914\164.4.7914\locales\sk.pak,6294676676.0,998538544.0,99.81789602447704,True,True,True,True,1.0,True,True,True
ru.pak,\Program Files (x86)\Dropbox\Client_164.4.7914\164.4.7914\locales\ru.pak,6294675758.0,998538256.0,99.81789602447704,True,True,True,True,1.0,True,True,True
de.pak,\Program Files (x86)\Dropbox\Client_164.4.7914\164.4.7914\locales\de.pak,6294644482.0,998528776.0,99.81789602447704,True,True,True,True,1.0,True,True,True
dbx.inf,\Program Files (x86)\Dropbox\Client_164.4.7914\164.4.7914\driver_amd64\dbx.inf,6294428691.0,998409848.0,99.81789602447704,True,True,True,True,1.0,True,True,True
ko.pak,\Program Files (x86)\Dropbox\Client_164.4.7914\164.4.7914\locales\ko.pak,6294664028.0,998534704.0,99.81789602447704,True,True,True,True,1.0,True,True,True
ca.pak,\Program Files (x86)\Dropbox\Client_164.4.7914\164.4.7914\locales\ca.pak,6294641275.0,998527912.0,99.81789602447704,True,True,True,True,1.0,True,True,True
kn.pak,\Program Files (x86)\Dropbox\Client_164.4.7914\164.4.7914\locales\kn.pak,6294663126.0,998534416.0,99.81789602447704,True,True,True,True,1.0,True,True,True
it.pak,\Program Files (x86)\Dropbox\Client_164.4.7914\164.4.7914\locales\it.pak,6294661044.0,998533840.0,99.81789602447704,True,True,True,True,1.0,True,True,True
uk.pak,\Program Files (x86)\Dropbox\Client_164.4.7914\164.4.7914\locales\uk.pak,6294686180.0,998541136.0,99.81789602447704,True,True,True,True,1.0,True,True,True
ja.pak,\Program Files (x86)\Dropbox\Client_164.4.7914\164.4.7914\locales\ja.pak,6294662086.0,998534128.0,99.81789602447704,True,True,True,True,1.0,True,True,True
ms.pak,\Program Files (x86)\Dropbox\Client_164.4.7914\164.4.7914\locales\ms.pak,6294668808.0,998536176.0,99.81789602447704,True,True,True,True,1.0,True,True,True
id.pak,\Program Files (x86)\Dropbox\Client_164.4.7914\164.4.7914\locales\id.pak,6294660075.0,998533552.0,99.81789602447704,True,True,True,True,1.0,True,True,True
sl.pak,\Program Files (x86)\Dropbox\Client_164.4.7914\164.4.7914\locales\sl.pak,6294678163.0,998538832.0,99.81789602447704,True,True,True,True,1.0,True,True,True
pl.pak,\Program Files (x86)\Dropbox\Client_164.4.7914\164.4.7914\locales\pl.pak,6294671693.0,998537040.0,99.81789602447704,True,True,True,True,1.0,True,True,True
gu.pak,\Program Files (x86)\Dropbox\Client_164.4.7914\164.4.7914\locales\gu.pak,6294655326.0,998532112.0,99.81789602447704,True,True,True,True,1.0,True,True,True
he.pak,\Program Files (x86)\Dropbox\Client_164.4.7914\164.4.7914\locales\he.pak,6294656297.0,998532400.0,99.81789602447704,True,True,True,True,1.0,True,True,True
hi.pak,\Program Files (x86)\Dropbox\Client_164.4.7914\164.4.7914\locales\hi.pak,6294657391.0,998532688.0,99.81789602447704,True,True,True,True,1.0,True,True,True
hu.pak,\Program Files (x86)\Dropbox\Client_164.4.7914\164.4.7914\locales\hu.pak,6294659232.0,998533264.0,99.81789602447704,True,True,True,True,1.0,True,True,True
hr.pak,\Program Files (x86)\Dropbox\Client_164.4.7914\164.4.7914\locales\hr.pak,6294658314.0,998532976.0,99.81789602447704,True,True,True,True,1.0,True,True,True
OneDrive.exe,\Program Files\Microsoft OneDrive\OneDrive.exe,6282819444.0,997038064.0,99.81144802458934,False,False,True,True,1.0,True,True,True
TileSmall.png,\Program Files (x86)\Dropbox\Client_164.4.7914\164.4.7914\Assets\TileSmall.png,6294009805.0,998202808.0,99.81094946804816,True,True,True,True,1.0,True,True,True
passwords.png,\Program Files (x86)\Dropbox\Client_164.4.7914\164.4.7914\Assets\passwords.png,6294181384.0,998301136.0,99.81094946804816,True,True,True,True,1.0,True,True,True
win32gui.cp38-win_amd64.pyd,\Program Files (x86)\Dropbox\Client_164.4.7914\164.4.7914\win32gui.cp38-win_amd64.pyd,6293959450.0,998176688.0,99.79582156615969,True,True,True,True,1.0,True,True,True
fastpath.cp38-win_amd64.pyd,\Program Files (x86)\Dropbox\Client_164.4.7914\164.4.7914\fastpath.cp38-win_amd64.pyd,6293694009.0,998148184.0,99.79582156615969,True,True,True,True,1.0,True,True,True
win32job.cp38-win_amd64.pyd,\Program Files (x86)\Dropbox\Client_164.4.7914\164.4.7914\win32job.cp38-win_amd64.pyd,6293960442.0,998177168.0,99.79582156615969,True,True,True,True,1.0,True,True,True
win32api.cp38-win_amd64.pyd,\Program Files (x86)\Dropbox\Client_164.4.7914\164.4.7914\win32api.cp38-win_amd64.pyd,6293951877.0,998173552.0,99.79582156615969,True,True,True,True,1.0,True,True,True
mmapfile.cp38-win_amd64.pyd,\Program Files (x86)\Dropbox\Client_164.4.7914\164.4.7914\mmapfile.cp38-win_amd64.pyd,6293717378.0,998152432.0,99.79582156615969,True,True,True,True,1.0,True,True,True
winxpgui.cp38-win_amd64.pyd,\Program Files (x86)\Dropbox\Client_164.4.7914\164.4.7914\winxpgui.cp38-win_amd64.pyd,6293981957.0,998187552.0,99.79582156615969,True,True,True,True,1.0,True,True,True
vccorlib140.dll,\Program Files (x86)\Dropbox\Client_164.4.7914\164.4.7914\vccorlib140.dll,6293948645.0,998172352.0,99.78127097835096,True,True,True,True,1.0,True,True,True
pythoncom38.dll,\Program Files (x86)\Dropbox\Client_164.4.7914\164.4.7914\pythoncom38.dll,6293929571.0,998166624.0,99.78127097835096,True,True,True,True,1.0,True,True,True
GammaAdjust.qml,\Program Files (x86)\Dropbox\Client_164.4.7914\164.4.7914\QtGraphicalEffects\GammaAdjust.qml,6294211253.0,998315648.0,99.7812179808422,True,True,True,True,1.0,True,True,True
InnerShadow.qml,\Program Files (x86)\Dropbox\Client_164.4.7914\164.4.7914\QtGraphicalEffects\InnerShadow.qml,6294214427.0,998317120.0,99.7812179808422,True,True,True,True,1.0,True,True,True
LevelAdjust.qml,\Program Files (x86)\Dropbox\Client_164.4.7914\164.4.7914\QtGraphicalEffects\LevelAdjust.qml,6294215237.0,998317504.0,99.7812179808422,True,True,True,True,1.0,True,True,True
OpacityMask.qml,\Program Files (x86)\Dropbox\Client_164.4.7914\164.4.7914\QtGraphicalEffects\OpacityMask.qml,6294217667.0,998318624.0,99.7812179808422,True,True,True,True,1.0,True,True,True
local_views.zip,\Program Files (x86)\Dropbox\Client_164.4.7914\164.4.7914\resources\local_views.zip,6294867326.0,998556984.0,99.7812179808422,True,True,True,True,1.0,True,True,True
OneDriveStandaloneUpdater.exe,\Program Files\Microsoft OneDrive\OneDriveStandaloneUpdater.exe,6282871581.0,997040488.0,99.77882219870285,False,False,True,True,1.0,True,True,True
opengl32sw.dll,\Program Files (x86)\Dropbox\Client_164.4.7914\164.4.7914\opengl32sw.dll,6293740222.0,998157328.0,99.76546913225019,True,True,True,True,1.0,True,True,True
Qt5Widgets.dll,\Program Files (x86)\Dropbox\Client_164.4.7914\164.4.7914\Qt5Widgets.dll,6292999335.0,997057576.0,99.76546913225019,True,True,True,True,1.0,True,True,True
Qt5Network.dll,\Program Files (x86)\Dropbox\Client_164.4.7914\164.4.7914\Qt5Network.dll,6292952343.0,997051008.0,99.76546913225019,True,True,True,True,1.0,True,True,True
msvcp140_2.dll,\Program Files (x86)\Dropbox\Client_164.4.7914\164.4.7914\msvcp140_2.dll,6293721619.0,998153552.0,99.76546913225019,True,True,True,True,1.0,True,True,True
msvcp140_1.dll,\Program Files (x86)\Dropbox\Client_164.4.7914\164.4.7914\msvcp140_1.dll,6293720536.0,997033632.0,99.76546913225019,True,True,True,True,1.0,True,True,True
aswe89ffd4b1c9391f3.tmp,\Windows\Temp\aswe89ffd4b1c9391f3.tmp,6280375036.0,996703872.0,99.76354554294842,False,False,True,True,1.0,True,True,True
asw35130d1c2be86e0b.tmp,\Windows\Temp\asw35130d1c2be86e0b.tmp,6280373185.0,996702976.0,99.76354554294842,False,False,True,True,1.0,True,True,True
aswd9520500a967ece8.tmp,\Windows\Temp\aswd9520500a967ece8.tmp,6280378918.0,996705824.0,99.76354554294842,False,False,True,True,1.0,True,True,True
asw6a432a45eda3f7ef.tmp,\Windows\Temp\asw6a432a45eda3f7ef.tmp,6280377580.0,996704928.0,99.76354554294842,False,False,True,True,1.0,True,True,True
BIT87C7.tmp,\Users\blueangel\AppData\Local\Temp\BIT87C7.tmp,6292717613.0,998084296.0,99.76288903371022,True,True,True,True,1.0,True,True,True
BIT63AF.tmp,\Users\blueangel\AppData\Local\Temp\BIT63AF.tmp,6281192191.0,996946728.0,99.76288903371022,True,True,True,True,1.0,True,True,True
BIT1F3F.tmp,\Users\blueangel\AppData\Local\Temp\BIT1F3F.tmp,6280715296.0,996801176.0,99.76288903371022,True,True,True,True,1.0,True,True,True
BIT1F2E.tmp,\Users\blueangel\AppData\Local\Temp\BIT1F2E.tmp,6280758854.0,996810152.0,99.76288903371022,True,True,True,True,1.0,True,True,True
BITAB7C.tmp,\Users\blueangel\AppData\Local\Temp\BITAB7C.tmp,6291801882.0,997820280.0,99.76288903371022,True,True,True,True,1.0,True,True,True
concrt140.dll,\Program Files (x86)\Dropbox\Client_164.4.7914\164.4.7914\concrt140.dll,6293059387.0,998136688.0,99.74039338982766,True,True,True,True,1.0,True,True,True
Qt5OpenGL.dll,\Program Files (x86)\Dropbox\Client_164.4.7914\164.4.7914\Qt5OpenGL.dll,6292954331.0,998107208.0,99.74039338982766,True,True,True,True,1.0,True,True,True
libGLESv2.dll,\Program Files (x86)\Dropbox\Client_164.4.7914\164.4.7914\libGLESv2.dll,6293715556.0,997000448.0,99.74039338982766,True,True,True,True,1.0,True,True,True
api-ms-win-crt-conio-l1-1-0.dll,\Program Files (x86)\Dropbox\Client_164.4.7914\164.4.7914\api-ms-win-crt-conio-l1-1-0.dll,6293039473.0,996914560.0,99.7337845707275,True,True,True,True,1.0,True,True,True
api-ms-win-core-file-l2-1-0.dll,\Program Files (x86)\Dropbox\Client_164.4.7914\164.4.7914\api-ms-win-core-file-l2-1-0.dll,6293021853.0,996894336.0,99.7337845707275,True,True,True,True,1.0,True,True,True
api-ms-win-core-heap-l1-1-0.dll,\Program Files (x86)\Dropbox\Client_164.4.7914\164.4.7914\api-ms-win-core-heap-l1-1-0.dll,6293023519.0,996896128.0,99.7337845707275,True,True,True,True,1.0,True,True,True
api-ms-win-core-util-l1-1-0.dll,\Program Files (x86)\Dropbox\Client_164.4.7914\164.4.7914\api-ms-win-core-util-l1-1-0.dll,6293038647.0,996913664.0,99.7337845707275,True,True,True,True,1.0,True,True,True
api-ms-win-core-file-l1-2-0.dll,\Program Files (x86)\Dropbox\Client_164.4.7914\164.4.7914\api-ms-win-core-file-l1-2-0.dll,6293021019.0,996893440.0,99.7337845707275,True,True,True,True,1.0,True,True,True
api-ms-win-crt-stdio-l1-1-0.dll,\Program Files (x86)\Dropbox\Client_164.4.7914\164.4.7914\api-ms-win-crt-stdio-l1-1-0.dll,6293050340.0,996930032.0,99.7337845707275,True,True,True,True,1.0,True,True,True
api-ms-win-core-file-l1-1-0.dll,\Program Files (x86)\Dropbox\Client_164.4.7914\164.4.7914\api-ms-win-core-file-l1-1-0.dll,6293020193.0,996892472.0,99.7337845707275,True,True,True,True,1.0,True,True,True
TinyTile.png,\Program Files (x86)\Dropbox\Client_164.4.7914\164.4.7914\Assets\TinyTile.png,6294026611.0,998212032.0,99.73353244401633,True,True,True,True,1.0,True,True,True
ZoomBlur.qml,\Program Files (x86)\Dropbox\Client_164.4.7914\164.4.7914\QtGraphicalEffects\ZoomBlur.qml,6294223152.0,998320912.0,99.72145716011555,True,True,True,True,1.0,True,True,True
Displace.qml,\Program Files (x86)\Dropbox\Client_164.4.7914\164.4.7914\QtGraphicalEffects\Displace.qml,6294208912.0,998314576.0,99.72145716011555,True,True,True,True,1.0,True,True,True
Colorize.qml,\Program Files (x86)\Dropbox\Client_164.4.7914\164.4.7914\QtGraphicalEffects\Colorize.qml,6294205733.0,998313040.0,99.72145716011555,True,True,True,True,1.0,True,True,True
FastBlur.qml,\Program Files (x86)\Dropbox\Client_164.4.7914\164.4.7914\QtGraphicalEffects\FastBlur.qml,6294210451.0,998315280.0,99.72145716011555,True,True,True,True,1.0,True,True,True
Appraiser_Data.ini,\Windows\appcompat\appraiser\AltData\Appraiser_Data.ini,6282341952.0,997353200.0,99.72101059415132,True,True,True,True,1.0,True,True,True
Appraiser_Data.ini.bak,\Windows\appcompat\appraiser\AltData\Appraiser_Data.ini.bak,6282497058.0,997407632.0,99.7133843905534,True,True,True,True,1.0,True,True,True
dbxsvc.exe,\Program Files (x86)\Dropbox\Client_164.4.7914\164.4.7914\driver_amd64\dbxsvc.exe,6294429471.0,998410168.0,99.71303825559427,True,True,True,True,1.0,True,True,True
vault.png,\Program Files (x86)\Dropbox\Client_164.4.7914\164.4.7914\Assets\vault.png,6294188015.0,998304856.0,99.70663346578166,True,True,True,True,1.0,True,True,True
paper.png,\Program Files (x86)\Dropbox\Client_164.4.7914\164.4.7914\Assets\paper.png,6294165397.0,998293128.0,99.70663346578166,True,True,True,True,1.0,True,True,True
binder.png,\Program Files (x86)\Dropbox\Client_164.4.7914\164.4.7914\Assets\binder.png,6294037979.0,998217968.0,99.70659675455342,True,True,True,True,1.0,True,True,True
backup.png,\Program Files (x86)\Dropbox\Client_164.4.7914\164.4.7914\Assets\backup.png,6294031426.0,998214448.0,99.70659675455342,True,True,True,True,1.0,True,True,True
papert.png,\Program Files (x86)\Dropbox\Client_164.4.7914\164.4.7914\Assets\papert.png,6294172511.0,998296688.0,99.70659675455342,True,True,True,True,1.0,True,True,True
gsheet.png,\Program Files (x86)\Dropbox\Client_164.4.7914\164.4.7914\Assets\gsheet.png,6294059052.0,998228960.0,99.70659675455342,True,True,True,True,1.0,True,True,True
pt-PT.pak,\Program Files (x86)\Dropbox\Client_164.4.7914\164.4.7914\locales\pt-PT.pak,6294673677.0,998537664.0,99.69334297173992,True,True,True,True,1.0,True,True,True
Blend.qml,\Program Files (x86)\Dropbox\Client_164.4.7914\164.4.7914\QtGraphicalEffects\Blend.qml,6294203028.0,998311904.0,99.69334297173992,True,True,True,True,1.0,True,True,True
zh-TW.pak,\Program Files (x86)\Dropbox\Client_164.4.7914\164.4.7914\locales\zh-TW.pak,6294689118.0,998542048.0,99.69334297173992,True,True,True,True,1.0,True,True,True
en-US.pak,\Program Files (x86)\Dropbox\Client_164.4.7914\164.4.7914\locales\en-US.pak,6294647473.0,998529688.0,99.69334297173992,True,True,True,True,1.0,True,True,True
en-GB.pak,\Program Files (x86)\Dropbox\Client_164.4.7914\164.4.7914\locales\en-GB.pak,6294646511.0,998529368.0,99.69334297173992,True,True,True,True,1.0,True,True,True
pt-BR.pak,\Program Files (x86)\Dropbox\Client_164.4.7914\164.4.7914\locales\pt-BR.pak,6294672671.0,998537344.0,99.69334297173992,True,True,True,True,1.0,True,True,True
zh-CN.pak,\Program Files (x86)\Dropbox\Client_164.4.7914\164.4.7914\locales\zh-CN.pak,6294688205.0,998541728.0,99.69334297173992,True,True,True,True,1.0,True,True,True
empty.docx,\Program Files (x86)\Dropbox\Client_164.4.7914\164.4.7914\resources\empty.docx,6294710305.0,998545616.0,99.69330460248489,True,True,True,True,1.0,True,True,True
empty.pptx,\Program Files (x86)\Dropbox\Client_164.4.7914\164.4.7914\resources\empty.pptx,6294711180.0,998545936.0,99.69330460248489,True,True,True,True,1.0,True,True,True
empty.xlsx,\Program Files (x86)\Dropbox\Client_164.4.7914\164.4.7914\resources\empty.xlsx,6294712070.0,998546256.0,99.69330460248489,True,True,True,True,1.0,True,True,True
es-419.pak,\Program Files (x86)\Dropbox\Client_164.4.7914\164.4.7914\locales\es-419.pak,6294648402.0,998530008.0,99.69330460248489,True,True,True,True,1.0,True,True,True
PyQt5.QtCore.cp38-win_amd64.pyd,\Program Files (x86)\Dropbox\Client_164.4.7914\164.4.7914\PyQt5.QtCore.cp38-win_amd64.pyd,6292912251.0,998100656.0,99.68980639257003,True,True,True,True,1.0,True,True,True
cpuid_native.cp38-win_amd64.pyd,\Program Files (x86)\Dropbox\Client_164.4.7914\164.4.7914\cpuid_native.cp38-win_amd64.pyd,6293060375.0,998137120.0,99.68980639257003,True,True,True,True,1.0,True,True,True
gdi32_native.cp38-win_amd64.pyd,\Program Files (x86)\Dropbox\Client_164.4.7914\164.4.7914\gdi32_native.cp38-win_amd64.pyd,6293698487.0,998149512.0,99.68980639257003,True,True,True,True,1.0,True,True,True
win32profile.cp38-win_amd64.pyd,\Program Files (x86)\Dropbox\Client_164.4.7914\164.4.7914\win32profile.cp38-win_amd64.pyd,6293964633.0,998179200.0,99.68980639257003,True,True,True,True,1.0,True,True,True
win32process.cp38-win_amd64.pyd,\Program Files (x86)\Dropbox\Client_164.4.7914\164.4.7914\win32process.cp38-win_amd64.pyd,6293963574.0,998178624.0,99.68980639257003,True,True,True,True,1.0,True,True,True
ntdll_native.cp38-win_amd64.pyd,\Program Files (x86)\Dropbox\Client_164.4.7914\164.4.7914\ntdll_native.cp38-win_amd64.pyd,6293724662.0,998154944.0,99.68980639257003,True,True,True,True,1.0,True,True,True
win32service.cp38-win_amd64.pyd,\Program Files (x86)\Dropbox\Client_164.4.7914\164.4.7914\win32service.cp38-win_amd64.pyd,6293967594.0,998180224.0,99.68980639257003,True,True,True,True,1.0,True,True,True
resources.pak,\Program Files (x86)\Dropbox\Client_164.4.7914\164.4.7914\resources.pak,6293937433.0,998168080.0,99.68661280372494,True,True,True,True,1.0,True,True,True
qt.conf,\Program Files (x86)\Dropbox\Client_164.4.7914\qt.conf,6292871274.0,998096976.0,99.67157863112858,True,True,True,True,1.0,True,True,True
OneDrive.VisualElementsManifest.xml,\Program Files\Microsoft OneDrive\OneDrive.VisualElementsManifest.xml,6282866417.0,997548752.0,99.66587469439219,False,False,True,True,1.0,True,True,True
api-ms-win-core-datetime-l1-1-0.dll,\Program Files (x86)\Dropbox\Client_164.4.7914\164.4.7914\api-ms-win-core-datetime-l1-1-0.dll,6293017036.0,996883440.0,99.65217044101456,True,True,True,True,1.0,True,True,True
api-ms-win-crt-multibyte-l1-1-0.dll,\Program Files (x86)\Dropbox\Client_164.4.7914\164.4.7914\api-ms-win-crt-multibyte-l1-1-0.dll,6293046507.0,996922872.0,99.65217044101456,True,True,True,True,1.0,True,True,True
api-ms-win-core-timezone-l1-1-0.dll,\Program Files (x86)\Dropbox\Client_164.4.7914\164.4.7914\api-ms-win-core-timezone-l1-1-0.dll,6293037810.0,996912648.0,99.65217044101456,True,True,True,True,1.0,True,True,True
gslides.png,\Program Files (x86)\Dropbox\Client_164.4.7914\164.4.7914\Assets\gslides.png,6294066121.0,998232464.0,99.634618222893,True,True,True,True,1.0,True,True,True
libffi-7.dll,\Program Files (x86)\Dropbox\Client_164.4.7914\164.4.7914\libffi-7.dll,6293716460.0,998152016.0,99.63377880607993,True,True,True,True,1.0,True,True,True
Qt5Quick.dll,\Program Files (x86)\Dropbox\Client_164.4.7914\164.4.7914\Qt5Quick.dll,6292980541.0,997054336.0,99.63377880607993,True,True,True,True,1.0,True,True,True
python38.dll,\Program Files (x86)\Dropbox\Client_164.4.7914\164.4.7914\python38.dll,6293928160.0,998166184.0,99.63377880607993,True,True,True,True,1.0,True,True,True
electron.dll,\Program Files (x86)\Dropbox\Client_164.4.7914\164.4.7914\electron.dll,6293693038.0,998147768.0,99.63377880607993,True,True,True,True,1.0,True,True,True
ucrtbase.dll,\Program Files (x86)\Dropbox\Client_164.4.7914\164.4.7914\ucrtbase.dll,6293944405.0,997066160.0,99.63377880607993,True,True,True,True,1.0,True,True,True
msvcp140.dll,\Program Files (x86)\Dropbox\Client_164.4.7914\164.4.7914\msvcp140.dll,6293718959.0,997032872.0,99.63377880607993,True,True,True,True,1.0,True,True,True
dbx-dev.sys,\Program Files (x86)\Dropbox\Client_164.4.7914\164.4.7914\driver_amd64\dbx-dev.sys,6294426778.0,998409160.0,99.63320594941403,True,True,True,True,1.0,True,True,True
dropbox.cat,\Program Files (x86)\Dropbox\Client_164.4.7914\164.4.7914\driver_amd64\dropbox.cat,6294430345.0,998410504.0,99.6180776923196,True,True,True,True,1.0,True,True,True
BITC2FD.tmp,\Windows\Temp\BITC2FD.tmp,6291959034.0,997886336.0,99.60955014368511,True,True,True,True,1.0,True,True,True
BIT5650.tmp,\Windows\Temp\BIT5650.tmp,6281019518.0,996857552.0,99.60955014368511,True,True,True,True,1.0,True,True,True
BIT6537.tmp,\Windows\Temp\BIT6537.tmp,6281329896.0,997004576.0,99.60955014368511,True,True,True,True,1.0,True,True,True
BIT27BB.tmp,\Windows\Temp\BIT27BB.tmp,6280836082.0,996828920.0,99.60955014368511,True,True,True,True,1.0,True,True,True
BIT2DA8.tmp,\Windows\Temp\BIT2DA8.tmp,6280848882.0,996833856.0,99.60955014368511,True,True,True,True,1.0,True,True,True
BIT2EC2.tmp,\Windows\Temp\BIT2EC2.tmp,6280939539.0,996842152.0,99.60955014368511,True,True,True,True,1.0,True,True,True
BIT74BA.tmp,\Windows\Temp\BIT74BA.tmp,6281516241.0,997044040.0,99.60955014368511,True,True,True,True,1.0,True,True,True
Qt5Sql.dll,\Program Files (x86)\Dropbox\Client_164.4.7914\164.4.7914\Qt5Sql.dll,6292982628.0,998108720.0,99.6001363617918,True,True,True,True,1.0,True,True,True
ffmpeg.dll,\Program Files (x86)\Dropbox\Client_164.4.7914\164.4.7914\ffmpeg.dll,6293695919.0,998148584.0,99.6001363617918,True,True,True,True,1.0,True,True,True
Qt5Qml.dll,\Program Files (x86)\Dropbox\Client_164.4.7914\164.4.7914\Qt5QML.dll,6292974268.0,997052312.0,99.6001363617918,True,True,True,True,1.0,True,True,True
libEGL.dll,\Program Files (x86)\Dropbox\Client_164.4.7914\164.4.7914\libEGL.dll,6293710307.0,996999672.0,99.6001363617918,True,True,True,True,1.0,True,True,True
Qt5Gui.dll,\Program Files (x86)\Dropbox\Client_164.4.7914\164.4.7914\Qt5Gui.dll,6292949956.0,997050408.0,99.6001363617918,True,True,True,True,1.0,True,True,True
api-ms-win-crt-string-l1-1-0.dll,\Program Files (x86)\Dropbox\Client_164.4.7914\164.4.7914\api-ms-win-crt-string-l1-1-0.dll,6293052105.0,996931480.0,99.57752407500664,True,True,True,True,1.0,True,True,True
api-ms-win-crt-locale-l1-1-0.dll,\Program Files (x86)\Dropbox\Client_164.4.7914\164.4.7914\api-ms-win-crt-locale-l1-1-0.dll,6293043720.0,996920640.0,99.57752407500664,True,True,True,True,1.0,True,True,True
api-ms-win-core-synch-l1-2-0.dll,\Program Files (x86)\Dropbox\Client_164.4.7914\164.4.7914\api-ms-win-core-synch-l1-2-0.dll,6293035489.0,996910528.0,99.57752407500664,True,True,True,True,1.0,True,True,True
api-ms-win-core-synch-l1-1-0.dll,\Program Files (x86)\Dropbox\Client_164.4.7914\164.4.7914\api-ms-win-core-synch-l1-1-0.dll,6293034657.0,996909632.0,99.57752407500664,True,True,True,True,1.0,True,True,True
api-ms-win-core-debug-l1-1-0.dll,\Program Files (x86)\Dropbox\Client_164.4.7914\164.4.7914\api-ms-win-core-debug-l1-1-0.dll,6293018506.0,996884352.0,99.57752407500664,True,True,True,True,1.0,True,True,True
tornado.speedups.cp38-win_amd64.pyd,\Program Files (x86)\Dropbox\Client_164.4.7914\164.4.7914\tornado.speedups.cp38-win_amd64.pyd,6293941463.0,998170064.0,99.5703330543867,True,True,True,True,1.0,True,True,True
logo.targetsize-256_altform-unplated.png,\Program Files (x86)\Dropbox\Client_164.4.7914\164.4.7914\Assets\logo.targetsize-256_altform-unplated.png,6294104997.0,998255376.0,99.55825499405542,True,True,True,True,1.0,True,True,True
Dropbox.msix,\Program Files (x86)\Dropbox\Client_164.4.7914\PackageAssets\Dropbox.msix,6294883643.0,998561624.0,99.5579748861569,True,True,True,True,1.0,True,True,True
logo.targetsize-48_altform-unplated.png,\Program Files (x86)\Dropbox\Client_164.4.7914\164.4.7914\Assets\logo.targetsize-48_altform-unplated.png,6294132483.0,998272848.0,99.53803165323018,True,True,True,True,1.0,True,True,True
logo.targetsize-30_altform-unplated.png,\Program Files (x86)\Dropbox\Client_164.4.7914\164.4.7914\Assets\logo.targetsize-30_altform-unplated.png,6294110775.0,998258960.0,99.53803165323018,True,True,True,True,1.0,True,True,True
logo.targetsize-64_altform-unplated.png,\Program Files (x86)\Dropbox\Client_164.4.7914\164.4.7914\Assets\logo.targetsize-64_altform-unplated.png,6294144030.0,998279752.0,99.53803165323018,True,True,True,True,1.0,True,True,True
logo.targetsize-80_altform-unplated.png,\Program Files (x86)\Dropbox\Client_164.4.7914\164.4.7914\Assets\logo.targetsize-80_altform-unplated.png,6294155408.0,998286696.0,99.53803165323018,True,True,True,True,1.0,True,True,True
logo.targetsize-32_altform-unplated.png,\Program Files (x86)\Dropbox\Client_164.4.7914\164.4.7914\Assets\logo.targetsize-32_altform-unplated.png,6294116512.0,998262392.0,99.53803165323018,True,True,True,True,1.0,True,True,True
logo.targetsize-24_altform-unplated.png,\Program Files (x86)\Dropbox\Client_164.4.7914\164.4.7914\Assets\logo.targetsize-24_altform-unplated.png,6294100052.0,998251872.0,99.53803165323018,True,True,True,True,1.0,True,True,True
logo.targetsize-72_altform-unplated.png,\Program Files (x86)\Dropbox\Client_164.4.7914\164.4.7914\Assets\logo.targetsize-72_altform-unplated.png,6294150254.0,998283176.0,99.53803165323018,True,True,True,True,1.0,True,True,True
logo.targetsize-40_altform-unplated.png,\Program Files (x86)\Dropbox\Client_164.4.7914\164.4.7914\Assets\logo.targetsize-40_altform-unplated.png,6294127390.0,998269424.0,99.53803165323018,True,True,True,True,1.0,True,True,True
logo.targetsize-60_altform-unplated.png,\Program Files (x86)\Dropbox\Client_164.4.7914\164.4.7914\Assets\logo.targetsize-60_altform-unplated.png,6294138855.0,998276304.0,99.53803165323018,True,True,True,True,1.0,True,True,True
logo.targetsize-96_altform-unplated.png,\Program Files (x86)\Dropbox\Client_164.4.7914\164.4.7914\Assets\logo.targetsize-96_altform-unplated.png,6294161179.0,998290248.0,99.53803165323018,True,True,True,True,1.0,True,True,True
logo.targetsize-20_altform-unplated.png,\Program Files (x86)\Dropbox\Client_164.4.7914\164.4.7914\Assets\logo.targetsize-20_altform-unplated.png,6294094798.0,998248448.0,99.53803165323018,True,True,True,True,1.0,True,True,True
logo.targetsize-16_altform-unplated.png,\Program Files (x86)\Dropbox\Client_164.4.7914\164.4.7914\Assets\logo.targetsize-16_altform-unplated.png,6294090159.0,998244952.0,99.53803165323018,True,True,True,True,1.0,True,True,True
logo.targetsize-36_altform-unplated.png,\Program Files (x86)\Dropbox\Client_164.4.7914\164.4.7914\Assets\logo.targetsize-36_altform-unplated.png,6294121669.0,998265944.0,99.53803165323018,True,True,True,True,1.0,True,True,True
winenumhandles_native.cp38-win_amd64.pyd,\Program Files (x86)\Dropbox\Client_164.4.7914\164.4.7914\winenumhandles_native.cp38-win_amd64.pyd,6293971624.0,998182304.0,99.53356601355704,True,True,True,True,1.0,True,True,True
logo.targetsize-72_contrast-black.png,\Program Files (x86)\Dropbox\Client_164.4.7914\164.4.7914\Assets\logo.targetsize-72_contrast-black.png,6294152854.0,998285080.0,99.53174887515117,True,True,True,True,1.0,True,True,True
logo.targetsize-96_contrast-black.png,\Program Files (x86)\Dropbox\Client_164.4.7914\164.4.7914\Assets\logo.targetsize-96_contrast-black.png,6294163780.0,998292152.0,99.53174887515117,True,True,True,True,1.0,True,True,True
logo.targetsize-72_contrast-white.png,\Program Files (x86)\Dropbox\Client_164.4.7914\164.4.7914\Assets\logo.targetsize-72_contrast-white.png,6294153747.0,998285720.0,99.53174887515117,True,True,True,True,1.0,True,True,True
logo.targetsize-80_contrast-white.png,\Program Files (x86)\Dropbox\Client_164.4.7914\164.4.7914\Assets\logo.targetsize-80_contrast-white.png,6294159476.0,998289144.0,99.53174887515117,True,True,True,True,1.0,True,True,True
logo.targetsize-80_contrast-black.png,\Program Files (x86)\Dropbox\Client_164.4.7914\164.4.7914\Assets\logo.targetsize-80_contrast-black.png,6294158013.0,998288600.0,99.53174887515117,True,True,True,True,1.0,True,True,True
logo.targetsize-30_contrast-white.png,\Program Files (x86)\Dropbox\Client_164.4.7914\164.4.7914\Assets\logo.targetsize-30_contrast-white.png,6294114826.0,998261416.0,99.53174887515117,True,True,True,True,1.0,True,True,True
logo.targetsize-16_contrast-black.png,\Program Files (x86)\Dropbox\Client_164.4.7914\164.4.7914\Assets\logo.targetsize-16_contrast-black.png,6294092501.0,998246856.0,99.53174887515117,True,True,True,True,1.0,True,True,True
logo.targetsize-64_contrast-white.png,\Program Files (x86)\Dropbox\Client_164.4.7914\164.4.7914\Assets\logo.targetsize-64_contrast-white.png,6294148592.0,998282200.0,99.53174887515117,True,True,True,True,1.0,True,True,True
logo.targetsize-64_contrast-black.png,\Program Files (x86)\Dropbox\Client_164.4.7914\164.4.7914\Assets\logo.targetsize-64_contrast-black.png,6294147757.0,998281656.0,99.53174887515117,True,True,True,True,1.0,True,True,True
logo.targetsize-32_contrast-white.png,\Program Files (x86)\Dropbox\Client_164.4.7914\164.4.7914\Assets\logo.targetsize-32_contrast-white.png,6294119980.0,998264968.0,99.53174887515117,True,True,True,True,1.0,True,True,True
logo.targetsize-36_contrast-black.png,\Program Files (x86)\Dropbox\Client_164.4.7914\164.4.7914\Assets\logo.targetsize-36_contrast-black.png,6294124823.0,998267848.0,99.53174887515117,True,True,True,True,1.0,True,True,True
logo.targetsize-24_contrast-white.png,\Program Files (x86)\Dropbox\Client_164.4.7914\164.4.7914\Assets\logo.targetsize-24_contrast-white.png,6294103333.0,998254368.0,99.53174887515117,True,True,True,True,1.0,True,True,True
logo.targetsize-24_contrast-black.png,\Program Files (x86)\Dropbox\Client_164.4.7914\164.4.7914\Assets\logo.targetsize-24_contrast-black.png,6294102576.0,998253824.0,99.53174887515117,True,True,True,True,1.0,True,True,True
logo.targetsize-20_contrast-white.png,\Program Files (x86)\Dropbox\Client_164.4.7914\164.4.7914\Assets\logo.targetsize-20_contrast-white.png,6294097928.0,998250896.0,99.53174887515117,True,True,True,True,1.0,True,True,True
logo.targetsize-20_contrast-black.png,\Program Files (x86)\Dropbox\Client_164.4.7914\164.4.7914\Assets\logo.targetsize-20_contrast-black.png,6294097157.0,998250352.0,99.53174887515117,True,True,True,True,1.0,True,True,True
logo.targetsize-36_contrast-white.png,\Program Files (x86)\Dropbox\Client_164.4.7914\164.4.7914\Assets\logo.targetsize-36_contrast-white.png,6294125667.0,998268392.0,99.53174887515117,True,True,True,True,1.0,True,True,True
logo.targetsize-40_contrast-black.png,\Program Files (x86)\Dropbox\Client_164.4.7914\164.4.7914\Assets\logo.targetsize-40_contrast-black.png,6294129980.0,998271328.0,99.53174887515117,True,True,True,True,1.0,True,True,True
logo.targetsize-40_contrast-white.png,\Program Files (x86)\Dropbox\Client_164.4.7914\164.4.7914\Assets\logo.targetsize-40_contrast-white.png,6294130824.0,998271872.0,99.53174887515117,True,True,True,True,1.0,True,True,True
logo.targetsize-16_contrast-white.png,\Program Files (x86)\Dropbox\Client_164.4.7914\164.4.7914\Assets\logo.targetsize-16_contrast-white.png,6294093258.0,998247400.0,99.53174887515117,True,True,True,True,1.0,True,True,True
logo.targetsize-30_contrast-black.png,\Program Files (x86)\Dropbox\Client_164.4.7914\164.4.7914\Assets\logo.targetsize-30_contrast-black.png,6294113984.0,998260872.0,99.53174887515117,True,True,True,True,1.0,True,True,True
logo.targetsize-48_contrast-black.png,\Program Files (x86)\Dropbox\Client_164.4.7914\164.4.7914\Assets\logo.targetsize-48_contrast-black.png,6294135750.0,998274784.0,99.53174887515117,True,True,True,True,1.0,True,True,True
logo.targetsize-48_contrast-white.png,\Program Files (x86)\Dropbox\Client_164.4.7914\164.4.7914\Assets\logo.targetsize-48_contrast-white.png,6294137194.0,998275328.0,99.53174887515117,True,True,True,True,1.0,True,True,True
logo.targetsize-60_contrast-black.png,\Program Files (x86)\Dropbox\Client_164.4.7914\164.4.7914\Assets\logo.targetsize-60_contrast-black.png,6294141513.0,998278232.0,99.53174887515117,True,True,True,True,1.0,True,True,True
logo.targetsize-60_contrast-white.png,\Program Files (x86)\Dropbox\Client_164.4.7914\164.4.7914\Assets\logo.targetsize-60_contrast-white.png,6294142347.0,998278776.0,99.53174887515117,True,True,True,True,1.0,True,True,True
logo.targetsize-32_contrast-black.png,\Program Files (x86)\Dropbox\Client_164.4.7914\164.4.7914\Assets\logo.targetsize-32_contrast-black.png,6294119081.0,998264296.0,99.53174887515117,True,True,True,True,1.0,True,True,True
logo.targetsize-96_contrast-white.png,\Program Files (x86)\Dropbox\Client_164.4.7914\164.4.7914\Assets\logo.targetsize-96_contrast-white.png,6294164626.0,998292696.0,99.53174887515117,True,True,True,True,1.0,True,True,True
TinyTile.contrast-white_scale-150.png,\Program Files (x86)\Dropbox\Client_164.4.7914\164.4.7914\Assets\TinyTile.contrast-white_scale-150.png,6294023983.0,998210416.0,99.53174887515117,True,True,True,True,1.0,True,True,True
TinyTile.contrast-black_scale-150.png,\Program Files (x86)\Dropbox\Client_164.4.7914\164.4.7914\Assets\TinyTile.contrast-black_scale-150.png,6294017983.0,998207136.0,99.53174887515117,True,True,True,True,1.0,True,True,True
TinyTile.contrast-white_scale-400.png,\Program Files (x86)\Dropbox\Client_164.4.7914\164.4.7914\Assets\TinyTile.contrast-white_scale-400.png,6294025678.0,998211584.0,99.53174887515117,True,True,True,True,1.0,True,True,True
TinyTile.contrast-white_scale-125.png,\Program Files (x86)\Dropbox\Client_164.4.7914\164.4.7914\Assets\TinyTile.contrast-white_scale-125.png,6294022231.0,998209872.0,99.53174887515117,True,True,True,True,1.0,True,True,True
TinyTile.contrast-white_scale-100.png,\Program Files (x86)\Dropbox\Client_164.4.7914\164.4.7914\Assets\TinyTile.contrast-white_scale-100.png,6294021389.0,998209328.0,99.53174887515117,True,True,True,True,1.0,True,True,True
TinyTile.contrast-black_scale-200.png,\Program Files (x86)\Dropbox\Client_164.4.7914\164.4.7914\Assets\TinyTile.contrast-black_scale-200.png,6294018876.0,998207760.0,99.53174887515117,True,True,True,True,1.0,True,True,True
TinyTile.contrast-black_scale-400.png,\Program Files (x86)\Dropbox\Client_164.4.7914\164.4.7914\Assets\TinyTile.contrast-black_scale-400.png,6294019720.0,998208304.0,99.53174887515117,True,True,True,True,1.0,True,True,True
TinyTile.contrast-black_scale-125.png,\Program Files (x86)\Dropbox\Client_164.4.7914\164.4.7914\Assets\TinyTile.contrast-black_scale-125.png,6294017149.0,998206592.0,99.53174887515117,True,True,True,True,1.0,True,True,True
TinyTile.contrast-white_scale-200.png,\Program Files (x86)\Dropbox\Client_164.4.7914\164.4.7914\Assets\TinyTile.contrast-white_scale-200.png,6294024828.0,998210960.0,99.53174887515117,True,True,True,True,1.0,True,True,True
TinyTile.contrast-black_scale-100.png,\Program Files (x86)\Dropbox\Client_164.4.7914\164.4.7914\Assets\TinyTile.contrast-black_scale-100.png,6294016291.0,998206048.0,99.53174887515117,True,True,True,True,1.0,True,True,True
api-ms-win-crt-time-l1-1-0.dll,\Program Files (x86)\Dropbox\Client_164.4.7914\164.4.7914\api-ms-win-crt-time-l1-1-0.dll,6293053097.0,996933056.0,99.53052811065662,True,True,True,True,1.0,True,True,True
api-ms-win-crt-math-l1-1-0.dll,\Program Files (x86)\Dropbox\Client_164.4.7914\164.4.7914\api-ms-win-crt-math-l1-1-0.dll,6293044664.0,996921584.0,99.53052811065662,True,True,True,True,1.0,True,True,True
DropboxNativeMessagingHost.exe,\Program Files (x86)\Dropbox\Client_164.4.7914\164.4.7914\DropboxNativeMessagingHost.exe,6292875176.0,998098304.0,99.53052811065662,True,True,True,True,1.0,True,True,True
api-ms-win-crt-heap-l1-1-0.dll,\Program Files (x86)\Dropbox\Client_164.4.7914\164.4.7914\api-ms-win-crt-heap-l1-1-0.dll,6293042882.0,996919688.0,99.53052811065662,True,True,True,True,1.0,True,True,True
DropboxThumbnailGenerator.exe,\Program Files (x86)\Dropbox\Client_164.4.7914\164.4.7914\DropboxThumbnailGenerator.exe,6292902495.0,998099712.0,99.53052811065662,True,True,True,True,1.0,True,True,True
qtgraphicaleffectsplugin.dll,\Program Files (x86)\Dropbox\Client_164.4.7914\164.4.7914\QtGraphicalEffects\qtgraphicaleffectsplugin.dll,6294225515.0,998322000.0,99.53051561893321,True,True,True,True,1.0,True,True,True
api-ms-win-core-namedpipe-l1-1-0.dll,\Program Files (x86)\Dropbox\Client_164.4.7914\164.4.7914\api-ms-win-core-namedpipe-l1-1-0.dll,6293028640.0,996901136.0,99.52923579361848,True,True,True,True,1.0,True,True,True
api-ms-win-core-rtlsupport-l1-1-0.dll,\Program Files (x86)\Dropbox\Client_164.4.7914\164.4.7914\api-ms-win-core-rtlsupport-l1-1-0.dll,6293032973.0,996907400.0,99.52923579361848,True,True,True,True,1.0,True,True,True
api-ms-win-crt-environment-l1-1-0.dll,\Program Files (x86)\Dropbox\Client_164.4.7914\164.4.7914\api-ms-win-crt-environment-l1-1-0.dll,6293041141.0,996916552.0,99.52923579361848,True,True,True,True,1.0,True,True,True
api-ms-win-crt-filesystem-l1-1-0.dll,\Program Files (x86)\Dropbox\Client_164.4.7914\164.4.7914\api-ms-win-crt-filesystem-l1-1-0.dll,6293041983.0,996917520.0,99.52923579361848,True,True,True,True,1.0,True,True,True
qtquick2plugin.dll,\Program Files (x86)\Dropbox\Client_164.4.7914\164.4.7914\QtQuick.2\qtquick2plugin.dll,6294392509.0,997404480.0,99.52414264892003,True,True,True,True,1.0,True,True,True
apex.node,\Program Files (x86)\Dropbox\Client_164.4.7914\164.4.7914\apex.node,6293014383.0,998113280.0,99.51453460798915,True,True,True,True,1.0,True,True,True
icudtl.dat,\Program Files (x86)\Dropbox\Client_164.4.7914\164.4.7914\icudtl.dat,6293707383.0,998149928.0,99.51447397499999,True,True,True,True,1.0,True,True,True
win32com.shell.shell.cp38-win_amd64.pyd,\Program Files (x86)\Dropbox\Client_164.4.7914\164.4.7914\win32com.shell.shell.cp38-win_amd64.pyd,6293954224.0,998174720.0,99.50575969066611,True,True,True,True,1.0,True,True,True
winscreenshot_native.cp38-win_amd64.pyd,\Program Files (x86)\Dropbox\Client_164.4.7914\164.4.7914\winscreenshot_native.cp38-win_amd64.pyd,6293978540.0,998185792.0,99.50575969066611,True,True,True,True,1.0,True,True,True
external_drive.targetsize-64.png,\Program Files (x86)\Dropbox\Client_164.4.7914\164.4.7914\Assets\external_drive.targetsize-64.png,6294051859.0,998225152.0,99.5032868805131,True,True,True,True,1.0,True,True,True
external_drive.targetsize-48.png,\Program Files (x86)\Dropbox\Client_164.4.7914\164.4.7914\Assets\external_drive.targetsize-48.png,6294051020.0,998224640.0,99.5032868805131,True,True,True,True,1.0,True,True,True
external_drive.targetsize-32.png,\Program Files (x86)\Dropbox\Client_164.4.7914\164.4.7914\Assets\external_drive.targetsize-32.png,6294050168.0,998224128.0,99.5032868805131,True,True,True,True,1.0,True,True,True
external_drive.targetsize-24.png,\Program Files (x86)\Dropbox\Client_164.4.7914\164.4.7914\Assets\external_drive.targetsize-24.png,6294048423.0,998223008.0,99.5032868805131,True,True,True,True,1.0,True,True,True
external_drive.targetsize-16.png,\Program Files (x86)\Dropbox\Client_164.4.7914\164.4.7914\Assets\external_drive.targetsize-16.png,6294046932.0,998222496.0,99.5032868805131,True,True,True,True,1.0,True,True,True
Qt5Core.dll,\Program Files (x86)\Dropbox\Client_164.4.7914\164.4.7914\Qt5Core.dll,6292936347.0,997047256.0,99.47234953568173,True,True,True,True,1.0,True,True,True
passwords.targetsize-256.png,\Program Files (x86)\Dropbox\Client_164.4.7914\164.4.7914\Assets\passwords.targetsize-256.png,6294184761.0,998303016.0,99.44222996104439,True,True,True,True,1.0,True,True,True
TileSmall.contrast-black.png,\Program Files (x86)\Dropbox\Client_164.4.7914\164.4.7914\Assets\TileSmall.contrast-black.png,6293998901.0,998196448.0,99.44222996104439,True,True,True,True,1.0,True,True,True
passwords.targetsize-128.png,\Program Files (x86)\Dropbox\Client_164.4.7914\164.4.7914\Assets\passwords.targetsize-128.png,6294182200.0,998301552.0,99.44222996104439,True,True,True,True,1.0,True,True,True
TileSmall.contrast-white.png,\Program Files (x86)\Dropbox\Client_164.4.7914\164.4.7914\Assets\TileSmall.contrast-white.png,6294004060.0,998199672.0,99.44222996104439,True,True,True,True,1.0,True,True,True
allocator_metrics.cp38-win_amd64.pyd,\Program Files (x86)\Dropbox\Client_164.4.7914\164.4.7914\allocator_metrics.cp38-win_amd64.pyd,6293008167.0,998112360.0,99.43540188857399,True,True,True,True,1.0,True,True,True
PyQt5.QtWinExtras.cp38-win_amd64.pyd,\Program Files (x86)\Dropbox\Client_164.4.7914\164.4.7914\PyQt5.QtWinExtras.cp38-win_amd64.pyd,6292927600.0,998104568.0,99.43540188857399,True,True,True,True,1.0,True,True,True
cloud_files_utils.cp38-win_amd64.pyd,\Program Files (x86)\Dropbox\Client_164.4.7914\164.4.7914\cloud_files_utils.cp38-win_amd64.pyd,6293057901.0,998136240.0,99.43540188857399,True,True,True,True,1.0,True,True,True
web.targetsize-64.png,\Program Files (x86)\Dropbox\Client_164.4.7914\164.4.7914\Assets\web.targetsize-64.png,6294201544.0,998311344.0,99.43504214486684,True,True,True,True,1.0,True,True,True
web.targetsize-48.png,\Program Files (x86)\Dropbox\Client_164.4.7914\164.4.7914\Assets\web.targetsize-48.png,6294200726.0,998310928.0,99.43504214486684,True,True,True,True,1.0,True,True,True
web.targetsize-32.png,\Program Files (x86)\Dropbox\Client_164.4.7914\164.4.7914\Assets\web.targetsize-32.png,6294199900.0,998310512.0,99.43504214486684,True,True,True,True,1.0,True,True,True
web.targetsize-24.png,\Program Files (x86)\Dropbox\Client_164.4.7914\164.4.7914\Assets\web.targetsize-24.png,6294197522.0,998309616.0,99.43504214486684,True,True,True,True,1.0,True,True,True
web.targetsize-16.png,\Program Files (x86)\Dropbox\Client_164.4.7914\164.4.7914\Assets\web.targetsize-16.png,6294196721.0,998309200.0,99.43504214486684,True,True,True,True,1.0,True,True,True
logo.scale-100.png,\Program Files (x86)\Dropbox\Client_164.4.7914\164.4.7914\Assets\logo.scale-100.png,6294084789.0,998242432.0,99.43500035059039,True,True,True,True,1.0,True,True,True
logo.scale-125.png,\Program Files (x86)\Dropbox\Client_164.4.7914\164.4.7914\Assets\logo.scale-125.png,6294085596.0,998242816.0,99.43500035059039,True,True,True,True,1.0,True,True,True
logo.scale-150.png,\Program Files (x86)\Dropbox\Client_164.4.7914\164.4.7914\Assets\logo.scale-150.png,6294086424.0,998243200.0,99.43500035059039,True,True,True,True,1.0,True,True,True
logo.scale-200.png,\Program Files (x86)\Dropbox\Client_164.4.7914\164.4.7914\Assets\logo.scale-200.png,6294087252.0,998243584.0,99.43500035059039,True,True,True,True,1.0,True,True,True
external_drive.png,\Program Files (x86)\Dropbox\Client_164.4.7914\164.4.7914\Assets\external_drive.png,6294045228.0,998221536.0,99.43500035059039,True,True,True,True,1.0,True,True,True
logo.scale-400.png,\Program Files (x86)\Dropbox\Client_164.4.7914\164.4.7914\Assets\logo.scale-400.png,6294088630.0,998243968.0,99.43500035059039,True,True,True,True,1.0,True,True,True
logo.targetsize-64.png,\Program Files (x86)\Dropbox\Client_164.4.7914\164.4.7914\Assets\logo.targetsize-64.png,6294143178.0,998279256.0,99.43438530757402,True,True,True,True,1.0,True,True,True
logo.targetsize-80.png,\Program Files (x86)\Dropbox\Client_164.4.7914\164.4.7914\Assets\logo.targetsize-80.png,6294154567.0,998286200.0,99.43438530757402,True,True,True,True,1.0,True,True,True
TinyTile.scale-400.png,\Program Files (x86)\Dropbox\Client_164.4.7914\164.4.7914\Assets\TinyTile.scale-400.png,6294030657.0,998214080.0,99.43438530757402,True,True,True,True,1.0,True,True,True
TinyTile.scale-200.png,\Program Files (x86)\Dropbox\Client_164.4.7914\164.4.7914\Assets\TinyTile.scale-200.png,6294029847.0,998213664.0,99.43438530757402,True,True,True,True,1.0,True,True,True
TinyTile.scale-150.png,\Program Files (x86)\Dropbox\Client_164.4.7914\164.4.7914\Assets\TinyTile.scale-150.png,6294029028.0,998213248.0,99.43438530757402,True,True,True,True,1.0,True,True,True
TinyTile.scale-125.png,\Program Files (x86)\Dropbox\Client_164.4.7914\164.4.7914\Assets\TinyTile.scale-125.png,6294028210.0,998212832.0,99.43438530757402,True,True,True,True,1.0,True,True,True
TinyTile.scale-100.png,\Program Files (x86)\Dropbox\Client_164.4.7914\164.4.7914\Assets\TinyTile.scale-100.png,6294027400.0,998212416.0,99.43438530757402,True,True,True,True,1.0,True,True,True
logo.targetsize-72.png,\Program Files (x86)\Dropbox\Client_164.4.7914\164.4.7914\Assets\logo.targetsize-72.png,6294149418.0,998282680.0,99.43438530757402,True,True,True,True,1.0,True,True,True
logo.targetsize-60.png,\Program Files (x86)\Dropbox\Client_164.4.7914\164.4.7914\Assets\logo.targetsize-60.png,6294138023.0,998275808.0,99.43438530757402,True,True,True,True,1.0,True,True,True
logo.targetsize-96.png,\Program Files (x86)\Dropbox\Client_164.4.7914\164.4.7914\Assets\logo.targetsize-96.png,6294160343.0,998289752.0,99.43438530757402,True,True,True,True,1.0,True,True,True
logo.targetsize-48.png,\Program Files (x86)\Dropbox\Client_164.4.7914\164.4.7914\Assets\logo.targetsize-48.png,6294131645.0,998272352.0,99.43438530757402,True,True,True,True,1.0,True,True,True
gdoc.targetsize-16.png,\Program Files (x86)\Dropbox\Client_164.4.7914\164.4.7914\Assets\gdoc.targetsize-16.png,6294054164.0,998226384.0,99.43438530757402,True,True,True,True,1.0,True,True,True
logo.targetsize-16.png,\Program Files (x86)\Dropbox\Client_164.4.7914\164.4.7914\Assets\logo.targetsize-16.png,6294089424.0,998244456.0,99.43438530757402,True,True,True,True,1.0,True,True,True
gdoc.targetsize-64.png,\Program Files (x86)\Dropbox\Client_164.4.7914\164.4.7914\Assets\gdoc.targetsize-64.png,6294058201.0,998228592.0,99.43438530757402,True,True,True,True,1.0,True,True,True
gdoc.targetsize-48.png,\Program Files (x86)\Dropbox\Client_164.4.7914\164.4.7914\Assets\gdoc.targetsize-48.png,6294057379.0,998228176.0,99.43438530757402,True,True,True,True,1.0,True,True,True
web.targetsize-128.png,\Program Files (x86)\Dropbox\Client_164.4.7914\164.4.7914\Assets\web.targetsize-128.png,6294195987.0,998308784.0,99.43438530757402,True,True,True,True,1.0,True,True,True
gdoc.targetsize-32.png,\Program Files (x86)\Dropbox\Client_164.4.7914\164.4.7914\Assets\gdoc.targetsize-32.png,6294056520.0,998227664.0,99.43438530757402,True,True,True,True,1.0,True,True,True
gdoc.targetsize-24.png,\Program Files (x86)\Dropbox\Client_164.4.7914\164.4.7914\Assets\gdoc.targetsize-24.png,6294054897.0,998226800.0,99.43438530757402,True,True,True,True,1.0,True,True,True
logo.targetsize-20.png,\Program Files (x86)\Dropbox\Client_164.4.7914\164.4.7914\Assets\logo.targetsize-20.png,6294094063.0,998247880.0,99.43438530757402,True,True,True,True,1.0,True,True,True
logo.targetsize-32.png,\Program Files (x86)\Dropbox\Client_164.4.7914\164.4.7914\Assets\logo.targetsize-32.png,6294115660.0,998261896.0,99.43438530757402,True,True,True,True,1.0,True,True,True
logo.targetsize-40.png,\Program Files (x86)\Dropbox\Client_164.4.7914\164.4.7914\Assets\logo.targetsize-40.png,6294126485.0,998268928.0,99.43438530757402,True,True,True,True,1.0,True,True,True
logo.targetsize-24.png,\Program Files (x86)\Dropbox\Client_164.4.7914\164.4.7914\Assets\logo.targetsize-24.png,6294098653.0,998251376.0,99.43438530757402,True,True,True,True,1.0,True,True,True
logo.targetsize-36.png,\Program Files (x86)\Dropbox\Client_164.4.7914\164.4.7914\Assets\logo.targetsize-36.png,6294120814.0,998265448.0,99.43438530757402,True,True,True,True,1.0,True,True,True
web.targetsize-256.png,\Program Files (x86)\Dropbox\Client_164.4.7914\164.4.7914\Assets\web.targetsize-256.png,6294198389.0,998310096.0,99.43438530757402,True,True,True,True,1.0,True,True,True
logo.targetsize-30.png,\Program Files (x86)\Dropbox\Client_164.4.7914\164.4.7914\Assets\logo.targetsize-30.png,6294109935.0,998258464.0,99.43438530757402,True,True,True,True,1.0,True,True,True
StoreLogo.contrast-black_scale-125.png,\Program Files (x86)\Dropbox\Client_164.4.7914\164.4.7914\Assets\StoreLogo.contrast-black_scale-125.png,6293985944.0,998189264.0,99.43274487952803,True,True,True,True,1.0,True,True,True
TileSmall.contrast-white_scale-125.png,\Program Files (x86)\Dropbox\Client_164.4.7914\164.4.7914\Assets\TileSmall.contrast-white_scale-125.png,6294006424.0,998200728.0,99.43274487952803,True,True,True,True,1.0,True,True,True
StoreLogo.contrast-black_scale-100.png,\Program Files (x86)\Dropbox\Client_164.4.7914\164.4.7914\Assets\StoreLogo.contrast-black_scale-100.png,6293985084.0,998188720.0,99.43274487952803,True,True,True,True,1.0,True,True,True
StoreLogo.contrast-black_scale-150.png,\Program Files (x86)\Dropbox\Client_164.4.7914\164.4.7914\Assets\StoreLogo.contrast-black_scale-150.png,6293987101.0,998189808.0,99.43274487952803,True,True,True,True,1.0,True,True,True
StoreLogo.contrast-black_scale-200.png,\Program Files (x86)\Dropbox\Client_164.4.7914\164.4.7914\Assets\StoreLogo.contrast-black_scale-200.png,6293987993.0,998190352.0,99.43274487952803,True,True,True,True,1.0,True,True,True
TileSmall.contrast-white_scale-150.png,\Program Files (x86)\Dropbox\Client_164.4.7914\164.4.7914\Assets\TileSmall.contrast-white_scale-150.png,6294007274.0,998201272.0,99.43274487952803,True,True,True,True,1.0,True,True,True
StoreLogo.contrast-black_scale-400.png,\Program Files (x86)\Dropbox\Client_164.4.7914\164.4.7914\Assets\StoreLogo.contrast-black_scale-400.png,6293988843.0,998190896.0,99.43274487952803,True,True,True,True,1.0,True,True,True
StoreLogo.contrast-white_scale-100.png,\Program Files (x86)\Dropbox\Client_164.4.7914\164.4.7914\Assets\StoreLogo.contrast-white_scale-100.png,6293989750.0,998191512.0,99.43274487952803,True,True,True,True,1.0,True,True,True
StoreLogo.contrast-white_scale-125.png,\Program Files (x86)\Dropbox\Client_164.4.7914\164.4.7914\Assets\StoreLogo.contrast-white_scale-125.png,6293990592.0,998192056.0,99.43274487952803,True,True,True,True,1.0,True,True,True
StoreLogo.contrast-white_scale-150.png,\Program Files (x86)\Dropbox\Client_164.4.7914\164.4.7914\Assets\StoreLogo.contrast-white_scale-150.png,6293991450.0,998192600.0,99.43274487952803,True,True,True,True,1.0,True,True,True
StoreLogo.contrast-white_scale-400.png,\Program Files (x86)\Dropbox\Client_164.4.7914\164.4.7914\Assets\StoreLogo.contrast-white_scale-400.png,6293993142.0,998193688.0,99.43274487952803,True,True,True,True,1.0,True,True,True
TileSmall.contrast-black_scale-100.png,\Program Files (x86)\Dropbox\Client_164.4.7914\164.4.7914\Assets\TileSmall.contrast-black_scale-100.png,6293999757.0,998196960.0,99.43274487952803,True,True,True,True,1.0,True,True,True
TileSmall.contrast-black_scale-125.png,\Program Files (x86)\Dropbox\Client_164.4.7914\164.4.7914\Assets\TileSmall.contrast-black_scale-125.png,6294000591.0,998197504.0,99.43274487952803,True,True,True,True,1.0,True,True,True
TileSmall.contrast-black_scale-150.png,\Program Files (x86)\Dropbox\Client_164.4.7914\164.4.7914\Assets\TileSmall.contrast-black_scale-150.png,6294001452.0,998198048.0,99.43274487952803,True,True,True,True,1.0,True,True,True
TileSmall.contrast-black_scale-200.png,\Program Files (x86)\Dropbox\Client_164.4.7914\164.4.7914\Assets\TileSmall.contrast-black_scale-200.png,6294002310.0,998198592.0,99.43274487952803,True,True,True,True,1.0,True,True,True
TileSmall.contrast-black_scale-400.png,\Program Files (x86)\Dropbox\Client_164.4.7914\164.4.7914\Assets\TileSmall.contrast-black_scale-400.png,6294003161.0,998199136.0,99.43274487952803,True,True,True,True,1.0,True,True,True
TileSmall.contrast-white_scale-100.png,\Program Files (x86)\Dropbox\Client_164.4.7914\164.4.7914\Assets\TileSmall.contrast-white_scale-100.png,6294005564.0,998200184.0,99.43274487952803,True,True,True,True,1.0,True,True,True
TileSmall.contrast-white_scale-400.png,\Program Files (x86)\Dropbox\Client_164.4.7914\164.4.7914\Assets\TileSmall.contrast-white_scale-400.png,6294008975.0,998202360.0,99.43274487952803,True,True,True,True,1.0,True,True,True
TileSmall.contrast-white_scale-200.png,\Program Files (x86)\Dropbox\Client_164.4.7914\164.4.7914\Assets\TileSmall.contrast-white_scale-200.png,6294008116.0,998201816.0,99.43274487952803,True,True,True,True,1.0,True,True,True
StoreLogo.contrast-white_scale-200.png,\Program Files (x86)\Dropbox\Client_164.4.7914\164.4.7914\Assets\StoreLogo.contrast-white_scale-200.png,6293992284.0,998193144.0,99.43274487952803,True,True,True,True,1.0,True,True,True
logo.targetsize-256_contrast-black.png,\Program Files (x86)\Dropbox\Client_164.4.7914\164.4.7914\Assets\logo.targetsize-256_contrast-black.png,6294108243.0,998257440.0,99.43274487952803,True,True,True,True,1.0,True,True,True
logo.targetsize-256_contrast-white.png,\Program Files (x86)\Dropbox\Client_164.4.7914\164.4.7914\Assets\logo.targetsize-256_contrast-white.png,6294109093.0,998257984.0,99.43274487952803,True,True,True,True,1.0,True,True,True
gsheet.targetsize-48.png,\Program Files (x86)\Dropbox\Client_164.4.7914\164.4.7914\Assets\gsheet.targetsize-48.png,6294064467.0,998231584.0,99.43083861955216,True,True,True,True,1.0,True,True,True
gsheet.targetsize-32.png,\Program Files (x86)\Dropbox\Client_164.4.7914\164.4.7914\Assets\gsheet.targetsize-32.png,6294063635.0,998231136.0,99.43083861955216,True,True,True,True,1.0,True,True,True
gslides.targetsize-128.png,\Program Files (x86)\Dropbox\Client_164.4.7914\164.4.7914\Assets\gslides.targetsize-128.png,6294066914.0,998232864.0,99.43083861955216,True,True,True,True,1.0,True,True,True
gslides.targetsize-16.png,\Program Files (x86)\Dropbox\Client_164.4.7914\164.4.7914\Assets\gslides.targetsize-16.png,6294067655.0,998233312.0,99.43083861955216,True,True,True,True,1.0,True,True,True
gslides.targetsize-24.png,\Program Files (x86)\Dropbox\Client_164.4.7914\164.4.7914\Assets\gslides.targetsize-24.png,6294069045.0,998233760.0,99.43083861955216,True,True,True,True,1.0,True,True,True
gslides.targetsize-256.png,\Program Files (x86)\Dropbox\Client_164.4.7914\164.4.7914\Assets\gslides.targetsize-256.png,6294069936.0,998234208.0,99.43083861955216,True,True,True,True,1.0,True,True,True
gslides.targetsize-32.png,\Program Files (x86)\Dropbox\Client_164.4.7914\164.4.7914\Assets\gslides.targetsize-32.png,6294070756.0,998234656.0,99.43083861955216,True,True,True,True,1.0,True,True,True
gslides.targetsize-48.png,\Program Files (x86)\Dropbox\Client_164.4.7914\164.4.7914\Assets\gslides.targetsize-48.png,6294071596.0,998235104.0,99.43083861955216,True,True,True,True,1.0,True,True,True
gslides.targetsize-64.png,\Program Files (x86)\Dropbox\Client_164.4.7914\164.4.7914\Assets\gslides.targetsize-64.png,6294072420.0,998235552.0,99.43083861955216,True,True,True,True,1.0,True,True,True
papert.targetsize-64.png,\Program Files (x86)\Dropbox\Client_164.4.7914\164.4.7914\Assets\papert.targetsize-64.png,6294180563.0,998300736.0,99.43083861955216,True,True,True,True,1.0,True,True,True
papert.targetsize-512.png,\Program Files (x86)\Dropbox\Client_164.4.7914\164.4.7914\Assets\papert.targetsize-512.png,6294179735.0,998300288.0,99.43083861955216,True,True,True,True,1.0,True,True,True
papert.targetsize-48.png,\Program Files (x86)\Dropbox\Client_164.4.7914\164.4.7914\Assets\papert.targetsize-48.png,6294178903.0,998299840.0,99.43083861955216,True,True,True,True,1.0,True,True,True
papert.targetsize-32.png,\Program Files (x86)\Dropbox\Client_164.4.7914\164.4.7914\Assets\papert.targetsize-32.png,6294178077.0,998299392.0,99.43083861955216,True,True,True,True,1.0,True,True,True
papert.targetsize-28.png,\Program Files (x86)\Dropbox\Client_164.4.7914\164.4.7914\Assets\papert.targetsize-28.png,6294177237.0,998298944.0,99.43083861955216,True,True,True,True,1.0,True,True,True
papert.targetsize-256.png,\Program Files (x86)\Dropbox\Client_164.4.7914\164.4.7914\Assets\papert.targetsize-256.png,6294175831.0,998298496.0,99.43083861955216,True,True,True,True,1.0,True,True,True
papert.targetsize-24.png,\Program Files (x86)\Dropbox\Client_164.4.7914\164.4.7914\Assets\papert.targetsize-24.png,6294175007.0,998298048.0,99.43083861955216,True,True,True,True,1.0,True,True,True
papert.targetsize-16.png,\Program Files (x86)\Dropbox\Client_164.4.7914\164.4.7914\Assets\papert.targetsize-16.png,6294174134.0,998297600.0,99.43083861955216,True,True,True,True,1.0,True,True,True
papert.targetsize-128.png,\Program Files (x86)\Dropbox\Client_164.4.7914\164.4.7914\Assets\papert.targetsize-128.png,6294173302.0,998297072.0,99.43083861955216,True,True,True,True,1.0,True,True,True
gsheet.targetsize-64.png,\Program Files (x86)\Dropbox\Client_164.4.7914\164.4.7914\Assets\gsheet.targetsize-64.png,6294065310.0,998232064.0,99.43083861955216,True,True,True,True,1.0,True,True,True
gsheet.targetsize-256.png,\Program Files (x86)\Dropbox\Client_164.4.7914\164.4.7914\Assets\gsheet.targetsize-256.png,6294062803.0,998230688.0,99.43083861955216,True,True,True,True,1.0,True,True,True
paper.targetsize-128.png,\Program Files (x86)\Dropbox\Client_164.4.7914\164.4.7914\Assets\paper.targetsize-128.png,6294166239.0,998293616.0,99.43083861955216,True,True,True,True,1.0,True,True,True
gsheet.targetsize-24.png,\Program Files (x86)\Dropbox\Client_164.4.7914\164.4.7914\Assets\gsheet.targetsize-24.png,6294061992.0,998230240.0,99.43083861955216,True,True,True,True,1.0,True,True,True
backup.targetsize-128.png,\Program Files (x86)\Dropbox\Client_164.4.7914\164.4.7914\Assets\backup.targetsize-128.png,6294032225.0,998214832.0,99.43083861955216,True,True,True,True,1.0,True,True,True
backup.targetsize-16.png,\Program Files (x86)\Dropbox\Client_164.4.7914\164.4.7914\Assets\backup.targetsize-16.png,6294033052.0,998215280.0,99.43083861955216,True,True,True,True,1.0,True,True,True
backup.targetsize-24.png,\Program Files (x86)\Dropbox\Client_164.4.7914\164.4.7914\Assets\backup.targetsize-24.png,6294033928.0,998215792.0,99.43083861955216,True,True,True,True,1.0,True,True,True
backup.targetsize-256.png,\Program Files (x86)\Dropbox\Client_164.4.7914\164.4.7914\Assets\backup.targetsize-256.png,6294034744.0,998216240.0,99.43083861955216,True,True,True,True,1.0,True,True,True
backup.targetsize-32.png,\Program Files (x86)\Dropbox\Client_164.4.7914\164.4.7914\Assets\backup.targetsize-32.png,6294035568.0,998216688.0,99.43083861955216,True,True,True,True,1.0,True,True,True
backup.targetsize-48.png,\Program Files (x86)\Dropbox\Client_164.4.7914\164.4.7914\Assets\backup.targetsize-48.png,6294036389.0,998217136.0,99.43083861955216,True,True,True,True,1.0,True,True,True
backup.targetsize-64.png,\Program Files (x86)\Dropbox\Client_164.4.7914\164.4.7914\Assets\backup.targetsize-64.png,6294037214.0,998217584.0,99.43083861955216,True,True,True,True,1.0,True,True,True
binder.targetsize-128.png,\Program Files (x86)\Dropbox\Client_164.4.7914\164.4.7914\Assets\binder.targetsize-128.png,6294039414.0,998218352.0,99.43083861955216,True,True,True,True,1.0,True,True,True
binder.targetsize-16.png,\Program Files (x86)\Dropbox\Client_164.4.7914\164.4.7914\Assets\binder.targetsize-16.png,6294040180.0,998218800.0,99.43083861955216,True,True,True,True,1.0,True,True,True
binder.targetsize-24.png,\Program Files (x86)\Dropbox\Client_164.4.7914\164.4.7914\Assets\binder.targetsize-24.png,6294040997.0,998219248.0,99.43083861955216,True,True,True,True,1.0,True,True,True
binder.targetsize-256.png,\Program Files (x86)\Dropbox\Client_164.4.7914\164.4.7914\Assets\binder.targetsize-256.png,6294041822.0,998219776.0,99.43083861955216,True,True,True,True,1.0,True,True,True
binder.targetsize-32.png,\Program Files (x86)\Dropbox\Client_164.4.7914\164.4.7914\Assets\binder.targetsize-32.png,6294042711.0,998220224.0,99.43083861955216,True,True,True,True,1.0,True,True,True
binder.targetsize-48.png,\Program Files (x86)\Dropbox\Client_164.4.7914\164.4.7914\Assets\binder.targetsize-48.png,6294043543.0,998220672.0,99.43083861955216,True,True,True,True,1.0,True,True,True
binder.targetsize-64.png,\Program Files (x86)\Dropbox\Client_164.4.7914\164.4.7914\Assets\binder.targetsize-64.png,6294044371.0,998221120.0,99.43083861955216,True,True,True,True,1.0,True,True,True
vault.targetsize-256.png,\Program Files (x86)\Dropbox\Client_164.4.7914\164.4.7914\Assets\vault.targetsize-256.png,6294191945.0,998306688.0,99.43083861955216,True,True,True,True,1.0,True,True,True
gsheet.targetsize-128.png,\Program Files (x86)\Dropbox\Client_164.4.7914\164.4.7914\Assets\gsheet.targetsize-128.png,6294060521.0,998229344.0,99.43083861955216,True,True,True,True,1.0,True,True,True
gsheet.targetsize-16.png,\Program Files (x86)\Dropbox\Client_164.4.7914\164.4.7914\Assets\gsheet.targetsize-16.png,6294061269.0,998229792.0,99.43083861955216,True,True,True,True,1.0,True,True,True
paper.targetsize-256.png,\Program Files (x86)\Dropbox\Client_164.4.7914\164.4.7914\Assets\paper.targetsize-256.png,6294168699.0,998294960.0,99.43083861955216,True,True,True,True,1.0,True,True,True
vault.targetsize-128.png,\Program Files (x86)\Dropbox\Client_164.4.7914\164.4.7914\Assets\vault.targetsize-128.png,6294188822.0,998305240.0,99.43083861955216,True,True,True,True,1.0,True,True,True
StoreLogo.scale-150.png,\Program Files (x86)\Dropbox\Client_164.4.7914\164.4.7914\Assets\StoreLogo.scale-150.png,6293995646.0,998195080.0,99.43057669465813,True,True,True,True,1.0,True,True,True
logo.contrast-black.png,\Program Files (x86)\Dropbox\Client_164.4.7914\164.4.7914\Assets\logo.contrast-black.png,6294073234.0,998236000.0,99.43057669465813,True,True,True,True,1.0,True,True,True
TileSmall.scale-150.png,\Program Files (x86)\Dropbox\Client_164.4.7914\164.4.7914\Assets\TileSmall.scale-150.png,6294012999.0,998204176.0,99.43057669465813,True,True,True,True,1.0,True,True,True
TileSmall.scale-125.png,\Program Files (x86)\Dropbox\Client_164.4.7914\164.4.7914\Assets\TileSmall.scale-125.png,6294011502.0,998203728.0,99.43057669465813,True,True,True,True,1.0,True,True,True
logo.targetsize-256.png,\Program Files (x86)\Dropbox\Client_164.4.7914\164.4.7914\Assets\logo.targetsize-256.png,6294104165.0,998254864.0,99.43057669465813,True,True,True,True,1.0,True,True,True
gdoc.targetsize-128.png,\Program Files (x86)\Dropbox\Client_164.4.7914\164.4.7914\Assets\gdoc.targetsize-128.png,6294053412.0,998225952.0,99.43057669465813,True,True,True,True,1.0,True,True,True
StoreLogo.scale-400.png,\Program Files (x86)\Dropbox\Client_164.4.7914\164.4.7914\Assets\StoreLogo.scale-400.png,6293997384.0,998195984.0,99.43057669465813,True,True,True,True,1.0,True,True,True
StoreLogo.scale-200.png,\Program Files (x86)\Dropbox\Client_164.4.7914\164.4.7914\Assets\StoreLogo.scale-200.png,6293996530.0,998195536.0,99.43057669465813,True,True,True,True,1.0,True,True,True
gdoc.targetsize-256.png,\Program Files (x86)\Dropbox\Client_164.4.7914\164.4.7914\Assets\gdoc.targetsize-256.png,6294055700.0,998227232.0,99.43057669465813,True,True,True,True,1.0,True,True,True
TileSmall.scale-400.png,\Program Files (x86)\Dropbox\Client_164.4.7914\164.4.7914\Assets\TileSmall.scale-400.png,6294014635.0,998205072.0,99.43057669465813,True,True,True,True,1.0,True,True,True
StoreLogo.scale-125.png,\Program Files (x86)\Dropbox\Client_164.4.7914\164.4.7914\Assets\StoreLogo.scale-125.png,6293994806.0,998194632.0,99.43057669465813,True,True,True,True,1.0,True,True,True
vault.targetsize-24.png,\Program Files (x86)\Dropbox\Client_164.4.7914\164.4.7914\Assets\vault.targetsize-24.png,6294190527.0,998306240.0,99.43057669465813,True,True,True,True,1.0,True,True,True
StoreLogo.scale-100.png,\Program Files (x86)\Dropbox\Client_164.4.7914\164.4.7914\Assets\StoreLogo.scale-100.png,6293993992.0,998194184.0,99.43057669465813,True,True,True,True,1.0,True,True,True
vault.targetsize-64.png,\Program Files (x86)\Dropbox\Client_164.4.7914\164.4.7914\Assets\vault.targetsize-64.png,6294194437.0,998308032.0,99.43057669465813,True,True,True,True,1.0,True,True,True
vault.targetsize-48.png,\Program Files (x86)\Dropbox\Client_164.4.7914\164.4.7914\Assets\vault.targetsize-48.png,6294193599.0,998307584.0,99.43057669465813,True,True,True,True,1.0,True,True,True
vault.targetsize-32.png,\Program Files (x86)\Dropbox\Client_164.4.7914\164.4.7914\Assets\vault.targetsize-32.png,6294192769.0,998307136.0,99.43057669465813,True,True,True,True,1.0,True,True,True
TileSmall.scale-200.png,\Program Files (x86)\Dropbox\Client_164.4.7914\164.4.7914\Assets\TileSmall.scale-200.png,6294013813.0,998204624.0,99.43057669465813,True,True,True,True,1.0,True,True,True
TileSmall.scale-100.png,\Program Files (x86)\Dropbox\Client_164.4.7914\164.4.7914\Assets\TileSmall.scale-100.png,6294010626.0,998203208.0,99.43057669465813,True,True,True,True,1.0,True,True,True
logo.contrast-white.png,\Program Files (x86)\Dropbox\Client_164.4.7914\164.4.7914\Assets\logo.contrast-white.png,6294078313.0,998239056.0,99.43057669465813,True,True,True,True,1.0,True,True,True
paper.targetsize-64.png,\Program Files (x86)\Dropbox\Client_164.4.7914\164.4.7914\Assets\paper.targetsize-64.png,6294171735.0,998296304.0,99.43057669465813,True,True,True,True,1.0,True,True,True
paper.targetsize-48.png,\Program Files (x86)\Dropbox\Client_164.4.7914\164.4.7914\Assets\paper.targetsize-48.png,6294170913.0,998295856.0,99.43057669465813,True,True,True,True,1.0,True,True,True
paper.targetsize-32.png,\Program Files (x86)\Dropbox\Client_164.4.7914\164.4.7914\Assets\paper.targetsize-32.png,6294170091.0,998295408.0,99.43057669465813,True,True,True,True,1.0,True,True,True
paper.targetsize-24.png,\Program Files (x86)\Dropbox\Client_164.4.7914\164.4.7914\Assets\paper.targetsize-24.png,6294167834.0,998294512.0,99.43057669465813,True,True,True,True,1.0,True,True,True
paper.targetsize-16.png,\Program Files (x86)\Dropbox\Client_164.4.7914\164.4.7914\Assets\paper.targetsize-16.png,6294166997.0,998294064.0,99.43057669465813,True,True,True,True,1.0,True,True,True
vault.targetsize-16.png,\Program Files (x86)\Dropbox\Client_164.4.7914\164.4.7914\Assets\vault.targetsize-16.png,6294189660.0,998305792.0,99.43057669465813,True,True,True,True,1.0,True,True,True
api-ms-win-core-interlocked-l1-1-0.dll,\Program Files (x86)\Dropbox\Client_164.4.7914\164.4.7914\api-ms-win-core-interlocked-l1-1-0.dll,6293024380.0,996897176.0,99.42970349278116,True,True,True,True,1.0,True,True,True
api-ms-win-core-localization-l1-2-0.dll,\Program Files (x86)\Dropbox\Client_164.4.7914\164.4.7914\api-ms-win-core-localization-l1-2-0.dll,6293026965.0,996899176.0,99.42964039885278,True,True,True,True,1.0,True,True,True
PyQt5.QtQuick.cp38-win_amd64.pyd,\Program Files (x86)\Dropbox\Client_164.4.7914\164.4.7914\PyQt5.QtQuick.cp38-win_amd64.pyd,6292921580.0,998103440.0,99.40665338322556,True,True,True,True,1.0,True,True,True
win32security.cp38-win_amd64.pyd,\Program Files (x86)\Dropbox\Client_164.4.7914\164.4.7914\win32security.cp38-win_amd64.pyd,6293966461.0,998179712.0,99.40665338322556,True,True,True,True,1.0,True,True,True
user32_native.cp38-win_amd64.pyd,\Program Files (x86)\Dropbox\Client_164.4.7914\164.4.7914\user32_native.cp38-win_amd64.pyd,6293945974.0,998171456.0,99.40665338322556,True,True,True,True,1.0,True,True,True
_cffi_backend.cp38-win_amd64.pyd,\Program Files (x86)\Dropbox\Client_164.4.7914\164.4.7914\_cffi_backend.cp38-win_amd64.pyd,6293003388.0,998110360.0,99.40665338322556,True,True,True,True,1.0,True,True,True
shcore_native.cp38-win_amd64.pyd,\Program Files (x86)\Dropbox\Client_164.4.7914\164.4.7914\shcore_native.cp38-win_amd64.pyd,6293938455.0,998168512.0,99.40665338322556,True,True,True,True,1.0,True,True,True
fs_api_python.cp38-win_amd64.pyd,\Program Files (x86)\Dropbox\Client_164.4.7914\164.4.7914\fs_api_python.cp38-win_amd64.pyd,6293697607.0,998149000.0,99.40665338322556,True,True,True,True,1.0,True,True,True
api-ms-win-core-errorhandling-l1-1-0.dll,\Program Files (x86)\Dropbox\Client_164.4.7914\164.4.7914\api-ms-win-core-errorhandling-l1-1-0.dll,6293019350.0,996890208.0,99.40219081212682,True,True,True,True,1.0,True,True,True
api-ms-win-core-libraryloader-l1-1-0.dll,\Program Files (x86)\Dropbox\Client_164.4.7914\164.4.7914\api-ms-win-core-libraryloader-l1-1-0.dll,6293026116.0,996898168.0,99.40219081212682,True,True,True,True,1.0,True,True,True
OneDriveSmallTile.scale-100.png,\Program Files\Microsoft OneDrive\LogoImages\OneDriveSmallTile.scale-100.png,6282855665.0,997541944.0,99.3637207707689,False,False,True,True,1.0,True,True,True
OneDriveSmallTile.scale-400.png,\Program Files\Microsoft OneDrive\LogoImages\OneDriveSmallTile.scale-400.png,6282860471.0,997545600.0,99.3637207707689,False,False,True,True,1.0,True,True,True
OneDriveSmallTile.scale-200.png,\Program Files\Microsoft OneDrive\LogoImages\OneDriveSmallTile.scale-200.png,6282859319.0,997544704.0,99.3637207707689,False,False,True,True,1.0,True,True,True
OneDriveSmallTile.scale-125.png,\Program Files\Microsoft OneDrive\LogoImages\OneDriveSmallTile.scale-125.png,6282856888.0,997542840.0,99.3637207707689,False,False,True,True,1.0,True,True,True
OneDriveSmallTile.scale-150.png,\Program Files\Microsoft OneDrive\LogoImages\OneDriveSmallTile.scale-150.png,6282858116.0,997543736.0,99.3637207707689,False,False,True,True,1.0,True,True,True
apex._apex.cp38-win_amd64.pyd,\Program Files (x86)\Dropbox\Client_164.4.7914\164.4.7914\apex._apex.cp38-win_amd64.pyd,6293009212.0,998112872.0,99.34297801742696,True,True,True,True,1.0,True,True,True
win32print.cp38-win_amd64.pyd,\Program Files (x86)\Dropbox\Client_164.4.7914\164.4.7914\win32print.cp38-win_amd64.pyd,6293962512.0,998178128.0,99.34297801742696,True,True,True,True,1.0,True,True,True
PyQt5.sip.cp38-win_amd64.pyd,\Program Files (x86)\Dropbox\Client_164.4.7914\164.4.7914\PyQt5.sip.cp38-win_amd64.pyd,6292929330.0,998105584.0,99.34297801742696,True,True,True,True,1.0,True,True,True
win32pipe.cp38-win_amd64.pyd,\Program Files (x86)\Dropbox\Client_164.4.7914\164.4.7914\win32pipe.cp38-win_amd64.pyd,6293961448.0,998177648.0,99.34297801742696,True,True,True,True,1.0,True,True,True
PyQt5.QtGui.cp38-win_amd64.pyd,\Program Files (x86)\Dropbox\Client_164.4.7914\164.4.7914\PyQt5.QtGui.cp38-win_amd64.pyd,6292916826.0,998101952.0,99.34297801742696,True,True,True,True,1.0,True,True,True
PyQt5.QtQml.cp38-win_amd64.pyd,\Program Files (x86)\Dropbox\Client_164.4.7914\164.4.7914\PyQt5.QtQml.cp38-win_amd64.pyd,6292919852.0,998102944.0,99.34297801742696,True,True,True,True,1.0,True,True,True
win32file.cp38-win_amd64.pyd,\Program Files (x86)\Dropbox\Client_164.4.7914\164.4.7914\win32file.cp38-win_amd64.pyd,6293958164.0,998176208.0,99.34297801742696,True,True,True,True,1.0,True,True,True
win32evtlog.cp38-win_amd64.pyd,\Program Files (x86)\Dropbox\Client_164.4.7914\164.4.7914\win32evtlog.cp38-win_amd64.pyd,6293956956.0,998175728.0,99.34297801742696,True,True,True,True,1.0,True,True,True
win32event.cp38-win_amd64.pyd,\Program Files (x86)\Dropbox\Client_164.4.7914\164.4.7914\win32event.cp38-win_amd64.pyd,6293955299.0,998175248.0,99.34297801742696,True,True,True,True,1.0,True,True,True
dropbox_core.dll,\Program Files (x86)\Dropbox\Client_164.4.7914\164.4.7914\dropbox_core.dll,6293154107.0,998142960.0,99.33539720014883,True,True,True,True,1.0,True,True,True
Qt5WinExtras.dll,\Program Files (x86)\Dropbox\Client_164.4.7914\164.4.7914\Qt5WinExtras.dll,6293000799.0,997058232.0,99.33539720014883,True,True,True,True,1.0,True,True,True
dropbox_tprt.dll,\Program Files (x86)\Dropbox\Client_164.4.7914\164.4.7914\dropbox_tprt.dll,6293166070.0,998144632.0,99.33539720014883,True,True,True,True,1.0,True,True,True
vcruntime140.dll,\Program Files (x86)\Dropbox\Client_164.4.7914\164.4.7914\vcruntime140.dll,6293949700.0,997070056.0,99.33539720014883,True,True,True,True,1.0,True,True,True
pywintypes38.dll,\Program Files (x86)\Dropbox\Client_164.4.7914\164.4.7914\pywintypes38.dll,6293930718.0,998167008.0,99.33539720014883,True,True,True,True,1.0,True,True,True
dropbox_crashpad.dll,\Program Files (x86)\Dropbox\Client_164.4.7914\164.4.7914\dropbox_crashpad.dll,6293163184.0,998143816.0,99.33524339465392,True,True,True,True,1.0,True,True,True
Qt5QuickWidgets.dll,\Program Files (x86)\Dropbox\Client_164.4.7914\164.4.7914\Qt5QuickWidgets.dll,6292981514.0,998108352.0,99.33524339465392,True,True,True,True,1.0,True,True,True
default_app.asar,\Program Files (x86)\Dropbox\Client_164.4.7914\164.4.7914\resources\default_app.asar,6294709059.0,998545264.0,99.33523688825582,True,True,True,True,1.0,True,True,True
plugins.qmltypes,\Program Files (x86)\Dropbox\Client_164.4.7914\164.4.7914\QtGraphicalEffects\plugins.qmltypes,6294223853.0,997401288.0,99.33523688825582,True,True,True,True,1.0,True,True,True
HueSaturation.qml,\Program Files (x86)\Dropbox\Client_164.4.7914\164.4.7914\QtGraphicalEffects\HueSaturation.qml,6294213615.0,998316736.0,99.33523688825582,True,True,True,True,1.0,True,True,True
resources_qml.rcc,\Program Files (x86)\Dropbox\Client_164.4.7914\164.4.7914\resources\resources_qml.rcc,6294872850.0,998558304.0,99.33523688825582,True,True,True,True,1.0,True,True,True
GaussianBlur.qml,\Program Files (x86)\Dropbox\Client_164.4.7914\164.4.7914\QtGraphicalEffects\GaussianBlur.qml,6294212076.0,998316032.0,99.33523688825582,True,True,True,True,1.0,True,True,True
ColorOverlay.qml,\Program Files (x86)\Dropbox\Client_164.4.7914\164.4.7914\QtGraphicalEffects\ColorOverlay.qml,6294204973.0,998312672.0,99.33523688825582,True,True,True,True,1.0,True,True,True
ThresholdMask.qml,\Program Files (x86)\Dropbox\Client_164.4.7914\164.4.7914\QtGraphicalEffects\ThresholdMask.qml,6294222391.0,998320544.0,99.33523688825582,True,True,True,True,1.0,True,True,True
RecursiveBlur.qml,\Program Files (x86)\Dropbox\Client_164.4.7914\164.4.7914\QtGraphicalEffects\RecursiveBlur.qml,6294221576.0,998320160.0,99.33523688825582,True,True,True,True,1.0,True,True,True
DirectionalBlur.qml,\Program Files (x86)\Dropbox\Client_164.4.7914\164.4.7914\QtGraphicalEffects\DirectionalBlur.qml,6294208150.0,998314192.0,99.3352367793683,True,True,True,True,1.0,True,True,True
RectangularGlow.qml,\Program Files (x86)\Dropbox\Client_164.4.7914\164.4.7914\QtGraphicalEffects\RectangularGlow.qml,6294220743.0,998319760.0,99.3352367793683,True,True,True,True,1.0,True,True,True
ConicalGradient.qml,\Program Files (x86)\Dropbox\Client_164.4.7914\164.4.7914\QtGraphicalEffects\ConicalGradient.qml,6294206536.0,998313424.0,99.3352367793683,True,True,True,True,1.0,True,True,True
resources_images.rcc,\Program Files (x86)\Dropbox\Client_164.4.7914\164.4.7914\resources\resources_images.rcc,6294871807.0,998557904.0,99.3352367793683,True,True,True,True,1.0,True,True,True
vcruntime140_1.dll,\Program Files (x86)\Dropbox\Client_164.4.7914\164.4.7914\vcruntime140_1.dll,6293950702.0,997071080.0,99.33519426685724,True,True,True,True,1.0,True,True,True
d3dcompiler_47.dll,\Program Files (x86)\Dropbox\Client_164.4.7914\164.4.7914\d3dcompiler_47.dll,6293074217.0,998139584.0,99.33519426685724,True,True,True,True,1.0,True,True,True
LinearGradient.qml,\Program Files (x86)\Dropbox\Client_164.4.7914\164.4.7914\QtGraphicalEffects\LinearGradient.qml,6294216041.0,998317888.0,99.335187651086,True,True,True,True,1.0,True,True,True
RadialGradient.qml,\Program Files (x86)\Dropbox\Client_164.4.7914\164.4.7914\QtGraphicalEffects\RadialGradient.qml,6294219935.0,998319360.0,99.335187651086,True,True,True,True,1.0,True,True,True
dropbox_sqlite_ext.dll,\Program Files (x86)\Dropbox\Client_164.4.7914\164.4.7914\dropbox_sqlite_ext.dll,6293164643.0,998144232.0,99.334471304874,True,True,True,True,1.0,True,True,True
BrightnessContrast.qml,\Program Files (x86)\Dropbox\Client_164.4.7914\164.4.7914\QtGraphicalEffects\BrightnessContrast.qml,6294203874.0,998312272.0,99.33446468195646,True,True,True,True,1.0,True,True,True
DropboxUpdateProxy32.exe,\Program Files (x86)\Dropbox\Client_164.4.7914\164.4.7914\DropboxUpdateProxy32.exe,6292908223.0,998100176.0,99.3315871151519,True,True,True,True,1.0,True,True,True
msvcp140_codecvt_ids.dll,\Program Files (x86)\Dropbox\Client_164.4.7914\164.4.7914\msvcp140_codecvt_ids.dll,6293723692.0,998154464.0,99.3315871151519,True,True,True,True,1.0,True,True,True
msvcp140_atomic_wait.dll,\Program Files (x86)\Dropbox\Client_164.4.7914\164.4.7914\msvcp140_atomic_wait.dll,6293722668.0,997037400.0,99.3315871151519,True,True,True,True,1.0,True,True,True
DropboxOfficeAddIn.14.dll,\Program Files (x86)\Dropbox\Client_164.4.7914\164.4.7914\DropboxOfficeAddIn.14.dll,6292884266.0,998098768.0,99.3315871151519,True,True,True,True,1.0,True,True,True
resources.pri,\Program Files\Microsoft OneDrive\Resources.pri,6282861853.0,997062400.0,99.32853962620511,False,False,True,True,1.0,True,True,True
Dropbox.exe,\Program Files (x86)\Dropbox\Client_164.4.7914\Dropbox.exe,6292867032.0,998095776.0,99.32703534111769,True,True,True,True,1.0,True,True,True
wininternetcheckapi.cp38-win_amd64.pyd,\Program Files (x86)\Dropbox\Client_164.4.7914\164.4.7914\wininternetcheckapi.cp38-win_amd64.pyd,6293976433.0,998184688.0,99.31859379288571,True,True,True,True,1.0,True,True,True
winrpcserver_native.cp38-win_amd64.pyd,\Program Files (x86)\Dropbox\Client_164.4.7914\164.4.7914\winrpcserver_native.cp38-win_amd64.pyd,6293977449.0,998185232.0,99.31859379288571,True,True,True,True,1.0,True,True,True
logo.targetsize-72_altform-unplated_contrast-white.png,\Program Files (x86)\Dropbox\Client_164.4.7914\164.4.7914\Assets\logo.targetsize-72_altform-unplated_contrast-white.png,6294152004.0,998284472.0,99.29579189285455,True,True,True,True,1.0,True,True,True
logo.targetsize-80_altform-unplated_contrast-black.png,\Program Files (x86)\Dropbox\Client_164.4.7914\164.4.7914\Assets\logo.targetsize-80_altform-unplated_contrast-black.png,6294156265.0,998287320.0,99.29579189285455,True,True,True,True,1.0,True,True,True
logo.targetsize-256_altform-unplated_contrast-white.png,\Program Files (x86)\Dropbox\Client_164.4.7914\164.4.7914\Assets\logo.targetsize-256_altform-unplated_contrast-white.png,6294107384.0,998256816.0,99.29579189285455,True,True,True,True,1.0,True,True,True
logo.targetsize-40_altform-unplated_contrast-white.png,\Program Files (x86)\Dropbox\Client_164.4.7914\164.4.7914\Assets\logo.targetsize-40_altform-unplated_contrast-white.png,6294129129.0,998270720.0,99.29579189285455,True,True,True,True,1.0,True,True,True
logo.targetsize-16_altform-unplated_contrast-black.png,\Program Files (x86)\Dropbox\Client_164.4.7914\164.4.7914\Assets\logo.targetsize-16_altform-unplated_contrast-black.png,6294090946.0,998245576.0,99.29579189285455,True,True,True,True,1.0,True,True,True
logo.targetsize-48_altform-unplated_contrast-black.png,\Program Files (x86)\Dropbox\Client_164.4.7914\164.4.7914\Assets\logo.targetsize-48_altform-unplated_contrast-black.png,6294133408.0,998273504.0,99.29579189285455,True,True,True,True,1.0,True,True,True
logo.targetsize-16_altform-unplated_contrast-white.png,\Program Files (x86)\Dropbox\Client_164.4.7914\164.4.7914\Assets\logo.targetsize-16_altform-unplated_contrast-white.png,6294091727.0,998246248.0,99.29579189285455,True,True,True,True,1.0,True,True,True
logo.targetsize-80_altform-unplated_contrast-white.png,\Program Files (x86)\Dropbox\Client_164.4.7914\164.4.7914\Assets\logo.targetsize-80_altform-unplated_contrast-white.png,6294157147.0,998287992.0,99.29579189285455,True,True,True,True,1.0,True,True,True
logo.targetsize-20_altform-unplated_contrast-black.png,\Program Files (x86)\Dropbox\Client_164.4.7914\164.4.7914\Assets\logo.targetsize-20_altform-unplated_contrast-black.png,6294095616.0,998249072.0,99.29579189285455,True,True,True,True,1.0,True,True,True
logo.targetsize-20_altform-unplated_contrast-white.png,\Program Files (x86)\Dropbox\Client_164.4.7914\164.4.7914\Assets\logo.targetsize-20_altform-unplated_contrast-white.png,6294096392.0,998249744.0,99.29579189285455,True,True,True,True,1.0,True,True,True
logo.targetsize-24_altform-unplated_contrast-black.png,\Program Files (x86)\Dropbox\Client_164.4.7914\164.4.7914\Assets\logo.targetsize-24_altform-unplated_contrast-black.png,6294100887.0,998252544.0,99.29579189285455,True,True,True,True,1.0,True,True,True
logo.targetsize-60_altform-unplated_contrast-black.png,\Program Files (x86)\Dropbox\Client_164.4.7914\164.4.7914\Assets\logo.targetsize-60_altform-unplated_contrast-black.png,6294139732.0,998276928.0,99.29579189285455,True,True,True,True,1.0,True,True,True
logo.targetsize-60_altform-unplated_contrast-white.png,\Program Files (x86)\Dropbox\Client_164.4.7914\164.4.7914\Assets\logo.targetsize-60_altform-unplated_contrast-white.png,6294140663.0,998277624.0,99.29579189285455,True,True,True,True,1.0,True,True,True
logo.targetsize-24_altform-unplated_contrast-white.png,\Program Files (x86)\Dropbox\Client_164.4.7914\164.4.7914\Assets\logo.targetsize-24_altform-unplated_contrast-white.png,6294101802.0,998253216.0,99.29579189285455,True,True,True,True,1.0,True,True,True
logo.targetsize-64_altform-unplated_contrast-black.png,\Program Files (x86)\Dropbox\Client_164.4.7914\164.4.7914\Assets\logo.targetsize-64_altform-unplated_contrast-black.png,6294144898.0,998280376.0,99.29579189285455,True,True,True,True,1.0,True,True,True
logo.targetsize-64_altform-unplated_contrast-white.png,\Program Files (x86)\Dropbox\Client_164.4.7914\164.4.7914\Assets\logo.targetsize-64_altform-unplated_contrast-white.png,6294146350.0,998281048.0,99.29579189285455,True,True,True,True,1.0,True,True,True
logo.targetsize-256_altform-unplated_contrast-black.png,\Program Files (x86)\Dropbox\Client_164.4.7914\164.4.7914\Assets\logo.targetsize-256_altform-unplated_contrast-black.png,6294105863.0,998256016.0,99.29579189285455,True,True,True,True,1.0,True,True,True
logo.targetsize-72_altform-unplated_contrast-black.png,\Program Files (x86)\Dropbox\Client_164.4.7914\164.4.7914\Assets\logo.targetsize-72_altform-unplated_contrast-black.png,6294151122.0,998283800.0,99.29579189285455,True,True,True,True,1.0,True,True,True
logo.targetsize-48_altform-unplated_contrast-white.png,\Program Files (x86)\Dropbox\Client_164.4.7914\164.4.7914\Assets\logo.targetsize-48_altform-unplated_contrast-white.png,6294134908.0,998274176.0,99.29579189285455,True,True,True,True,1.0,True,True,True
logo.targetsize-96_altform-unplated_contrast-white.png,\Program Files (x86)\Dropbox\Client_164.4.7914\164.4.7914\Assets\logo.targetsize-96_altform-unplated_contrast-white.png,6294162930.0,998291544.0,99.29579189285455,True,True,True,True,1.0,True,True,True
logo.targetsize-30_altform-unplated_contrast-black.png,\Program Files (x86)\Dropbox\Client_164.4.7914\164.4.7914\Assets\logo.targetsize-30_altform-unplated_contrast-black.png,6294112215.0,998259584.0,99.29579189285455,True,True,True,True,1.0,True,True,True
logo.targetsize-36_altform-unplated_contrast-black.png,\Program Files (x86)\Dropbox\Client_164.4.7914\164.4.7914\Assets\logo.targetsize-36_altform-unplated_contrast-black.png,6294122529.0,998266568.0,99.29579189285455,True,True,True,True,1.0,True,True,True
logo.targetsize-32_altform-unplated_contrast-white.png,\Program Files (x86)\Dropbox\Client_164.4.7914\164.4.7914\Assets\logo.targetsize-32_altform-unplated_contrast-white.png,6294118231.0,998263688.0,99.29579189285455,True,True,True,True,1.0,True,True,True
logo.targetsize-96_altform-unplated_contrast-black.png,\Program Files (x86)\Dropbox\Client_164.4.7914\164.4.7914\Assets\logo.targetsize-96_altform-unplated_contrast-black.png,6294162056.0,998290872.0,99.29579189285455,True,True,True,True,1.0,True,True,True
logo.targetsize-32_altform-unplated_contrast-black.png,\Program Files (x86)\Dropbox\Client_164.4.7914\164.4.7914\Assets\logo.targetsize-32_altform-unplated_contrast-black.png,6294117365.0,998263016.0,99.29579189285455,True,True,True,True,1.0,True,True,True
logo.targetsize-40_altform-unplated_contrast-black.png,\Program Files (x86)\Dropbox\Client_164.4.7914\164.4.7914\Assets\logo.targetsize-40_altform-unplated_contrast-black.png,6294128268.0,998270048.0,99.29579189285455,True,True,True,True,1.0,True,True,True
logo.targetsize-30_altform-unplated_contrast-white.png,\Program Files (x86)\Dropbox\Client_164.4.7914\164.4.7914\Assets\logo.targetsize-30_altform-unplated_contrast-white.png,6294113081.0,998260256.0,99.29579189285455,True,True,True,True,1.0,True,True,True
logo.targetsize-36_altform-unplated_contrast-white.png,\Program Files (x86)\Dropbox\Client_164.4.7914\164.4.7914\Assets\logo.targetsize-36_altform-unplated_contrast-white.png,6294123973.0,998267240.0,99.29579189285455,True,True,True,True,1.0,True,True,True
wininfinitedrivers_wow64_native.cp38-win_amd64.pyd,\Program Files (x86)\Dropbox\Client_164.4.7914\164.4.7914\wininfinitedrivers_wow64_native.cp38-win_amd64.pyd,6293975329.0,998184096.0,99.29473711467257,True,True,True,True,1.0,True,True,True
wininfinitedrivers_native.cp38-win_amd64.pyd,\Program Files (x86)\Dropbox\Client_164.4.7914\164.4.7914\wininfinitedrivers_native.cp38-win_amd64.pyd,6293974308.0,998183472.0,99.29346808382482,True,True,True,True,1.0,True,True,True
winverifysignature_native.cp38-win_amd64.pyd,\Program Files (x86)\Dropbox\Client_164.4.7914\164.4.7914\winverifysignature_native.cp38-win_amd64.pyd,6293980581.0,998187008.0,99.29346808382482,True,True,True,True,1.0,True,True,True
windisplaytoast_native.cp38-win_amd64.pyd,\Program Files (x86)\Dropbox\Client_164.4.7914\164.4.7914\windisplaytoast_native.cp38-win_amd64.pyd,6293970638.0,998181728.0,99.29281253537481,True,True,True,True,1.0,True,True,True
api-ms-win-crt-private-l1-1-0.dll,\Program Files (x86)\Dropbox\Client_164.4.7914\164.4.7914\api-ms-win-crt-private-l1-1-0.dll,6293047612.0,996923968.0,99.28152752548415,True,True,True,True,1.0,True,True,True
api-ms-win-crt-process-l1-1-0.dll,\Program Files (x86)\Dropbox\Client_164.4.7914\164.4.7914\api-ms-win-crt-process-l1-1-0.dll,6293048541.0,996924864.0,99.28152752548415,True,True,True,True,1.0,True,True,True
api-ms-win-crt-convert-l1-1-0.dll,\Program Files (x86)\Dropbox\Client_164.4.7914\164.4.7914\api-ms-win-crt-convert-l1-1-0.dll,6293040309.0,996915616.0,99.28152752548415,True,True,True,True,1.0,True,True,True
api-ms-win-core-string-l1-1-0.dll,\Program Files (x86)\Dropbox\Client_164.4.7914\164.4.7914\api-ms-win-core-string-l1-1-0.dll,6293033805.0,996908312.0,99.28152752548415,True,True,True,True,1.0,True,True,True
api-ms-win-crt-runtime-l1-1-0.dll,\Program Files (x86)\Dropbox\Client_164.4.7914\164.4.7914\api-ms-win-crt-runtime-l1-1-0.dll,6293049460.0,996928272.0,99.28152752548415,True,True,True,True,1.0,True,True,True
api-ms-win-core-memory-l1-1-0.dll,\Program Files (x86)\Dropbox\Client_164.4.7914\164.4.7914\api-ms-win-core-memory-l1-1-0.dll,6293027797.0,996900104.0,99.28152752548415,True,True,True,True,1.0,True,True,True
api-ms-win-core-handle-l1-1-0.dll,\Program Files (x86)\Dropbox\Client_164.4.7914\164.4.7914\api-ms-win-core-handle-l1-1-0.dll,6293022681.0,996895232.0,99.28152752548415,True,True,True,True,1.0,True,True,True
api-ms-win-crt-utility-l1-1-0.dll,\Program Files (x86)\Dropbox\Client_164.4.7914\164.4.7914\api-ms-win-crt-utility-l1-1-0.dll,6293053997.0,996935024.0,99.28152752548415,True,True,True,True,1.0,True,True,True
cryptography.hazmat.bindings._padding.cp38-win_amd64.pyd,\Program Files (x86)\Dropbox\Client_164.4.7914\164.4.7914\cryptography.hazmat.bindings._padding.cp38-win_amd64.pyd,6293066935.0,998139040.0,99.25654347883898,True,True,True,True,1.0,True,True,True
cryptography.hazmat.bindings._openssl.cp38-win_amd64.pyd,\Program Files (x86)\Dropbox\Client_164.4.7914\164.4.7914\cryptography.hazmat.bindings._openssl.cp38-win_amd64.pyd,6293065318.0,998138336.0,99.25654347883898,True,True,True,True,1.0,True,True,True
66a1514ea0b833d9108f7ad1ec39a568cedcb46839f956ab330fb72791fd827d,\Users\blueangel\Desktop\Sample\66a1514ea0b833d9108f7ad1ec39a568cedcb46839f956ab330fb72791fd827d,6292061154.0,997937536.0,99.22425653447614,True,True,True,True,1.0,True,True,True
api-ms-win-core-sysinfo-l1-1-0.dll,\Program Files (x86)\Dropbox\Client_164.4.7914\164.4.7914\api-ms-win-core-sysinfo-l1-1-0.dll,6293036972.0,996911424.0,99.18847684760762,True,True,True,True,1.0,True,True,True
api-ms-win-core-profile-l1-1-0.dll,\Program Files (x86)\Dropbox\Client_164.4.7914\164.4.7914\api-ms-win-core-profile-l1-1-0.dll,6293032079.0,996906464.0,99.18847684760762,True,True,True,True,1.0,True,True,True
api-ms-win-core-console-l1-1-0.dll,\Program Files (x86)\Dropbox\Client_164.4.7914\164.4.7914\api-ms-win-core-console-l1-1-0.dll,6293015354.0,996881336.0,99.18847684760762,True,True,True,True,1.0,True,True,True
api-ms-win-core-console-l1-2-0.dll,\Program Files (x86)\Dropbox\Client_164.4.7914\164.4.7914\api-ms-win-core-console-l1-2-0.dll,6293016206.0,996882232.0,99.18847684760762,True,True,True,True,1.0,True,True,True
logo.contrast-black_scale-125.png,\Program Files (x86)\Dropbox\Client_164.4.7914\164.4.7914\Assets\logo.contrast-black_scale-125.png,6294074956.0,998237040.0,99.17359907101707,True,True,True,True,1.0,True,True,True
logo.contrast-black_scale-400.png,\Program Files (x86)\Dropbox\Client_164.4.7914\164.4.7914\Assets\logo.contrast-black_scale-400.png,6294077495.0,998238576.0,99.17359907101707,True,True,True,True,1.0,True,True,True
logo.contrast-white_scale-150.png,\Program Files (x86)\Dropbox\Client_164.4.7914\164.4.7914\Assets\logo.contrast-white_scale-150.png,6294081525.0,998240640.0,99.17359907101707,True,True,True,True,1.0,True,True,True
logo.contrast-white_scale-125.png,\Program Files (x86)\Dropbox\Client_164.4.7914\164.4.7914\Assets\logo.contrast-white_scale-125.png,6294080648.0,998240048.0,99.17359907101707,True,True,True,True,1.0,True,True,True
logo.contrast-white_scale-100.png,\Program Files (x86)\Dropbox\Client_164.4.7914\164.4.7914\Assets\logo.contrast-white_scale-100.png,6294079811.0,998239536.0,99.17359907101707,True,True,True,True,1.0,True,True,True
external_drive.targetsize-128.png,\Program Files (x86)\Dropbox\Client_164.4.7914\164.4.7914\Assets\external_drive.targetsize-128.png,6294046064.0,998221984.0,99.17359907101707,True,True,True,True,1.0,True,True,True
logo.contrast-white_scale-400.png,\Program Files (x86)\Dropbox\Client_164.4.7914\164.4.7914\Assets\logo.contrast-white_scale-400.png,6294083233.0,998241664.0,99.17359907101707,True,True,True,True,1.0,True,True,True
logo.contrast-black_scale-150.png,\Program Files (x86)\Dropbox\Client_164.4.7914\164.4.7914\Assets\logo.contrast-black_scale-150.png,6294075800.0,998237552.0,99.17359907101707,True,True,True,True,1.0,True,True,True
logo.contrast-black_scale-200.png,\Program Files (x86)\Dropbox\Client_164.4.7914\164.4.7914\Assets\logo.contrast-black_scale-200.png,6294076636.0,998238064.0,99.17359907101707,True,True,True,True,1.0,True,True,True
external_drive.targetsize-256.png,\Program Files (x86)\Dropbox\Client_164.4.7914\164.4.7914\Assets\external_drive.targetsize-256.png,6294049267.0,998223520.0,99.17359907101707,True,True,True,True,1.0,True,True,True
logo.contrast-white_scale-200.png,\Program Files (x86)\Dropbox\Client_164.4.7914\164.4.7914\Assets\logo.contrast-white_scale-200.png,6294082381.0,998241152.0,99.17359907101707,True,True,True,True,1.0,True,True,True
logo.contrast-black_scale-100.png,\Program Files (x86)\Dropbox\Client_164.4.7914\164.4.7914\Assets\logo.contrast-black_scale-100.png,6294074116.0,998236528.0,99.17359907101707,True,True,True,True,1.0,True,True,True
DropboxExt.58.0.dll,\Program Files (x86)\Dropbox\Client_164.4.7914\DropboxExt.58.0.dll,6292868665.0,998096160.0,99.15294894077083,True,True,True,True,1.0,True,True,True
DropboxExt64.58.0.dll,\Program Files (x86)\Dropbox\Client_164.4.7914\DropboxExt64.58.0.dll,6292870336.0,998096576.0,99.15294894077083,True,True,True,True,1.0,True,True,True
DropboxUninstaller.exe,\Program Files (x86)\Dropbox\Client_164.4.7914\DropboxUninstaller.exe,6294887664.0,998562840.0,99.14951428841134,True,True,True,True,1.0,True,True,True
api-ms-win-core-processenvironment-l1-1-0.dll,\Program Files (x86)\Dropbox\Client_164.4.7914\164.4.7914\api-ms-win-core-processenvironment-l1-1-0.dll,6293029543.0,996902168.0,99.09508203053208,True,True,True,True,1.0,True,True,True
api-ms-win-core-processthreads-l1-1-0.dll,\Program Files (x86)\Dropbox\Client_164.4.7914\164.4.7914\api-ms-win-core-processthreads-l1-1-0.dll,6293030388.0,996903784.0,99.09424409069356,True,True,True,True,1.0,True,True,True
api-ms-win-core-processthreads-l1-1-1.dll,\Program Files (x86)\Dropbox\Client_164.4.7914\164.4.7914\api-ms-win-core-processthreads-l1-1-1.dll,6293031236.0,996905536.0,99.09424409069356,True,True,True,True,1.0,True,True,True
qt-blacklist.json,\Program Files (x86)\Dropbox\Client_164.4.7914\164.4.7914\qt-blacklist.json,6293931638.0,998167392.0,99.07117050640835,True,True,True,True,1.0,True,True,True
164.4.7914.manifest,\Program Files (x86)\Dropbox\Client_164.4.7914\164.4.7914\164.4.7914.manifest,6292873925.0,998097856.0,99.07095612423153,True,True,True,True,1.0,True,True,True
python-packages.zip,\Program Files (x86)\Dropbox\Client_164.4.7914\164.4.7914\python-packages.zip,6293876635.0,998165128.0,99.07095612423153,True,True,True,True,1.0,True,True,True
chrome_200_percent.pak,\Program Files (x86)\Dropbox\Client_164.4.7914\164.4.7914\chrome_200_percent.pak,6293056729.0,998135760.0,99.06987994893343,True,True,True,True,1.0,True,True,True
chrome_100_percent.pak,\Program Files (x86)\Dropbox\Client_164.4.7914\164.4.7914\chrome_100_percent.pak,6293055340.0,998135344.0,99.06987994893343,True,True,True,True,1.0,True,True,True
win32ts.cp38-win_amd64.pyd,\Program Files (x86)\Dropbox\Client_164.4.7914\164.4.7914\win32ts.cp38-win_amd64.pyd,6293968586.0,998180704.0,99.06406914297105,True,True,True,True,1.0,True,True,True
_bowbow.cp38-win_amd64.pyd,\Program Files (x86)\Dropbox\Client_164.4.7914\164.4.7914\_bowbow.cp38-win_amd64.pyd,6293002071.0,998109880.0,99.06406914297105,True,True,True,True,1.0,True,True,True
_yappi.cp38-win_amd64.pyd,\Program Files (x86)\Dropbox\Client_164.4.7914\164.4.7914\_yappi.cp38-win_amd64.pyd,6293005993.0,998111352.0,99.06406914297105,True,True,True,True,1.0,True,True,True
v8_context_snapshot.bin,\Program Files (x86)\Dropbox\Client_164.4.7914\164.4.7914\v8_context_snapshot.bin,6293947099.0,998171936.0,99.06364002229317,True,True,True,True,1.0,True,True,True
tprt.cp38-win_amd64.pyd,\Program Files (x86)\Dropbox\Client_164.4.7914\164.4.7914\tprt.cp38-win_amd64.pyd,6293942633.0,998170624.0,99.06364002229317,True,True,True,True,1.0,True,True,True
OneDriveSmallTile.contrast-black_scale-400.png,\Program Files\Microsoft OneDrive\LogoImages\OneDriveSmallTile.contrast-black_scale-400.png,6282847510.0,997535024.0,99.00939478181405,False,False,True,True,1.0,True,True,True
OneDriveSmallTile.contrast-black_scale-100.png,\Program Files\Microsoft OneDrive\LogoImages\OneDriveSmallTile.contrast-black_scale-100.png,6282841830.0,997530320.0,99.00939478181405,False,False,True,True,1.0,True,True,True
OneDriveSmallTile.contrast-black_scale-125.png,\Program Files\Microsoft OneDrive\LogoImages\OneDriveSmallTile.contrast-black_scale-125.png,6282843028.0,997531384.0,99.00939478181405,False,False,True,True,1.0,True,True,True
OneDriveSmallTile.contrast-black_scale-200.png,\Program Files\Microsoft OneDrive\LogoImages\OneDriveSmallTile.contrast-black_scale-200.png,6282846312.0,997533960.0,99.00939478181405,False,False,True,True,1.0,True,True,True
OneDriveSmallTile.contrast-black_scale-150.png,\Program Files\Microsoft OneDrive\LogoImages\OneDriveSmallTile.contrast-black_scale-150.png,6282844795.0,997532784.0,99.00939478181405,False,False,True,True,1.0,True,True,True
OneDriveSmallTile.contrast-white_scale-100.png,\Program Files\Microsoft OneDrive\LogoImages\OneDriveSmallTile.contrast-white_scale-100.png,6282848753.0,997536200.0,99.00939478181405,False,False,True,True,1.0,True,True,True
OneDriveSmallTile.contrast-white_scale-125.png,\Program Files\Microsoft OneDrive\LogoImages\OneDriveSmallTile.contrast-white_scale-125.png,6282849956.0,997537264.0,99.00939478181405,False,False,True,True,1.0,True,True,True
OneDriveSmallTile.contrast-white_scale-150.png,\Program Files\Microsoft OneDrive\LogoImages\OneDriveSmallTile.contrast-white_scale-150.png,6282851160.0,997538328.0,99.00939478181405,False,False,True,True,1.0,True,True,True
OneDriveSmallTile.contrast-white_scale-200.png,\Program Files\Microsoft OneDrive\LogoImages\OneDriveSmallTile.contrast-white_scale-200.png,6282852798.0,997539600.0,99.00939478181405,False,False,True,True,1.0,True,True,True
OneDriveSmallTile.contrast-white_scale-400.png,\Program Files\Microsoft OneDrive\LogoImages\OneDriveSmallTile.contrast-white_scale-400.png,6282854495.0,997540976.0,99.00939478181405,False,False,True,True,1.0,True,True,True
dbghelp_native.cp38-win_amd64.pyd,\Program Files (x86)\Dropbox\Client_164.4.7914\164.4.7914\dbghelp_native.cp38-win_amd64.pyd,6293075098.0,998140032.0,99.00805041947322,True,True,True,True,1.0,True,True,True
win32clipboard.cp38-win_amd64.pyd,\Program Files (x86)\Dropbox\Client_164.4.7914\164.4.7914\win32clipboard.cp38-win_amd64.pyd,6293952889.0,998174048.0,99.00805041947322,True,True,True,True,1.0,True,True,True
isotope_python.cp38-win_amd64.pyd,\Program Files (x86)\Dropbox\Client_164.4.7914\164.4.7914\isotope_python.cp38-win_amd64.pyd,6293708412.0,998150400.0,99.00805041947322,True,True,True,True,1.0,True,True,True
winhttp_native.cp38-win_amd64.pyd,\Program Files (x86)\Dropbox\Client_164.4.7914\164.4.7914\winhttp_native.cp38-win_amd64.pyd,6293972645.0,998182912.0,99.00805041947322,True,True,True,True,1.0,True,True,True
nucleus_python.cp38-win_amd64.pyd,\Program Files (x86)\Dropbox\Client_164.4.7914\164.4.7914\nucleus_python.cp38-win_amd64.pyd,6293725790.0,998155456.0,99.00805041947322,True,True,True,True,1.0,True,True,True
shell32_native.cp38-win_amd64.pyd,\Program Files (x86)\Dropbox\Client_164.4.7914\164.4.7914\shell32_native.cp38-win_amd64.pyd,6293939455.0,998169024.0,99.00805041947322,True,True,True,True,1.0,True,True,True
shlwapi_native.cp38-win_amd64.pyd,\Program Files (x86)\Dropbox\Client_164.4.7914\164.4.7914\shlwapi_native.cp38-win_amd64.pyd,6293940461.0,998169536.0,99.00805041947322,True,True,True,True,1.0,True,True,True
OneDriveMedTile.contrast-black_scale-200.png,\Program Files\Microsoft OneDrive\LogoImages\OneDriveMedTile.contrast-black_scale-200.png,6282827769.0,997518416.0,99.00761744518758,False,False,True,True,1.0,True,True,True
OneDriveMedTile.contrast-black_scale-100.png,\Program Files\Microsoft OneDrive\LogoImages\OneDriveMedTile.contrast-black_scale-100.png,6282823755.0,997515032.0,99.00761744518758,False,False,True,True,1.0,True,True,True
OneDriveMedTile.contrast-black_scale-125.png,\Program Files\Microsoft OneDrive\LogoImages\OneDriveMedTile.contrast-black_scale-125.png,6282825096.0,997516176.0,99.00761744518758,False,False,True,True,1.0,True,True,True
OneDriveMedTile.contrast-black_scale-150.png,\Program Files\Microsoft OneDrive\LogoImages\OneDriveMedTile.contrast-black_scale-150.png,6282826364.0,997517240.0,99.00761744518758,False,False,True,True,1.0,True,True,True
OneDriveMedTile.contrast-white_scale-125.png,\Program Files\Microsoft OneDrive\LogoImages\OneDriveMedTile.contrast-white_scale-125.png,6282831484.0,997521640.0,99.00761744518758,False,False,True,True,1.0,True,True,True
OneDriveMedTile.contrast-black_scale-400.png,\Program Files\Microsoft OneDrive\LogoImages\OneDriveMedTile.contrast-black_scale-400.png,6282828951.0,997519512.0,99.00761744518758,False,False,True,True,1.0,True,True,True
OneDriveMedTile.contrast-white_scale-150.png,\Program Files\Microsoft OneDrive\LogoImages\OneDriveMedTile.contrast-white_scale-150.png,6282832779.0,997522704.0,99.00761744518758,False,False,True,True,1.0,True,True,True
OneDriveMedTile.contrast-white_scale-200.png,\Program Files\Microsoft OneDrive\LogoImages\OneDriveMedTile.contrast-white_scale-200.png,6282833961.0,997523912.0,99.00761744518758,False,False,True,True,1.0,True,True,True
OneDriveMedTile.contrast-white_scale-400.png,\Program Files\Microsoft OneDrive\LogoImages\OneDriveMedTile.contrast-white_scale-400.png,6282835086.0,997524976.0,99.00761744518758,False,False,True,True,1.0,True,True,True
OneDriveMedTile.contrast-white_scale-100.png,\Program Files\Microsoft OneDrive\LogoImages\OneDriveMedTile.contrast-white_scale-100.png,6282830228.0,997520576.0,99.00761744518758,False,False,True,True,1.0,True,True,True
Dropbox.VisualElementsManifest.xml,\Program Files (x86)\Dropbox\Client_164.4.7914\Dropbox.VisualElementsManifest.xml,6292857375.0,998095256.0,98.96793378341623,True,True,True,True,1.0,True,True,True
winshell_native.cp38-win_amd64.pyd,\Program Files (x86)\Dropbox\Client_164.4.7914\164.4.7914\winshell_native.cp38-win_amd64.pyd,6293979540.0,998186336.0,98.88043508545911,True,True,True,True,1.0,True,True,True
PyQt5.QtWidgets.cp38-win_amd64.pyd,\Program Files (x86)\Dropbox\Client_164.4.7914\164.4.7914\PyQt5.QtWidgets.cp38-win_amd64.pyd,6292926483.0,998104040.0,98.88043508545911,True,True,True,True,1.0,True,True,True
_win32sysloader.cp38-win_amd64.pyd,\Program Files (x86)\Dropbox\Client_164.4.7914\164.4.7914\_win32sysloader.cp38-win_amd64.pyd,6293004376.0,998110872.0,98.88043508545911,True,True,True,True,1.0,True,True,True
PyQt5.QtNetwork.cp38-win_amd64.pyd,\Program Files (x86)\Dropbox\Client_164.4.7914\164.4.7914\PyQt5.QtNetwork.cp38-win_amd64.pyd,6292918579.0,998102448.0,98.88043508545911,True,True,True,True,1.0,True,True,True
wrapt._wrappers.cp38-win_amd64.pyd,\Program Files (x86)\Dropbox\Client_164.4.7914\164.4.7914\wrapt._wrappers.cp38-win_amd64.pyd,6293983609.0,998188048.0,98.88043508545911,True,True,True,True,1.0,True,True,True
advapi32_native.cp38-win_amd64.pyd,\Program Files (x86)\Dropbox\Client_164.4.7914\164.4.7914\advapi32_native.cp38-win_amd64.pyd,6293006977.0,998111832.0,98.88043508545911,True,True,True,True,1.0,True,True,True
crashpad_native.cp38-win_amd64.pyd,\Program Files (x86)\Dropbox\Client_164.4.7914\164.4.7914\crashpad_native.cp38-win_amd64.pyd,6293061358.0,998137632.0,98.88043508545911,True,True,True,True,1.0,True,True,True
kernel32_native.cp38-win_amd64.pyd,\Program Files (x86)\Dropbox\Client_164.4.7914\164.4.7914\kernel32_native.cp38-win_amd64.pyd,6293709395.0,998150912.0,98.88043508545911,True,True,True,True,1.0,True,True,True
wind3d11_native.cp38-win_amd64.pyd,\Program Files (x86)\Dropbox\Client_164.4.7914\164.4.7914\wind3d11_native.cp38-win_amd64.pyd,6293969614.0,998181184.0,98.88043508545911,True,True,True,True,1.0,True,True,True
OneDriveMedTile.scale-200.png,\Program Files\Microsoft OneDrive\LogoImages\OneDriveMedTile.scale-200.png,6282839571.0,997528512.0,98.64680877984493,False,False,True,True,1.0,True,True,True
OneDriveMedTile.scale-400.png,\Program Files\Microsoft OneDrive\LogoImages\OneDriveMedTile.scale-400.png,6282840652.0,997529352.0,98.64680877984493,False,False,True,True,1.0,True,True,True
OneDriveMedTile.scale-150.png,\Program Files\Microsoft OneDrive\LogoImages\OneDriveMedTile.scale-150.png,6282838476.0,997527672.0,98.64680877984493,False,False,True,True,1.0,True,True,True
OneDriveMedTile.scale-125.png,\Program Files\Microsoft OneDrive\LogoImages\OneDriveMedTile.scale-125.png,6282837334.0,997526752.0,98.64680877984493,False,False,True,True,1.0,True,True,True
OneDriveMedTile.scale-100.png,\Program Files\Microsoft OneDrive\LogoImages\OneDriveMedTile.scale-100.png,6282836252.0,997525912.0,98.64680877984493,False,False,True,True,1.0,True,True,True
{8D41AF42-A730-4F5C-85D6-E68D627622A7}_OneDrive.exe,\Program Files\Microsoft OneDrive\22.238.1114.0002\{8D41AF42-A730-4F5C-85D6-E68D627622A7}_OneDrive.exe,6282817097.0,997510800.0,98.49575735642013,False,False,True,True,1.0,True,True,True
{64FE4E08-B4BF-4FC2-A824-928EBD4F78F3}_OneDriveStandaloneUpdater.exe,\Program Files\Microsoft OneDrive\22.238.1114.0002\{64FE4E08-B4BF-4FC2-A824-928EBD4F78F3}_OneDriveStandaloneUpdater.exe,6282868669.0,997550856.0,98.21127549753925,False,False,True,True,1.0,True,True,True
