eventtime,filename,filepath,ml_confidence,lf_lsn,lf_cluster_index,usn_usn,hybrid_confidence,confidence_boost,risk_level,rule_applied,source,has_logfile_evidence,has_usnjrnl_evidence,lf_event,usn_event_info,cross_artifact_validation_score,timestamp_manipulation_pattern_score,zero_in_nanoseconds,is_tunneling
2023-12-23 00:14:23,dropboxstatus-connecting@3x.png,\Program Files (x86)\Dropbox\Client\189.4.8395\images\03_Tray_Icon\win\light\dropboxstatus-connecting@3x.png,0.04,8713792122.0,6.0,1325016320.0,0.9,0.86,HIGH,Rule 1: Cross-artifact validation (LogFile + UsnJrnl),both,True,True,Time Reversal Event,Basic_Info_Changed,3,2,True,False
2023-12-23 00:16:12,Text file conversion Windows - UNIX.whs,\Users\blueangel\AppData\Local\Temp\RarSFX1\Text file conversion Windows - UNIX.whs,0.03,8724875555.0,6.0,1326294304.0,0.9,0.87,HIGH,Rule 1: Cross-artifact validation (LogFile + UsnJrnl),both,True,True,Time Reversal Event,File_Created / Basic_Info_Changed / Data_Added / Data_Overwritten,3,2,True,False
2023-12-23 00:16:12,Boot Sector NTFS.tpl,\Users\blueangel\AppData\Local\Temp\RarSFX1\Boot Sector NTFS.tpl,0.04,8724858643.0,2.0,1326285008.0,0.9,0.86,HIGH,Rule 1: Cross-artifact validation (LogFile + UsnJrnl),both,True,True,Time Reversal Event,File_Created / Basic_Info_Changed / Data_Added / Data_Overwritten,3,2,True,False
2023-12-23 00:16:12,Boot Sector FAT.tpl,\Users\blueangel\AppData\Local\Temp\RarSFX1\Boot Sector FAT.tpl,0.04,8724857316.0,0.0,1326284448.0,0.9,0.86,HIGH,Rule 1: Cross-artifact validation (LogFile + UsnJrnl),both,True,True,Time Reversal Event,File_Created / Basic_Info_Changed / Data_Added / Data_Overwritten,3,2,True,False
2023-12-23 00:16:12,Boot Sector FAT32.tpl,\Users\blueangel\AppData\Local\Temp\RarSFX1\Boot Sector FAT32.tpl,0.03,8724856358.0,6.0,1326283928.0,0.9,0.87,HIGH,Rule 1: Cross-artifact validation (LogFile + UsnJrnl),both,True,True,Time Reversal Event,File_Created / Basic_Info_Changed / Data_Added / Data_Overwritten,3,2,True,False
2023-12-23 00:16:12,winhex-d.cnt,\Users\blueangel\AppData\Local\Temp\RarSFX1\winhex-d.cnt,0.07,8724879722.0,0.0,1326296496.0,0.9,0.83,HIGH,Rule 1: Cross-artifact validation (LogFile + UsnJrnl),both,True,True,Time Reversal Event,File_Created / Basic_Info_Changed / Data_Added / Data_Overwritten,3,2,True,False
2023-12-23 00:16:12,timezone.dat,\Users\blueangel\AppData\Local\Temp\RarSFX1\timezone.dat,0.07,8724876414.0,0.0,1326294856.0,0.9,0.83,HIGH,Rule 1: Cross-artifact validation (LogFile + UsnJrnl),both,True,True,Time Reversal Event,File_Created / Basic_Info_Changed / Data_Added / Data_Overwritten,3,2,True,False
2023-12-23 00:16:12,winhex.cnt,\Users\blueangel\AppData\Local\Temp\RarSFX1\winhex.cnt,0.07,8724877247.0,2.0,1326295272.0,0.9,0.83,HIGH,Rule 1: Cross-artifact validation (LogFile + UsnJrnl),both,True,True,Time Reversal Event,File_Created / Basic_Info_Changed / Data_Added / Data_Overwritten,3,2,True,False
2023-12-23 00:16:12,zlib1.dll,\Users\blueangel\AppData\Local\Temp\RarSFX1\zlib1.dll,0.0799,8724881420.0,4.0,1326297416.0,0.9,0.8201,HIGH,Rule 1: Cross-artifact validation (LogFile + UsnJrnl),both,True,True,Time Reversal Event,File_Created / Basic_Info_Changed / Data_Added / Data_Overwritten,3,2,True,False
2023-12-23 00:16:12,Dialogs.dat,\Users\blueangel\AppData\Local\Temp\RarSFX1\Dialogs.dat,0.07,8724859507.0,4.0,1326285480.0,0.9,0.83,HIGH,Rule 1: Cross-artifact validation (LogFile + UsnJrnl),both,True,True,Time Reversal Event,File_Created / Basic_Info_Changed / Data_Added / Data_Overwritten,3,2,True,False
2023-12-23 00:16:12,winhex-d.hlp,\Users\blueangel\AppData\Local\Temp\RarSFX1\winhex-d.hlp,0.07,8724880540.0,2.0,1326296936.0,0.9,0.83,HIGH,Rule 1: Cross-artifact validation (LogFile + UsnJrnl),both,True,True,Time Reversal Event,File_Created / Basic_Info_Changed / Data_Added / Data_Overwritten,3,2,True,False
2023-12-23 00:16:12,WinHex.exe,\Users\blueangel\AppData\Local\Temp\RarSFX1\WinHex.exe,0.07,8724878070.0,4.0,1326295672.0,0.9,0.83,HIGH,Rule 1: Cross-artifact validation (LogFile + UsnJrnl),both,True,True,Time Reversal Event,File_Created / Basic_Info_Changed / Data_Added / Data_Overwritten,3,2,True,False
2023-12-23 00:16:12,winhex.hlp,\Users\blueangel\AppData\Local\Temp\RarSFX1\winhex.hlp,0.06,8724878897.0,6.0,1326296072.0,0.9,0.84,HIGH,Rule 1: Cross-artifact validation (LogFile + UsnJrnl),both,True,True,Time Reversal Event,File_Created / Basic_Info_Changed / Data_Added / Data_Overwritten,3,2,True,False
2023-12-23 00:16:14,81a74986-e7a6-4e94-a89d-ec0da0987490.tmp,\Users\blueangel\AppData\Local\Microsoft\Edge\User Data\Default\81a74986-e7a6-4e94-a89d-ec0da0987490.tmp,0.0499,8724911871.0,0.0,1326312216.0,0.9,0.8501,HIGH,Rule 1: Cross-artifact validation (LogFile + UsnJrnl),both,True,True,Time Reversal Event,Basic_Info_Changed,3,2,False,False
2023-12-23 00:16:14,0eef28d9-1859-44ab-827e-d155423b0fab.tmp,\Users\blueangel\AppData\Local\Microsoft\Edge\User Data\Default\0eef28d9-1859-44ab-827e-d155423b0fab.tmp,0.03,8725103380.0,4.0,1326440976.0,0.9,0.87,HIGH,Rule 1: Cross-artifact validation (LogFile + UsnJrnl),both,True,True,Time Reversal Event,Basic_Info_Changed,3,2,False,False
2023-12-23 00:16:14,94bfb127-531e-4f47-bcd4-cf7c509f8fee.tmp,\Users\blueangel\AppData\Local\Microsoft\Edge\User Data\94bfb127-531e-4f47-bcd4-cf7c509f8fee.tmp,0.04,8724903698.0,4.0,1326307424.0,0.9,0.86,HIGH,Rule 1: Cross-artifact validation (LogFile + UsnJrnl),both,True,True,Time Reversal Event,Basic_Info_Changed,3,2,False,False
2023-12-23 00:16:14,bcce3de9-578e-4232-a709-a191915f162a.tmp,\Users\blueangel\AppData\Local\Microsoft\Edge\User Data\Default\bcce3de9-578e-4232-a709-a191915f162a.tmp,0.0599,8724909064.0,6.0,1326310416.0,0.9,0.8401,HIGH,Rule 1: Cross-artifact validation (LogFile + UsnJrnl),both,True,True,Time Reversal Event,Basic_Info_Changed,3,2,False,False
2023-12-23 00:16:15,737de8ae-e692-4e9f-a021-75e7db31d810.tmp,\Users\blueangel\AppData\Local\Microsoft\Edge\User Data\Default\Network\737de8ae-e692-4e9f-a021-75e7db31d810.tmp,0.03,8725287741.0,0.0,1326560192.0,0.9,0.87,HIGH,Rule 1: Cross-artifact validation (LogFile + UsnJrnl),both,True,True,Time Reversal Event,Basic_Info_Changed,3,2,False,False
2023-12-23 00:16:15,4000f539-9244-4f0c-b488-cc209413af7e.tmp,\Users\blueangel\AppData\Local\Microsoft\Edge\User Data\Default\Network\4000f539-9244-4f0c-b488-cc209413af7e.tmp,0.03,8725284837.0,6.0,1326558080.0,0.9,0.87,HIGH,Rule 1: Cross-artifact validation (LogFile + UsnJrnl),both,True,True,Time Reversal Event,Basic_Info_Changed,3,2,False,False
2023-12-23 00:16:21,f2b96ef1-3f14-43af-8d6b-fd558c4d0703.tmp,\Users\blueangel\AppData\Local\Microsoft\Edge\User Data\Default\f2b96ef1-3f14-43af-8d6b-fd558c4d0703.tmp,0.03,8725427181.0,6.0,1326620960.0,0.9,0.87,HIGH,Rule 1: Cross-artifact validation (LogFile + UsnJrnl),both,True,True,Time Reversal Event,Basic_Info_Changed,3,2,False,False
2023-12-23 00:16:22,01919e5a-55b9-49d2-b6b2-4b035857cbd1.tmp,\Users\blueangel\AppData\Local\Microsoft\Edge\User Data\Ad Blocking\01919e5a-55b9-49d2-b6b2-4b035857cbd1.tmp,0.03,8725452725.0,6.0,1326630880.0,0.9,0.87,HIGH,Rule 1: Cross-artifact validation (LogFile + UsnJrnl),both,True,True,Time Reversal Event,Basic_Info_Changed,3,2,False,False
2023-12-23 00:16:24,e4e10f7c-8f38-46e6-9b2a-afdac72481ed.tmp,\Users\blueangel\AppData\Local\Microsoft\Edge\User Data\Default\e4e10f7c-8f38-46e6-9b2a-afdac72481ed.tmp,0.0599,8725503551.0,2.0,1326656024.0,0.9,0.8401,HIGH,Rule 1: Cross-artifact validation (LogFile + UsnJrnl),both,True,True,Time Reversal Event,Basic_Info_Changed,3,2,False,False
2023-12-23 00:16:24,51814e46-7271-43e6-bac9-55d51386c66a.tmp,\Users\blueangel\AppData\Local\Microsoft\Edge\User Data\Default\51814e46-7271-43e6-bac9-55d51386c66a.tmp,0.0599,8725496686.0,4.0,1326652440.0,0.9,0.8401,HIGH,Rule 1: Cross-artifact validation (LogFile + UsnJrnl),both,True,True,Time Reversal Event,Basic_Info_Changed,3,2,False,False
2023-12-23 00:16:24,0666e044-7111-421d-b09a-6ebbf8d073c2.tmp,\Users\blueangel\AppData\Local\Microsoft\Edge\User Data\0666e044-7111-421d-b09a-6ebbf8d073c2.tmp,0.04,8725492217.0,6.0,1326649920.0,0.9,0.86,HIGH,Rule 1: Cross-artifact validation (LogFile + UsnJrnl),both,True,True,Time Reversal Event,Basic_Info_Changed,3,2,False,False
2023-12-23 00:16:26,9a062c7c-a4f5-44c1-ae48-209a55aeefe9.tmp,\Users\blueangel\AppData\Local\Microsoft\Edge\User Data\Default\Network\9a062c7c-a4f5-44c1-ae48-209a55aeefe9.tmp,0.03,8725514943.0,6.0,1326662496.0,0.9,0.87,HIGH,Rule 1: Cross-artifact validation (LogFile + UsnJrnl),both,True,True,Time Reversal Event,Basic_Info_Changed,3,2,False,False
2023-12-23 00:16:29,a7a9ed2b-d6ff-4ff7-a6d1-4529187af0e9.tmp,\Users\blueangel\AppData\Roaming\Evernote\Network\a7a9ed2b-d6ff-4ff7-a6d1-4529187af0e9.tmp,0.03,8725536848.0,0.0,1326674064.0,0.9,0.87,HIGH,Rule 1: Cross-artifact validation (LogFile + UsnJrnl),both,True,True,Time Reversal Event,Basic_Info_Changed,3,2,False,False
2023-12-23 00:16:34,index.txt.tmp,\Users\blueangel\AppData\Local\Microsoft\Edge\User Data\Default\Service Worker\CacheStorage\3cedfb74d44f2e84198d23075aef16c34a668ceb\index.txt.tmp,0.05,8725582146.0,2.0,1326691720.0,0.9,0.85,HIGH,Rule 1: Cross-artifact validation (LogFile + UsnJrnl),both,True,True,Time Reversal Event,Basic_Info_Changed,3,2,False,False
2023-12-23 00:16:37,9b5b8752-a0d8-4372-8fdd-11be743f1d47.tmp,\Users\blueangel\AppData\Local\Microsoft\Edge\User Data\9b5b8752-a0d8-4372-8fdd-11be743f1d47.tmp,0.03,8725625300.0,0.0,1326714688.0,0.9,0.87,HIGH,Rule 1: Cross-artifact validation (LogFile + UsnJrnl),both,True,True,Time Reversal Event,Basic_Info_Changed,3,2,False,False
2023-12-23 00:16:37,9df3e23c-2478-47f6-85b1-4519775e4f4f.tmp,\Users\blueangel\AppData\Local\Microsoft\Edge\User Data\Default\Network\9df3e23c-2478-47f6-85b1-4519775e4f4f.tmp,0.03,8725630323.0,4.0,1326717680.0,0.9,0.87,HIGH,Rule 1: Cross-artifact validation (LogFile + UsnJrnl),both,True,True,Time Reversal Event,Basic_Info_Changed,3,2,False,False
2023-12-23 00:16:37,8a82c7f0-97f0-4c69-99b4-1670f01a0e9c.tmp,\Users\blueangel\AppData\Local\Microsoft\Edge\User Data\Default\8a82c7f0-97f0-4c69-99b4-1670f01a0e9c.tmp,0.0499,8725620691.0,0.0,1326711872.0,0.9,0.8501,HIGH,Rule 1: Cross-artifact validation (LogFile + UsnJrnl),both,True,True,Time Reversal Event,Basic_Info_Changed,3,2,False,False
2023-12-23 00:16:37,temp-index,\Users\blueangel\AppData\Local\Microsoft\Edge\User Data\Default\Code Cache\js\index-dir\temp-index,0.1199,8725614995.0,6.0,1326708968.0,0.9,0.7801,HIGH,Rule 1: Cross-artifact validation (LogFile + UsnJrnl),both,True,True,Time Reversal Event,Basic_Info_Changed,3,2,False,False
2023-12-23 00:16:12,ebcdic.dat,\Users\blueangel\AppData\Local\Temp\RarSFX1\ebcdic.dat,0.06,8724860206.0,6.0,1326285896.0,0.9,0.84,HIGH,Rule 1: Cross-artifact validation (LogFile + UsnJrnl),both,True,True,Time Reversal Event,File_Created / Basic_Info_Changed / Data_Added / Data_Overwritten,3,2,True,False
2023-12-23 00:16:12,Ext Directory Entry.tpl,\Users\blueangel\AppData\Local\Temp\RarSFX1\Ext Directory Entry.tpl,0.04,8724861146.0,2.0,1326286392.0,0.9,0.86,HIGH,Rule 1: Cross-artifact validation (LogFile + UsnJrnl),both,True,True,Time Reversal Event,File_Created / Basic_Info_Changed / Data_Added / Data_Overwritten,3,2,True,False
2023-12-23 00:16:37,41a73ced-b412-4bec-b616-ce590091bbae.tmp,\Users\blueangel\AppData\Local\Microsoft\Edge\User Data\Default\Network\41a73ced-b412-4bec-b616-ce590091bbae.tmp,0.03,8725630499.0,4.0,1326717824.0,0.9,0.87,HIGH,Rule 1: Cross-artifact validation (LogFile + UsnJrnl),both,True,True,Time Reversal Event,Basic_Info_Changed,3,2,False,False
2023-12-23 00:16:12,Ext Group Descriptor.tpl,\Users\blueangel\AppData\Local\Temp\RarSFX1\Ext Group Descriptor.tpl,0.04,8724861994.0,4.0,1326286952.0,0.9,0.86,HIGH,Rule 1: Cross-artifact validation (LogFile + UsnJrnl),both,True,True,Time Reversal Event,File_Created / Basic_Info_Changed / Data_Added / Data_Overwritten,3,2,True,False
2023-12-23 00:14:35,GenericProvider.dll,,0.1498,8715029886.0,2.0,1325662520.0,0.9,0.7502,HIGH,Rule 1: Cross-artifact validation (LogFile + UsnJrnl),both,True,True,Time Reversal Event,File_Created / Basic_Info_Changed / Data_Added / Data_Overwritten / Extended_Attr_Changed / Access_Right_Changed,3,2,False,False
2023-12-23 00:14:35,IBSProvider.dll,,0.1698,8715030871.0,4.0,1325663112.0,0.9,0.7302,HIGH,Rule 1: Cross-artifact validation (LogFile + UsnJrnl),both,True,True,Time Reversal Event,File_Created / Basic_Info_Changed / Data_Added / Data_Overwritten / Extended_Attr_Changed / Access_Right_Changed,3,2,False,False
2023-12-23 00:14:35,ImagingProvider.dll,,0.1398,8715031842.0,6.0,1325663720.0,0.9,0.7602,HIGH,Rule 1: Cross-artifact validation (LogFile + UsnJrnl),both,True,True,Time Reversal Event,File_Created / Basic_Info_Changed / Data_Added / Data_Overwritten / Extended_Attr_Changed / Access_Right_Changed,3,2,False,False
2023-12-23 00:14:35,IntlProvider.dll,,0.1698,8715032808.0,2.0,1325664312.0,0.9,0.7302,HIGH,Rule 1: Cross-artifact validation (LogFile + UsnJrnl),both,True,True,Time Reversal Event,File_Created / Basic_Info_Changed / Data_Added / Data_Overwritten / Extended_Attr_Changed / Access_Right_Changed,3,2,False,False
2023-12-23 00:14:35,IBSProvider.dll.mui,,0.1498,8715022308.0,2.0,1325657352.0,0.9,0.7502,HIGH,Rule 1: Cross-artifact validation (LogFile + UsnJrnl),both,True,True,Time Reversal Event,File_Created / Basic_Info_Changed / Data_Added / Data_Overwritten / Access_Right_Changed,3,2,False,False
2023-12-23 00:14:49,762e0369-46c0-4025-ab06-e939aa345421.tmp,\Users\blueangel\AppData\Roaming\Evernote\Network\762e0369-46c0-4025-ab06-e939aa345421.tmp,0.03,8715574308.0,0.0,1325908112.0,0.9,0.87,HIGH,Rule 1: Cross-artifact validation (LogFile + UsnJrnl),both,True,True,Time Reversal Event,Basic_Info_Changed,3,2,False,False
2023-12-23 00:14:54,f911d41d-8644-4453-9794-e2abe1026e53.tmp,\Users\blueangel\AppData\Roaming\Evernote\Network\f911d41d-8644-4453-9794-e2abe1026e53.tmp,0.03,8715662485.0,2.0,1325945936.0,0.9,0.87,HIGH,Rule 1: Cross-artifact validation (LogFile + UsnJrnl),both,True,True,Time Reversal Event,Basic_Info_Changed,3,2,False,False
2023-12-23 00:14:54,08e33216-7642-44e1-a311-f152ac92294a.tmp,\Users\blueangel\AppData\Roaming\Evernote\Partitions\user%3A23847576\Network\08e33216-7642-44e1-a311-f152ac92294a.tmp,0.03,8715641622.0,6.0,1325936928.0,0.9,0.87,HIGH,Rule 1: Cross-artifact validation (LogFile + UsnJrnl),both,True,True,Time Reversal Event,Basic_Info_Changed,3,2,False,False
2023-12-23 00:15:11,YAFH7R5N6EJVBZZ61ZC0.temp,\Users\blueangel\AppData\Roaming\Microsoft\Windows\Recent\CustomDestinations\YAFH7R5N6EJVBZZ61ZC0.temp,0.03,8724229823.0,4.0,1326006928.0,0.9,0.87,HIGH,Rule 1: Cross-artifact validation (LogFile + UsnJrnl),both,True,True,Time Reversal Event,Basic_Info_Changed,3,2,False,False
2023-12-23 00:15:13,cec1c001-f48b-4823-a062-725dc209c475.tmp,\Users\blueangel\AppData\Local\Microsoft\Edge\User Data\cec1c001-f48b-4823-a062-725dc209c475.tmp,0.04,8724270390.0,2.0,1326025592.0,0.9,0.86,HIGH,Rule 1: Cross-artifact validation (LogFile + UsnJrnl),both,True,True,Time Reversal Event,Basic_Info_Changed,3,2,False,False
2023-12-23 00:15:13,29a8bd02-7250-4d36-ace8-e82ba377e8f7.tmp,\Users\blueangel\AppData\Local\Microsoft\Edge\User Data\29a8bd02-7250-4d36-ace8-e82ba377e8f7.tmp,0.03,8724270558.0,0.0,1326025736.0,0.9,0.87,HIGH,Rule 1: Cross-artifact validation (LogFile + UsnJrnl),both,True,True,Time Reversal Event,Basic_Info_Changed,3,2,False,False
2023-12-23 00:15:28,d9df15a1-bc46-459a-8a7e-17a57f1dd027.tmp,\Users\blueangel\AppData\Roaming\Evernote\Network\d9df15a1-bc46-459a-8a7e-17a57f1dd027.tmp,0.03,8724395430.0,4.0,1326077200.0,0.9,0.87,HIGH,Rule 1: Cross-artifact validation (LogFile + UsnJrnl),both,True,True,Time Reversal Event,Basic_Info_Changed,3,2,False,False
2023-12-23 00:15:56,c8fccfa8-5d97-4fab-b89d-a8c3008e4107.tmp,\Users\blueangel\AppData\Roaming\Evernote\Network\c8fccfa8-5d97-4fab-b89d-a8c3008e4107.tmp,0.03,8724731257.0,4.0,1326232704.0,0.9,0.87,HIGH,Rule 1: Cross-artifact validation (LogFile + UsnJrnl),both,True,True,Time Reversal Event,Basic_Info_Changed,3,2,False,False
2023-12-23 00:15:58,8b8c0e45-00d2-4327-8f98-6b87d8f9c3c7.tmp,\Users\blueangel\AppData\Roaming\Evernote\Network\8b8c0e45-00d2-4327-8f98-6b87d8f9c3c7.tmp,0.03,8724747905.0,2.0,1326241328.0,0.9,0.87,HIGH,Rule 1: Cross-artifact validation (LogFile + UsnJrnl),both,True,True,Time Reversal Event,Basic_Info_Changed,3,2,False,False
2023-12-23 00:15:59,3a1d2d08-4c32-4275-a6be-f2d027eda328.tmp,\Users\blueangel\AppData\Roaming\Dropbox\3a1d2d08-4c32-4275-a6be-f2d027eda328.tmp,0.03,8724757777.0,4.0,1326246864.0,0.9,0.87,HIGH,Rule 1: Cross-artifact validation (LogFile + UsnJrnl),both,True,True,Time Reversal Event,Basic_Info_Changed,3,2,False,False
2023-12-23 00:16:12,Text file conversion UNIX - Windows.whs,\Users\blueangel\AppData\Local\Temp\RarSFX1\Text file conversion UNIX - Windows.whs,0.03,8724874665.0,4.0,1326293584.0,0.9,0.87,HIGH,Rule 1: Cross-artifact validation (LogFile + UsnJrnl),both,True,True,Time Reversal Event,File_Created / Basic_Info_Changed / Data_Added / Data_Overwritten,3,2,True,False
2023-12-23 00:16:12,WinHex.ico,\Users\blueangel\AppData\Local\Temp\RarSFX1\WinHex.ico,0.06,8724882253.0,6.0,1326297816.0,0.9,0.84,HIGH,Rule 1: Cross-artifact validation (LogFile + UsnJrnl),both,True,True,Time Reversal Event,File_Created / Basic_Info_Changed / Data_Added / Data_Overwritten,3,2,True,False
2023-12-23 00:16:12,setup.exe,\Users\blueangel\AppData\Local\Temp\RarSFX1\setup.exe,0.0799,8724873156.0,2.0,1326292992.0,0.9,0.8201,HIGH,Rule 1: Cross-artifact validation (LogFile + UsnJrnl),both,True,True,Time Reversal Event,File_Created / Basic_Info_Changed / Data_Added / Data_Overwritten,3,2,True,False
2023-12-23 00:16:12,Sample script.whs,\Users\blueangel\AppData\Local\Temp\RarSFX1\Sample script.whs,0.05,8724872308.0,0.0,1326292552.0,0.9,0.85,HIGH,Rule 1: Cross-artifact validation (LogFile + UsnJrnl),both,True,True,Time Reversal Event,File_Created / Basic_Info_Changed / Data_Added / Data_Overwritten,3,2,True,False
2023-12-23 00:16:12,polish2.dat,\Users\blueangel\AppData\Local\Temp\RarSFX1\polish2.dat,0.06,8724871376.0,6.0,1326292088.0,0.9,0.84,HIGH,Rule 1: Cross-artifact validation (LogFile + UsnJrnl),both,True,True,Time Reversal Event,File_Created / Basic_Info_Changed / Data_Added / Data_Overwritten,3,2,True,False
2023-12-23 00:16:12,NTFS FILE Record.tpl,\Users\blueangel\AppData\Local\Temp\RarSFX1\NTFS FILE Record.tpl,0.04,8724870529.0,4.0,1326291616.0,0.9,0.86,HIGH,Rule 1: Cross-artifact validation (LogFile + UsnJrnl),both,True,True,Time Reversal Event,File_Created / Basic_Info_Changed / Data_Added / Data_Overwritten,3,2,True,False
2023-12-23 00:16:12,Master Boot Record.tpl,\Users\blueangel\AppData\Local\Temp\RarSFX1\Master Boot Record.tpl,0.04,8724869563.0,2.0,1326291096.0,0.9,0.86,HIGH,Rule 1: Cross-artifact validation (LogFile + UsnJrnl),both,True,True,Time Reversal Event,File_Created / Basic_Info_Changed / Data_Added / Data_Overwritten,3,2,True,False
2023-12-23 00:16:12,language.dat,\Users\blueangel\AppData\Local\Temp\RarSFX1\language.dat,0.07,8724868637.0,0.0,1326290608.0,0.9,0.83,HIGH,Rule 1: Cross-artifact validation (LogFile + UsnJrnl),both,True,True,Time Reversal Event,File_Created / Basic_Info_Changed / Data_Added / Data_Overwritten,3,2,True,False
2023-12-23 00:16:12,HFS+ Volume Header.tpl,\Users\blueangel\AppData\Local\Temp\RarSFX1\HFS+ Volume Header.tpl,0.03,8724867789.0,6.0,1326290136.0,0.9,0.87,HIGH,Rule 1: Cross-artifact validation (LogFile + UsnJrnl),both,True,True,Time Reversal Event,File_Created / Basic_Info_Changed / Data_Added / Data_Overwritten,3,2,True,False
2023-12-23 00:16:12,File Type Signatures Search.txt,\Users\blueangel\AppData\Local\Temp\RarSFX1\File Type Signatures Search.txt,0.04,8724866820.0,2.0,1326289568.0,0.9,0.86,HIGH,Rule 1: Cross-artifact validation (LogFile + UsnJrnl),both,True,True,Time Reversal Event,File_Created / Basic_Info_Changed / Data_Added / Data_Overwritten,3,2,True,False
2023-12-23 00:16:12,FAT LFN Entry.tpl,\Users\blueangel\AppData\Local\Temp\RarSFX1\FAT LFN Entry.tpl,0.05,8724865858.0,0.0,1326288992.0,0.9,0.85,HIGH,Rule 1: Cross-artifact validation (LogFile + UsnJrnl),both,True,True,Time Reversal Event,File_Created / Basic_Info_Changed / Data_Added / Data_Overwritten,3,2,True,False
2023-12-23 00:16:12,FAT Directory Entry.tpl,\Users\blueangel\AppData\Local\Temp\RarSFX1\FAT Directory Entry.tpl,0.03,8724864849.0,6.0,1326288432.0,0.9,0.87,HIGH,Rule 1: Cross-artifact validation (LogFile + UsnJrnl),both,True,True,Time Reversal Event,File_Created / Basic_Info_Changed / Data_Added / Data_Overwritten,3,2,True,False
2023-12-23 00:16:12,Ext Superblock.tpl,\Users\blueangel\AppData\Local\Temp\RarSFX1\Ext Superblock.tpl,0.05,8724863896.0,2.0,1326287904.0,0.9,0.85,HIGH,Rule 1: Cross-artifact validation (LogFile + UsnJrnl),both,True,True,Time Reversal Event,File_Created / Basic_Info_Changed / Data_Added / Data_Overwritten,3,2,True,False
2023-12-23 00:16:12,Ext Inode.tpl,\Users\blueangel\AppData\Local\Temp\RarSFX1\Ext Inode.tpl,0.07,8724862942.0,0.0,1326287440.0,0.9,0.83,HIGH,Rule 1: Cross-artifact validation (LogFile + UsnJrnl),both,True,True,Time Reversal Event,File_Created / Basic_Info_Changed / Data_Added / Data_Overwritten,3,2,True,False
2023-12-23 00:16:37,4b4e15d6-9b1a-48f5-950d-8dfe421d5a74.tmp,\Users\blueangel\AppData\Local\Microsoft\Edge\User Data\4b4e15d6-9b1a-48f5-950d-8dfe421d5a74.tmp,0.04,8725602912.0,2.0,1326702200.0,0.9,0.86,HIGH,Rule 1: Cross-artifact validation (LogFile + UsnJrnl),both,True,True,Time Reversal Event,Basic_Info_Changed,3,2,False,False
2023-12-23 00:16:38,eef4b8d4-0588-4510-98d8-1bc08d69f4e3.tmp,\Users\blueangel\AppData\Local\Microsoft\Edge\User Data\Default\Network\eef4b8d4-0588-4510-98d8-1bc08d69f4e3.tmp,0.03,8725976131.0,6.0,1326961264.0,0.9,0.87,HIGH,Rule 1: Cross-artifact validation (LogFile + UsnJrnl),both,True,True,Time Reversal Event,Basic_Info_Changed,3,2,False,False
2023-12-23 00:14:35,FfuProvider.dll,,0.1598,8715027898.0,6.0,1325661288.0,0.9,0.7402,HIGH,Rule 1: Cross-artifact validation (LogFile + UsnJrnl),both,True,True,Time Reversal Event,File_Created / Basic_Info_Changed / Data_Added / Data_Overwritten / Extended_Attr_Changed / Access_Right_Changed,3,2,False,False
2023-12-23 00:18:00,af43d926-4eb7-4bf1-99f5-9a79e45cf2eb.tmp,\Users\blueangel\AppData\Local\Microsoft\Edge\User Data\af43d926-4eb7-4bf1-99f5-9a79e45cf2eb.tmp,0.04,8726834329.0,6.0,1327271248.0,0.9,0.86,HIGH,Rule 1: Cross-artifact validation (LogFile + UsnJrnl),both,True,True,Time Reversal Event,Basic_Info_Changed,3,2,False,False
2023-12-23 00:19:11,strings.json,\Users\blueangel\AppData\Local\Microsoft\Edge\User Data\Edge Wallet\120.16978.16963.8\json\i18n-notification\pt-PT\strings.json,0.04,8728298570.0,0.0,1327721880.0,0.9,0.86,HIGH,Rule 1: Cross-artifact validation (LogFile + UsnJrnl),both,True,True,Time Reversal Event,File_Created / Basic_Info_Changed / Data_Added,3,2,True,False
2023-12-23 00:19:11,strings.json,\Users\blueangel\AppData\Local\Microsoft\Edge\User Data\Edge Wallet\120.16978.16963.8\json\i18n-notification\pt-BR\strings.json,0.04,8728297654.0,2.0,1327721384.0,0.9,0.86,HIGH,Rule 1: Cross-artifact validation (LogFile + UsnJrnl),both,True,True,Time Reversal Event,File_Created / Basic_Info_Changed / Data_Added,3,2,True,False
2023-12-23 00:19:11,strings.json,\Users\blueangel\AppData\Local\Microsoft\Edge\User Data\Edge Wallet\120.16978.16963.8\json\i18n-notification\nl\strings.json,0.04,8728296738.0,6.0,1327720888.0,0.9,0.86,HIGH,Rule 1: Cross-artifact validation (LogFile + UsnJrnl),both,True,True,Time Reversal Event,File_Created / Basic_Info_Changed / Data_Added,3,2,True,False
2023-12-23 00:19:11,strings.json,\Users\blueangel\AppData\Local\Microsoft\Edge\User Data\Edge Wallet\120.16978.16963.8\json\i18n-notification\ko\strings.json,0.04,8728295810.0,2.0,1327720408.0,0.9,0.86,HIGH,Rule 1: Cross-artifact validation (LogFile + UsnJrnl),both,True,True,Time Reversal Event,File_Created / Basic_Info_Changed / Data_Added,3,2,True,False
2023-12-23 00:19:11,strings.json,\Users\blueangel\AppData\Local\Microsoft\Edge\User Data\Edge Wallet\120.16978.16963.8\json\i18n-notification\ja\strings.json,0.04,8728294901.0,6.0,1327719928.0,0.9,0.86,HIGH,Rule 1: Cross-artifact validation (LogFile + UsnJrnl),both,True,True,Time Reversal Event,File_Created / Basic_Info_Changed / Data_Added,3,2,True,False
2023-12-23 00:19:11,strings.json,\Users\blueangel\AppData\Local\Microsoft\Edge\User Data\Edge Wallet\120.16978.16963.8\json\i18n-notification\it\strings.json,0.04,8728294000.0,2.0,1327719448.0,0.9,0.86,HIGH,Rule 1: Cross-artifact validation (LogFile + UsnJrnl),both,True,True,Time Reversal Event,File_Created / Basic_Info_Changed / Data_Added,3,2,True,False
2023-12-23 00:19:11,strings.json,\Users\blueangel\AppData\Local\Microsoft\Edge\User Data\Edge Wallet\120.16978.16963.8\json\i18n-notification\id\strings.json,0.04,8728293089.0,6.0,1327718968.0,0.9,0.86,HIGH,Rule 1: Cross-artifact validation (LogFile + UsnJrnl),both,True,True,Time Reversal Event,File_Created / Basic_Info_Changed / Data_Added,3,2,True,False
2023-12-23 00:19:11,strings.json,\Users\blueangel\AppData\Local\Microsoft\Edge\User Data\Edge Wallet\120.16978.16963.8\json\i18n-notification\fr\strings.json,0.04,8728292180.0,2.0,1327718488.0,0.9,0.86,HIGH,Rule 1: Cross-artifact validation (LogFile + UsnJrnl),both,True,True,Time Reversal Event,File_Created / Basic_Info_Changed / Data_Added,3,2,True,False
2023-12-23 00:19:11,strings.json,\Users\blueangel\AppData\Local\Microsoft\Edge\User Data\Edge Wallet\120.16978.16963.8\json\i18n-notification\fr-CA\strings.json,0.04,8728291550.0,0.0,1327718080.0,0.9,0.86,HIGH,Rule 1: Cross-artifact validation (LogFile + UsnJrnl),both,True,True,Time Reversal Event,File_Created / Basic_Info_Changed / Data_Added,3,2,True,False
2023-12-23 00:19:11,strings.json,\Users\blueangel\AppData\Local\Microsoft\Edge\User Data\Edge Wallet\120.16978.16963.8\json\i18n-notification\fi\strings.json,0.04,8728290003.0,2.0,1327717456.0,0.9,0.86,HIGH,Rule 1: Cross-artifact validation (LogFile + UsnJrnl),both,True,True,Time Reversal Event,File_Created / Basic_Info_Changed / Data_Added,3,2,True,False
2023-12-23 00:19:11,strings.json,\Users\blueangel\AppData\Local\Microsoft\Edge\User Data\Edge Wallet\120.16978.16963.8\json\i18n-notification\es\strings.json,0.04,8728289094.0,6.0,1327716976.0,0.9,0.86,HIGH,Rule 1: Cross-artifact validation (LogFile + UsnJrnl),both,True,True,Time Reversal Event,File_Created / Basic_Info_Changed / Data_Added,3,2,True,False
2023-12-23 00:19:11,strings.json,\Users\blueangel\AppData\Local\Microsoft\Edge\User Data\Edge Wallet\120.16978.16963.8\json\i18n-notification\en-GB\strings.json,0.04,8728288164.0,2.0,1327716496.0,0.9,0.86,HIGH,Rule 1: Cross-artifact validation (LogFile + UsnJrnl),both,True,True,Time Reversal Event,File_Created / Basic_Info_Changed / Data_Added,3,2,True,False
2023-12-23 00:19:11,strings.json,\Users\blueangel\AppData\Local\Microsoft\Edge\User Data\Edge Wallet\120.16978.16963.8\json\i18n-notification\el\strings.json,0.04,8728287254.0,6.0,1327716000.0,0.9,0.86,HIGH,Rule 1: Cross-artifact validation (LogFile + UsnJrnl),both,True,True,Time Reversal Event,File_Created / Basic_Info_Changed / Data_Added,3,2,True,False
2023-12-23 00:19:11,strings.json,\Users\blueangel\AppData\Local\Microsoft\Edge\User Data\Edge Wallet\120.16978.16963.8\json\i18n-notification\de\strings.json,0.04,8728286345.0,2.0,1327715520.0,0.9,0.86,HIGH,Rule 1: Cross-artifact validation (LogFile + UsnJrnl),both,True,True,Time Reversal Event,File_Created / Basic_Info_Changed / Data_Added,3,2,True,False
2023-12-23 00:19:11,strings.json,\Users\blueangel\AppData\Local\Microsoft\Edge\User Data\Edge Wallet\120.16978.16963.8\json\i18n-notification\ar\strings.json,0.04,8728285420.0,6.0,1327715040.0,0.9,0.86,HIGH,Rule 1: Cross-artifact validation (LogFile + UsnJrnl),both,True,True,Time Reversal Event,File_Created / Basic_Info_Changed / Data_Added,3,2,True,False
2023-12-23 00:19:11,strings.json,\Users\blueangel\AppData\Local\Microsoft\Edge\User Data\Edge Wallet\120.16978.16963.8\json\i18n-notification-shared\zh-Hant\strings.json,0.04,8728284535.0,2.0,1327714560.0,0.9,0.86,HIGH,Rule 1: Cross-artifact validation (LogFile + UsnJrnl),both,True,True,Time Reversal Event,File_Created / Basic_Info_Changed / Data_Added,3,2,True,False
2023-12-23 00:19:11,strings.json,\Users\blueangel\AppData\Local\Microsoft\Edge\User Data\Edge Wallet\120.16978.16963.8\json\i18n-notification-shared\zh-Hans\strings.json,0.04,8728283461.0,6.0,1327714024.0,0.9,0.86,HIGH,Rule 1: Cross-artifact validation (LogFile + UsnJrnl),both,True,True,Time Reversal Event,File_Created / Basic_Info_Changed / Data_Added,3,2,True,False
2023-12-23 00:19:11,strings.json,\Users\blueangel\AppData\Local\Microsoft\Edge\User Data\Edge Wallet\120.16978.16963.8\json\i18n-notification-shared\sv\strings.json,0.04,8728282439.0,2.0,1327713512.0,0.9,0.86,HIGH,Rule 1: Cross-artifact validation (LogFile + UsnJrnl),both,True,True,Time Reversal Event,File_Created / Basic_Info_Changed / Data_Added,3,2,True,False
2023-12-23 00:19:11,strings.json,\Users\blueangel\AppData\Local\Microsoft\Edge\User Data\Edge Wallet\120.16978.16963.8\json\i18n-notification-shared\ru\strings.json,0.04,8728281314.0,6.0,1327713032.0,0.9,0.86,HIGH,Rule 1: Cross-artifact validation (LogFile + UsnJrnl),both,True,True,Time Reversal Event,File_Created / Basic_Info_Changed / Data_Added,3,2,True,False
2023-12-23 00:19:11,strings.json,\Users\blueangel\AppData\Local\Microsoft\Edge\User Data\Edge Wallet\120.16978.16963.8\json\i18n-notification-shared\pt-PT\strings.json,0.04,8728280227.0,2.0,1327712552.0,0.9,0.86,HIGH,Rule 1: Cross-artifact validation (LogFile + UsnJrnl),both,True,True,Time Reversal Event,File_Created / Basic_Info_Changed / Data_Added,3,2,True,False
2023-12-23 00:19:11,strings.json,\Users\blueangel\AppData\Local\Microsoft\Edge\User Data\Edge Wallet\120.16978.16963.8\json\i18n-notification-shared\pt-BR\strings.json,0.04,8728279189.0,6.0,1327712056.0,0.9,0.86,HIGH,Rule 1: Cross-artifact validation (LogFile + UsnJrnl),both,True,True,Time Reversal Event,File_Created / Basic_Info_Changed / Data_Added,3,2,True,False
2023-12-23 00:19:11,strings.json,\Users\blueangel\AppData\Local\Microsoft\Edge\User Data\Edge Wallet\120.16978.16963.8\json\i18n-notification-shared\nl\strings.json,0.04,8728278165.0,2.0,1327711560.0,0.9,0.86,HIGH,Rule 1: Cross-artifact validation (LogFile + UsnJrnl),both,True,True,Time Reversal Event,File_Created / Basic_Info_Changed / Data_Added,3,2,True,False
2023-12-23 00:19:11,strings.json,\Users\blueangel\AppData\Local\Microsoft\Edge\User Data\Edge Wallet\120.16978.16963.8\json\i18n-notification-shared\ko\strings.json,0.04,8728277144.0,6.0,1327711080.0,0.9,0.86,HIGH,Rule 1: Cross-artifact validation (LogFile + UsnJrnl),both,True,True,Time Reversal Event,File_Created / Basic_Info_Changed / Data_Added,3,2,True,False
2023-12-23 00:19:11,strings.json,\Users\blueangel\AppData\Local\Microsoft\Edge\User Data\Edge Wallet\120.16978.16963.8\json\i18n-notification-shared\ja\strings.json,0.04,8728276022.0,2.0,1327710600.0,0.9,0.86,HIGH,Rule 1: Cross-artifact validation (LogFile + UsnJrnl),both,True,True,Time Reversal Event,File_Created / Basic_Info_Changed / Data_Added,3,2,True,False
2023-12-23 00:19:11,strings.json,\Users\blueangel\AppData\Local\Microsoft\Edge\User Data\Edge Wallet\120.16978.16963.8\json\i18n-notification-shared\it\strings.json,0.04,8728274883.0,6.0,1327710072.0,0.9,0.86,HIGH,Rule 1: Cross-artifact validation (LogFile + UsnJrnl),both,True,True,Time Reversal Event,File_Created / Basic_Info_Changed / Data_Added,3,2,True,False
2023-12-23 00:19:11,strings.json,\Users\blueangel\AppData\Local\Microsoft\Edge\User Data\Edge Wallet\120.16978.16963.8\json\i18n-notification-shared\id\strings.json,0.04,8728273850.0,2.0,1327709592.0,0.9,0.86,HIGH,Rule 1: Cross-artifact validation (LogFile + UsnJrnl),both,True,True,Time Reversal Event,File_Created / Basic_Info_Changed / Data_Added,3,2,True,False
2023-12-23 00:19:11,strings.json,\Users\blueangel\AppData\Local\Microsoft\Edge\User Data\Edge Wallet\120.16978.16963.8\json\i18n-notification-shared\fr\strings.json,0.04,8728272835.0,6.0,1327709112.0,0.9,0.86,HIGH,Rule 1: Cross-artifact validation (LogFile + UsnJrnl),both,True,True,Time Reversal Event,File_Created / Basic_Info_Changed / Data_Added,3,2,True,False
2023-12-23 00:19:11,strings.json,\Users\blueangel\AppData\Local\Microsoft\Edge\User Data\Edge Wallet\120.16978.16963.8\json\i18n-notification-shared\fr-CA\strings.json,0.04,8728272143.0,4.0,1327708760.0,0.9,0.86,HIGH,Rule 1: Cross-artifact validation (LogFile + UsnJrnl),both,True,True,Time Reversal Event,File_Created / Basic_Info_Changed / Data_Added,3,2,True,False
2023-12-23 00:19:11,strings.json,\Users\blueangel\AppData\Local\Microsoft\Edge\User Data\Edge Wallet\120.16978.16963.8\json\i18n-notification-shared\fi\strings.json,0.04,8728270796.0,6.0,1327708136.0,0.9,0.86,HIGH,Rule 1: Cross-artifact validation (LogFile + UsnJrnl),both,True,True,Time Reversal Event,File_Created / Basic_Info_Changed / Data_Added,3,2,True,False
2023-12-23 00:19:11,strings.json,\Users\blueangel\AppData\Local\Microsoft\Edge\User Data\Edge Wallet\120.16978.16963.8\json\i18n-notification\ru\strings.json,0.04,8728299476.0,4.0,1327722360.0,0.9,0.86,HIGH,Rule 1: Cross-artifact validation (LogFile + UsnJrnl),both,True,True,Time Reversal Event,File_Created / Basic_Info_Changed / Data_Added,3,2,True,False
2023-12-23 00:17:58,65fcd9a7-6095-4502-9ab2-700e724097ad.tmp,\Users\blueangel\AppData\Roaming\Evernote\Network\65fcd9a7-6095-4502-9ab2-700e724097ad.tmp,0.03,8726764131.0,4.0,1327266752.0,0.9,0.87,HIGH,Rule 1: Cross-artifact validation (LogFile + UsnJrnl),both,True,True,Time Reversal Event,Basic_Info_Changed,3,2,False,False
2023-12-23 00:16:38,e8edbd35-f193-42a5-8023-fa0353143b75.tmp,\Users\blueangel\AppData\Local\Microsoft\Edge\User Data\e8edbd35-f193-42a5-8023-fa0353143b75.tmp,0.04,8725714500.0,6.0,1326773704.0,0.9,0.86,HIGH,Rule 1: Cross-artifact validation (LogFile + UsnJrnl),both,True,True,Time Reversal Event,Basic_Info_Changed,3,2,False,False
2023-12-23 00:17:51,manifest.json,\Users\blueangel\AppData\Local\Microsoft\Edge\User Data\CertificateRevocation\6498.2023.8.1\manifest.json,0.06,8726482114.0,4.0,1327195184.0,0.9,0.84,HIGH,Rule 1: Cross-artifact validation (LogFile + UsnJrnl),both,True,True,Time Reversal Event,File_Created / Basic_Info_Changed / Data_Added,3,2,True,False
2023-12-23 00:16:38,17f525bd-7c8f-4821-9871-8a3469c60cd7.tmp,\Users\blueangel\AppData\Local\Microsoft\Edge\User Data\Default\17f525bd-7c8f-4821-9871-8a3469c60cd7.tmp,0.0599,8725654308.0,4.0,1326732208.0,0.9,0.8401,HIGH,Rule 1: Cross-artifact validation (LogFile + UsnJrnl),both,True,True,Time Reversal Event,Basic_Info_Changed,3,2,False,False
2023-12-23 00:16:38,ce7f220c-9206-4c90-b512-bbcf0086c726.tmp,\Users\blueangel\AppData\Local\Microsoft\Edge\User Data\Default\ce7f220c-9206-4c90-b512-bbcf0086c726.tmp,0.0499,8725644472.0,0.0,1326725432.0,0.9,0.8501,HIGH,Rule 1: Cross-artifact validation (LogFile + UsnJrnl),both,True,True,Time Reversal Event,Basic_Info_Changed,3,2,False,False
2023-12-23 00:16:40,verified_contents.json,\Users\blueangel\AppData\Local\Microsoft\Edge\User Data\Default\Extensions\jmjflgjpcpepeafmmgdpfkogkghcpiha\1.2.0_0\_metadata\verified_contents.json,0.03,8726026462.0,6.0,1326989416.0,0.9,0.87,HIGH,Rule 1: Cross-artifact validation (LogFile + UsnJrnl),both,True,True,Time Reversal Event,File_Created / Basic_Info_Changed / Data_Added,3,2,True,False
2023-12-23 00:16:40,manifest.json,\Users\blueangel\AppData\Local\Microsoft\Edge\User Data\Default\Extensions\jmjflgjpcpepeafmmgdpfkogkghcpiha\1.2.0_0\manifest.json,0.06,8726023187.0,0.0,1326988016.0,0.9,0.84,HIGH,Rule 1: Cross-artifact validation (LogFile + UsnJrnl),both,True,True,Time Reversal Event,File_Created / Basic_Info_Changed / Data_Added,3,2,True,False
2023-12-23 00:16:40,content.js,\Users\blueangel\AppData\Local\Microsoft\Edge\User Data\Default\Extensions\jmjflgjpcpepeafmmgdpfkogkghcpiha\1.2.0_0\content.js,0.06,8726023869.0,2.0,1326988352.0,0.9,0.84,HIGH,Rule 1: Cross-artifact validation (LogFile + UsnJrnl),both,True,True,Time Reversal Event,File_Created / Basic_Info_Changed / Data_Added,3,2,True,False
2023-12-23 00:16:40,content_new.js,\Users\blueangel\AppData\Local\Microsoft\Edge\User Data\Default\Extensions\jmjflgjpcpepeafmmgdpfkogkghcpiha\1.2.0_0\content_new.js,0.06,8726024920.0,2.0,1326988864.0,0.9,0.84,HIGH,Rule 1: Cross-artifact validation (LogFile + UsnJrnl),both,True,True,Time Reversal Event,File_Created / Basic_Info_Changed / Data_Added,3,2,True,False
2023-12-23 00:16:48,25e2fce2-1f60-4154-9744-40dc60e5fbc0.tmp,\Users\blueangel\AppData\Local\Microsoft\Edge\User Data\Default\25e2fce2-1f60-4154-9744-40dc60e5fbc0.tmp,0.0599,8726110962.0,2.0,1327020064.0,0.9,0.8401,HIGH,Rule 1: Cross-artifact validation (LogFile + UsnJrnl),both,True,True,Time Reversal Event,Basic_Info_Changed,3,2,False,False
2023-12-23 00:16:48,1a9536f4-6335-480d-a044-301e598e3157.tmp,\Users\blueangel\AppData\Local\Microsoft\Edge\User Data\1a9536f4-6335-480d-a044-301e598e3157.tmp,0.04,8726115757.0,2.0,1327022880.0,0.9,0.86,HIGH,Rule 1: Cross-artifact validation (LogFile + UsnJrnl),both,True,True,Time Reversal Event,Basic_Info_Changed,3,2,False,False
2023-12-23 00:16:49,e4e703fb-3a38-4b1a-a326-d4b56b0f806e.tmp,\Users\blueangel\AppData\Roaming\Evernote\Network\e4e703fb-3a38-4b1a-a326-d4b56b0f806e.tmp,0.03,8726122763.0,4.0,1327026768.0,0.9,0.87,HIGH,Rule 1: Cross-artifact validation (LogFile + UsnJrnl),both,True,True,Time Reversal Event,Basic_Info_Changed,3,2,False,False
2023-12-23 00:16:50,e4f7e642-e00c-4399-8170-58c8408e8d51.tmp,\Users\blueangel\AppData\Local\Microsoft\Edge\User Data\Default\e4f7e642-e00c-4399-8170-58c8408e8d51.tmp,0.0499,8726132846.0,0.0,1327032368.0,0.9,0.8501,HIGH,Rule 1: Cross-artifact validation (LogFile + UsnJrnl),both,True,True,Time Reversal Event,Basic_Info_Changed,3,2,False,False
2023-12-23 00:16:57,80744b9b-85dd-43b5-8362-a2b2f571fe9e.tmp,\Users\blueangel\AppData\Roaming\Evernote\Network\80744b9b-85dd-43b5-8362-a2b2f571fe9e.tmp,0.03,8726197010.0,0.0,1327060816.0,0.9,0.87,HIGH,Rule 1: Cross-artifact validation (LogFile + UsnJrnl),both,True,True,Time Reversal Event,Basic_Info_Changed,3,2,False,False
2023-12-23 00:17:00,16499041-c42f-434e-a6c1-050092ec4319.tmp,\Users\blueangel\AppData\Roaming\Evernote\Network\16499041-c42f-434e-a6c1-050092ec4319.tmp,0.03,8726216891.0,4.0,1327071520.0,0.9,0.87,HIGH,Rule 1: Cross-artifact validation (LogFile + UsnJrnl),both,True,True,Time Reversal Event,Basic_Info_Changed,3,2,False,False
2023-12-23 00:17:02,IDX_CONTENT_TASKBARHEADLINES.json.~tmp,\Users\blueangel\AppData\Local\Packages\Microsoft.Windows.Search_cw5n1h2txyewy\LocalState\ShellFeeds\IDX_CONTENT_TASKBARHEADLINES.json.~tmp,0.04,8726252993.0,6.0,1327086216.0,0.9,0.86,HIGH,Rule 1: Cross-artifact validation (LogFile + UsnJrnl),both,True,True,Time Reversal Event & Changing FileAttribute,Basic_Info_Changed,3,2,False,False
2023-12-23 00:17:04,a35fff73-a116-4ad7-b8ec-f00392c6dca4.up_meta_secure,\Users\blueangel\AppData\Local\Packages\Microsoft.Windows.ContentDeliveryManager_cw5n1h2txyewy\AC\BackgroundTransferApi\a35fff73-a116-4ad7-b8ec-f00392c6dca4.up_meta_secure,0.02,8726288774.0,4.0,1327109344.0,0.9,0.88,HIGH,Rule 1: Cross-artifact validation (LogFile + UsnJrnl),both,True,True,Time Reversal Event,File_Created / Basic_Info_Changed / Data_Added / Data_Overwritten / Access_Right_Changed,3,2,False,False
2023-12-23 00:17:04,01551f76-4bea-4abd-b62e-5497b47cea75.up_meta_secure,\Users\blueangel\AppData\Local\Packages\Microsoft.Windows.ContentDeliveryManager_cw5n1h2txyewy\AC\BackgroundTransferApi\01551f76-4bea-4abd-b62e-5497b47cea75.up_meta_secure,0.02,8726291494.0,0.0,1327112528.0,0.9,0.88,HIGH,Rule 1: Cross-artifact validation (LogFile + UsnJrnl),both,True,True,Time Reversal Event,File_Created / Basic_Info_Changed / Data_Added / Data_Overwritten / Access_Right_Changed,3,2,False,False
2023-12-23 00:17:04,01551f76-4bea-4abd-b62e-5497b47cea75.6e09cea1-7167-4c0d-b393-c0905ce48e78.down_meta,\Users\blueangel\AppData\Local\Packages\Microsoft.Windows.ContentDeliveryManager_cw5n1h2txyewy\AC\BackgroundTransferApi\01551f76-4bea-4abd-b62e-5497b47cea75.6e09cea1-7167-4c0d-b393-c0905ce48e78.down_meta,0.02,8726293043.0,4.0,1327114112.0,0.9,0.88,HIGH,Rule 1: Cross-artifact validation (LogFile + UsnJrnl),both,True,True,Time Reversal Event,File_Created / Basic_Info_Changed / Data_Added / Data_Overwritten / Access_Right_Changed,3,2,False,False
2023-12-23 00:17:05,eventbeacons.dat.~tmp,\Users\blueangel\AppData\Local\Packages\Microsoft.Windows.ContentDeliveryManager_cw5n1h2txyewy\LocalState\ContentManagementSDK\Creatives\338388\eventbeacons.dat.~tmp,0.05,8726314472.0,6.0,1327125768.0,0.9,0.85,HIGH,Rule 1: Cross-artifact validation (LogFile + UsnJrnl),both,True,True,Time Reversal Event & Changing FileAttribute,Basic_Info_Changed,3,2,False,False
2023-12-23 00:17:06,BIT4C95.tmp,\Windows\Temp\BIT4C95.tmp,0.1698,8726325893.0,6.0,1327131216.0,0.9,0.7302,HIGH,Rule 1: Cross-artifact validation (LogFile + UsnJrnl),both,True,True,Time Reversal Event,Basic_Info_Changed / Data_Added / Data_Overwritten / Data_Truncated,3,2,True,False
2023-12-23 00:17:06,BIT4DCE.tmp,,0.1298,8726341967.0,6.0,1327133584.0,0.9,0.7702,HIGH,Rule 1: Cross-artifact validation (LogFile + UsnJrnl),both,True,True,Time Reversal Event & Changing FileAttribute,Basic_Info_Changed / Data_Added / Data_Overwritten / Data_Truncated,3,2,True,False
2023-12-23 00:17:06,v64.hash,,0.1995,8726344612.0,0.0,1327135024.0,0.9,0.7005,HIGH,Rule 1: Cross-artifact validation (LogFile + UsnJrnl),both,True,True,Time Reversal Event,File_Created / Basic_Info_Changed / Data_Added,3,2,True,False
2023-12-23 00:17:06,VersionDescriptor.xml,,0.1595,8726345255.0,2.0,1327135392.0,0.9,0.7405,HIGH,Rule 1: Cross-artifact validation (LogFile + UsnJrnl),both,True,True,Time Reversal Event,File_Created / Basic_Info_Changed / Data_Added,3,2,True,False
2023-12-23 00:17:19,0efe0a7f-4318-444a-9459-2e9b4e466c2b.tmp,\Users\blueangel\AppData\Local\Microsoft\Edge\User Data\Default\0efe0a7f-4318-444a-9459-2e9b4e466c2b.tmp,0.0499,8726382218.0,0.0,1327145872.0,0.9,0.8501,HIGH,Rule 1: Cross-artifact validation (LogFile + UsnJrnl),both,True,True,Time Reversal Event,Basic_Info_Changed,3,2,False,False
2023-12-23 00:17:30,aa67ca13-4032-4cad-acf7-a30115b0ff26.tmp,\Users\blueangel\AppData\Roaming\Avast Software\Avast\Cache\aa67ca13-4032-4cad-acf7-a30115b0ff26.tmp,0.03,8726397627.0,2.0,1327153584.0,0.9,0.87,HIGH,Rule 1: Cross-artifact validation (LogFile + UsnJrnl),both,True,True,Time Reversal Event,Basic_Info_Changed,3,2,False,False
2023-12-23 00:17:31,ff56c06a-3601-4f27-9eb2-b9b657ba50d8.tmp,\Users\blueangel\AppData\Roaming\Evernote\Network\ff56c06a-3601-4f27-9eb2-b9b657ba50d8.tmp,0.03,8726400353.0,6.0,1327155600.0,0.9,0.87,HIGH,Rule 1: Cross-artifact validation (LogFile + UsnJrnl),both,True,True,Time Reversal Event,Basic_Info_Changed,3,2,False,False
2023-12-23 00:17:38,c9fee285-4d65-4fd1-ac85-e652ebf1d36d.tmp,\Users\blueangel\AppData\Local\Microsoft\Edge\User Data\c9fee285-4d65-4fd1-ac85-e652ebf1d36d.tmp,0.04,8726431677.0,6.0,1327169216.0,0.9,0.86,HIGH,Rule 1: Cross-artifact validation (LogFile + UsnJrnl),both,True,True,Time Reversal Event,Basic_Info_Changed,3,2,False,False
2023-12-23 00:17:48,3ec45980-cc25-4776-a6bf-a2512818b8b3.tmp,\Users\blueangel\AppData\Local\Microsoft\Edge\User Data\Default\3ec45980-cc25-4776-a6bf-a2512818b8b3.tmp,0.0599,8726460203.0,6.0,1327182832.0,0.9,0.8401,HIGH,Rule 1: Cross-artifact validation (LogFile + UsnJrnl),both,True,True,Time Reversal Event,Basic_Info_Changed,3,2,False,False
2023-12-23 00:17:50,206ac05d-35d4-4a41-b7c0-3fb6fa6a3995.tmp,\Users\blueangel\AppData\Local\Microsoft\Edge\User Data\Default\Network\206ac05d-35d4-4a41-b7c0-3fb6fa6a3995.tmp,0.03,8726474200.0,0.0,1327190312.0,0.9,0.87,HIGH,Rule 1: Cross-artifact validation (LogFile + UsnJrnl),both,True,True,Time Reversal Event,Basic_Info_Changed,3,2,False,False
2023-12-23 00:17:51,6dffa7f4-bf0c-435f-9017-6f7544adaa68.tmp,\Users\blueangel\AppData\Roaming\Evernote\Network\6dffa7f4-bf0c-435f-9017-6f7544adaa68.tmp,0.03,8726478692.0,4.0,1327193200.0,0.9,0.87,HIGH,Rule 1: Cross-artifact validation (LogFile + UsnJrnl),both,True,True,Time Reversal Event,Basic_Info_Changed,3,2,False,False
2023-12-23 00:17:51,crl-set,\Users\blueangel\AppData\Local\Microsoft\Edge\User Data\CertificateRevocation\6498.2023.8.1\crl-set,0.0799,8726481440.0,6.0,1327194848.0,0.9,0.8201,HIGH,Rule 1: Cross-artifact validation (LogFile + UsnJrnl),both,True,True,Time Reversal Event,File_Created / Basic_Info_Changed / Data_Added,3,2,True,False
2023-12-23 00:14:35,FolderProvider.dll,,0.1498,8715028863.0,0.0,1325661864.0,0.9,0.7502,HIGH,Rule 1: Cross-artifact validation (LogFile + UsnJrnl),both,True,True,Time Reversal Event,File_Created / Basic_Info_Changed / Data_Added / Data_Overwritten / Extended_Attr_Changed / Access_Right_Changed,3,2,False,False
2023-12-23 00:14:35,TransmogProvider.dll.mui,,0.1498,8715026857.0,4.0,1325660680.0,0.9,0.7502,HIGH,Rule 1: Cross-artifact validation (LogFile + UsnJrnl),both,True,True,Time Reversal Event,File_Created / Basic_Info_Changed / Data_Added / Data_Overwritten / Access_Right_Changed,3,2,False,False
2023-12-23 00:19:11,strings.json,\Users\blueangel\AppData\Local\Microsoft\Edge\User Data\Edge Wallet\120.16978.16963.8\json\i18n-notification\zh-Hans\strings.json,0.04,8728301370.0,4.0,1327723400.0,0.9,0.86,HIGH,Rule 1: Cross-artifact validation (LogFile + UsnJrnl),both,True,True,Time Reversal Event,File_Created / Basic_Info_Changed / Data_Added,3,2,True,False
2023-12-23 00:14:25,logo.scale-200.png,\Program Files (x86)\Dropbox\Client\PackageAssets\Assets\logo.scale-200.png,0.08,8714227356.0,2.0,1325260992.0,0.9,0.82,HIGH,Rule 1: Cross-artifact validation (LogFile + UsnJrnl),both,True,True,Time Reversal Event,Basic_Info_Changed,3,2,True,False
2023-12-23 00:14:25,logo.scale-125.png,\Program Files (x86)\Dropbox\Client\PackageAssets\Assets\logo.scale-125.png,0.07,8714225087.0,6.0,1325260032.0,0.9,0.83,HIGH,Rule 1: Cross-artifact validation (LogFile + UsnJrnl),both,True,True,Time Reversal Event,Basic_Info_Changed,3,2,True,False
2023-12-23 00:14:25,logo.scale-100.png,\Program Files (x86)\Dropbox\Client\PackageAssets\Assets\logo.scale-100.png,0.08,8714224287.0,4.0,1325259552.0,0.9,0.82,HIGH,Rule 1: Cross-artifact validation (LogFile + UsnJrnl),both,True,True,Time Reversal Event,Basic_Info_Changed,3,2,True,False
2023-12-23 00:14:25,logo.contrast-white_scale-400.png,\Program Files (x86)\Dropbox\Client\PackageAssets\Assets\logo.contrast-white_scale-400.png,0.07,8714223471.0,2.0,1325259008.0,0.9,0.83,HIGH,Rule 1: Cross-artifact validation (LogFile + UsnJrnl),both,True,True,Time Reversal Event,Basic_Info_Changed,3,2,True,False
2023-12-23 00:14:25,logo.contrast-white_scale-200.png,\Program Files (x86)\Dropbox\Client\PackageAssets\Assets\logo.contrast-white_scale-200.png,0.07,8714222643.0,0.0,1325258368.0,0.9,0.83,HIGH,Rule 1: Cross-artifact validation (LogFile + UsnJrnl),both,True,True,Time Reversal Event,Basic_Info_Changed,3,2,True,False
2023-12-23 00:14:25,logo.contrast-white_scale-150.png,\Program Files (x86)\Dropbox\Client\PackageAssets\Assets\logo.contrast-white_scale-150.png,0.06,8714221807.0,6.0,1325257728.0,0.9,0.84,HIGH,Rule 1: Cross-artifact validation (LogFile + UsnJrnl),both,True,True,Time Reversal Event,Basic_Info_Changed,3,2,True,False
2023-12-23 00:14:25,logo.contrast-white_scale-125.png,\Program Files (x86)\Dropbox\Client\PackageAssets\Assets\logo.contrast-white_scale-125.png,0.07,8714220971.0,4.0,1325257088.0,0.9,0.83,HIGH,Rule 1: Cross-artifact validation (LogFile + UsnJrnl),both,True,True,Time Reversal Event,Basic_Info_Changed,3,2,True,False
2023-12-23 00:14:25,logo.contrast-white_scale-100.png,\Program Files (x86)\Dropbox\Client\PackageAssets\Assets\logo.contrast-white_scale-100.png,0.07,8714220091.0,2.0,1325256368.0,0.9,0.83,HIGH,Rule 1: Cross-artifact validation (LogFile + UsnJrnl),both,True,True,Time Reversal Event,Basic_Info_Changed,3,2,True,False
2023-12-23 00:14:25,logo.contrast-white.png,\Program Files (x86)\Dropbox\Client\PackageAssets\Assets\logo.contrast-white.png,0.07,8714219256.0,0.0,1325255760.0,0.9,0.83,HIGH,Rule 1: Cross-artifact validation (LogFile + UsnJrnl),both,True,True,Time Reversal Event,Basic_Info_Changed,3,2,True,False
2023-12-23 00:14:25,logo.targetsize-60_altform-unplated_contrast-white.png,\Program Files (x86)\Dropbox\Client\PackageAssets\Assets\logo.targetsize-60_altform-unplated_contrast-white.png,0.05,8714280568.0,0.0,1325303928.0,0.9,0.85,HIGH,Rule 1: Cross-artifact validation (LogFile + UsnJrnl),both,True,True,Time Reversal Event,Basic_Info_Changed,3,2,True,False
2023-12-23 00:14:25,logo.targetsize-60_contrast-black.png,\Program Files (x86)\Dropbox\Client\PackageAssets\Assets\logo.targetsize-60_contrast-black.png,0.06,8714282007.0,2.0,1325304672.0,0.9,0.84,HIGH,Rule 1: Cross-artifact validation (LogFile + UsnJrnl),both,True,True,Time Reversal Event,Basic_Info_Changed,3,2,True,False
2023-12-23 00:14:25,logo.targetsize-60_altform-unplated_contrast-black.png,\Program Files (x86)\Dropbox\Client\PackageAssets\Assets\logo.targetsize-60_altform-unplated_contrast-black.png,0.05,8714279051.0,6.0,1325303088.0,0.9,0.85,HIGH,Rule 1: Cross-artifact validation (LogFile + UsnJrnl),both,True,True,Time Reversal Event,Basic_Info_Changed,3,2,True,False
2023-12-23 00:14:25,logo.targetsize-64.png,\Program Files (x86)\Dropbox\Client\PackageAssets\Assets\logo.targetsize-64.png,0.06,8714284328.0,6.0,1325305960.0,0.9,0.84,HIGH,Rule 1: Cross-artifact validation (LogFile + UsnJrnl),both,True,True,Time Reversal Event,Basic_Info_Changed,3,2,True,False
2023-12-23 00:14:25,StoreLogo.contrast-black_scale-150.png,\Program Files (x86)\Dropbox\Client\PackageAssets\Assets\StoreLogo.contrast-black_scale-150.png,0.05,8714307861.0,2.0,1325324824.0,0.9,0.85,HIGH,Rule 1: Cross-artifact validation (LogFile + UsnJrnl),both,True,True,Time Reversal Event,Basic_Info_Changed,3,2,True,False
2023-12-23 00:14:25,StoreLogo.contrast-black_scale-125.png,\Program Files (x86)\Dropbox\Client\PackageAssets\Assets\StoreLogo.contrast-black_scale-125.png,0.05,8714307018.0,0.0,1325324144.0,0.9,0.85,HIGH,Rule 1: Cross-artifact validation (LogFile + UsnJrnl),both,True,True,Time Reversal Event,Basic_Info_Changed,3,2,True,False
2023-12-23 00:14:25,StoreLogo.contrast-black_scale-100.png,\Program Files (x86)\Dropbox\Client\PackageAssets\Assets\StoreLogo.contrast-black_scale-100.png,0.05,8714305544.0,6.0,1325323464.0,0.9,0.85,HIGH,Rule 1: Cross-artifact validation (LogFile + UsnJrnl),both,True,True,Time Reversal Event,Basic_Info_Changed,3,2,True,False
2023-12-23 00:14:25,logo.targetsize-96_contrast-white.png,\Program Files (x86)\Dropbox\Client\PackageAssets\Assets\logo.targetsize-96_contrast-white.png,0.06,8714304701.0,4.0,1325322784.0,0.9,0.84,HIGH,Rule 1: Cross-artifact validation (LogFile + UsnJrnl),both,True,True,Time Reversal Event,Basic_Info_Changed,3,2,True,False
2023-12-23 00:14:25,logo.targetsize-96_contrast-black.png,\Program Files (x86)\Dropbox\Client\PackageAssets\Assets\logo.targetsize-96_contrast-black.png,0.06,8714303806.0,2.0,1325322016.0,0.9,0.84,HIGH,Rule 1: Cross-artifact validation (LogFile + UsnJrnl),both,True,True,Time Reversal Event,Basic_Info_Changed,3,2,True,False
2023-12-23 00:14:25,logo.targetsize-96_altform-unplated_contrast-white.png,\Program Files (x86)\Dropbox\Client\PackageAssets\Assets\logo.targetsize-96_altform-unplated_contrast-white.png,0.05,8714302955.0,0.0,1325321272.0,0.9,0.85,HIGH,Rule 1: Cross-artifact validation (LogFile + UsnJrnl),both,True,True,Time Reversal Event,Basic_Info_Changed,3,2,True,False
2023-12-23 00:14:25,logo.targetsize-96_altform-unplated_contrast-black.png,\Program Files (x86)\Dropbox\Client\PackageAssets\Assets\logo.targetsize-96_altform-unplated_contrast-black.png,0.05,8714302092.0,6.0,1325320432.0,0.9,0.85,HIGH,Rule 1: Cross-artifact validation (LogFile + UsnJrnl),both,True,True,Time Reversal Event,Basic_Info_Changed,3,2,True,False
2023-12-23 00:14:25,logo.targetsize-96_altform-unplated.png,\Program Files (x86)\Dropbox\Client\PackageAssets\Assets\logo.targetsize-96_altform-unplated.png,0.05,8714301227.0,4.0,1325319640.0,0.9,0.85,HIGH,Rule 1: Cross-artifact validation (LogFile + UsnJrnl),both,True,True,Time Reversal Event,Basic_Info_Changed,3,2,True,False
2023-12-23 00:14:25,logo.targetsize-96.png,\Program Files (x86)\Dropbox\Client\PackageAssets\Assets\logo.targetsize-96.png,0.07,8714300388.0,2.0,1325319000.0,0.9,0.83,HIGH,Rule 1: Cross-artifact validation (LogFile + UsnJrnl),both,True,True,Time Reversal Event,Basic_Info_Changed,3,2,True,False
2023-12-23 00:14:25,logo.targetsize-80_contrast-white.png,\Program Files (x86)\Dropbox\Client\PackageAssets\Assets\logo.targetsize-80_contrast-white.png,0.06,8714299570.0,0.0,1325318416.0,0.9,0.84,HIGH,Rule 1: Cross-artifact validation (LogFile + UsnJrnl),both,True,True,Time Reversal Event,Basic_Info_Changed,3,2,True,False
2023-12-23 00:14:25,logo.targetsize-80_contrast-black.png,\Program Files (x86)\Dropbox\Client\PackageAssets\Assets\logo.targetsize-80_contrast-black.png,0.05,8714298674.0,6.0,1325317648.0,0.9,0.85,HIGH,Rule 1: Cross-artifact validation (LogFile + UsnJrnl),both,True,True,Time Reversal Event,Basic_Info_Changed,3,2,True,False
2023-12-23 00:14:25,logo.targetsize-80_altform-unplated_contrast-white.png,\Program Files (x86)\Dropbox\Client\PackageAssets\Assets\logo.targetsize-80_altform-unplated_contrast-white.png,0.05,8714297820.0,4.0,1325316904.0,0.9,0.85,HIGH,Rule 1: Cross-artifact validation (LogFile + UsnJrnl),both,True,True,Time Reversal Event,Basic_Info_Changed,3,2,True,False
2023-12-23 00:14:25,logo.targetsize-80_altform-unplated_contrast-black.png,\Program Files (x86)\Dropbox\Client\PackageAssets\Assets\logo.targetsize-80_altform-unplated_contrast-black.png,0.05,8714296869.0,2.0,1325316064.0,0.9,0.85,HIGH,Rule 1: Cross-artifact validation (LogFile + UsnJrnl),both,True,True,Time Reversal Event,Basic_Info_Changed,3,2,True,False
2023-12-23 00:14:25,logo.targetsize-60_contrast-white.png,\Program Files (x86)\Dropbox\Client\PackageAssets\Assets\logo.targetsize-60_contrast-white.png,0.06,8714283455.0,4.0,1325305352.0,0.9,0.84,HIGH,Rule 1: Cross-artifact validation (LogFile + UsnJrnl),both,True,True,Time Reversal Event,Basic_Info_Changed,3,2,True,False
2023-12-23 00:14:25,logo.targetsize-72_altform-unplated_contrast-black.png,\Program Files (x86)\Dropbox\Client\PackageAssets\Assets\logo.targetsize-72_altform-unplated_contrast-black.png,0.05,8714291149.0,6.0,1325311696.0,0.9,0.85,HIGH,Rule 1: Cross-artifact validation (LogFile + UsnJrnl),both,True,True,Time Reversal Event,Basic_Info_Changed,3,2,True,False
2023-12-23 00:14:25,logo.targetsize-64_altform-unplated.png,\Program Files (x86)\Dropbox\Client\PackageAssets\Assets\logo.targetsize-64_altform-unplated.png,0.05,8714285166.0,0.0,1325306600.0,0.9,0.85,HIGH,Rule 1: Cross-artifact validation (LogFile + UsnJrnl),both,True,True,Time Reversal Event,Basic_Info_Changed,3,2,True,False
2023-12-23 00:14:25,logo.targetsize-80_altform-unplated.png,\Program Files (x86)\Dropbox\Client\PackageAssets\Assets\logo.targetsize-80_altform-unplated.png,0.05,8714296002.0,0.0,1325315272.0,0.9,0.85,HIGH,Rule 1: Cross-artifact validation (LogFile + UsnJrnl),both,True,True,Time Reversal Event,Basic_Info_Changed,3,2,True,False
2023-12-23 00:14:25,logo.scale-150.png,\Program Files (x86)\Dropbox\Client\PackageAssets\Assets\logo.scale-150.png,0.08,8714225895.0,0.0,1325260512.0,0.9,0.82,HIGH,Rule 1: Cross-artifact validation (LogFile + UsnJrnl),both,True,True,Time Reversal Event,Basic_Info_Changed,3,2,True,False
2023-12-23 00:14:25,logo.scale-400.png,\Program Files (x86)\Dropbox\Client\PackageAssets\Assets\logo.scale-400.png,0.08,8714228156.0,4.0,1325261472.0,0.9,0.82,HIGH,Rule 1: Cross-artifact validation (LogFile + UsnJrnl),both,True,True,Time Reversal Event,Basic_Info_Changed,3,2,True,False
2023-12-23 00:14:25,logo.targetsize-64_altform-unplated_contrast-black.png,\Program Files (x86)\Dropbox\Client\PackageAssets\Assets\logo.targetsize-64_altform-unplated_contrast-black.png,0.05,8714286023.0,2.0,1325307392.0,0.9,0.85,HIGH,Rule 1: Cross-artifact validation (LogFile + UsnJrnl),both,True,True,Time Reversal Event,Basic_Info_Changed,3,2,True,False
2023-12-23 00:14:25,logo.targetsize-40_altform-unplated_contrast-black.png,\Program Files (x86)\Dropbox\Client\PackageAssets\Assets\logo.targetsize-40_altform-unplated_contrast-black.png,0.05,8714268145.0,6.0,1325294360.0,0.9,0.85,HIGH,Rule 1: Cross-artifact validation (LogFile + UsnJrnl),both,True,True,Time Reversal Event,Basic_Info_Changed,3,2,True,False
2023-12-23 00:14:25,DropboxExt.69.0.dll,\Program Files (x86)\Dropbox\Client\PackageAssets\DropboxExt.69.0.dll,0.0699,8714350437.0,0.0,1325355112.0,0.9,0.8301,HIGH,Rule 1: Cross-artifact validation (LogFile + UsnJrnl),both,True,True,Time Reversal Event,Basic_Info_Changed,3,2,True,False
2023-12-23 00:14:25,TinyTile.scale-400.png,\Program Files (x86)\Dropbox\Client\PackageAssets\Assets\TinyTile.scale-400.png,0.06,8714348802.0,6.0,1325354120.0,0.9,0.84,HIGH,Rule 1: Cross-artifact validation (LogFile + UsnJrnl),both,True,True,Time Reversal Event,Basic_Info_Changed,3,2,True,False
2023-12-23 00:14:25,TinyTile.scale-200.png,\Program Files (x86)\Dropbox\Client\PackageAssets\Assets\TinyTile.scale-200.png,0.07,8714347981.0,4.0,1325353600.0,0.9,0.83,HIGH,Rule 1: Cross-artifact validation (LogFile + UsnJrnl),both,True,True,Time Reversal Event,Basic_Info_Changed,3,2,True,False
2023-12-23 00:14:25,TinyTile.scale-150.png,\Program Files (x86)\Dropbox\Client\PackageAssets\Assets\TinyTile.scale-150.png,0.07,8714347174.0,2.0,1325353080.0,0.9,0.83,HIGH,Rule 1: Cross-artifact validation (LogFile + UsnJrnl),both,True,True,Time Reversal Event,Basic_Info_Changed,3,2,True,False
2023-12-23 00:14:25,TinyTile.scale-125.png,\Program Files (x86)\Dropbox\Client\PackageAssets\Assets\TinyTile.scale-125.png,0.07,8714346359.0,0.0,1325352560.0,0.9,0.83,HIGH,Rule 1: Cross-artifact validation (LogFile + UsnJrnl),both,True,True,Time Reversal Event,Basic_Info_Changed,3,2,True,False
2023-12-23 00:14:25,TinyTile.scale-100.png,\Program Files (x86)\Dropbox\Client\PackageAssets\Assets\TinyTile.scale-100.png,0.06,8714345552.0,6.0,1325352040.0,0.9,0.84,HIGH,Rule 1: Cross-artifact validation (LogFile + UsnJrnl),both,True,True,Time Reversal Event,Basic_Info_Changed,3,2,True,False
2023-12-23 00:14:25,TinyTile.contrast-white_scale-400.png,\Program Files (x86)\Dropbox\Client\PackageAssets\Assets\TinyTile.contrast-white_scale-400.png,0.06,8714344724.0,4.0,1325351456.0,0.9,0.84,HIGH,Rule 1: Cross-artifact validation (LogFile + UsnJrnl),both,True,True,Time Reversal Event,Basic_Info_Changed,3,2,True,False
2023-12-23 00:14:25,TinyTile.contrast-white_scale-200.png,\Program Files (x86)\Dropbox\Client\PackageAssets\Assets\TinyTile.contrast-white_scale-200.png,0.06,8714343828.0,2.0,1325350680.0,0.9,0.84,HIGH,Rule 1: Cross-artifact validation (LogFile + UsnJrnl),both,True,True,Time Reversal Event,Basic_Info_Changed,3,2,True,False
2023-12-23 00:14:25,TinyTile.contrast-white_scale-150.png,\Program Files (x86)\Dropbox\Client\PackageAssets\Assets\TinyTile.contrast-white_scale-150.png,0.06,8714342993.0,0.0,1325350000.0,0.9,0.84,HIGH,Rule 1: Cross-artifact validation (LogFile + UsnJrnl),both,True,True,Time Reversal Event,Basic_Info_Changed,3,2,True,False
2023-12-23 00:14:25,TinyTile.contrast-white_scale-125.png,\Program Files (x86)\Dropbox\Client\PackageAssets\Assets\TinyTile.contrast-white_scale-125.png,0.05,8714342150.0,6.0,1325349320.0,0.9,0.85,HIGH,Rule 1: Cross-artifact validation (LogFile + UsnJrnl),both,True,True,Time Reversal Event,Basic_Info_Changed,3,2,True,False
2023-12-23 00:14:25,TinyTile.contrast-white_scale-100.png,\Program Files (x86)\Dropbox\Client\PackageAssets\Assets\TinyTile.contrast-white_scale-100.png,0.06,8714341301.0,4.0,1325348640.0,0.9,0.84,HIGH,Rule 1: Cross-artifact validation (LogFile + UsnJrnl),both,True,True,Time Reversal Event,Basic_Info_Changed,3,2,True,False
2023-12-23 00:14:25,TinyTile.contrast-white.png,\Program Files (x86)\Dropbox\Client\PackageAssets\Assets\TinyTile.contrast-white.png,0.07,8714339828.0,2.0,1325347992.0,0.9,0.83,HIGH,Rule 1: Cross-artifact validation (LogFile + UsnJrnl),both,True,True,Time Reversal Event,Basic_Info_Changed,3,2,True,False
2023-12-23 00:14:25,resources.pri,\Program Files (x86)\Dropbox\Client\PackageAssets\resources.pri,0.0899,8714352072.0,4.0,1325356104.0,0.9,0.8101,HIGH,Rule 1: Cross-artifact validation (LogFile + UsnJrnl),both,True,True,Time Reversal Event,Basic_Info_Changed,3,2,True,False
2023-12-23 00:14:25,logo.contrast-black_scale-200.png,\Program Files (x86)\Dropbox\Client\PackageAssets\Assets\logo.contrast-black_scale-200.png,0.07,8714217599.0,4.0,1325254528.0,0.9,0.83,HIGH,Rule 1: Cross-artifact validation (LogFile + UsnJrnl),both,True,True,Time Reversal Event,Basic_Info_Changed,3,2,True,False
2023-12-23 00:14:25,StoreLogo.contrast-white_scale-100.png,\Program Files (x86)\Dropbox\Client\PackageAssets\Assets\StoreLogo.contrast-white_scale-100.png,0.05,8714310435.0,0.0,1325326880.0,0.9,0.85,HIGH,Rule 1: Cross-artifact validation (LogFile + UsnJrnl),both,True,True,Time Reversal Event,Basic_Info_Changed,3,2,True,False
2023-12-23 00:14:25,StoreLogo.contrast-black_scale-200.png,\Program Files (x86)\Dropbox\Client\PackageAssets\Assets\StoreLogo.contrast-black_scale-200.png,0.05,8714308708.0,4.0,1325325504.0,0.9,0.85,HIGH,Rule 1: Cross-artifact validation (LogFile + UsnJrnl),both,True,True,Time Reversal Event,Basic_Info_Changed,3,2,True,False
2023-12-23 00:14:25,StoreLogo.contrast-black_scale-400.png,\Program Files (x86)\Dropbox\Client\PackageAssets\Assets\StoreLogo.contrast-black_scale-400.png,0.05,8714309543.0,6.0,1325326184.0,0.9,0.85,HIGH,Rule 1: Cross-artifact validation (LogFile + UsnJrnl),both,True,True,Time Reversal Event,Basic_Info_Changed,3,2,True,False
2023-12-23 00:14:25,logo.targetsize-60_altform-unplated.png,\Program Files (x86)\Dropbox\Client\PackageAssets\Assets\logo.targetsize-60_altform-unplated.png,0.05,8714278185.0,4.0,1325302296.0,0.9,0.85,HIGH,Rule 1: Cross-artifact validation (LogFile + UsnJrnl),both,True,True,Time Reversal Event,Basic_Info_Changed,3,2,True,False
2023-12-23 00:14:25,logo.targetsize-60.png,\Program Files (x86)\Dropbox\Client\PackageAssets\Assets\logo.targetsize-60.png,0.07,8714277298.0,2.0,1325301592.0,0.9,0.83,HIGH,Rule 1: Cross-artifact validation (LogFile + UsnJrnl),both,True,True,Time Reversal Event,Basic_Info_Changed,3,2,True,False
2023-12-23 00:14:25,logo.targetsize-48_contrast-white.png,\Program Files (x86)\Dropbox\Client\PackageAssets\Assets\logo.targetsize-48_contrast-white.png,0.06,8714276483.0,0.0,1325301008.0,0.9,0.84,HIGH,Rule 1: Cross-artifact validation (LogFile + UsnJrnl),both,True,True,Time Reversal Event,Basic_Info_Changed,3,2,True,False
2023-12-23 00:14:25,logo.targetsize-48_contrast-black.png,\Program Files (x86)\Dropbox\Client\PackageAssets\Assets\logo.targetsize-48_contrast-black.png,0.05,8714275640.0,6.0,1325300328.0,0.9,0.85,HIGH,Rule 1: Cross-artifact validation (LogFile + UsnJrnl),both,True,True,Time Reversal Event,Basic_Info_Changed,3,2,True,False
2023-12-23 00:14:25,logo.targetsize-48_altform-unplated_contrast-white.png,\Program Files (x86)\Dropbox\Client\PackageAssets\Assets\logo.targetsize-48_altform-unplated_contrast-white.png,0.05,8714274784.0,4.0,1325299584.0,0.9,0.85,HIGH,Rule 1: Cross-artifact validation (LogFile + UsnJrnl),both,True,True,Time Reversal Event,Basic_Info_Changed,3,2,True,False
2023-12-23 00:14:25,logo.targetsize-48_altform-unplated_contrast-black.png,\Program Files (x86)\Dropbox\Client\PackageAssets\Assets\logo.targetsize-48_altform-unplated_contrast-black.png,0.05,8714273921.0,2.0,1325298744.0,0.9,0.85,HIGH,Rule 1: Cross-artifact validation (LogFile + UsnJrnl),both,True,True,Time Reversal Event,Basic_Info_Changed,3,2,True,False
2023-12-23 00:14:25,logo.targetsize-48_altform-unplated.png,\Program Files (x86)\Dropbox\Client\PackageAssets\Assets\logo.targetsize-48_altform-unplated.png,0.05,8714273056.0,0.0,1325297952.0,0.9,0.85,HIGH,Rule 1: Cross-artifact validation (LogFile + UsnJrnl),both,True,True,Time Reversal Event,Basic_Info_Changed,3,2,True,False
2023-12-23 00:14:25,logo.targetsize-48.png,\Program Files (x86)\Dropbox\Client\PackageAssets\Assets\logo.targetsize-48.png,0.06,8714272162.0,6.0,1325297208.0,0.9,0.84,HIGH,Rule 1: Cross-artifact validation (LogFile + UsnJrnl),both,True,True,Time Reversal Event,Basic_Info_Changed,3,2,True,False
2023-12-23 00:14:25,logo.targetsize-40_contrast-white.png,\Program Files (x86)\Dropbox\Client\PackageAssets\Assets\logo.targetsize-40_contrast-white.png,0.06,8714271346.0,4.0,1325296624.0,0.9,0.84,HIGH,Rule 1: Cross-artifact validation (LogFile + UsnJrnl),both,True,True,Time Reversal Event,Basic_Info_Changed,3,2,True,False
2023-12-23 00:14:25,logo.targetsize-40_contrast-black.png,\Program Files (x86)\Dropbox\Client\PackageAssets\Assets\logo.targetsize-40_contrast-black.png,0.06,8714270484.0,2.0,1325295944.0,0.9,0.84,HIGH,Rule 1: Cross-artifact validation (LogFile + UsnJrnl),both,True,True,Time Reversal Event,Basic_Info_Changed,3,2,True,False
2023-12-23 00:14:25,logo.targetsize-40_altform-unplated_contrast-white.png,\Program Files (x86)\Dropbox\Client\PackageAssets\Assets\logo.targetsize-40_altform-unplated_contrast-white.png,0.05,8714269016.0,0.0,1325295200.0,0.9,0.85,HIGH,Rule 1: Cross-artifact validation (LogFile + UsnJrnl),both,True,True,Time Reversal Event,Basic_Info_Changed,3,2,True,False
2023-12-23 00:14:25,logo.targetsize-16.png,\Program Files (x86)\Dropbox\Client\PackageAssets\Assets\logo.targetsize-16.png,0.06,8714228880.0,6.0,1325261976.0,0.9,0.84,HIGH,Rule 1: Cross-artifact validation (LogFile + UsnJrnl),both,True,True,Time Reversal Event,Basic_Info_Changed,3,2,True,False
2023-12-23 00:14:25,logo.targetsize-80.png,\Program Files (x86)\Dropbox\Client\PackageAssets\Assets\logo.targetsize-80.png,0.06,8714294586.0,6.0,1325314632.0,0.9,0.84,HIGH,Rule 1: Cross-artifact validation (LogFile + UsnJrnl),both,True,True,Time Reversal Event,Basic_Info_Changed,3,2,True,False
2023-12-23 00:14:25,logo.targetsize-72_contrast-white.png,\Program Files (x86)\Dropbox\Client\PackageAssets\Assets\logo.targetsize-72_contrast-white.png,0.06,8714293711.0,4.0,1325314048.0,0.9,0.84,HIGH,Rule 1: Cross-artifact validation (LogFile + UsnJrnl),both,True,True,Time Reversal Event,Basic_Info_Changed,3,2,True,False
2023-12-23 00:14:35,SysprepProvider.dll.mui,,0.1498,8715025976.0,2.0,1325660008.0,0.9,0.7502,HIGH,Rule 1: Cross-artifact validation (LogFile + UsnJrnl),both,True,True,Time Reversal Event,File_Created / Basic_Info_Changed / Data_Added / Data_Overwritten / Access_Right_Changed,3,2,False,False
2023-12-23 00:14:35,WimProvider.dll.mui,,0.1498,8715061522.0,4.0,1325682216.0,0.9,0.7502,HIGH,Rule 1: Cross-artifact validation (LogFile + UsnJrnl),both,True,True,Time Reversal Event,File_Created / Basic_Info_Changed / Data_Added / Data_Overwritten / Access_Right_Changed,3,2,False,False
2023-12-23 00:14:35,MsiProvider.dll,,0.1698,8715063574.0,0.0,1325683456.0,0.9,0.7302,HIGH,Rule 1: Cross-artifact validation (LogFile + UsnJrnl),both,True,True,Time Reversal Event,File_Created / Basic_Info_Changed / Data_Added / Data_Overwritten / Extended_Attr_Changed / Access_Right_Changed,3,2,False,False
2023-12-23 00:14:35,OfflineSetupProvider.dll,,0.1498,8715064554.0,2.0,1325684096.0,0.9,0.7502,HIGH,Rule 1: Cross-artifact validation (LogFile + UsnJrnl),both,True,True,Time Reversal Event,File_Created / Basic_Info_Changed / Data_Added / Data_Overwritten / Extended_Attr_Changed / Access_Right_Changed,3,2,False,False
2023-12-23 00:14:35,OSProvider.dll,,0.1698,8715065521.0,4.0,1325684672.0,0.9,0.7302,HIGH,Rule 1: Cross-artifact validation (LogFile + UsnJrnl),both,True,True,Time Reversal Event,File_Created / Basic_Info_Changed / Data_Added / Data_Overwritten / Extended_Attr_Changed / Access_Right_Changed,3,2,False,False
2023-12-23 00:14:35,SetupPlatformProvider.dll,,0.1498,8715068130.0,0.0,1325685872.0,0.9,0.7502,HIGH,Rule 1: Cross-artifact validation (LogFile + UsnJrnl),both,True,True,Time Reversal Event,File_Created / Basic_Info_Changed / Data_Added / Data_Overwritten / Extended_Attr_Changed / Access_Right_Changed,3,2,False,False
2023-12-23 00:14:35,SmiProvider.dll,,0.1698,8715069099.0,2.0,1325686480.0,0.9,0.7302,HIGH,Rule 1: Cross-artifact validation (LogFile + UsnJrnl),both,True,True,Time Reversal Event,File_Created / Basic_Info_Changed / Data_Added / Data_Overwritten / Extended_Attr_Changed / Access_Right_Changed,3,2,False,False
2023-12-23 00:14:35,SysprepProvider.dll,,0.1498,8715070116.0,4.0,1325687096.0,0.9,0.7502,HIGH,Rule 1: Cross-artifact validation (LogFile + UsnJrnl),both,True,True,Time Reversal Event,File_Created / Basic_Info_Changed / Data_Added / Data_Overwritten / Extended_Attr_Changed / Access_Right_Changed,3,2,False,False
2023-12-23 00:14:35,TransmogProvider.dll,,0.1398,8715071104.0,6.0,1325687720.0,0.9,0.7602,HIGH,Rule 1: Cross-artifact validation (LogFile + UsnJrnl),both,True,True,Time Reversal Event,File_Created / Basic_Info_Changed / Data_Added / Data_Overwritten / Extended_Attr_Changed / Access_Right_Changed,3,2,False,False
2023-12-23 00:14:35,UnattendProvider.dll,,0.1498,8715072081.0,0.0,1325688344.0,0.9,0.7502,HIGH,Rule 1: Cross-artifact validation (LogFile + UsnJrnl),both,True,True,Time Reversal Event,File_Created / Basic_Info_Changed / Data_Added / Data_Overwritten / Extended_Attr_Changed / Access_Right_Changed,3,2,False,False
2023-12-23 00:14:35,VhdProvider.dll,,0.1698,8715073045.0,2.0,1325688936.0,0.9,0.7302,HIGH,Rule 1: Cross-artifact validation (LogFile + UsnJrnl),both,True,True,Time Reversal Event,File_Created / Basic_Info_Changed / Data_Added / Data_Overwritten / Extended_Attr_Changed / Access_Right_Changed,3,2,False,False
2023-12-23 00:14:35,DismCore.dll.mui,,0.1698,8715036970.0,2.0,1325655544.0,0.9,0.7302,HIGH,Rule 1: Cross-artifact validation (LogFile + UsnJrnl),both,True,True,Time Reversal Event,File_Created / Basic_Info_Changed / Data_Added / Data_Overwritten / Access_Right_Changed,3,2,False,False
2023-12-23 00:14:35,CbsProvider.dll.mui,,0.1498,8715036079.0,0.0,1325666408.0,0.9,0.7502,HIGH,Rule 1: Cross-artifact validation (LogFile + UsnJrnl),both,True,True,Time Reversal Event,File_Created / Basic_Info_Changed / Data_Added / Data_Overwritten / Access_Right_Changed,3,2,False,False
2023-12-23 00:14:35,ProvProvider.dll,,0.1598,8715067138.0,6.0,1325685232.0,0.9,0.7402,HIGH,Rule 1: Cross-artifact validation (LogFile + UsnJrnl),both,True,True,Time Reversal Event,File_Created / Basic_Info_Changed / Data_Added / Data_Overwritten / Extended_Attr_Changed / Access_Right_Changed,3,2,False,False
2023-12-23 00:14:35,AppxProvider.dll.mui,,0.1398,8715033977.0,6.0,1325654328.0,0.9,0.7602,HIGH,Rule 1: Cross-artifact validation (LogFile + UsnJrnl),both,True,True,Time Reversal Event,File_Created / Basic_Info_Changed / Data_Added / Data_Overwritten / Access_Right_Changed,3,2,False,False
2023-12-23 00:14:35,AssocProvider.dll.mui,,0.1398,8715034858.0,6.0,1325654952.0,0.9,0.7602,HIGH,Rule 1: Cross-artifact validation (LogFile + UsnJrnl),both,True,True,Time Reversal Event,File_Created / Basic_Info_Changed / Data_Added / Data_Overwritten / Access_Right_Changed,3,2,False,False
2023-12-23 00:14:35,AssocProvider.dll,,0.1498,8715010353.0,0.0,1325650304.0,0.9,0.7502,HIGH,Rule 1: Cross-artifact validation (LogFile + UsnJrnl),both,True,True,Time Reversal Event,File_Created / Basic_Info_Changed / Data_Added / Data_Overwritten / Extended_Attr_Changed / Access_Right_Changed,3,2,False,False
2023-12-23 00:14:35,CbsProvider.dll,,0.1698,8715011592.0,2.0,1325650880.0,0.9,0.7302,HIGH,Rule 1: Cross-artifact validation (LogFile + UsnJrnl),both,True,True,Time Reversal Event,File_Created / Basic_Info_Changed / Data_Added / Data_Overwritten / Extended_Attr_Changed / Access_Right_Changed,3,2,False,False
2023-12-23 00:14:35,DismCore.dll,,0.1698,8715012497.0,4.0,1325651424.0,0.9,0.7302,HIGH,Rule 1: Cross-artifact validation (LogFile + UsnJrnl),both,True,True,Time Reversal Event,File_Created / Basic_Info_Changed / Data_Added / Data_Overwritten / Extended_Attr_Changed / Access_Right_Changed,3,2,False,False
2023-12-23 00:14:35,DismCorePS.dll,,0.1598,8715013428.0,6.0,1325651952.0,0.9,0.7402,HIGH,Rule 1: Cross-artifact validation (LogFile + UsnJrnl),both,True,True,Time Reversal Event,File_Created / Basic_Info_Changed / Data_Added / Data_Overwritten / Extended_Attr_Changed / Access_Right_Changed,3,2,False,False
2023-12-23 00:14:35,DismHost.exe,,0.1698,8715014323.0,0.0,1325652480.0,0.9,0.7302,HIGH,Rule 1: Cross-artifact validation (LogFile + UsnJrnl),both,True,True,Time Reversal Event,File_Created / Basic_Info_Changed / Data_Added / Data_Overwritten / Extended_Attr_Changed / Access_Right_Changed,3,2,False,False
2023-12-23 00:14:35,DismProv.dll,,0.1698,8715015189.0,0.0,1325653008.0,0.9,0.7302,HIGH,Rule 1: Cross-artifact validation (LogFile + UsnJrnl),both,True,True,Time Reversal Event,File_Created / Basic_Info_Changed / Data_Added / Data_Overwritten / Extended_Attr_Changed / Access_Right_Changed,3,2,False,False
2023-12-23 00:14:35,DmiProvider.dll,,0.1698,8715016116.0,2.0,1325653568.0,0.9,0.7302,HIGH,Rule 1: Cross-artifact validation (LogFile + UsnJrnl),both,True,True,Time Reversal Event,File_Created / Basic_Info_Changed / Data_Added / Data_Overwritten / Extended_Attr_Changed / Access_Right_Changed,3,2,False,False
2023-12-23 00:14:35,AppxProvider.dll.mui,,0.1398,8715017405.0,6.0,1325654328.0,0.9,0.7602,HIGH,Rule 1: Cross-artifact validation (LogFile + UsnJrnl),both,True,True,Time Reversal Event,File_Created / Basic_Info_Changed / Data_Added / Data_Overwritten / Access_Right_Changed,3,2,False,False
2023-12-23 00:14:35,AssocProvider.dll.mui,,0.1498,8715018286.0,0.0,1325654952.0,0.9,0.7502,HIGH,Rule 1: Cross-artifact validation (LogFile + UsnJrnl),both,True,True,Time Reversal Event,File_Created / Basic_Info_Changed / Data_Added / Data_Overwritten / Access_Right_Changed,3,2,False,False
2023-12-23 00:14:35,DismCore.dll.mui,,0.1698,8715019458.0,2.0,1325655544.0,0.9,0.7302,HIGH,Rule 1: Cross-artifact validation (LogFile + UsnJrnl),both,True,True,Time Reversal Event,File_Created / Basic_Info_Changed / Data_Added / Data_Overwritten / Access_Right_Changed,3,2,False,False
2023-12-23 00:14:35,FolderProvider.dll.mui,,0.1498,8715021368.0,0.0,1325656728.0,0.9,0.7502,HIGH,Rule 1: Cross-artifact validation (LogFile + UsnJrnl),both,True,True,Time Reversal Event,File_Created / Basic_Info_Changed / Data_Added / Data_Overwritten / Access_Right_Changed,3,2,False,False
2023-12-23 00:14:35,DismProv.dll.mui,,0.1598,8715020404.0,6.0,1325656120.0,0.9,0.7402,HIGH,Rule 1: Cross-artifact validation (LogFile + UsnJrnl),both,True,True,Time Reversal Event,File_Created / Basic_Info_Changed / Data_Added / Data_Overwritten / Access_Right_Changed,3,2,False,False
2023-12-23 00:14:35,LogProvider.dll.mui,,0.1498,8715023192.0,4.0,1325657976.0,0.9,0.7502,HIGH,Rule 1: Cross-artifact validation (LogFile + UsnJrnl),both,True,True,Time Reversal Event,File_Created / Basic_Info_Changed / Data_Added / Data_Overwritten / Access_Right_Changed,3,2,False,False
2023-12-23 00:14:35,MsiProvider.dll.mui,,0.1398,8715024120.0,6.0,1325658632.0,0.9,0.7602,HIGH,Rule 1: Cross-artifact validation (LogFile + UsnJrnl),both,True,True,Time Reversal Event,File_Created / Basic_Info_Changed / Data_Added / Data_Overwritten / Access_Right_Changed,3,2,False,False
2023-12-23 00:14:35,SetupPlatformProvider.dll.mui,,0.1498,8715025018.0,0.0,1325659320.0,0.9,0.7502,HIGH,Rule 1: Cross-artifact validation (LogFile + UsnJrnl),both,True,True,Time Reversal Event,File_Created / Basic_Info_Changed / Data_Added / Data_Overwritten / Access_Right_Changed,3,2,False,False
2023-12-23 00:14:35,LogProvider.dll,,0.1598,8715062612.0,6.0,1325682880.0,0.9,0.7402,HIGH,Rule 1: Cross-artifact validation (LogFile + UsnJrnl),both,True,True,Time Reversal Event,File_Created / Basic_Info_Changed / Data_Added / Data_Overwritten / Extended_Attr_Changed / Access_Right_Changed,3,2,False,False
2023-12-23 00:14:35,VhdProvider.dll.mui,,0.1498,8715060627.0,2.0,1325681592.0,0.9,0.7502,HIGH,Rule 1: Cross-artifact validation (LogFile + UsnJrnl),both,True,True,Time Reversal Event,File_Created / Basic_Info_Changed / Data_Added / Data_Overwritten / Access_Right_Changed,3,2,False,False
2023-12-23 00:14:25,logo.targetsize-72_contrast-black.png,\Program Files (x86)\Dropbox\Client\PackageAssets\Assets\logo.targetsize-72_contrast-black.png,0.06,8714292876.0,2.0,1325313280.0,0.9,0.84,HIGH,Rule 1: Cross-artifact validation (LogFile + UsnJrnl),both,True,True,Time Reversal Event,Basic_Info_Changed,3,2,True,False
2023-12-23 00:14:35,UnattendProvider.dll.mui,,0.1398,8715059703.0,6.0,1325680952.0,0.9,0.7602,HIGH,Rule 1: Cross-artifact validation (LogFile + UsnJrnl),both,True,True,Time Reversal Event,File_Created / Basic_Info_Changed / Data_Added / Data_Overwritten / Access_Right_Changed,3,2,False,False
2023-12-23 00:14:25,logo.targetsize-72_altform-unplated_contrast-white.png,\Program Files (x86)\Dropbox\Client\PackageAssets\Assets\logo.targetsize-72_altform-unplated_contrast-white.png,0.05,8714292025.0,0.0,1325312536.0,0.9,0.85,HIGH,Rule 1: Cross-artifact validation (LogFile + UsnJrnl),both,True,True,Time Reversal Event,Basic_Info_Changed,3,2,True,False
2023-12-23 00:14:25,logo.targetsize-64_altform-unplated_contrast-white.png,\Program Files (x86)\Dropbox\Client\PackageAssets\Assets\logo.targetsize-64_altform-unplated_contrast-white.png,0.05,8714286894.0,4.0,1325308232.0,0.9,0.85,HIGH,Rule 1: Cross-artifact validation (LogFile + UsnJrnl),both,True,True,Time Reversal Event,Basic_Info_Changed,3,2,True,False
2023-12-23 00:14:25,logo.targetsize-72_altform-unplated.png,\Program Files (x86)\Dropbox\Client\PackageAssets\Assets\logo.targetsize-72_altform-unplated.png,0.05,8714290292.0,4.0,1325310904.0,0.9,0.85,HIGH,Rule 1: Cross-artifact validation (LogFile + UsnJrnl),both,True,True,Time Reversal Event,Basic_Info_Changed,3,2,True,False
2023-12-23 00:14:25,logo.targetsize-72.png,\Program Files (x86)\Dropbox\Client\PackageAssets\Assets\logo.targetsize-72.png,0.07,8714289454.0,2.0,1325310264.0,0.9,0.83,HIGH,Rule 1: Cross-artifact validation (LogFile + UsnJrnl),both,True,True,Time Reversal Event,Basic_Info_Changed,3,2,True,False
2023-12-23 00:14:25,logo.targetsize-64_contrast-white.png,\Program Files (x86)\Dropbox\Client\PackageAssets\Assets\logo.targetsize-64_contrast-white.png,0.06,8714288580.0,0.0,1325309656.0,0.9,0.84,HIGH,Rule 1: Cross-artifact validation (LogFile + UsnJrnl),both,True,True,Time Reversal Event,Basic_Info_Changed,3,2,True,False
2023-12-23 00:14:25,logo.targetsize-64_contrast-black.png,\Program Files (x86)\Dropbox\Client\PackageAssets\Assets\logo.targetsize-64_contrast-black.png,0.05,8714287745.0,6.0,1325308976.0,0.9,0.85,HIGH,Rule 1: Cross-artifact validation (LogFile + UsnJrnl),both,True,True,Time Reversal Event,Basic_Info_Changed,3,2,True,False
2023-12-23 00:14:23,nl.pak,\Program Files (x86)\Dropbox\Client\189.4.8395\locales\nl.pak,0.1199,8713875267.0,0.0,1325070376.0,0.9,0.7801,HIGH,Rule 1: Cross-artifact validation (LogFile + UsnJrnl),both,True,True,Time Reversal Event,Basic_Info_Changed,3,2,True,False
2023-12-23 00:14:29,OLDE97E.tmp,\Windows\Temp\OLDE97E.tmp,0.1698,8714736648.0,4.0,1325523208.0,0.9,0.7302,HIGH,Rule 1: Cross-artifact validation (LogFile + UsnJrnl),both,True,True,Time Reversal Event,Basic_Info_Changed,3,2,True,False
2023-12-23 00:14:29,SETE96E.tmp,\Windows\System32\drivers\SETE96E.tmp,0.0898,8714734152.0,4.0,1325521400.0,0.9,0.8102,HIGH,Rule 1: Cross-artifact validation (LogFile + UsnJrnl),both,True,True,Time Reversal Event,Basic_Info_Changed,3,2,True,False
2023-12-23 00:14:29,SETE96E.tmp,\Windows\System32\drivers\SETE96E.tmp,0.0998,8714733855.0,4.0,1325521400.0,0.9,0.8002,HIGH,Rule 1: Cross-artifact validation (LogFile + UsnJrnl),both,True,True,Time Reversal Event,Basic_Info_Changed,3,2,True,False
2023-12-23 00:14:29,OLDE96E.tmp,\Windows\Temp\OLDE96E.tmp,0.1698,8714732552.0,0.0,1325520608.0,0.9,0.7302,HIGH,Rule 1: Cross-artifact validation (LogFile + UsnJrnl),both,True,True,Time Reversal Event,Basic_Info_Changed,3,2,True,False
2023-12-23 00:14:29,SETE96D.tmp,\Windows\System32\drivers\SETE96D.tmp,0.0898,8714730302.0,4.0,1325518848.0,0.9,0.8102,HIGH,Rule 1: Cross-artifact validation (LogFile + UsnJrnl),both,True,True,Time Reversal Event,Basic_Info_Changed,3,2,True,False
2023-12-23 00:14:29,SETE96D.tmp,\Windows\System32\drivers\SETE96D.tmp,0.0998,8714730013.0,4.0,1325518848.0,0.9,0.8002,HIGH,Rule 1: Cross-artifact validation (LogFile + UsnJrnl),both,True,True,Time Reversal Event,Basic_Info_Changed,3,2,True,False
2023-12-23 00:14:29,OLDE96D.tmp,\Windows\Temp\OLDE96D.tmp,0.1598,8714728680.0,6.0,1325517992.0,0.9,0.7402,HIGH,Rule 1: Cross-artifact validation (LogFile + UsnJrnl),both,True,True,Time Reversal Event,Basic_Info_Changed,3,2,True,False
2023-12-23 00:14:29,SETE95C.tmp,\Windows\System32\drivers\SETE95C.tmp,0.0898,8714726227.0,2.0,1325516232.0,0.9,0.8102,HIGH,Rule 1: Cross-artifact validation (LogFile + UsnJrnl),both,True,True,Time Reversal Event,Basic_Info_Changed,3,2,True,False
2023-12-23 00:14:29,SETE95C.tmp,\Windows\System32\drivers\SETE95C.tmp,0.0998,8714725938.0,2.0,1325516232.0,0.9,0.8002,HIGH,Rule 1: Cross-artifact validation (LogFile + UsnJrnl),both,True,True,Time Reversal Event,Basic_Info_Changed,3,2,True,False
2023-12-23 00:14:29,OLDE95C.tmp,\Windows\Temp\OLDE95C.tmp,0.1698,8714724635.0,4.0,1325515440.0,0.9,0.7302,HIGH,Rule 1: Cross-artifact validation (LogFile + UsnJrnl),both,True,True,Time Reversal Event,Basic_Info_Changed,3,2,True,False
2023-12-23 00:14:32,settings.dat,\Users\blueangel\AppData\Local\Packages\DropboxInc.Dropbox_wkt425jdc3sga\Settings\settings.dat,0.06,8714943655.0,0.0,1325625168.0,0.9,0.84,HIGH,Rule 1: Cross-artifact validation (LogFile + UsnJrnl),both,True,True,Time Reversal Event,File_Created / Basic_Info_Changed / Data_Added / Data_Overwritten / Access_Right_Changed,3,2,False,False
2023-12-23 00:14:35,AppxProvider.dll,,0.1698,8715009340.0,4.0,1325649704.0,0.9,0.7302,HIGH,Rule 1: Cross-artifact validation (LogFile + UsnJrnl),both,True,True,Time Reversal Event,File_Created / Basic_Info_Changed / Data_Added / Data_Overwritten / Extended_Attr_Changed / Access_Right_Changed,3,2,False,False
2023-12-23 00:14:35,DismProv.dll.mui,,0.1698,8715037955.0,4.0,1325656120.0,0.9,0.7302,HIGH,Rule 1: Cross-artifact validation (LogFile + UsnJrnl),both,True,True,Time Reversal Event,File_Created / Basic_Info_Changed / Data_Added / Data_Overwritten / Access_Right_Changed,3,2,False,False
2023-12-23 00:14:35,FfuProvider.dll.mui,,0.1498,8715040432.0,2.0,1325669096.0,0.9,0.7502,HIGH,Rule 1: Cross-artifact validation (LogFile + UsnJrnl),both,True,True,Time Reversal Event,File_Created / Basic_Info_Changed / Data_Added / Data_Overwritten / Access_Right_Changed,3,2,False,False
2023-12-23 00:14:35,FolderProvider.dll.mui,,0.1498,8715042198.0,4.0,1325656728.0,0.9,0.7502,HIGH,Rule 1: Cross-artifact validation (LogFile + UsnJrnl),both,True,True,Time Reversal Event,File_Created / Basic_Info_Changed / Data_Added / Data_Overwritten / Access_Right_Changed,3,2,False,False
2023-12-23 00:14:35,ImagingProvider.dll.mui,,0.1498,8715045280.0,0.0,1325672096.0,0.9,0.7502,HIGH,Rule 1: Cross-artifact validation (LogFile + UsnJrnl),both,True,True,Time Reversal Event,File_Created / Basic_Info_Changed / Data_Added / Data_Overwritten / Access_Right_Changed,3,2,False,False
2023-12-23 00:14:35,LogProvider.dll.mui,,0.1498,8715048238.0,4.0,1325657976.0,0.9,0.7502,HIGH,Rule 1: Cross-artifact validation (LogFile + UsnJrnl),both,True,True,Time Reversal Event,File_Created / Basic_Info_Changed / Data_Added / Data_Overwritten / Access_Right_Changed,3,2,False,False
2023-12-23 00:14:35,OfflineSetupProvider.dll.mui,,0.1498,8715051366.0,2.0,1325675968.0,0.9,0.7502,HIGH,Rule 1: Cross-artifact validation (LogFile + UsnJrnl),both,True,True,Time Reversal Event,File_Created / Basic_Info_Changed / Data_Added / Data_Overwritten / Access_Right_Changed,3,2,False,False
2023-12-23 00:14:35,OSProvider.dll.mui,,0.1498,8715052963.0,4.0,1325676880.0,0.9,0.7502,HIGH,Rule 1: Cross-artifact validation (LogFile + UsnJrnl),both,True,True,Time Reversal Event,File_Created / Basic_Info_Changed / Data_Added / Data_Overwritten / Access_Right_Changed,3,2,False,False
2023-12-23 00:14:35,ProvProvider.dll.mui,,0.1498,8715053863.0,2.0,1325677488.0,0.9,0.7502,HIGH,Rule 1: Cross-artifact validation (LogFile + UsnJrnl),both,True,True,Time Reversal Event,File_Created / Basic_Info_Changed / Data_Added / Data_Overwritten / Access_Right_Changed,3,2,False,False
2023-12-23 00:14:35,SetupPlatformProvider.dll.mui,,0.1398,8715055455.0,6.0,1325659320.0,0.9,0.7602,HIGH,Rule 1: Cross-artifact validation (LogFile + UsnJrnl),both,True,True,Time Reversal Event,File_Created / Basic_Info_Changed / Data_Added / Data_Overwritten / Access_Right_Changed,3,2,False,False
2023-12-23 00:14:35,TransmogProvider.dll.mui,,0.1498,8715058311.0,4.0,1325660680.0,0.9,0.7502,HIGH,Rule 1: Cross-artifact validation (LogFile + UsnJrnl),both,True,True,Time Reversal Event,File_Created / Basic_Info_Changed / Data_Added / Data_Overwritten / Access_Right_Changed,3,2,False,False
2023-12-23 00:19:11,strings.json,\Users\blueangel\AppData\Local\Microsoft\Edge\User Data\Edge Wallet\120.16978.16963.8\json\i18n-notification\sv\strings.json,0.04,8728300451.0,0.0,1327722888.0,0.9,0.86,HIGH,Rule 1: Cross-artifact validation (LogFile + UsnJrnl),both,True,True,Time Reversal Event,File_Created / Basic_Info_Changed / Data_Added,3,2,True,False
2023-12-23 00:19:11,strings.json,\Users\blueangel\AppData\Local\Microsoft\Edge\User Data\Edge Wallet\120.16978.16963.8\json\i18n-notification\zh-Hant\strings.json,0.04,8728302285.0,0.0,1327723912.0,0.9,0.86,HIGH,Rule 1: Cross-artifact validation (LogFile + UsnJrnl),both,True,True,Time Reversal Event,File_Created / Basic_Info_Changed / Data_Added,3,2,True,False
2023-12-23 00:14:25,DropboxExt.69.0.dll,\Program Files (x86)\Dropbox\Client\DropboxExt.69.0.dll,0.0796,8714352881.0,6.0,1325356592.0,0.9,0.8204,HIGH,Rule 1: Cross-artifact validation (LogFile + UsnJrnl),both,True,True,Time Reversal Event,Basic_Info_Changed,3,2,True,False
2023-12-23 00:19:34,widevinecdm.dll.sig,\Users\blueangel\AppData\Local\Microsoft\Edge\User Data\WidevineCdm\4.10.2710.0\_platform_specific\win_x64\widevinecdm.dll.sig,0.03,8728673547.0,2.0,1327791312.0,0.9,0.87,HIGH,Rule 1: Cross-artifact validation (LogFile + UsnJrnl),both,True,True,Time Reversal Event,File_Created / Basic_Info_Changed / Data_Added,3,2,True,False
2023-12-23 00:19:34,verified_contents.json,\Users\blueangel\AppData\Local\Microsoft\Edge\User Data\WidevineCdm\4.10.2710.0\_metadata\verified_contents.json,0.03,8728657384.0,6.0,1327790160.0,0.9,0.87,HIGH,Rule 1: Cross-artifact validation (LogFile + UsnJrnl),both,True,True,Time Reversal Event,File_Created / Basic_Info_Changed / Data_Added,3,2,True,False
2023-12-23 00:19:34,manifest.json,\Users\blueangel\AppData\Local\Microsoft\Edge\User Data\WidevineCdm\4.10.2710.0\manifest.json,0.05,8728655919.0,4.0,1327789616.0,0.9,0.85,HIGH,Rule 1: Cross-artifact validation (LogFile + UsnJrnl),both,True,True,Time Reversal Event,File_Created / Basic_Info_Changed / Data_Added,3,2,True,False
2023-12-23 00:19:34,LICENSE,\Users\blueangel\AppData\Local\Microsoft\Edge\User Data\WidevineCdm\4.10.2710.0\LICENSE,0.0799,8728655296.0,4.0,1327789280.0,0.9,0.8201,HIGH,Rule 1: Cross-artifact validation (LogFile + UsnJrnl),both,True,True,Time Reversal Event,File_Created / Basic_Info_Changed / Data_Added,3,2,True,False
2023-12-23 00:19:44,38739426-8d6d-48cb-936f-89914a934298.tmp,\Users\blueangel\AppData\Local\Microsoft\Edge\User Data\38739426-8d6d-48cb-936f-89914a934298.tmp,0.04,8728898612.0,2.0,1327804416.0,0.9,0.86,HIGH,Rule 1: Cross-artifact validation (LogFile + UsnJrnl),both,True,True,Time Reversal Event,Basic_Info_Changed,3,2,False,False
2023-12-23 00:19:56,BITE58D.tmp,,0.1298,8729006990.0,6.0,1327815320.0,0.9,0.7702,HIGH,Rule 1: Cross-artifact validation (LogFile + UsnJrnl),both,True,True,Time Reversal Event & Changing FileAttribute,Basic_Info_Changed / Data_Added / Data_Overwritten / Data_Truncated,3,2,True,False
2023-12-23 00:20:00,edge_tracking_page_validator.js,\Users\blueangel\AppData\Local\Microsoft\Edge\User Data\Edge Shopping\2.0.6201.0\edge_tracking_page_validator.js,0.02,8729041268.0,2.0,1327819816.0,0.9,0.88,HIGH,Rule 1: Cross-artifact validation (LogFile + UsnJrnl),both,True,True,Time Reversal Event,File_Created / Basic_Info_Changed / Data_Added,3,2,True,False
2023-12-23 00:20:00,shopping_fre.html,\Users\blueangel\AppData\Local\Microsoft\Edge\User Data\Edge Shopping\2.0.6201.0\shopping_fre.html,0.02,8729050444.0,0.0,1327822144.0,0.9,0.88,HIGH,Rule 1: Cross-artifact validation (LogFile + UsnJrnl),both,True,True,Time Reversal Event,File_Created / Basic_Info_Changed / Data_Added,3,2,True,False
2023-12-23 00:20:00,shoppingfre.js,\Users\blueangel\AppData\Local\Microsoft\Edge\User Data\Edge Shopping\2.0.6201.0\shoppingfre.js,0.04,8729049676.0,6.0,1327821776.0,0.9,0.86,HIGH,Rule 1: Cross-artifact validation (LogFile + UsnJrnl),both,True,True,Time Reversal Event,File_Created / Basic_Info_Changed / Data_Added,3,2,True,False
2023-12-23 00:20:00,shopping.js,\Users\blueangel\AppData\Local\Microsoft\Edge\User Data\Edge Shopping\2.0.6201.0\shopping.js,0.04,8729048404.0,4.0,1327821424.0,0.9,0.86,HIGH,Rule 1: Cross-artifact validation (LogFile + UsnJrnl),both,True,True,Time Reversal Event,File_Created / Basic_Info_Changed / Data_Added,3,2,True,False
2023-12-23 00:20:00,shopping.html,\Users\blueangel\AppData\Local\Microsoft\Edge\User Data\Edge Shopping\2.0.6201.0\shopping.html,0.04,8729044102.0,2.0,1327821072.0,0.9,0.86,HIGH,Rule 1: Cross-artifact validation (LogFile + UsnJrnl),both,True,True,Time Reversal Event,File_Created / Basic_Info_Changed / Data_Added,3,2,True,False
2023-12-23 00:20:00,product_page.js,\Users\blueangel\AppData\Local\Microsoft\Edge\User Data\Edge Shopping\2.0.6201.0\product_page.js,0.04,8729043276.0,0.0,1327820616.0,0.9,0.86,HIGH,Rule 1: Cross-artifact validation (LogFile + UsnJrnl),both,True,True,Time Reversal Event,File_Created / Basic_Info_Changed / Data_Added,3,2,True,False
2023-12-23 00:20:00,manifest.json,\Users\blueangel\AppData\Local\Microsoft\Edge\User Data\Edge Shopping\2.0.6201.0\manifest.json,0.04,8729041961.0,2.0,1327820248.0,0.9,0.86,HIGH,Rule 1: Cross-artifact validation (LogFile + UsnJrnl),both,True,True,Time Reversal Event,File_Created / Basic_Info_Changed / Data_Added,3,2,True,False
2023-12-23 00:20:00,edge_driver.js,\Users\blueangel\AppData\Local\Microsoft\Edge\User Data\Edge Shopping\2.0.6201.0\edge_driver.js,0.04,8729040331.0,0.0,1327819384.0,0.9,0.86,HIGH,Rule 1: Cross-artifact validation (LogFile + UsnJrnl),both,True,True,Time Reversal Event,File_Created / Basic_Info_Changed / Data_Added,3,2,True,False
2023-12-23 00:20:00,edge_confirmation_page_validator.js,\Users\blueangel\AppData\Local\Microsoft\Edge\User Data\Edge Shopping\2.0.6201.0\edge_confirmation_page_validator.js,0.02,8729038453.0,2.0,1327818936.0,0.9,0.88,HIGH,Rule 1: Cross-artifact validation (LogFile + UsnJrnl),both,True,True,Time Reversal Event,File_Created / Basic_Info_Changed / Data_Added,3,2,True,False
2023-12-23 00:20:00,edge_checkout_page_validator.js,\Users\blueangel\AppData\Local\Microsoft\Edge\User Data\Edge Shopping\2.0.6201.0\edge_checkout_page_validator.js,0.02,8729036749.0,4.0,1327818408.0,0.9,0.88,HIGH,Rule 1: Cross-artifact validation (LogFile + UsnJrnl),both,True,True,Time Reversal Event,File_Created / Basic_Info_Changed / Data_Added,3,2,True,False
2023-12-23 00:20:00,auto_open_controller.js,\Users\blueangel\AppData\Local\Microsoft\Edge\User Data\Edge Shopping\2.0.6201.0\auto_open_controller.js,0.02,8729035082.0,0.0,1327817928.0,0.9,0.88,HIGH,Rule 1: Cross-artifact validation (LogFile + UsnJrnl),both,True,True,Time Reversal Event,File_Created / Basic_Info_Changed / Data_Added,3,2,True,False
2023-12-23 00:20:00,shopping_iframe_driver.js,\Users\blueangel\AppData\Local\Microsoft\Edge\User Data\Edge Shopping\2.0.6201.0\shopping_iframe_driver.js,0.02,8729051193.0,0.0,1327822560.0,0.9,0.88,HIGH,Rule 1: Cross-artifact validation (LogFile + UsnJrnl),both,True,True,Time Reversal Event,File_Created / Basic_Info_Changed / Data_Added,3,2,True,False
2023-12-23 00:20:03,IDX_CONTENT_TASKBARHEADLINES.json.~tmp,\Users\blueangel\AppData\Local\Packages\Microsoft.Windows.Search_cw5n1h2txyewy\LocalState\ShellFeeds\IDX_CONTENT_TASKBARHEADLINES.json.~tmp,0.04,8729066359.0,0.0,1327826728.0,0.9,0.86,HIGH,Rule 1: Cross-artifact validation (LogFile + UsnJrnl),both,True,True,Time Reversal Event & Changing FileAttribute,Basic_Info_Changed,3,2,False,False
2023-12-23 00:20:04,64944d12-2c37-47a3-87ea-be5bcac60b09.tmp,\Users\blueangel\AppData\Roaming\Evernote\Network\64944d12-2c37-47a3-87ea-be5bcac60b09.tmp,0.03,8729069620.0,6.0,1327828992.0,0.9,0.87,HIGH,Rule 1: Cross-artifact validation (LogFile + UsnJrnl),both,True,True,Time Reversal Event,Basic_Info_Changed,3,2,False,False
2023-12-23 00:20:10,693296b3-8d90-4c71-9a24-9b555d8f90cc.tmp,\Users\blueangel\AppData\Local\Microsoft\Edge\User Data\693296b3-8d90-4c71-9a24-9b555d8f90cc.tmp,0.04,8729090860.0,6.0,1327833088.0,0.9,0.86,HIGH,Rule 1: Cross-artifact validation (LogFile + UsnJrnl),both,True,True,Time Reversal Event,Basic_Info_Changed,3,2,False,False
2023-12-23 00:20:30,LICENSE,\Users\blueangel\AppData\Local\Microsoft\Edge\User Data\FirstPartySetsPreloaded\2023.10.12.0\LICENSE,0.0599,8729130324.0,0.0,1327846672.0,0.9,0.8401,HIGH,Rule 1: Cross-artifact validation (LogFile + UsnJrnl),both,True,True,Time Reversal Event,File_Created / Basic_Info_Changed / Data_Added,3,2,True,False
2023-12-23 00:20:30,manifest.json,\Users\blueangel\AppData\Local\Microsoft\Edge\User Data\FirstPartySetsPreloaded\2023.10.12.0\manifest.json,0.04,8729130870.0,4.0,1327847008.0,0.9,0.86,HIGH,Rule 1: Cross-artifact validation (LogFile + UsnJrnl),both,True,True,Time Reversal Event,File_Created / Basic_Info_Changed / Data_Added,3,2,True,False
2023-12-23 00:20:30,sets.json,\Users\blueangel\AppData\Local\Microsoft\Edge\User Data\FirstPartySetsPreloaded\2023.10.12.0\sets.json,0.0499,8729131779.0,0.0,1327847344.0,0.9,0.8501,HIGH,Rule 1: Cross-artifact validation (LogFile + UsnJrnl),both,True,True,Time Reversal Event,File_Created / Basic_Info_Changed / Data_Added,3,2,True,False
2023-12-23 00:20:30,verified_contents.json,\Users\blueangel\AppData\Local\Microsoft\Edge\User Data\FirstPartySetsPreloaded\2023.10.12.0\_metadata\verified_contents.json,0.02,8729132862.0,4.0,1327847872.0,0.9,0.88,HIGH,Rule 1: Cross-artifact validation (LogFile + UsnJrnl),both,True,True,Time Reversal Event,File_Created / Basic_Info_Changed / Data_Added,3,2,True,False
2023-12-23 00:20:32,533b6160-73e8-4e57-b061-2f805aa576a0.tmp,\Users\blueangel\AppData\Roaming\Evernote\Network\533b6160-73e8-4e57-b061-2f805aa576a0.tmp,0.04,8729138977.0,6.0,1327850912.0,0.9,0.86,HIGH,Rule 1: Cross-artifact validation (LogFile + UsnJrnl),both,True,True,Time Reversal Event,Basic_Info_Changed,3,2,False,False
2023-12-23 00:20:34,26d17d03-a6b9-4b50-a19c-4d3ebe3aaf05.tmp,\Users\blueangel\AppData\Roaming\Evernote\Network\26d17d03-a6b9-4b50-a19c-4d3ebe3aaf05.tmp,0.04,8729141780.0,4.0,1327852928.0,0.9,0.86,HIGH,Rule 1: Cross-artifact validation (LogFile + UsnJrnl),both,True,True,Time Reversal Event,Basic_Info_Changed,3,2,False,False
2023-12-23 00:20:40,7752985b-6cf3-44e1-938a-29e07748099b.tmp,\Users\blueangel\AppData\Local\Microsoft\Edge\User Data\7752985b-6cf3-44e1-938a-29e07748099b.tmp,0.0499,8729147554.0,6.0,1327856352.0,0.9,0.8501,HIGH,Rule 1: Cross-artifact validation (LogFile + UsnJrnl),both,True,True,Time Reversal Event,Basic_Info_Changed,3,2,False,False
2023-12-23 00:21:04,e4785daf-13c6-4ddc-a48c-c5cdf6ffa351.tmp,\Users\blueangel\AppData\Roaming\Evernote\Network\e4785daf-13c6-4ddc-a48c-c5cdf6ffa351.tmp,0.0399,8729222460.0,4.0,1327881312.0,0.9,0.8601,HIGH,Rule 1: Cross-artifact validation (LogFile + UsnJrnl),both,True,True,Time Reversal Event,Basic_Info_Changed,3,2,False,False
2023-12-23 00:21:33,58f73522-8de4-4510-9eb7-50a094144e43.tmp,\Users\blueangel\AppData\Roaming\Evernote\Network\58f73522-8de4-4510-9eb7-50a094144e43.tmp,0.0399,8729472743.0,4.0,1327902224.0,0.9,0.8601,HIGH,Rule 1: Cross-artifact validation (LogFile + UsnJrnl),both,True,True,Time Reversal Event,Basic_Info_Changed,3,2,False,False
2023-12-23 00:19:34,widevinecdm.dll,\Users\blueangel\AppData\Local\Microsoft\Edge\User Data\WidevineCdm\4.10.2710.0\_platform_specific\win_x64\widevinecdm.dll,0.05,8728672708.0,0.0,1327790912.0,0.9,0.85,HIGH,Rule 1: Cross-artifact validation (LogFile + UsnJrnl),both,True,True,Time Reversal Event,File_Created / Basic_Info_Changed / Data_Added,3,2,True,False
2023-12-23 00:19:33,89d374c6-7e01-4469-b247-beeace4ec21a.tmp,\Users\blueangel\AppData\Roaming\Evernote\Network\89d374c6-7e01-4469-b247-beeace4ec21a.tmp,0.03,8728643525.0,6.0,1327786728.0,0.9,0.87,HIGH,Rule 1: Cross-artifact validation (LogFile + UsnJrnl),both,True,True,Time Reversal Event,Basic_Info_Changed,3,2,False,False
2023-12-23 00:22:05,6b36731e-b511-4af3-a755-b4a9bd7cec64.tmp,\Users\blueangel\AppData\Roaming\Evernote\Network\6b36731e-b511-4af3-a755-b4a9bd7cec64.tmp,0.04,8729603426.0,4.0,1327934416.0,0.9,0.86,HIGH,Rule 1: Cross-artifact validation (LogFile + UsnJrnl),both,True,True,Time Reversal Event,Basic_Info_Changed,3,2,False,False
2023-12-23 00:19:31,b3211816-c7d8-46d0-9db4-3250cc57a4e4.tmp,\Users\blueangel\AppData\Roaming\Evernote\Network\b3211816-c7d8-46d0-9db4-3250cc57a4e4.tmp,0.0399,8728616813.0,4.0,1327784080.0,0.9,0.8601,HIGH,Rule 1: Cross-artifact validation (LogFile + UsnJrnl),both,True,True,Time Reversal Event,Basic_Info_Changed,3,2,False,False
2023-12-23 00:19:12,miniwallet.bundle.js,\Users\blueangel\AppData\Local\Microsoft\Edge\User Data\Edge Wallet\120.16978.16963.8\Mini-Wallet\miniwallet.bundle.js,0.02,8728367582.0,0.0,1327748944.0,0.9,0.88,HIGH,Rule 1: Cross-artifact validation (LogFile + UsnJrnl),both,True,True,Time Reversal Event,File_Created / Basic_Info_Changed / Data_Added,3,2,True,False
2023-12-23 00:19:12,mini-wallet.html,\Users\blueangel\AppData\Local\Microsoft\Edge\User Data\Edge Wallet\120.16978.16963.8\Mini-Wallet\mini-wallet.html,0.04,8728366472.0,2.0,1327748544.0,0.9,0.86,HIGH,Rule 1: Cross-artifact validation (LogFile + UsnJrnl),both,True,True,Time Reversal Event,File_Created / Basic_Info_Changed / Data_Added,3,2,True,False
2023-12-23 00:19:12,manifest.webapp.json,\Users\blueangel\AppData\Local\Microsoft\Edge\User Data\Edge Wallet\120.16978.16963.8\manifest.webapp.json,0.02,8728365368.0,2.0,1327747968.0,0.9,0.88,HIGH,Rule 1: Cross-artifact validation (LogFile + UsnJrnl),both,True,True,Time Reversal Event,File_Created / Basic_Info_Changed / Data_Added,3,2,True,False
2023-12-23 00:19:12,manifest.json,\Users\blueangel\AppData\Local\Microsoft\Edge\User Data\Edge Wallet\120.16978.16963.8\manifest.json,0.04,8728364807.0,6.0,1327747584.0,0.9,0.86,HIGH,Rule 1: Cross-artifact validation (LogFile + UsnJrnl),both,True,True,Time Reversal Event,File_Created / Basic_Info_Changed / Data_Added,3,2,True,False
2023-12-23 00:19:12,load-hub-i18n.bundle.js,\Users\blueangel\AppData\Local\Microsoft\Edge\User Data\Edge Wallet\120.16978.16963.8\load-hub-i18n.bundle.js,0.02,8728364231.0,0.0,1327747184.0,0.9,0.88,HIGH,Rule 1: Cross-artifact validation (LogFile + UsnJrnl),both,True,True,Time Reversal Event,File_Created / Basic_Info_Changed / Data_Added,3,2,True,False
2023-12-23 00:19:12,wallet-tokenization-config.json,\Users\blueangel\AppData\Local\Microsoft\Edge\User Data\Edge Wallet\120.16978.16963.8\json\wallet\wallet-tokenization-config.json,0.02,8728363497.0,2.0,1327746648.0,0.9,0.88,HIGH,Rule 1: Cross-artifact validation (LogFile + UsnJrnl),both,True,True,Time Reversal Event,File_Created / Basic_Info_Changed / Data_Added,3,2,True,False
2023-12-23 00:19:12,wallet-stable.json,\Users\blueangel\AppData\Local\Microsoft\Edge\User Data\Edge Wallet\120.16978.16963.8\json\wallet\wallet-stable.json,0.02,8728362437.0,2.0,1327746200.0,0.9,0.88,HIGH,Rule 1: Cross-artifact validation (LogFile + UsnJrnl),both,True,True,Time Reversal Event,File_Created / Basic_Info_Changed / Data_Added,3,2,True,False
2023-12-23 00:19:12,wallet-pre-stable.json,\Users\blueangel\AppData\Local\Microsoft\Edge\User Data\Edge Wallet\120.16978.16963.8\json\wallet\wallet-pre-stable.json,0.02,8728359183.0,0.0,1327745368.0,0.9,0.88,HIGH,Rule 1: Cross-artifact validation (LogFile + UsnJrnl),both,True,True,Time Reversal Event,File_Created / Basic_Info_Changed / Data_Added,3,2,True,False
2023-12-23 00:19:12,wallet-notification-config.json,\Users\blueangel\AppData\Local\Microsoft\Edge\User Data\Edge Wallet\120.16978.16963.8\json\wallet\wallet-notification-config.json,0.02,8728356235.0,0.0,1327744904.0,0.9,0.88,HIGH,Rule 1: Cross-artifact validation (LogFile + UsnJrnl),both,True,True,Time Reversal Event,File_Created / Basic_Info_Changed / Data_Added,3,2,True,False
2023-12-23 00:19:12,checkoutdata.json,\Users\blueangel\AppData\Local\Microsoft\Edge\User Data\Edge Wallet\120.16978.16963.8\json\wallet\wallet-checkout\checkoutdata.json,0.02,8728355404.0,6.0,1327744456.0,0.9,0.88,HIGH,Rule 1: Cross-artifact validation (LogFile + UsnJrnl),both,True,True,Time Reversal Event,File_Created / Basic_Info_Changed / Data_Added,3,2,True,False
2023-12-23 00:19:12,wallet-checkout-eligible-sites-pre-stable.json,\Users\blueangel\AppData\Local\Microsoft\Edge\User Data\Edge Wallet\120.16978.16963.8\json\wallet\wallet-checkout-eligible-sites-pre-stable.json,0.02,8728345847.0,0.0,1327743128.0,0.9,0.88,HIGH,Rule 1: Cross-artifact validation (LogFile + UsnJrnl),both,True,True,Time Reversal Event,File_Created / Basic_Info_Changed / Data_Added,3,2,True,False
2023-12-23 00:19:12,super_coupon.json,\Users\blueangel\AppData\Local\Microsoft\Edge\User Data\Edge Wallet\120.16978.16963.8\json\wallet\super_coupon.json,0.02,8728344139.0,4.0,1327742440.0,0.9,0.88,HIGH,Rule 1: Cross-artifact validation (LogFile + UsnJrnl),both,True,True,Time Reversal Event,File_Created / Basic_Info_Changed / Data_Added,3,2,True,False
2023-12-23 00:19:12,README.md,\Users\blueangel\AppData\Local\Microsoft\Edge\User Data\Edge Wallet\120.16978.16963.8\json\wallet\README.md,0.0499,8728343384.0,2.0,1327742088.0,0.9,0.8501,HIGH,Rule 1: Cross-artifact validation (LogFile + UsnJrnl),both,True,True,Time Reversal Event,File_Created / Basic_Info_Changed / Data_Added,3,2,True,False
2023-12-23 00:19:12,strings.json,\Users\blueangel\AppData\Local\Microsoft\Edge\User Data\Edge Wallet\120.16978.16963.8\json\i18n-tokenized-card\zh-Hant\strings.json,0.04,8728342507.0,6.0,1327741608.0,0.9,0.86,HIGH,Rule 1: Cross-artifact validation (LogFile + UsnJrnl),both,True,True,Time Reversal Event,File_Created / Basic_Info_Changed / Data_Added,3,2,True,False
2023-12-23 00:19:12,strings.json,\Users\blueangel\AppData\Local\Microsoft\Edge\User Data\Edge Wallet\120.16978.16963.8\json\i18n-tokenized-card\zh-Hans\strings.json,0.04,8728341483.0,4.0,1327741096.0,0.9,0.86,HIGH,Rule 1: Cross-artifact validation (LogFile + UsnJrnl),both,True,True,Time Reversal Event,File_Created / Basic_Info_Changed / Data_Added,3,2,True,False
2023-12-23 00:19:12,strings.json,\Users\blueangel\AppData\Local\Microsoft\Edge\User Data\Edge Wallet\120.16978.16963.8\json\i18n-tokenized-card\sv\strings.json,0.04,8728340444.0,0.0,1327740584.0,0.9,0.86,HIGH,Rule 1: Cross-artifact validation (LogFile + UsnJrnl),both,True,True,Time Reversal Event,File_Created / Basic_Info_Changed / Data_Added,3,2,True,False
2023-12-23 00:19:12,strings.json,\Users\blueangel\AppData\Local\Microsoft\Edge\User Data\Edge Wallet\120.16978.16963.8\json\i18n-tokenized-card\ru\strings.json,0.04,8728339425.0,0.0,1327740104.0,0.9,0.86,HIGH,Rule 1: Cross-artifact validation (LogFile + UsnJrnl),both,True,True,Time Reversal Event,File_Created / Basic_Info_Changed / Data_Added,3,2,True,False
2023-12-23 00:19:12,miniwallet.bundle.js.LICENSE.txt,\Users\blueangel\AppData\Local\Microsoft\Edge\User Data\Edge Wallet\120.16978.16963.8\Mini-Wallet\miniwallet.bundle.js.LICENSE.txt,0.02,8728368734.0,4.0,1327749408.0,0.9,0.88,HIGH,Rule 1: Cross-artifact validation (LogFile + UsnJrnl),both,True,True,Time Reversal Event,File_Created / Basic_Info_Changed / Data_Added,3,2,True,False
2023-12-23 00:19:12,bsi.json,\Users\blueangel\AppData\Local\Microsoft\Edge\User Data\Edge Wallet\120.16978.16963.8\Notification\_manifest\spdx_2.2\bsi.json,0.0599,8728384244.0,2.0,1327754944.0,0.9,0.8401,HIGH,Rule 1: Cross-artifact validation (LogFile + UsnJrnl),both,True,True,Time Reversal Event,File_Created / Basic_Info_Changed / Data_Added,3,2,True,False
2023-12-23 00:19:12,bsi.json,\Users\blueangel\AppData\Local\Microsoft\Edge\User Data\Edge Wallet\120.16978.16963.8\Mini-Wallet\_manifest\spdx_2.2\bsi.json,0.0599,8728370087.0,2.0,1327750144.0,0.9,0.8401,HIGH,Rule 1: Cross-artifact validation (LogFile + UsnJrnl),both,True,True,Time Reversal Event,File_Created / Basic_Info_Changed / Data_Added,3,2,True,False
2023-12-23 00:19:12,manifest.spdx.json.sha256,\Users\blueangel\AppData\Local\Microsoft\Edge\User Data\Edge Wallet\120.16978.16963.8\Tokenized-Card\_manifest\spdx_2.2\manifest.spdx.json.sha256,0.02,8728403247.0,4.0,1327760400.0,0.9,0.88,HIGH,Rule 1: Cross-artifact validation (LogFile + UsnJrnl),both,True,True,Time Reversal Event,File_Created / Basic_Info_Changed / Data_Added,3,2,True,False
2023-12-23 00:19:12,notification_fast.bundle.js.LICENSE.txt,\Users\blueangel\AppData\Local\Microsoft\Edge\User Data\Edge Wallet\120.16978.16963.8\Notification\notification_fast.bundle.js.LICENSE.txt,0.02,8728382118.0,4.0,1327753760.0,0.9,0.88,HIGH,Rule 1: Cross-artifact validation (LogFile + UsnJrnl),both,True,True,Time Reversal Event,File_Created / Basic_Info_Changed / Data_Added,3,2,True,False
2023-12-23 00:19:12,notification_fast.bundle.js,\Users\blueangel\AppData\Local\Microsoft\Edge\User Data\Edge Wallet\120.16978.16963.8\Notification\notification_fast.bundle.js,0.02,8728381213.0,6.0,1327753232.0,0.9,0.88,HIGH,Rule 1: Cross-artifact validation (LogFile + UsnJrnl),both,True,True,Time Reversal Event,File_Created / Basic_Info_Changed / Data_Added,3,2,True,False
2023-12-23 00:19:12,notification.html,\Users\blueangel\AppData\Local\Microsoft\Edge\User Data\Edge Wallet\120.16978.16963.8\Notification\notification.html,0.02,8728379752.0,4.0,1327752800.0,0.9,0.88,HIGH,Rule 1: Cross-artifact validation (LogFile + UsnJrnl),both,True,True,Time Reversal Event,File_Created / Basic_Info_Changed / Data_Added,3,2,True,False
2023-12-23 00:19:12,notification.bundle.js,\Users\blueangel\AppData\Local\Microsoft\Edge\User Data\Edge Wallet\120.16978.16963.8\Notification\notification.bundle.js,0.02,8728377839.0,4.0,1327751888.0,0.9,0.88,HIGH,Rule 1: Cross-artifact validation (LogFile + UsnJrnl),both,True,True,Time Reversal Event,File_Created / Basic_Info_Changed / Data_Added,3,2,True,False
2023-12-23 00:19:12,manifest.spdx.json.sha256,\Users\blueangel\AppData\Local\Microsoft\Edge\User Data\Edge Wallet\120.16978.16963.8\Mini-Wallet\_manifest\spdx_2.2\manifest.spdx.json.sha256,0.02,8728376284.0,0.0,1327751280.0,0.9,0.88,HIGH,Rule 1: Cross-artifact validation (LogFile + UsnJrnl),both,True,True,Time Reversal Event,File_Created / Basic_Info_Changed / Data_Added,3,2,True,False
2023-12-23 00:19:12,manifest.spdx.json,\Users\blueangel\AppData\Local\Microsoft\Edge\User Data\Edge Wallet\120.16978.16963.8\Mini-Wallet\_manifest\spdx_2.2\manifest.spdx.json,0.02,8728375195.0,6.0,1327750848.0,0.9,0.88,HIGH,Rule 1: Cross-artifact validation (LogFile + UsnJrnl),both,True,True,Time Reversal Event,File_Created / Basic_Info_Changed / Data_Added,3,2,True,False
2023-12-23 00:19:12,manifest.cat,\Users\blueangel\AppData\Local\Microsoft\Edge\User Data\Edge Wallet\120.16978.16963.8\Mini-Wallet\_manifest\spdx_2.2\manifest.cat,0.04,8728370841.0,2.0,1327750480.0,0.9,0.86,HIGH,Rule 1: Cross-artifact validation (LogFile + UsnJrnl),both,True,True,Time Reversal Event,File_Created / Basic_Info_Changed / Data_Added,3,2,True,False
2023-12-23 00:19:22,8929da0a-180b-460b-9f4a-0c996d36c25f.tmp,\Users\blueangel\AppData\Local\Microsoft\Edge\User Data\8929da0a-180b-460b-9f4a-0c996d36c25f.tmp,0.0499,8728531429.0,6.0,1327775888.0,0.9,0.8501,HIGH,Rule 1: Cross-artifact validation (LogFile + UsnJrnl),both,True,True,Time Reversal Event,Basic_Info_Changed,3,2,False,False
2023-12-23 00:21:35,d90a39ae-c45a-4e0b-91ca-8fd4b0538209.tmp,\Users\blueangel\AppData\Roaming\Evernote\Network\d90a39ae-c45a-4e0b-91ca-8fd4b0538209.tmp,0.0399,8729489375.0,6.0,1327904312.0,0.9,0.8601,HIGH,Rule 1: Cross-artifact validation (LogFile + UsnJrnl),both,True,True,Time Reversal Event,Basic_Info_Changed,3,2,False,False
2023-12-23 00:22:26,DismProv.dll.mui,,0.2398,8729742638.0,4.0,1327987656.0,0.9,0.6602,HIGH,Rule 1: Cross-artifact validation (LogFile + UsnJrnl),both,True,True,Time Reversal Event,File_Created / Basic_Info_Changed / Data_Added / Data_Overwritten / Access_Right_Changed,3,2,False,False
2023-12-23 00:19:12,tokenized-card.bundle.js,\Users\blueangel\AppData\Local\Microsoft\Edge\User Data\Edge Wallet\120.16978.16963.8\Tokenized-Card\tokenized-card.bundle.js,0.02,8728393446.0,0.0,1327757592.0,0.9,0.88,HIGH,Rule 1: Cross-artifact validation (LogFile + UsnJrnl),both,True,True,Time Reversal Event,File_Created / Basic_Info_Changed / Data_Added,3,2,True,False
2023-12-23 00:22:26,AssocProvider.dll,,0.2198,8729715065.0,4.0,1327981776.0,0.9,0.6802,HIGH,Rule 1: Cross-artifact validation (LogFile + UsnJrnl),both,True,True,Time Reversal Event,File_Created / Basic_Info_Changed / Data_Added / Data_Overwritten / Extended_Attr_Changed / Access_Right_Changed,3,2,False,False
2023-12-23 00:22:26,DismCore.dll,,0.2398,8729717202.0,0.0,1327982896.0,0.9,0.6602,HIGH,Rule 1: Cross-artifact validation (LogFile + UsnJrnl),both,True,True,Time Reversal Event,File_Created / Basic_Info_Changed / Data_Added / Data_Overwritten / Extended_Attr_Changed / Access_Right_Changed,3,2,False,False
2023-12-23 00:22:26,DismCorePS.dll,,0.2298,8729718135.0,6.0,1327983424.0,0.9,0.6702,HIGH,Rule 1: Cross-artifact validation (LogFile + UsnJrnl),both,True,True,Time Reversal Event,File_Created / Basic_Info_Changed / Data_Added / Data_Overwritten / Extended_Attr_Changed / Access_Right_Changed,3,2,False,False
2023-12-23 00:22:26,DismHost.exe,,0.2398,8729719030.0,4.0,1327983952.0,0.9,0.6602,HIGH,Rule 1: Cross-artifact validation (LogFile + UsnJrnl),both,True,True,Time Reversal Event,File_Created / Basic_Info_Changed / Data_Added / Data_Overwritten / Extended_Attr_Changed / Access_Right_Changed,3,2,False,False
2023-12-23 00:22:26,DismProv.dll,,0.2398,8729719914.0,4.0,1327984480.0,0.9,0.6602,HIGH,Rule 1: Cross-artifact validation (LogFile + UsnJrnl),both,True,True,Time Reversal Event,File_Created / Basic_Info_Changed / Data_Added / Data_Overwritten / Extended_Attr_Changed / Access_Right_Changed,3,2,False,False
2023-12-23 00:22:26,DmiProvider.dll,,0.2298,8729720900.0,6.0,1327985112.0,0.9,0.6702,HIGH,Rule 1: Cross-artifact validation (LogFile + UsnJrnl),both,True,True,Time Reversal Event,File_Created / Basic_Info_Changed / Data_Added / Data_Overwritten / Extended_Attr_Changed / Access_Right_Changed,3,2,False,False
2023-12-23 00:22:26,AssocProvider.dll.mui,,0.2198,8729739629.0,4.0,1327986488.0,0.9,0.6802,HIGH,Rule 1: Cross-artifact validation (LogFile + UsnJrnl),both,True,True,Time Reversal Event,File_Created / Basic_Info_Changed / Data_Added / Data_Overwritten / Access_Right_Changed,3,2,False,False
2023-12-23 00:22:26,AssocProvider.dll.mui,,0.2098,8729723022.0,6.0,1327986488.0,0.9,0.6902,HIGH,Rule 1: Cross-artifact validation (LogFile + UsnJrnl),both,True,True,Time Reversal Event,File_Created / Basic_Info_Changed / Data_Added / Data_Overwritten / Access_Right_Changed,3,2,False,False
2023-12-23 00:22:26,DismCore.dll.mui,,0.2398,8729724192.0,0.0,1327987080.0,0.9,0.6602,HIGH,Rule 1: Cross-artifact validation (LogFile + UsnJrnl),both,True,True,Time Reversal Event,File_Created / Basic_Info_Changed / Data_Added / Data_Overwritten / Access_Right_Changed,3,2,False,False
2023-12-23 00:22:26,DismProv.dll.mui,,0.2298,8729725141.0,6.0,1327987656.0,0.9,0.6702,HIGH,Rule 1: Cross-artifact validation (LogFile + UsnJrnl),both,True,True,Time Reversal Event,File_Created / Basic_Info_Changed / Data_Added / Data_Overwritten / Access_Right_Changed,3,2,False,False
2023-12-23 00:22:26,FolderProvider.dll.mui,,0.2198,8729726094.0,0.0,1327988264.0,0.9,0.6802,HIGH,Rule 1: Cross-artifact validation (LogFile + UsnJrnl),both,True,True,Time Reversal Event,File_Created / Basic_Info_Changed / Data_Added / Data_Overwritten / Access_Right_Changed,3,2,False,False
2023-12-23 00:22:26,AppxProvider.dll.mui,,0.2198,8729722134.0,4.0,1327985864.0,0.9,0.6802,HIGH,Rule 1: Cross-artifact validation (LogFile + UsnJrnl),both,True,True,Time Reversal Event,File_Created / Basic_Info_Changed / Data_Added / Data_Overwritten / Access_Right_Changed,3,2,False,False
2023-12-23 00:22:26,IBSProvider.dll,,0.2398,8729735563.0,4.0,1327994704.0,0.9,0.6602,HIGH,Rule 1: Cross-artifact validation (LogFile + UsnJrnl),both,True,True,Time Reversal Event,File_Created / Basic_Info_Changed / Data_Added / Data_Overwritten / Extended_Attr_Changed / Access_Right_Changed,3,2,False,False
2023-12-23 00:22:26,IntlProvider.dll,,0.2398,8729737523.0,4.0,1327995904.0,0.9,0.6602,HIGH,Rule 1: Cross-artifact validation (LogFile + UsnJrnl),both,True,True,Time Reversal Event,File_Created / Basic_Info_Changed / Data_Added / Data_Overwritten / Extended_Attr_Changed / Access_Right_Changed,3,2,False,False
2023-12-23 00:22:26,ImagingProvider.dll,,0.2098,8729736538.0,6.0,1327995312.0,0.9,0.6902,HIGH,Rule 1: Cross-artifact validation (LogFile + UsnJrnl),both,True,True,Time Reversal Event,File_Created / Basic_Info_Changed / Data_Added / Data_Overwritten / Extended_Attr_Changed / Access_Right_Changed,3,2,False,False
2023-12-23 00:22:26,IBSProvider.dll.mui,,0.2098,8729727109.0,6.0,1327988944.0,0.9,0.6902,HIGH,Rule 1: Cross-artifact validation (LogFile + UsnJrnl),both,True,True,Time Reversal Event,File_Created / Basic_Info_Changed / Data_Added / Data_Overwritten / Access_Right_Changed,3,2,False,False
2023-12-23 00:22:26,GenericProvider.dll,,0.2198,8729734597.0,2.0,1327994112.0,0.9,0.6802,HIGH,Rule 1: Cross-artifact validation (LogFile + UsnJrnl),both,True,True,Time Reversal Event,File_Created / Basic_Info_Changed / Data_Added / Data_Overwritten / Extended_Attr_Changed / Access_Right_Changed,3,2,False,False
2023-12-23 00:22:26,FfuProvider.dll,,0.2398,8729732646.0,4.0,1327992928.0,0.9,0.6602,HIGH,Rule 1: Cross-artifact validation (LogFile + UsnJrnl),both,True,True,Time Reversal Event,File_Created / Basic_Info_Changed / Data_Added / Data_Overwritten / Extended_Attr_Changed / Access_Right_Changed,3,2,False,False
2023-12-23 00:22:26,TransmogProvider.dll.mui,,0.2198,8729731609.0,2.0,1327992240.0,0.9,0.6802,HIGH,Rule 1: Cross-artifact validation (LogFile + UsnJrnl),both,True,True,Time Reversal Event,File_Created / Basic_Info_Changed / Data_Added / Data_Overwritten / Access_Right_Changed,3,2,False,False
2023-12-23 00:22:26,FolderProvider.dll,,0.2198,8729733609.0,0.0,1327993504.0,0.9,0.6802,HIGH,Rule 1: Cross-artifact validation (LogFile + UsnJrnl),both,True,True,Time Reversal Event,File_Created / Basic_Info_Changed / Data_Added / Data_Overwritten / Extended_Attr_Changed / Access_Right_Changed,3,2,False,False
2023-12-23 00:22:26,SetupPlatformProvider.dll.mui,,0.2098,8729729758.0,6.0,1327990880.0,0.9,0.6902,HIGH,Rule 1: Cross-artifact validation (LogFile + UsnJrnl),both,True,True,Time Reversal Event,File_Created / Basic_Info_Changed / Data_Added / Data_Overwritten / Access_Right_Changed,3,2,False,False
2023-12-23 00:22:26,MsiProvider.dll.mui,,0.2198,8729728863.0,2.0,1327990192.0,0.9,0.6802,HIGH,Rule 1: Cross-artifact validation (LogFile + UsnJrnl),both,True,True,Time Reversal Event,File_Created / Basic_Info_Changed / Data_Added / Data_Overwritten / Access_Right_Changed,3,2,False,False
2023-12-23 00:22:26,LogProvider.dll.mui,,0.2198,8729727982.0,0.0,1327989568.0,0.9,0.6802,HIGH,Rule 1: Cross-artifact validation (LogFile + UsnJrnl),both,True,True,Time Reversal Event,File_Created / Basic_Info_Changed / Data_Added / Data_Overwritten / Access_Right_Changed,3,2,False,False
2023-12-23 00:22:26,SysprepProvider.dll.mui,,0.2198,8729730718.0,0.0,1327991568.0,0.9,0.6802,HIGH,Rule 1: Cross-artifact validation (LogFile + UsnJrnl),both,True,True,Time Reversal Event,File_Created / Basic_Info_Changed / Data_Added / Data_Overwritten / Access_Right_Changed,3,2,False,False
2023-12-23 00:22:34,b1278ecd-3f39-4752-be78-42731fc1466d.tmp,\Users\blueangel\AppData\Roaming\Evernote\Network\b1278ecd-3f39-4752-be78-42731fc1466d.tmp,0.04,8729948240.0,6.0,1328024104.0,0.9,0.86,HIGH,Rule 1: Cross-artifact validation (LogFile + UsnJrnl),both,True,True,Time Reversal Event,Basic_Info_Changed,3,2,False,False
2023-12-23 00:22:36,4fdc3dff-21ed-472b-bc67-f88fbe1081e9.tmp,\Users\blueangel\AppData\Roaming\Evernote\Network\4fdc3dff-21ed-472b-bc67-f88fbe1081e9.tmp,0.04,8729976742.0,4.0,1328035872.0,0.9,0.86,HIGH,Rule 1: Cross-artifact validation (LogFile + UsnJrnl),both,True,True,Time Reversal Event,Basic_Info_Changed,3,2,False,False
2023-12-23 00:22:51,db0c2a6a-2cfc-414f-9bb6-d7fa89745677.tmp,\Users\blueangel\AppData\Roaming\Evernote\Network\db0c2a6a-2cfc-414f-9bb6-d7fa89745677.tmp,0.0399,8730050141.0,0.0,1328068136.0,0.9,0.8601,HIGH,Rule 1: Cross-artifact validation (LogFile + UsnJrnl),both,True,True,Time Reversal Event,Basic_Info_Changed,3,2,False,False
2023-12-23 00:23:06,4ceadfb7-3411-4ae6-94c0-1db4c4253a36.tmp,\Users\blueangel\AppData\Roaming\Evernote\Network\4ceadfb7-3411-4ae6-94c0-1db4c4253a36.tmp,0.04,8730073774.0,4.0,1328078032.0,0.9,0.86,HIGH,Rule 1: Cross-artifact validation (LogFile + UsnJrnl),both,True,True,Time Reversal Event,Basic_Info_Changed,3,2,False,False
2023-12-23 00:23:34,d34a7e2e-c8a7-4997-9d18-fe28bfaa22c6.tmp,\Users\blueangel\AppData\Roaming\Evernote\Network\d34a7e2e-c8a7-4997-9d18-fe28bfaa22c6.tmp,0.0399,8730560749.0,0.0,1328098400.0,0.9,0.8601,HIGH,Rule 1: Cross-artifact validation (LogFile + UsnJrnl),both,True,True,Time Reversal Event,Basic_Info_Changed,3,2,False,False
2023-12-23 00:23:36,749068a4-2ec0-4a5e-a574-bc62b10c95d2.tmp,\Users\blueangel\AppData\Roaming\Evernote\Network\749068a4-2ec0-4a5e-a574-bc62b10c95d2.tmp,0.0499,8730563683.0,2.0,1328100536.0,0.9,0.8501,HIGH,Rule 1: Cross-artifact validation (LogFile + UsnJrnl),both,True,True,Time Reversal Event,Basic_Info_Changed,3,2,False,False
2023-12-23 00:22:26,CbsProvider.dll,,0.2298,8729716315.0,6.0,1327982352.0,0.9,0.6702,HIGH,Rule 1: Cross-artifact validation (LogFile + UsnJrnl),both,True,True,Time Reversal Event,File_Created / Basic_Info_Changed / Data_Added / Data_Overwritten / Extended_Attr_Changed / Access_Right_Changed,3,2,False,False
2023-12-23 00:22:26,AppxProvider.dll,,0.2398,8729714099.0,2.0,1327981200.0,0.9,0.6602,HIGH,Rule 1: Cross-artifact validation (LogFile + UsnJrnl),both,True,True,Time Reversal Event,File_Created / Basic_Info_Changed / Data_Added / Data_Overwritten / Extended_Attr_Changed / Access_Right_Changed,3,2,False,False
2023-12-23 00:22:26,DmiProvider.dll.mui,,0.2098,8729743533.0,6.0,1327999744.0,0.9,0.6902,HIGH,Rule 1: Cross-artifact validation (LogFile + UsnJrnl),both,True,True,Time Reversal Event,File_Created / Basic_Info_Changed / Data_Added / Data_Overwritten / Access_Right_Changed,3,2,False,False
2023-12-23 00:22:26,AppxProvider.dll.mui,,0.2198,8729738697.0,2.0,1327985864.0,0.9,0.6802,HIGH,Rule 1: Cross-artifact validation (LogFile + UsnJrnl),both,True,True,Time Reversal Event,File_Created / Basic_Info_Changed / Data_Added / Data_Overwritten / Access_Right_Changed,3,2,False,False
2023-12-23 00:22:26,FfuProvider.dll.mui,,0.2198,8729744422.0,0.0,1328000368.0,0.9,0.6802,HIGH,Rule 1: Cross-artifact validation (LogFile + UsnJrnl),both,True,True,Time Reversal Event,File_Created / Basic_Info_Changed / Data_Added / Data_Overwritten / Access_Right_Changed,3,2,False,False
2023-12-23 00:22:26,FolderProvider.dll.mui,,0.2198,8729745367.0,2.0,1327988264.0,0.9,0.6802,HIGH,Rule 1: Cross-artifact validation (LogFile + UsnJrnl),both,True,True,Time Reversal Event,File_Created / Basic_Info_Changed / Data_Added / Data_Overwritten / Access_Right_Changed,3,2,False,False
2023-12-23 00:22:26,ImagingProvider.dll.mui,,0.2198,8729747195.0,4.0,1328002352.0,0.9,0.6802,HIGH,Rule 1: Cross-artifact validation (LogFile + UsnJrnl),both,True,True,Time Reversal Event,File_Created / Basic_Info_Changed / Data_Added / Data_Overwritten / Access_Right_Changed,3,2,False,False
2023-12-23 00:22:26,IntlProvider.dll.mui,,0.2098,8729748085.0,6.0,1328002992.0,0.9,0.6902,HIGH,Rule 1: Cross-artifact validation (LogFile + UsnJrnl),both,True,True,Time Reversal Event,File_Created / Basic_Info_Changed / Data_Added / Data_Overwritten / Access_Right_Changed,3,2,False,False
2023-12-23 00:22:26,LogProvider.dll.mui,,0.2198,8729748958.0,0.0,1327989568.0,0.9,0.6802,HIGH,Rule 1: Cross-artifact validation (LogFile + UsnJrnl),both,True,True,Time Reversal Event,File_Created / Basic_Info_Changed / Data_Added / Data_Overwritten / Access_Right_Changed,3,2,False,False
2023-12-23 00:22:26,MsiProvider.dll.mui,,0.2198,8729749839.0,2.0,1327990192.0,0.9,0.6802,HIGH,Rule 1: Cross-artifact validation (LogFile + UsnJrnl),both,True,True,Time Reversal Event,File_Created / Basic_Info_Changed / Data_Added / Data_Overwritten / Access_Right_Changed,3,2,False,False
2023-12-23 00:22:26,OfflineSetupProvider.dll.mui,,0.2198,8729750803.0,4.0,1328004928.0,0.9,0.6802,HIGH,Rule 1: Cross-artifact validation (LogFile + UsnJrnl),both,True,True,Time Reversal Event,File_Created / Basic_Info_Changed / Data_Added / Data_Overwritten / Access_Right_Changed,3,2,False,False
2023-12-23 00:22:26,OSProvider.dll.mui,,0.2098,8729751802.0,6.0,1328005624.0,0.9,0.6902,HIGH,Rule 1: Cross-artifact validation (LogFile + UsnJrnl),both,True,True,Time Reversal Event,File_Created / Basic_Info_Changed / Data_Added / Data_Overwritten / Access_Right_Changed,3,2,False,False
2023-12-23 00:22:26,ProvProvider.dll.mui,,0.2198,8729752693.0,2.0,1328006232.0,0.9,0.6802,HIGH,Rule 1: Cross-artifact validation (LogFile + UsnJrnl),both,True,True,Time Reversal Event,File_Created / Basic_Info_Changed / Data_Added / Data_Overwritten / Access_Right_Changed,3,2,False,False
2023-12-23 00:22:26,SetupPlatformProvider.dll.mui,,0.2098,8729754274.0,6.0,1327990880.0,0.9,0.6902,HIGH,Rule 1: Cross-artifact validation (LogFile + UsnJrnl),both,True,True,Time Reversal Event,File_Created / Basic_Info_Changed / Data_Added / Data_Overwritten / Access_Right_Changed,3,2,False,False
2023-12-23 00:22:26,SmiProvider.dll.mui,,0.2198,8729755228.0,0.0,1328007576.0,0.9,0.6802,HIGH,Rule 1: Cross-artifact validation (LogFile + UsnJrnl),both,True,True,Time Reversal Event,File_Created / Basic_Info_Changed / Data_Added / Data_Overwritten / Access_Right_Changed,3,2,False,False
2023-12-23 00:22:26,DismCore.dll.mui,,0.2398,8729741680.0,2.0,1327987080.0,0.9,0.6602,HIGH,Rule 1: Cross-artifact validation (LogFile + UsnJrnl),both,True,True,Time Reversal Event,File_Created / Basic_Info_Changed / Data_Added / Data_Overwritten / Access_Right_Changed,3,2,False,False
2023-12-23 00:22:26,TransmogProvider.dll.mui,,0.2198,8729756109.0,2.0,1327992240.0,0.9,0.6802,HIGH,Rule 1: Cross-artifact validation (LogFile + UsnJrnl),both,True,True,Time Reversal Event,File_Created / Basic_Info_Changed / Data_Added / Data_Overwritten / Access_Right_Changed,3,2,False,False
2023-12-23 00:22:26,VhdProvider.dll.mui,,0.2198,8729757942.0,4.0,1328009632.0,0.9,0.6802,HIGH,Rule 1: Cross-artifact validation (LogFile + UsnJrnl),both,True,True,Time Reversal Event,File_Created / Basic_Info_Changed / Data_Added / Data_Overwritten / Access_Right_Changed,3,2,False,False
2023-12-23 00:22:26,WimProvider.dll.mui,,0.2198,8729758823.0,4.0,1328010256.0,0.9,0.6802,HIGH,Rule 1: Cross-artifact validation (LogFile + UsnJrnl),both,True,True,Time Reversal Event,File_Created / Basic_Info_Changed / Data_Added / Data_Overwritten / Access_Right_Changed,3,2,False,False
2023-12-23 00:22:26,LogProvider.dll,,0.2298,8729759805.0,6.0,1328010848.0,0.9,0.6702,HIGH,Rule 1: Cross-artifact validation (LogFile + UsnJrnl),both,True,True,Time Reversal Event,File_Created / Basic_Info_Changed / Data_Added / Data_Overwritten / Extended_Attr_Changed / Access_Right_Changed,3,2,False,False
2023-12-23 00:22:26,MsiProvider.dll,,0.2398,8729760776.0,0.0,1328011424.0,0.9,0.6602,HIGH,Rule 1: Cross-artifact validation (LogFile + UsnJrnl),both,True,True,Time Reversal Event,File_Created / Basic_Info_Changed / Data_Added / Data_Overwritten / Extended_Attr_Changed / Access_Right_Changed,3,2,False,False
2023-12-23 00:22:26,OfflineSetupProvider.dll,,0.2198,8729761746.0,2.0,1328012064.0,0.9,0.6802,HIGH,Rule 1: Cross-artifact validation (LogFile + UsnJrnl),both,True,True,Time Reversal Event,File_Created / Basic_Info_Changed / Data_Added / Data_Overwritten / Extended_Attr_Changed / Access_Right_Changed,3,2,False,False
2023-12-23 00:22:26,OSProvider.dll,,0.2298,8729762710.0,6.0,1328012640.0,0.9,0.6702,HIGH,Rule 1: Cross-artifact validation (LogFile + UsnJrnl),both,True,True,Time Reversal Event,File_Created / Basic_Info_Changed / Data_Added / Data_Overwritten / Extended_Attr_Changed / Access_Right_Changed,3,2,False,False
2023-12-23 00:22:26,ProvProvider.dll,,0.2398,8729764345.0,4.0,1328013200.0,0.9,0.6602,HIGH,Rule 1: Cross-artifact validation (LogFile + UsnJrnl),both,True,True,Time Reversal Event,File_Created / Basic_Info_Changed / Data_Added / Data_Overwritten / Extended_Attr_Changed / Access_Right_Changed,3,2,False,False
2023-12-23 00:22:26,SetupPlatformProvider.dll,,0.2098,8729765384.0,6.0,1328013856.0,0.9,0.6902,HIGH,Rule 1: Cross-artifact validation (LogFile + UsnJrnl),both,True,True,Time Reversal Event,File_Created / Basic_Info_Changed / Data_Added / Data_Overwritten / Extended_Attr_Changed / Access_Right_Changed,3,2,False,False
2023-12-23 00:22:26,SmiProvider.dll,,0.2398,8729766345.0,0.0,1328014464.0,0.9,0.6602,HIGH,Rule 1: Cross-artifact validation (LogFile + UsnJrnl),both,True,True,Time Reversal Event,File_Created / Basic_Info_Changed / Data_Added / Data_Overwritten / Extended_Attr_Changed / Access_Right_Changed,3,2,False,False
2023-12-23 00:22:26,SysprepProvider.dll,,0.2198,8729767319.0,2.0,1328015072.0,0.9,0.6802,HIGH,Rule 1: Cross-artifact validation (LogFile + UsnJrnl),both,True,True,Time Reversal Event,File_Created / Basic_Info_Changed / Data_Added / Data_Overwritten / Extended_Attr_Changed / Access_Right_Changed,3,2,False,False
2023-12-23 00:22:26,TransmogProvider.dll,,0.2198,8729768312.0,0.0,1328015696.0,0.9,0.6802,HIGH,Rule 1: Cross-artifact validation (LogFile + UsnJrnl),both,True,True,Time Reversal Event,File_Created / Basic_Info_Changed / Data_Added / Data_Overwritten / Extended_Attr_Changed / Access_Right_Changed,3,2,False,False
2023-12-23 00:22:26,UnattendProvider.dll,,0.2198,8729769306.0,2.0,1328016320.0,0.9,0.6802,HIGH,Rule 1: Cross-artifact validation (LogFile + UsnJrnl),both,True,True,Time Reversal Event,File_Created / Basic_Info_Changed / Data_Added / Data_Overwritten / Extended_Attr_Changed / Access_Right_Changed,3,2,False,False
2023-12-23 00:22:26,VhdProvider.dll,,0.2498,8729770280.0,4.0,1328016912.0,0.9,0.6502,HIGH,Rule 1: Cross-artifact validation (LogFile + UsnJrnl),both,True,True,Time Reversal Event,File_Created / Basic_Info_Changed / Data_Added / Data_Overwritten / Extended_Attr_Changed / Access_Right_Changed,3,2,False,False
2023-12-23 00:22:26,UnattendProvider.dll.mui,,0.2098,8729757010.0,6.0,1328008904.0,0.9,0.6902,HIGH,Rule 1: Cross-artifact validation (LogFile + UsnJrnl),both,True,True,Time Reversal Event,File_Created / Basic_Info_Changed / Data_Added / Data_Overwritten / Access_Right_Changed,3,2,False,False
2023-12-23 00:22:26,CbsProvider.dll.mui,,0.2098,8729740811.0,6.0,1327997968.0,0.9,0.6902,HIGH,Rule 1: Cross-artifact validation (LogFile + UsnJrnl),both,True,True,Time Reversal Event,File_Created / Basic_Info_Changed / Data_Added / Data_Overwritten / Access_Right_Changed,3,2,False,False
2023-12-23 00:22:26,GenericProvider.dll.mui,,0.2198,8729746305.0,2.0,1328001680.0,0.9,0.6802,HIGH,Rule 1: Cross-artifact validation (LogFile + UsnJrnl),both,True,True,Time Reversal Event,File_Created / Basic_Info_Changed / Data_Added / Data_Overwritten / Access_Right_Changed,3,2,False,False
2023-12-23 00:19:12,notification_fast.html,\Users\blueangel\AppData\Local\Microsoft\Edge\User Data\Edge Wallet\120.16978.16963.8\Notification\notification_fast.html,0.02,8728382887.0,0.0,1327754256.0,0.9,0.88,HIGH,Rule 1: Cross-artifact validation (LogFile + UsnJrnl),both,True,True,Time Reversal Event,File_Created / Basic_Info_Changed / Data_Added,3,2,True,False
2023-12-23 00:19:12,manifest.cat,\Users\blueangel\AppData\Local\Microsoft\Edge\User Data\Edge Wallet\120.16978.16963.8\Notification\_manifest\spdx_2.2\manifest.cat,0.04,8728385043.0,4.0,1327755352.0,0.9,0.86,HIGH,Rule 1: Cross-artifact validation (LogFile + UsnJrnl),both,True,True,Time Reversal Event,File_Created / Basic_Info_Changed / Data_Added,3,2,True,False
2023-12-23 00:19:11,strings.json,\Users\blueangel\AppData\Local\Microsoft\Edge\User Data\Edge Wallet\120.16978.16963.8\json\i18n-shared-components\ar\strings.json,0.04,8728303691.0,0.0,1327724600.0,0.9,0.86,HIGH,Rule 1: Cross-artifact validation (LogFile + UsnJrnl),both,True,True,Time Reversal Event,File_Created / Basic_Info_Changed / Data_Added,3,2,True,False
2023-12-23 00:19:11,strings.json,\Users\blueangel\AppData\Local\Microsoft\Edge\User Data\Edge Wallet\120.16978.16963.8\json\i18n-notification-shared\en-GB\strings.json,0.04,8728268478.0,6.0,1327707176.0,0.9,0.86,HIGH,Rule 1: Cross-artifact validation (LogFile + UsnJrnl),both,True,True,Time Reversal Event,File_Created / Basic_Info_Changed / Data_Added,3,2,True,False
2023-12-23 00:19:11,strings.json,\Users\blueangel\AppData\Local\Microsoft\Edge\User Data\Edge Wallet\120.16978.16963.8\json\i18n-notification-shared\de\strings.json,0.04,8728266265.0,6.0,1327706200.0,0.9,0.86,HIGH,Rule 1: Cross-artifact validation (LogFile + UsnJrnl),both,True,True,Time Reversal Event,File_Created / Basic_Info_Changed / Data_Added,3,2,True,False
2023-12-23 00:19:11,strings.json,\Users\blueangel\AppData\Local\Microsoft\Edge\User Data\Edge Wallet\120.16978.16963.8\json\i18n-hub\el\strings.json,0.04,8728221627.0,0.0,1327688736.0,0.9,0.86,HIGH,Rule 1: Cross-artifact validation (LogFile + UsnJrnl),both,True,True,Time Reversal Event,File_Created / Basic_Info_Changed / Data_Added,3,2,True,False
2023-12-23 00:19:11,strings.json,\Users\blueangel\AppData\Local\Microsoft\Edge\User Data\Edge Wallet\120.16978.16963.8\json\i18n-hub\de\strings.json,0.04,8728220315.0,4.0,1327688256.0,0.9,0.86,HIGH,Rule 1: Cross-artifact validation (LogFile + UsnJrnl),both,True,True,Time Reversal Event,File_Created / Basic_Info_Changed / Data_Added,3,2,True,False
2023-12-23 00:19:11,strings.json,\Users\blueangel\AppData\Local\Microsoft\Edge\User Data\Edge Wallet\120.16978.16963.8\json\i18n-hub\ar\strings.json,0.04,8728218987.0,0.0,1327687776.0,0.9,0.86,HIGH,Rule 1: Cross-artifact validation (LogFile + UsnJrnl),both,True,True,Time Reversal Event,File_Created / Basic_Info_Changed / Data_Added,3,2,True,False
2023-12-23 00:19:11,strings.json,\Users\blueangel\AppData\Local\Microsoft\Edge\User Data\Edge Wallet\120.16978.16963.8\json\i18n-ec\zh-Hant\strings.json,0.04,8728217368.0,2.0,1327687136.0,0.9,0.86,HIGH,Rule 1: Cross-artifact validation (LogFile + UsnJrnl),both,True,True,Time Reversal Event,File_Created / Basic_Info_Changed / Data_Added,3,2,True,False
2023-12-23 00:19:11,strings.json,\Users\blueangel\AppData\Local\Microsoft\Edge\User Data\Edge Wallet\120.16978.16963.8\json\i18n-ec\zh-Hans\strings.json,0.04,8728216193.0,6.0,1327686624.0,0.9,0.86,HIGH,Rule 1: Cross-artifact validation (LogFile + UsnJrnl),both,True,True,Time Reversal Event,File_Created / Basic_Info_Changed / Data_Added,3,2,True,False
2023-12-23 00:19:11,strings.json,\Users\blueangel\AppData\Local\Microsoft\Edge\User Data\Edge Wallet\120.16978.16963.8\json\i18n-ec\sv\strings.json,0.04,8728214998.0,2.0,1327686112.0,0.9,0.86,HIGH,Rule 1: Cross-artifact validation (LogFile + UsnJrnl),both,True,True,Time Reversal Event,File_Created / Basic_Info_Changed / Data_Added,3,2,True,False
2023-12-23 00:19:11,strings.json,\Users\blueangel\AppData\Local\Microsoft\Edge\User Data\Edge Wallet\120.16978.16963.8\json\i18n-ec\ru\strings.json,0.04,8728213890.0,2.0,1327685632.0,0.9,0.86,HIGH,Rule 1: Cross-artifact validation (LogFile + UsnJrnl),both,True,True,Time Reversal Event,File_Created / Basic_Info_Changed / Data_Added,3,2,True,False
2023-12-23 00:19:11,strings.json,\Users\blueangel\AppData\Local\Microsoft\Edge\User Data\Edge Wallet\120.16978.16963.8\json\i18n-ec\pt-PT\strings.json,0.04,8728212726.0,6.0,1327685120.0,0.9,0.86,HIGH,Rule 1: Cross-artifact validation (LogFile + UsnJrnl),both,True,True,Time Reversal Event,File_Created / Basic_Info_Changed / Data_Added,3,2,True,False
2023-12-23 00:19:11,strings.json,\Users\blueangel\AppData\Local\Microsoft\Edge\User Data\Edge Wallet\120.16978.16963.8\json\i18n-ec\pt-BR\strings.json,0.04,8728211558.0,2.0,1327684624.0,0.9,0.86,HIGH,Rule 1: Cross-artifact validation (LogFile + UsnJrnl),both,True,True,Time Reversal Event,File_Created / Basic_Info_Changed / Data_Added,3,2,True,False
2023-12-23 00:19:11,strings.json,\Users\blueangel\AppData\Local\Microsoft\Edge\User Data\Edge Wallet\120.16978.16963.8\json\i18n-ec\nl\strings.json,0.04,8728210377.0,6.0,1327684128.0,0.9,0.86,HIGH,Rule 1: Cross-artifact validation (LogFile + UsnJrnl),both,True,True,Time Reversal Event,File_Created / Basic_Info_Changed / Data_Added,3,2,True,False
2023-12-23 00:19:11,strings.json,\Users\blueangel\AppData\Local\Microsoft\Edge\User Data\Edge Wallet\120.16978.16963.8\json\i18n-ec\ja\strings.json,0.04,8728209197.0,2.0,1327683648.0,0.9,0.86,HIGH,Rule 1: Cross-artifact validation (LogFile + UsnJrnl),both,True,True,Time Reversal Event,File_Created / Basic_Info_Changed / Data_Added,3,2,True,False
2023-12-23 00:19:11,strings.json,\Users\blueangel\AppData\Local\Microsoft\Edge\User Data\Edge Wallet\120.16978.16963.8\json\i18n-ec\it\strings.json,0.04,8728208033.0,6.0,1327683168.0,0.9,0.86,HIGH,Rule 1: Cross-artifact validation (LogFile + UsnJrnl),both,True,True,Time Reversal Event,File_Created / Basic_Info_Changed / Data_Added,3,2,True,False
2023-12-23 00:19:11,strings.json,\Users\blueangel\AppData\Local\Microsoft\Edge\User Data\Edge Wallet\120.16978.16963.8\json\i18n-ec\id\strings.json,0.04,8728206867.0,6.0,1327682688.0,0.9,0.86,HIGH,Rule 1: Cross-artifact validation (LogFile + UsnJrnl),both,True,True,Time Reversal Event,File_Created / Basic_Info_Changed / Data_Added,3,2,True,False
2023-12-23 00:19:11,strings.json,\Users\blueangel\AppData\Local\Microsoft\Edge\User Data\Edge Wallet\120.16978.16963.8\json\i18n-ec\fr\strings.json,0.04,8728205685.0,6.0,1327682208.0,0.9,0.86,HIGH,Rule 1: Cross-artifact validation (LogFile + UsnJrnl),both,True,True,Time Reversal Event,File_Created / Basic_Info_Changed / Data_Added,3,2,True,False
2023-12-23 00:19:11,strings.json,\Users\blueangel\AppData\Local\Microsoft\Edge\User Data\Edge Wallet\120.16978.16963.8\json\i18n-hub\en-GB\strings.json,0.04,8728222887.0,4.0,1327689232.0,0.9,0.86,HIGH,Rule 1: Cross-artifact validation (LogFile + UsnJrnl),both,True,True,Time Reversal Event,File_Created / Basic_Info_Changed / Data_Added,3,2,True,False
2023-12-23 00:19:11,strings.json,\Users\blueangel\AppData\Local\Microsoft\Edge\User Data\Edge Wallet\120.16978.16963.8\json\i18n-ec\fr-CA\strings.json,0.04,8728204824.0,4.0,1327681856.0,0.9,0.86,HIGH,Rule 1: Cross-artifact validation (LogFile + UsnJrnl),both,True,True,Time Reversal Event,File_Created / Basic_Info_Changed / Data_Added,3,2,True,False
2023-12-23 00:19:11,strings.json,\Users\blueangel\AppData\Local\Microsoft\Edge\User Data\Edge Wallet\120.16978.16963.8\json\i18n-ec\es\strings.json,0.04,8728201803.0,0.0,1327680720.0,0.9,0.86,HIGH,Rule 1: Cross-artifact validation (LogFile + UsnJrnl),both,True,True,Time Reversal Event,File_Created / Basic_Info_Changed / Data_Added,3,2,True,False
2023-12-23 00:19:11,strings.json,\Users\blueangel\AppData\Local\Microsoft\Edge\User Data\Edge Wallet\120.16978.16963.8\json\i18n-ec\en-GB\strings.json,0.04,8728200627.0,4.0,1327680240.0,0.9,0.86,HIGH,Rule 1: Cross-artifact validation (LogFile + UsnJrnl),both,True,True,Time Reversal Event,File_Created / Basic_Info_Changed / Data_Added,3,2,True,False
2023-12-23 00:19:11,strings.json,\Users\blueangel\AppData\Local\Microsoft\Edge\User Data\Edge Wallet\120.16978.16963.8\json\i18n-ec\el\strings.json,0.04,8728199566.0,0.0,1327679744.0,0.9,0.86,HIGH,Rule 1: Cross-artifact validation (LogFile + UsnJrnl),both,True,True,Time Reversal Event,File_Created / Basic_Info_Changed / Data_Added,3,2,True,False
2023-12-23 00:19:11,strings.json,\Users\blueangel\AppData\Local\Microsoft\Edge\User Data\Edge Wallet\120.16978.16963.8\json\i18n-ec\de\strings.json,0.04,8728198383.0,4.0,1327679264.0,0.9,0.86,HIGH,Rule 1: Cross-artifact validation (LogFile + UsnJrnl),both,True,True,Time Reversal Event,File_Created / Basic_Info_Changed / Data_Added,3,2,True,False
2023-12-23 00:19:11,strings.json,\Users\blueangel\AppData\Local\Microsoft\Edge\User Data\Edge Wallet\120.16978.16963.8\json\i18n-ec\ar\strings.json,0.04,8728197209.0,0.0,1327678784.0,0.9,0.86,HIGH,Rule 1: Cross-artifact validation (LogFile + UsnJrnl),both,True,True,Time Reversal Event,File_Created / Basic_Info_Changed / Data_Added,3,2,True,False
2023-12-23 00:19:11,hub-signature.txt,\Users\blueangel\AppData\Local\Microsoft\Edge\User Data\Edge Wallet\120.16978.16963.8\hub-signature.txt,0.02,8728195531.0,6.0,1327677984.0,0.9,0.88,HIGH,Rule 1: Cross-artifact validation (LogFile + UsnJrnl),both,True,True,Time Reversal Event,File_Created / Basic_Info_Changed / Data_Added,3,2,True,False
2023-12-23 00:19:11,edge_driver.js,\Users\blueangel\AppData\Local\Microsoft\Edge\User Data\Edge Wallet\120.16978.16963.8\edge_driver.js,0.04,8728194761.0,6.0,1327677616.0,0.9,0.86,HIGH,Rule 1: Cross-artifact validation (LogFile + UsnJrnl),both,True,True,Time Reversal Event,File_Created / Basic_Info_Changed / Data_Added,3,2,True,False
2023-12-23 00:19:11,driver-signature.txt,\Users\blueangel\AppData\Local\Microsoft\Edge\User Data\Edge Wallet\120.16978.16963.8\driver-signature.txt,0.02,8728190734.0,4.0,1327677160.0,0.9,0.88,HIGH,Rule 1: Cross-artifact validation (LogFile + UsnJrnl),both,True,True,Time Reversal Event,File_Created / Basic_Info_Changed / Data_Added,3,2,True,False
2023-12-23 00:19:11,crypto.bundle.js,\Users\blueangel\AppData\Local\Microsoft\Edge\User Data\Edge Wallet\120.16978.16963.8\crypto.bundle.js,0.04,8728190014.0,0.0,1327676760.0,0.9,0.86,HIGH,Rule 1: Cross-artifact validation (LogFile + UsnJrnl),both,True,True,Time Reversal Event,File_Created / Basic_Info_Changed / Data_Added,3,2,True,False
2023-12-23 00:19:11,buynow_driver.js,\Users\blueangel\AppData\Local\Microsoft\Edge\User Data\Edge Wallet\120.16978.16963.8\buynow_driver.js,0.04,8728189432.0,2.0,1327676376.0,0.9,0.86,HIGH,Rule 1: Cross-artifact validation (LogFile + UsnJrnl),both,True,True,Time Reversal Event,File_Created / Basic_Info_Changed / Data_Added,3,2,True,False
2023-12-23 00:19:11,bnpl_driver.js,\Users\blueangel\AppData\Local\Microsoft\Edge\User Data\Edge Wallet\120.16978.16963.8\bnpl_driver.js,0.04,8728188664.0,0.0,1327676008.0,0.9,0.86,HIGH,Rule 1: Cross-artifact validation (LogFile + UsnJrnl),both,True,True,Time Reversal Event,File_Created / Basic_Info_Changed / Data_Added,3,2,True,False
2023-12-23 00:19:11,bnpl.html,\Users\blueangel\AppData\Local\Microsoft\Edge\User Data\Edge Wallet\120.16978.16963.8\bnpl\bnpl.html,0.0499,8728187672.0,6.0,1327675672.0,0.9,0.8501,HIGH,Rule 1: Cross-artifact validation (LogFile + UsnJrnl),both,True,True,Time Reversal Event,File_Created / Basic_Info_Changed / Data_Added,3,2,True,False
2023-12-23 00:19:11,app-setup.js,\Users\blueangel\AppData\Local\Microsoft\Edge\User Data\Edge Wallet\120.16978.16963.8\app-setup.js,0.04,8728184278.0,2.0,1327674392.0,0.9,0.86,HIGH,Rule 1: Cross-artifact validation (LogFile + UsnJrnl),both,True,True,Time Reversal Event,File_Created / Basic_Info_Changed / Data_Added,3,2,True,False
2023-12-23 00:19:11,strings.json,\Users\blueangel\AppData\Local\Microsoft\Edge\User Data\Edge Wallet\120.16978.16963.8\json\i18n-shared-components\ru\strings.json,0.04,8728322084.0,2.0,1327731984.0,0.9,0.86,HIGH,Rule 1: Cross-artifact validation (LogFile + UsnJrnl),both,True,True,Time Reversal Event,File_Created / Basic_Info_Changed / Data_Added,3,2,True,False
2023-12-23 00:19:11,bnpl.bundle.js,\Users\blueangel\AppData\Local\Microsoft\Edge\User Data\Edge Wallet\120.16978.16963.8\bnpl\bnpl.bundle.js,0.04,8728186120.0,6.0,1327674888.0,0.9,0.86,HIGH,Rule 1: Cross-artifact validation (LogFile + UsnJrnl),both,True,True,Time Reversal Event,File_Created / Basic_Info_Changed / Data_Added,3,2,True,False
2023-12-23 00:19:11,strings.json,\Users\blueangel\AppData\Local\Microsoft\Edge\User Data\Edge Wallet\120.16978.16963.8\json\i18n-shared-components\de\strings.json,0.04,8728304890.0,4.0,1327725080.0,0.9,0.86,HIGH,Rule 1: Cross-artifact validation (LogFile + UsnJrnl),both,True,True,Time Reversal Event,File_Created / Basic_Info_Changed / Data_Added,3,2,True,False
2023-12-23 00:19:11,strings.json,\Users\blueangel\AppData\Local\Microsoft\Edge\User Data\Edge Wallet\120.16978.16963.8\json\i18n-tokenized-card\pt-PT\strings.json,0.04,8728338410.0,2.0,1327739624.0,0.9,0.86,HIGH,Rule 1: Cross-artifact validation (LogFile + UsnJrnl),both,True,True,Time Reversal Event,File_Created / Basic_Info_Changed / Data_Added,3,2,True,False
2023-12-23 00:19:11,strings.json,\Users\blueangel\AppData\Local\Microsoft\Edge\User Data\Edge Wallet\120.16978.16963.8\json\i18n-tokenized-card\pt-BR\strings.json,0.04,8728337391.0,6.0,1327739128.0,0.9,0.86,HIGH,Rule 1: Cross-artifact validation (LogFile + UsnJrnl),both,True,True,Time Reversal Event,File_Created / Basic_Info_Changed / Data_Added,3,2,True,False
2023-12-23 00:19:11,strings.json,\Users\blueangel\AppData\Local\Microsoft\Edge\User Data\Edge Wallet\120.16978.16963.8\json\i18n-tokenized-card\nl\strings.json,0.04,8728336323.0,2.0,1327738568.0,0.9,0.86,HIGH,Rule 1: Cross-artifact validation (LogFile + UsnJrnl),both,True,True,Time Reversal Event,File_Created / Basic_Info_Changed / Data_Added,3,2,True,False
2023-12-23 00:19:11,strings.json,\Users\blueangel\AppData\Local\Microsoft\Edge\User Data\Edge Wallet\120.16978.16963.8\json\i18n-tokenized-card\ja\strings.json,0.04,8728335290.0,6.0,1327738088.0,0.9,0.86,HIGH,Rule 1: Cross-artifact validation (LogFile + UsnJrnl),both,True,True,Time Reversal Event,File_Created / Basic_Info_Changed / Data_Added,3,2,True,False
2023-12-23 00:19:11,strings.json,\Users\blueangel\AppData\Local\Microsoft\Edge\User Data\Edge Wallet\120.16978.16963.8\json\i18n-tokenized-card\it\strings.json,0.04,8728334275.0,2.0,1327737608.0,0.9,0.86,HIGH,Rule 1: Cross-artifact validation (LogFile + UsnJrnl),both,True,True,Time Reversal Event,File_Created / Basic_Info_Changed / Data_Added,3,2,True,False
2023-12-23 00:19:11,strings.json,\Users\blueangel\AppData\Local\Microsoft\Edge\User Data\Edge Wallet\120.16978.16963.8\json\i18n-tokenized-card\id\strings.json,0.04,8728333256.0,6.0,1327737128.0,0.9,0.86,HIGH,Rule 1: Cross-artifact validation (LogFile + UsnJrnl),both,True,True,Time Reversal Event,File_Created / Basic_Info_Changed / Data_Added,3,2,True,False
2023-12-23 00:19:11,strings.json,\Users\blueangel\AppData\Local\Microsoft\Edge\User Data\Edge Wallet\120.16978.16963.8\json\i18n-tokenized-card\fr\strings.json,0.04,8728331949.0,2.0,1327736648.0,0.9,0.86,HIGH,Rule 1: Cross-artifact validation (LogFile + UsnJrnl),both,True,True,Time Reversal Event,File_Created / Basic_Info_Changed / Data_Added,3,2,True,False
2023-12-23 00:19:11,strings.json,\Users\blueangel\AppData\Local\Microsoft\Edge\User Data\Edge Wallet\120.16978.16963.8\json\i18n-tokenized-card\fr-CA\strings.json,0.04,8728331254.0,0.0,1327736296.0,0.9,0.86,HIGH,Rule 1: Cross-artifact validation (LogFile + UsnJrnl),both,True,True,Time Reversal Event,File_Created / Basic_Info_Changed / Data_Added,3,2,True,False
2023-12-23 00:19:11,strings.json,\Users\blueangel\AppData\Local\Microsoft\Edge\User Data\Edge Wallet\120.16978.16963.8\json\i18n-tokenized-card\es\strings.json,0.04,8728329899.0,2.0,1327735672.0,0.9,0.86,HIGH,Rule 1: Cross-artifact validation (LogFile + UsnJrnl),both,True,True,Time Reversal Event,File_Created / Basic_Info_Changed / Data_Added,3,2,True,False
2023-12-23 00:19:11,strings.json,\Users\blueangel\AppData\Local\Microsoft\Edge\User Data\Edge Wallet\120.16978.16963.8\json\i18n-tokenized-card\en-GB\strings.json,0.04,8728328879.0,6.0,1327735192.0,0.9,0.86,HIGH,Rule 1: Cross-artifact validation (LogFile + UsnJrnl),both,True,True,Time Reversal Event,File_Created / Basic_Info_Changed / Data_Added,3,2,True,False
2023-12-23 00:19:11,strings.json,\Users\blueangel\AppData\Local\Microsoft\Edge\User Data\Edge Wallet\120.16978.16963.8\json\i18n-tokenized-card\de\strings.json,0.04,8728327811.0,0.0,1327734656.0,0.9,0.86,HIGH,Rule 1: Cross-artifact validation (LogFile + UsnJrnl),both,True,True,Time Reversal Event,File_Created / Basic_Info_Changed / Data_Added,3,2,True,False
2023-12-23 00:19:11,strings.json,\Users\blueangel\AppData\Local\Microsoft\Edge\User Data\Edge Wallet\120.16978.16963.8\json\i18n-tokenized-card\ar\strings.json,0.04,8728326786.0,4.0,1327734176.0,0.9,0.86,HIGH,Rule 1: Cross-artifact validation (LogFile + UsnJrnl),both,True,True,Time Reversal Event,File_Created / Basic_Info_Changed / Data_Added,3,2,True,False
2023-12-23 00:19:11,strings.json,\Users\blueangel\AppData\Local\Microsoft\Edge\User Data\Edge Wallet\120.16978.16963.8\json\i18n-shared-components\zh-Hant\strings.json,0.04,8728325438.0,6.0,1327733488.0,0.9,0.86,HIGH,Rule 1: Cross-artifact validation (LogFile + UsnJrnl),both,True,True,Time Reversal Event,File_Created / Basic_Info_Changed / Data_Added,3,2,True,False
2023-12-23 00:19:11,strings.json,\Users\blueangel\AppData\Local\Microsoft\Edge\User Data\Edge Wallet\120.16978.16963.8\json\i18n-shared-components\zh-Hans\strings.json,0.04,8728324401.0,2.0,1327732976.0,0.9,0.86,HIGH,Rule 1: Cross-artifact validation (LogFile + UsnJrnl),both,True,True,Time Reversal Event,File_Created / Basic_Info_Changed / Data_Added,3,2,True,False
2023-12-23 00:19:11,strings.json,\Users\blueangel\AppData\Local\Microsoft\Edge\User Data\Edge Wallet\120.16978.16963.8\json\i18n-notification-shared\es\strings.json,0.04,8728269513.0,2.0,1327707656.0,0.9,0.86,HIGH,Rule 1: Cross-artifact validation (LogFile + UsnJrnl),both,True,True,Time Reversal Event,File_Created / Basic_Info_Changed / Data_Added,3,2,True,False
2023-12-23 00:19:11,strings.json,\Users\blueangel\AppData\Local\Microsoft\Edge\User Data\Edge Wallet\120.16978.16963.8\json\i18n-shared-components\sv\strings.json,0.04,8728323273.0,6.0,1327732464.0,0.9,0.86,HIGH,Rule 1: Cross-artifact validation (LogFile + UsnJrnl),both,True,True,Time Reversal Event,File_Created / Basic_Info_Changed / Data_Added,3,2,True,False
2023-12-23 00:19:11,strings.json,\Users\blueangel\AppData\Local\Microsoft\Edge\User Data\Edge Wallet\120.16978.16963.8\json\i18n-shared-components\pt-PT\strings.json,0.04,8728320887.0,6.0,1327731504.0,0.9,0.86,HIGH,Rule 1: Cross-artifact validation (LogFile + UsnJrnl),both,True,True,Time Reversal Event,File_Created / Basic_Info_Changed / Data_Added,3,2,True,False
2023-12-23 00:19:11,strings.json,\Users\blueangel\AppData\Local\Microsoft\Edge\User Data\Edge Wallet\120.16978.16963.8\json\i18n-shared-components\pt-BR\strings.json,0.04,8728319678.0,2.0,1327731008.0,0.9,0.86,HIGH,Rule 1: Cross-artifact validation (LogFile + UsnJrnl),both,True,True,Time Reversal Event,File_Created / Basic_Info_Changed / Data_Added,3,2,True,False
2023-12-23 00:19:11,strings.json,\Users\blueangel\AppData\Local\Microsoft\Edge\User Data\Edge Wallet\120.16978.16963.8\json\i18n-shared-components\nl\strings.json,0.04,8728318427.0,2.0,1327730448.0,0.9,0.86,HIGH,Rule 1: Cross-artifact validation (LogFile + UsnJrnl),both,True,True,Time Reversal Event,File_Created / Basic_Info_Changed / Data_Added,3,2,True,False
2023-12-23 00:19:11,strings.json,\Users\blueangel\AppData\Local\Microsoft\Edge\User Data\Edge Wallet\120.16978.16963.8\json\i18n-shared-components\ko\strings.json,0.04,8728317238.0,6.0,1327729968.0,0.9,0.86,HIGH,Rule 1: Cross-artifact validation (LogFile + UsnJrnl),both,True,True,Time Reversal Event,File_Created / Basic_Info_Changed / Data_Added,3,2,True,False
2023-12-23 00:19:11,strings.json,\Users\blueangel\AppData\Local\Microsoft\Edge\User Data\Edge Wallet\120.16978.16963.8\json\i18n-shared-components\ja\strings.json,0.04,8728316045.0,2.0,1327729488.0,0.9,0.86,HIGH,Rule 1: Cross-artifact validation (LogFile + UsnJrnl),both,True,True,Time Reversal Event,File_Created / Basic_Info_Changed / Data_Added,3,2,True,False
2023-12-23 00:19:11,strings.json,\Users\blueangel\AppData\Local\Microsoft\Edge\User Data\Edge Wallet\120.16978.16963.8\json\i18n-shared-components\it\strings.json,0.04,8728314825.0,6.0,1327729008.0,0.9,0.86,HIGH,Rule 1: Cross-artifact validation (LogFile + UsnJrnl),both,True,True,Time Reversal Event,File_Created / Basic_Info_Changed / Data_Added,3,2,True,False
2023-12-23 00:19:11,strings.json,\Users\blueangel\AppData\Local\Microsoft\Edge\User Data\Edge Wallet\120.16978.16963.8\json\i18n-shared-components\id\strings.json,0.04,8728313631.0,2.0,1327728528.0,0.9,0.86,HIGH,Rule 1: Cross-artifact validation (LogFile + UsnJrnl),both,True,True,Time Reversal Event,File_Created / Basic_Info_Changed / Data_Added,3,2,True,False
2023-12-23 00:19:11,strings.json,\Users\blueangel\AppData\Local\Microsoft\Edge\User Data\Edge Wallet\120.16978.16963.8\json\i18n-shared-components\fr\strings.json,0.04,8728312437.0,6.0,1327728048.0,0.9,0.86,HIGH,Rule 1: Cross-artifact validation (LogFile + UsnJrnl),both,True,True,Time Reversal Event,File_Created / Basic_Info_Changed / Data_Added,3,2,True,False
2023-12-23 00:19:11,strings.json,\Users\blueangel\AppData\Local\Microsoft\Edge\User Data\Edge Wallet\120.16978.16963.8\json\i18n-shared-components\fr-CA\strings.json,0.04,8728311568.0,2.0,1327727696.0,0.9,0.86,HIGH,Rule 1: Cross-artifact validation (LogFile + UsnJrnl),both,True,True,Time Reversal Event,File_Created / Basic_Info_Changed / Data_Added,3,2,True,False
2023-12-23 00:19:11,strings.json,\Users\blueangel\AppData\Local\Microsoft\Edge\User Data\Edge Wallet\120.16978.16963.8\json\i18n-shared-components\fi\strings.json,0.04,8728309730.0,4.0,1327727072.0,0.9,0.86,HIGH,Rule 1: Cross-artifact validation (LogFile + UsnJrnl),both,True,True,Time Reversal Event,File_Created / Basic_Info_Changed / Data_Added,3,2,True,False
2023-12-23 00:19:11,strings.json,\Users\blueangel\AppData\Local\Microsoft\Edge\User Data\Edge Wallet\120.16978.16963.8\json\i18n-shared-components\es\strings.json,0.04,8728308492.0,0.0,1327726592.0,0.9,0.86,HIGH,Rule 1: Cross-artifact validation (LogFile + UsnJrnl),both,True,True,Time Reversal Event,File_Created / Basic_Info_Changed / Data_Added,3,2,True,False
2023-12-23 00:19:11,strings.json,\Users\blueangel\AppData\Local\Microsoft\Edge\User Data\Edge Wallet\120.16978.16963.8\json\i18n-shared-components\en-GB\strings.json,0.04,8728307299.0,4.0,1327726056.0,0.9,0.86,HIGH,Rule 1: Cross-artifact validation (LogFile + UsnJrnl),both,True,True,Time Reversal Event,File_Created / Basic_Info_Changed / Data_Added,3,2,True,False
2023-12-23 00:19:11,strings.json,\Users\blueangel\AppData\Local\Microsoft\Edge\User Data\Edge Wallet\120.16978.16963.8\json\i18n-shared-components\el\strings.json,0.04,8728306095.0,0.0,1327725560.0,0.9,0.86,HIGH,Rule 1: Cross-artifact validation (LogFile + UsnJrnl),both,True,True,Time Reversal Event,File_Created / Basic_Info_Changed / Data_Added,3,2,True,False
2023-12-23 00:19:11,strings.json,\Users\blueangel\AppData\Local\Microsoft\Edge\User Data\Edge Wallet\120.16978.16963.8\json\i18n-notification-shared\el\strings.json,0.04,8728267350.0,2.0,1327706680.0,0.9,0.86,HIGH,Rule 1: Cross-artifact validation (LogFile + UsnJrnl),both,True,True,Time Reversal Event,File_Created / Basic_Info_Changed / Data_Added,3,2,True,False
2023-12-23 00:19:11,strings.json,\Users\blueangel\AppData\Local\Microsoft\Edge\User Data\Edge Wallet\120.16978.16963.8\json\i18n-ec\fi\strings.json,0.04,8728202968.0,2.0,1327681200.0,0.9,0.86,HIGH,Rule 1: Cross-artifact validation (LogFile + UsnJrnl),both,True,True,Time Reversal Event,File_Created / Basic_Info_Changed / Data_Added,3,2,True,False
2023-12-23 00:19:12,wallet.html,\Users\blueangel\AppData\Local\Microsoft\Edge\User Data\Edge Wallet\120.16978.16963.8\wallet.html,0.04,8728425286.0,6.0,1327766992.0,0.9,0.86,HIGH,Rule 1: Cross-artifact validation (LogFile + UsnJrnl),both,True,True,Time Reversal Event,File_Created / Basic_Info_Changed / Data_Added,3,2,True,False
2023-12-23 00:19:11,strings.json,\Users\blueangel\AppData\Local\Microsoft\Edge\User Data\Edge Wallet\120.16978.16963.8\json\i18n-hub\pt-BR\strings.json,0.04,8728236157.0,4.0,1327694144.0,0.9,0.86,HIGH,Rule 1: Cross-artifact validation (LogFile + UsnJrnl),both,True,True,Time Reversal Event,File_Created / Basic_Info_Changed / Data_Added,3,2,True,False
2023-12-23 00:19:12,wallet_checkout_autofill_driver.js,\Users\blueangel\AppData\Local\Microsoft\Edge\User Data\Edge Wallet\120.16978.16963.8\wallet_checkout_autofill_driver.js,0.02,8728426038.0,0.0,1327767424.0,0.9,0.88,HIGH,Rule 1: Cross-artifact validation (LogFile + UsnJrnl),both,True,True,Time Reversal Event,File_Created / Basic_Info_Changed / Data_Added,3,2,True,False
2023-12-23 00:19:12,manifest.spdx.json.sha256,\Users\blueangel\AppData\Local\Microsoft\Edge\User Data\Edge Wallet\120.16978.16963.8\Notification\_manifest\spdx_2.2\manifest.spdx.json.sha256,0.02,8728390174.0,6.0,1327756136.0,0.9,0.88,HIGH,Rule 1: Cross-artifact validation (LogFile + UsnJrnl),both,True,True,Time Reversal Event,File_Created / Basic_Info_Changed / Data_Added,3,2,True,False
2023-12-23 00:19:12,runtime.bundle.js,\Users\blueangel\AppData\Local\Microsoft\Edge\User Data\Edge Wallet\120.16978.16963.8\runtime.bundle.js,0.02,8728390828.0,2.0,1327756552.0,0.9,0.88,HIGH,Rule 1: Cross-artifact validation (LogFile + UsnJrnl),both,True,True,Time Reversal Event,File_Created / Basic_Info_Changed / Data_Added,3,2,True,False
2023-12-23 00:19:12,shopping_iframe_driver.js,\Users\blueangel\AppData\Local\Microsoft\Edge\User Data\Edge Wallet\120.16978.16963.8\shopping_iframe_driver.js,0.02,8728391636.0,0.0,1327756968.0,0.9,0.88,HIGH,Rule 1: Cross-artifact validation (LogFile + UsnJrnl),both,True,True,Time Reversal Event,File_Created / Basic_Info_Changed / Data_Added,3,2,True,False
2023-12-23 00:19:12,vendor.bundle.js,\Users\blueangel\AppData\Local\Microsoft\Edge\User Data\Edge Wallet\120.16978.16963.8\vendor.bundle.js,0.04,8728404877.0,6.0,1327760816.0,0.9,0.86,HIGH,Rule 1: Cross-artifact validation (LogFile + UsnJrnl),both,True,True,Time Reversal Event,File_Created / Basic_Info_Changed / Data_Added,3,2,True,False
2023-12-23 00:19:12,tokenized-card.bundle.js.LICENSE.txt,\Users\blueangel\AppData\Local\Microsoft\Edge\User Data\Edge Wallet\120.16978.16963.8\Tokenized-Card\tokenized-card.bundle.js.LICENSE.txt,0.02,8728394334.0,0.0,1327758088.0,0.9,0.88,HIGH,Rule 1: Cross-artifact validation (LogFile + UsnJrnl),both,True,True,Time Reversal Event,File_Created / Basic_Info_Changed / Data_Added,3,2,True,False
2023-12-23 00:19:12,tokenized-card.html,\Users\blueangel\AppData\Local\Microsoft\Edge\User Data\Edge Wallet\120.16978.16963.8\Tokenized-Card\tokenized-card.html,0.02,8728395375.0,0.0,1327758568.0,0.9,0.88,HIGH,Rule 1: Cross-artifact validation (LogFile + UsnJrnl),both,True,True,Time Reversal Event,File_Created / Basic_Info_Changed / Data_Added,3,2,True,False
2023-12-23 00:19:12,bsi.json,\Users\blueangel\AppData\Local\Microsoft\Edge\User Data\Edge Wallet\120.16978.16963.8\Tokenized-Card\_manifest\spdx_2.2\bsi.json,0.0599,8728396777.0,0.0,1327759256.0,0.9,0.8401,HIGH,Rule 1: Cross-artifact validation (LogFile + UsnJrnl),both,True,True,Time Reversal Event,File_Created / Basic_Info_Changed / Data_Added,3,2,True,False
2023-12-23 00:19:12,manifest.cat,\Users\blueangel\AppData\Local\Microsoft\Edge\User Data\Edge Wallet\120.16978.16963.8\Tokenized-Card\_manifest\spdx_2.2\manifest.cat,0.04,8728397663.0,2.0,1327759616.0,0.9,0.86,HIGH,Rule 1: Cross-artifact validation (LogFile + UsnJrnl),both,True,True,Time Reversal Event,File_Created / Basic_Info_Changed / Data_Added,3,2,True,False
2023-12-23 00:19:12,manifest.spdx.json,\Users\blueangel\AppData\Local\Microsoft\Edge\User Data\Edge Wallet\120.16978.16963.8\Tokenized-Card\_manifest\spdx_2.2\manifest.spdx.json,0.02,8728402143.0,2.0,1327759984.0,0.9,0.88,HIGH,Rule 1: Cross-artifact validation (LogFile + UsnJrnl),both,True,True,Time Reversal Event,File_Created / Basic_Info_Changed / Data_Added,3,2,True,False
2023-12-23 00:19:12,manifest.spdx.json.sha256,\Users\blueangel\AppData\Local\Microsoft\Edge\User Data\Edge Wallet\120.16978.16963.8\_manifest\spdx_2.2\manifest.spdx.json.sha256,0.02,8728431096.0,4.0,1327769728.0,0.9,0.88,HIGH,Rule 1: Cross-artifact validation (LogFile + UsnJrnl),both,True,True,Time Reversal Event,File_Created / Basic_Info_Changed / Data_Added,3,2,True,False
2023-12-23 00:19:12,manifest.spdx.json,\Users\blueangel\AppData\Local\Microsoft\Edge\User Data\Edge Wallet\120.16978.16963.8\_manifest\spdx_2.2\manifest.spdx.json,0.02,8728430058.0,0.0,1327769312.0,0.9,0.88,HIGH,Rule 1: Cross-artifact validation (LogFile + UsnJrnl),both,True,True,Time Reversal Event,File_Created / Basic_Info_Changed / Data_Added,3,2,True,False
2023-12-23 00:19:12,manifest.cat,\Users\blueangel\AppData\Local\Microsoft\Edge\User Data\Edge Wallet\120.16978.16963.8\_manifest\spdx_2.2\manifest.cat,0.04,8728429007.0,4.0,1327768944.0,0.9,0.86,HIGH,Rule 1: Cross-artifact validation (LogFile + UsnJrnl),both,True,True,Time Reversal Event,File_Created / Basic_Info_Changed / Data_Added,3,2,True,False
2023-12-23 00:19:12,bsi.json,\Users\blueangel\AppData\Local\Microsoft\Edge\User Data\Edge Wallet\120.16978.16963.8\_manifest\spdx_2.2\bsi.json,0.0599,8728428266.0,0.0,1327768608.0,0.9,0.8401,HIGH,Rule 1: Cross-artifact validation (LogFile + UsnJrnl),both,True,True,Time Reversal Event,File_Created / Basic_Info_Changed / Data_Added,3,2,True,False
2023-12-23 00:19:12,manifest.spdx.json,\Users\blueangel\AppData\Local\Microsoft\Edge\User Data\Edge Wallet\120.16978.16963.8\Notification\_manifest\spdx_2.2\manifest.spdx.json,0.02,8728389095.0,4.0,1327755720.0,0.9,0.88,HIGH,Rule 1: Cross-artifact validation (LogFile + UsnJrnl),both,True,True,Time Reversal Event,File_Created / Basic_Info_Changed / Data_Added,3,2,True,False
2023-12-23 00:19:12,wallet_donation_driver.js,\Users\blueangel\AppData\Local\Microsoft\Edge\User Data\Edge Wallet\120.16978.16963.8\wallet_donation_driver.js,0.02,8728426829.0,2.0,1327767904.0,0.9,0.88,HIGH,Rule 1: Cross-artifact validation (LogFile + UsnJrnl),both,True,True,Time Reversal Event,File_Created / Basic_Info_Changed / Data_Added,3,2,True,False
2023-12-23 00:19:12,wallet.bundle.js,\Users\blueangel\AppData\Local\Microsoft\Edge\User Data\Edge Wallet\120.16978.16963.8\wallet.bundle.js,0.04,8728424522.0,0.0,1327766624.0,0.9,0.86,HIGH,Rule 1: Cross-artifact validation (LogFile + UsnJrnl),both,True,True,Time Reversal Event,File_Created / Basic_Info_Changed / Data_Added,3,2,True,False
2023-12-23 00:19:12,wallet-icon.svg,\Users\blueangel\AppData\Local\Microsoft\Edge\User Data\Edge Wallet\120.16978.16963.8\wallet-icon.svg,0.04,8728421408.0,4.0,1327766240.0,0.9,0.86,HIGH,Rule 1: Cross-artifact validation (LogFile + UsnJrnl),both,True,True,Time Reversal Event,File_Created / Basic_Info_Changed / Data_Added,3,2,True,False
2023-12-23 00:19:12,wallet-crypto.html,\Users\blueangel\AppData\Local\Microsoft\Edge\User Data\Edge Wallet\120.16978.16963.8\wallet-crypto.html,0.02,8728420736.0,4.0,1327765856.0,0.9,0.88,HIGH,Rule 1: Cross-artifact validation (LogFile + UsnJrnl),both,True,True,Time Reversal Event,File_Created / Basic_Info_Changed / Data_Added,3,2,True,False
2023-12-23 00:19:12,manifest.spdx.json.sha256,\Users\blueangel\AppData\Local\Microsoft\Edge\User Data\Edge Wallet\120.16978.16963.8\Wallet-Checkout\_manifest\spdx_2.2\manifest.spdx.json.sha256,0.02,8728420084.0,6.0,1327765440.0,0.9,0.88,HIGH,Rule 1: Cross-artifact validation (LogFile + UsnJrnl),both,True,True,Time Reversal Event,File_Created / Basic_Info_Changed / Data_Added,3,2,True,False
2023-12-23 00:19:12,manifest.spdx.json,\Users\blueangel\AppData\Local\Microsoft\Edge\User Data\Edge Wallet\120.16978.16963.8\Wallet-Checkout\_manifest\spdx_2.2\manifest.spdx.json,0.02,8728419041.0,4.0,1327765024.0,0.9,0.88,HIGH,Rule 1: Cross-artifact validation (LogFile + UsnJrnl),both,True,True,Time Reversal Event,File_Created / Basic_Info_Changed / Data_Added,3,2,True,False
2023-12-23 00:19:12,manifest.cat,\Users\blueangel\AppData\Local\Microsoft\Edge\User Data\Edge Wallet\120.16978.16963.8\Wallet-Checkout\_manifest\spdx_2.2\manifest.cat,0.04,8728414307.0,6.0,1327764656.0,0.9,0.86,HIGH,Rule 1: Cross-artifact validation (LogFile + UsnJrnl),both,True,True,Time Reversal Event,File_Created / Basic_Info_Changed / Data_Added,3,2,True,False
2023-12-23 00:19:12,bsi.json,\Users\blueangel\AppData\Local\Microsoft\Edge\User Data\Edge Wallet\120.16978.16963.8\Wallet-Checkout\_manifest\spdx_2.2\bsi.json,0.0599,8728413554.0,4.0,1327764320.0,0.9,0.8401,HIGH,Rule 1: Cross-artifact validation (LogFile + UsnJrnl),both,True,True,Time Reversal Event,File_Created / Basic_Info_Changed / Data_Added,3,2,True,False
2023-12-23 00:19:12,wallet-drawer.html,\Users\blueangel\AppData\Local\Microsoft\Edge\User Data\Edge Wallet\120.16978.16963.8\Wallet-Checkout\wallet-drawer.html,0.02,8728412213.0,6.0,1327763648.0,0.9,0.88,HIGH,Rule 1: Cross-artifact validation (LogFile + UsnJrnl),both,True,True,Time Reversal Event,File_Created / Basic_Info_Changed / Data_Added,3,2,True,False
2023-12-23 00:19:12,wallet-drawer.bundle.js.LICENSE.txt,\Users\blueangel\AppData\Local\Microsoft\Edge\User Data\Edge Wallet\120.16978.16963.8\Wallet-Checkout\wallet-drawer.bundle.js.LICENSE.txt,0.02,8728411393.0,0.0,1327763168.0,0.9,0.88,HIGH,Rule 1: Cross-artifact validation (LogFile + UsnJrnl),both,True,True,Time Reversal Event,File_Created / Basic_Info_Changed / Data_Added,3,2,True,False
2023-12-23 00:19:12,wallet-drawer.bundle.js,\Users\blueangel\AppData\Local\Microsoft\Edge\User Data\Edge Wallet\120.16978.16963.8\Wallet-Checkout\wallet-drawer.bundle.js,0.02,8728410521.0,0.0,1327762672.0,0.9,0.88,HIGH,Rule 1: Cross-artifact validation (LogFile + UsnJrnl),both,True,True,Time Reversal Event,File_Created / Basic_Info_Changed / Data_Added,3,2,True,False
2023-12-23 00:19:12,load-ec-i18n.bundle.js,\Users\blueangel\AppData\Local\Microsoft\Edge\User Data\Edge Wallet\120.16978.16963.8\Wallet-Checkout\load-ec-i18n.bundle.js,0.02,8728408170.0,2.0,1327762240.0,0.9,0.88,HIGH,Rule 1: Cross-artifact validation (LogFile + UsnJrnl),both,True,True,Time Reversal Event,File_Created / Basic_Info_Changed / Data_Added,3,2,True,False
2023-12-23 00:19:12,app-setup.js,\Users\blueangel\AppData\Local\Microsoft\Edge\User Data\Edge Wallet\120.16978.16963.8\Wallet-Checkout\app-setup.js,0.04,8728407365.0,6.0,1327761856.0,0.9,0.86,HIGH,Rule 1: Cross-artifact validation (LogFile + UsnJrnl),both,True,True,Time Reversal Event,File_Created / Basic_Info_Changed / Data_Added,3,2,True,False
2023-12-23 00:19:12,vendor.bundle.js.LICENSE.txt,\Users\blueangel\AppData\Local\Microsoft\Edge\User Data\Edge Wallet\120.16978.16963.8\vendor.bundle.js.LICENSE.txt,0.02,8728406306.0,2.0,1327761248.0,0.9,0.88,HIGH,Rule 1: Cross-artifact validation (LogFile + UsnJrnl),both,True,True,Time Reversal Event,File_Created / Basic_Info_Changed / Data_Added,3,2,True,False
2023-12-23 00:19:12,notification.bundle.js.LICENSE.txt,\Users\blueangel\AppData\Local\Microsoft\Edge\User Data\Edge Wallet\120.16978.16963.8\Notification\notification.bundle.js.LICENSE.txt,0.02,8728378719.0,6.0,1327752352.0,0.9,0.88,HIGH,Rule 1: Cross-artifact validation (LogFile + UsnJrnl),both,True,True,Time Reversal Event,File_Created / Basic_Info_Changed / Data_Added,3,2,True,False
2023-12-23 00:19:11,strings.json,\Users\blueangel\AppData\Local\Microsoft\Edge\User Data\Edge Wallet\120.16978.16963.8\json\i18n-hub\zh-Hant\strings.json,0.04,8728242841.0,0.0,1327696624.0,0.9,0.86,HIGH,Rule 1: Cross-artifact validation (LogFile + UsnJrnl),both,True,True,Time Reversal Event,File_Created / Basic_Info_Changed / Data_Added,3,2,True,False
2023-12-23 00:19:11,strings.json,\Users\blueangel\AppData\Local\Microsoft\Edge\User Data\Edge Wallet\120.16978.16963.8\json\i18n-hub\es\strings.json,0.04,8728224095.0,0.0,1327689728.0,0.9,0.86,HIGH,Rule 1: Cross-artifact validation (LogFile + UsnJrnl),both,True,True,Time Reversal Event,File_Created / Basic_Info_Changed / Data_Added,3,2,True,False
2023-12-23 00:19:11,strings.json,\Users\blueangel\AppData\Local\Microsoft\Edge\User Data\Edge Wallet\120.16978.16963.8\json\i18n-hub\zh-Hans\strings.json,0.04,8728241524.0,4.0,1327696112.0,0.9,0.86,HIGH,Rule 1: Cross-artifact validation (LogFile + UsnJrnl),both,True,True,Time Reversal Event,File_Created / Basic_Info_Changed / Data_Added,3,2,True,False
2023-12-23 00:19:11,bnpl.bundle.js.LICENSE.txt,\Users\blueangel\AppData\Local\Microsoft\Edge\User Data\Edge Wallet\120.16978.16963.8\bnpl\bnpl.bundle.js.LICENSE.txt,0.02,8728186966.0,0.0,1327675288.0,0.9,0.88,HIGH,Rule 1: Cross-artifact validation (LogFile + UsnJrnl),both,True,True,Time Reversal Event,File_Created / Basic_Info_Changed / Data_Added,3,2,True,False
2023-12-23 00:19:11,strings.json,\Users\blueangel\AppData\Local\Microsoft\Edge\User Data\Edge Wallet\120.16978.16963.8\json\i18n-hub\fr-CA\strings.json,0.04,8728227377.0,2.0,1327690832.0,0.9,0.86,HIGH,Rule 1: Cross-artifact validation (LogFile + UsnJrnl),both,True,True,Time Reversal Event,File_Created / Basic_Info_Changed / Data_Added,3,2,True,False
2023-12-23 00:19:11,strings.json,\Users\blueangel\AppData\Local\Microsoft\Edge\User Data\Edge Wallet\120.16978.16963.8\json\i18n-hub\fi\strings.json,0.04,8728225450.0,4.0,1327690208.0,0.9,0.86,HIGH,Rule 1: Cross-artifact validation (LogFile + UsnJrnl),both,True,True,Time Reversal Event,File_Created / Basic_Info_Changed / Data_Added,3,2,True,False
2023-12-23 00:19:11,strings.json,\Users\blueangel\AppData\Local\Microsoft\Edge\User Data\Edge Wallet\120.16978.16963.8\json\i18n-mobile-hub\zh-Hant\strings.json,0.04,8728262859.0,2.0,1327704744.0,0.9,0.86,HIGH,Rule 1: Cross-artifact validation (LogFile + UsnJrnl),both,True,True,Time Reversal Event,File_Created / Basic_Info_Changed / Data_Added,3,2,True,False
2023-12-23 00:19:11,strings.json,\Users\blueangel\AppData\Local\Microsoft\Edge\User Data\Edge Wallet\120.16978.16963.8\json\i18n-mobile-hub\zh-Hans\strings.json,0.04,8728261664.0,6.0,1327704232.0,0.9,0.86,HIGH,Rule 1: Cross-artifact validation (LogFile + UsnJrnl),both,True,True,Time Reversal Event,File_Created / Basic_Info_Changed / Data_Added,3,2,True,False
2023-12-23 00:19:11,strings.json,\Users\blueangel\AppData\Local\Microsoft\Edge\User Data\Edge Wallet\120.16978.16963.8\json\i18n-mobile-hub\sv\strings.json,0.04,8728260395.0,2.0,1327703720.0,0.9,0.86,HIGH,Rule 1: Cross-artifact validation (LogFile + UsnJrnl),both,True,True,Time Reversal Event,File_Created / Basic_Info_Changed / Data_Added,3,2,True,False
2023-12-23 00:19:11,strings.json,\Users\blueangel\AppData\Local\Microsoft\Edge\User Data\Edge Wallet\120.16978.16963.8\json\i18n-mobile-hub\ru\strings.json,0.04,8728259186.0,4.0,1327703240.0,0.9,0.86,HIGH,Rule 1: Cross-artifact validation (LogFile + UsnJrnl),both,True,True,Time Reversal Event,File_Created / Basic_Info_Changed / Data_Added,3,2,True,False
2023-12-23 00:19:11,strings.json,\Users\blueangel\AppData\Local\Microsoft\Edge\User Data\Edge Wallet\120.16978.16963.8\json\i18n-mobile-hub\pt-PT\strings.json,0.04,8728257989.0,0.0,1327702760.0,0.9,0.86,HIGH,Rule 1: Cross-artifact validation (LogFile + UsnJrnl),both,True,True,Time Reversal Event,File_Created / Basic_Info_Changed / Data_Added,3,2,True,False
2023-12-23 00:19:11,strings.json,\Users\blueangel\AppData\Local\Microsoft\Edge\User Data\Edge Wallet\120.16978.16963.8\json\i18n-mobile-hub\pt-BR\strings.json,0.04,8728256793.0,4.0,1327702264.0,0.9,0.86,HIGH,Rule 1: Cross-artifact validation (LogFile + UsnJrnl),both,True,True,Time Reversal Event,File_Created / Basic_Info_Changed / Data_Added,3,2,True,False
2023-12-23 00:19:11,strings.json,\Users\blueangel\AppData\Local\Microsoft\Edge\User Data\Edge Wallet\120.16978.16963.8\json\i18n-mobile-hub\nl\strings.json,0.04,8728255551.0,0.0,1327701704.0,0.9,0.86,HIGH,Rule 1: Cross-artifact validation (LogFile + UsnJrnl),both,True,True,Time Reversal Event,File_Created / Basic_Info_Changed / Data_Added,3,2,True,False
2023-12-23 00:19:11,strings.json,\Users\blueangel\AppData\Local\Microsoft\Edge\User Data\Edge Wallet\120.16978.16963.8\json\i18n-mobile-hub\ja\strings.json,0.04,8728254353.0,4.0,1327701224.0,0.9,0.86,HIGH,Rule 1: Cross-artifact validation (LogFile + UsnJrnl),both,True,True,Time Reversal Event,File_Created / Basic_Info_Changed / Data_Added,3,2,True,False
2023-12-23 00:19:11,strings.json,\Users\blueangel\AppData\Local\Microsoft\Edge\User Data\Edge Wallet\120.16978.16963.8\json\i18n-mobile-hub\it\strings.json,0.04,8728253148.0,6.0,1327700744.0,0.9,0.86,HIGH,Rule 1: Cross-artifact validation (LogFile + UsnJrnl),both,True,True,Time Reversal Event,File_Created / Basic_Info_Changed / Data_Added,3,2,True,False
2023-12-23 00:19:11,strings.json,\Users\blueangel\AppData\Local\Microsoft\Edge\User Data\Edge Wallet\120.16978.16963.8\json\i18n-mobile-hub\id\strings.json,0.04,8728251959.0,0.0,1327700264.0,0.9,0.86,HIGH,Rule 1: Cross-artifact validation (LogFile + UsnJrnl),both,True,True,Time Reversal Event,File_Created / Basic_Info_Changed / Data_Added,3,2,True,False
2023-12-23 00:19:11,strings.json,\Users\blueangel\AppData\Local\Microsoft\Edge\User Data\Edge Wallet\120.16978.16963.8\json\i18n-mobile-hub\fr\strings.json,0.04,8728250470.0,4.0,1327699784.0,0.9,0.86,HIGH,Rule 1: Cross-artifact validation (LogFile + UsnJrnl),both,True,True,Time Reversal Event,File_Created / Basic_Info_Changed / Data_Added,3,2,True,False
2023-12-23 00:19:11,strings.json,\Users\blueangel\AppData\Local\Microsoft\Edge\User Data\Edge Wallet\120.16978.16963.8\json\i18n-mobile-hub\fr-CA\strings.json,0.04,8728249601.0,2.0,1327699432.0,0.9,0.86,HIGH,Rule 1: Cross-artifact validation (LogFile + UsnJrnl),both,True,True,Time Reversal Event,File_Created / Basic_Info_Changed / Data_Added,3,2,True,False
2023-12-23 00:19:11,strings.json,\Users\blueangel\AppData\Local\Microsoft\Edge\User Data\Edge Wallet\120.16978.16963.8\json\i18n-mobile-hub\es\strings.json,0.04,8728248059.0,4.0,1327698808.0,0.9,0.86,HIGH,Rule 1: Cross-artifact validation (LogFile + UsnJrnl),both,True,True,Time Reversal Event,File_Created / Basic_Info_Changed / Data_Added,3,2,True,False
2023-12-23 00:19:11,strings.json,\Users\blueangel\AppData\Local\Microsoft\Edge\User Data\Edge Wallet\120.16978.16963.8\json\i18n-mobile-hub\en-GB\strings.json,0.04,8728246870.0,0.0,1327698328.0,0.9,0.86,HIGH,Rule 1: Cross-artifact validation (LogFile + UsnJrnl),both,True,True,Time Reversal Event,File_Created / Basic_Info_Changed / Data_Added,3,2,True,False
2023-12-23 00:19:11,strings.json,\Users\blueangel\AppData\Local\Microsoft\Edge\User Data\Edge Wallet\120.16978.16963.8\json\i18n-notification-shared\ar\strings.json,0.04,8728265074.0,2.0,1327705640.0,0.9,0.86,HIGH,Rule 1: Cross-artifact validation (LogFile + UsnJrnl),both,True,True,Time Reversal Event,File_Created / Basic_Info_Changed / Data_Added,3,2,True,False
2023-12-23 00:19:11,strings.json,\Users\blueangel\AppData\Local\Microsoft\Edge\User Data\Edge Wallet\120.16978.16963.8\json\i18n-mobile-hub\ar\strings.json,0.04,8728244421.0,6.0,1327697296.0,0.9,0.86,HIGH,Rule 1: Cross-artifact validation (LogFile + UsnJrnl),both,True,True,Time Reversal Event,File_Created / Basic_Info_Changed / Data_Added,3,2,True,False
2023-12-23 00:19:11,strings.json,\Users\blueangel\AppData\Local\Microsoft\Edge\User Data\Edge Wallet\120.16978.16963.8\json\i18n-hub\fr\strings.json,0.04,8728228391.0,4.0,1327691184.0,0.9,0.86,HIGH,Rule 1: Cross-artifact validation (LogFile + UsnJrnl),both,True,True,Time Reversal Event,File_Created / Basic_Info_Changed / Data_Added,3,2,True,False
2023-12-23 00:19:11,strings.json,\Users\blueangel\AppData\Local\Microsoft\Edge\User Data\Edge Wallet\120.16978.16963.8\json\i18n-hub\id\strings.json,0.04,8728229719.0,0.0,1327691664.0,0.9,0.86,HIGH,Rule 1: Cross-artifact validation (LogFile + UsnJrnl),both,True,True,Time Reversal Event,File_Created / Basic_Info_Changed / Data_Added,3,2,True,False
2023-12-23 00:19:11,strings.json,\Users\blueangel\AppData\Local\Microsoft\Edge\User Data\Edge Wallet\120.16978.16963.8\json\i18n-hub\it\strings.json,0.04,8728230920.0,4.0,1327692144.0,0.9,0.86,HIGH,Rule 1: Cross-artifact validation (LogFile + UsnJrnl),both,True,True,Time Reversal Event,File_Created / Basic_Info_Changed / Data_Added,3,2,True,False
2023-12-23 00:19:11,strings.json,\Users\blueangel\AppData\Local\Microsoft\Edge\User Data\Edge Wallet\120.16978.16963.8\json\i18n-mobile-hub\de\strings.json,0.04,8728245620.0,2.0,1327697776.0,0.9,0.86,HIGH,Rule 1: Cross-artifact validation (LogFile + UsnJrnl),both,True,True,Time Reversal Event,File_Created / Basic_Info_Changed / Data_Added,3,2,True,False
2023-12-23 00:19:11,strings.json,\Users\blueangel\AppData\Local\Microsoft\Edge\User Data\Edge Wallet\120.16978.16963.8\json\i18n-hub\ko\strings.json,0.04,8728233428.0,4.0,1327693104.0,0.9,0.86,HIGH,Rule 1: Cross-artifact validation (LogFile + UsnJrnl),both,True,True,Time Reversal Event,File_Created / Basic_Info_Changed / Data_Added,3,2,True,False
2023-12-23 00:19:11,strings.json,\Users\blueangel\AppData\Local\Microsoft\Edge\User Data\Edge Wallet\120.16978.16963.8\json\i18n-hub\nl\strings.json,0.04,8728234792.0,0.0,1327693584.0,0.9,0.86,HIGH,Rule 1: Cross-artifact validation (LogFile + UsnJrnl),both,True,True,Time Reversal Event,File_Created / Basic_Info_Changed / Data_Added,3,2,True,False
2023-12-23 00:19:11,strings.json,\Users\blueangel\AppData\Local\Microsoft\Edge\User Data\Edge Wallet\120.16978.16963.8\json\i18n-hub\ja\strings.json,0.04,8728232116.0,0.0,1327692624.0,0.9,0.86,HIGH,Rule 1: Cross-artifact validation (LogFile + UsnJrnl),both,True,True,Time Reversal Event,File_Created / Basic_Info_Changed / Data_Added,3,2,True,False
2023-12-23 00:19:11,strings.json,\Users\blueangel\AppData\Local\Microsoft\Edge\User Data\Edge Wallet\120.16978.16963.8\json\i18n-hub\pt-PT\strings.json,0.04,8728237459.0,0.0,1327694640.0,0.9,0.86,HIGH,Rule 1: Cross-artifact validation (LogFile + UsnJrnl),both,True,True,Time Reversal Event,File_Created / Basic_Info_Changed / Data_Added,3,2,True,False
2023-12-23 00:19:11,strings.json,\Users\blueangel\AppData\Local\Microsoft\Edge\User Data\Edge Wallet\120.16978.16963.8\json\i18n-hub\ru\strings.json,0.04,8728238914.0,4.0,1327695120.0,0.9,0.86,HIGH,Rule 1: Cross-artifact validation (LogFile + UsnJrnl),both,True,True,Time Reversal Event,File_Created / Basic_Info_Changed / Data_Added,3,2,True,False
2023-12-23 00:19:11,strings.json,\Users\blueangel\AppData\Local\Microsoft\Edge\User Data\Edge Wallet\120.16978.16963.8\json\i18n-hub\sv\strings.json,0.04,8728240220.0,0.0,1327695600.0,0.9,0.86,HIGH,Rule 1: Cross-artifact validation (LogFile + UsnJrnl),both,True,True,Time Reversal Event,File_Created / Basic_Info_Changed / Data_Added,3,2,True,False
2023-12-23 00:14:25,DropboxExt64.69.0.dll,\Program Files (x86)\Dropbox\Client\PackageAssets\DropboxExt64.69.0.dll,0.0699,8714351275.0,2.0,1325355632.0,0.9,0.8301,HIGH,Rule 1: Cross-artifact validation (LogFile + UsnJrnl),both,True,True,Time Reversal Event,Basic_Info_Changed,3,2,True,False
2023-12-23 00:14:27,275dec6c-4ccd-4bd8-8ebd-c475bacfc49a.tmp,\Users\blueangel\AppData\Roaming\Evernote\Network\275dec6c-4ccd-4bd8-8ebd-c475bacfc49a.tmp,0.03,8714632291.0,0.0,1325477392.0,0.9,0.87,HIGH,Rule 1: Cross-artifact validation (LogFile + UsnJrnl),both,True,True,Time Reversal Event,Basic_Info_Changed,3,2,False,False
2023-12-23 00:14:25,StoreLogo.contrast-white_scale-125.png,\Program Files (x86)\Dropbox\Client\PackageAssets\Assets\StoreLogo.contrast-white_scale-125.png,0.05,8714311278.0,2.0,1325327560.0,0.9,0.85,HIGH,Rule 1: Cross-artifact validation (LogFile + UsnJrnl),both,True,True,Time Reversal Event,Basic_Info_Changed,3,2,True,False
2023-12-23 00:14:24,SystemPaletteSingleton.qml,\Program Files (x86)\Dropbox\Client\189.4.8395\QtQuick\Controls\Private\SystemPaletteSingleton.qml,0.04,8714009044.0,0.0,1325134560.0,0.9,0.86,HIGH,Rule 1: Cross-artifact validation (LogFile + UsnJrnl),both,True,True,Time Reversal Event,Basic_Info_Changed,3,2,True,False
2023-12-23 00:14:24,style.js,\Program Files (x86)\Dropbox\Client\189.4.8395\QtQuick\Controls\Private\style.js,0.0899,8714007508.0,4.0,1325133624.0,0.9,0.8101,HIGH,Rule 1: Cross-artifact validation (LogFile + UsnJrnl),both,True,True,Time Reversal Event,Basic_Info_Changed,3,2,True,False
2023-12-23 00:14:24,StackViewSlideDelegate.qml,\Program Files (x86)\Dropbox\Client\189.4.8395\QtQuick\Controls\Private\StackViewSlideDelegate.qml,0.04,8714006776.0,2.0,1325133160.0,0.9,0.86,HIGH,Rule 1: Cross-artifact validation (LogFile + UsnJrnl),both,True,True,Time Reversal Event,Basic_Info_Changed,3,2,True,False
2023-12-23 00:14:24,StackView.js,\Program Files (x86)\Dropbox\Client\189.4.8395\QtQuick\Controls\Private\StackView.js,0.07,8714005958.0,0.0,1325132648.0,0.9,0.83,HIGH,Rule 1: Cross-artifact validation (LogFile + UsnJrnl),both,True,True,Time Reversal Event,Basic_Info_Changed,3,2,True,False
2023-12-23 00:14:24,SourceProxy.qml,\Program Files (x86)\Dropbox\Client\189.4.8395\QtQuick\Controls\Private\SourceProxy.qml,0.07,8714005165.0,6.0,1325132192.0,0.9,0.83,HIGH,Rule 1: Cross-artifact validation (LogFile + UsnJrnl),both,True,True,Time Reversal Event,Basic_Info_Changed,3,2,True,False
2023-12-23 00:14:24,ScrollViewHelper.qml,\Program Files (x86)\Dropbox\Client\189.4.8395\QtQuick\Controls\Private\ScrollViewHelper.qml,0.04,8714004356.0,4.0,1325131696.0,0.9,0.86,HIGH,Rule 1: Cross-artifact validation (LogFile + UsnJrnl),both,True,True,Time Reversal Event,Basic_Info_Changed,3,2,True,False
2023-12-23 00:14:24,ScrollBar.qml,\Program Files (x86)\Dropbox\Client\189.4.8395\QtQuick\Controls\Private\ScrollBar.qml,0.07,8714002916.0,2.0,1325131208.0,0.9,0.83,HIGH,Rule 1: Cross-artifact validation (LogFile + UsnJrnl),both,True,True,Time Reversal Event,Basic_Info_Changed,3,2,True,False
2023-12-23 00:14:24,qmldir,\Program Files (x86)\Dropbox\Client\189.4.8395\QtQuick\Controls\Private\qmldir,0.0899,8714002152.0,0.0,1325130800.0,0.9,0.8101,HIGH,Rule 1: Cross-artifact validation (LogFile + UsnJrnl),both,True,True,Time Reversal Event,Basic_Info_Changed,3,2,True,False
2023-12-23 00:14:24,ModalPopupBehavior.qml,\Program Files (x86)\Dropbox\Client\189.4.8395\QtQuick\Controls\Private\ModalPopupBehavior.qml,0.04,8714001416.0,6.0,1325130376.0,0.9,0.86,HIGH,Rule 1: Cross-artifact validation (LogFile + UsnJrnl),both,True,True,Time Reversal Event,Basic_Info_Changed,3,2,True,False
2023-12-23 00:14:24,MenuItemSubControls.qml,\Program Files (x86)\Dropbox\Client\189.4.8395\QtQuick\Controls\Private\MenuItemSubControls.qml,0.04,8714000591.0,4.0,1325129840.0,0.9,0.86,HIGH,Rule 1: Cross-artifact validation (LogFile + UsnJrnl),both,True,True,Time Reversal Event,Basic_Info_Changed,3,2,True,False
2023-12-23 00:14:24,MenuContentScroller.qml,\Program Files (x86)\Dropbox\Client\189.4.8395\QtQuick\Controls\Private\MenuContentScroller.qml,0.04,8713999718.0,2.0,1325129208.0,0.9,0.86,HIGH,Rule 1: Cross-artifact validation (LogFile + UsnJrnl),both,True,True,Time Reversal Event,Basic_Info_Changed,3,2,True,False
2023-12-23 00:14:24,MenuContentItem.qml,\Program Files (x86)\Dropbox\Client\189.4.8395\QtQuick\Controls\Private\MenuContentItem.qml,0.04,8713998906.0,0.0,1325128664.0,0.9,0.86,HIGH,Rule 1: Cross-artifact validation (LogFile + UsnJrnl),both,True,True,Time Reversal Event,Basic_Info_Changed,3,2,True,False
2023-12-23 00:14:24,HoverButton.qml,\Program Files (x86)\Dropbox\Client\189.4.8395\QtQuick\Controls\Private\HoverButton.qml,0.07,8713998095.0,6.0,1325128160.0,0.9,0.83,HIGH,Rule 1: Cross-artifact validation (LogFile + UsnJrnl),both,True,True,Time Reversal Event,Basic_Info_Changed,3,2,True,False
2023-12-23 00:14:24,FocusFrame.qml,\Program Files (x86)\Dropbox\Client\189.4.8395\QtQuick\Controls\Private\FocusFrame.qml,0.07,8713997287.0,4.0,1325127696.0,0.9,0.83,HIGH,Rule 1: Cross-artifact validation (LogFile + UsnJrnl),both,True,True,Time Reversal Event,Basic_Info_Changed,3,2,True,False
2023-12-23 00:14:24,FastGlow.qml,\Program Files (x86)\Dropbox\Client\189.4.8395\QtQuick\Controls\Private\FastGlow.qml,0.07,8713996519.0,2.0,1325127256.0,0.9,0.83,HIGH,Rule 1: Cross-artifact validation (LogFile + UsnJrnl),both,True,True,Time Reversal Event,Basic_Info_Changed,3,2,True,False
2023-12-23 00:14:24,EditMenu_base.qml,\Program Files (x86)\Dropbox\Client\189.4.8395\QtQuick\Controls\Private\EditMenu_base.qml,0.05,8713995789.0,0.0,1325126800.0,0.9,0.85,HIGH,Rule 1: Cross-artifact validation (LogFile + UsnJrnl),both,True,True,Time Reversal Event,Basic_Info_Changed,3,2,True,False
2023-12-23 00:14:24,EditMenu.qml,\Program Files (x86)\Dropbox\Client\189.4.8395\QtQuick\Controls\Private\EditMenu.qml,0.07,8713995008.0,6.0,1325126336.0,0.9,0.83,HIGH,Rule 1: Cross-artifact validation (LogFile + UsnJrnl),both,True,True,Time Reversal Event,Basic_Info_Changed,3,2,True,False
2023-12-23 00:14:24,qmldir,\Program Files (x86)\Dropbox\Client\189.4.8395\QtGraphicalEffects\private\qmldir,0.0899,8713970949.0,6.0,1325112008.0,0.9,0.8101,HIGH,Rule 1: Cross-artifact validation (LogFile + UsnJrnl),both,True,True,Time Reversal Event,Basic_Info_Changed,3,2,True,False
2023-12-23 00:14:24,TreeViewItemDelegateLoader.qml,\Program Files (x86)\Dropbox\Client\189.4.8395\QtQuick\Controls\Private\TreeViewItemDelegateLoader.qml,0.04,8714016093.0,0.0,1325138664.0,0.9,0.86,HIGH,Rule 1: Cross-artifact validation (LogFile + UsnJrnl),both,True,True,Time Reversal Event,Basic_Info_Changed,3,2,True,False
2023-12-23 00:14:24,GaussianMaskedBlur.qml,\Program Files (x86)\Dropbox\Client\189.4.8395\QtGraphicalEffects\private\GaussianMaskedBlur.qml,0.05,8713970320.0,4.0,1325111584.0,0.9,0.85,HIGH,Rule 1: Cross-artifact validation (LogFile + UsnJrnl),both,True,True,Time Reversal Event,Basic_Info_Changed,3,2,True,False
2023-12-23 00:14:24,GaussianGlow.qml,\Program Files (x86)\Dropbox\Client\189.4.8395\QtGraphicalEffects\private\GaussianGlow.qml,0.08,8713968694.0,0.0,1325110520.0,0.9,0.82,HIGH,Rule 1: Cross-artifact validation (LogFile + UsnJrnl),both,True,True,Time Reversal Event,Basic_Info_Changed,3,2,True,False
2023-12-23 00:14:24,Qt5Quick.dll,\Program Files (x86)\Dropbox\Client\189.4.8395\Qt5Quick.dll,0.0899,8713942913.0,0.0,1325095792.0,0.9,0.8101,HIGH,Rule 1: Cross-artifact validation (LogFile + UsnJrnl),both,True,True,Time Reversal Event,Basic_Info_Changed,3,2,True,False
2023-12-23 00:14:24,Qt5QML.dll,\Program Files (x86)\Dropbox\Client\189.4.8395\Qt5QML.dll,0.0799,8713941387.0,6.0,1325095368.0,0.9,0.8201,HIGH,Rule 1: Cross-artifact validation (LogFile + UsnJrnl),both,True,True,Time Reversal Event,Basic_Info_Changed,3,2,True,False
2023-12-23 00:14:25,newDropbox.exe,\Program Files (x86)\Dropbox\Client\newDropbox.exe,0.1096,8714359869.0,2.0,1325360200.0,0.9,0.7904,HIGH,Rule 1: Cross-artifact validation (LogFile + UsnJrnl),both,True,True,Time Reversal Event,Basic_Info_Changed,3,2,True,False
2023-12-23 00:14:24,Qt5Network.dll,\Program Files (x86)\Dropbox\Client\189.4.8395\Qt5Network.dll,0.0899,8713939561.0,2.0,1325094512.0,0.9,0.8101,HIGH,Rule 1: Cross-artifact validation (LogFile + UsnJrnl),both,True,True,Time Reversal Event,Basic_Info_Changed,3,2,True,False
2023-12-23 00:14:24,Qt5Gui.dll,\Program Files (x86)\Dropbox\Client\189.4.8395\Qt5Gui.dll,0.0899,8713938049.0,0.0,1325093912.0,0.9,0.8101,HIGH,Rule 1: Cross-artifact validation (LogFile + UsnJrnl),both,True,True,Time Reversal Event,Basic_Info_Changed,3,2,True,False
2023-12-23 00:14:24,Qt5Core.dll,\Program Files (x86)\Dropbox\Client\189.4.8395\Qt5Core.dll,0.0899,8713935433.0,4.0,1325093496.0,0.9,0.8101,HIGH,Rule 1: Cross-artifact validation (LogFile + UsnJrnl),both,True,True,Time Reversal Event,Basic_Info_Changed,3,2,True,False
2023-12-23 00:14:24,qt.conf,\Program Files (x86)\Dropbox\Client\189.4.8395\qt.conf,0.1298,8713933475.0,6.0,1325092736.0,0.9,0.7702,HIGH,Rule 1: Cross-artifact validation (LogFile + UsnJrnl),both,True,True,Time Reversal Event,Basic_Info_Changed,3,2,True,False
2023-12-23 00:14:24,qt-blacklist.json,\Program Files (x86)\Dropbox\Client\189.4.8395\qt-blacklist.json,0.0999,8713932474.0,4.0,1325092160.0,0.9,0.8001,HIGH,Rule 1: Cross-artifact validation (LogFile + UsnJrnl),both,True,True,Time Reversal Event,Basic_Info_Changed,3,2,True,False
2023-12-23 00:14:24,pywintypes38.dll,\Program Files (x86)\Dropbox\Client\189.4.8395\pywintypes38.dll,0.0899,8713931494.0,2.0,1325091680.0,0.9,0.8101,HIGH,Rule 1: Cross-artifact validation (LogFile + UsnJrnl),both,True,True,Time Reversal Event,Basic_Info_Changed,3,2,True,False
2023-12-23 00:14:24,Style.qml,\Program Files (x86)\Dropbox\Client\189.4.8395\QtQuick\Controls\Private\Style.qml,0.0799,8714008263.0,6.0,1325134064.0,0.9,0.8201,HIGH,Rule 1: Cross-artifact validation (LogFile + UsnJrnl),both,True,True,Time Reversal Event,Basic_Info_Changed,3,2,True,False
2023-12-23 00:14:24,TabBar.qml,\Program Files (x86)\Dropbox\Client\189.4.8395\QtQuick\Controls\Private\TabBar.qml,0.07,8714009781.0,2.0,1325135024.0,0.9,0.83,HIGH,Rule 1: Cross-artifact validation (LogFile + UsnJrnl),both,True,True,Time Reversal Event,Basic_Info_Changed,3,2,True,False
2023-12-23 00:14:24,PyQt5.sip.pyd,\Program Files (x86)\Dropbox\Client\189.4.8395\PyQt5.sip.pyd,0.0899,8713922222.0,0.0,1325088768.0,0.9,0.8101,HIGH,Rule 1: Cross-artifact validation (LogFile + UsnJrnl),both,True,True,Time Reversal Event,Basic_Info_Changed,3,2,True,False
2023-12-23 00:14:24,TableViewItemDelegateLoader.qml,\Program Files (x86)\Dropbox\Client\189.4.8395\QtQuick\Controls\Private\TableViewItemDelegateLoader.qml,0.04,8714010570.0,4.0,1325135568.0,0.9,0.86,HIGH,Rule 1: Cross-artifact validation (LogFile + UsnJrnl),both,True,True,Time Reversal Event,Basic_Info_Changed,3,2,True,False
2023-12-23 00:14:24,plugins.qmltypes,\Program Files (x86)\Dropbox\Client\189.4.8395\QtQuick\Controls\plugins.qmltypes,0.08,8713987215.0,2.0,1325121728.0,0.9,0.82,HIGH,Rule 1: Cross-artifact validation (LogFile + UsnJrnl),both,True,True,Time Reversal Event,Basic_Info_Changed,3,2,True,False
2023-12-23 00:14:24,MenuBar.qml,\Program Files (x86)\Dropbox\Client\189.4.8395\QtQuick\Controls\MenuBar.qml,0.08,8713986381.0,0.0,1325121248.0,0.9,0.82,HIGH,Rule 1: Cross-artifact validation (LogFile + UsnJrnl),both,True,True,Time Reversal Event,Basic_Info_Changed,3,2,True,False
2023-12-23 00:14:24,Menu.qml,\Program Files (x86)\Dropbox\Client\189.4.8395\QtQuick\Controls\Menu.qml,0.0899,8713985682.0,6.0,1325120824.0,0.9,0.8101,HIGH,Rule 1: Cross-artifact validation (LogFile + UsnJrnl),both,True,True,Time Reversal Event,Basic_Info_Changed,3,2,True,False
2023-12-23 00:14:24,Label.qml,\Program Files (x86)\Dropbox\Client\189.4.8395\QtQuick\Controls\Label.qml,0.0899,8713984973.0,4.0,1325120424.0,0.9,0.8101,HIGH,Rule 1: Cross-artifact validation (LogFile + UsnJrnl),both,True,True,Time Reversal Event,Basic_Info_Changed,3,2,True,False
2023-12-23 00:14:24,GroupBox.qml,\Program Files (x86)\Dropbox\Client\189.4.8395\QtQuick\Controls\GroupBox.qml,0.08,8713984275.0,2.0,1325120008.0,0.9,0.82,HIGH,Rule 1: Cross-artifact validation (LogFile + UsnJrnl),both,True,True,Time Reversal Event,Basic_Info_Changed,3,2,True,False
2023-12-23 00:14:24,ComboBox.qml,\Program Files (x86)\Dropbox\Client\189.4.8395\QtQuick\Controls\ComboBox.qml,0.08,8713983570.0,0.0,1325119568.0,0.9,0.82,HIGH,Rule 1: Cross-artifact validation (LogFile + UsnJrnl),both,True,True,Time Reversal Event,Basic_Info_Changed,3,2,True,False
2023-12-23 00:14:24,CheckBox.qml,\Program Files (x86)\Dropbox\Client\189.4.8395\QtQuick\Controls\CheckBox.qml,0.07,8713982859.0,6.0,1325119128.0,0.9,0.83,HIGH,Rule 1: Cross-artifact validation (LogFile + UsnJrnl),both,True,True,Time Reversal Event,Basic_Info_Changed,3,2,True,False
2023-12-23 00:14:24,CalendarUtils.js,\Program Files (x86)\Dropbox\Client\189.4.8395\QtQuick\Controls\Private\CalendarUtils.js,0.07,8713991896.0,6.0,1325124408.0,0.9,0.83,HIGH,Rule 1: Cross-artifact validation (LogFile + UsnJrnl),both,True,True,Time Reversal Event,Basic_Info_Changed,3,2,True,False
2023-12-23 00:14:24,Calendar.qml,\Program Files (x86)\Dropbox\Client\189.4.8395\QtQuick\Controls\Calendar.qml,0.08,8713982156.0,4.0,1325118688.0,0.9,0.82,HIGH,Rule 1: Cross-artifact validation (LogFile + UsnJrnl),both,True,True,Time Reversal Event,Basic_Info_Changed,3,2,True,False
2023-12-23 00:14:24,BusyIndicator.qml,\Program Files (x86)\Dropbox\Client\189.4.8395\QtQuick\Controls\BusyIndicator.qml,0.06,8713980435.0,0.0,1325117832.0,0.9,0.84,HIGH,Rule 1: Cross-artifact validation (LogFile + UsnJrnl),both,True,True,Time Reversal Event,Basic_Info_Changed,3,2,True,False
2023-12-23 00:14:24,ApplicationWindow.qml,\Program Files (x86)\Dropbox\Client\189.4.8395\QtQuick\Controls\ApplicationWindow.qml,0.04,8713979571.0,6.0,1325117296.0,0.9,0.86,HIGH,Rule 1: Cross-artifact validation (LogFile + UsnJrnl),both,True,True,Time Reversal Event,Basic_Info_Changed,3,2,True,False
2023-12-23 00:14:24,ZoomBlur.qml,\Program Files (x86)\Dropbox\Client\189.4.8395\QtGraphicalEffects\ZoomBlur.qml,0.1,8713978076.0,0.0,1325116488.0,0.9,0.8,HIGH,Rule 1: Cross-artifact validation (LogFile + UsnJrnl),both,True,True,Time Reversal Event,Basic_Info_Changed,3,2,True,False
2023-12-23 00:14:24,ThresholdMask.qml,\Program Files (x86)\Dropbox\Client\189.4.8395\QtGraphicalEffects\ThresholdMask.qml,0.07,8713977337.0,6.0,1325116032.0,0.9,0.83,HIGH,Rule 1: Cross-artifact validation (LogFile + UsnJrnl),both,True,True,Time Reversal Event,Basic_Info_Changed,3,2,True,False
2023-12-23 00:14:24,RecursiveBlur.qml,\Program Files (x86)\Dropbox\Client\189.4.8395\QtGraphicalEffects\RecursiveBlur.qml,0.08,8713976534.0,4.0,1325115552.0,0.9,0.82,HIGH,Rule 1: Cross-artifact validation (LogFile + UsnJrnl),both,True,True,Time Reversal Event,Basic_Info_Changed,3,2,True,False
2023-12-23 00:14:24,RectangularGlow.qml,\Program Files (x86)\Dropbox\Client\189.4.8395\QtGraphicalEffects\RectangularGlow.qml,0.07,8713975722.0,2.0,1325115056.0,0.9,0.83,HIGH,Rule 1: Cross-artifact validation (LogFile + UsnJrnl),both,True,True,Time Reversal Event,Basic_Info_Changed,3,2,True,False
2023-12-23 00:14:24,RadialGradient.qml,\Program Files (x86)\Dropbox\Client\189.4.8395\QtGraphicalEffects\RadialGradient.qml,0.08,8713974919.0,0.0,1325114552.0,0.9,0.82,HIGH,Rule 1: Cross-artifact validation (LogFile + UsnJrnl),both,True,True,Time Reversal Event,Basic_Info_Changed,3,2,True,False
2023-12-23 00:14:24,RadialBlur.qml,\Program Files (x86)\Dropbox\Client\189.4.8395\QtGraphicalEffects\RadialBlur.qml,0.09,8713974112.0,6.0,1325114088.0,0.9,0.81,HIGH,Rule 1: Cross-artifact validation (LogFile + UsnJrnl),both,True,True,Time Reversal Event,Basic_Info_Changed,3,2,True,False
2023-12-23 00:14:24,qtgraphicaleffectsplugin.dll,\Program Files (x86)\Dropbox\Client\189.4.8395\QtGraphicalEffects\qtgraphicaleffectsplugin.dll,0.05,8713973311.0,4.0,1325113584.0,0.9,0.85,HIGH,Rule 1: Cross-artifact validation (LogFile + UsnJrnl),both,True,True,Time Reversal Event,Basic_Info_Changed,3,2,True,False
2023-12-23 00:14:24,qmldir,\Program Files (x86)\Dropbox\Client\189.4.8395\QtGraphicalEffects\qmldir,0.1199,8713972470.0,2.0,1325112968.0,0.9,0.7801,HIGH,Rule 1: Cross-artifact validation (LogFile + UsnJrnl),both,True,True,Time Reversal Event,Basic_Info_Changed,3,2,True,False
2023-12-23 00:14:24,qtgraphicaleffectsprivate.dll,\Program Files (x86)\Dropbox\Client\189.4.8395\QtGraphicalEffects\private\qtgraphicaleffectsprivate.dll,0.04,8713971744.0,0.0,1325112512.0,0.9,0.86,HIGH,Rule 1: Cross-artifact validation (LogFile + UsnJrnl),both,True,True,Time Reversal Event,Basic_Info_Changed,3,2,True,False
2023-12-23 00:14:24,Button.qml,\Program Files (x86)\Dropbox\Client\189.4.8395\QtQuick\Controls\Button.qml,0.08,8713981160.0,2.0,1325118264.0,0.9,0.82,HIGH,Rule 1: Cross-artifact validation (LogFile + UsnJrnl),both,True,True,Time Reversal Event,Basic_Info_Changed,3,2,True,False
2023-12-23 00:14:24,ColumnMenuContent.qml,\Program Files (x86)\Dropbox\Client\189.4.8395\QtQuick\Controls\Private\ColumnMenuContent.qml,0.04,8713992712.0,0.0,1325124912.0,0.9,0.86,HIGH,Rule 1: Cross-artifact validation (LogFile + UsnJrnl),both,True,True,Time Reversal Event,Basic_Info_Changed,3,2,True,False
2023-12-23 00:14:24,ContentItem.qml,\Program Files (x86)\Dropbox\Client\189.4.8395\QtQuick\Controls\Private\ContentItem.qml,0.07,8713993517.0,2.0,1325125408.0,0.9,0.83,HIGH,Rule 1: Cross-artifact validation (LogFile + UsnJrnl),both,True,True,Time Reversal Event,Basic_Info_Changed,3,2,True,False
2023-12-23 00:14:24,Control.qml,\Program Files (x86)\Dropbox\Client\189.4.8395\QtQuick\Controls\Private\Control.qml,0.07,8713994302.0,4.0,1325125896.0,0.9,0.83,HIGH,Rule 1: Cross-artifact validation (LogFile + UsnJrnl),both,True,True,Time Reversal Event,Basic_Info_Changed,3,2,True,False
2023-12-23 00:14:24,ToolMenuButton.qml,\Program Files (x86)\Dropbox\Client\189.4.8395\QtQuick\Controls\Private\ToolMenuButton.qml,0.05,8714015275.0,6.0,1325138112.0,0.9,0.85,HIGH,Rule 1: Cross-artifact validation (LogFile + UsnJrnl),both,True,True,Time Reversal Event,Basic_Info_Changed,3,2,True,False
2023-12-23 00:14:24,TextSingleton.qml,\Program Files (x86)\Dropbox\Client\189.4.8395\QtQuick\Controls\Private\TextSingleton.qml,0.05,8714014467.0,4.0,1325137632.0,0.9,0.85,HIGH,Rule 1: Cross-artifact validation (LogFile + UsnJrnl),both,True,True,Time Reversal Event,Basic_Info_Changed,3,2,True,False
2023-12-23 00:14:24,TextInputWithHandles.qml,\Program Files (x86)\Dropbox\Client\189.4.8395\QtQuick\Controls\Private\TextInputWithHandles.qml,0.04,8714013655.0,2.0,1325137120.0,0.9,0.86,HIGH,Rule 1: Cross-artifact validation (LogFile + UsnJrnl),both,True,True,Time Reversal Event,Basic_Info_Changed,3,2,True,False
2023-12-23 00:14:24,TextHandle.qml,\Program Files (x86)\Dropbox\Client\189.4.8395\QtQuick\Controls\Private\TextHandle.qml,0.07,8714012833.0,0.0,1325136608.0,0.9,0.83,HIGH,Rule 1: Cross-artifact validation (LogFile + UsnJrnl),both,True,True,Time Reversal Event,Basic_Info_Changed,3,2,True,False
2023-12-23 00:14:24,TableViewSelection.qml,\Program Files (x86)\Dropbox\Client\189.4.8395\QtQuick\Controls\Private\TableViewSelection.qml,0.04,8714011394.0,6.0,1325136136.0,0.9,0.86,HIGH,Rule 1: Cross-artifact validation (LogFile + UsnJrnl),both,True,True,Time Reversal Event,Basic_Info_Changed,3,2,True,False
2023-12-23 00:14:24,pythoncom38.dll,\Program Files (x86)\Dropbox\Client\189.4.8395\pythoncom38.dll,0.0899,8713930658.0,0.0,1325091200.0,0.9,0.8101,HIGH,Rule 1: Cross-artifact validation (LogFile + UsnJrnl),both,True,True,Time Reversal Event,Basic_Info_Changed,3,2,True,False
2023-12-23 00:14:24,Qt5QuickWidgets.dll,\Program Files (x86)\Dropbox\Client\189.4.8395\Qt5QuickWidgets.dll,0.0699,8713943701.0,2.0,1325096280.0,0.9,0.8301,HIGH,Rule 1: Cross-artifact validation (LogFile + UsnJrnl),both,True,True,Time Reversal Event,Basic_Info_Changed,3,2,True,False
2023-12-23 00:14:24,BasicButton.qml,\Program Files (x86)\Dropbox\Client\189.4.8395\QtQuick\Controls\Private\BasicButton.qml,0.07,8713989181.0,0.0,1325122888.0,0.9,0.83,HIGH,Rule 1: Cross-artifact validation (LogFile + UsnJrnl),both,True,True,Time Reversal Event,Basic_Info_Changed,3,2,True,False
2023-12-23 00:14:24,Desaturate.qml,\Program Files (x86)\Dropbox\Client\189.4.8395\QtGraphicalEffects\Desaturate.qml,0.09,8713951595.0,6.0,1325100696.0,0.9,0.81,HIGH,Rule 1: Cross-artifact validation (LogFile + UsnJrnl),both,True,True,Time Reversal Event,Basic_Info_Changed,3,2,True,False
2023-12-23 00:14:24,ColorOverlay.qml,\Program Files (x86)\Dropbox\Client\189.4.8395\QtGraphicalEffects\ColorOverlay.qml,0.1,8713949986.0,2.0,1325099720.0,0.9,0.8,HIGH,Rule 1: Cross-artifact validation (LogFile + UsnJrnl),both,True,True,Time Reversal Event,Basic_Info_Changed,3,2,True,False
2023-12-23 00:14:24,Colorize.qml,\Program Files (x86)\Dropbox\Client\189.4.8395\QtGraphicalEffects\Colorize.qml,0.1,8713948948.0,0.0,1325099256.0,0.9,0.8,HIGH,Rule 1: Cross-artifact validation (LogFile + UsnJrnl),both,True,True,Time Reversal Event,Basic_Info_Changed,3,2,True,False
2023-12-23 00:14:24,BrightnessContrast.qml,\Program Files (x86)\Dropbox\Client\189.4.8395\QtGraphicalEffects\BrightnessContrast.qml,0.06,8713948216.0,6.0,1325098784.0,0.9,0.84,HIGH,Rule 1: Cross-artifact validation (LogFile + UsnJrnl),both,True,True,Time Reversal Event,Basic_Info_Changed,3,2,True,False
2023-12-23 00:14:24,Blend.qml,\Program Files (x86)\Dropbox\Client\189.4.8395\QtGraphicalEffects\Blend.qml,0.1099,8713947431.0,4.0,1325098312.0,0.9,0.7901,HIGH,Rule 1: Cross-artifact validation (LogFile + UsnJrnl),both,True,True,Time Reversal Event,Basic_Info_Changed,3,2,True,False
2023-12-23 00:14:24,GaussianInnerShadow.qml,\Program Files (x86)\Dropbox\Client\189.4.8395\QtGraphicalEffects\private\GaussianInnerShadow.qml,0.05,8713969502.0,2.0,1325111048.0,0.9,0.85,HIGH,Rule 1: Cross-artifact validation (LogFile + UsnJrnl),both,True,True,Time Reversal Event,Basic_Info_Changed,3,2,True,False
2023-12-23 00:14:24,ProgressBar.qml,\Program Files (x86)\Dropbox\Client\189.4.8395\QtQuick\Controls\ProgressBar.qml,0.08,8714016905.0,2.0,1325139192.0,0.9,0.82,HIGH,Rule 1: Cross-artifact validation (LogFile + UsnJrnl),both,True,True,Time Reversal Event,Basic_Info_Changed,3,2,True,False
2023-12-23 00:14:24,qtquickcontrolsplugin.dll,\Program Files (x86)\Dropbox\Client\189.4.8395\QtQuick\Controls\qtquickcontrolsplugin.dll,0.03,8714018336.0,6.0,1325140080.0,0.9,0.87,HIGH,Rule 1: Cross-artifact validation (LogFile + UsnJrnl),both,True,True,Time Reversal Event,Basic_Info_Changed,3,2,True,False
2023-12-23 00:14:24,ButtonStyle.qml,\Program Files (x86)\Dropbox\Client\189.4.8395\QtQuick\Controls\Styles\Desktop\ButtonStyle.qml,0.07,8714086626.0,0.0,1325180696.0,0.9,0.83,HIGH,Rule 1: Cross-artifact validation (LogFile + UsnJrnl),both,True,True,Time Reversal Event,Basic_Info_Changed,3,2,True,False
2023-12-23 00:14:24,BusyIndicatorStyle.qml,\Program Files (x86)\Dropbox\Client\189.4.8395\QtQuick\Controls\Styles\Desktop\BusyIndicatorStyle.qml,0.04,8714085520.0,6.0,1325180200.0,0.9,0.86,HIGH,Rule 1: Cross-artifact validation (LogFile + UsnJrnl),both,True,True,Time Reversal Event,Basic_Info_Changed,3,2,True,False
2023-12-23 00:14:24,ApplicationWindowStyle.qml,\Program Files (x86)\Dropbox\Client\189.4.8395\QtQuick\Controls\Styles\Desktop\ApplicationWindowStyle.qml,0.04,8714084699.0,4.0,1325179664.0,0.9,0.86,HIGH,Rule 1: Cross-artifact validation (LogFile + UsnJrnl),both,True,True,Time Reversal Event,Basic_Info_Changed,3,2,True,False
2023-12-23 00:14:24,TumblerStyle.qml,\Program Files (x86)\Dropbox\Client\189.4.8395\QtQuick\Controls\Styles\Base\TumblerStyle.qml,0.07,8714083534.0,0.0,1325178976.0,0.9,0.83,HIGH,Rule 1: Cross-artifact validation (LogFile + UsnJrnl),both,True,True,Time Reversal Event,Basic_Info_Changed,3,2,True,False
2023-12-23 00:14:24,TreeViewStyle.qml,\Program Files (x86)\Dropbox\Client\189.4.8395\QtQuick\Controls\Styles\Base\TreeViewStyle.qml,0.05,8714082677.0,6.0,1325178416.0,0.9,0.85,HIGH,Rule 1: Cross-artifact validation (LogFile + UsnJrnl),both,True,True,Time Reversal Event,Basic_Info_Changed,3,2,True,False
2023-12-23 00:14:24,ToolButtonStyle.qml,\Program Files (x86)\Dropbox\Client\189.4.8395\QtQuick\Controls\Styles\Base\ToolButtonStyle.qml,0.04,8714081870.0,4.0,1325177920.0,0.9,0.86,HIGH,Rule 1: Cross-artifact validation (LogFile + UsnJrnl),both,True,True,Time Reversal Event,Basic_Info_Changed,3,2,True,False
2023-12-23 00:14:24,ToolBarStyle.qml,\Program Files (x86)\Dropbox\Client\189.4.8395\QtQuick\Controls\Styles\Base\ToolBarStyle.qml,0.07,8714081058.0,2.0,1325177416.0,0.9,0.83,HIGH,Rule 1: Cross-artifact validation (LogFile + UsnJrnl),both,True,True,Time Reversal Event,Basic_Info_Changed,3,2,True,False
2023-12-23 00:14:24,ToggleButtonStyle.qml,\Program Files (x86)\Dropbox\Client\189.4.8395\QtQuick\Controls\Styles\Base\ToggleButtonStyle.qml,0.04,8714079610.0,0.0,1325176920.0,0.9,0.86,HIGH,Rule 1: Cross-artifact validation (LogFile + UsnJrnl),both,True,True,Time Reversal Event,Basic_Info_Changed,3,2,True,False
2023-12-23 00:14:24,TextFieldStyle.qml,\Program Files (x86)\Dropbox\Client\189.4.8395\QtQuick\Controls\Styles\Base\TextFieldStyle.qml,0.05,8714078805.0,6.0,1325176416.0,0.9,0.85,HIGH,Rule 1: Cross-artifact validation (LogFile + UsnJrnl),both,True,True,Time Reversal Event,Basic_Info_Changed,3,2,True,False
2023-12-23 00:14:24,TextAreaStyle.qml,\Program Files (x86)\Dropbox\Client\189.4.8395\QtQuick\Controls\Styles\Base\TextAreaStyle.qml,0.05,8714077997.0,4.0,1325175936.0,0.9,0.85,HIGH,Rule 1: Cross-artifact validation (LogFile + UsnJrnl),both,True,True,Time Reversal Event,Basic_Info_Changed,3,2,True,False
2023-12-23 00:14:24,TabViewStyle.qml,\Program Files (x86)\Dropbox\Client\189.4.8395\QtQuick\Controls\Styles\Base\TabViewStyle.qml,0.07,8714077197.0,2.0,1325175456.0,0.9,0.83,HIGH,Rule 1: Cross-artifact validation (LogFile + UsnJrnl),both,True,True,Time Reversal Event,Basic_Info_Changed,3,2,True,False
2023-12-23 00:14:24,CalendarStyle.qml,\Program Files (x86)\Dropbox\Client\189.4.8395\QtQuick\Controls\Styles\Desktop\CalendarStyle.qml,0.05,8714087434.0,2.0,1325181176.0,0.9,0.85,HIGH,Rule 1: Cross-artifact validation (LogFile + UsnJrnl),both,True,True,Time Reversal Event,Basic_Info_Changed,3,2,True,False
2023-12-23 00:14:24,TableViewStyle.qml,\Program Files (x86)\Dropbox\Client\189.4.8395\QtQuick\Controls\Styles\Base\TableViewStyle.qml,0.05,8714076389.0,0.0,1325174976.0,0.9,0.85,HIGH,Rule 1: Cross-artifact validation (LogFile + UsnJrnl),both,True,True,Time Reversal Event,Basic_Info_Changed,3,2,True,False
2023-12-23 00:14:24,StatusIndicatorStyle.qml,\Program Files (x86)\Dropbox\Client\189.4.8395\QtQuick\Controls\Styles\Base\StatusIndicatorStyle.qml,0.04,8714074728.0,4.0,1325173920.0,0.9,0.86,HIGH,Rule 1: Cross-artifact validation (LogFile + UsnJrnl),both,True,True,Time Reversal Event,Basic_Info_Changed,3,2,True,False
2023-12-23 00:14:24,StatusBarStyle.qml,\Program Files (x86)\Dropbox\Client\189.4.8395\QtQuick\Controls\Styles\Base\StatusBarStyle.qml,0.05,8714073908.0,2.0,1325173392.0,0.9,0.85,HIGH,Rule 1: Cross-artifact validation (LogFile + UsnJrnl),both,True,True,Time Reversal Event,Basic_Info_Changed,3,2,True,False
2023-12-23 00:14:24,SpinBoxStyle.qml,\Program Files (x86)\Dropbox\Client\189.4.8395\QtQuick\Controls\Styles\Base\SpinBoxStyle.qml,0.07,8714073108.0,0.0,1325172912.0,0.9,0.83,HIGH,Rule 1: Cross-artifact validation (LogFile + UsnJrnl),both,True,True,Time Reversal Event,Basic_Info_Changed,3,2,True,False
2023-12-23 00:14:24,SliderStyle.qml,\Program Files (x86)\Dropbox\Client\189.4.8395\QtQuick\Controls\Styles\Base\SliderStyle.qml,0.07,8714071673.0,6.0,1325172432.0,0.9,0.83,HIGH,Rule 1: Cross-artifact validation (LogFile + UsnJrnl),both,True,True,Time Reversal Event,Basic_Info_Changed,3,2,True,False
2023-12-23 00:14:24,ScrollViewStyle.qml,\Program Files (x86)\Dropbox\Client\189.4.8395\QtQuick\Controls\Styles\Base\ScrollViewStyle.qml,0.04,8714070865.0,4.0,1325171936.0,0.9,0.86,HIGH,Rule 1: Cross-artifact validation (LogFile + UsnJrnl),both,True,True,Time Reversal Event,Basic_Info_Changed,3,2,True,False
2023-12-23 00:14:24,RadioButtonStyle.qml,\Program Files (x86)\Dropbox\Client\189.4.8395\QtQuick\Controls\Styles\Base\RadioButtonStyle.qml,0.04,8714070060.0,2.0,1325171416.0,0.9,0.86,HIGH,Rule 1: Cross-artifact validation (LogFile + UsnJrnl),both,True,True,Time Reversal Event,Basic_Info_Changed,3,2,True,False
2023-12-23 00:14:24,ProgressBarStyle.qml,\Program Files (x86)\Dropbox\Client\189.4.8395\QtQuick\Controls\Styles\Base\ProgressBarStyle.qml,0.04,8714069243.0,0.0,1325170896.0,0.9,0.86,HIGH,Rule 1: Cross-artifact validation (LogFile + UsnJrnl),both,True,True,Time Reversal Event,Basic_Info_Changed,3,2,True,False
2023-12-23 00:14:24,PieMenuStyle.qml,\Program Files (x86)\Dropbox\Client\189.4.8395\QtQuick\Controls\Styles\Base\PieMenuStyle.qml,0.07,8714068376.0,6.0,1325170312.0,0.9,0.83,HIGH,Rule 1: Cross-artifact validation (LogFile + UsnJrnl),both,True,True,Time Reversal Event,Basic_Info_Changed,3,2,True,False
2023-12-23 00:14:24,MenuStyle.qml,\Program Files (x86)\Dropbox\Client\189.4.8395\QtQuick\Controls\Styles\Base\MenuStyle.qml,0.07,8714067578.0,4.0,1325169848.0,0.9,0.83,HIGH,Rule 1: Cross-artifact validation (LogFile + UsnJrnl),both,True,True,Time Reversal Event,Basic_Info_Changed,3,2,True,False
2023-12-23 00:14:24,ConicalGradient.qml,\Program Files (x86)\Dropbox\Client\189.4.8395\QtGraphicalEffects\ConicalGradient.qml,0.07,8713950798.0,4.0,1325100224.0,0.9,0.83,HIGH,Rule 1: Cross-artifact validation (LogFile + UsnJrnl),both,True,True,Time Reversal Event,Basic_Info_Changed,3,2,True,False
2023-12-23 00:14:24,DirectionalBlur.qml,\Program Files (x86)\Dropbox\Client\189.4.8395\QtGraphicalEffects\DirectionalBlur.qml,0.07,8713952454.0,0.0,1325101264.0,0.9,0.83,HIGH,Rule 1: Cross-artifact validation (LogFile + UsnJrnl),both,True,True,Time Reversal Event,Basic_Info_Changed,3,2,True,False
2023-12-23 00:14:24,PyQt5.QtWinExtras.pyd,\Program Files (x86)\Dropbox\Client\189.4.8395\PyQt5.QtWinExtras.pyd,0.0599,8713920775.0,6.0,1325088232.0,0.9,0.8401,HIGH,Rule 1: Cross-artifact validation (LogFile + UsnJrnl),both,True,True,Time Reversal Event,Basic_Info_Changed,3,2,True,False
2023-12-23 00:14:24,Displace.qml,\Program Files (x86)\Dropbox\Client\189.4.8395\QtGraphicalEffects\Displace.qml,0.1,8713953186.0,2.0,1325101736.0,0.9,0.8,HIGH,Rule 1: Cross-artifact validation (LogFile + UsnJrnl),both,True,True,Time Reversal Event,Basic_Info_Changed,3,2,True,False
2023-12-23 00:14:24,PyQt5.QtQuick.pyd,\Program Files (x86)\Dropbox\Client\189.4.8395\PyQt5.QtQuick.pyd,0.0699,8713910323.0,2.0,1325087208.0,0.9,0.8301,HIGH,Rule 1: Cross-artifact validation (LogFile + UsnJrnl),both,True,True,Time Reversal Event,Basic_Info_Changed,3,2,True,False
2023-12-23 00:14:24,PyQt5.QtQml.pyd,\Program Files (x86)\Dropbox\Client\189.4.8395\PyQt5.QtQml.pyd,0.0899,8713907034.0,0.0,1325086728.0,0.9,0.8101,HIGH,Rule 1: Cross-artifact validation (LogFile + UsnJrnl),both,True,True,Time Reversal Event,Basic_Info_Changed,3,2,True,False
2023-12-23 00:14:24,PyQt5.QtNetwork.pyd,\Program Files (x86)\Dropbox\Client\189.4.8395\PyQt5.QtNetwork.pyd,0.0599,8713904648.0,6.0,1325086232.0,0.9,0.8401,HIGH,Rule 1: Cross-artifact validation (LogFile + UsnJrnl),both,True,True,Time Reversal Event,Basic_Info_Changed,3,2,True,False
2023-12-23 00:14:24,PyQt5.QtGui.pyd,\Program Files (x86)\Dropbox\Client\189.4.8395\PyQt5.QtGui.pyd,0.0899,8713903834.0,4.0,1325085728.0,0.9,0.8101,HIGH,Rule 1: Cross-artifact validation (LogFile + UsnJrnl),both,True,True,Time Reversal Event,Basic_Info_Changed,3,2,True,False
2023-12-23 00:14:24,PyQt5.QtCore.pyd,\Program Files (x86)\Dropbox\Client\189.4.8395\PyQt5.QtCore.pyd,0.0899,8713902933.0,2.0,1325085248.0,0.9,0.8101,HIGH,Rule 1: Cross-artifact validation (LogFile + UsnJrnl),both,True,True,Time Reversal Event,Basic_Info_Changed,3,2,True,False
2023-12-23 00:14:24,psutil._psutil_windows.cp38-win_amd64.pyd,\Program Files (x86)\Dropbox\Client\189.4.8395\psutil._psutil_windows.cp38-win_amd64.pyd,0.0499,8713901968.0,0.0,1325084672.0,0.9,0.8501,HIGH,Rule 1: Cross-artifact validation (LogFile + UsnJrnl),both,True,True,Time Reversal Event,Basic_Info_Changed,3,2,True,False
2023-12-23 00:14:24,qwindowsvistastyle.dll,\Program Files (x86)\Dropbox\Client\189.4.8395\plugins\styles\qwindowsvistastyle.dll,0.03,8713900466.0,6.0,1325083944.0,0.9,0.87,HIGH,Rule 1: Cross-artifact validation (LogFile + UsnJrnl),both,True,True,Time Reversal Event,Basic_Info_Changed,3,2,True,False
2023-12-23 00:14:24,qwindows.dll,\Program Files (x86)\Dropbox\Client\189.4.8395\plugins\platforms\qwindows.dll,0.06,8713899337.0,2.0,1325083312.0,0.9,0.84,HIGH,Rule 1: Cross-artifact validation (LogFile + UsnJrnl),both,True,True,Time Reversal Event,Basic_Info_Changed,3,2,True,False
2023-12-23 00:14:24,PyQt5.QtWidgets.pyd,\Program Files (x86)\Dropbox\Client\189.4.8395\PyQt5.QtWidgets.pyd,0.0699,8713919760.0,4.0,1325087712.0,0.9,0.8301,HIGH,Rule 1: Cross-artifact validation (LogFile + UsnJrnl),both,True,True,Time Reversal Event,Basic_Info_Changed,3,2,True,False
2023-12-23 00:14:24,Qt5Sql.dll,\Program Files (x86)\Dropbox\Client\189.4.8395\Qt5Sql.dll,0.0899,8713944456.0,4.0,1325096728.0,0.9,0.8101,HIGH,Rule 1: Cross-artifact validation (LogFile + UsnJrnl),both,True,True,Time Reversal Event,Basic_Info_Changed,3,2,True,False
2023-12-23 00:14:24,Qt5Widgets.dll,\Program Files (x86)\Dropbox\Client\189.4.8395\Qt5Widgets.dll,0.0799,8713945469.0,6.0,1325097224.0,0.9,0.8201,HIGH,Rule 1: Cross-artifact validation (LogFile + UsnJrnl),both,True,True,Time Reversal Event,Basic_Info_Changed,3,2,True,False
2023-12-23 00:14:24,Qt5WinExtras.dll,\Program Files (x86)\Dropbox\Client\189.4.8395\Qt5WinExtras.dll,0.0899,8713946275.0,0.0,1325097688.0,0.9,0.8101,HIGH,Rule 1: Cross-artifact validation (LogFile + UsnJrnl),both,True,True,Time Reversal Event,Basic_Info_Changed,3,2,True,False
2023-12-23 00:14:24,GaussianDirectionalBlur.qml,\Program Files (x86)\Dropbox\Client\189.4.8395\QtGraphicalEffects\private\GaussianDirectionalBlur.qml,0.04,8713967880.0,6.0,1325109992.0,0.9,0.86,HIGH,Rule 1: Cross-artifact validation (LogFile + UsnJrnl),both,True,True,Time Reversal Event,Basic_Info_Changed,3,2,True,False
2023-12-23 00:14:24,FastMaskedBlur.qml,\Program Files (x86)\Dropbox\Client\189.4.8395\QtGraphicalEffects\private\FastMaskedBlur.qml,0.06,8713967059.0,4.0,1325109440.0,0.9,0.84,HIGH,Rule 1: Cross-artifact validation (LogFile + UsnJrnl),both,True,True,Time Reversal Event,Basic_Info_Changed,3,2,True,False
2023-12-23 00:14:24,FastInnerShadow.qml,\Program Files (x86)\Dropbox\Client\189.4.8395\QtGraphicalEffects\private\FastInnerShadow.qml,0.05,8713965913.0,2.0,1325108904.0,0.9,0.85,HIGH,Rule 1: Cross-artifact validation (LogFile + UsnJrnl),both,True,True,Time Reversal Event,Basic_Info_Changed,3,2,True,False
2023-12-23 00:14:24,FastGlow.qml,\Program Files (x86)\Dropbox\Client\189.4.8395\QtGraphicalEffects\private\FastGlow.qml,0.08,8713965133.0,0.0,1325108416.0,0.9,0.82,HIGH,Rule 1: Cross-artifact validation (LogFile + UsnJrnl),both,True,True,Time Reversal Event,Basic_Info_Changed,3,2,True,False
2023-12-23 00:14:24,DropShadowBase.qml,\Program Files (x86)\Dropbox\Client\189.4.8395\QtGraphicalEffects\private\DropShadowBase.qml,0.05,8713964393.0,6.0,1325107960.0,0.9,0.85,HIGH,Rule 1: Cross-artifact validation (LogFile + UsnJrnl),both,True,True,Time Reversal Event,Basic_Info_Changed,3,2,True,False
2023-12-23 00:14:24,plugins.qmltypes,\Program Files (x86)\Dropbox\Client\189.4.8395\QtGraphicalEffects\plugins.qmltypes,0.1,8713962563.0,2.0,1325107320.0,0.9,0.8,HIGH,Rule 1: Cross-artifact validation (LogFile + UsnJrnl),both,True,True,Time Reversal Event,Basic_Info_Changed,3,2,True,False
2023-12-23 00:14:24,OpacityMask.qml,\Program Files (x86)\Dropbox\Client\189.4.8395\QtGraphicalEffects\OpacityMask.qml,0.1,8713961848.0,0.0,1325106840.0,0.9,0.8,HIGH,Rule 1: Cross-artifact validation (LogFile + UsnJrnl),both,True,True,Time Reversal Event,Basic_Info_Changed,3,2,True,False
2023-12-23 00:14:24,MaskedBlur.qml,\Program Files (x86)\Dropbox\Client\189.4.8395\QtGraphicalEffects\MaskedBlur.qml,0.09,8713961052.0,6.0,1325106376.0,0.9,0.81,HIGH,Rule 1: Cross-artifact validation (LogFile + UsnJrnl),both,True,True,Time Reversal Event,Basic_Info_Changed,3,2,True,False
2023-12-23 00:14:24,LinearGradient.qml,\Program Files (x86)\Dropbox\Client\189.4.8395\QtGraphicalEffects\LinearGradient.qml,0.08,8713960243.0,4.0,1325105920.0,0.9,0.82,HIGH,Rule 1: Cross-artifact validation (LogFile + UsnJrnl),both,True,True,Time Reversal Event,Basic_Info_Changed,3,2,True,False
2023-12-23 00:14:24,LevelAdjust.qml,\Program Files (x86)\Dropbox\Client\189.4.8395\QtGraphicalEffects\LevelAdjust.qml,0.1,8713959443.0,2.0,1325105440.0,0.9,0.8,HIGH,Rule 1: Cross-artifact validation (LogFile + UsnJrnl),both,True,True,Time Reversal Event,Basic_Info_Changed,3,2,True,False
2023-12-23 00:14:24,InnerShadow.qml,\Program Files (x86)\Dropbox\Client\189.4.8395\QtGraphicalEffects\InnerShadow.qml,0.1,8713958587.0,0.0,1325104920.0,0.9,0.8,HIGH,Rule 1: Cross-artifact validation (LogFile + UsnJrnl),both,True,True,Time Reversal Event,Basic_Info_Changed,3,2,True,False
2023-12-23 00:14:24,HueSaturation.qml,\Program Files (x86)\Dropbox\Client\189.4.8395\QtGraphicalEffects\HueSaturation.qml,0.07,8713957781.0,6.0,1325104440.0,0.9,0.83,HIGH,Rule 1: Cross-artifact validation (LogFile + UsnJrnl),both,True,True,Time Reversal Event,Basic_Info_Changed,3,2,True,False
2023-12-23 00:14:24,Glow.qml,\Program Files (x86)\Dropbox\Client\189.4.8395\QtGraphicalEffects\Glow.qml,0.1199,8713957010.0,4.0,1325103992.0,0.9,0.7801,HIGH,Rule 1: Cross-artifact validation (LogFile + UsnJrnl),both,True,True,Time Reversal Event,Basic_Info_Changed,3,2,True,False
2023-12-23 00:14:24,GaussianBlur.qml,\Program Files (x86)\Dropbox\Client\189.4.8395\QtGraphicalEffects\GaussianBlur.qml,0.1,8713956272.0,2.0,1325103560.0,0.9,0.8,HIGH,Rule 1: Cross-artifact validation (LogFile + UsnJrnl),both,True,True,Time Reversal Event,Basic_Info_Changed,3,2,True,False
2023-12-23 00:14:24,GammaAdjust.qml,\Program Files (x86)\Dropbox\Client\189.4.8395\QtGraphicalEffects\GammaAdjust.qml,0.1,8713955472.0,0.0,1325103080.0,0.9,0.8,HIGH,Rule 1: Cross-artifact validation (LogFile + UsnJrnl),both,True,True,Time Reversal Event,Basic_Info_Changed,3,2,True,False
2023-12-23 00:14:24,FastBlur.qml,\Program Files (x86)\Dropbox\Client\189.4.8395\QtGraphicalEffects\FastBlur.qml,0.09,8713954692.0,6.0,1325102616.0,0.9,0.81,HIGH,Rule 1: Cross-artifact validation (LogFile + UsnJrnl),both,True,True,Time Reversal Event,Basic_Info_Changed,3,2,True,False
2023-12-23 00:14:24,DropShadow.qml,\Program Files (x86)\Dropbox\Client\189.4.8395\QtGraphicalEffects\DropShadow.qml,0.1,8713953964.0,4.0,1325102176.0,0.9,0.8,HIGH,Rule 1: Cross-artifact validation (LogFile + UsnJrnl),both,True,True,Time Reversal Event,Basic_Info_Changed,3,2,True,False
2023-12-23 00:14:24,AbstractCheckable.qml,\Program Files (x86)\Dropbox\Client\189.4.8395\QtQuick\Controls\Private\AbstractCheckable.qml,0.04,8713988373.0,6.0,1325122392.0,0.9,0.86,HIGH,Rule 1: Cross-artifact validation (LogFile + UsnJrnl),both,True,True,Time Reversal Event,Basic_Info_Changed,3,2,True,False
2023-12-23 00:14:24,BasicTableView.qml,\Program Files (x86)\Dropbox\Client\189.4.8395\QtQuick\Controls\Private\BasicTableView.qml,0.05,8713990278.0,2.0,1325123368.0,0.9,0.85,HIGH,Rule 1: Cross-artifact validation (LogFile + UsnJrnl),both,True,True,Time Reversal Event,Basic_Info_Changed,3,2,True,False
2023-12-23 00:14:24,tab_selected.png,\Program Files (x86)\Dropbox\Client\189.4.8395\QtQuick\Controls\Styles\Base\images\tab_selected.png,0.07,8714065971.0,0.0,1325168912.0,0.9,0.83,HIGH,Rule 1: Cross-artifact validation (LogFile + UsnJrnl),both,True,True,Time Reversal Event,Basic_Info_Changed,3,2,True,False
2023-12-23 00:14:23,dropboxstatus-pause@1p5x.png,\Program Files (x86)\Dropbox\Client\189.4.8395\images\03_Tray_Icon\win\light\dropboxstatus-pause@1p5x.png,0.04,8713817624.0,2.0,1325035880.0,0.9,0.86,HIGH,Rule 1: Cross-artifact validation (LogFile + UsnJrnl),both,True,True,Time Reversal Event,Basic_Info_Changed,3,2,True,False
2023-12-23 00:14:23,dropboxstatus-idle@1p75x.png,\Program Files (x86)\Dropbox\Client\189.4.8395\images\03_Tray_Icon\win\light\dropboxstatus-idle@1p75x.png,0.04,8713795037.0,4.0,1325018656.0,0.9,0.86,HIGH,Rule 1: Cross-artifact validation (LogFile + UsnJrnl),both,True,True,Time Reversal Event,Basic_Info_Changed,3,2,True,False
2023-12-23 00:14:23,dropboxstatus-idle@2p5x.png,\Program Files (x86)\Dropbox\Client\189.4.8395\images\03_Tray_Icon\win\light\dropboxstatus-idle@2p5x.png,0.04,8713795776.0,0.0,1325019256.0,0.9,0.86,HIGH,Rule 1: Cross-artifact validation (LogFile + UsnJrnl),both,True,True,Time Reversal Event,Basic_Info_Changed,3,2,True,False
2023-12-23 00:14:23,dropboxstatus-idle@2x.png,\Program Files (x86)\Dropbox\Client\189.4.8395\images\03_Tray_Icon\win\light\dropboxstatus-idle@2x.png,0.04,8713796499.0,6.0,1325019832.0,0.9,0.86,HIGH,Rule 1: Cross-artifact validation (LogFile + UsnJrnl),both,True,True,Time Reversal Event,Basic_Info_Changed,3,2,True,False
2023-12-23 00:14:23,dropboxstatus-idle@3x.png,\Program Files (x86)\Dropbox\Client\189.4.8395\images\03_Tray_Icon\win\light\dropboxstatus-idle@3x.png,0.04,8713797228.0,4.0,1325020392.0,0.9,0.86,HIGH,Rule 1: Cross-artifact validation (LogFile + UsnJrnl),both,True,True,Time Reversal Event,Basic_Info_Changed,3,2,True,False
2023-12-23 00:14:23,dropboxstatus-logo.png,\Program Files (x86)\Dropbox\Client\189.4.8395\images\03_Tray_Icon\win\light\dropboxstatus-logo.png,0.04,8713797944.0,2.0,1325020928.0,0.9,0.86,HIGH,Rule 1: Cross-artifact validation (LogFile + UsnJrnl),both,True,True,Time Reversal Event,Basic_Info_Changed,3,2,True,False
2023-12-23 00:14:23,dropboxstatus-logo@1p25x.png,\Program Files (x86)\Dropbox\Client\189.4.8395\images\03_Tray_Icon\win\light\dropboxstatus-logo@1p25x.png,0.04,8713798676.0,4.0,1325021496.0,0.9,0.86,HIGH,Rule 1: Cross-artifact validation (LogFile + UsnJrnl),both,True,True,Time Reversal Event,Basic_Info_Changed,3,2,True,False
2023-12-23 00:14:23,dropboxstatus-logo@1p5x.png,\Program Files (x86)\Dropbox\Client\189.4.8395\images\03_Tray_Icon\win\light\dropboxstatus-logo@1p5x.png,0.04,8713800037.0,6.0,1325022096.0,0.9,0.86,HIGH,Rule 1: Cross-artifact validation (LogFile + UsnJrnl),both,True,True,Time Reversal Event,Basic_Info_Changed,3,2,True,False
2023-12-23 00:14:23,dropboxstatus-logo@1p75x.png,\Program Files (x86)\Dropbox\Client\189.4.8395\images\03_Tray_Icon\win\light\dropboxstatus-logo@1p75x.png,0.04,8713800781.0,0.0,1325022696.0,0.9,0.86,HIGH,Rule 1: Cross-artifact validation (LogFile + UsnJrnl),both,True,True,Time Reversal Event,Basic_Info_Changed,3,2,True,False
2023-12-23 00:14:23,dropboxstatus-logo@2p5x.png,\Program Files (x86)\Dropbox\Client\189.4.8395\images\03_Tray_Icon\win\light\dropboxstatus-logo@2p5x.png,0.04,8713801556.0,0.0,1325023352.0,0.9,0.86,HIGH,Rule 1: Cross-artifact validation (LogFile + UsnJrnl),both,True,True,Time Reversal Event,Basic_Info_Changed,3,2,True,False
2023-12-23 00:14:23,dropboxstatus-logo@2x.png,\Program Files (x86)\Dropbox\Client\189.4.8395\images\03_Tray_Icon\win\light\dropboxstatus-logo@2x.png,0.04,8713802291.0,4.0,1325023928.0,0.9,0.86,HIGH,Rule 1: Cross-artifact validation (LogFile + UsnJrnl),both,True,True,Time Reversal Event,Basic_Info_Changed,3,2,True,False
2023-12-23 00:14:23,dropboxstatus-logo@3x.png,\Program Files (x86)\Dropbox\Client\189.4.8395\images\03_Tray_Icon\win\light\dropboxstatus-logo@3x.png,0.04,8713803659.0,4.0,1325024488.0,0.9,0.86,HIGH,Rule 1: Cross-artifact validation (LogFile + UsnJrnl),both,True,True,Time Reversal Event,Basic_Info_Changed,3,2,True,False
2023-12-23 00:14:23,dropboxstatus-longnotification.png,\Program Files (x86)\Dropbox\Client\189.4.8395\images\03_Tray_Icon\win\light\dropboxstatus-longnotification.png,0.04,8713804412.0,6.0,1325025096.0,0.9,0.86,HIGH,Rule 1: Cross-artifact validation (LogFile + UsnJrnl),both,True,True,Time Reversal Event,Basic_Info_Changed,3,2,True,False
2023-12-23 00:14:23,dropboxstatus-pause@1p75x.png,\Program Files (x86)\Dropbox\Client\189.4.8395\images\03_Tray_Icon\win\light\dropboxstatus-pause@1p75x.png,0.04,8713818445.0,4.0,1325036480.0,0.9,0.86,HIGH,Rule 1: Cross-artifact validation (LogFile + UsnJrnl),both,True,True,Time Reversal Event,Basic_Info_Changed,3,2,True,False
2023-12-23 00:14:23,dropboxstatus-longnotification@1p25x.png,\Program Files (x86)\Dropbox\Client\189.4.8395\images\03_Tray_Icon\win\light\dropboxstatus-longnotification@1p25x.png,0.04,8713805157.0,0.0,1325025784.0,0.9,0.86,HIGH,Rule 1: Cross-artifact validation (LogFile + UsnJrnl),both,True,True,Time Reversal Event,Basic_Info_Changed,3,2,True,False
2023-12-23 00:14:23,dropboxstatus-longnotification@1p75x.png,\Program Files (x86)\Dropbox\Client\189.4.8395\images\03_Tray_Icon\win\light\dropboxstatus-longnotification@1p75x.png,0.04,8713806661.0,4.0,1325027328.0,0.9,0.86,HIGH,Rule 1: Cross-artifact validation (LogFile + UsnJrnl),both,True,True,Time Reversal Event,Basic_Info_Changed,3,2,True,False
2023-12-23 00:14:23,dropboxstatus-longnotification@2p5x.png,\Program Files (x86)\Dropbox\Client\189.4.8395\images\03_Tray_Icon\win\light\dropboxstatus-longnotification@2p5x.png,0.04,8713807465.0,0.0,1325028048.0,0.9,0.86,HIGH,Rule 1: Cross-artifact validation (LogFile + UsnJrnl),both,True,True,Time Reversal Event,Basic_Info_Changed,3,2,True,False
2023-12-23 00:14:23,dropboxstatus-longnotification@2x.png,\Program Files (x86)\Dropbox\Client\189.4.8395\images\03_Tray_Icon\win\light\dropboxstatus-longnotification@2x.png,0.04,8713808209.0,4.0,1325028744.0,0.9,0.86,HIGH,Rule 1: Cross-artifact validation (LogFile + UsnJrnl),both,True,True,Time Reversal Event,Basic_Info_Changed,3,2,True,False
2023-12-23 00:14:23,dropboxstatus-longnotification@3x.png,\Program Files (x86)\Dropbox\Client\189.4.8395\images\03_Tray_Icon\win\light\dropboxstatus-longnotification@3x.png,0.04,8713808959.0,0.0,1325029424.0,0.9,0.86,HIGH,Rule 1: Cross-artifact validation (LogFile + UsnJrnl),both,True,True,Time Reversal Event,Basic_Info_Changed,3,2,True,False
2023-12-23 00:14:23,dropboxstatus-notification.png,\Program Files (x86)\Dropbox\Client\189.4.8395\images\03_Tray_Icon\win\light\dropboxstatus-notification.png,0.04,8713809694.0,4.0,1325030056.0,0.9,0.86,HIGH,Rule 1: Cross-artifact validation (LogFile + UsnJrnl),both,True,True,Time Reversal Event,Basic_Info_Changed,3,2,True,False
2023-12-23 00:14:23,dropboxstatus-notification@1p25x.png,\Program Files (x86)\Dropbox\Client\189.4.8395\images\03_Tray_Icon\win\light\dropboxstatus-notification@1p25x.png,0.04,8713810440.0,6.0,1325030704.0,0.9,0.86,HIGH,Rule 1: Cross-artifact validation (LogFile + UsnJrnl),both,True,True,Time Reversal Event,Basic_Info_Changed,3,2,True,False
2023-12-23 00:14:23,dropboxstatus-notification@1p5x.png,\Program Files (x86)\Dropbox\Client\189.4.8395\images\03_Tray_Icon\win\light\dropboxstatus-notification@1p5x.png,0.04,8713812079.0,4.0,1325031424.0,0.9,0.86,HIGH,Rule 1: Cross-artifact validation (LogFile + UsnJrnl),both,True,True,Time Reversal Event,Basic_Info_Changed,3,2,True,False
2023-12-23 00:14:23,dropboxstatus-notification@1p75x.png,\Program Files (x86)\Dropbox\Client\189.4.8395\images\03_Tray_Icon\win\light\dropboxstatus-notification@1p75x.png,0.04,8713812870.0,4.0,1325032104.0,0.9,0.86,HIGH,Rule 1: Cross-artifact validation (LogFile + UsnJrnl),both,True,True,Time Reversal Event,Basic_Info_Changed,3,2,True,False
2023-12-23 00:14:23,dropboxstatus-notification@2p5x.png,\Program Files (x86)\Dropbox\Client\189.4.8395\images\03_Tray_Icon\win\light\dropboxstatus-notification@2p5x.png,0.04,8713813711.0,6.0,1325032784.0,0.9,0.86,HIGH,Rule 1: Cross-artifact validation (LogFile + UsnJrnl),both,True,True,Time Reversal Event,Basic_Info_Changed,3,2,True,False
2023-12-23 00:14:23,dropboxstatus-notification@2x.png,\Program Files (x86)\Dropbox\Client\189.4.8395\images\03_Tray_Icon\win\light\dropboxstatus-notification@2x.png,0.04,8713814448.0,6.0,1325033440.0,0.9,0.86,HIGH,Rule 1: Cross-artifact validation (LogFile + UsnJrnl),both,True,True,Time Reversal Event,Basic_Info_Changed,3,2,True,False
2023-12-23 00:14:23,dropboxstatus-notification@3x.png,\Program Files (x86)\Dropbox\Client\189.4.8395\images\03_Tray_Icon\win\light\dropboxstatus-notification@3x.png,0.04,8713815284.0,2.0,1325034080.0,0.9,0.86,HIGH,Rule 1: Cross-artifact validation (LogFile + UsnJrnl),both,True,True,Time Reversal Event,Basic_Info_Changed,3,2,True,False
2023-12-23 00:14:23,dropboxstatus-pause.png,\Program Files (x86)\Dropbox\Client\189.4.8395\images\03_Tray_Icon\win\light\dropboxstatus-pause.png,0.04,8713816010.0,4.0,1325034672.0,0.9,0.86,HIGH,Rule 1: Cross-artifact validation (LogFile + UsnJrnl),both,True,True,Time Reversal Event,Basic_Info_Changed,3,2,True,False
2023-12-23 00:14:23,dropboxstatus-pause@1p25x.png,\Program Files (x86)\Dropbox\Client\189.4.8395\images\03_Tray_Icon\win\light\dropboxstatus-pause@1p25x.png,0.04,8713816746.0,2.0,1325035256.0,0.9,0.86,HIGH,Rule 1: Cross-artifact validation (LogFile + UsnJrnl),both,True,True,Time Reversal Event,Basic_Info_Changed,3,2,True,False
2023-12-23 00:14:23,dropboxstatus-longnotification@1p5x.png,\Program Files (x86)\Dropbox\Client\189.4.8395\images\03_Tray_Icon\win\light\dropboxstatus-longnotification@1p5x.png,0.04,8713805912.0,2.0,1325026504.0,0.9,0.86,HIGH,Rule 1: Cross-artifact validation (LogFile + UsnJrnl),both,True,True,Time Reversal Event,Basic_Info_Changed,3,2,True,False
2023-12-23 00:14:23,libGLESv2.dll,\Program Files (x86)\Dropbox\Client\189.4.8395\libGLESv2.dll,0.0899,8713849558.0,0.0,1325057312.0,0.9,0.8101,HIGH,Rule 1: Cross-artifact validation (LogFile + UsnJrnl),both,True,True,Time Reversal Event,Basic_Info_Changed,3,2,True,False
2023-12-23 00:14:23,dropboxstatus-idle@1p5x.png,\Program Files (x86)\Dropbox\Client\189.4.8395\images\03_Tray_Icon\win\light\dropboxstatus-idle@1p5x.png,0.04,8713794304.0,0.0,1325018056.0,0.9,0.86,HIGH,Rule 1: Cross-artifact validation (LogFile + UsnJrnl),both,True,True,Time Reversal Event,Basic_Info_Changed,3,2,True,False
2023-12-23 00:14:23,dropboxstatus-pause@2p5x.png,\Program Files (x86)\Dropbox\Client\189.4.8395\images\03_Tray_Icon\win\light\dropboxstatus-pause@2p5x.png,0.04,8713819274.0,6.0,1325037080.0,0.9,0.86,HIGH,Rule 1: Cross-artifact validation (LogFile + UsnJrnl),both,True,True,Time Reversal Event,Basic_Info_Changed,3,2,True,False
2023-12-23 00:14:23,ar.pak,\Program Files (x86)\Dropbox\Client\189.4.8395\locales\ar.pak,0.1099,8713851940.0,6.0,1325058224.0,0.9,0.7901,HIGH,Rule 1: Cross-artifact validation (LogFile + UsnJrnl),both,True,True,Time Reversal Event,Basic_Info_Changed,3,2,True,False
2023-12-23 00:14:23,libffi-7.dll,\Program Files (x86)\Dropbox\Client\189.4.8395\libffi-7.dll,0.1099,8713848619.0,6.0,1325056872.0,0.9,0.7901,HIGH,Rule 1: Cross-artifact validation (LogFile + UsnJrnl),both,True,True,Time Reversal Event,Basic_Info_Changed,3,2,True,False
2023-12-23 00:14:23,dropboxstatus-pause@3x.png,\Program Files (x86)\Dropbox\Client\189.4.8395\images\03_Tray_Icon\win\light\dropboxstatus-pause@3x.png,0.04,8713820912.0,2.0,1325038216.0,0.9,0.86,HIGH,Rule 1: Cross-artifact validation (LogFile + UsnJrnl),both,True,True,Time Reversal Event,Basic_Info_Changed,3,2,True,False
2023-12-23 00:14:23,dropboxstatus-shortnotification.png,\Program Files (x86)\Dropbox\Client\189.4.8395\images\03_Tray_Icon\win\light\dropboxstatus-shortnotification.png,0.04,8713821646.0,4.0,1325038848.0,0.9,0.86,HIGH,Rule 1: Cross-artifact validation (LogFile + UsnJrnl),both,True,True,Time Reversal Event,Basic_Info_Changed,3,2,True,False
2023-12-23 00:14:23,dropboxstatus-shortnotification@1p25x.png,\Program Files (x86)\Dropbox\Client\189.4.8395\images\03_Tray_Icon\win\light\dropboxstatus-shortnotification@1p25x.png,0.04,8713822405.0,6.0,1325039616.0,0.9,0.86,HIGH,Rule 1: Cross-artifact validation (LogFile + UsnJrnl),both,True,True,Time Reversal Event,Basic_Info_Changed,3,2,True,False
2023-12-23 00:14:23,dropboxstatus-shortnotification@1p5x.png,\Program Files (x86)\Dropbox\Client\189.4.8395\images\03_Tray_Icon\win\light\dropboxstatus-shortnotification@1p5x.png,0.04,8713823868.0,2.0,1325040336.0,0.9,0.86,HIGH,Rule 1: Cross-artifact validation (LogFile + UsnJrnl),both,True,True,Time Reversal Event,Basic_Info_Changed,3,2,True,False
2023-12-23 00:14:23,dropboxstatus-shortnotification@1p75x.png,\Program Files (x86)\Dropbox\Client\189.4.8395\images\03_Tray_Icon\win\light\dropboxstatus-shortnotification@1p75x.png,0.04,8713824617.0,2.0,1325041056.0,0.9,0.86,HIGH,Rule 1: Cross-artifact validation (LogFile + UsnJrnl),both,True,True,Time Reversal Event,Basic_Info_Changed,3,2,True,False
2023-12-23 00:14:23,dropboxstatus-shortnotification@2p5x.png,\Program Files (x86)\Dropbox\Client\189.4.8395\images\03_Tray_Icon\win\light\dropboxstatus-shortnotification@2p5x.png,0.04,8713825470.0,6.0,1325041776.0,0.9,0.86,HIGH,Rule 1: Cross-artifact validation (LogFile + UsnJrnl),both,True,True,Time Reversal Event,Basic_Info_Changed,3,2,True,False
2023-12-23 00:14:23,dropboxstatus-shortnotification@2x.png,\Program Files (x86)\Dropbox\Client\189.4.8395\images\03_Tray_Icon\win\light\dropboxstatus-shortnotification@2x.png,0.04,8713826214.0,0.0,1325042472.0,0.9,0.86,HIGH,Rule 1: Cross-artifact validation (LogFile + UsnJrnl),both,True,True,Time Reversal Event,Basic_Info_Changed,3,2,True,False
2023-12-23 00:14:23,dropboxstatus-shortnotification@3x.png,\Program Files (x86)\Dropbox\Client\189.4.8395\images\03_Tray_Icon\win\light\dropboxstatus-shortnotification@3x.png,0.04,8713827057.0,2.0,1325043152.0,0.9,0.86,HIGH,Rule 1: Cross-artifact validation (LogFile + UsnJrnl),both,True,True,Time Reversal Event,Basic_Info_Changed,3,2,True,False
2023-12-23 00:14:23,dropboxstatus-snooze.png,\Program Files (x86)\Dropbox\Client\189.4.8395\images\03_Tray_Icon\win\light\dropboxstatus-snooze.png,0.04,8713827848.0,4.0,1325043824.0,0.9,0.86,HIGH,Rule 1: Cross-artifact validation (LogFile + UsnJrnl),both,True,True,Time Reversal Event,Basic_Info_Changed,3,2,True,False
2023-12-23 00:14:23,dropboxstatus-snooze@1p25x.png,\Program Files (x86)\Dropbox\Client\189.4.8395\images\03_Tray_Icon\win\light\dropboxstatus-snooze@1p25x.png,0.04,8713828574.0,4.0,1325044408.0,0.9,0.86,HIGH,Rule 1: Cross-artifact validation (LogFile + UsnJrnl),both,True,True,Time Reversal Event,Basic_Info_Changed,3,2,True,False
2023-12-23 00:14:23,dropboxstatus-snooze@1p5x.png,\Program Files (x86)\Dropbox\Client\189.4.8395\images\03_Tray_Icon\win\light\dropboxstatus-snooze@1p5x.png,0.04,8713829302.0,2.0,1325045008.0,0.9,0.86,HIGH,Rule 1: Cross-artifact validation (LogFile + UsnJrnl),both,True,True,Time Reversal Event,Basic_Info_Changed,3,2,True,False
2023-12-23 00:14:23,dropboxstatus-snooze@1p75x.png,\Program Files (x86)\Dropbox\Client\189.4.8395\images\03_Tray_Icon\win\light\dropboxstatus-snooze@1p75x.png,0.04,8713830040.0,4.0,1325045608.0,0.9,0.86,HIGH,Rule 1: Cross-artifact validation (LogFile + UsnJrnl),both,True,True,Time Reversal Event,Basic_Info_Changed,3,2,True,False
2023-12-23 00:14:23,dropboxstatus-snooze@2p5x.png,\Program Files (x86)\Dropbox\Client\189.4.8395\images\03_Tray_Icon\win\light\dropboxstatus-snooze@2p5x.png,0.04,8713830768.0,6.0,1325046208.0,0.9,0.86,HIGH,Rule 1: Cross-artifact validation (LogFile + UsnJrnl),both,True,True,Time Reversal Event,Basic_Info_Changed,3,2,True,False
2023-12-23 00:14:23,dropboxstatus-pause@2x.png,\Program Files (x86)\Dropbox\Client\189.4.8395\images\03_Tray_Icon\win\light\dropboxstatus-pause@2x.png,0.04,8713820090.0,0.0,1325037656.0,0.9,0.86,HIGH,Rule 1: Cross-artifact validation (LogFile + UsnJrnl),both,True,True,Time Reversal Event,Basic_Info_Changed,3,2,True,False
2023-12-23 00:14:23,dropboxstatus-snooze@2x.png,\Program Files (x86)\Dropbox\Client\189.4.8395\images\03_Tray_Icon\win\light\dropboxstatus-snooze@2x.png,0.04,8713831502.0,0.0,1325046808.0,0.9,0.86,HIGH,Rule 1: Cross-artifact validation (LogFile + UsnJrnl),both,True,True,Time Reversal Event,Basic_Info_Changed,3,2,True,False
2023-12-23 00:14:23,dropboxstatus-x.png,\Program Files (x86)\Dropbox\Client\189.4.8395\images\03_Tray_Icon\win\light\dropboxstatus-x.png,0.04,8713833757.0,4.0,1325048016.0,0.9,0.86,HIGH,Rule 1: Cross-artifact validation (LogFile + UsnJrnl),both,True,True,Time Reversal Event,Basic_Info_Changed,3,2,True,False
2023-12-23 00:14:23,dropboxstatus-x@1p25x.png,\Program Files (x86)\Dropbox\Client\189.4.8395\images\03_Tray_Icon\win\light\dropboxstatus-x@1p25x.png,0.04,8713834480.0,6.0,1325048560.0,0.9,0.86,HIGH,Rule 1: Cross-artifact validation (LogFile + UsnJrnl),both,True,True,Time Reversal Event,Basic_Info_Changed,3,2,True,False
2023-12-23 00:14:23,dropboxstatus-x@1p5x.png,\Program Files (x86)\Dropbox\Client\189.4.8395\images\03_Tray_Icon\win\light\dropboxstatus-x@1p5x.png,0.04,8713835958.0,0.0,1325049120.0,0.9,0.86,HIGH,Rule 1: Cross-artifact validation (LogFile + UsnJrnl),both,True,True,Time Reversal Event,Basic_Info_Changed,3,2,True,False
2023-12-23 00:14:23,dropboxstatus-x@1p75x.png,\Program Files (x86)\Dropbox\Client\189.4.8395\images\03_Tray_Icon\win\light\dropboxstatus-x@1p75x.png,0.04,8713837370.0,2.0,1325049680.0,0.9,0.86,HIGH,Rule 1: Cross-artifact validation (LogFile + UsnJrnl),both,True,True,Time Reversal Event,Basic_Info_Changed,3,2,True,False
2023-12-23 00:14:23,dropboxstatus-x@2p5x.png,\Program Files (x86)\Dropbox\Client\189.4.8395\images\03_Tray_Icon\win\light\dropboxstatus-x@2p5x.png,0.04,8713838192.0,4.0,1325050240.0,0.9,0.86,HIGH,Rule 1: Cross-artifact validation (LogFile + UsnJrnl),both,True,True,Time Reversal Event,Basic_Info_Changed,3,2,True,False
2023-12-23 00:14:23,dropboxstatus-x@2x.png,\Program Files (x86)\Dropbox\Client\189.4.8395\images\03_Tray_Icon\win\light\dropboxstatus-x@2x.png,0.04,8713839001.0,6.0,1325050776.0,0.9,0.86,HIGH,Rule 1: Cross-artifact validation (LogFile + UsnJrnl),both,True,True,Time Reversal Event,Basic_Info_Changed,3,2,True,False
2023-12-23 00:14:23,dropboxstatus-x@3x.png,\Program Files (x86)\Dropbox\Client\189.4.8395\images\03_Tray_Icon\win\light\dropboxstatus-x@3x.png,0.04,8713839819.0,0.0,1325051296.0,0.9,0.86,HIGH,Rule 1: Cross-artifact validation (LogFile + UsnJrnl),both,True,True,Time Reversal Event,Basic_Info_Changed,3,2,True,False
2023-12-23 00:14:23,splashCameraWelcome.png,\Program Files (x86)\Dropbox\Client\189.4.8395\images\05_Splash_Screens\camera\electron\splashCameraWelcome.png,0.04,8713841654.0,0.0,1325052400.0,0.9,0.86,HIGH,Rule 1: Cross-artifact validation (LogFile + UsnJrnl),both,True,True,Time Reversal Event,Basic_Info_Changed,3,2,True,False
2023-12-23 00:14:23,splashOfficeAddin.png,\Program Files (x86)\Dropbox\Client\189.4.8395\images\05_Splash_Screens\Office\electron\splashOfficeAddin.png,0.04,8713843125.0,6.0,1325053240.0,0.9,0.86,HIGH,Rule 1: Cross-artifact validation (LogFile + UsnJrnl),both,True,True,Time Reversal Event,Basic_Info_Changed,3,2,True,False
2023-12-23 00:14:23,isotope_manager_python.cp38-win_amd64.pyd,\Program Files (x86)\Dropbox\Client\189.4.8395\isotope_manager_python.cp38-win_amd64.pyd,0.0499,8713845480.0,6.0,1325054736.0,0.9,0.8501,HIGH,Rule 1: Cross-artifact validation (LogFile + UsnJrnl),both,True,True,Time Reversal Event,Basic_Info_Changed,3,2,True,False
2023-12-23 00:14:23,isotope_python.cp38-win_amd64.pyd,\Program Files (x86)\Dropbox\Client\189.4.8395\isotope_python.cp38-win_amd64.pyd,0.0699,8713846323.0,0.0,1325055408.0,0.9,0.8301,HIGH,Rule 1: Cross-artifact validation (LogFile + UsnJrnl),both,True,True,Time Reversal Event,Basic_Info_Changed,3,2,True,False
2023-12-23 00:14:23,kernel32_native.pyd,\Program Files (x86)\Dropbox\Client\189.4.8395\kernel32_native.pyd,0.0699,8713847134.0,2.0,1325056000.0,0.9,0.8301,HIGH,Rule 1: Cross-artifact validation (LogFile + UsnJrnl),both,True,True,Time Reversal Event,Basic_Info_Changed,3,2,True,False
2023-12-23 00:14:23,libEGL.dll,\Program Files (x86)\Dropbox\Client\189.4.8395\libEGL.dll,0.0899,8713847918.0,4.0,1325056448.0,0.9,0.8101,HIGH,Rule 1: Cross-artifact validation (LogFile + UsnJrnl),both,True,True,Time Reversal Event,Basic_Info_Changed,3,2,True,False
2023-12-23 00:14:23,dropboxstatus-snooze@3x.png,\Program Files (x86)\Dropbox\Client\189.4.8395\images\03_Tray_Icon\win\light\dropboxstatus-snooze@3x.png,0.04,8713832321.0,2.0,1325047408.0,0.9,0.86,HIGH,Rule 1: Cross-artifact validation (LogFile + UsnJrnl),both,True,True,Time Reversal Event,Basic_Info_Changed,3,2,True,False
2023-12-23 00:14:23,am.pak,\Program Files (x86)\Dropbox\Client\189.4.8395\locales\am.pak,0.1199,8713851243.0,4.0,1325057864.0,0.9,0.7801,HIGH,Rule 1: Cross-artifact validation (LogFile + UsnJrnl),both,True,True,Time Reversal Event,Basic_Info_Changed,3,2,True,False
2023-12-23 00:14:23,pt-BR.pak,\Program Files (x86)\Dropbox\Client\189.4.8395\locales\pt-BR.pak,0.1099,8713876658.0,4.0,1325071120.0,0.9,0.7901,HIGH,Rule 1: Cross-artifact validation (LogFile + UsnJrnl),both,True,True,Time Reversal Event,Basic_Info_Changed,3,2,True,False
2023-12-23 00:14:24,CalendarHeaderModel.qml,\Program Files (x86)\Dropbox\Client\189.4.8395\QtQuick\Controls\Private\CalendarHeaderModel.qml,0.04,8713991086.0,4.0,1325123896.0,0.9,0.86,HIGH,Rule 1: Cross-artifact validation (LogFile + UsnJrnl),both,True,True,Time Reversal Event,Basic_Info_Changed,3,2,True,False
2023-12-23 00:14:23,bn.pak,\Program Files (x86)\Dropbox\Client\189.4.8395\locales\bn.pak,0.1199,8713853323.0,2.0,1325058944.0,0.9,0.7801,HIGH,Rule 1: Cross-artifact validation (LogFile + UsnJrnl),both,True,True,Time Reversal Event,Basic_Info_Changed,3,2,True,False
2023-12-23 00:14:23,cs.pak,\Program Files (x86)\Dropbox\Client\189.4.8395\locales\cs.pak,0.1099,8713854712.0,6.0,1325059664.0,0.9,0.7901,HIGH,Rule 1: Cross-artifact validation (LogFile + UsnJrnl),both,True,True,Time Reversal Event,Basic_Info_Changed,3,2,True,False
2023-12-23 00:14:23,da.pak,\Program Files (x86)\Dropbox\Client\189.4.8395\locales\da.pak,0.1199,8713855404.0,0.0,1325060024.0,0.9,0.7801,HIGH,Rule 1: Cross-artifact validation (LogFile + UsnJrnl),both,True,True,Time Reversal Event,Basic_Info_Changed,3,2,True,False
2023-12-23 00:14:23,de.pak,\Program Files (x86)\Dropbox\Client\189.4.8395\locales\de.pak,0.1199,8713856412.0,2.0,1325060384.0,0.9,0.7801,HIGH,Rule 1: Cross-artifact validation (LogFile + UsnJrnl),both,True,True,Time Reversal Event,Basic_Info_Changed,3,2,True,False
2023-12-23 00:14:23,el.pak,\Program Files (x86)\Dropbox\Client\189.4.8395\locales\el.pak,0.1199,8713857127.0,4.0,1325060744.0,0.9,0.7801,HIGH,Rule 1: Cross-artifact validation (LogFile + UsnJrnl),both,True,True,Time Reversal Event,Basic_Info_Changed,3,2,True,False
2023-12-23 00:14:23,en-GB.pak,\Program Files (x86)\Dropbox\Client\189.4.8395\locales\en-GB.pak,0.0999,8713857821.0,6.0,1325061128.0,0.9,0.8001,HIGH,Rule 1: Cross-artifact validation (LogFile + UsnJrnl),both,True,True,Time Reversal Event,Basic_Info_Changed,3,2,True,False
2023-12-23 00:14:23,en-US.pak,\Program Files (x86)\Dropbox\Client\189.4.8395\locales\en-US.pak,0.1099,8713858517.0,0.0,1325061528.0,0.9,0.7901,HIGH,Rule 1: Cross-artifact validation (LogFile + UsnJrnl),both,True,True,Time Reversal Event,Basic_Info_Changed,3,2,True,False
2023-12-23 00:14:23,es-419.pak,\Program Files (x86)\Dropbox\Client\189.4.8395\locales\es-419.pak,0.1,8713859221.0,2.0,1325061928.0,0.9,0.8,HIGH,Rule 1: Cross-artifact validation (LogFile + UsnJrnl),both,True,True,Time Reversal Event,Basic_Info_Changed,3,2,True,False
2023-12-23 00:14:23,es.pak,\Program Files (x86)\Dropbox\Client\189.4.8395\locales\es.pak,0.1199,8713859912.0,4.0,1325062304.0,0.9,0.7801,HIGH,Rule 1: Cross-artifact validation (LogFile + UsnJrnl),both,True,True,Time Reversal Event,Basic_Info_Changed,3,2,True,False
2023-12-23 00:14:23,et.pak,\Program Files (x86)\Dropbox\Client\189.4.8395\locales\et.pak,0.1099,8713860601.0,6.0,1325062664.0,0.9,0.7901,HIGH,Rule 1: Cross-artifact validation (LogFile + UsnJrnl),both,True,True,Time Reversal Event,Basic_Info_Changed,3,2,True,False
2023-12-23 00:14:23,fa.pak,\Program Files (x86)\Dropbox\Client\189.4.8395\locales\fa.pak,0.1199,8713861298.0,0.0,1325063024.0,0.9,0.7801,HIGH,Rule 1: Cross-artifact validation (LogFile + UsnJrnl),both,True,True,Time Reversal Event,Basic_Info_Changed,3,2,True,False
2023-12-23 00:14:23,fi.pak,\Program Files (x86)\Dropbox\Client\189.4.8395\locales\fi.pak,0.1199,8713861987.0,2.0,1325063384.0,0.9,0.7801,HIGH,Rule 1: Cross-artifact validation (LogFile + UsnJrnl),both,True,True,Time Reversal Event,Basic_Info_Changed,3,2,True,False
2023-12-23 00:14:23,fil.pak,\Program Files (x86)\Dropbox\Client\189.4.8395\locales\fil.pak,0.1199,8713862688.0,4.0,1325063768.0,0.9,0.7801,HIGH,Rule 1: Cross-artifact validation (LogFile + UsnJrnl),both,True,True,Time Reversal Event,Basic_Info_Changed,3,2,True,False
2023-12-23 00:14:23,fr.pak,\Program Files (x86)\Dropbox\Client\189.4.8395\locales\fr.pak,0.1099,8713863379.0,6.0,1325064192.0,0.9,0.7901,HIGH,Rule 1: Cross-artifact validation (LogFile + UsnJrnl),both,True,True,Time Reversal Event,Basic_Info_Changed,3,2,True,False
2023-12-23 00:14:23,gu.pak,\Program Files (x86)\Dropbox\Client\189.4.8395\locales\gu.pak,0.1199,8713864117.0,0.0,1325064552.0,0.9,0.7801,HIGH,Rule 1: Cross-artifact validation (LogFile + UsnJrnl),both,True,True,Time Reversal Event,Basic_Info_Changed,3,2,True,False
2023-12-23 00:14:23,he.pak,\Program Files (x86)\Dropbox\Client\189.4.8395\locales\he.pak,0.1199,8713864819.0,2.0,1325064912.0,0.9,0.7801,HIGH,Rule 1: Cross-artifact validation (LogFile + UsnJrnl),both,True,True,Time Reversal Event,Basic_Info_Changed,3,2,True,False
2023-12-23 00:14:23,hi.pak,\Program Files (x86)\Dropbox\Client\189.4.8395\locales\hi.pak,0.1199,8713865509.0,4.0,1325065272.0,0.9,0.7801,HIGH,Rule 1: Cross-artifact validation (LogFile + UsnJrnl),both,True,True,Time Reversal Event,Basic_Info_Changed,3,2,True,False
2023-12-23 00:14:23,hr.pak,\Program Files (x86)\Dropbox\Client\189.4.8395\locales\hr.pak,0.1099,8713866203.0,6.0,1325065632.0,0.9,0.7901,HIGH,Rule 1: Cross-artifact validation (LogFile + UsnJrnl),both,True,True,Time Reversal Event,Basic_Info_Changed,3,2,True,False
2023-12-23 00:14:23,hu.pak,\Program Files (x86)\Dropbox\Client\189.4.8395\locales\hu.pak,0.1199,8713866900.0,0.0,1325065992.0,0.9,0.7801,HIGH,Rule 1: Cross-artifact validation (LogFile + UsnJrnl),both,True,True,Time Reversal Event,Basic_Info_Changed,3,2,True,False
2023-12-23 00:14:23,id.pak,\Program Files (x86)\Dropbox\Client\189.4.8395\locales\id.pak,0.1199,8713867589.0,2.0,1325066352.0,0.9,0.7801,HIGH,Rule 1: Cross-artifact validation (LogFile + UsnJrnl),both,True,True,Time Reversal Event,Basic_Info_Changed,3,2,True,False
2023-12-23 00:14:23,it.pak,\Program Files (x86)\Dropbox\Client\189.4.8395\locales\it.pak,0.1199,8713868278.0,4.0,1325066712.0,0.9,0.7801,HIGH,Rule 1: Cross-artifact validation (LogFile + UsnJrnl),both,True,True,Time Reversal Event,Basic_Info_Changed,3,2,True,False
2023-12-23 00:14:23,ja.pak,\Program Files (x86)\Dropbox\Client\189.4.8395\locales\ja.pak,0.1099,8713868975.0,6.0,1325067072.0,0.9,0.7901,HIGH,Rule 1: Cross-artifact validation (LogFile + UsnJrnl),both,True,True,Time Reversal Event,Basic_Info_Changed,3,2,True,False
2023-12-23 00:14:23,kn.pak,\Program Files (x86)\Dropbox\Client\189.4.8395\locales\kn.pak,0.1199,8713869664.0,0.0,1325067432.0,0.9,0.7801,HIGH,Rule 1: Cross-artifact validation (LogFile + UsnJrnl),both,True,True,Time Reversal Event,Basic_Info_Changed,3,2,True,False
2023-12-23 00:14:23,ko.pak,\Program Files (x86)\Dropbox\Client\189.4.8395\locales\ko.pak,0.1199,8713870361.0,2.0,1325067792.0,0.9,0.7801,HIGH,Rule 1: Cross-artifact validation (LogFile + UsnJrnl),both,True,True,Time Reversal Event,Basic_Info_Changed,3,2,True,False
2023-12-23 00:14:23,lt.pak,\Program Files (x86)\Dropbox\Client\189.4.8395\locales\lt.pak,0.1199,8713871050.0,4.0,1325068152.0,0.9,0.7801,HIGH,Rule 1: Cross-artifact validation (LogFile + UsnJrnl),both,True,True,Time Reversal Event,Basic_Info_Changed,3,2,True,False
2023-12-23 00:14:23,lv.pak,\Program Files (x86)\Dropbox\Client\189.4.8395\locales\lv.pak,0.1099,8713871788.0,6.0,1325068576.0,0.9,0.7901,HIGH,Rule 1: Cross-artifact validation (LogFile + UsnJrnl),both,True,True,Time Reversal Event,Basic_Info_Changed,3,2,True,False
2023-12-23 00:14:23,ml.pak,\Program Files (x86)\Dropbox\Client\189.4.8395\locales\ml.pak,0.1199,8713872485.0,0.0,1325068936.0,0.9,0.7801,HIGH,Rule 1: Cross-artifact validation (LogFile + UsnJrnl),both,True,True,Time Reversal Event,Basic_Info_Changed,3,2,True,False
2023-12-23 00:14:23,dropboxstatus-idle@1p25x.png,\Program Files (x86)\Dropbox\Client\189.4.8395\images\03_Tray_Icon\win\light\dropboxstatus-idle@1p25x.png,0.04,8713793576.0,2.0,1325017456.0,0.9,0.86,HIGH,Rule 1: Cross-artifact validation (LogFile + UsnJrnl),both,True,True,Time Reversal Event,Basic_Info_Changed,3,2,True,False
2023-12-23 00:14:23,dropboxstatus-idle.png,\Program Files (x86)\Dropbox\Client\189.4.8395\images\03_Tray_Icon\win\light\dropboxstatus-idle.png,0.04,8713792842.0,0.0,1325016888.0,0.9,0.86,HIGH,Rule 1: Cross-artifact validation (LogFile + UsnJrnl),both,True,True,Time Reversal Event,Basic_Info_Changed,3,2,True,False
2023-12-23 00:14:23,splashScreenshots.png,\Program Files (x86)\Dropbox\Client\189.4.8395\images\05_Splash_Screens\Screenshots\electron\splashScreenshots.png,0.04,8713844635.0,4.0,1325054096.0,0.9,0.86,HIGH,Rule 1: Cross-artifact validation (LogFile + UsnJrnl),both,True,True,Time Reversal Event,Basic_Info_Changed,3,2,True,False
2023-12-23 00:14:23,ca.pak,\Program Files (x86)\Dropbox\Client\189.4.8395\locales\ca.pak,0.1199,8713854023.0,4.0,1325059304.0,0.9,0.7801,HIGH,Rule 1: Cross-artifact validation (LogFile + UsnJrnl),both,True,True,Time Reversal Event,Basic_Info_Changed,3,2,True,False
2023-12-23 00:14:23,bg.pak,\Program Files (x86)\Dropbox\Client\189.4.8395\locales\bg.pak,0.1199,8713852634.0,0.0,1325058584.0,0.9,0.7801,HIGH,Rule 1: Cross-artifact validation (LogFile + UsnJrnl),both,True,True,Time Reversal Event,Basic_Info_Changed,3,2,True,False
2023-12-23 00:14:23,pt-PT.pak,\Program Files (x86)\Dropbox\Client\189.4.8395\locales\pt-PT.pak,0.0999,8713877357.0,6.0,1325071520.0,0.9,0.8001,HIGH,Rule 1: Cross-artifact validation (LogFile + UsnJrnl),both,True,True,Time Reversal Event,Basic_Info_Changed,3,2,True,False
2023-12-23 00:14:23,mr.pak,\Program Files (x86)\Dropbox\Client\189.4.8395\locales\mr.pak,0.1199,8713873188.0,2.0,1325069296.0,0.9,0.7801,HIGH,Rule 1: Cross-artifact validation (LogFile + UsnJrnl),both,True,True,Time Reversal Event,Basic_Info_Changed,3,2,True,False
2023-12-23 00:14:23,ro.pak,\Program Files (x86)\Dropbox\Client\189.4.8395\locales\ro.pak,0.1199,8713878056.0,0.0,1325071896.0,0.9,0.7801,HIGH,Rule 1: Cross-artifact validation (LogFile + UsnJrnl),both,True,True,Time Reversal Event,Basic_Info_Changed,3,2,True,False
2023-12-23 00:14:23,ru.pak,\Program Files (x86)\Dropbox\Client\189.4.8395\locales\ru.pak,0.1199,8713878746.0,2.0,1325072256.0,0.9,0.7801,HIGH,Rule 1: Cross-artifact validation (LogFile + UsnJrnl),both,True,True,Time Reversal Event,Basic_Info_Changed,3,2,True,False
2023-12-23 00:14:23,sk.pak,\Program Files (x86)\Dropbox\Client\189.4.8395\locales\sk.pak,0.1199,8713879484.0,4.0,1325072672.0,0.9,0.7801,HIGH,Rule 1: Cross-artifact validation (LogFile + UsnJrnl),both,True,True,Time Reversal Event,Basic_Info_Changed,3,2,True,False
2023-12-23 00:14:23,sl.pak,\Program Files (x86)\Dropbox\Client\189.4.8395\locales\sl.pak,0.1099,8713880833.0,6.0,1325073032.0,0.9,0.7901,HIGH,Rule 1: Cross-artifact validation (LogFile + UsnJrnl),both,True,True,Time Reversal Event,Basic_Info_Changed,3,2,True,False
2023-12-23 00:14:23,sr.pak,\Program Files (x86)\Dropbox\Client\189.4.8395\locales\sr.pak,0.1199,8713881522.0,0.0,1325073392.0,0.9,0.7801,HIGH,Rule 1: Cross-artifact validation (LogFile + UsnJrnl),both,True,True,Time Reversal Event,Basic_Info_Changed,3,2,True,False
2023-12-23 00:14:23,sv.pak,\Program Files (x86)\Dropbox\Client\189.4.8395\locales\sv.pak,0.1199,8713882219.0,2.0,1325073752.0,0.9,0.7801,HIGH,Rule 1: Cross-artifact validation (LogFile + UsnJrnl),both,True,True,Time Reversal Event,Basic_Info_Changed,3,2,True,False
2023-12-23 00:14:23,sw.pak,\Program Files (x86)\Dropbox\Client\189.4.8395\locales\sw.pak,0.1199,8713882908.0,4.0,1325074112.0,0.9,0.7801,HIGH,Rule 1: Cross-artifact validation (LogFile + UsnJrnl),both,True,True,Time Reversal Event,Basic_Info_Changed,3,2,True,False
2023-12-23 00:14:23,ta.pak,\Program Files (x86)\Dropbox\Client\189.4.8395\locales\ta.pak,0.1099,8713883599.0,6.0,1325074472.0,0.9,0.7901,HIGH,Rule 1: Cross-artifact validation (LogFile + UsnJrnl),both,True,True,Time Reversal Event,Basic_Info_Changed,3,2,True,False
2023-12-23 00:14:23,te.pak,\Program Files (x86)\Dropbox\Client\189.4.8395\locales\te.pak,0.1199,8713884299.0,0.0,1325074832.0,0.9,0.7801,HIGH,Rule 1: Cross-artifact validation (LogFile + UsnJrnl),both,True,True,Time Reversal Event,Basic_Info_Changed,3,2,True,False
2023-12-23 00:14:23,th.pak,\Program Files (x86)\Dropbox\Client\189.4.8395\locales\th.pak,0.1199,8713884988.0,2.0,1325075192.0,0.9,0.7801,HIGH,Rule 1: Cross-artifact validation (LogFile + UsnJrnl),both,True,True,Time Reversal Event,Basic_Info_Changed,3,2,True,False
2023-12-23 00:14:23,tr.pak,\Program Files (x86)\Dropbox\Client\189.4.8395\locales\tr.pak,0.1199,8713885677.0,4.0,1325075552.0,0.9,0.7801,HIGH,Rule 1: Cross-artifact validation (LogFile + UsnJrnl),both,True,True,Time Reversal Event,Basic_Info_Changed,3,2,True,False
2023-12-23 00:14:23,pl.pak,\Program Files (x86)\Dropbox\Client\189.4.8395\locales\pl.pak,0.1199,8713875956.0,2.0,1325070736.0,0.9,0.7801,HIGH,Rule 1: Cross-artifact validation (LogFile + UsnJrnl),both,True,True,Time Reversal Event,Basic_Info_Changed,3,2,True,False
2023-12-23 00:14:23,uk.pak,\Program Files (x86)\Dropbox\Client\189.4.8395\locales\uk.pak,0.1099,8713886377.0,6.0,1325075912.0,0.9,0.7901,HIGH,Rule 1: Cross-artifact validation (LogFile + UsnJrnl),both,True,True,Time Reversal Event,Basic_Info_Changed,3,2,True,False
2023-12-23 00:14:23,zh-CN.pak,\Program Files (x86)\Dropbox\Client\189.4.8395\locales\zh-CN.pak,0.1099,8713887817.0,2.0,1325076720.0,0.9,0.7901,HIGH,Rule 1: Cross-artifact validation (LogFile + UsnJrnl),both,True,True,Time Reversal Event,Basic_Info_Changed,3,2,True,False
2023-12-23 00:14:23,zh-TW.pak,\Program Files (x86)\Dropbox\Client\189.4.8395\locales\zh-TW.pak,0.1099,8713888513.0,4.0,1325077120.0,0.9,0.7901,HIGH,Rule 1: Cross-artifact validation (LogFile + UsnJrnl),both,True,True,Time Reversal Event,Basic_Info_Changed,3,2,True,False
2023-12-23 00:14:23,mmapfile.pyd,\Program Files (x86)\Dropbox\Client\189.4.8395\mmapfile.pyd,0.0799,8713889214.0,6.0,1325077544.0,0.9,0.8201,HIGH,Rule 1: Cross-artifact validation (LogFile + UsnJrnl),both,True,True,Time Reversal Event,Basic_Info_Changed,3,2,True,False
2023-12-23 00:14:23,msvcp140.dll,\Program Files (x86)\Dropbox\Client\189.4.8395\msvcp140.dll,0.0899,8713889925.0,0.0,1325077984.0,0.9,0.8101,HIGH,Rule 1: Cross-artifact validation (LogFile + UsnJrnl),both,True,True,Time Reversal Event,Basic_Info_Changed,3,2,True,False
2023-12-23 00:14:23,msvcp140_1.dll,\Program Files (x86)\Dropbox\Client\189.4.8395\msvcp140_1.dll,0.0899,8713890697.0,2.0,1325078424.0,0.9,0.8101,HIGH,Rule 1: Cross-artifact validation (LogFile + UsnJrnl),both,True,True,Time Reversal Event,Basic_Info_Changed,3,2,True,False
2023-12-23 00:14:23,msvcp140_2.dll,\Program Files (x86)\Dropbox\Client\189.4.8395\msvcp140_2.dll,0.0899,8713891500.0,4.0,1325078864.0,0.9,0.8101,HIGH,Rule 1: Cross-artifact validation (LogFile + UsnJrnl),both,True,True,Time Reversal Event,Basic_Info_Changed,3,2,True,False
2023-12-23 00:14:23,msvcp140_atomic_wait.dll,\Program Files (x86)\Dropbox\Client\189.4.8395\msvcp140_atomic_wait.dll,0.0599,8713892308.0,6.0,1325079376.0,0.9,0.8401,HIGH,Rule 1: Cross-artifact validation (LogFile + UsnJrnl),both,True,True,Time Reversal Event,Basic_Info_Changed,3,2,True,False
2023-12-23 00:14:23,msvcp140_codecvt_ids.dll,\Program Files (x86)\Dropbox\Client\189.4.8395\msvcp140_codecvt_ids.dll,0.0699,8713893130.0,0.0,1325079936.0,0.9,0.8301,HIGH,Rule 1: Cross-artifact validation (LogFile + UsnJrnl),both,True,True,Time Reversal Event,Basic_Info_Changed,3,2,True,False
2023-12-23 00:14:23,ntdll_native.pyd,\Program Files (x86)\Dropbox\Client\189.4.8395\ntdll_native.pyd,0.0899,8713893942.0,2.0,1325080448.0,0.9,0.8101,HIGH,Rule 1: Cross-artifact validation (LogFile + UsnJrnl),both,True,True,Time Reversal Event,Basic_Info_Changed,3,2,True,False
2023-12-23 00:14:23,nucleus_python.cp38-win_amd64.pyd,\Program Files (x86)\Dropbox\Client\189.4.8395\nucleus_python.cp38-win_amd64.pyd,0.0699,8713894811.0,4.0,1325081056.0,0.9,0.8301,HIGH,Rule 1: Cross-artifact validation (LogFile + UsnJrnl),both,True,True,Time Reversal Event,Basic_Info_Changed,3,2,True,False
2023-12-23 00:14:23,opengl32sw.dll,\Program Files (x86)\Dropbox\Client\189.4.8395\opengl32sw.dll,0.0799,8713895955.0,6.0,1325081576.0,0.9,0.8201,HIGH,Rule 1: Cross-artifact validation (LogFile + UsnJrnl),both,True,True,Time Reversal Event,Basic_Info_Changed,3,2,True,False
2023-12-23 00:14:23,qgif.dll,\Program Files (x86)\Dropbox\Client\189.4.8395\plugins\imageformats\qgif.dll,0.0799,8713897445.0,4.0,1325082328.0,0.9,0.8201,HIGH,Rule 1: Cross-artifact validation (LogFile + UsnJrnl),both,True,True,Time Reversal Event,Basic_Info_Changed,3,2,True,False
2023-12-23 00:14:23,qjpeg.dll,\Program Files (x86)\Dropbox\Client\189.4.8395\plugins\imageformats\qjpeg.dll,0.0599,8713898154.0,6.0,1325082728.0,0.9,0.8401,HIGH,Rule 1: Cross-artifact validation (LogFile + UsnJrnl),both,True,True,Time Reversal Event,Basic_Info_Changed,3,2,True,False
2023-12-23 00:14:23,vi.pak,\Program Files (x86)\Dropbox\Client\189.4.8395\locales\vi.pak,0.1199,8713887066.0,0.0,1325076272.0,0.9,0.7801,HIGH,Rule 1: Cross-artifact validation (LogFile + UsnJrnl),both,True,True,Time Reversal Event,Basic_Info_Changed,3,2,True,False
2023-12-23 00:14:23,nb.pak,\Program Files (x86)\Dropbox\Client\189.4.8395\locales\nb.pak,0.1099,8713874577.0,6.0,1325070016.0,0.9,0.7901,HIGH,Rule 1: Cross-artifact validation (LogFile + UsnJrnl),both,True,True,Time Reversal Event,Basic_Info_Changed,3,2,True,False
2023-12-23 00:14:23,ms.pak,\Program Files (x86)\Dropbox\Client\189.4.8395\locales\ms.pak,0.1199,8713873877.0,4.0,1325069656.0,0.9,0.7801,HIGH,Rule 1: Cross-artifact validation (LogFile + UsnJrnl),both,True,True,Time Reversal Event,Basic_Info_Changed,3,2,True,False
2023-12-23 00:14:24,MenuBarStyle.qml,\Program Files (x86)\Dropbox\Client\189.4.8395\QtQuick\Controls\Styles\Base\MenuBarStyle.qml,0.07,8714066775.0,2.0,1325169392.0,0.9,0.83,HIGH,Rule 1: Cross-artifact validation (LogFile + UsnJrnl),both,True,True,Time Reversal Event,Basic_Info_Changed,3,2,True,False
2023-12-23 00:14:24,Qt5OpenGL.dll,\Program Files (x86)\Dropbox\Client\189.4.8395\Qt5OpenGL.dll,0.0899,8713940368.0,4.0,1325094952.0,0.9,0.8101,HIGH,Rule 1: Cross-artifact validation (LogFile + UsnJrnl),both,True,True,Time Reversal Event,Basic_Info_Changed,3,2,True,False
2023-12-23 00:14:24,SwitchStyle.qml,\Program Files (x86)\Dropbox\Client\189.4.8395\QtQuick\Controls\Styles\Base\SwitchStyle.qml,0.07,8714075532.0,6.0,1325174432.0,0.9,0.83,HIGH,Rule 1: Cross-artifact validation (LogFile + UsnJrnl),both,True,True,Time Reversal Event,Basic_Info_Changed,3,2,True,False
2023-12-23 00:14:25,logo.targetsize-30.png,\Program Files (x86)\Dropbox\Client\PackageAssets\Assets\logo.targetsize-30.png,0.06,8714250339.0,6.0,1325279560.0,0.9,0.84,HIGH,Rule 1: Cross-artifact validation (LogFile + UsnJrnl),both,True,True,Time Reversal Event,Basic_Info_Changed,3,2,True,False
2023-12-23 00:14:25,logo.targetsize-30_altform-unplated_contrast-black.png,\Program Files (x86)\Dropbox\Client\PackageAssets\Assets\logo.targetsize-30_altform-unplated_contrast-black.png,0.05,8714252035.0,2.0,1325280992.0,0.9,0.85,HIGH,Rule 1: Cross-artifact validation (LogFile + UsnJrnl),both,True,True,Time Reversal Event,Basic_Info_Changed,3,2,True,False
2023-12-23 00:14:25,logo.targetsize-30_altform-unplated_contrast-white.png,\Program Files (x86)\Dropbox\Client\PackageAssets\Assets\logo.targetsize-30_altform-unplated_contrast-white.png,0.05,8714252955.0,4.0,1325281952.0,0.9,0.85,HIGH,Rule 1: Cross-artifact validation (LogFile + UsnJrnl),both,True,True,Time Reversal Event,Basic_Info_Changed,3,2,True,False
2023-12-23 00:14:25,logo.targetsize-24_altform-unplated_contrast-black.png,\Program Files (x86)\Dropbox\Client\PackageAssets\Assets\logo.targetsize-24_altform-unplated_contrast-black.png,0.05,8714240238.0,2.0,1325272096.0,0.9,0.85,HIGH,Rule 1: Cross-artifact validation (LogFile + UsnJrnl),both,True,True,Time Reversal Event,Basic_Info_Changed,3,2,True,False
2023-12-23 00:14:25,logo.targetsize-30_contrast-white.png,\Program Files (x86)\Dropbox\Client\PackageAssets\Assets\logo.targetsize-30_contrast-white.png,0.06,8714254670.0,0.0,1325283376.0,0.9,0.84,HIGH,Rule 1: Cross-artifact validation (LogFile + UsnJrnl),both,True,True,Time Reversal Event,Basic_Info_Changed,3,2,True,False
2023-12-23 00:14:25,logo.targetsize-32.png,\Program Files (x86)\Dropbox\Client\PackageAssets\Assets\logo.targetsize-32.png,0.07,8714255493.0,2.0,1325283960.0,0.9,0.83,HIGH,Rule 1: Cross-artifact validation (LogFile + UsnJrnl),both,True,True,Time Reversal Event,Basic_Info_Changed,3,2,True,False
2023-12-23 00:14:25,logo.targetsize-32_altform-unplated.png,\Program Files (x86)\Dropbox\Client\PackageAssets\Assets\logo.targetsize-32_altform-unplated.png,0.05,8714256323.0,4.0,1325284600.0,0.9,0.85,HIGH,Rule 1: Cross-artifact validation (LogFile + UsnJrnl),both,True,True,Time Reversal Event,Basic_Info_Changed,3,2,True,False
2023-12-23 00:14:25,logo.targetsize-32_altform-unplated_contrast-black.png,\Program Files (x86)\Dropbox\Client\PackageAssets\Assets\logo.targetsize-32_altform-unplated_contrast-black.png,0.05,8714257237.0,6.0,1325285544.0,0.9,0.85,HIGH,Rule 1: Cross-artifact validation (LogFile + UsnJrnl),both,True,True,Time Reversal Event,Basic_Info_Changed,3,2,True,False
2023-12-23 00:14:25,logo.targetsize-32_altform-unplated_contrast-white.png,\Program Files (x86)\Dropbox\Client\PackageAssets\Assets\logo.targetsize-32_altform-unplated_contrast-white.png,0.05,8714258113.0,0.0,1325286384.0,0.9,0.85,HIGH,Rule 1: Cross-artifact validation (LogFile + UsnJrnl),both,True,True,Time Reversal Event,Basic_Info_Changed,3,2,True,False
2023-12-23 00:14:25,logo.targetsize-32_contrast-black.png,\Program Files (x86)\Dropbox\Client\PackageAssets\Assets\logo.targetsize-32_contrast-black.png,0.06,8714259610.0,2.0,1325287128.0,0.9,0.84,HIGH,Rule 1: Cross-artifact validation (LogFile + UsnJrnl),both,True,True,Time Reversal Event,Basic_Info_Changed,3,2,True,False
2023-12-23 00:14:25,logo.targetsize-32_contrast-white.png,\Program Files (x86)\Dropbox\Client\PackageAssets\Assets\logo.targetsize-32_contrast-white.png,0.06,8714260445.0,4.0,1325287808.0,0.9,0.84,HIGH,Rule 1: Cross-artifact validation (LogFile + UsnJrnl),both,True,True,Time Reversal Event,Basic_Info_Changed,3,2,True,False
2023-12-23 00:14:25,logo.targetsize-36.png,\Program Files (x86)\Dropbox\Client\PackageAssets\Assets\logo.targetsize-36.png,0.06,8714261268.0,6.0,1325288392.0,0.9,0.84,HIGH,Rule 1: Cross-artifact validation (LogFile + UsnJrnl),both,True,True,Time Reversal Event,Basic_Info_Changed,3,2,True,False
2023-12-23 00:14:25,logo.targetsize-36_altform-unplated.png,\Program Files (x86)\Dropbox\Client\PackageAssets\Assets\logo.targetsize-36_altform-unplated.png,0.05,8714262106.0,0.0,1325289032.0,0.9,0.85,HIGH,Rule 1: Cross-artifact validation (LogFile + UsnJrnl),both,True,True,Time Reversal Event,Basic_Info_Changed,3,2,True,False
2023-12-23 00:14:25,logo.targetsize-36_altform-unplated_contrast-black.png,\Program Files (x86)\Dropbox\Client\PackageAssets\Assets\logo.targetsize-36_altform-unplated_contrast-black.png,0.05,8714263012.0,2.0,1325289976.0,0.9,0.85,HIGH,Rule 1: Cross-artifact validation (LogFile + UsnJrnl),both,True,True,Time Reversal Event,Basic_Info_Changed,3,2,True,False
2023-12-23 00:14:25,logo.targetsize-36_altform-unplated_contrast-white.png,\Program Files (x86)\Dropbox\Client\PackageAssets\Assets\logo.targetsize-36_altform-unplated_contrast-white.png,0.05,8714263884.0,4.0,1325290816.0,0.9,0.85,HIGH,Rule 1: Cross-artifact validation (LogFile + UsnJrnl),both,True,True,Time Reversal Event,Basic_Info_Changed,3,2,True,False
2023-12-23 00:14:25,logo.targetsize-36_contrast-black.png,\Program Files (x86)\Dropbox\Client\PackageAssets\Assets\logo.targetsize-36_contrast-black.png,0.05,8714264737.0,6.0,1325291560.0,0.9,0.85,HIGH,Rule 1: Cross-artifact validation (LogFile + UsnJrnl),both,True,True,Time Reversal Event,Basic_Info_Changed,3,2,True,False
2023-12-23 00:14:25,logo.targetsize-36_contrast-white.png,\Program Files (x86)\Dropbox\Client\PackageAssets\Assets\logo.targetsize-36_contrast-white.png,0.06,8714265572.0,0.0,1325292240.0,0.9,0.84,HIGH,Rule 1: Cross-artifact validation (LogFile + UsnJrnl),both,True,True,Time Reversal Event,Basic_Info_Changed,3,2,True,False
2023-12-23 00:14:25,logo.targetsize-30_contrast-black.png,\Program Files (x86)\Dropbox\Client\PackageAssets\Assets\logo.targetsize-30_contrast-black.png,0.05,8714253798.0,6.0,1325282696.0,0.9,0.85,HIGH,Rule 1: Cross-artifact validation (LogFile + UsnJrnl),both,True,True,Time Reversal Event,Basic_Info_Changed,3,2,True,False
2023-12-23 00:14:25,logo.contrast-black_scale-125.png,\Program Files (x86)\Dropbox\Client\PackageAssets\Assets\logo.contrast-black_scale-125.png,0.07,8714215927.0,0.0,1325253248.0,0.9,0.83,HIGH,Rule 1: Cross-artifact validation (LogFile + UsnJrnl),both,True,True,Time Reversal Event,Basic_Info_Changed,3,2,True,False
2023-12-23 00:14:25,ToolBar.qml,\Program Files (x86)\Dropbox\Client\189.4.8395\QtQuick\Controls\ToolBar.qml,0.08,8714116872.0,2.0,1325198376.0,0.9,0.82,HIGH,Rule 1: Cross-artifact validation (LogFile + UsnJrnl),both,True,True,Time Reversal Event,Basic_Info_Changed,3,2,True,False
2023-12-23 00:14:25,plugins.qmltypes,\Program Files (x86)\Dropbox\Client\189.4.8395\QtQuick\Layouts\plugins.qmltypes,0.08,8714122504.0,2.0,1325201544.0,0.9,0.82,HIGH,Rule 1: Cross-artifact validation (LogFile + UsnJrnl),both,True,True,Time Reversal Event,Basic_Info_Changed,3,2,True,False
2023-12-23 00:14:25,Resources.resw,\Program Files (x86)\Dropbox\Client\189.4.8395\Strings\language-es\Resources.resw,0.08,8714154035.0,2.0,1325217944.0,0.9,0.82,HIGH,Rule 1: Cross-artifact validation (LogFile + UsnJrnl),both,True,True,Time Reversal Event,Basic_Info_Changed,3,2,True,False
2023-12-23 00:14:25,Resources.resw,\Program Files (x86)\Dropbox\Client\189.4.8395\Strings\language-en-US\Resources.resw,0.07,8714152552.0,6.0,1325217328.0,0.9,0.83,HIGH,Rule 1: Cross-artifact validation (LogFile + UsnJrnl),both,True,True,Time Reversal Event,Basic_Info_Changed,3,2,True,False
2023-12-23 00:14:25,Resources.resw,\Program Files (x86)\Dropbox\Client\189.4.8395\Strings\language-de\Resources.resw,0.08,8714151370.0,2.0,1325216712.0,0.9,0.82,HIGH,Rule 1: Cross-artifact validation (LogFile + UsnJrnl),both,True,True,Time Reversal Event,Basic_Info_Changed,3,2,True,False
2023-12-23 00:14:25,Resources.resw,\Program Files (x86)\Dropbox\Client\189.4.8395\Strings\language-da-DK\Resources.resw,0.07,8714150188.0,6.0,1325216096.0,0.9,0.83,HIGH,Rule 1: Cross-artifact validation (LogFile + UsnJrnl),both,True,True,Time Reversal Event,Basic_Info_Changed,3,2,True,False
2023-12-23 00:14:25,shlwapi_native.pyd,\Program Files (x86)\Dropbox\Client\189.4.8395\shlwapi_native.pyd,0.0699,8714148566.0,0.0,1325215224.0,0.9,0.8301,HIGH,Rule 1: Cross-artifact validation (LogFile + UsnJrnl),both,True,True,Time Reversal Event,Basic_Info_Changed,3,2,True,False
2023-12-23 00:14:25,shell32_native.pyd,\Program Files (x86)\Dropbox\Client\189.4.8395\shell32_native.pyd,0.0599,8714147756.0,6.0,1325214744.0,0.9,0.8401,HIGH,Rule 1: Cross-artifact validation (LogFile + UsnJrnl),both,True,True,Time Reversal Event,Basic_Info_Changed,3,2,True,False
2023-12-23 00:14:25,shcore_native.pyd,\Program Files (x86)\Dropbox\Client\189.4.8395\shcore_native.pyd,0.0699,8714146346.0,4.0,1325214264.0,0.9,0.8301,HIGH,Rule 1: Cross-artifact validation (LogFile + UsnJrnl),both,True,True,Time Reversal Event,Basic_Info_Changed,3,2,True,False
2023-12-23 00:14:25,resources.pak,\Program Files (x86)\Dropbox\Client\189.4.8395\resources.pak,0.1199,8714145540.0,2.0,1325213800.0,0.9,0.7801,HIGH,Rule 1: Cross-artifact validation (LogFile + UsnJrnl),both,True,True,Time Reversal Event,Basic_Info_Changed,3,2,True,False
2023-12-23 00:14:25,resources_qml.rcc,\Program Files (x86)\Dropbox\Client\189.4.8395\resources\resources_qml.rcc,0.08,8714144589.0,0.0,1325213344.0,0.9,0.82,HIGH,Rule 1: Cross-artifact validation (LogFile + UsnJrnl),both,True,True,Time Reversal Event,Basic_Info_Changed,3,2,True,False
2023-12-23 00:14:25,logo.targetsize-30_altform-unplated.png,\Program Files (x86)\Dropbox\Client\PackageAssets\Assets\logo.targetsize-30_altform-unplated.png,0.05,8714251169.0,0.0,1325280200.0,0.9,0.85,HIGH,Rule 1: Cross-artifact validation (LogFile + UsnJrnl),both,True,True,Time Reversal Event,Basic_Info_Changed,3,2,True,False
2023-12-23 00:14:25,logo.targetsize-256_contrast-white.png,\Program Files (x86)\Dropbox\Client\PackageAssets\Assets\logo.targetsize-256_contrast-white.png,0.05,8714249514.0,4.0,1325278976.0,0.9,0.85,HIGH,Rule 1: Cross-artifact validation (LogFile + UsnJrnl),both,True,True,Time Reversal Event,Basic_Info_Changed,3,2,True,False
2023-12-23 00:14:25,com.dropbox.nmh.json,\Program Files (x86)\Dropbox\Client\189.4.8395\resources\NativeMessagingHost\firefox\com.dropbox.nmh.json,0.04,8714142877.0,4.0,1325212328.0,0.9,0.86,HIGH,Rule 1: Cross-artifact validation (LogFile + UsnJrnl),both,True,True,Time Reversal Event,Basic_Info_Changed,3,2,True,False
2023-12-23 00:14:25,logo.targetsize-256_contrast-black.png,\Program Files (x86)\Dropbox\Client\PackageAssets\Assets\logo.targetsize-256_contrast-black.png,0.05,8714248671.0,2.0,1325278296.0,0.9,0.85,HIGH,Rule 1: Cross-artifact validation (LogFile + UsnJrnl),both,True,True,Time Reversal Event,Basic_Info_Changed,3,2,True,False
2023-12-23 00:14:25,winrpcserver_native.pyd,\Program Files (x86)\Dropbox\Client\189.4.8395\winrpcserver_native.pyd,0.0699,8714205569.0,0.0,1325246592.0,0.9,0.8301,HIGH,Rule 1: Cross-artifact validation (LogFile + UsnJrnl),both,True,True,Time Reversal Event,Basic_Info_Changed,3,2,True,False
2023-12-23 00:14:25,wininternetcheckapi.cp38-win_amd64.pyd,\Program Files (x86)\Dropbox\Client\189.4.8395\wininternetcheckapi.cp38-win_amd64.pyd,0.0499,8714204751.0,6.0,1325245984.0,0.9,0.8501,HIGH,Rule 1: Cross-artifact validation (LogFile + UsnJrnl),both,True,True,Time Reversal Event,Basic_Info_Changed,3,2,True,False
2023-12-23 00:14:25,wininfinitedrivers_wow64_native.pyd,\Program Files (x86)\Dropbox\Client\189.4.8395\wininfinitedrivers_wow64_native.pyd,0.0699,8714203903.0,4.0,1325245304.0,0.9,0.8301,HIGH,Rule 1: Cross-artifact validation (LogFile + UsnJrnl),both,True,True,Time Reversal Event,Basic_Info_Changed,3,2,True,False
2023-12-23 00:14:25,Resources.resw,\Program Files (x86)\Dropbox\Client\189.4.8395\Strings\language-id\Resources.resw,0.08,8714158811.0,2.0,1325220456.0,0.9,0.82,HIGH,Rule 1: Cross-artifact validation (LogFile + UsnJrnl),both,True,True,Time Reversal Event,Basic_Info_Changed,3,2,True,False
2023-12-23 00:14:25,wininfinitedrivers_native.pyd,\Program Files (x86)\Dropbox\Client\189.4.8395\wininfinitedrivers_native.pyd,0.0699,8714203052.0,2.0,1325244656.0,0.9,0.8301,HIGH,Rule 1: Cross-artifact validation (LogFile + UsnJrnl),both,True,True,Time Reversal Event,Basic_Info_Changed,3,2,True,False
2023-12-23 00:14:25,winenumhandles_native.pyd,\Program Files (x86)\Dropbox\Client\189.4.8395\winenumhandles_native.pyd,0.0599,8714201372.0,6.0,1325243520.0,0.9,0.8401,HIGH,Rule 1: Cross-artifact validation (LogFile + UsnJrnl),both,True,True,Time Reversal Event,Basic_Info_Changed,3,2,True,False
2023-12-23 00:14:25,windisplaytoast_native.pyd,\Program Files (x86)\Dropbox\Client\189.4.8395\windisplaytoast_native.pyd,0.0699,8714199917.0,4.0,1325242960.0,0.9,0.8301,HIGH,Rule 1: Cross-artifact validation (LogFile + UsnJrnl),both,True,True,Time Reversal Event,Basic_Info_Changed,3,2,True,False
2023-12-23 00:14:25,wind3d11_native.pyd,\Program Files (x86)\Dropbox\Client\189.4.8395\wind3d11_native.pyd,0.0699,8714199105.0,2.0,1325242416.0,0.9,0.8301,HIGH,Rule 1: Cross-artifact validation (LogFile + UsnJrnl),both,True,True,Time Reversal Event,Basic_Info_Changed,3,2,True,False
2023-12-23 00:14:25,win32ts.pyd,\Program Files (x86)\Dropbox\Client\189.4.8395\win32ts.pyd,0.0899,8714198317.0,0.0,1325241928.0,0.9,0.8101,HIGH,Rule 1: Cross-artifact validation (LogFile + UsnJrnl),both,True,True,Time Reversal Event,Basic_Info_Changed,3,2,True,False
2023-12-23 00:14:25,win32service.pyd,\Program Files (x86)\Dropbox\Client\189.4.8395\win32service.pyd,0.0799,8714197589.0,6.0,1325241472.0,0.9,0.8201,HIGH,Rule 1: Cross-artifact validation (LogFile + UsnJrnl),both,True,True,Time Reversal Event,Basic_Info_Changed,3,2,True,False
2023-12-23 00:14:25,win32security.pyd,\Program Files (x86)\Dropbox\Client\189.4.8395\win32security.pyd,0.0699,8714196781.0,4.0,1325240992.0,0.9,0.8301,HIGH,Rule 1: Cross-artifact validation (LogFile + UsnJrnl),both,True,True,Time Reversal Event,Basic_Info_Changed,3,2,True,False
2023-12-23 00:14:25,win32profile.pyd,\Program Files (x86)\Dropbox\Client\189.4.8395\win32profile.pyd,0.0899,8714195976.0,2.0,1325240512.0,0.9,0.8101,HIGH,Rule 1: Cross-artifact validation (LogFile + UsnJrnl),both,True,True,Time Reversal Event,Basic_Info_Changed,3,2,True,False
2023-12-23 00:14:25,win32process.pyd,\Program Files (x86)\Dropbox\Client\189.4.8395\win32process.pyd,0.0899,8714195119.0,0.0,1325239968.0,0.9,0.8101,HIGH,Rule 1: Cross-artifact validation (LogFile + UsnJrnl),both,True,True,Time Reversal Event,Basic_Info_Changed,3,2,True,False
2023-12-23 00:14:25,win32print.pyd,\Program Files (x86)\Dropbox\Client\189.4.8395\win32print.pyd,0.0799,8714194313.0,6.0,1325239504.0,0.9,0.8201,HIGH,Rule 1: Cross-artifact validation (LogFile + UsnJrnl),both,True,True,Time Reversal Event,Basic_Info_Changed,3,2,True,False
2023-12-23 00:14:25,win32pipe.pyd,\Program Files (x86)\Dropbox\Client\189.4.8395\win32pipe.pyd,0.0899,8714193519.0,4.0,1325239064.0,0.9,0.8101,HIGH,Rule 1: Cross-artifact validation (LogFile + UsnJrnl),both,True,True,Time Reversal Event,Basic_Info_Changed,3,2,True,False
2023-12-23 00:14:25,win32job.pyd,\Program Files (x86)\Dropbox\Client\189.4.8395\win32job.pyd,0.0899,8714192738.0,2.0,1325238624.0,0.9,0.8101,HIGH,Rule 1: Cross-artifact validation (LogFile + UsnJrnl),both,True,True,Time Reversal Event,Basic_Info_Changed,3,2,True,False
2023-12-23 00:14:25,win32gui.pyd,\Program Files (x86)\Dropbox\Client\189.4.8395\win32gui.pyd,0.0899,8714191465.0,0.0,1325238184.0,0.9,0.8101,HIGH,Rule 1: Cross-artifact validation (LogFile + UsnJrnl),both,True,True,Time Reversal Event,Basic_Info_Changed,3,2,True,False
2023-12-23 00:14:25,win32file.pyd,\Program Files (x86)\Dropbox\Client\189.4.8395\win32file.pyd,0.0799,8714190729.0,6.0,1325237744.0,0.9,0.8201,HIGH,Rule 1: Cross-artifact validation (LogFile + UsnJrnl),both,True,True,Time Reversal Event,Basic_Info_Changed,3,2,True,False
2023-12-23 00:14:25,winhttp_native.pyd,\Program Files (x86)\Dropbox\Client\189.4.8395\winhttp_native.pyd,0.0699,8714202187.0,0.0,1325244032.0,0.9,0.8301,HIGH,Rule 1: Cross-artifact validation (LogFile + UsnJrnl),both,True,True,Time Reversal Event,Basic_Info_Changed,3,2,True,False
2023-12-23 00:14:25,Resources.resw,\Program Files (x86)\Dropbox\Client\189.4.8395\Strings\language-fr-CA\Resources.resw,0.07,8714157590.0,6.0,1325219840.0,0.9,0.83,HIGH,Rule 1: Cross-artifact validation (LogFile + UsnJrnl),both,True,True,Time Reversal Event,Basic_Info_Changed,3,2,True,False
2023-12-23 00:14:25,Resources.resw,\Program Files (x86)\Dropbox\Client\189.4.8395\Strings\language-fr\Resources.resw,0.08,8714156403.0,2.0,1325219176.0,0.9,0.82,HIGH,Rule 1: Cross-artifact validation (LogFile + UsnJrnl),both,True,True,Time Reversal Event,Basic_Info_Changed,3,2,True,False
2023-12-23 00:14:25,Resources.resw,\Program Files (x86)\Dropbox\Client\189.4.8395\Strings\language-es-ES\Resources.resw,0.07,8714155225.0,6.0,1325218560.0,0.9,0.83,HIGH,Rule 1: Cross-artifact validation (LogFile + UsnJrnl),both,True,True,Time Reversal Event,Basic_Info_Changed,3,2,True,False
2023-12-23 00:14:25,logo.targetsize-24_altform-unplated_contrast-white.png,\Program Files (x86)\Dropbox\Client\PackageAssets\Assets\logo.targetsize-24_altform-unplated_contrast-white.png,0.05,8714241109.0,4.0,1325273088.0,0.9,0.85,HIGH,Rule 1: Cross-artifact validation (LogFile + UsnJrnl),both,True,True,Time Reversal Event,Basic_Info_Changed,3,2,True,False
2023-12-23 00:14:25,logo.targetsize-24_contrast-black.png,\Program Files (x86)\Dropbox\Client\PackageAssets\Assets\logo.targetsize-24_contrast-black.png,0.05,8714241908.0,6.0,1325273832.0,0.9,0.85,HIGH,Rule 1: Cross-artifact validation (LogFile + UsnJrnl),both,True,True,Time Reversal Event,Basic_Info_Changed,3,2,True,False
2023-12-23 00:14:25,logo.targetsize-24_contrast-white.png,\Program Files (x86)\Dropbox\Client\PackageAssets\Assets\logo.targetsize-24_contrast-white.png,0.06,8714242714.0,0.0,1325274512.0,0.9,0.84,HIGH,Rule 1: Cross-artifact validation (LogFile + UsnJrnl),both,True,True,Time Reversal Event,Basic_Info_Changed,3,2,True,False
2023-12-23 00:14:25,logo.targetsize-256.png,\Program Files (x86)\Dropbox\Client\PackageAssets\Assets\logo.targetsize-256.png,0.07,8714243532.0,2.0,1325275120.0,0.9,0.83,HIGH,Rule 1: Cross-artifact validation (LogFile + UsnJrnl),both,True,True,Time Reversal Event,Basic_Info_Changed,3,2,True,False
2023-12-23 00:14:25,logo.targetsize-256_altform-unplated.png,\Program Files (x86)\Dropbox\Client\PackageAssets\Assets\logo.targetsize-256_altform-unplated.png,0.05,8714244430.0,4.0,1325275776.0,0.9,0.85,HIGH,Rule 1: Cross-artifact validation (LogFile + UsnJrnl),both,True,True,Time Reversal Event,Basic_Info_Changed,3,2,True,False
2023-12-23 00:14:25,logo.targetsize-256_altform-unplated_contrast-black.png,\Program Files (x86)\Dropbox\Client\PackageAssets\Assets\logo.targetsize-256_altform-unplated_contrast-black.png,0.05,8714245303.0,6.0,1325276592.0,0.9,0.85,HIGH,Rule 1: Cross-artifact validation (LogFile + UsnJrnl),both,True,True,Time Reversal Event,Basic_Info_Changed,3,2,True,False
2023-12-23 00:14:25,logo.targetsize-256_altform-unplated_contrast-white.png,\Program Files (x86)\Dropbox\Client\PackageAssets\Assets\logo.targetsize-256_altform-unplated_contrast-white.png,0.05,8714247826.0,0.0,1325277536.0,0.9,0.85,HIGH,Rule 1: Cross-artifact validation (LogFile + UsnJrnl),both,True,True,Time Reversal Event,Basic_Info_Changed,3,2,True,False
2023-12-23 00:14:25,resources_images.rcc,\Program Files (x86)\Dropbox\Client\189.4.8395\resources\resources_images.rcc,0.06,8714143787.0,6.0,1325212848.0,0.9,0.84,HIGH,Rule 1: Cross-artifact validation (LogFile + UsnJrnl),both,True,True,Time Reversal Event,Basic_Info_Changed,3,2,True,False
2023-12-23 00:14:25,com.dropbox.nmh.json,\Program Files (x86)\Dropbox\Client\189.4.8395\resources\NativeMessagingHost\edge\com.dropbox.nmh.json,0.04,8714141750.0,0.0,1325211648.0,0.9,0.86,HIGH,Rule 1: Cross-artifact validation (LogFile + UsnJrnl),both,True,True,Time Reversal Event,Basic_Info_Changed,3,2,True,False
2023-12-23 00:14:25,winshell_native.pyd,\Program Files (x86)\Dropbox\Client\189.4.8395\winshell_native.pyd,0.0699,8714207203.0,4.0,1325247688.0,0.9,0.8301,HIGH,Rule 1: Cross-artifact validation (LogFile + UsnJrnl),both,True,True,Time Reversal Event,Basic_Info_Changed,3,2,True,False
2023-12-23 00:14:25,TileSmall.contrast-white.png,\Program Files (x86)\Dropbox\Client\PackageAssets\Assets\TileSmall.contrast-white.png,0.07,8714324946.0,0.0,1325337064.0,0.9,0.83,HIGH,Rule 1: Cross-artifact validation (LogFile + UsnJrnl),both,True,True,Time Reversal Event,Basic_Info_Changed,3,2,True,False
2023-12-23 00:14:25,TileSmall.contrast-black_scale-200.png,\Program Files (x86)\Dropbox\Client\PackageAssets\Assets\TileSmall.contrast-black_scale-200.png,0.05,8714323278.0,4.0,1325335752.0,0.9,0.85,HIGH,Rule 1: Cross-artifact validation (LogFile + UsnJrnl),both,True,True,Time Reversal Event,Basic_Info_Changed,3,2,True,False
2023-12-23 00:14:25,TileSmall.contrast-black_scale-150.png,\Program Files (x86)\Dropbox\Client\PackageAssets\Assets\TileSmall.contrast-black_scale-150.png,0.05,8714321868.0,2.0,1325335072.0,0.9,0.85,HIGH,Rule 1: Cross-artifact validation (LogFile + UsnJrnl),both,True,True,Time Reversal Event,Basic_Info_Changed,3,2,True,False
2023-12-23 00:14:25,TileSmall.contrast-black_scale-125.png,\Program Files (x86)\Dropbox\Client\PackageAssets\Assets\TileSmall.contrast-black_scale-125.png,0.05,8714320984.0,0.0,1325334360.0,0.9,0.85,HIGH,Rule 1: Cross-artifact validation (LogFile + UsnJrnl),both,True,True,Time Reversal Event,Basic_Info_Changed,3,2,True,False
2023-12-23 00:14:25,TileSmall.contrast-black_scale-100.png,\Program Files (x86)\Dropbox\Client\PackageAssets\Assets\TileSmall.contrast-black_scale-100.png,0.05,8714320141.0,6.0,1325333680.0,0.9,0.85,HIGH,Rule 1: Cross-artifact validation (LogFile + UsnJrnl),both,True,True,Time Reversal Event,Basic_Info_Changed,3,2,True,False
2023-12-23 00:14:25,TileSmall.contrast-black.png,\Program Files (x86)\Dropbox\Client\PackageAssets\Assets\TileSmall.contrast-black.png,0.07,8714319302.0,4.0,1325333032.0,0.9,0.83,HIGH,Rule 1: Cross-artifact validation (LogFile + UsnJrnl),both,True,True,Time Reversal Event,Basic_Info_Changed,3,2,True,False
2023-12-23 00:14:25,StoreLogo.scale-400.png,\Program Files (x86)\Dropbox\Client\PackageAssets\Assets\StoreLogo.scale-400.png,0.07,8714318483.0,2.0,1325332448.0,0.9,0.83,HIGH,Rule 1: Cross-artifact validation (LogFile + UsnJrnl),both,True,True,Time Reversal Event,Basic_Info_Changed,3,2,True,False
2023-12-23 00:14:25,StoreLogo.scale-200.png,\Program Files (x86)\Dropbox\Client\PackageAssets\Assets\StoreLogo.scale-200.png,0.07,8714317663.0,0.0,1325331888.0,0.9,0.83,HIGH,Rule 1: Cross-artifact validation (LogFile + UsnJrnl),both,True,True,Time Reversal Event,Basic_Info_Changed,3,2,True,False
2023-12-23 00:14:25,StoreLogo.scale-150.png,\Program Files (x86)\Dropbox\Client\PackageAssets\Assets\StoreLogo.scale-150.png,0.06,8714316851.0,6.0,1325331328.0,0.9,0.84,HIGH,Rule 1: Cross-artifact validation (LogFile + UsnJrnl),both,True,True,Time Reversal Event,Basic_Info_Changed,3,2,True,False
2023-12-23 00:14:25,StoreLogo.scale-125.png,\Program Files (x86)\Dropbox\Client\PackageAssets\Assets\StoreLogo.scale-125.png,0.07,8714316029.0,4.0,1325330768.0,0.9,0.83,HIGH,Rule 1: Cross-artifact validation (LogFile + UsnJrnl),both,True,True,Time Reversal Event,Basic_Info_Changed,3,2,True,False
2023-12-23 00:14:25,StoreLogo.scale-100.png,\Program Files (x86)\Dropbox\Client\PackageAssets\Assets\StoreLogo.scale-100.png,0.07,8714315209.0,2.0,1325330208.0,0.9,0.83,HIGH,Rule 1: Cross-artifact validation (LogFile + UsnJrnl),both,True,True,Time Reversal Event,Basic_Info_Changed,3,2,True,False
2023-12-23 00:14:25,StoreLogo.contrast-white_scale-400.png,\Program Files (x86)\Dropbox\Client\PackageAssets\Assets\StoreLogo.contrast-white_scale-400.png,0.05,8714314391.0,0.0,1325329600.0,0.9,0.85,HIGH,Rule 1: Cross-artifact validation (LogFile + UsnJrnl),both,True,True,Time Reversal Event,Basic_Info_Changed,3,2,True,False
2023-12-23 00:14:25,StoreLogo.contrast-white_scale-200.png,\Program Files (x86)\Dropbox\Client\PackageAssets\Assets\StoreLogo.contrast-white_scale-200.png,0.05,8714312966.0,6.0,1325328920.0,0.9,0.85,HIGH,Rule 1: Cross-artifact validation (LogFile + UsnJrnl),both,True,True,Time Reversal Event,Basic_Info_Changed,3,2,True,False
2023-12-23 00:14:25,StoreLogo.contrast-white_scale-150.png,\Program Files (x86)\Dropbox\Client\PackageAssets\Assets\StoreLogo.contrast-white_scale-150.png,0.05,8714312113.0,4.0,1325328240.0,0.9,0.85,HIGH,Rule 1: Cross-artifact validation (LogFile + UsnJrnl),both,True,True,Time Reversal Event,Basic_Info_Changed,3,2,True,False
2023-12-23 00:14:25,TinyTile.contrast-black_scale-125.png,\Program Files (x86)\Dropbox\Client\PackageAssets\Assets\TinyTile.contrast-black_scale-125.png,0.06,8714336434.0,2.0,1325345304.0,0.9,0.84,HIGH,Rule 1: Cross-artifact validation (LogFile + UsnJrnl),both,True,True,Time Reversal Event,Basic_Info_Changed,3,2,True,False
2023-12-23 00:14:25,TinyTile.contrast-black_scale-150.png,\Program Files (x86)\Dropbox\Client\PackageAssets\Assets\TinyTile.contrast-black_scale-150.png,0.06,8714337269.0,4.0,1325345984.0,0.9,0.84,HIGH,Rule 1: Cross-artifact validation (LogFile + UsnJrnl),both,True,True,Time Reversal Event,Basic_Info_Changed,3,2,True,False
2023-12-23 00:14:25,TinyTile.contrast-black_scale-200.png,\Program Files (x86)\Dropbox\Client\PackageAssets\Assets\TinyTile.contrast-black_scale-200.png,0.05,8714338112.0,6.0,1325346664.0,0.9,0.85,HIGH,Rule 1: Cross-artifact validation (LogFile + UsnJrnl),both,True,True,Time Reversal Event,Basic_Info_Changed,3,2,True,False
2023-12-23 00:14:25,TinyTile.contrast-black_scale-400.png,\Program Files (x86)\Dropbox\Client\PackageAssets\Assets\TinyTile.contrast-black_scale-400.png,0.06,8714339005.0,0.0,1325347360.0,0.9,0.84,HIGH,Rule 1: Cross-artifact validation (LogFile + UsnJrnl),both,True,True,Time Reversal Event,Basic_Info_Changed,3,2,True,False
2023-12-23 00:14:25,logo.targetsize-20_contrast-white.png,\Program Files (x86)\Dropbox\Client\PackageAssets\Assets\logo.targetsize-20_contrast-white.png,0.06,8714237903.0,4.0,1325270080.0,0.9,0.84,HIGH,Rule 1: Cross-artifact validation (LogFile + UsnJrnl),both,True,True,Time Reversal Event,Basic_Info_Changed,3,2,True,False
2023-12-23 00:14:25,logo.targetsize-20_contrast-black.png,\Program Files (x86)\Dropbox\Client\PackageAssets\Assets\logo.targetsize-20_contrast-black.png,0.06,8714237161.0,2.0,1325269400.0,0.9,0.84,HIGH,Rule 1: Cross-artifact validation (LogFile + UsnJrnl),both,True,True,Time Reversal Event,Basic_Info_Changed,3,2,True,False
2023-12-23 00:14:25,logo.targetsize-20_altform-unplated_contrast-white.png,\Program Files (x86)\Dropbox\Client\PackageAssets\Assets\logo.targetsize-20_altform-unplated_contrast-white.png,0.05,8714236354.0,0.0,1325268568.0,0.9,0.85,HIGH,Rule 1: Cross-artifact validation (LogFile + UsnJrnl),both,True,True,Time Reversal Event,Basic_Info_Changed,3,2,True,False
2023-12-23 00:14:25,logo.targetsize-20_altform-unplated_contrast-black.png,\Program Files (x86)\Dropbox\Client\PackageAssets\Assets\logo.targetsize-20_altform-unplated_contrast-black.png,0.05,8714235584.0,6.0,1325267728.0,0.9,0.85,HIGH,Rule 1: Cross-artifact validation (LogFile + UsnJrnl),both,True,True,Time Reversal Event,Basic_Info_Changed,3,2,True,False
2023-12-23 00:14:25,logo.targetsize-20_altform-unplated.png,\Program Files (x86)\Dropbox\Client\PackageAssets\Assets\logo.targetsize-20_altform-unplated.png,0.05,8714234179.0,4.0,1325266936.0,0.9,0.85,HIGH,Rule 1: Cross-artifact validation (LogFile + UsnJrnl),both,True,True,Time Reversal Event,Basic_Info_Changed,3,2,True,False
2023-12-23 00:14:25,logo.targetsize-20.png,\Program Files (x86)\Dropbox\Client\PackageAssets\Assets\logo.targetsize-20.png,0.07,8714233442.0,2.0,1325266296.0,0.9,0.83,HIGH,Rule 1: Cross-artifact validation (LogFile + UsnJrnl),both,True,True,Time Reversal Event,Basic_Info_Changed,3,2,True,False
2023-12-23 00:14:25,logo.targetsize-16_contrast-white.png,\Program Files (x86)\Dropbox\Client\PackageAssets\Assets\logo.targetsize-16_contrast-white.png,0.06,8714232712.0,0.0,1325265712.0,0.9,0.84,HIGH,Rule 1: Cross-artifact validation (LogFile + UsnJrnl),both,True,True,Time Reversal Event,Basic_Info_Changed,3,2,True,False
2023-12-23 00:14:25,logo.targetsize-16_contrast-black.png,\Program Files (x86)\Dropbox\Client\PackageAssets\Assets\logo.targetsize-16_contrast-black.png,0.05,8714231970.0,6.0,1325265032.0,0.9,0.85,HIGH,Rule 1: Cross-artifact validation (LogFile + UsnJrnl),both,True,True,Time Reversal Event,Basic_Info_Changed,3,2,True,False
2023-12-23 00:14:25,logo.targetsize-16_altform-unplated_contrast-white.png,\Program Files (x86)\Dropbox\Client\PackageAssets\Assets\logo.targetsize-16_altform-unplated_contrast-white.png,0.05,8714231159.0,4.0,1325264248.0,0.9,0.85,HIGH,Rule 1: Cross-artifact validation (LogFile + UsnJrnl),both,True,True,Time Reversal Event,Basic_Info_Changed,3,2,True,False
2023-12-23 00:14:25,logo.targetsize-16_altform-unplated_contrast-black.png,\Program Files (x86)\Dropbox\Client\PackageAssets\Assets\logo.targetsize-16_altform-unplated_contrast-black.png,0.05,8714230389.0,2.0,1325263408.0,0.9,0.85,HIGH,Rule 1: Cross-artifact validation (LogFile + UsnJrnl),both,True,True,Time Reversal Event,Basic_Info_Changed,3,2,True,False
2023-12-23 00:14:25,logo.targetsize-16_altform-unplated.png,\Program Files (x86)\Dropbox\Client\PackageAssets\Assets\logo.targetsize-16_altform-unplated.png,0.05,8714229617.0,0.0,1325262616.0,0.9,0.85,HIGH,Rule 1: Cross-artifact validation (LogFile + UsnJrnl),both,True,True,Time Reversal Event,Basic_Info_Changed,3,2,True,False
2023-12-23 00:14:25,newqt.conf,\Program Files (x86)\Dropbox\Client\newqt.conf,0.1395,8714360637.0,4.0,1325360616.0,0.9,0.7605,HIGH,Rule 1: Cross-artifact validation (LogFile + UsnJrnl),both,True,True,Time Reversal Event,Basic_Info_Changed,3,2,True,False
2023-12-23 00:14:25,TileSmall.contrast-black_scale-400.png,\Program Files (x86)\Dropbox\Client\PackageAssets\Assets\TileSmall.contrast-black_scale-400.png,0.05,8714324121.0,6.0,1325336432.0,0.9,0.85,HIGH,Rule 1: Cross-artifact validation (LogFile + UsnJrnl),both,True,True,Time Reversal Event,Basic_Info_Changed,3,2,True,False
2023-12-23 00:14:25,TileSmall.contrast-white_scale-100.png,\Program Files (x86)\Dropbox\Client\PackageAssets\Assets\TileSmall.contrast-white_scale-100.png,0.05,8714325785.0,2.0,1325337712.0,0.9,0.85,HIGH,Rule 1: Cross-artifact validation (LogFile + UsnJrnl),both,True,True,Time Reversal Event,Basic_Info_Changed,3,2,True,False
2023-12-23 00:14:25,com.dropbox.nmh.json,\Program Files (x86)\Dropbox\Client\189.4.8395\resources\NativeMessagingHost\chrome\com.dropbox.nmh.json,0.04,8714140655.0,4.0,1325210936.0,0.9,0.86,HIGH,Rule 1: Cross-artifact validation (LogFile + UsnJrnl),both,True,True,Time Reversal Event,Basic_Info_Changed,3,2,True,False
2023-12-23 00:14:25,TileSmall.contrast-white_scale-125.png,\Program Files (x86)\Dropbox\Client\PackageAssets\Assets\TileSmall.contrast-white_scale-125.png,0.05,8714326628.0,4.0,1325338392.0,0.9,0.85,HIGH,Rule 1: Cross-artifact validation (LogFile + UsnJrnl),both,True,True,Time Reversal Event,Basic_Info_Changed,3,2,True,False
2023-12-23 00:14:25,ToolButton.qml,\Program Files (x86)\Dropbox\Client\189.4.8395\QtQuick\Controls\ToolButton.qml,0.08,8714117973.0,4.0,1325198960.0,0.9,0.82,HIGH,Rule 1: Cross-artifact validation (LogFile + UsnJrnl),both,True,True,Time Reversal Event,Basic_Info_Changed,3,2,True,False
2023-12-23 00:14:25,local_views.zip,\Program Files (x86)\Dropbox\Client\189.4.8395\resources\local_views.zip,0.06,8714139144.0,6.0,1325210080.0,0.9,0.84,HIGH,Rule 1: Cross-artifact validation (LogFile + UsnJrnl),both,True,True,Time Reversal Event,Basic_Info_Changed,3,2,True,False
2023-12-23 00:14:25,empty.pptx,\Program Files (x86)\Dropbox\Client\189.4.8395\resources\empty.pptx,0.1,8714136881.0,2.0,1325209232.0,0.9,0.8,HIGH,Rule 1: Cross-artifact validation (LogFile + UsnJrnl),both,True,True,Time Reversal Event,Basic_Info_Changed,3,2,True,False
2023-12-23 00:14:25,empty.docx,\Program Files (x86)\Dropbox\Client\189.4.8395\resources\empty.docx,0.1,8714136097.0,0.0,1325208832.0,0.9,0.8,HIGH,Rule 1: Cross-artifact validation (LogFile + UsnJrnl),both,True,True,Time Reversal Event,Basic_Info_Changed,3,2,True,False
2023-12-23 00:14:25,default_app.asar,\Program Files (x86)\Dropbox\Client\189.4.8395\resources\default_app.asar,0.09,8714135301.0,6.0,1325208400.0,0.9,0.81,HIGH,Rule 1: Cross-artifact validation (LogFile + UsnJrnl),both,True,True,Time Reversal Event,Basic_Info_Changed,3,2,True,False
2023-12-23 00:14:25,box_32.png,\Program Files (x86)\Dropbox\Client\189.4.8395\resources\box_32.png,0.1,8714134247.0,4.0,1325207952.0,0.9,0.8,HIGH,Rule 1: Cross-artifact validation (LogFile + UsnJrnl),both,True,True,Time Reversal Event,Basic_Info_Changed,3,2,True,False
2023-12-23 00:14:24,CheckBoxStyle.qml,\Program Files (x86)\Dropbox\Client\189.4.8395\QtQuick\Controls\Styles\Desktop\CheckBoxStyle.qml,0.05,8714088237.0,4.0,1325181656.0,0.9,0.85,HIGH,Rule 1: Cross-artifact validation (LogFile + UsnJrnl),both,True,True,Time Reversal Event,Basic_Info_Changed,3,2,True,False
2023-12-23 00:14:25,app.asar,\Program Files (x86)\Dropbox\Client\189.4.8395\resources\app.asar,0.0899,8714132772.0,0.0,1325207088.0,0.9,0.8101,HIGH,Rule 1: Cross-artifact validation (LogFile + UsnJrnl),both,True,True,Time Reversal Event,Basic_Info_Changed,3,2,True,False
2023-12-23 00:14:25,qtquick2plugin.dll,\Program Files (x86)\Dropbox\Client\189.4.8395\QtQuick.2\qtquick2plugin.dll,0.05,8714131128.0,4.0,1325206496.0,0.9,0.85,HIGH,Rule 1: Cross-artifact validation (LogFile + UsnJrnl),both,True,True,Time Reversal Event,Basic_Info_Changed,3,2,True,False
2023-12-23 00:14:25,qmldir,\Program Files (x86)\Dropbox\Client\189.4.8395\QtQuick.2\qmldir,0.1199,8714130345.0,2.0,1325206064.0,0.9,0.7801,HIGH,Rule 1: Cross-artifact validation (LogFile + UsnJrnl),both,True,True,Time Reversal Event,Basic_Info_Changed,3,2,True,False
2023-12-23 00:14:25,plugins.qmltypes,\Program Files (x86)\Dropbox\Client\189.4.8395\QtQuick.2\plugins.qmltypes,0.1,8714129704.0,4.0,1325205656.0,0.9,0.8,HIGH,Rule 1: Cross-artifact validation (LogFile + UsnJrnl),both,True,True,Time Reversal Event,Basic_Info_Changed,3,2,True,False
2023-12-23 00:14:25,windowplugin.dll,\Program Files (x86)\Dropbox\Client\189.4.8395\QtQuick\Window.2\windowplugin.dll,0.05,8714127946.0,6.0,1325204728.0,0.9,0.85,HIGH,Rule 1: Cross-artifact validation (LogFile + UsnJrnl),both,True,True,Time Reversal Event,Basic_Info_Changed,3,2,True,False
2023-12-23 00:14:25,plugins.qmltypes,\Program Files (x86)\Dropbox\Client\189.4.8395\QtQuick\Window.2\plugins.qmltypes,0.08,8714125549.0,0.0,1325203456.0,0.9,0.82,HIGH,Rule 1: Cross-artifact validation (LogFile + UsnJrnl),both,True,True,Time Reversal Event,Basic_Info_Changed,3,2,True,False
2023-12-23 00:14:25,qquicklayoutsplugin.dll,\Program Files (x86)\Dropbox\Client\189.4.8395\QtQuick\Layouts\qquicklayoutsplugin.dll,0.03,8714124390.0,6.0,1325202720.0,0.9,0.87,HIGH,Rule 1: Cross-artifact validation (LogFile + UsnJrnl),both,True,True,Time Reversal Event,Basic_Info_Changed,3,2,True,False
2023-12-23 00:14:25,qmldir,\Program Files (x86)\Dropbox\Client\189.4.8395\QtQuick\Layouts\qmldir,0.0999,8714123600.0,4.0,1325202240.0,0.9,0.8001,HIGH,Rule 1: Cross-artifact validation (LogFile + UsnJrnl),both,True,True,Time Reversal Event,Basic_Info_Changed,3,2,True,False
2023-12-23 00:14:25,empty.xlsx,\Program Files (x86)\Dropbox\Client\189.4.8395\resources\empty.xlsx,0.1,8714137673.0,4.0,1325209632.0,0.9,0.8,HIGH,Rule 1: Cross-artifact validation (LogFile + UsnJrnl),both,True,True,Time Reversal Event,Basic_Info_Changed,3,2,True,False
2023-12-23 00:14:25,logo.targetsize-40.png,\Program Files (x86)\Dropbox\Client\PackageAssets\Assets\logo.targetsize-40.png,0.07,8714266396.0,2.0,1325292824.0,0.9,0.83,HIGH,Rule 1: Cross-artifact validation (LogFile + UsnJrnl),both,True,True,Time Reversal Event,Basic_Info_Changed,3,2,True,False
2023-12-23 00:14:25,logo.contrast-black_scale-150.png,\Program Files (x86)\Dropbox\Client\PackageAssets\Assets\logo.contrast-black_scale-150.png,0.07,8714216763.0,2.0,1325253888.0,0.9,0.83,HIGH,Rule 1: Cross-artifact validation (LogFile + UsnJrnl),both,True,True,Time Reversal Event,Basic_Info_Changed,3,2,True,False
2023-12-23 00:14:25,logo.contrast-black_scale-400.png,\Program Files (x86)\Dropbox\Client\PackageAssets\Assets\logo.contrast-black_scale-400.png,0.06,8714218427.0,6.0,1325255168.0,0.9,0.84,HIGH,Rule 1: Cross-artifact validation (LogFile + UsnJrnl),both,True,True,Time Reversal Event,Basic_Info_Changed,3,2,True,False
2023-12-23 00:14:25,TinyTile.contrast-black_scale-100.png,\Program Files (x86)\Dropbox\Client\PackageAssets\Assets\TinyTile.contrast-black_scale-100.png,0.06,8714335585.0,0.0,1325344624.0,0.9,0.84,HIGH,Rule 1: Cross-artifact validation (LogFile + UsnJrnl),both,True,True,Time Reversal Event,Basic_Info_Changed,3,2,True,False
2023-12-23 00:14:25,TinyTile.contrast-black.png,\Program Files (x86)\Dropbox\Client\PackageAssets\Assets\TinyTile.contrast-black.png,0.06,8714334752.0,6.0,1325343976.0,0.9,0.84,HIGH,Rule 1: Cross-artifact validation (LogFile + UsnJrnl),both,True,True,Time Reversal Event,Basic_Info_Changed,3,2,True,False
2023-12-23 00:14:25,TileSmall.scale-400.png,\Program Files (x86)\Dropbox\Client\PackageAssets\Assets\TileSmall.scale-400.png,0.07,8714333924.0,4.0,1325343392.0,0.9,0.83,HIGH,Rule 1: Cross-artifact validation (LogFile + UsnJrnl),both,True,True,Time Reversal Event,Basic_Info_Changed,3,2,True,False
2023-12-23 00:14:25,TileSmall.scale-200.png,\Program Files (x86)\Dropbox\Client\PackageAssets\Assets\TileSmall.scale-200.png,0.07,8714333104.0,2.0,1325342832.0,0.9,0.83,HIGH,Rule 1: Cross-artifact validation (LogFile + UsnJrnl),both,True,True,Time Reversal Event,Basic_Info_Changed,3,2,True,False
2023-12-23 00:14:25,TileSmall.scale-150.png,\Program Files (x86)\Dropbox\Client\PackageAssets\Assets\TileSmall.scale-150.png,0.07,8714332243.0,0.0,1325342256.0,0.9,0.83,HIGH,Rule 1: Cross-artifact validation (LogFile + UsnJrnl),both,True,True,Time Reversal Event,Basic_Info_Changed,3,2,True,False
2023-12-23 00:14:25,TileSmall.scale-125.png,\Program Files (x86)\Dropbox\Client\PackageAssets\Assets\TileSmall.scale-125.png,0.06,8714331420.0,6.0,1325341696.0,0.9,0.84,HIGH,Rule 1: Cross-artifact validation (LogFile + UsnJrnl),both,True,True,Time Reversal Event,Basic_Info_Changed,3,2,True,False
2023-12-23 00:14:25,TileSmall.scale-100.png,\Program Files (x86)\Dropbox\Client\PackageAssets\Assets\TileSmall.scale-100.png,0.07,8714330599.0,4.0,1325341136.0,0.9,0.83,HIGH,Rule 1: Cross-artifact validation (LogFile + UsnJrnl),both,True,True,Time Reversal Event,Basic_Info_Changed,3,2,True,False
2023-12-23 00:14:25,TileSmall.contrast-white_scale-400.png,\Program Files (x86)\Dropbox\Client\PackageAssets\Assets\TileSmall.contrast-white_scale-400.png,0.05,8714329198.0,2.0,1325340528.0,0.9,0.85,HIGH,Rule 1: Cross-artifact validation (LogFile + UsnJrnl),both,True,True,Time Reversal Event,Basic_Info_Changed,3,2,True,False
2023-12-23 00:14:25,TileSmall.contrast-white_scale-200.png,\Program Files (x86)\Dropbox\Client\PackageAssets\Assets\TileSmall.contrast-white_scale-200.png,0.05,8714328355.0,0.0,1325339848.0,0.9,0.85,HIGH,Rule 1: Cross-artifact validation (LogFile + UsnJrnl),both,True,True,Time Reversal Event,Basic_Info_Changed,3,2,True,False
2023-12-23 00:14:25,TileSmall.contrast-white_scale-150.png,\Program Files (x86)\Dropbox\Client\PackageAssets\Assets\TileSmall.contrast-white_scale-150.png,0.05,8714327512.0,6.0,1325339168.0,0.9,0.85,HIGH,Rule 1: Cross-artifact validation (LogFile + UsnJrnl),both,True,True,Time Reversal Event,Basic_Info_Changed,3,2,True,False
2023-12-23 00:14:25,winscreenshot_native.pyd,\Program Files (x86)\Dropbox\Client\189.4.8395\winscreenshot_native.pyd,0.0699,8714206394.0,2.0,1325247152.0,0.9,0.8301,HIGH,Rule 1: Cross-artifact validation (LogFile + UsnJrnl),both,True,True,Time Reversal Event,Basic_Info_Changed,3,2,True,False
2023-12-23 00:14:25,box.ico,\Program Files (x86)\Dropbox\Client\189.4.8395\resources\box.ico,0.1199,8714133494.0,2.0,1325207552.0,0.9,0.7801,HIGH,Rule 1: Cross-artifact validation (LogFile + UsnJrnl),both,True,True,Time Reversal Event,Basic_Info_Changed,3,2,True,False
2023-12-23 00:14:25,winverifysignature_native.pyd,\Program Files (x86)\Dropbox\Client\189.4.8395\winverifysignature_native.pyd,0.0599,8714208616.0,6.0,1325248256.0,0.9,0.8401,HIGH,Rule 1: Cross-artifact validation (LogFile + UsnJrnl),both,True,True,Time Reversal Event,Basic_Info_Changed,3,2,True,False
2023-12-23 00:14:24,GaugeStyle.qml,\Program Files (x86)\Dropbox\Client\189.4.8395\QtQuick\Controls\Styles\Base\GaugeStyle.qml,0.07,8714039527.0,2.0,1325152472.0,0.9,0.83,HIGH,Rule 1: Cross-artifact validation (LogFile + UsnJrnl),both,True,True,Time Reversal Event,Basic_Info_Changed,3,2,True,False
2023-12-23 00:14:24,DialStyle.qml,\Program Files (x86)\Dropbox\Client\189.4.8395\QtQuick\Controls\Styles\Base\DialStyle.qml,0.07,8714037803.0,6.0,1325151512.0,0.9,0.83,HIGH,Rule 1: Cross-artifact validation (LogFile + UsnJrnl),both,True,True,Time Reversal Event,Basic_Info_Changed,3,2,True,False
2023-12-23 00:14:24,DelayButtonStyle.qml,\Program Files (x86)\Dropbox\Client\189.4.8395\QtQuick\Controls\Styles\Base\DelayButtonStyle.qml,0.04,8714036924.0,4.0,1325151040.0,0.9,0.86,HIGH,Rule 1: Cross-artifact validation (LogFile + UsnJrnl),both,True,True,Time Reversal Event,Basic_Info_Changed,3,2,True,False
2023-12-23 00:14:24,CommonStyleHelper.qml,\Program Files (x86)\Dropbox\Client\189.4.8395\QtQuick\Controls\Styles\Base\CommonStyleHelper.qml,0.04,8714036093.0,2.0,1325150520.0,0.9,0.86,HIGH,Rule 1: Cross-artifact validation (LogFile + UsnJrnl),both,True,True,Time Reversal Event,Basic_Info_Changed,3,2,True,False
2023-12-23 00:14:24,ComboBoxStyle.qml,\Program Files (x86)\Dropbox\Client\189.4.8395\QtQuick\Controls\Styles\Base\ComboBoxStyle.qml,0.05,8714035239.0,0.0,1325149936.0,0.9,0.85,HIGH,Rule 1: Cross-artifact validation (LogFile + UsnJrnl),both,True,True,Time Reversal Event,Basic_Info_Changed,3,2,True,False
2023-12-23 00:14:24,CircularTickmarkLabelStyle.qml,\Program Files (x86)\Dropbox\Client\189.4.8395\QtQuick\Controls\Styles\Base\CircularTickmarkLabelStyle.qml,0.04,8714034425.0,6.0,1325149408.0,0.9,0.86,HIGH,Rule 1: Cross-artifact validation (LogFile + UsnJrnl),both,True,True,Time Reversal Event,Basic_Info_Changed,3,2,True,False
2023-12-23 00:14:24,CircularGaugeStyle.qml,\Program Files (x86)\Dropbox\Client\189.4.8395\QtQuick\Controls\Styles\Base\CircularGaugeStyle.qml,0.04,8714033595.0,4.0,1325148840.0,0.9,0.86,HIGH,Rule 1: Cross-artifact validation (LogFile + UsnJrnl),both,True,True,Time Reversal Event,Basic_Info_Changed,3,2,True,False
2023-12-23 00:14:24,CircularButtonStyle.qml,\Program Files (x86)\Dropbox\Client\189.4.8395\QtQuick\Controls\Styles\Base\CircularButtonStyle.qml,0.04,8714032786.0,2.0,1325148304.0,0.9,0.86,HIGH,Rule 1: Cross-artifact validation (LogFile + UsnJrnl),both,True,True,Time Reversal Event,Basic_Info_Changed,3,2,True,False
2023-12-23 00:14:24,CheckBoxStyle.qml,\Program Files (x86)\Dropbox\Client\189.4.8395\QtQuick\Controls\Styles\Base\CheckBoxStyle.qml,0.05,8714031970.0,0.0,1325147776.0,0.9,0.85,HIGH,Rule 1: Cross-artifact validation (LogFile + UsnJrnl),both,True,True,Time Reversal Event,Basic_Info_Changed,3,2,True,False
2023-12-23 00:14:24,CalendarStyle.qml,\Program Files (x86)\Dropbox\Client\189.4.8395\QtQuick\Controls\Styles\Base\CalendarStyle.qml,0.05,8714031166.0,6.0,1325147296.0,0.9,0.85,HIGH,Rule 1: Cross-artifact validation (LogFile + UsnJrnl),both,True,True,Time Reversal Event,Basic_Info_Changed,3,2,True,False
2023-12-23 00:14:24,GroupBoxStyle.qml,\Program Files (x86)\Dropbox\Client\189.4.8395\QtQuick\Controls\Styles\Base\GroupBoxStyle.qml,0.05,8714040333.0,4.0,1325152936.0,0.9,0.85,HIGH,Rule 1: Cross-artifact validation (LogFile + UsnJrnl),both,True,True,Time Reversal Event,Basic_Info_Changed,3,2,True,False
2023-12-23 00:14:24,ButtonStyle.qml,\Program Files (x86)\Dropbox\Client\189.4.8395\QtQuick\Controls\Styles\Base\ButtonStyle.qml,0.07,8714030354.0,4.0,1325146816.0,0.9,0.83,HIGH,Rule 1: Cross-artifact validation (LogFile + UsnJrnl),both,True,True,Time Reversal Event,Basic_Info_Changed,3,2,True,False
2023-12-23 00:14:24,BasicTableViewStyle.qml,\Program Files (x86)\Dropbox\Client\189.4.8395\QtQuick\Controls\Styles\Base\BasicTableViewStyle.qml,0.04,8714028383.0,0.0,1325145688.0,0.9,0.86,HIGH,Rule 1: Cross-artifact validation (LogFile + UsnJrnl),both,True,True,Time Reversal Event,Basic_Info_Changed,3,2,True,False
2023-12-23 00:14:24,ApplicationWindowStyle.qml,\Program Files (x86)\Dropbox\Client\189.4.8395\QtQuick\Controls\Styles\Base\ApplicationWindowStyle.qml,0.04,8714027571.0,6.0,1325145128.0,0.9,0.86,HIGH,Rule 1: Cross-artifact validation (LogFile + UsnJrnl),both,True,True,Time Reversal Event,Basic_Info_Changed,3,2,True,False
2023-12-23 00:14:24,StatusBar.qml,\Program Files (x86)\Dropbox\Client\189.4.8395\QtQuick\Controls\StatusBar.qml,0.08,8714026057.0,0.0,1325144328.0,0.9,0.82,HIGH,Rule 1: Cross-artifact validation (LogFile + UsnJrnl),both,True,True,Time Reversal Event,Basic_Info_Changed,3,2,True,False
2023-12-23 00:14:24,StackViewTransition.qml,\Program Files (x86)\Dropbox\Client\189.4.8395\QtQuick\Controls\StackViewTransition.qml,0.04,8714024617.0,6.0,1325143840.0,0.9,0.86,HIGH,Rule 1: Cross-artifact validation (LogFile + UsnJrnl),both,True,True,Time Reversal Event,Basic_Info_Changed,3,2,True,False
2023-12-23 00:14:24,StackViewDelegate.qml,\Program Files (x86)\Dropbox\Client\189.4.8395\QtQuick\Controls\StackViewDelegate.qml,0.05,8714023799.0,4.0,1325143296.0,0.9,0.85,HIGH,Rule 1: Cross-artifact validation (LogFile + UsnJrnl),both,True,True,Time Reversal Event,Basic_Info_Changed,3,2,True,False
2023-12-23 00:14:24,StackView.qml,\Program Files (x86)\Dropbox\Client\189.4.8395\QtQuick\Controls\StackView.qml,0.08,8714022991.0,2.0,1325142808.0,0.9,0.82,HIGH,Rule 1: Cross-artifact validation (LogFile + UsnJrnl),both,True,True,Time Reversal Event,Basic_Info_Changed,3,2,True,False
2023-12-23 00:14:24,SplitView.qml,\Program Files (x86)\Dropbox\Client\189.4.8395\QtQuick\Controls\SplitView.qml,0.08,8714022190.0,0.0,1325142368.0,0.9,0.82,HIGH,Rule 1: Cross-artifact validation (LogFile + UsnJrnl),both,True,True,Time Reversal Event,Basic_Info_Changed,3,2,True,False
2023-12-23 00:14:24,SpinBox.qml,\Program Files (x86)\Dropbox\Client\189.4.8395\QtQuick\Controls\SpinBox.qml,0.07,8714021365.0,6.0,1325141888.0,0.9,0.83,HIGH,Rule 1: Cross-artifact validation (LogFile + UsnJrnl),both,True,True,Time Reversal Event,Basic_Info_Changed,3,2,True,False
2023-12-23 00:14:24,Slider.qml,\Program Files (x86)\Dropbox\Client\189.4.8395\QtQuick\Controls\Slider.qml,0.08,8714020666.0,4.0,1325141464.0,0.9,0.82,HIGH,Rule 1: Cross-artifact validation (LogFile + UsnJrnl),both,True,True,Time Reversal Event,Basic_Info_Changed,3,2,True,False
2023-12-23 00:14:24,ScrollView.qml,\Program Files (x86)\Dropbox\Client\189.4.8395\QtQuick\Controls\ScrollView.qml,0.08,8714019943.0,2.0,1325141048.0,0.9,0.82,HIGH,Rule 1: Cross-artifact validation (LogFile + UsnJrnl),both,True,True,Time Reversal Event,Basic_Info_Changed,3,2,True,False
2023-12-23 00:14:24,RadioButton.qml,\Program Files (x86)\Dropbox\Client\189.4.8395\QtQuick\Controls\RadioButton.qml,0.08,8714019140.0,0.0,1325140592.0,0.9,0.82,HIGH,Rule 1: Cross-artifact validation (LogFile + UsnJrnl),both,True,True,Time Reversal Event,Basic_Info_Changed,3,2,True,False
2023-12-23 00:14:24,BusyIndicatorStyle.qml,\Program Files (x86)\Dropbox\Client\189.4.8395\QtQuick\Controls\Styles\Base\BusyIndicatorStyle.qml,0.04,8714029546.0,2.0,1325146320.0,0.9,0.86,HIGH,Rule 1: Cross-artifact validation (LogFile + UsnJrnl),both,True,True,Time Reversal Event,Basic_Info_Changed,3,2,True,False
2023-12-23 00:14:24,HandleStyle.qml,\Program Files (x86)\Dropbox\Client\189.4.8395\QtQuick\Controls\Styles\Base\HandleStyle.qml,0.07,8714041133.0,6.0,1325153416.0,0.9,0.83,HIGH,Rule 1: Cross-artifact validation (LogFile + UsnJrnl),both,True,True,Time Reversal Event,Basic_Info_Changed,3,2,True,False
2023-12-23 00:14:24,HandleStyleHelper.qml,\Program Files (x86)\Dropbox\Client\189.4.8395\QtQuick\Controls\Styles\Base\HandleStyleHelper.qml,0.04,8714042606.0,0.0,1325153920.0,0.9,0.86,HIGH,Rule 1: Cross-artifact validation (LogFile + UsnJrnl),both,True,True,Time Reversal Event,Basic_Info_Changed,3,2,True,False
2023-12-23 00:14:24,arrow-down.png,\Program Files (x86)\Dropbox\Client\189.4.8395\QtQuick\Controls\Styles\Base\images\arrow-down.png,0.07,8714043711.0,4.0,1325154568.0,0.9,0.83,HIGH,Rule 1: Cross-artifact validation (LogFile + UsnJrnl),both,True,True,Time Reversal Event,Basic_Info_Changed,3,2,True,False
2023-12-23 00:14:24,slider-handle.png,\Program Files (x86)\Dropbox\Client\189.4.8395\QtQuick\Controls\Styles\Base\images\slider-handle.png,0.05,8714062164.0,6.0,1325166592.0,0.9,0.85,HIGH,Rule 1: Cross-artifact validation (LogFile + UsnJrnl),both,True,True,Time Reversal Event,Basic_Info_Changed,3,2,True,False
2023-12-23 00:14:24,slider-groove.png,\Program Files (x86)\Dropbox\Client\189.4.8395\QtQuick\Controls\Styles\Base\images\slider-groove.png,0.05,8714061457.0,4.0,1325166024.0,0.9,0.85,HIGH,Rule 1: Cross-artifact validation (LogFile + UsnJrnl),both,True,True,Time Reversal Event,Basic_Info_Changed,3,2,True,False
2023-12-23 00:14:24,scrollbar-handle-vertical.png,\Program Files (x86)\Dropbox\Client\189.4.8395\QtQuick\Controls\Styles\Base\images\scrollbar-handle-vertical.png,0.04,8714060736.0,2.0,1325165496.0,0.9,0.86,HIGH,Rule 1: Cross-artifact validation (LogFile + UsnJrnl),both,True,True,Time Reversal Event,Basic_Info_Changed,3,2,True,False
2023-12-23 00:14:24,FocusFrameStyle.qml,\Program Files (x86)\Dropbox\Client\189.4.8395\QtQuick\Controls\Styles\Base\FocusFrameStyle.qml,0.04,8714038722.0,0.0,1325152000.0,0.9,0.86,HIGH,Rule 1: Cross-artifact validation (LogFile + UsnJrnl),both,True,True,Time Reversal Event,Basic_Info_Changed,3,2,True,False
2023-12-23 00:14:24,spinner_large.png,\Program Files (x86)\Dropbox\Client\189.4.8395\QtQuick\Controls\Styles\Base\images\spinner_large.png,0.05,8714063021.0,0.0,1325167072.0,0.9,0.85,HIGH,Rule 1: Cross-artifact validation (LogFile + UsnJrnl),both,True,True,Time Reversal Event,Basic_Info_Changed,3,2,True,False
2023-12-23 00:14:24,scrollbar-handle-horizontal.png,\Program Files (x86)\Dropbox\Client\189.4.8395\QtQuick\Controls\Styles\Base\images\scrollbar-handle-horizontal.png,0.04,8714058520.0,6.0,1325164280.0,0.9,0.86,HIGH,Rule 1: Cross-artifact validation (LogFile + UsnJrnl),both,True,True,Time Reversal Event,Basic_Info_Changed,3,2,True,False
2023-12-23 00:14:24,spinner_small.png,\Program Files (x86)\Dropbox\Client\189.4.8395\QtQuick\Controls\Styles\Base\images\spinner_small.png,0.05,8714064634.0,4.0,1325168032.0,0.9,0.85,HIGH,Rule 1: Cross-artifact validation (LogFile + UsnJrnl),both,True,True,Time Reversal Event,Basic_Info_Changed,3,2,True,False
2023-12-23 00:14:25,wrapt._wrappers.cp38-win_amd64.pyd,\Program Files (x86)\Dropbox\Client\189.4.8395\wrapt._wrappers.cp38-win_amd64.pyd,0.0699,8714209499.0,0.0,1325248896.0,0.9,0.8301,HIGH,Rule 1: Cross-artifact validation (LogFile + UsnJrnl),both,True,True,Time Reversal Event,Basic_Info_Changed,3,2,True,False
2023-12-23 00:14:24,ComboBoxStyle.qml,\Program Files (x86)\Dropbox\Client\189.4.8395\QtQuick\Controls\Styles\Desktop\ComboBoxStyle.qml,0.05,8714089045.0,6.0,1325182136.0,0.9,0.85,HIGH,Rule 1: Cross-artifact validation (LogFile + UsnJrnl),both,True,True,Time Reversal Event,Basic_Info_Changed,3,2,True,False
2023-12-23 00:14:24,FocusFrameStyle.qml,\Program Files (x86)\Dropbox\Client\189.4.8395\QtQuick\Controls\Styles\Desktop\FocusFrameStyle.qml,0.04,8714089848.0,0.0,1325182640.0,0.9,0.86,HIGH,Rule 1: Cross-artifact validation (LogFile + UsnJrnl),both,True,True,Time Reversal Event,Basic_Info_Changed,3,2,True,False
2023-12-23 00:14:24,TableViewColumn.qml,\Program Files (x86)\Dropbox\Client\189.4.8395\QtQuick\Controls\TableViewColumn.qml,0.05,8714112520.0,0.0,1325195864.0,0.9,0.85,HIGH,Rule 1: Cross-artifact validation (LogFile + UsnJrnl),both,True,True,Time Reversal Event,Basic_Info_Changed,3,2,True,False
2023-12-23 00:14:24,Tab.qml,\Program Files (x86)\Dropbox\Client\189.4.8395\QtQuick\Controls\Tab.qml,0.0999,8714110219.0,4.0,1325194656.0,0.9,0.8001,HIGH,Rule 1: Cross-artifact validation (LogFile + UsnJrnl),both,True,True,Time Reversal Event,Basic_Info_Changed,3,2,True,False
2023-12-23 00:14:24,Switch.qml,\Program Files (x86)\Dropbox\Client\189.4.8395\QtQuick\Controls\Switch.qml,0.08,8714109525.0,2.0,1325194256.0,0.9,0.82,HIGH,Rule 1: Cross-artifact validation (LogFile + UsnJrnl),both,True,True,Time Reversal Event,Basic_Info_Changed,3,2,True,False
2023-12-23 00:14:24,qmldir,\Program Files (x86)\Dropbox\Client\189.4.8395\QtQuick\Controls\Styles\qmldir,0.0899,8714108823.0,0.0,1325193872.0,0.9,0.8101,HIGH,Rule 1: Cross-artifact validation (LogFile + UsnJrnl),both,True,True,Time Reversal Event,Basic_Info_Changed,3,2,True,False
2023-12-23 00:14:24,qtquickextrasflatplugin.dll,\Program Files (x86)\Dropbox\Client\189.4.8395\QtQuick\Controls\Styles\Flat\qtquickextrasflatplugin.dll,0.03,8714108097.0,6.0,1325193416.0,0.9,0.87,HIGH,Rule 1: Cross-artifact validation (LogFile + UsnJrnl),both,True,True,Time Reversal Event,Basic_Info_Changed,3,2,True,False
2023-12-23 00:14:24,qmldir,\Program Files (x86)\Dropbox\Client\189.4.8395\QtQuick\Controls\Styles\Flat\qmldir,0.0899,8714107305.0,4.0,1325192912.0,0.9,0.8101,HIGH,Rule 1: Cross-artifact validation (LogFile + UsnJrnl),both,True,True,Time Reversal Event,Basic_Info_Changed,3,2,True,False
2023-12-23 00:14:24,plugins.qmltypes,\Program Files (x86)\Dropbox\Client\189.4.8395\QtQuick\Controls\Styles\Flat\plugins.qmltypes,0.08,8714106677.0,2.0,1325192504.0,0.9,0.82,HIGH,Rule 1: Cross-artifact validation (LogFile + UsnJrnl),both,True,True,Time Reversal Event,Basic_Info_Changed,3,2,True,False
2023-12-23 00:14:24,TreeViewStyle.qml,\Program Files (x86)\Dropbox\Client\189.4.8395\QtQuick\Controls\Styles\Desktop\TreeViewStyle.qml,0.05,8714105771.0,6.0,1325191976.0,0.9,0.85,HIGH,Rule 1: Cross-artifact validation (LogFile + UsnJrnl),both,True,True,Time Reversal Event,Basic_Info_Changed,3,2,True,False
2023-12-23 00:14:24,ToolButtonStyle.qml,\Program Files (x86)\Dropbox\Client\189.4.8395\QtQuick\Controls\Styles\Desktop\ToolButtonStyle.qml,0.04,8714104969.0,4.0,1325191480.0,0.9,0.86,HIGH,Rule 1: Cross-artifact validation (LogFile + UsnJrnl),both,True,True,Time Reversal Event,Basic_Info_Changed,3,2,True,False
2023-12-23 00:14:24,ToolBarStyle.qml,\Program Files (x86)\Dropbox\Client\189.4.8395\QtQuick\Controls\Styles\Desktop\ToolBarStyle.qml,0.07,8714104109.0,2.0,1325190912.0,0.9,0.83,HIGH,Rule 1: Cross-artifact validation (LogFile + UsnJrnl),both,True,True,Time Reversal Event,Basic_Info_Changed,3,2,True,False
2023-12-23 00:14:24,TextFieldStyle.qml,\Program Files (x86)\Dropbox\Client\189.4.8395\QtQuick\Controls\Styles\Desktop\TextFieldStyle.qml,0.05,8714103309.0,0.0,1325190432.0,0.9,0.85,HIGH,Rule 1: Cross-artifact validation (LogFile + UsnJrnl),both,True,True,Time Reversal Event,Basic_Info_Changed,3,2,True,False
2023-12-23 00:14:24,TextAreaStyle.qml,\Program Files (x86)\Dropbox\Client\189.4.8395\QtQuick\Controls\Styles\Desktop\TextAreaStyle.qml,0.05,8714102501.0,6.0,1325189952.0,0.9,0.85,HIGH,Rule 1: Cross-artifact validation (LogFile + UsnJrnl),both,True,True,Time Reversal Event,Basic_Info_Changed,3,2,True,False
2023-12-23 00:14:24,TableViewStyle.qml,\Program Files (x86)\Dropbox\Client\189.4.8395\QtQuick\Controls\Styles\Desktop\TableViewStyle.qml,0.05,8714100879.0,2.0,1325188992.0,0.9,0.85,HIGH,Rule 1: Cross-artifact validation (LogFile + UsnJrnl),both,True,True,Time Reversal Event,Basic_Info_Changed,3,2,True,False
2023-12-23 00:14:24,SwitchStyle.qml,\Program Files (x86)\Dropbox\Client\189.4.8395\QtQuick\Controls\Styles\Desktop\SwitchStyle.qml,0.07,8714100066.0,0.0,1325188512.0,0.9,0.83,HIGH,Rule 1: Cross-artifact validation (LogFile + UsnJrnl),both,True,True,Time Reversal Event,Basic_Info_Changed,3,2,True,False
2023-12-23 00:14:24,StatusBarStyle.qml,\Program Files (x86)\Dropbox\Client\189.4.8395\QtQuick\Controls\Styles\Desktop\StatusBarStyle.qml,0.05,8714099265.0,6.0,1325188032.0,0.9,0.85,HIGH,Rule 1: Cross-artifact validation (LogFile + UsnJrnl),both,True,True,Time Reversal Event,Basic_Info_Changed,3,2,True,False
2023-12-23 00:14:24,SpinBoxStyle.qml,\Program Files (x86)\Dropbox\Client\189.4.8395\QtQuick\Controls\Styles\Desktop\SpinBoxStyle.qml,0.07,8714097821.0,4.0,1325187552.0,0.9,0.83,HIGH,Rule 1: Cross-artifact validation (LogFile + UsnJrnl),both,True,True,Time Reversal Event,Basic_Info_Changed,3,2,True,False
2023-12-23 00:14:24,SliderStyle.qml,\Program Files (x86)\Dropbox\Client\189.4.8395\QtQuick\Controls\Styles\Desktop\SliderStyle.qml,0.07,8714096964.0,2.0,1325187072.0,0.9,0.83,HIGH,Rule 1: Cross-artifact validation (LogFile + UsnJrnl),both,True,True,Time Reversal Event,Basic_Info_Changed,3,2,True,False
2023-12-23 00:14:24,ScrollViewStyle.qml,\Program Files (x86)\Dropbox\Client\189.4.8395\QtQuick\Controls\Styles\Desktop\ScrollViewStyle.qml,0.04,8714096164.0,0.0,1325186512.0,0.9,0.86,HIGH,Rule 1: Cross-artifact validation (LogFile + UsnJrnl),both,True,True,Time Reversal Event,Basic_Info_Changed,3,2,True,False
2023-12-23 00:14:24,RowItemSingleton.qml,\Program Files (x86)\Dropbox\Client\189.4.8395\QtQuick\Controls\Styles\Desktop\RowItemSingleton.qml,0.04,8714095351.0,6.0,1325185992.0,0.9,0.86,HIGH,Rule 1: Cross-artifact validation (LogFile + UsnJrnl),both,True,True,Time Reversal Event,Basic_Info_Changed,3,2,True,False
2023-12-23 00:14:24,RadioButtonStyle.qml,\Program Files (x86)\Dropbox\Client\189.4.8395\QtQuick\Controls\Styles\Desktop\RadioButtonStyle.qml,0.04,8714094534.0,4.0,1325185472.0,0.9,0.86,HIGH,Rule 1: Cross-artifact validation (LogFile + UsnJrnl),both,True,True,Time Reversal Event,Basic_Info_Changed,3,2,True,False
2023-12-23 00:14:24,qmldir,\Program Files (x86)\Dropbox\Client\189.4.8395\QtQuick\Controls\Styles\Desktop\qmldir,0.0899,8714093760.0,2.0,1325185016.0,0.9,0.8101,HIGH,Rule 1: Cross-artifact validation (LogFile + UsnJrnl),both,True,True,Time Reversal Event,Basic_Info_Changed,3,2,True,False
2023-12-23 00:14:24,ProgressBarStyle.qml,\Program Files (x86)\Dropbox\Client\189.4.8395\QtQuick\Controls\Styles\Desktop\ProgressBarStyle.qml,0.04,8714093131.0,0.0,1325184592.0,0.9,0.86,HIGH,Rule 1: Cross-artifact validation (LogFile + UsnJrnl),both,True,True,Time Reversal Event,Basic_Info_Changed,3,2,True,False
2023-12-23 00:14:24,MenuStyle.qml,\Program Files (x86)\Dropbox\Client\189.4.8395\QtQuick\Controls\Styles\Desktop\MenuStyle.qml,0.07,8714092316.0,6.0,1325184104.0,0.9,0.83,HIGH,Rule 1: Cross-artifact validation (LogFile + UsnJrnl),both,True,True,Time Reversal Event,Basic_Info_Changed,3,2,True,False
2023-12-23 00:14:24,MenuBarStyle.qml,\Program Files (x86)\Dropbox\Client\189.4.8395\QtQuick\Controls\Styles\Desktop\MenuBarStyle.qml,0.07,8714091513.0,4.0,1325183648.0,0.9,0.83,HIGH,Rule 1: Cross-artifact validation (LogFile + UsnJrnl),both,True,True,Time Reversal Event,Basic_Info_Changed,3,2,True,False
2023-12-23 00:14:24,GroupBoxStyle.qml,\Program Files (x86)\Dropbox\Client\189.4.8395\QtQuick\Controls\Styles\Desktop\GroupBoxStyle.qml,0.05,8714090710.0,2.0,1325183168.0,0.9,0.85,HIGH,Rule 1: Cross-artifact validation (LogFile + UsnJrnl),both,True,True,Time Reversal Event,Basic_Info_Changed,3,2,True,False
2023-12-23 00:14:24,qmldir,\Program Files (x86)\Dropbox\Client\189.4.8395\QtQuick\Controls\qmldir,0.0999,8714017532.0,4.0,1325139600.0,0.9,0.8001,HIGH,Rule 1: Cross-artifact validation (LogFile + UsnJrnl),both,True,True,Time Reversal Event,Basic_Info_Changed,3,2,True,False
2023-12-23 00:14:24,scrollbar-handle-transient.png,\Program Files (x86)\Dropbox\Client\189.4.8395\QtQuick\Controls\Styles\Base\images\scrollbar-handle-transient.png,0.04,8714059915.0,0.0,1325164896.0,0.9,0.86,HIGH,Rule 1: Cross-artifact validation (LogFile + UsnJrnl),both,True,True,Time Reversal Event,Basic_Info_Changed,3,2,True,False
2023-12-23 00:14:24,tab.png,\Program Files (x86)\Dropbox\Client\189.4.8395\QtQuick\Controls\Styles\Base\images\tab.png,0.0899,8714065269.0,6.0,1325168464.0,0.9,0.8101,HIGH,Rule 1: Cross-artifact validation (LogFile + UsnJrnl),both,True,True,Time Reversal Event,Basic_Info_Changed,3,2,True,False
2023-12-23 00:14:24,rightanglearrow.png,\Program Files (x86)\Dropbox\Client\189.4.8395\QtQuick\Controls\Styles\Base\images\rightanglearrow.png,0.04,8714057692.0,4.0,1325163688.0,0.9,0.86,HIGH,Rule 1: Cross-artifact validation (LogFile + UsnJrnl),both,True,True,Time Reversal Event,Basic_Info_Changed,3,2,True,False
2023-12-23 00:14:25,user32_native.pyd,\Program Files (x86)\Dropbox\Client\189.4.8395\user32_native.pyd,0.0699,8714182124.0,2.0,1325232856.0,0.9,0.8301,HIGH,Rule 1: Cross-artifact validation (LogFile + UsnJrnl),both,True,True,Time Reversal Event,Basic_Info_Changed,3,2,True,False
2023-12-23 00:14:25,tprt.cp38-win_amd64.pyd,\Program Files (x86)\Dropbox\Client\189.4.8395\tprt.cp38-win_amd64.pyd,0.0599,8714180616.0,6.0,1325231904.0,0.9,0.8401,HIGH,Rule 1: Cross-artifact validation (LogFile + UsnJrnl),both,True,True,Time Reversal Event,Basic_Info_Changed,3,2,True,False
2023-12-23 00:14:25,tornado.speedups.cp38-win_amd64.pyd,\Program Files (x86)\Dropbox\Client\189.4.8395\tornado.speedups.cp38-win_amd64.pyd,0.0699,8714179786.0,4.0,1325231296.0,0.9,0.8301,HIGH,Rule 1: Cross-artifact validation (LogFile + UsnJrnl),both,True,True,Time Reversal Event,Basic_Info_Changed,3,2,True,False
2023-12-23 00:14:25,taskdialog_native.pyd,\Program Files (x86)\Dropbox\Client\189.4.8395\taskdialog_native.pyd,0.0699,8714178953.0,2.0,1325230680.0,0.9,0.8301,HIGH,Rule 1: Cross-artifact validation (LogFile + UsnJrnl),both,True,True,Time Reversal Event,Basic_Info_Changed,3,2,True,False
2023-12-23 00:14:25,libGLESv2.dll,\Program Files (x86)\Dropbox\Client\189.4.8395\swiftshader\libGLESv2.dll,0.07,8714178150.0,0.0,1325230192.0,0.9,0.83,HIGH,Rule 1: Cross-artifact validation (LogFile + UsnJrnl),both,True,True,Time Reversal Event,Basic_Info_Changed,3,2,True,False
2023-12-23 00:14:25,libEGL.dll,\Program Files (x86)\Dropbox\Client\189.4.8395\swiftshader\libEGL.dll,0.06,8714177228.0,6.0,1325229768.0,0.9,0.84,HIGH,Rule 1: Cross-artifact validation (LogFile + UsnJrnl),both,True,True,Time Reversal Event,Basic_Info_Changed,3,2,True,False
2023-12-23 00:14:25,Resources.resw,\Program Files (x86)\Dropbox\Client\189.4.8395\Strings\language-zh-TW\Resources.resw,0.08,8714176101.0,2.0,1325229176.0,0.9,0.82,HIGH,Rule 1: Cross-artifact validation (LogFile + UsnJrnl),both,True,True,Time Reversal Event,Basic_Info_Changed,3,2,True,False
2023-12-23 00:14:25,Resources.resw,\Program Files (x86)\Dropbox\Client\189.4.8395\Strings\language-zh-CN\Resources.resw,0.07,8714174919.0,6.0,1325228560.0,0.9,0.83,HIGH,Rule 1: Cross-artifact validation (LogFile + UsnJrnl),both,True,True,Time Reversal Event,Basic_Info_Changed,3,2,True,False
2023-12-23 00:14:25,Resources.resw,\Program Files (x86)\Dropbox\Client\189.4.8395\Strings\language-uk-UA\Resources.resw,0.08,8714173696.0,2.0,1325227896.0,0.9,0.82,HIGH,Rule 1: Cross-artifact validation (LogFile + UsnJrnl),both,True,True,Time Reversal Event,Basic_Info_Changed,3,2,True,False
2023-12-23 00:14:25,Resources.resw,\Program Files (x86)\Dropbox\Client\189.4.8395\Strings\language-th-TH\Resources.resw,0.07,8714172501.0,6.0,1325227280.0,0.9,0.83,HIGH,Rule 1: Cross-artifact validation (LogFile + UsnJrnl),both,True,True,Time Reversal Event,Basic_Info_Changed,3,2,True,False
2023-12-23 00:14:25,Resources.resw,\Program Files (x86)\Dropbox\Client\189.4.8395\Strings\language-sv-SE\Resources.resw,0.08,8714170668.0,2.0,1325226664.0,0.9,0.82,HIGH,Rule 1: Cross-artifact validation (LogFile + UsnJrnl),both,True,True,Time Reversal Event,Basic_Info_Changed,3,2,True,False
2023-12-23 00:14:25,Resources.resw,\Program Files (x86)\Dropbox\Client\189.4.8395\Strings\language-ru\Resources.resw,0.07,8714169491.0,6.0,1325226048.0,0.9,0.83,HIGH,Rule 1: Cross-artifact validation (LogFile + UsnJrnl),both,True,True,Time Reversal Event,Basic_Info_Changed,3,2,True,False
2023-12-23 00:14:25,Resources.resw,\Program Files (x86)\Dropbox\Client\189.4.8395\Strings\language-pt-BR\Resources.resw,0.08,8714168311.0,2.0,1325225432.0,0.9,0.82,HIGH,Rule 1: Cross-artifact validation (LogFile + UsnJrnl),both,True,True,Time Reversal Event,Basic_Info_Changed,3,2,True,False
2023-12-23 00:14:25,Resources.resw,\Program Files (x86)\Dropbox\Client\189.4.8395\Strings\language-pl\Resources.resw,0.07,8714167136.0,6.0,1325224816.0,0.9,0.83,HIGH,Rule 1: Cross-artifact validation (LogFile + UsnJrnl),both,True,True,Time Reversal Event,Basic_Info_Changed,3,2,True,False
2023-12-23 00:14:25,Resources.resw,\Program Files (x86)\Dropbox\Client\189.4.8395\Strings\language-nl-NL\Resources.resw,0.08,8714165943.0,2.0,1325224200.0,0.9,0.82,HIGH,Rule 1: Cross-artifact validation (LogFile + UsnJrnl),both,True,True,Time Reversal Event,Basic_Info_Changed,3,2,True,False
2023-12-23 00:14:25,Resources.resw,\Program Files (x86)\Dropbox\Client\189.4.8395\Strings\language-ms\Resources.resw,0.08,8714163531.0,2.0,1325222920.0,0.9,0.82,HIGH,Rule 1: Cross-artifact validation (LogFile + UsnJrnl),both,True,True,Time Reversal Event,Basic_Info_Changed,3,2,True,False
2023-12-23 00:14:25,Resources.resw,\Program Files (x86)\Dropbox\Client\189.4.8395\Strings\language-ko\Resources.resw,0.07,8714162359.0,6.0,1325222304.0,0.9,0.83,HIGH,Rule 1: Cross-artifact validation (LogFile + UsnJrnl),both,True,True,Time Reversal Event,Basic_Info_Changed,3,2,True,False
2023-12-23 00:14:25,Resources.resw,\Program Files (x86)\Dropbox\Client\189.4.8395\Strings\language-ja\Resources.resw,0.08,8714161185.0,2.0,1325221688.0,0.9,0.82,HIGH,Rule 1: Cross-artifact validation (LogFile + UsnJrnl),both,True,True,Time Reversal Event,Basic_Info_Changed,3,2,True,False
2023-12-23 00:14:25,Resources.resw,\Program Files (x86)\Dropbox\Client\189.4.8395\Strings\language-it\Resources.resw,0.07,8714159987.0,6.0,1325221072.0,0.9,0.83,HIGH,Rule 1: Cross-artifact validation (LogFile + UsnJrnl),both,True,True,Time Reversal Event,Basic_Info_Changed,3,2,True,False
2023-12-23 00:14:25,win32clipboard.pyd,\Program Files (x86)\Dropbox\Client\189.4.8395\win32clipboard.pyd,0.0599,8714187461.0,6.0,1325235776.0,0.9,0.8401,HIGH,Rule 1: Cross-artifact validation (LogFile + UsnJrnl),both,True,True,Time Reversal Event,Basic_Info_Changed,3,2,True,False
2023-12-23 00:14:25,win32com.shell.shell.pyd,\Program Files (x86)\Dropbox\Client\189.4.8395\win32com.shell.shell.pyd,0.0699,8714188328.0,0.0,1325236336.0,0.9,0.8301,HIGH,Rule 1: Cross-artifact validation (LogFile + UsnJrnl),both,True,True,Time Reversal Event,Basic_Info_Changed,3,2,True,False
2023-12-23 00:14:25,win32event.pyd,\Program Files (x86)\Dropbox\Client\189.4.8395\win32event.pyd,0.0899,8714189127.0,2.0,1325236824.0,0.9,0.8101,HIGH,Rule 1: Cross-artifact validation (LogFile + UsnJrnl),both,True,True,Time Reversal Event,Basic_Info_Changed,3,2,True,False
2023-12-23 00:14:25,win32evtlog.pyd,\Program Files (x86)\Dropbox\Client\189.4.8395\win32evtlog.pyd,0.0899,8714189931.0,4.0,1325237288.0,0.9,0.8101,HIGH,Rule 1: Cross-artifact validation (LogFile + UsnJrnl),both,True,True,Time Reversal Event,Basic_Info_Changed,3,2,True,False
2023-12-23 00:14:25,logo.contrast-black_scale-100.png,\Program Files (x86)\Dropbox\Client\PackageAssets\Assets\logo.contrast-black_scale-100.png,0.06,8714214732.0,6.0,1325252608.0,0.9,0.84,HIGH,Rule 1: Cross-artifact validation (LogFile + UsnJrnl),both,True,True,Time Reversal Event,Basic_Info_Changed,3,2,True,False
2023-12-23 00:14:25,logo.contrast-black.png,\Program Files (x86)\Dropbox\Client\PackageAssets\Assets\logo.contrast-black.png,0.07,8714213907.0,4.0,1325251912.0,0.9,0.83,HIGH,Rule 1: Cross-artifact validation (LogFile + UsnJrnl),both,True,True,Time Reversal Event,Basic_Info_Changed,3,2,True,False
2023-12-23 00:14:25,_yappi.cp38-win_amd64.pyd,\Program Files (x86)\Dropbox\Client\189.4.8395\_yappi.cp38-win_amd64.pyd,0.0699,8714212780.0,0.0,1325251208.0,0.9,0.8301,HIGH,Rule 1: Cross-artifact validation (LogFile + UsnJrnl),both,True,True,Time Reversal Event,Basic_Info_Changed,3,2,True,False
2023-12-23 00:14:25,_win32sysloader.pyd,\Program Files (x86)\Dropbox\Client\189.4.8395\_win32sysloader.pyd,0.0599,8714211968.0,6.0,1325250664.0,0.9,0.8401,HIGH,Rule 1: Cross-artifact validation (LogFile + UsnJrnl),both,True,True,Time Reversal Event,Basic_Info_Changed,3,2,True,False
2023-12-23 00:14:25,_cffi_backend.cp38-win_amd64.pyd,\Program Files (x86)\Dropbox\Client\189.4.8395\_cffi_backend.cp38-win_amd64.pyd,0.0699,8714211149.0,4.0,1325250096.0,0.9,0.8301,HIGH,Rule 1: Cross-artifact validation (LogFile + UsnJrnl),both,True,True,Time Reversal Event,Basic_Info_Changed,3,2,True,False
2023-12-23 00:14:24,progress-indeterminate.png,\Program Files (x86)\Dropbox\Client\189.4.8395\QtQuick\Controls\Styles\Base\images\progress-indeterminate.png,0.04,8714056977.0,2.0,1325163152.0,0.9,0.86,HIGH,Rule 1: Cross-artifact validation (LogFile + UsnJrnl),both,True,True,Time Reversal Event,Basic_Info_Changed,3,2,True,False
2023-12-23 00:14:25,_bowbow.cp38-win_amd64.pyd,\Program Files (x86)\Dropbox\Client\189.4.8395\_bowbow.cp38-win_amd64.pyd,0.0699,8714210325.0,2.0,1325249488.0,0.9,0.8301,HIGH,Rule 1: Cross-artifact validation (LogFile + UsnJrnl),both,True,True,Time Reversal Event,Basic_Info_Changed,3,2,True,False
2023-12-23 00:14:25,ucrtbase.dll,\Program Files (x86)\Dropbox\Client\189.4.8395\ucrtbase.dll,0.0899,8714181351.0,0.0,1325232392.0,0.9,0.8101,HIGH,Rule 1: Cross-artifact validation (LogFile + UsnJrnl),both,True,True,Time Reversal Event,Basic_Info_Changed,3,2,True,False
2023-12-23 00:14:25,Resources.resw,\Program Files (x86)\Dropbox\Client\189.4.8395\Strings\language-nb-NO\Resources.resw,0.07,8714164708.0,6.0,1325223536.0,0.9,0.83,HIGH,Rule 1: Cross-artifact validation (LogFile + UsnJrnl),both,True,True,Time Reversal Event,Basic_Info_Changed,3,2,True,False
2023-12-23 00:14:25,logo.targetsize-40_altform-unplated.png,\Program Files (x86)\Dropbox\Client\PackageAssets\Assets\logo.targetsize-40_altform-unplated.png,0.05,8714267239.0,4.0,1325293568.0,0.9,0.85,HIGH,Rule 1: Cross-artifact validation (LogFile + UsnJrnl),both,True,True,Time Reversal Event,Basic_Info_Changed,3,2,True,False
2023-12-23 00:14:24,arrow-right.png,\Program Files (x86)\Dropbox\Client\189.4.8395\QtQuick\Controls\Styles\Base\images\arrow-right.png,0.07,8714046857.0,4.0,1325156432.0,0.9,0.83,HIGH,Rule 1: Cross-artifact validation (LogFile + UsnJrnl),both,True,True,Time Reversal Event,Basic_Info_Changed,3,2,True,False
2023-12-23 00:14:24,needle.png,\Program Files (x86)\Dropbox\Client\189.4.8395\QtQuick\Controls\Styles\Base\images\needle.png,0.07,8714056186.0,0.0,1325162656.0,0.9,0.83,HIGH,Rule 1: Cross-artifact validation (LogFile + UsnJrnl),both,True,True,Time Reversal Event,Basic_Info_Changed,3,2,True,False
2023-12-23 00:14:24,leftanglearrow.png,\Program Files (x86)\Dropbox\Client\189.4.8395\QtQuick\Controls\Styles\Base\images\leftanglearrow.png,0.05,8714055412.0,6.0,1325162208.0,0.9,0.85,HIGH,Rule 1: Cross-artifact validation (LogFile + UsnJrnl),both,True,True,Time Reversal Event,Basic_Info_Changed,3,2,True,False
2023-12-23 00:14:25,v8_context_snapshot.bin,\Program Files (x86)\Dropbox\Client\189.4.8395\v8_context_snapshot.bin,0.0899,8714182940.0,4.0,1325233384.0,0.9,0.8101,HIGH,Rule 1: Cross-artifact validation (LogFile + UsnJrnl),both,True,True,Time Reversal Event,Basic_Info_Changed,3,2,True,False
2023-12-23 00:14:24,knob.png,\Program Files (x86)\Dropbox\Client\189.4.8395\QtQuick\Controls\Styles\Base\images\knob.png,0.0899,8714054734.0,4.0,1325161760.0,0.9,0.8101,HIGH,Rule 1: Cross-artifact validation (LogFile + UsnJrnl),both,True,True,Time Reversal Event,Basic_Info_Changed,3,2,True,False
2023-12-23 00:14:24,header.png,\Program Files (x86)\Dropbox\Client\189.4.8395\QtQuick\Controls\Styles\Base\images\header.png,0.07,8714054030.0,2.0,1325161360.0,0.9,0.83,HIGH,Rule 1: Cross-artifact validation (LogFile + UsnJrnl),both,True,True,Time Reversal Event,Basic_Info_Changed,3,2,True,False
2023-12-23 00:14:24,groupbox.png,\Program Files (x86)\Dropbox\Client\189.4.8395\QtQuick\Controls\Styles\Base\images\groupbox.png,0.07,8714053425.0,0.0,1325160944.0,0.9,0.83,HIGH,Rule 1: Cross-artifact validation (LogFile + UsnJrnl),both,True,True,Time Reversal Event,Basic_Info_Changed,3,2,True,False
2023-12-23 00:14:24,focusframe.png,\Program Files (x86)\Dropbox\Client\189.4.8395\QtQuick\Controls\Styles\Base\images\focusframe.png,0.07,8714052790.0,6.0,1325160504.0,0.9,0.83,HIGH,Rule 1: Cross-artifact validation (LogFile + UsnJrnl),both,True,True,Time Reversal Event,Basic_Info_Changed,3,2,True,False
2023-12-23 00:14:24,editbox.png,\Program Files (x86)\Dropbox\Client\189.4.8395\QtQuick\Controls\Styles\Base\images\editbox.png,0.07,8714052115.0,4.0,1325160064.0,0.9,0.83,HIGH,Rule 1: Cross-artifact validation (LogFile + UsnJrnl),both,True,True,Time Reversal Event,Basic_Info_Changed,3,2,True,False
2023-12-23 00:14:24,check@2x.png,\Program Files (x86)\Dropbox\Client\189.4.8395\QtQuick\Controls\Styles\Base\images\check@2x.png,0.07,8714051496.0,2.0,1325159624.0,0.9,0.83,HIGH,Rule 1: Cross-artifact validation (LogFile + UsnJrnl),both,True,True,Time Reversal Event,Basic_Info_Changed,3,2,True,False
2023-12-23 00:14:24,button_down.png,\Program Files (x86)\Dropbox\Client\189.4.8395\QtQuick\Controls\Styles\Base\images\button_down.png,0.07,8714050256.0,6.0,1325158768.0,0.9,0.83,HIGH,Rule 1: Cross-artifact validation (LogFile + UsnJrnl),both,True,True,Time Reversal Event,Basic_Info_Changed,3,2,True,False
2023-12-23 00:14:24,button.png,\Program Files (x86)\Dropbox\Client\189.4.8395\QtQuick\Controls\Styles\Base\images\button.png,0.07,8714049519.0,4.0,1325158264.0,0.9,0.83,HIGH,Rule 1: Cross-artifact validation (LogFile + UsnJrnl),both,True,True,Time Reversal Event,Basic_Info_Changed,3,2,True,False
2023-12-23 00:14:24,arrow-up@2x.png,\Program Files (x86)\Dropbox\Client\189.4.8395\QtQuick\Controls\Styles\Base\images\arrow-up@2x.png,0.07,8714048887.0,2.0,1325157832.0,0.9,0.83,HIGH,Rule 1: Cross-artifact validation (LogFile + UsnJrnl),both,True,True,Time Reversal Event,Basic_Info_Changed,3,2,True,False
2023-12-23 00:14:24,arrow-up.png,\Program Files (x86)\Dropbox\Client\189.4.8395\QtQuick\Controls\Styles\Base\images\arrow-up.png,0.07,8714048209.0,0.0,1325157368.0,0.9,0.83,HIGH,Rule 1: Cross-artifact validation (LogFile + UsnJrnl),both,True,True,Time Reversal Event,Basic_Info_Changed,3,2,True,False
2023-12-23 00:14:24,arrow-right@2x.png,\Program Files (x86)\Dropbox\Client\189.4.8395\QtQuick\Controls\Styles\Base\images\arrow-right@2x.png,0.05,8714047572.0,6.0,1325156912.0,0.9,0.85,HIGH,Rule 1: Cross-artifact validation (LogFile + UsnJrnl),both,True,True,Time Reversal Event,Basic_Info_Changed,3,2,True,False
2023-12-23 00:14:24,check.png,\Program Files (x86)\Dropbox\Client\189.4.8395\QtQuick\Controls\Styles\Base\images\check.png,0.0799,8714050888.0,0.0,1325159200.0,0.9,0.8201,HIGH,Rule 1: Cross-artifact validation (LogFile + UsnJrnl),both,True,True,Time Reversal Event,Basic_Info_Changed,3,2,True,False
2023-12-23 00:14:25,vcruntime140.dll,\Program Files (x86)\Dropbox\Client\189.4.8395\vcruntime140.dll,0.0899,8714185129.0,0.0,1325234376.0,0.9,0.8101,HIGH,Rule 1: Cross-artifact validation (LogFile + UsnJrnl),both,True,True,Time Reversal Event,Basic_Info_Changed,3,2,True,False
2023-12-23 00:14:24,arrow-left.png,\Program Files (x86)\Dropbox\Client\189.4.8395\QtQuick\Controls\Styles\Base\images\arrow-left.png,0.07,8714045126.0,0.0,1325155488.0,0.9,0.83,HIGH,Rule 1: Cross-artifact validation (LogFile + UsnJrnl),both,True,True,Time Reversal Event,Basic_Info_Changed,3,2,True,False
2023-12-23 00:14:24,arrow-down@2x.png,\Program Files (x86)\Dropbox\Client\189.4.8395\QtQuick\Controls\Styles\Base\images\arrow-down@2x.png,0.05,8714044424.0,6.0,1325155032.0,0.9,0.85,HIGH,Rule 1: Cross-artifact validation (LogFile + UsnJrnl),both,True,True,Time Reversal Event,Basic_Info_Changed,3,2,True,False
2023-12-23 00:14:24,spinner_medium.png,\Program Files (x86)\Dropbox\Client\189.4.8395\QtQuick\Controls\Styles\Base\images\spinner_medium.png,0.05,8714063821.0,2.0,1325167552.0,0.9,0.85,HIGH,Rule 1: Cross-artifact validation (LogFile + UsnJrnl),both,True,True,Time Reversal Event,Basic_Info_Changed,3,2,True,False
2023-12-23 00:14:24,TabView.qml,\Program Files (x86)\Dropbox\Client\189.4.8395\QtQuick\Controls\TabView.qml,0.08,8714113385.0,4.0,1325196336.0,0.9,0.82,HIGH,Rule 1: Cross-artifact validation (LogFile + UsnJrnl),both,True,True,Time Reversal Event,Basic_Info_Changed,3,2,True,False
2023-12-23 00:14:24,TextArea.qml,\Program Files (x86)\Dropbox\Client\189.4.8395\QtQuick\Controls\TextArea.qml,0.07,8714114549.0,6.0,1325197064.0,0.9,0.83,HIGH,Rule 1: Cross-artifact validation (LogFile + UsnJrnl),both,True,True,Time Reversal Event,Basic_Info_Changed,3,2,True,False
2023-12-23 00:14:25,vccorlib140.dll,\Program Files (x86)\Dropbox\Client\189.4.8395\vccorlib140.dll,0.0799,8714184329.0,6.0,1325233896.0,0.9,0.8201,HIGH,Rule 1: Cross-artifact validation (LogFile + UsnJrnl),both,True,True,Time Reversal Event,Basic_Info_Changed,3,2,True,False
2023-12-23 00:14:24,TabViewStyle.qml,\Program Files (x86)\Dropbox\Client\189.4.8395\QtQuick\Controls\Styles\Desktop\TabViewStyle.qml,0.07,8714101693.0,4.0,1325189472.0,0.9,0.83,HIGH,Rule 1: Cross-artifact validation (LogFile + UsnJrnl),both,True,True,Time Reversal Event,Basic_Info_Changed,3,2,True,False
2023-12-23 00:14:25,logo.targetsize-24.png,\Program Files (x86)\Dropbox\Client\PackageAssets\Assets\logo.targetsize-24.png,0.06,8714238636.0,6.0,1325270664.0,0.9,0.84,HIGH,Rule 1: Cross-artifact validation (LogFile + UsnJrnl),both,True,True,Time Reversal Event,Basic_Info_Changed,3,2,True,False
2023-12-23 00:14:25,logo.targetsize-24_altform-unplated.png,\Program Files (x86)\Dropbox\Client\PackageAssets\Assets\logo.targetsize-24_altform-unplated.png,0.05,8714239373.0,0.0,1325271304.0,0.9,0.85,HIGH,Rule 1: Cross-artifact validation (LogFile + UsnJrnl),both,True,True,Time Reversal Event,Basic_Info_Changed,3,2,True,False
2023-12-23 00:14:25,win32api.pyd,\Program Files (x86)\Dropbox\Client\189.4.8395\win32api.pyd,0.0899,8714186676.0,4.0,1325235312.0,0.9,0.8101,HIGH,Rule 1: Cross-artifact validation (LogFile + UsnJrnl),both,True,True,Time Reversal Event,Basic_Info_Changed,3,2,True,False
2023-12-23 00:14:25,vcruntime140_1.dll,\Program Files (x86)\Dropbox\Client\189.4.8395\vcruntime140_1.dll,0.0699,8714185942.0,2.0,1325234856.0,0.9,0.8301,HIGH,Rule 1: Cross-artifact validation (LogFile + UsnJrnl),both,True,True,Time Reversal Event,Basic_Info_Changed,3,2,True,False
2023-12-23 00:14:24,arrow-left@2x.png,\Program Files (x86)\Dropbox\Client\189.4.8395\QtQuick\Controls\Styles\Base\images\arrow-left@2x.png,0.05,8714046152.0,2.0,1325155952.0,0.9,0.85,HIGH,Rule 1: Cross-artifact validation (LogFile + UsnJrnl),both,True,True,Time Reversal Event,Basic_Info_Changed,3,2,True,False
,DeltaPackageManifest.xml,,0.2492,8727731892.0,2.0,,0.75,0.5008,HIGH,Rule 3: Zero nanoseconds pattern detected,logfile_only,True,False,Time Reversal Event,,2,1,True,False
,stream.x64.x-none.delta02.hash,,0.2492,8727695961.0,2.0,,0.75,0.5008,HIGH,Rule 3: Zero nanoseconds pattern detected,logfile_only,True,False,Time Reversal Event,,2,1,True,False
,stream.x64.x-none.delta02.db,,0.2393,8727695216.0,0.0,,0.75,0.5107,HIGH,Rule 3: Zero nanoseconds pattern detected,logfile_only,True,False,Time Reversal Event,,2,1,True,False
,sd640.delta02.hash,,0.2093,8727693682.0,6.0,,0.75,0.5407,HIGH,Rule 3: Zero nanoseconds pattern detected,logfile_only,True,False,Time Reversal Event,,2,1,True,False
,stream.x64.x-none.delta02.dat.cat,,0.2492,8727694398.0,2.0,,0.75,0.5008,HIGH,Rule 3: Zero nanoseconds pattern detected,logfile_only,True,False,Time Reversal Event,,2,1,True,False
,MasterDescriptor.x-none.xml,,0.2196,8727714761.0,4.0,,0.75,0.5304,HIGH,Rule 3: Zero nanoseconds pattern detected,logfile_only,True,False,Time Reversal Event,,2,1,True,False
,MasterDescriptor.x-none.xml,,0.2196,8727692861.0,0.0,,0.75,0.5304,HIGH,Rule 3: Zero nanoseconds pattern detected,logfile_only,True,False,Time Reversal Event,,2,1,True,False
,stream.x64.x-none.delta02.man.dat,,0.2592,8727696623.0,4.0,,0.75,0.4908,HIGH,Rule 3: Zero nanoseconds pattern detected,logfile_only,True,False,Time Reversal Event,,2,1,True,False
,stream.x64.x-none.delta03.man.dat,,0.2592,8727718526.0,4.0,,0.75,0.4908,HIGH,Rule 3: Zero nanoseconds pattern detected,logfile_only,True,False,Time Reversal Event,,2,1,True,False
,sd640.delta03.hash,,0.2393,8727715586.0,2.0,,0.75,0.5107,HIGH,Rule 3: Zero nanoseconds pattern detected,logfile_only,True,False,Time Reversal Event,,2,1,True,False
,stream.x64.x-none.delta03.dat.cat,,0.2492,8727716291.0,4.0,,0.75,0.5008,HIGH,Rule 3: Zero nanoseconds pattern detected,logfile_only,True,False,Time Reversal Event,,2,1,True,False
,safety_tips.pb,\Users\blueangel\AppData\Local\Microsoft\Edge\User Data\SafetyTips\3012\safety_tips.pb,0.0997,8727739370.0,4.0,,0.75,0.6503,HIGH,Rule 3: Zero nanoseconds pattern detected,logfile_only,True,False,Time Reversal Event,,2,1,True,False
,stream.x64.x-none.delta03.db,,0.2393,8727717166.0,0.0,,0.75,0.5107,HIGH,Rule 3: Zero nanoseconds pattern detected,logfile_only,True,False,Time Reversal Event,,2,1,True,False
,stream.x64.x-none.delta03.hash,,0.2492,8727717857.0,4.0,,0.75,0.5008,HIGH,Rule 3: Zero nanoseconds pattern detected,logfile_only,True,False,Time Reversal Event,,2,1,True,False
,d641042.hash,,0.2592,8727731037.0,2.0,,0.75,0.4908,HIGH,Rule 3: Zero nanoseconds pattern detected,logfile_only,True,False,Time Reversal Event,,2,1,True,False
,manifest.json,\Users\blueangel\AppData\Local\Microsoft\Edge\User Data\SafetyTips\3012\manifest.json,0.0997,8727738451.0,6.0,,0.75,0.6503,HIGH,Rule 3: Zero nanoseconds pattern detected,logfile_only,True,False,Time Reversal Event,,2,1,True,False
,stream.x64.x-none.delta01.man.dat,,0.2592,8727677055.0,0.0,,0.75,0.4908,HIGH,Rule 3: Zero nanoseconds pattern detected,logfile_only,True,False,Time Reversal Event,,2,1,True,False
,BITB4B8.tmp,,0.0998,8727689649.0,6.0,,0.75,0.6502,HIGH,Rule 3: Zero nanoseconds pattern detected,logfile_only,True,False,Time Reversal Event & Changing FileAttribute,,2,1,True,False
,MasterDescriptor.x-none.xml,,0.2196,8727621713.0,0.0,,0.75,0.5304,HIGH,Rule 3: Zero nanoseconds pattern detected,logfile_only,True,False,Time Reversal Event,,2,1,True,False
,stream.x64.x-none.delta01.hash,,0.2492,8727676390.0,2.0,,0.75,0.5008,HIGH,Rule 3: Zero nanoseconds pattern detected,logfile_only,True,False,Time Reversal Event,,2,1,True,False
,stream.x64.x-none.delta01.db,,0.2393,8727675702.0,0.0,,0.75,0.5107,HIGH,Rule 3: Zero nanoseconds pattern detected,logfile_only,True,False,Time Reversal Event,,2,1,True,False
,BIT93F1.tmp,,0.1098,8727604353.0,2.0,,0.75,0.6402,HIGH,Rule 3: Zero nanoseconds pattern detected,logfile_only,True,False,Time Reversal Event & Changing FileAttribute,,2,1,True,False
,Staging,\Users\blueangel\AppData\Local\Microsoft\Edge\User Data\Trust Protection Lists\1.0.0.25\Sigma\Staging,0.1097,8727599074.0,2.0,,0.75,0.6403,HIGH,Rule 3: Zero nanoseconds pattern detected,logfile_only,True,False,Time Reversal Event,,2,1,True,False
,verified_contents.json,\Users\blueangel\AppData\Local\Microsoft\Edge\User Data\SafetyTips\3012\_metadata\verified_contents.json,0.0897,8727741514.0,4.0,,0.75,0.6603,HIGH,Rule 3: Zero nanoseconds pattern detected,logfile_only,True,False,Time Reversal Event,,2,1,True,False
,d640.hash,,0.2492,8727609416.0,0.0,,0.75,0.5008,HIGH,Rule 3: Zero nanoseconds pattern detected,logfile_only,True,False,Time Reversal Event,,2,1,True,False
,DeltaPackageManifest.xml,,0.2492,8727609979.0,4.0,,0.75,0.5008,HIGH,Rule 3: Zero nanoseconds pattern detected,logfile_only,True,False,Time Reversal Event,,2,1,True,False
,sd640.delta00.hash,,0.2393,8727622530.0,0.0,,0.75,0.5107,HIGH,Rule 3: Zero nanoseconds pattern detected,logfile_only,True,False,Time Reversal Event,,2,1,True,False
,stream.x64.x-none.delta00.dat.cat,,0.2492,8727623245.0,2.0,,0.75,0.5008,HIGH,Rule 3: Zero nanoseconds pattern detected,logfile_only,True,False,Time Reversal Event,,2,1,True,False
,stream.x64.x-none.delta00.db,,0.2393,8727624543.0,0.0,,0.75,0.5107,HIGH,Rule 3: Zero nanoseconds pattern detected,logfile_only,True,False,Time Reversal Event,,2,1,True,False
,stream.x64.x-none.delta00.hash,,0.2093,8727625239.0,6.0,,0.75,0.5407,HIGH,Rule 3: Zero nanoseconds pattern detected,logfile_only,True,False,Time Reversal Event,,2,1,True,False
,stream.x64.x-none.delta00.man.dat,,0.2492,8727626602.0,0.0,,0.75,0.5008,HIGH,Rule 3: Zero nanoseconds pattern detected,logfile_only,True,False,Time Reversal Event,,2,1,True,False
,data.txt,\Users\blueangel\AppData\Local\Microsoft\Edge\User Data\EADPData Component\4.0.2.35\data.txt,0.0997,8727634802.0,0.0,,0.75,0.6503,HIGH,Rule 3: Zero nanoseconds pattern detected,logfile_only,True,False,Time Reversal Event,,2,1,True,False
,manifest.json,\Users\blueangel\AppData\Local\Microsoft\Edge\User Data\EADPData Component\4.0.2.35\manifest.json,0.0997,8727635430.0,0.0,,0.75,0.6503,HIGH,Rule 3: Zero nanoseconds pattern detected,logfile_only,True,False,Time Reversal Event,,2,1,True,False
,MasterDescriptor.x-none.xml,,0.2196,8727673287.0,4.0,,0.75,0.5304,HIGH,Rule 3: Zero nanoseconds pattern detected,logfile_only,True,False,Time Reversal Event,,2,1,True,False
,sd640.delta01.hash,,0.2393,8727674112.0,4.0,,0.75,0.5107,HIGH,Rule 3: Zero nanoseconds pattern detected,logfile_only,True,False,Time Reversal Event,,2,1,True,False
,stream.x64.x-none.delta01.dat.cat,,0.2193,8727674871.0,6.0,,0.75,0.5307,HIGH,Rule 3: Zero nanoseconds pattern detected,logfile_only,True,False,Time Reversal Event,,2,1,True,False
,typosquatting_list.pb,\Users\blueangel\AppData\Local\Microsoft\Edge\User Data\SafetyTips\3012\typosquatting_list.pb,0.0897,8727740424.0,2.0,,0.75,0.6603,HIGH,Rule 3: Zero nanoseconds pattern detected,logfile_only,True,False,Time Reversal Event,,2,1,True,False
,BITE5BD.tmp,,0.1197,8727876759.0,4.0,,0.75,0.6303,HIGH,Rule 3: Zero nanoseconds pattern detected,logfile_only,True,False,Time Reversal Event & Changing FileAttribute,,2,1,True,False
,BITC544.tmp,,0.0998,8727747152.0,6.0,,0.75,0.6502,HIGH,Rule 3: Zero nanoseconds pattern detected,logfile_only,True,False,Time Reversal Event & Changing FileAttribute,,2,1,True,False
,deny_domains.list,\Users\blueangel\AppData\Local\Microsoft\Edge\User Data\Web Notifications Deny List\2.0.0.8\deny_domains.list,0.0897,8727819606.0,6.0,,0.75,0.6603,HIGH,Rule 3: Zero nanoseconds pattern detected,logfile_only,True,False,Time Reversal Event,,2,1,True,False
,deny_full_domains.list,\Users\blueangel\AppData\Local\Microsoft\Edge\User Data\Web Notifications Deny List\2.0.0.8\deny_full_domains.list,0.0897,8727821218.0,0.0,,0.75,0.6603,HIGH,Rule 3: Zero nanoseconds pattern detected,logfile_only,True,False,Time Reversal Event,,2,1,True,False
,manifest.json,\Users\blueangel\AppData\Local\Microsoft\Edge\User Data\Web Notifications Deny List\2.0.0.8\manifest.json,0.0997,8727821792.0,0.0,,0.75,0.6503,HIGH,Rule 3: Zero nanoseconds pattern detected,logfile_only,True,False,Time Reversal Event,,2,1,True,False
,MasterDescriptor.ko-kr.xml,,0.1996,8727827638.0,6.0,,0.75,0.5504,HIGH,Rule 3: Zero nanoseconds pattern detected,logfile_only,True,False,Time Reversal Event,,2,1,True,False
,sd641042.delta03.hash,,0.2393,8727828459.0,0.0,,0.75,0.5107,HIGH,Rule 3: Zero nanoseconds pattern detected,logfile_only,True,False,Time Reversal Event,,2,1,True,False
,stream.x64.ko-kr.delta03.dat.cat,,0.2592,8727829174.0,0.0,,0.75,0.4908,HIGH,Rule 3: Zero nanoseconds pattern detected,logfile_only,True,False,Time Reversal Event,,2,1,True,False
,stream.x64.ko-kr.delta03.db,,0.2393,8727829985.0,2.0,,0.75,0.5107,HIGH,Rule 3: Zero nanoseconds pattern detected,logfile_only,True,False,Time Reversal Event,,2,1,True,False
,stream.x64.ko-kr.delta03.hash,,0.2492,8727830591.0,4.0,,0.75,0.5008,HIGH,Rule 3: Zero nanoseconds pattern detected,logfile_only,True,False,Time Reversal Event,,2,1,True,False
,stream.x64.ko-kr.delta03.man.dat,,0.2692,8727831252.0,0.0,,0.75,0.4808,HIGH,Rule 3: Zero nanoseconds pattern detected,logfile_only,True,False,Time Reversal Event,,2,1,True,False
,manifest.json,\Users\blueangel\AppData\Local\Microsoft\Edge\User Data\WorkspacesNavigationComponent\1.0.0.5\manifest.json,0.1097,8727892464.0,0.0,,0.75,0.6403,HIGH,Rule 3: Zero nanoseconds pattern detected,logfile_only,True,False,Time Reversal Event,,2,1,True,False
,nav_config.json,\Users\blueangel\AppData\Local\Microsoft\Edge\User Data\WorkspacesNavigationComponent\1.0.0.5\nav_config.json,0.1097,8727893116.0,0.0,,0.75,0.6403,HIGH,Rule 3: Zero nanoseconds pattern detected,logfile_only,True,False,Time Reversal Event,,2,1,True,False
,BIT1654.tmp,,0.1098,8728122532.0,4.0,,0.75,0.6402,HIGH,Rule 3: Zero nanoseconds pattern detected,logfile_only,True,False,Time Reversal Event & Changing FileAttribute,,2,1,True,False
,wallet-checkout-eligible-sites.json,\Users\blueangel\AppData\Local\Microsoft\Edge\User Data\Edge Wallet\120.16978.16963.8\json\wallet\wallet-checkout-eligible-sites.json,0.0897,8728354326.0,0.0,,0.75,0.6603,HIGH,Rule 3: Zero nanoseconds pattern detected,logfile_only,True,False,Time Reversal Event,,2,1,True,False
,BIT7E85.tmp,,0.1197,8728628274.0,0.0,,0.75,0.6303,HIGH,Rule 3: Zero nanoseconds pattern detected,logfile_only,True,False,Time Reversal Event & Changing FileAttribute,,2,1,True,False
,Other,\Users\blueangel\AppData\Local\Microsoft\Edge\User Data\Trust Protection Lists\1.0.0.25\Sigma\Other,0.1097,8727597830.0,4.0,,0.75,0.6403,HIGH,Rule 3: Zero nanoseconds pattern detected,logfile_only,True,False,Time Reversal Event,,2,1,True,False
,BIT5C54.tmp,,0.1098,8729128146.0,6.0,,0.75,0.6402,HIGH,Rule 3: Zero nanoseconds pattern detected,logfile_only,True,False,Time Reversal Event & Changing FileAttribute,,2,1,True,False
,deny_etld1_domains.list,\Users\blueangel\AppData\Local\Microsoft\Edge\User Data\Web Notifications Deny List\2.0.0.8\deny_etld1_domains.list,0.0897,8727820260.0,2.0,,0.75,0.6603,HIGH,Rule 3: Zero nanoseconds pattern detected,logfile_only,True,False,Time Reversal Event,,2,1,True,False
,stream.x64.ko-kr.delta02.man.dat,,0.2692,8727799166.0,0.0,,0.75,0.4808,HIGH,Rule 3: Zero nanoseconds pattern detected,logfile_only,True,False,Time Reversal Event,,2,1,True,False
,MasterDescriptor.ko-kr.xml,,0.2196,8727749181.0,4.0,,0.75,0.5304,HIGH,Rule 3: Zero nanoseconds pattern detected,logfile_only,True,False,Time Reversal Event,,2,1,True,False
,stream.x64.ko-kr.delta02.hash,,0.2492,8727798509.0,4.0,,0.75,0.5008,HIGH,Rule 3: Zero nanoseconds pattern detected,logfile_only,True,False,Time Reversal Event,,2,1,True,False
,sd641042.delta00.hash,,0.2393,8727750006.0,0.0,,0.75,0.5107,HIGH,Rule 3: Zero nanoseconds pattern detected,logfile_only,True,False,Time Reversal Event,,2,1,True,False
,stream.x64.ko-kr.delta00.dat.cat,,0.2592,8727750721.0,2.0,,0.75,0.4908,HIGH,Rule 3: Zero nanoseconds pattern detected,logfile_only,True,False,Time Reversal Event,,2,1,True,False
,stream.x64.ko-kr.delta00.db,,0.2093,8727751713.0,6.0,,0.75,0.5407,HIGH,Rule 3: Zero nanoseconds pattern detected,logfile_only,True,False,Time Reversal Event,,2,1,True,False
,stream.x64.ko-kr.delta00.hash,,0.2492,8727752401.0,2.0,,0.75,0.5008,HIGH,Rule 3: Zero nanoseconds pattern detected,logfile_only,True,False,Time Reversal Event,,2,1,True,False
,stream.x64.ko-kr.delta00.man.dat,,0.2692,8727753666.0,4.0,,0.75,0.4808,HIGH,Rule 3: Zero nanoseconds pattern detected,logfile_only,True,False,Time Reversal Event,,2,1,True,False
,MasterDescriptor.ko-kr.xml,,0.2196,8727779266.0,4.0,,0.75,0.5304,HIGH,Rule 3: Zero nanoseconds pattern detected,logfile_only,True,False,Time Reversal Event,,2,1,True,False
,sd641042.delta01.hash,,0.2093,8727780095.0,6.0,,0.75,0.5407,HIGH,Rule 3: Zero nanoseconds pattern detected,logfile_only,True,False,Time Reversal Event,,2,1,True,False
,stream.x64.ko-kr.delta01.dat.cat,,0.2592,8727780802.0,2.0,,0.75,0.4908,HIGH,Rule 3: Zero nanoseconds pattern detected,logfile_only,True,False,Time Reversal Event,,2,1,True,False
,stream.x64.ko-kr.delta01.db,,0.2393,8727781572.0,4.0,,0.75,0.5107,HIGH,Rule 3: Zero nanoseconds pattern detected,logfile_only,True,False,Time Reversal Event,,2,1,True,False
,stream.x64.ko-kr.delta01.hash,,0.2193,8727782166.0,6.0,,0.75,0.5307,HIGH,Rule 3: Zero nanoseconds pattern detected,logfile_only,True,False,Time Reversal Event,,2,1,True,False
,stream.x64.ko-kr.delta01.man.dat,,0.2692,8727782823.0,4.0,,0.75,0.4808,HIGH,Rule 3: Zero nanoseconds pattern detected,logfile_only,True,False,Time Reversal Event,,2,1,True,False
,MasterDescriptor.ko-kr.xml,,0.2196,8727795556.0,0.0,,0.75,0.5304,HIGH,Rule 3: Zero nanoseconds pattern detected,logfile_only,True,False,Time Reversal Event,,2,1,True,False
,sd641042.delta02.hash,,0.2393,8727796385.0,0.0,,0.75,0.5107,HIGH,Rule 3: Zero nanoseconds pattern detected,logfile_only,True,False,Time Reversal Event,,2,1,True,False
,stream.x64.ko-kr.delta02.dat.cat,,0.2592,8727797092.0,2.0,,0.75,0.4908,HIGH,Rule 3: Zero nanoseconds pattern detected,logfile_only,True,False,Time Reversal Event,,2,1,True,False
,stream.x64.ko-kr.delta02.db,,0.2393,8727797866.0,0.0,,0.75,0.5107,HIGH,Rule 3: Zero nanoseconds pattern detected,logfile_only,True,False,Time Reversal Event,,2,1,True,False
,Social,\Users\blueangel\AppData\Local\Microsoft\Edge\User Data\Trust Protection Lists\1.0.0.25\Sigma\Social,0.1097,8727598442.0,4.0,,0.75,0.6403,HIGH,Rule 3: Zero nanoseconds pattern detected,logfile_only,True,False,Time Reversal Event,,2,1,True,False
,SETE97E.tmp,\Windows\System32\SETE97E.tmp,0.1596,8714737932.0,6.0,,0.75,0.5904,HIGH,Rule 3: Zero nanoseconds pattern detected,logfile_only,True,False,Time Reversal Event,,2,1,True,False
,LICENSE,\Users\blueangel\AppData\Local\Microsoft\Edge\User Data\Trust Protection Lists\1.0.0.25\Sigma\LICENSE,0.1097,8727597302.0,6.0,,0.75,0.6403,HIGH,Rule 3: Zero nanoseconds pattern detected,logfile_only,True,False,Time Reversal Event,,2,1,True,False
,Part-NL,\Users\blueangel\AppData\Local\Microsoft\Edge\User Data\Subresource Filter\Unindexed Rules\10.34.0.52\Part-NL,0.0997,8726936771.0,2.0,,0.75,0.6503,HIGH,Rule 3: Zero nanoseconds pattern detected,logfile_only,True,False,Time Reversal Event,,2,1,True,False
,Filtering Rules-CA,\Users\blueangel\AppData\Local\Microsoft\Edge\User Data\Subresource Filter\Unindexed Rules\10.34.0.52\Filtering Rules-CA,0.0897,8726930312.0,4.0,,0.75,0.6603,HIGH,Rule 3: Zero nanoseconds pattern detected,logfile_only,True,False,Time Reversal Event,,2,1,True,False
,LICENSE,\Users\blueangel\AppData\Local\Microsoft\Edge\User Data\Subresource Filter\Unindexed Rules\10.34.0.52\LICENSE,0.0997,8726931056.0,6.0,,0.75,0.6503,HIGH,Rule 3: Zero nanoseconds pattern detected,logfile_only,True,False,Time Reversal Event,,2,1,True,False
,manifest.json,\Users\blueangel\AppData\Local\Microsoft\Edge\User Data\Subresource Filter\Unindexed Rules\10.34.0.52\manifest.json,0.0997,8726931679.0,0.0,,0.75,0.6503,HIGH,Rule 3: Zero nanoseconds pattern detected,logfile_only,True,False,Time Reversal Event,,2,1,True,False
,Part-DE,\Users\blueangel\AppData\Local\Microsoft\Edge\User Data\Subresource Filter\Unindexed Rules\10.34.0.52\Part-DE,0.0997,8726932549.0,2.0,,0.75,0.6503,HIGH,Rule 3: Zero nanoseconds pattern detected,logfile_only,True,False,Time Reversal Event,,2,1,True,False
,Part-ES,\Users\blueangel\AppData\Local\Microsoft\Edge\User Data\Subresource Filter\Unindexed Rules\10.34.0.52\Part-ES,0.0997,8726933493.0,4.0,,0.75,0.6503,HIGH,Rule 3: Zero nanoseconds pattern detected,logfile_only,True,False,Time Reversal Event,,2,1,True,False
,Part-FR,\Users\blueangel\AppData\Local\Microsoft\Edge\User Data\Subresource Filter\Unindexed Rules\10.34.0.52\Part-FR,0.0997,8726934869.0,6.0,,0.75,0.6503,HIGH,Rule 3: Zero nanoseconds pattern detected,logfile_only,True,False,Time Reversal Event,,2,1,True,False
,Part-IT,\Users\blueangel\AppData\Local\Microsoft\Edge\User Data\Subresource Filter\Unindexed Rules\10.34.0.52\Part-IT,0.0997,8726935958.0,0.0,,0.75,0.6503,HIGH,Rule 3: Zero nanoseconds pattern detected,logfile_only,True,False,Time Reversal Event,,2,1,True,False
,Part-RU,\Users\blueangel\AppData\Local\Microsoft\Edge\User Data\Subresource Filter\Unindexed Rules\10.34.0.52\Part-RU,0.0997,8726938820.0,4.0,,0.75,0.6503,HIGH,Rule 3: Zero nanoseconds pattern detected,logfile_only,True,False,Time Reversal Event,,2,1,True,False
,Fingerprinting,\Users\blueangel\AppData\Local\Microsoft\Edge\User Data\Trust Protection Lists\1.0.0.25\Sigma\Fingerprinting,0.1097,8727596748.0,6.0,,0.75,0.6403,HIGH,Rule 3: Zero nanoseconds pattern detected,logfile_only,True,False,Time Reversal Event,,2,1,True,False
,Part-ZH,\Users\blueangel\AppData\Local\Microsoft\Edge\User Data\Subresource Filter\Unindexed Rules\10.34.0.52\Part-ZH,0.0997,8726940395.0,6.0,,0.75,0.6503,HIGH,Rule 3: Zero nanoseconds pattern detected,logfile_only,True,False,Time Reversal Event,,2,1,True,False
,LICENSE,\Users\blueangel\AppData\Local\Microsoft\Edge\User Data\Subresource Filter\Indexed Rules\35\10.34.0.52\LICENSE,0.0997,8726947995.0,0.0,,0.75,0.6503,HIGH,Rule 3: Zero nanoseconds pattern detected,logfile_only,True,False,Time Reversal Event,,2,1,True,False
,BIT30EE.tmp,,0.1098,8726949656.0,4.0,,0.75,0.6402,HIGH,Rule 3: Zero nanoseconds pattern detected,logfile_only,True,False,Time Reversal Event & Changing FileAttribute,,2,1,True,False
,i640.c2rx.hash,,0.2193,8726971312.0,6.0,,0.75,0.5307,HIGH,Rule 3: Zero nanoseconds pattern detected,logfile_only,True,False,Time Reversal Event,,2,1,True,False
,MasterDescriptor.x-none.xml,,0.2196,8726972250.0,0.0,,0.75,0.5304,HIGH,Rule 3: Zero nanoseconds pattern detected,logfile_only,True,False,Time Reversal Event,,2,1,True,False
,s640.hash,,0.2393,8726972916.0,2.0,,0.75,0.5107,HIGH,Rule 3: Zero nanoseconds pattern detected,logfile_only,True,False,Time Reversal Event,,2,1,True,False
,stream.x64.x-none.dat.cat,,0.2393,8726973844.0,4.0,,0.75,0.5107,HIGH,Rule 3: Zero nanoseconds pattern detected,logfile_only,True,False,Time Reversal Event,,2,1,True,False
,Filtering Rules-AA,\Users\blueangel\AppData\Local\Microsoft\Edge\User Data\Subresource Filter\Unindexed Rules\10.34.0.52\Filtering Rules-AA,0.0897,8726929725.0,2.0,,0.75,0.6603,HIGH,Rule 3: Zero nanoseconds pattern detected,logfile_only,True,False,Time Reversal Event,,2,1,True,False
,Filtering Rules,\Users\blueangel\AppData\Local\Microsoft\Edge\User Data\Subresource Filter\Unindexed Rules\10.34.0.52\Filtering Rules,0.0997,8726928196.0,0.0,,0.75,0.6503,HIGH,Rule 3: Zero nanoseconds pattern detected,logfile_only,True,False,Time Reversal Event,,2,1,True,False
,adblock_snippet.js,\Users\blueangel\AppData\Local\Microsoft\Edge\User Data\Subresource Filter\Unindexed Rules\10.34.0.52\adblock_snippet.js,0.0897,8726924783.0,4.0,,0.75,0.6603,HIGH,Rule 3: Zero nanoseconds pattern detected,logfile_only,True,False,Time Reversal Event,,2,1,True,False
,BITFF3E.tmp,,0.1098,8726872099.0,6.0,,0.75,0.6402,HIGH,Rule 3: Zero nanoseconds pattern detected,logfile_only,True,False,Time Reversal Event & Changing FileAttribute,,2,1,True,False
2023-12-23 00:14:25,Dropbox.msix <Guessed>,\Program Files (x86)\Dropbox\Client\PackageAssets\Dropbox.msix,0.04,8714349587.0,2.0,,0.75,0.71,HIGH,Rule 3: Zero nanoseconds pattern detected,logfile_only,True,False,Time Reversal Event,,2,1,True,False
,python-packages.zip,\Program Files (x86)\Dropbox\Client\189.4.8395\python-packages.zip,0.1696,8713926679.0,2.0,,0.75,0.5804,HIGH,Rule 3: Zero nanoseconds pattern detected,logfile_only,True,False,Time Reversal Event,,2,1,True,False
,python38.dll,\Program Files (x86)\Dropbox\Client\189.4.8395\python38.dll,0.2894,8713929257.0,6.0,,0.75,0.4606,HIGH,Rule 3: Zero nanoseconds pattern detected,logfile_only,True,False,Time Reversal Event,,2,1,True,False
,TableView.qml,\Program Files (x86)\Dropbox\Client\189.4.8395\QtQuick\Controls\TableView.qml,0.1097,8714110998.0,6.0,,0.75,0.6403,HIGH,Rule 3: Zero nanoseconds pattern detected,logfile_only,True,False,Time Reversal Event,,2,1,True,False
,TextField.qml,\Program Files (x86)\Dropbox\Client\189.4.8395\QtQuick\Controls\TextField.qml,0.1197,8714115536.0,2.0,,0.75,0.6303,HIGH,Rule 3: Zero nanoseconds pattern detected,logfile_only,True,False,Time Reversal Event,,2,1,True,False
,TreeView.qml,\Program Files (x86)\Dropbox\Client\189.4.8395\QtQuick\Controls\TreeView.qml,0.1197,8714119122.0,0.0,,0.75,0.6303,HIGH,Rule 3: Zero nanoseconds pattern detected,logfile_only,True,False,Time Reversal Event,,2,1,True,False
,qmldir,\Program Files (x86)\Dropbox\Client\189.4.8395\QtQuick\Window.2\qmldir,0.1197,8714126646.0,2.0,,0.75,0.6303,HIGH,Rule 3: Zero nanoseconds pattern detected,logfile_only,True,False,Time Reversal Event,,2,1,True,False
,DropboxExt64.69.0.dll,\Program Files (x86)\Dropbox\Client\DropboxExt64.69.0.dll,0.3192,8714353696.0,0.0,,0.75,0.4308,HIGH,Rule 3: Zero nanoseconds pattern detected,logfile_only,True,False,Time Reversal Event,,2,1,True,False
,Dropbox.VisualElementsManifest.xml,\Program Files (x86)\Dropbox\Client\Dropbox.VisualElementsManifest.xml,0.1993,8714355322.0,2.0,,0.75,0.5507,HIGH,Rule 3: Zero nanoseconds pattern detected,logfile_only,True,False,Time Reversal Event,,2,1,True,False
,resources.pri,\Program Files (x86)\Dropbox\Client\resources.pri,0.1793,8714356773.0,4.0,,0.75,0.5707,HIGH,Rule 3: Zero nanoseconds pattern detected,logfile_only,True,False,Time Reversal Event,,2,1,True,False
,DropboxUninstaller.exe,\Program Files (x86)\Dropbox\Client\DropboxUninstaller.exe,0.3192,8714358747.0,0.0,,0.75,0.4308,HIGH,Rule 3: Zero nanoseconds pattern detected,logfile_only,True,False,Time Reversal Event,,2,1,True,False
,SETE97E.tmp,\Windows\System32\SETE97E.tmp,0.1696,8714738229.0,6.0,,0.75,0.5804,HIGH,Rule 3: Zero nanoseconds pattern detected,logfile_only,True,False,Time Reversal Event,,2,1,True,False
,BITE1E8.tmp,\ProgramData\Mozilla-1de4eec8-1241-4177-a864-e594e8d1fb38\updates\308046B0AF4A39CB\updates\downloading\BITE1E8.tmp,0.0299,8724563307.0,2.0,,0.75,0.7201,HIGH,Rule 3: Zero nanoseconds pattern detected,logfile_only,True,False,Time Reversal Event & Changing FileAttribute,,2,1,True,False
,user.txt,\Users\blueangel\AppData\Local\Temp\RarSFX1\user.txt,0.1197,8724882970.0,0.0,,0.75,0.6303,HIGH,Rule 3: Zero nanoseconds pattern detected,logfile_only,True,False,Time Reversal Event,,2,1,True,False
,BITCF25.tmp,,0.1197,8726456469.0,0.0,,0.75,0.6303,HIGH,Rule 3: Zero nanoseconds pattern detected,logfile_only,True,False,Time Reversal Event & Changing FileAttribute,,2,1,True,False
,stream.x64.x-none.db,,0.2093,8726975092.0,6.0,,0.75,0.5407,HIGH,Rule 3: Zero nanoseconds pattern detected,logfile_only,True,False,Time Reversal Event,,2,1,True,False
,stream.x64.x-none.hash,,0.2393,8726975768.0,0.0,,0.75,0.5107,HIGH,Rule 3: Zero nanoseconds pattern detected,logfile_only,True,False,Time Reversal Event,,2,1,True,False
,stream.x64.x-none.man.dat,,0.2393,8726977597.0,2.0,,0.75,0.5107,HIGH,Rule 3: Zero nanoseconds pattern detected,logfile_only,True,False,Time Reversal Event,,2,1,True,False
,manifest.json,\Users\blueangel\AppData\Local\Microsoft\Edge\User Data\Trust Protection Lists\1.0.0.25\manifest.json,0.1097,8727583718.0,0.0,,0.75,0.6403,HIGH,Rule 3: Zero nanoseconds pattern detected,logfile_only,True,False,Time Reversal Event,,2,1,True,False
,Analytics,\Users\blueangel\AppData\Local\Microsoft\Edge\User Data\Trust Protection Lists\1.0.0.25\Mu\Analytics,0.1097,8727585684.0,2.0,,0.75,0.6403,HIGH,Rule 3: Zero nanoseconds pattern detected,logfile_only,True,False,Time Reversal Event,,2,1,True,False
,CompatExceptions,\Users\blueangel\AppData\Local\Microsoft\Edge\User Data\Trust Protection Lists\1.0.0.25\Mu\CompatExceptions,0.1097,8727586453.0,0.0,,0.75,0.6403,HIGH,Rule 3: Zero nanoseconds pattern detected,logfile_only,True,False,Time Reversal Event,,2,1,True,False
,Content,\Users\blueangel\AppData\Local\Microsoft\Edge\User Data\Trust Protection Lists\1.0.0.25\Mu\Content,0.1097,8727587439.0,4.0,,0.75,0.6403,HIGH,Rule 3: Zero nanoseconds pattern detected,logfile_only,True,False,Time Reversal Event,,2,1,True,False
,Cryptomining,\Users\blueangel\AppData\Local\Microsoft\Edge\User Data\Trust Protection Lists\1.0.0.25\Mu\Cryptomining,0.1097,8727588116.0,6.0,,0.75,0.6403,HIGH,Rule 3: Zero nanoseconds pattern detected,logfile_only,True,False,Time Reversal Event,,2,1,True,False
,Entities,\Users\blueangel\AppData\Local\Microsoft\Edge\User Data\Trust Protection Lists\1.0.0.25\Mu\Entities,0.1097,8727588985.0,6.0,,0.75,0.6403,HIGH,Rule 3: Zero nanoseconds pattern detected,logfile_only,True,False,Time Reversal Event,,2,1,True,False
,Fingerprinting,\Users\blueangel\AppData\Local\Microsoft\Edge\User Data\Trust Protection Lists\1.0.0.25\Mu\Fingerprinting,0.1097,8727589662.0,4.0,,0.75,0.6403,HIGH,Rule 3: Zero nanoseconds pattern detected,logfile_only,True,False,Time Reversal Event,,2,1,True,False
,LICENSE,\Users\blueangel\AppData\Local\Microsoft\Edge\User Data\Trust Protection Lists\1.0.0.25\Mu\LICENSE,0.1097,8727590463.0,2.0,,0.75,0.6403,HIGH,Rule 3: Zero nanoseconds pattern detected,logfile_only,True,False,Time Reversal Event,,2,1,True,False
,Other,\Users\blueangel\AppData\Local\Microsoft\Edge\User Data\Trust Protection Lists\1.0.0.25\Mu\Other,0.1097,8727591101.0,4.0,,0.75,0.6403,HIGH,Rule 3: Zero nanoseconds pattern detected,logfile_only,True,False,Time Reversal Event,,2,1,True,False
,Social,\Users\blueangel\AppData\Local\Microsoft\Edge\User Data\Trust Protection Lists\1.0.0.25\Mu\Social,0.1097,8727591624.0,0.0,,0.75,0.6403,HIGH,Rule 3: Zero nanoseconds pattern detected,logfile_only,True,False,Time Reversal Event,,2,1,True,False
,TransparentAdvertisers,\Users\blueangel\AppData\Local\Microsoft\Edge\User Data\Trust Protection Lists\1.0.0.25\Mu\TransparentAdvertisers,0.0997,8727592201.0,2.0,,0.75,0.6503,HIGH,Rule 3: Zero nanoseconds pattern detected,logfile_only,True,False,Time Reversal Event,,2,1,True,False
,Advertising,\Users\blueangel\AppData\Local\Microsoft\Edge\User Data\Trust Protection Lists\1.0.0.25\Sigma\Advertising,0.1097,8727593221.0,0.0,,0.75,0.6403,HIGH,Rule 3: Zero nanoseconds pattern detected,logfile_only,True,False,Time Reversal Event,,2,1,True,False
,Analytics,\Users\blueangel\AppData\Local\Microsoft\Edge\User Data\Trust Protection Lists\1.0.0.25\Sigma\Analytics,0.1097,8727593844.0,2.0,,0.75,0.6403,HIGH,Rule 3: Zero nanoseconds pattern detected,logfile_only,True,False,Time Reversal Event,,2,1,True,False
,Content,\Users\blueangel\AppData\Local\Microsoft\Edge\User Data\Trust Protection Lists\1.0.0.25\Sigma\Content,0.1097,8727594396.0,6.0,,0.75,0.6403,HIGH,Rule 3: Zero nanoseconds pattern detected,logfile_only,True,False,Time Reversal Event,,2,1,True,False
,Cryptomining,\Users\blueangel\AppData\Local\Microsoft\Edge\User Data\Trust Protection Lists\1.0.0.25\Sigma\Cryptomining,0.1097,8727595355.0,4.0,,0.75,0.6403,HIGH,Rule 3: Zero nanoseconds pattern detected,logfile_only,True,False,Time Reversal Event,,2,1,True,False
,Entities,\Users\blueangel\AppData\Local\Microsoft\Edge\User Data\Trust Protection Lists\1.0.0.25\Sigma\Entities,0.1097,8727596078.0,2.0,,0.75,0.6403,HIGH,Rule 3: Zero nanoseconds pattern detected,logfile_only,True,False,Time Reversal Event,,2,1,True,False
,Advertising,\Users\blueangel\AppData\Local\Microsoft\Edge\User Data\Trust Protection Lists\1.0.0.25\Mu\Advertising,0.1097,8727584869.0,6.0,,0.75,0.6403,HIGH,Rule 3: Zero nanoseconds pattern detected,logfile_only,True,False,Time Reversal Event,,2,1,True,False
,BIT8375.tmp,,0.1098,8727566541.0,6.0,,0.75,0.6402,HIGH,Rule 3: Zero nanoseconds pattern detected,logfile_only,True,False,Time Reversal Event & Changing FileAttribute,,2,1,True,False
,crs.pb,\Users\blueangel\AppData\Local\Microsoft\Edge\User Data\PKIMetadata\8.0.0.0\crs.pb,0.0997,8726986619.0,6.0,,0.75,0.6503,HIGH,Rule 3: Zero nanoseconds pattern detected,logfile_only,True,False,Time Reversal Event,,2,1,True,False
,v1FieldTypes.json,\Users\blueangel\AppData\Local\Microsoft\Edge\User Data\Autofill\4.0.0.12\v1FieldTypes.json,0.0897,8727460388.0,4.0,,0.75,0.6603,HIGH,Rule 3: Zero nanoseconds pattern detected,logfile_only,True,False,Time Reversal Event,,2,1,True,False
,kp_pinslist.pb,\Users\blueangel\AppData\Local\Microsoft\Edge\User Data\PKIMetadata\8.0.0.0\kp_pinslist.pb,0.0997,8726987405.0,0.0,,0.75,0.6503,HIGH,Rule 3: Zero nanoseconds pattern detected,logfile_only,True,False,Time Reversal Event,,2,1,True,False
,manifest.json,\Users\blueangel\AppData\Local\Microsoft\Edge\User Data\PKIMetadata\8.0.0.0\manifest.json,0.0997,8726988405.0,2.0,,0.75,0.6503,HIGH,Rule 3: Zero nanoseconds pattern detected,logfile_only,True,False,Time Reversal Event,,2,1,True,False
,MasterDescriptor.ko-kr.xml,,0.2196,8726997525.0,0.0,,0.75,0.5304,HIGH,Rule 3: Zero nanoseconds pattern detected,logfile_only,True,False,Time Reversal Event,,2,1,True,False
,s641042.hash,,0.2492,8726998195.0,2.0,,0.75,0.5008,HIGH,Rule 3: Zero nanoseconds pattern detected,logfile_only,True,False,Time Reversal Event,,2,1,True,False
,stream.x64.ko-kr.dat.cat,,0.2393,8726999214.0,4.0,,0.75,0.5107,HIGH,Rule 3: Zero nanoseconds pattern detected,logfile_only,True,False,Time Reversal Event,,2,1,True,False
,stream.x64.ko-kr.db,,0.2093,8727000106.0,6.0,,0.75,0.5407,HIGH,Rule 3: Zero nanoseconds pattern detected,logfile_only,True,False,Time Reversal Event,,2,1,True,False
,stream.x64.ko-kr.hash,,0.2393,8727000780.0,0.0,,0.75,0.5107,HIGH,Rule 3: Zero nanoseconds pattern detected,logfile_only,True,False,Time Reversal Event,,2,1,True,False
,stream.x64.ko-kr.man.dat,,0.2393,8727001781.0,2.0,,0.75,0.5107,HIGH,Rule 3: Zero nanoseconds pattern detected,logfile_only,True,False,Time Reversal Event,,2,1,True,False
,Microsoft-Office-ClickToRun-CCDB4FB2-EC11-4B8B-8DF1-9F18B676AA7B-stream.x64.ko-kr.dat.cat,\Windows\System32\CatRoot\{F750E6C3-38EE-11D1-85E5-00C04FC295EE}\Microsoft-Office-ClickToRun-CCDB4FB2-EC11-4B8B-8DF1-9F18B676AA7B-stream.x64.ko-kr.dat.cat,0.1296,8727007475.0,0.0,,0.75,0.6204,HIGH,Rule 3: Zero nanoseconds pattern detected,logfile_only,True,False,Time Reversal Event,,2,1,True,False
,Microsoft-Office-ClickToRun-CCDB4FB2-EC11-4B8B-8DF1-9F18B676AA7B-stream.x64.x-none.dat.cat,\Windows\System32\CatRoot\{F750E6C3-38EE-11D1-85E5-00C04FC295EE}\Microsoft-Office-ClickToRun-CCDB4FB2-EC11-4B8B-8DF1-9F18B676AA7B-stream.x64.x-none.dat.cat,0.1296,8727012810.0,4.0,,0.75,0.6204,HIGH,Rule 3: Zero nanoseconds pattern detected,logfile_only,True,False,Time Reversal Event,,2,1,True,False
,BIT5196.tmp,,0.1197,8727073187.0,4.0,,0.75,0.6303,HIGH,Rule 3: Zero nanoseconds pattern detected,logfile_only,True,False,Time Reversal Event & Changing FileAttribute,,2,1,True,False
,edge_autofill_field_data.json,\Users\blueangel\AppData\Local\Microsoft\Edge\User Data\Autofill\4.0.0.12\edge_autofill_field_data.json,0.0897,8727456889.0,2.0,,0.75,0.6603,HIGH,Rule 3: Zero nanoseconds pattern detected,logfile_only,True,False,Time Reversal Event,,2,1,True,False
,edge_autofill_global_block_list.json,\Users\blueangel\AppData\Local\Microsoft\Edge\User Data\Autofill\4.0.0.12\edge_autofill_global_block_list.json,0.0897,8727457959.0,2.0,,0.75,0.6603,HIGH,Rule 3: Zero nanoseconds pattern detected,logfile_only,True,False,Time Reversal Event,,2,1,True,False
,manifest.json,\Users\blueangel\AppData\Local\Microsoft\Edge\User Data\Autofill\4.0.0.12\manifest.json,0.0997,8727458541.0,2.0,,0.75,0.6503,HIGH,Rule 3: Zero nanoseconds pattern detected,logfile_only,True,False,Time Reversal Event,,2,1,True,False
,regex_patterns.json,\Users\blueangel\AppData\Local\Microsoft\Edge\User Data\Autofill\4.0.0.12\regex_patterns.json,0.0897,8727459100.0,0.0,,0.75,0.6603,HIGH,Rule 3: Zero nanoseconds pattern detected,logfile_only,True,False,Time Reversal Event,,2,1,True,False
,NewFileTime_SI_C_Manipulation.dll,\Program Files\Windows Mail\NewFileTime_SI_C_Manipulation.dll,0.449,8730038250.0,4.0,,0.75,0.301,HIGH,Rule 3: Zero nanoseconds pattern detected,logfile_only,True,False,Time Reversal Event,,2,1,True,False
