eventtime,eventtime_dt,lf_lsn,lf_event,filename,filepath,lf_target_vcn,lf_cluster_index,merge_key,usn_usn,usn_event_info,usn_file_reference_number,usn_parent_file_reference_number,source,is_tunneling,lf_creation_time_before,lf_creation_time_after,lf_modified_time_before,lf_modified_time_after,lf_accessed_time_before,lf_accessed_time_after,lf_mft_modified_time_before,lf_mft_modified_time_after,zero_in_nanoseconds,copied_from_file,creation_time_changed_to_past,modified_time_changed_to_past,accessed_time_delta_days,accessed_time_changed_to_past,mft_modified_time_delta_days,mft_modified_time_changed_to_past,is_executable,is_system_file,is_hidden_file,is_archive,filename_length,has_suspicious_extension,event_frequency_per_file,event_frequency_per_case,events_in_5min_window,time_since_previous_event_seconds,has_logfile_evidence,has_usnjrnl_evidence,usn_basic_info_change,usn_file_closed,usn_complete_manipulation_pattern,path_depth,event_vs_modified_after_days,cross_artifact_validation_score,timestamp_manipulation_pattern_score,file_system_tunneling_confidence,has_attribute_change,has_timestamp_copied_from_file,zero_nanoseconds_logfile,predicted_timestomped,confidence_score,confidence_level,classification
12/28/23 12:36,12/28/23 12:36,,,AppCache133482117899576379.txt.~tmp,\Users\blueangel\AppData\Local\Packages\Microsoft.Windows.Search_cw5n1h2txyewy\LocalState\DeviceSearchCache\AppCache133482117899576379.txt.~tmp,,,\Users\blueangel\AppData\Local\Packages\Microsoft.Windows.Search_cw5n1h2txyewy\LocalState\DeviceSearchCache\AppCache133482117899576379.txt.~tmp|AppCache133482117899576379.txt.~tmp,1745854992.0,Basic_Info_Changed,0x000200000000C70B,0x000200000001A774,usnjrnl_only,False,,,,,,,,,False,FALSE,FALSE,FALSE,,FALSE,,FALSE,False,False,False,True,35,False,15,1736,8,999999,False,True,True,False,False,9,,1,1,0,0,0,0,0,0.05971577999357524,LOW,Benign
12/28/23 12:36,12/28/23 12:36,,,AppCache133482117899576379.txt.~tmp,\Users\blueangel\AppData\Local\Packages\Microsoft.Windows.Search_cw5n1h2txyewy\LocalState\DeviceSearchCache\AppCache133482117899576379.txt.~tmp,,,\Users\blueangel\AppData\Local\Packages\Microsoft.Windows.Search_cw5n1h2txyewy\LocalState\DeviceSearchCache\AppCache133482117899576379.txt.~tmp|AppCache133482117899576379.txt.~tmp,1745855128.0,Basic_Info_Changed / Access_Right_Changed,0x000200000000C70B,0x000200000001A774,usnjrnl_only,False,,,,,,,,,False,FALSE,FALSE,FALSE,,FALSE,,FALSE,False,False,False,True,35,False,15,1736,8,0,False,True,True,False,False,9,,1,1,0,0,0,0,0,0.039773830643638035,LOW,Benign
12/28/23 12:36,12/28/23 12:36,,,AppCache133482117899576379.txt.~tmp,\Users\blueangel\AppData\Local\Packages\Microsoft.Windows.Search_cw5n1h2txyewy\LocalState\DeviceSearchCache\AppCache133482117899576379.txt.~tmp,,,\Users\blueangel\AppData\Local\Packages\Microsoft.Windows.Search_cw5n1h2txyewy\LocalState\DeviceSearchCache\AppCache133482117899576379.txt.~tmp|AppCache133482117899576379.txt.~tmp,1745855992.0,Basic_Info_Changed / File_Renamed_Old / Access_Right_Changed,0x000200000000C70B,0x000200000001A774,usnjrnl_only,False,,,,,,,,,False,FALSE,FALSE,FALSE,,FALSE,,FALSE,False,False,False,True,35,False,15,1736,8,0,False,True,True,False,False,9,,1,1,0,0,0,0,0,0.039773830643638035,LOW,Benign
12/28/23 12:36,12/28/23 12:36,,,AppCache133482117899576379.txt,\Users\blueangel\AppData\Local\Packages\Microsoft.Windows.Search_cw5n1h2txyewy\LocalState\DeviceSearchCache\AppCache133482117899576379.txt,,,\Users\blueangel\AppData\Local\Packages\Microsoft.Windows.Search_cw5n1h2txyewy\LocalState\DeviceSearchCache\AppCache133482117899576379.txt|AppCache133482117899576379.txt,1745856128.0,Basic_Info_Changed / File_Renamed_New / Access_Right_Changed,0x000200000000C70B,0x000200000001A774,usnjrnl_only,False,,,,,,,,,False,FALSE,FALSE,FALSE,,FALSE,,FALSE,False,False,False,True,30,False,10,1736,8,0,False,True,True,False,False,9,,1,1,0,0,0,0,0,0.0298144208085607,LOW,Benign
12/28/23 12:36,12/28/23 12:36,,,AppCache133482117899576379.txt,\Users\blueangel\AppData\Local\Packages\Microsoft.Windows.Search_cw5n1h2txyewy\LocalState\DeviceSearchCache\AppCache133482117899576379.txt,,,\Users\blueangel\AppData\Local\Packages\Microsoft.Windows.Search_cw5n1h2txyewy\LocalState\DeviceSearchCache\AppCache133482117899576379.txt|AppCache133482117899576379.txt,1745856400.0,Basic_Info_Changed / File_Renamed_New / Access_Right_Changed / File_Closed,0x000200000000C70B,0x000200000001A774,usnjrnl_only,False,,,,,,,,,False,FALSE,FALSE,FALSE,,FALSE,,FALSE,False,False,False,True,30,False,10,1736,8,0,False,True,True,True,True,9,,1,2,0,0,0,0,0,0.01988188851507617,LOW,Benign
12/28/23 12:38,12/28/23 12:38,,,nodes.dat,\ProgramData\Avast Software\Avast\IDS\malwareprofile\nodes.dat,,,\ProgramData\Avast Software\Avast\IDS\malwareprofile\nodes.dat|nodes.dat,1745884920.0,File_Created / Basic_Info_Changed / Data_Added / Data_Overwritten / Data_Truncated / File_Renamed_New,0x002500000000C014,0x00060000000198CB,usnjrnl_only,False,,,,,,,,,False,FALSE,FALSE,FALSE,,FALSE,,FALSE,False,False,False,True,9,False,2536,1736,8,88,False,True,True,False,False,6,,1,1,0,0,0,0,0,0.0298144208085607,LOW,Benign
12/28/23 12:38,12/28/23 12:38,,,nodes.dat,\ProgramData\Avast Software\Avast\IDS\malwareprofile\nodes.dat,,,\ProgramData\Avast Software\Avast\IDS\malwareprofile\nodes.dat|nodes.dat,1745885000.0,File_Created / Basic_Info_Changed / Data_Added / Data_Overwritten / Data_Truncated / File_Renamed_New / File_Closed,0x002500000000C014,0x00060000000198CB,usnjrnl_only,False,,,,,,,,,False,FALSE,FALSE,FALSE,,FALSE,,FALSE,False,False,False,True,9,False,2536,1736,8,0,False,True,True,True,True,6,,1,2,0,0,0,0,0,0.01988188851507617,LOW,Benign
12/28/23 12:38,12/28/23 12:38,,,WindowsUpdate.20231228.132814.206.1.etl,\Windows\Logs\WindowsUpdate\WindowsUpdate.20231228.132814.206.1.etl,,,\Windows\Logs\WindowsUpdate\WindowsUpdate.20231228.132814.206.1.etl|WindowsUpdate.20231228.132814.206.1.etl,1745889208.0,File_Created / Basic_Info_Changed / Data_Added / Data_Overwritten / Content_Indexed_Attr_Changed,0x000200000000C6BF,0x000100000001A7D0,usnjrnl_only,False,,,,,,,,,False,FALSE,FALSE,FALSE,,FALSE,,FALSE,False,False,False,False,39,False,20,1736,8,16,False,True,True,False,False,4,,1,1,0,0,0,0,0,0.0298144208085607,LOW,Benign
12/28/23 12:38,12/28/23 12:38,,,WindowsUpdate.20231228.132814.206.1.etl,\Windows\Logs\WindowsUpdate\WindowsUpdate.20231228.132814.206.1.etl,,,\Windows\Logs\WindowsUpdate\WindowsUpdate.20231228.132814.206.1.etl|WindowsUpdate.20231228.132814.206.1.etl,1745889352.0,File_Created / Basic_Info_Changed / Data_Added / Data_Overwritten / Content_Indexed_Attr_Changed / File_Closed,0x000200000000C6BF,0x000100000001A7D0,usnjrnl_only,False,,,,,,,,,False,FALSE,FALSE,FALSE,,FALSE,,FALSE,False,False,False,True,39,False,20,1736,8,0,False,True,True,True,True,4,,1,2,0,0,0,0,0,0.029540763940562008,LOW,Benign
12/28/23 12:42,12/28/23 12:42,,,globalLoadable.dat,\ProgramData\Avast Software\Avast\IDS\profile\globalLoadable.dat,,,\ProgramData\Avast Software\Avast\IDS\profile\globalLoadable.dat|globalLoadable.dat,1745934736.0,File_Created / Basic_Info_Changed / Data_Added / Data_Overwritten / File_Renamed_New,0x004000000000C4B1,0x000A00000001F980,usnjrnl_only,False,,,,,,,,,False,FALSE,FALSE,FALSE,,FALSE,,FALSE,False,False,False,True,18,False,3770,1736,5,239,False,True,True,False,False,6,,1,1,0,0,0,0,0,0.0298144208085607,LOW,Benign
12/28/23 12:42,12/28/23 12:42,,,globalLoadable.dat,\ProgramData\Avast Software\Avast\IDS\profile\globalLoadable.dat,,,\ProgramData\Avast Software\Avast\IDS\profile\globalLoadable.dat|globalLoadable.dat,1745934832.0,File_Created / Basic_Info_Changed / Data_Added / Data_Overwritten / File_Renamed_New / File_Closed,0x004000000000C4B1,0x000A00000001F980,usnjrnl_only,False,,,,,,,,,False,FALSE,FALSE,FALSE,,FALSE,,FALSE,False,False,False,True,18,False,3770,1736,5,0,False,True,True,True,True,6,,1,2,0,0,0,0,0,0.01988188851507617,LOW,Benign
12/28/23 12:42,12/28/23 12:42,,,cache.dat,\ProgramData\Avast Software\Avast\IDS\malwareprofile\cache.dat,,,\ProgramData\Avast Software\Avast\IDS\malwareprofile\cache.dat|cache.dat,1745935696.0,File_Created / Basic_Info_Changed / Data_Added / Data_Overwritten / File_Renamed_New,0x003000000000C42B,0x00060000000198CB,usnjrnl_only,False,,,,,,,,,False,FALSE,FALSE,FALSE,,FALSE,,FALSE,False,False,False,True,9,False,3770,1736,5,3,False,True,True,False,False,6,,1,1,0,0,0,0,0,0.0298144208085607,LOW,Benign
12/28/23 12:42,12/28/23 12:42,,,cache.dat,\ProgramData\Avast Software\Avast\IDS\malwareprofile\cache.dat,,,\ProgramData\Avast Software\Avast\IDS\malwareprofile\cache.dat|cache.dat,1745935776.0,File_Created / Basic_Info_Changed / Data_Added / Data_Overwritten / File_Renamed_New / File_Closed,0x003000000000C42B,0x00060000000198CB,usnjrnl_only,False,,,,,,,,,False,FALSE,FALSE,FALSE,,FALSE,,FALSE,False,False,False,True,9,False,3770,1736,5,0,False,True,True,True,True,6,,1,2,0,0,0,0,0,0.01988188851507617,LOW,Benign
12/28/23 12:42,12/28/23 12:42,,,FileCoAuth-2023-12-28.0442.9480.1.aodl,\Users\blueangel\AppData\Local\Microsoft\OneDrive\logs\Common\FileCoAuth-2023-12-28.0442.9480.1.aodl,,,\Users\blueangel\AppData\Local\Microsoft\OneDrive\logs\Common\FileCoAuth-2023-12-28.0442.9480.1.aodl|FileCoAuth-2023-12-28.0442.9480.1.aodl,1745939520.0,File_Created / Basic_Info_Changed / Data_Added,0x010200000000C394,0x000200000001E4E0,usnjrnl_only,False,,,,,,,,,False,FALSE,FALSE,FALSE,,FALSE,,FALSE,False,False,False,True,38,False,10,1736,5,14,False,True,True,False,False,9,,1,1,0,0,0,0,0,0.0298144208085607,LOW,Benign
12/28/23 12:42,12/28/23 12:42,,,FileCoAuth-2023-12-28.0442.9480.1.aodl,\Users\blueangel\AppData\Local\Microsoft\OneDrive\logs\Common\FileCoAuth-2023-12-28.0442.9480.1.aodl,,,\Users\blueangel\AppData\Local\Microsoft\OneDrive\logs\Common\FileCoAuth-2023-12-28.0442.9480.1.aodl|FileCoAuth-2023-12-28.0442.9480.1.aodl,1745939656.0,File_Created / Basic_Info_Changed / Data_Added / File_Closed,0x010200000000C394,0x000200000001E4E0,usnjrnl_only,False,,,,,,,,,False,FALSE,FALSE,FALSE,,FALSE,,FALSE,False,False,False,True,38,False,10,1736,5,0,False,True,True,True,True,9,,1,2,0,0,0,0,0,0.01988188851507617,LOW,Benign
12/28/23 12:52,12/28/23 12:52,,,globalLoadable.dat,\ProgramData\Avast Software\Avast\IDS\profile\globalLoadable.dat,,,\ProgramData\Avast Software\Avast\IDS\profile\globalLoadable.dat|globalLoadable.dat,1746058744.0,File_Created / Basic_Info_Changed / Data_Added / Data_Overwritten / File_Renamed_New,0x008C00000000C4CB,0x000A00000001F980,usnjrnl_only,False,,,,,,,,,False,FALSE,FALSE,FALSE,,FALSE,,FALSE,False,False,False,True,18,False,3770,1736,7,583,False,True,True,False,False,6,,1,1,0,0,0,0,0,0.0298144208085607,LOW,Benign
12/28/23 12:52,12/28/23 12:52,,,globalLoadable.dat,\ProgramData\Avast Software\Avast\IDS\profile\globalLoadable.dat,,,\ProgramData\Avast Software\Avast\IDS\profile\globalLoadable.dat|globalLoadable.dat,1746058840.0,File_Created / Basic_Info_Changed / Data_Added / Data_Overwritten / File_Renamed_New / File_Closed,0x008C00000000C4CB,0x000A00000001F980,usnjrnl_only,False,,,,,,,,,False,FALSE,FALSE,FALSE,,FALSE,,FALSE,False,False,False,True,18,False,3770,1736,7,0,False,True,True,True,True,6,,1,2,0,0,0,0,0,0.01988188851507617,LOW,Benign
12/28/23 12:52,12/28/23 12:52,,,cache.dat,\ProgramData\Avast Software\Avast\IDS\malwareprofile\cache.dat,,,\ProgramData\Avast Software\Avast\IDS\malwareprofile\cache.dat|cache.dat,1746060288.0,File_Created / Basic_Info_Changed / Data_Added / Data_Overwritten / File_Renamed_New,0x004200000000C4B1,0x00060000000198CB,usnjrnl_only,False,,,,,,,,,False,FALSE,FALSE,FALSE,,FALSE,,FALSE,False,False,False,True,9,False,3770,1736,7,3,False,True,True,False,False,6,,1,1,0,0,0,0,0,0.0298144208085607,LOW,Benign
12/28/23 12:52,12/28/23 12:52,,,cache.dat,\ProgramData\Avast Software\Avast\IDS\malwareprofile\cache.dat,,,\ProgramData\Avast Software\Avast\IDS\malwareprofile\cache.dat|cache.dat,1746060368.0,File_Created / Basic_Info_Changed / Data_Added / Data_Overwritten / File_Renamed_New / File_Closed,0x004200000000C4B1,0x00060000000198CB,usnjrnl_only,False,,,,,,,,,False,FALSE,FALSE,FALSE,,FALSE,,FALSE,False,False,False,True,9,False,3770,1736,7,0,False,True,True,True,True,6,,1,2,0,0,0,0,0,0.01988188851507617,LOW,Benign
12/28/23 12:52,12/28/23 12:52,,,FileCoAuth-2023-12-28.0452.10280.1.aodl,\Users\blueangel\AppData\Local\Microsoft\OneDrive\logs\Common\FileCoAuth-2023-12-28.0452.10280.1.aodl,,,\Users\blueangel\AppData\Local\Microsoft\OneDrive\logs\Common\FileCoAuth-2023-12-28.0452.10280.1.aodl|FileCoAuth-2023-12-28.0452.10280.1.aodl,1746064544.0,File_Created / Basic_Info_Changed / Data_Added,0x003100000000C42B,0x000200000001E4E0,usnjrnl_only,False,,,,,,,,,False,FALSE,FALSE,FALSE,,FALSE,,FALSE,False,False,False,True,39,False,10,1736,7,14,False,True,True,False,False,9,,1,1,0,0,0,0,0,0.0298144208085607,LOW,Benign
12/28/23 12:52,12/28/23 12:52,,,FileCoAuth-2023-12-28.0452.10280.1.aodl,\Users\blueangel\AppData\Local\Microsoft\OneDrive\logs\Common\FileCoAuth-2023-12-28.0452.10280.1.aodl,,,\Users\blueangel\AppData\Local\Microsoft\OneDrive\logs\Common\FileCoAuth-2023-12-28.0452.10280.1.aodl|FileCoAuth-2023-12-28.0452.10280.1.aodl,1746064688.0,File_Created / Basic_Info_Changed / Data_Added / File_Closed,0x003100000000C42B,0x000200000001E4E0,usnjrnl_only,False,,,,,,,,,False,FALSE,FALSE,FALSE,,FALSE,,FALSE,False,False,False,True,39,False,10,1736,7,0,False,True,True,True,True,9,,1,2,0,0,0,0,0,0.01988188851507617,LOW,Benign
12/28/23 12:53,12/28/23 12:53,,,nodes.dat,\ProgramData\Avast Software\Avast\IDS\malwareprofile\nodes.dat,,,\ProgramData\Avast Software\Avast\IDS\malwareprofile\nodes.dat|nodes.dat,1746075384.0,File_Created / Basic_Info_Changed / Data_Added / Data_Overwritten / Data_Truncated / File_Renamed_New,0x001100000000C4CE,0x00060000000198CB,usnjrnl_only,False,,,,,,,,,False,FALSE,FALSE,FALSE,,FALSE,,FALSE,False,False,False,True,9,False,2536,1736,7,30,False,True,True,False,False,6,,1,1,0,0,0,0,0,0.0298144208085607,LOW,Benign
12/28/23 12:53,12/28/23 12:53,,,nodes.dat,\ProgramData\Avast Software\Avast\IDS\malwareprofile\nodes.dat,,,\ProgramData\Avast Software\Avast\IDS\malwareprofile\nodes.dat|nodes.dat,1746075464.0,File_Created / Basic_Info_Changed / Data_Added / Data_Overwritten / Data_Truncated / File_Renamed_New / File_Closed,0x001100000000C4CE,0x00060000000198CB,usnjrnl_only,False,,,,,,,,,False,FALSE,FALSE,FALSE,,FALSE,,FALSE,False,False,False,True,9,False,2536,1736,7,0,False,True,True,True,True,6,,1,2,0,0,0,0,0,0.01988188851507617,LOW,Benign
12/28/23 13:02,12/28/23 13:02,,,globalLoadable.dat,\ProgramData\Avast Software\Avast\IDS\profile\globalLoadable.dat,,,\ProgramData\Avast Software\Avast\IDS\profile\globalLoadable.dat|globalLoadable.dat,1746182944.0,File_Created / Basic_Info_Changed / Data_Added / Data_Overwritten / File_Renamed_New,0x000E00000000C4D0,0x000A00000001F980,usnjrnl_only,False,,,,,,,,,False,FALSE,FALSE,FALSE,,FALSE,,FALSE,False,False,False,True,18,False,3770,1736,5,553,False,True,True,False,False,6,,1,1,0,0,0,0,0,0.0298144208085607,LOW,Benign
12/28/23 13:02,12/28/23 13:02,,,globalLoadable.dat,\ProgramData\Avast Software\Avast\IDS\profile\globalLoadable.dat,,,\ProgramData\Avast Software\Avast\IDS\profile\globalLoadable.dat|globalLoadable.dat,1746183040.0,File_Created / Basic_Info_Changed / Data_Added / Data_Overwritten / File_Renamed_New / File_Closed,0x000E00000000C4D0,0x000A00000001F980,usnjrnl_only,False,,,,,,,,,False,FALSE,FALSE,FALSE,,FALSE,,FALSE,False,False,False,True,18,False,3770,1736,5,0,False,True,True,True,True,6,,1,2,0,0,0,0,0,0.01988188851507617,LOW,Benign
12/28/23 13:02,12/28/23 13:02,,,cache.dat,\ProgramData\Avast Software\Avast\IDS\malwareprofile\cache.dat,,,\ProgramData\Avast Software\Avast\IDS\malwareprofile\cache.dat|cache.dat,1746183904.0,File_Created / Basic_Info_Changed / Data_Added / Data_Overwritten / File_Renamed_New,0x008D00000000C4CB,0x00060000000198CB,usnjrnl_only,False,,,,,,,,,False,FALSE,FALSE,FALSE,,FALSE,,FALSE,False,False,False,True,9,False,3770,1736,5,3,False,True,True,False,False,6,,1,1,0,0,0,0,0,0.0298144208085607,LOW,Benign
12/28/23 13:02,12/28/23 13:02,,,cache.dat,\ProgramData\Avast Software\Avast\IDS\malwareprofile\cache.dat,,,\ProgramData\Avast Software\Avast\IDS\malwareprofile\cache.dat|cache.dat,1746183984.0,File_Created / Basic_Info_Changed / Data_Added / Data_Overwritten / File_Renamed_New / File_Closed,0x008D00000000C4CB,0x00060000000198CB,usnjrnl_only,False,,,,,,,,,False,FALSE,FALSE,FALSE,,FALSE,,FALSE,False,False,False,True,9,False,3770,1736,5,0,False,True,True,True,True,6,,1,2,0,0,0,0,0,0.01988188851507617,LOW,Benign
12/28/23 13:02,12/28/23 13:02,,,FileCoAuth-2023-12-28.0502.6584.1.aodl,\Users\blueangel\AppData\Local\Microsoft\OneDrive\logs\Common\FileCoAuth-2023-12-28.0502.6584.1.aodl,,,\Users\blueangel\AppData\Local\Microsoft\OneDrive\logs\Common\FileCoAuth-2023-12-28.0502.6584.1.aodl|FileCoAuth-2023-12-28.0502.6584.1.aodl,1746188104.0,File_Created / Basic_Info_Changed / Data_Added,0x004500000000C4B1,0x000200000001E4E0,usnjrnl_only,False,,,,,,,,,False,FALSE,FALSE,FALSE,,FALSE,,FALSE,False,False,False,True,38,False,10,1736,5,14,False,True,True,False,False,9,,1,1,0,0,0,0,0,0.0298144208085607,LOW,Benign
12/28/23 13:02,12/28/23 13:02,,,FileCoAuth-2023-12-28.0502.6584.1.aodl,\Users\blueangel\AppData\Local\Microsoft\OneDrive\logs\Common\FileCoAuth-2023-12-28.0502.6584.1.aodl,,,\Users\blueangel\AppData\Local\Microsoft\OneDrive\logs\Common\FileCoAuth-2023-12-28.0502.6584.1.aodl|FileCoAuth-2023-12-28.0502.6584.1.aodl,1746188240.0,File_Created / Basic_Info_Changed / Data_Added / File_Closed,0x004500000000C4B1,0x000200000001E4E0,usnjrnl_only,False,,,,,,,,,False,FALSE,FALSE,FALSE,,FALSE,,FALSE,False,False,False,True,38,False,10,1736,5,0,False,True,True,True,True,9,,1,2,0,0,0,0,0,0.01988188851507617,LOW,Benign
12/28/23 13:08,12/28/23 13:08,,,nodes.dat,\ProgramData\Avast Software\Avast\IDS\malwareprofile\nodes.dat,,,\ProgramData\Avast Software\Avast\IDS\malwareprofile\nodes.dat|nodes.dat,1746279144.0,File_Created / Basic_Info_Changed / Data_Added / Data_Overwritten / Data_Truncated / File_Renamed_New,0x003500000000C4D4,0x00060000000198CB,usnjrnl_only,False,,,,,,,,,False,FALSE,FALSE,FALSE,,FALSE,,FALSE,False,False,False,True,9,False,2536,1736,3,333,False,True,True,False,False,6,,1,1,0,0,0,0,0,0.0298144208085607,LOW,Benign
12/28/23 13:08,12/28/23 13:08,,,nodes.dat,\ProgramData\Avast Software\Avast\IDS\malwareprofile\nodes.dat,,,\ProgramData\Avast Software\Avast\IDS\malwareprofile\nodes.dat|nodes.dat,1746279224.0,File_Created / Basic_Info_Changed / Data_Added / Data_Overwritten / Data_Truncated / File_Renamed_New / File_Closed,0x003500000000C4D4,0x00060000000198CB,usnjrnl_only,False,,,,,,,,,False,FALSE,FALSE,FALSE,,FALSE,,FALSE,False,False,False,True,9,False,2536,1736,3,0,False,True,True,True,True,6,,1,2,0,0,0,0,0,0.01988188851507617,LOW,Benign
12/28/23 13:08,12/28/23 13:08,,,backup.dat,\ProgramData\Avast Software\Avast\IDS\malwareprofile\backup.dat,,,\ProgramData\Avast Software\Avast\IDS\malwareprofile\backup.dat|backup.dat,1746279688.0,Basic_Info_Changed / Data_Added / Data_Overwritten / Data_Truncated,0x0002000000013ECB,0x00060000000198CB,usnjrnl_only,False,,,,,,,,,False,FALSE,FALSE,FALSE,,FALSE,,FALSE,False,False,False,True,10,False,1182,1736,3,0,False,True,True,False,False,6,,1,1,0,0,0,0,0,0.0298144208085607,LOW,Benign
12/28/23 13:08,12/28/23 13:08,,,backup.dat,\ProgramData\Avast Software\Avast\IDS\malwareprofile\backup.dat,,,\ProgramData\Avast Software\Avast\IDS\malwareprofile\backup.dat|backup.dat,1746279768.0,Basic_Info_Changed / Data_Added / Data_Overwritten / Data_Truncated / File_Closed,0x0002000000013ECB,0x00060000000198CB,usnjrnl_only,False,,,,,,,,,False,FALSE,FALSE,FALSE,,FALSE,,FALSE,False,False,False,True,10,False,1182,1736,3,0,False,True,True,True,True,6,,1,2,0,0,0,0,0,0.01988188851507617,LOW,Benign
12/28/23 13:12,12/28/23 13:12,,,globalLoadable.dat,\ProgramData\Avast Software\Avast\IDS\profile\globalLoadable.dat,,,\ProgramData\Avast Software\Avast\IDS\profile\globalLoadable.dat|globalLoadable.dat,1746327456.0,File_Created / Basic_Info_Changed / Data_Added / Data_Overwritten / File_Renamed_New,0x004D00000000C4CE,0x000A00000001F980,usnjrnl_only,False,,,,,,,,,False,FALSE,FALSE,FALSE,,FALSE,,FALSE,False,False,False,True,18,False,3770,1736,5,250,False,True,True,False,False,6,,1,1,0,0,0,0,0,0.0298144208085607,LOW,Benign
12/28/23 13:12,12/28/23 13:12,,,globalLoadable.dat,\ProgramData\Avast Software\Avast\IDS\profile\globalLoadable.dat,,,\ProgramData\Avast Software\Avast\IDS\profile\globalLoadable.dat|globalLoadable.dat,1746327552.0,File_Created / Basic_Info_Changed / Data_Added / Data_Overwritten / File_Renamed_New / File_Closed,0x004D00000000C4CE,0x000A00000001F980,usnjrnl_only,False,,,,,,,,,False,FALSE,FALSE,FALSE,,FALSE,,FALSE,False,False,False,True,18,False,3770,1736,5,0,False,True,True,True,True,6,,1,2,0,0,0,0,0,0.01988188851507617,LOW,Benign
12/28/23 13:12,12/28/23 13:12,,,cache.dat,\ProgramData\Avast Software\Avast\IDS\malwareprofile\cache.dat,,,\ProgramData\Avast Software\Avast\IDS\malwareprofile\cache.dat|cache.dat,1746328416.0,File_Created / Basic_Info_Changed / Data_Added / Data_Overwritten / File_Renamed_New,0x000F00000000C4D0,0x00060000000198CB,usnjrnl_only,False,,,,,,,,,False,FALSE,FALSE,FALSE,,FALSE,,FALSE,False,False,False,True,9,False,3770,1736,5,3,False,True,True,False,False,6,,1,1,0,0,0,0,0,0.0298144208085607,LOW,Benign
12/28/23 13:12,12/28/23 13:12,,,cache.dat,\ProgramData\Avast Software\Avast\IDS\malwareprofile\cache.dat,,,\ProgramData\Avast Software\Avast\IDS\malwareprofile\cache.dat|cache.dat,1746328496.0,File_Created / Basic_Info_Changed / Data_Added / Data_Overwritten / File_Renamed_New / File_Closed,0x000F00000000C4D0,0x00060000000198CB,usnjrnl_only,False,,,,,,,,,False,FALSE,FALSE,FALSE,,FALSE,,FALSE,False,False,False,True,9,False,3770,1736,5,0,False,True,True,True,True,6,,1,2,0,0,0,0,0,0.01988188851507617,LOW,Benign
12/28/23 13:12,12/28/23 13:12,,,FileCoAuth-2023-12-28.0512.2928.1.aodl,\Users\blueangel\AppData\Local\Microsoft\OneDrive\logs\Common\FileCoAuth-2023-12-28.0512.2928.1.aodl,,,\Users\blueangel\AppData\Local\Microsoft\OneDrive\logs\Common\FileCoAuth-2023-12-28.0512.2928.1.aodl|FileCoAuth-2023-12-28.0512.2928.1.aodl,1746331152.0,File_Created / Basic_Info_Changed / Data_Added,0x008E00000000C4CB,0x000200000001E4E0,usnjrnl_only,False,,,,,,,,,False,FALSE,FALSE,FALSE,,FALSE,,FALSE,False,False,False,True,38,False,10,1736,5,14,False,True,True,False,False,9,,1,1,0,0,0,0,0,0.0298144208085607,LOW,Benign
12/28/23 13:12,12/28/23 13:12,,,FileCoAuth-2023-12-28.0512.2928.1.aodl,\Users\blueangel\AppData\Local\Microsoft\OneDrive\logs\Common\FileCoAuth-2023-12-28.0512.2928.1.aodl,,,\Users\blueangel\AppData\Local\Microsoft\OneDrive\logs\Common\FileCoAuth-2023-12-28.0512.2928.1.aodl|FileCoAuth-2023-12-28.0512.2928.1.aodl,1746331288.0,File_Created / Basic_Info_Changed / Data_Added / File_Closed,0x008E00000000C4CB,0x000200000001E4E0,usnjrnl_only,False,,,,,,,,,False,FALSE,FALSE,FALSE,,FALSE,,FALSE,False,False,False,True,38,False,10,1736,5,0,False,True,True,True,True,9,,1,2,0,0,0,0,0,0.01988188851507617,LOW,Benign
12/28/23 13:22,12/28/23 13:22,,,globalLoadable.dat,\ProgramData\Avast Software\Avast\IDS\profile\globalLoadable.dat,,,\ProgramData\Avast Software\Avast\IDS\profile\globalLoadable.dat|globalLoadable.dat,1746454144.0,File_Created / Basic_Info_Changed / Data_Added / Data_Overwritten / File_Renamed_New,0x007A00000000C42C,0x000A00000001F980,usnjrnl_only,False,,,,,,,,,False,FALSE,FALSE,FALSE,,FALSE,,FALSE,False,False,False,True,18,False,3770,1736,15,583,False,True,True,False,False,6,,1,1,0,0,0,0,0,0.0298144208085607,LOW,Benign
12/28/23 13:22,12/28/23 13:22,,,globalLoadable.dat,\ProgramData\Avast Software\Avast\IDS\profile\globalLoadable.dat,,,\ProgramData\Avast Software\Avast\IDS\profile\globalLoadable.dat|globalLoadable.dat,1746454240.0,File_Created / Basic_Info_Changed / Data_Added / Data_Overwritten / File_Renamed_New / File_Closed,0x007A00000000C42C,0x000A00000001F980,usnjrnl_only,False,,,,,,,,,False,FALSE,FALSE,FALSE,,FALSE,,FALSE,False,False,False,True,18,False,3770,1736,15,0,False,True,True,True,True,6,,1,2,0,0,0,0,0,0.01988188851507617,LOW,Benign
12/28/23 13:22,12/28/23 13:22,,,RUXIMLog.001.etl,\ProgramData\PLUG\Logs\RUXIMLog.001.etl,,,\ProgramData\PLUG\Logs\RUXIMLog.001.etl|RUXIMLog.001.etl,1746459168.0,File_Created / Basic_Info_Changed,0x004E00000000C4CE,0x000200000000194D,usnjrnl_only,False,,,,,,,,,False,FALSE,FALSE,FALSE,,FALSE,,FALSE,False,False,False,False,16,False,374,1736,15,2,False,True,True,False,False,4,,1,1,0,0,0,0,0,0.0298144208085607,LOW,Benign
12/28/23 13:22,12/28/23 13:22,,,RUXIMLog.001.etl,\ProgramData\PLUG\Logs\RUXIMLog.001.etl,,,\ProgramData\PLUG\Logs\RUXIMLog.001.etl|RUXIMLog.001.etl,1746459264.0,File_Created / Basic_Info_Changed / Data_Added,0x004E00000000C4CE,0x000200000000194D,usnjrnl_only,False,,,,,,,,,False,FALSE,FALSE,FALSE,,FALSE,,FALSE,False,False,False,False,16,False,374,1736,15,0,False,True,True,False,False,4,,1,1,0,0,0,0,0,0.0298144208085607,LOW,Benign
12/28/23 13:22,12/28/23 13:22,,,RUXIMLog.001.etl,\ProgramData\PLUG\Logs\RUXIMLog.001.etl,,,\ProgramData\PLUG\Logs\RUXIMLog.001.etl|RUXIMLog.001.etl,1746459888.0,File_Created / Basic_Info_Changed / Data_Added / Data_Overwritten,0x004E00000000C4CE,0x000200000000194D,usnjrnl_only,False,,,,,,,,,False,FALSE,FALSE,FALSE,,FALSE,,FALSE,False,False,False,False,16,False,374,1736,15,0,False,True,True,False,False,4,,1,1,0,0,0,0,0,0.0298144208085607,LOW,Benign
12/28/23 13:22,12/28/23 13:22,,,RUXIMLog.001.etl,\ProgramData\PLUG\Logs\RUXIMLog.001.etl,,,\ProgramData\PLUG\Logs\RUXIMLog.001.etl|RUXIMLog.001.etl,1746459984.0,File_Created / Basic_Info_Changed / Data_Added / Data_Overwritten / File_Closed,0x004E00000000C4CE,0x000200000000194D,usnjrnl_only,False,,,,,,,,,False,FALSE,FALSE,FALSE,,FALSE,,FALSE,False,False,False,True,16,False,374,1736,15,0,False,True,True,True,True,4,,1,2,0,0,0,0,0,0.029540763940562008,LOW,Benign
12/28/23 13:22,12/28/23 13:22,,,cache.dat,\ProgramData\Avast Software\Avast\IDS\malwareprofile\cache.dat,,,\ProgramData\Avast Software\Avast\IDS\malwareprofile\cache.dat|cache.dat,1746461136.0,File_Created / Basic_Info_Changed / Data_Added / Data_Overwritten / File_Renamed_New,0x002600000000C6B4,0x00060000000198CB,usnjrnl_only,False,,,,,,,,,False,FALSE,FALSE,FALSE,,FALSE,,FALSE,False,False,False,True,9,False,3770,1736,15,1,False,True,True,False,False,6,,1,1,0,0,0,0,0,0.0298144208085607,LOW,Benign
12/28/23 13:22,12/28/23 13:22,,,cache.dat,\ProgramData\Avast Software\Avast\IDS\malwareprofile\cache.dat,,,\ProgramData\Avast Software\Avast\IDS\malwareprofile\cache.dat|cache.dat,1746461216.0,File_Created / Basic_Info_Changed / Data_Added / Data_Overwritten / File_Renamed_New / File_Closed,0x002600000000C6B4,0x00060000000198CB,usnjrnl_only,False,,,,,,,,,False,FALSE,FALSE,FALSE,,FALSE,,FALSE,False,False,False,True,9,False,3770,1736,15,0,False,True,True,True,True,6,,1,2,0,0,0,0,0,0.01988188851507617,LOW,Benign
12/28/23 13:22,12/28/23 13:22,,,FileCoAuth-2023-12-28.0522.5308.1.aodl,\Users\blueangel\AppData\Local\Microsoft\OneDrive\logs\Common\FileCoAuth-2023-12-28.0522.5308.1.aodl,,,\Users\blueangel\AppData\Local\Microsoft\OneDrive\logs\Common\FileCoAuth-2023-12-28.0522.5308.1.aodl|FileCoAuth-2023-12-28.0522.5308.1.aodl,1746463632.0,File_Created / Basic_Info_Changed / Data_Added,0x001000000000C4D0,0x000200000001E4E0,usnjrnl_only,False,,,,,,,,,False,FALSE,FALSE,FALSE,,FALSE,,FALSE,False,False,False,True,38,False,10,1736,15,14,False,True,True,False,False,9,,1,2,0,0,0,0,0,0.0298144208085607,LOW,Benign
12/28/23 13:22,12/28/23 13:22,,,FileCoAuth-2023-12-28.0522.5308.1.aodl,\Users\blueangel\AppData\Local\Microsoft\OneDrive\logs\Common\FileCoAuth-2023-12-28.0522.5308.1.aodl,,,\Users\blueangel\AppData\Local\Microsoft\OneDrive\logs\Common\FileCoAuth-2023-12-28.0522.5308.1.aodl|FileCoAuth-2023-12-28.0522.5308.1.aodl,1746463768.0,File_Created / Basic_Info_Changed / Data_Added / File_Closed,0x001000000000C4D0,0x000200000001E4E0,usnjrnl_only,False,,,,,,,,,False,FALSE,FALSE,FALSE,,FALSE,,FALSE,False,False,False,True,38,False,10,1736,15,0,False,True,True,True,True,9,,1,3,0,0,0,0,0,0.02983134003007721,LOW,Benign
12/28/23 13:22,12/28/23 13:22,,,logUploaderSettings.ini,\Users\blueangel\AppData\Local\Microsoft\OneDrive\settings\Personal\logUploaderSettings.ini,,,\Users\blueangel\AppData\Local\Microsoft\OneDrive\settings\Personal\logUploaderSettings.ini|logUploaderSettings.ini,1746475816.0,Basic_Info_Changed / Data_Added / Data_Overwritten / Data_Truncated,0x000200000001A9A0,0x000100000001AB1F,usnjrnl_only,False,,,,,,,,,False,FALSE,FALSE,FALSE,,FALSE,,FALSE,False,False,False,True,23,False,294,1736,15,25,False,True,True,False,False,9,,1,1,0,0,0,0,0,0.0298144208085607,LOW,Benign
12/28/23 13:22,12/28/23 13:22,,,logUploaderSettings.ini,\Users\blueangel\AppData\Local\Microsoft\OneDrive\settings\Personal\logUploaderSettings.ini,,,\Users\blueangel\AppData\Local\Microsoft\OneDrive\settings\Personal\logUploaderSettings.ini|logUploaderSettings.ini,1746475928.0,Basic_Info_Changed / Data_Added / Data_Overwritten / Data_Truncated / File_Closed,0x000200000001A9A0,0x000100000001AB1F,usnjrnl_only,False,,,,,,,,,False,FALSE,FALSE,FALSE,,FALSE,,FALSE,False,False,False,True,23,False,294,1736,15,0,False,True,True,True,True,9,,1,2,0,0,0,0,0,0.01988188851507617,LOW,Benign
12/28/23 13:23,12/28/23 13:23,,,nodes.dat,\ProgramData\Avast Software\Avast\IDS\malwareprofile\nodes.dat,,,\ProgramData\Avast Software\Avast\IDS\malwareprofile\nodes.dat|nodes.dat,1746482624.0,File_Created / Basic_Info_Changed / Data_Added / Data_Overwritten / Data_Truncated / File_Renamed_New,0x000200000000C713,0x00060000000198CB,usnjrnl_only,False,,,,,,,,,False,FALSE,FALSE,FALSE,,FALSE,,FALSE,False,False,False,True,9,False,2536,1736,15,11,False,True,True,False,False,6,,1,1,0,0,0,0,0,0.0298144208085607,LOW,Benign
12/28/23 13:23,12/28/23 13:23,,,nodes.dat,\ProgramData\Avast Software\Avast\IDS\malwareprofile\nodes.dat,,,\ProgramData\Avast Software\Avast\IDS\malwareprofile\nodes.dat|nodes.dat,1746482704.0,File_Created / Basic_Info_Changed / Data_Added / Data_Overwritten / Data_Truncated / File_Renamed_New / File_Closed,0x000200000000C713,0x00060000000198CB,usnjrnl_only,False,,,,,,,,,False,FALSE,FALSE,FALSE,,FALSE,,FALSE,False,False,False,True,9,False,2536,1736,15,0,False,True,True,True,True,6,,1,2,0,0,0,0,0,0.01988188851507617,LOW,Benign
12/28/23 13:23,12/28/23 13:23,,,backup.dat,\ProgramData\Avast Software\Avast\IDS\malwareprofile\backup.dat,,,\ProgramData\Avast Software\Avast\IDS\malwareprofile\backup.dat|backup.dat,1746483024.0,Basic_Info_Changed / Data_Added / Data_Overwritten / Data_Truncated,0x0002000000013ECB,0x00060000000198CB,usnjrnl_only,False,,,,,,,,,False,FALSE,FALSE,FALSE,,FALSE,,FALSE,False,False,False,True,10,False,1182,1736,15,0,False,True,True,False,False,6,,1,1,0,0,0,0,0,0.0298144208085607,LOW,Benign
12/28/23 13:23,12/28/23 13:23,,,backup.dat,\ProgramData\Avast Software\Avast\IDS\malwareprofile\backup.dat,,,\ProgramData\Avast Software\Avast\IDS\malwareprofile\backup.dat|backup.dat,1746483104.0,Basic_Info_Changed / Data_Added / Data_Overwritten / Data_Truncated / File_Closed,0x0002000000013ECB,0x00060000000198CB,usnjrnl_only,False,,,,,,,,,False,FALSE,FALSE,FALSE,,FALSE,,FALSE,False,False,False,True,10,False,1182,1736,15,0,False,True,True,True,True,6,,1,2,0,0,0,0,0,0.01988188851507617,LOW,Benign
12/28/23 13:27,12/28/23 13:27,,,History,,,,|History,1746537808.0,File_Created / Basic_Info_Changed / Data_Added / Data_Overwritten,0x000200000000C722,0x000200000000C71F,usnjrnl_only,False,,,,,,,,,False,FALSE,FALSE,FALSE,,FALSE,,FALSE,False,False,False,True,7,False,846,1736,61,258,False,True,True,False,False,0,,1,2,0,0,0,0,0,0.0298144208085607,LOW,Benign
12/28/23 13:27,12/28/23 13:27,,,History,,,,|History,1746537888.0,File_Created / Basic_Info_Changed / Data_Added / Data_Overwritten / File_Closed,0x000200000000C722,0x000200000000C71F,usnjrnl_only,False,,,,,,,,,False,FALSE,FALSE,FALSE,,FALSE,,FALSE,False,False,False,True,7,False,846,1736,61,0,False,True,True,True,True,0,,1,3,0,0,0,0,0,0.039471202534307116,LOW,Benign
12/28/23 13:27,12/28/23 13:27,,,History,,,,|History,1746537968.0,Basic_Info_Changed,0x000200000000C722,0x000200000000C71F,usnjrnl_only,False,,,,,,,,,False,FALSE,FALSE,FALSE,,FALSE,,FALSE,False,False,False,False,7,False,846,1736,61,0,False,True,True,False,False,0,,1,2,0,0,0,0,0,0.03939157148687472,LOW,Benign
12/28/23 13:27,12/28/23 13:27,,,History,,,,|History,1746538048.0,Basic_Info_Changed / File_Closed,0x000200000000C722,0x000200000000C71F,usnjrnl_only,False,,,,,,,,,False,FALSE,FALSE,FALSE,,FALSE,,FALSE,False,False,False,False,7,False,846,1736,61,0,False,True,True,True,True,0,,1,3,0,0,0,0,0,0.029540763940562008,LOW,Benign
12/28/23 13:27,12/28/23 13:27,,,Web Data,,,,|Web Data,1746538656.0,File_Created / Basic_Info_Changed / Data_Added / Data_Overwritten,0x000200000000C72D,0x000300000000C722,usnjrnl_only,False,,,,,,,,,False,FALSE,FALSE,FALSE,,FALSE,,FALSE,False,False,False,True,8,False,188,1736,61,0,False,True,True,False,False,0,,1,2,0,0,0,0,0,0.0298144208085607,LOW,Benign
12/28/23 13:27,12/28/23 13:27,,,Web Data,,,,|Web Data,1746538736.0,File_Created / Basic_Info_Changed / Data_Added / Data_Overwritten / File_Closed,0x000200000000C72D,0x000300000000C722,usnjrnl_only,False,,,,,,,,,False,FALSE,FALSE,FALSE,,FALSE,,FALSE,False,False,False,True,8,False,188,1736,61,0,False,True,True,True,True,0,,1,3,0,0,0,0,0,0.039471202534307116,LOW,Benign
12/28/23 13:27,12/28/23 13:27,,,History,,,,|History,1746539360.0,File_Created / Basic_Info_Changed / Data_Added / Data_Overwritten,0x000200000000C733,0x000200000000C730,usnjrnl_only,True,,,,,,,,,False,FALSE,FALSE,FALSE,,FALSE,,FALSE,False,False,False,True,7,False,846,1736,61,1,False,True,True,False,False,0,,1,2,1,0,0,0,0,0.0298144208085607,LOW,Benign
12/28/23 13:27,12/28/23 13:27,,,History,,,,|History,1746539440.0,File_Created / Basic_Info_Changed / Data_Added / Data_Overwritten / File_Closed,0x000200000000C733,0x000200000000C730,usnjrnl_only,True,,,,,,,,,False,FALSE,FALSE,FALSE,,FALSE,,FALSE,False,False,False,True,7,False,846,1736,61,0,False,True,True,True,True,0,,1,3,1,0,0,0,0,0.029812327108821278,LOW,Benign
12/28/23 13:27,12/28/23 13:27,,,History,,,,|History,1746539520.0,Basic_Info_Changed,0x000200000000C733,0x000200000000C730,usnjrnl_only,True,,,,,,,,,False,FALSE,FALSE,FALSE,,FALSE,,FALSE,False,False,False,False,7,False,846,1736,61,0,False,True,True,False,False,0,,1,2,1,0,0,0,0,0.03939157148687472,LOW,Benign
12/28/23 13:27,12/28/23 13:27,,,History,,,,|History,1746539600.0,Basic_Info_Changed / File_Closed,0x000200000000C733,0x000200000000C730,usnjrnl_only,True,,,,,,,,,False,FALSE,FALSE,FALSE,,FALSE,,FALSE,False,False,False,False,7,False,846,1736,61,0,False,True,True,True,True,0,,1,3,1,0,0,0,0,0.01988188851507617,LOW,Benign
12/28/23 13:27,12/28/23 13:27,,,search.json.mozlz4,,,,|search.json.mozlz4,1746540240.0,File_Created / Basic_Info_Changed / Data_Added / Data_Overwritten,0x000200000000C734,0x000300000000C733,usnjrnl_only,False,,,,,,,,,False,FALSE,FALSE,FALSE,,FALSE,,FALSE,False,False,False,True,18,False,332,1736,61,0,False,True,True,False,False,0,,1,2,0,0,0,0,0,0.0298144208085607,LOW,Benign
12/28/23 13:27,12/28/23 13:27,,,search.json.mozlz4,,,,|search.json.mozlz4,1746540336.0,File_Created / Basic_Info_Changed / Data_Added / Data_Overwritten / File_Closed,0x000200000000C734,0x000300000000C733,usnjrnl_only,False,,,,,,,,,False,FALSE,FALSE,FALSE,,FALSE,,FALSE,False,False,False,True,18,False,332,1736,61,0,False,True,True,True,True,0,,1,3,0,0,0,0,0,0.039471202534307116,LOW,Benign
12/28/23 13:27,12/28/23 13:27,,,search.json.mozlz4,,,,|search.json.mozlz4,1746540720.0,Basic_Info_Changed / Data_Added / Data_Overwritten / Data_Truncated,0x000200000000C734,0x000300000000C733,usnjrnl_only,False,,,,,,,,,False,FALSE,FALSE,FALSE,,FALSE,,FALSE,False,False,False,True,18,False,332,1736,61,0,False,True,True,False,False,0,,1,2,0,0,0,0,0,0.0298144208085607,LOW,Benign
12/28/23 13:27,12/28/23 13:27,,,search.json.mozlz4,,,,|search.json.mozlz4,1746540816.0,Basic_Info_Changed / Data_Added / Data_Overwritten / Data_Truncated / File_Closed,0x000200000000C734,0x000300000000C733,usnjrnl_only,False,,,,,,,,,False,FALSE,FALSE,FALSE,,FALSE,,FALSE,False,False,False,True,18,False,332,1736,61,0,False,True,True,True,True,0,,1,3,0,0,0,0,0,0.029540763940562008,LOW,Benign
12/28/23 13:27,12/28/23 13:27,,,search.json.mozlz4,,,,|search.json.mozlz4,1746541200.0,Basic_Info_Changed,0x000200000000C734,0x000300000000C733,usnjrnl_only,False,,,,,,,,,False,FALSE,FALSE,FALSE,,FALSE,,FALSE,False,False,False,False,18,False,332,1736,61,0,False,True,True,False,False,0,,1,2,0,0,0,0,0,0.03939157148687472,LOW,Benign
12/28/23 13:27,12/28/23 13:27,,,search.json.mozlz4,,,,|search.json.mozlz4,1746541296.0,Basic_Info_Changed / File_Closed,0x000200000000C734,0x000300000000C733,usnjrnl_only,False,,,,,,,,,False,FALSE,FALSE,FALSE,,FALSE,,FALSE,False,False,False,False,18,False,332,1736,61,0,False,True,True,True,True,0,,1,3,0,0,0,0,0,0.029540763940562008,LOW,Benign
12/28/23 13:27,12/28/23 13:27,,,places.sqlite,,,,|places.sqlite,1746541752.0,File_Created / Basic_Info_Changed / Data_Added / Data_Overwritten,0x000300000000C734,0x000300000000C733,usnjrnl_only,False,,,,,,,,,False,FALSE,FALSE,FALSE,,FALSE,,FALSE,False,False,False,True,13,False,422,1736,61,0,False,True,True,False,False,0,,1,2,0,0,0,0,0,0.0298144208085607,LOW,Benign
12/28/23 13:27,12/28/23 13:27,,,places.sqlite,,,,|places.sqlite,1746541840.0,File_Created / Basic_Info_Changed / Data_Added / Data_Overwritten / File_Closed,0x000300000000C734,0x000300000000C733,usnjrnl_only,False,,,,,,,,,False,FALSE,FALSE,FALSE,,FALSE,,FALSE,False,False,False,True,13,False,422,1736,61,0,False,True,True,True,True,0,,1,3,0,0,0,0,0,0.039471202534307116,LOW,Benign
12/28/23 13:27,12/28/23 13:27,,,places.sqlite,,,,|places.sqlite,1746542688.0,Basic_Info_Changed,0x000300000000C734,0x000300000000C733,usnjrnl_only,False,,,,,,,,,False,FALSE,FALSE,FALSE,,FALSE,,FALSE,False,False,False,False,13,False,422,1736,61,0,False,True,True,False,False,0,,1,2,0,0,0,0,0,0.03939157148687472,LOW,Benign
12/28/23 13:27,12/28/23 13:27,,,places.sqlite,,,,|places.sqlite,1746542776.0,Basic_Info_Changed / File_Closed,0x000300000000C734,0x000300000000C733,usnjrnl_only,False,,,,,,,,,False,FALSE,FALSE,FALSE,,FALSE,,FALSE,False,False,False,False,13,False,422,1736,61,0,False,True,True,True,True,0,,1,3,0,0,0,0,0,0.029540763940562008,LOW,Benign
12/28/23 13:27,12/28/23 13:27,,,History,,,,|History,1746543192.0,File_Created / Basic_Info_Changed / Data_Added / Data_Overwritten,0x000400000000C734,0x000200000000C71F,usnjrnl_only,True,,,,,,,,,False,FALSE,FALSE,FALSE,,FALSE,,FALSE,False,False,False,True,7,False,846,1736,61,0,False,True,True,False,False,0,,1,2,1,0,0,0,0,0.0298144208085607,LOW,Benign
12/28/23 13:27,12/28/23 13:27,,,History,,,,|History,1746543272.0,File_Created / Basic_Info_Changed / Data_Added / Data_Overwritten / File_Closed,0x000400000000C734,0x000200000000C71F,usnjrnl_only,True,,,,,,,,,False,FALSE,FALSE,FALSE,,FALSE,,FALSE,False,False,False,True,7,False,846,1736,61,0,False,True,True,True,True,0,,1,3,1,0,0,0,0,0.029812327108821278,LOW,Benign
12/28/23 13:27,12/28/23 13:27,,,History,,,,|History,1746543352.0,Basic_Info_Changed,0x000400000000C734,0x000200000000C71F,usnjrnl_only,True,,,,,,,,,False,FALSE,FALSE,FALSE,,FALSE,,FALSE,False,False,False,False,7,False,846,1736,61,0,False,True,True,False,False,0,,1,2,1,0,0,0,0,0.03939157148687472,LOW,Benign
12/28/23 13:27,12/28/23 13:27,,,History,,,,|History,1746543432.0,Basic_Info_Changed / File_Closed,0x000400000000C734,0x000200000000C71F,usnjrnl_only,True,,,,,,,,,False,FALSE,FALSE,FALSE,,FALSE,,FALSE,False,False,False,False,7,False,846,1736,61,0,False,True,True,True,True,0,,1,3,1,0,0,0,0,0.01988188851507617,LOW,Benign
12/28/23 13:27,12/28/23 13:27,,,History,,,,|History,1746543832.0,File_Created / Basic_Info_Changed / Data_Added / Data_Overwritten,0x000500000000C734,0x000200000000C71F,usnjrnl_only,True,,,,,,,,,False,FALSE,FALSE,FALSE,,FALSE,,FALSE,False,False,False,True,7,False,846,1736,61,0,False,True,True,False,False,0,,1,2,1,0,0,0,0,0.0298144208085607,LOW,Benign
12/28/23 13:27,12/28/23 13:27,,,History,,,,|History,1746543912.0,File_Created / Basic_Info_Changed / Data_Added / Data_Overwritten / File_Closed,0x000500000000C734,0x000200000000C71F,usnjrnl_only,True,,,,,,,,,False,FALSE,FALSE,FALSE,,FALSE,,FALSE,False,False,False,True,7,False,846,1736,61,0,False,True,True,True,True,0,,1,3,1,0,0,0,0,0.029812327108821278,LOW,Benign
12/28/23 13:27,12/28/23 13:27,,,History,,,,|History,1746543992.0,Basic_Info_Changed,0x000500000000C734,0x000200000000C71F,usnjrnl_only,True,,,,,,,,,False,FALSE,FALSE,FALSE,,FALSE,,FALSE,False,False,False,False,7,False,846,1736,61,0,False,True,True,False,False,0,,1,2,1,0,0,0,0,0.03939157148687472,LOW,Benign
12/28/23 13:27,12/28/23 13:27,,,History,,,,|History,1746544072.0,Basic_Info_Changed / File_Closed,0x000500000000C734,0x000200000000C71F,usnjrnl_only,True,,,,,,,,,False,FALSE,FALSE,FALSE,,FALSE,,FALSE,False,False,False,False,7,False,846,1736,61,0,False,True,True,True,True,0,,1,3,1,0,0,0,0,0.01988188851507617,LOW,Benign
12/28/23 13:27,12/28/23 13:27,,,History,,,,|History,1746544472.0,File_Created / Basic_Info_Changed / Data_Added / Data_Overwritten,0x000600000000C734,0x000200000000C730,usnjrnl_only,True,,,,,,,,,False,FALSE,FALSE,FALSE,,FALSE,,FALSE,False,False,False,True,7,False,846,1736,61,0,False,True,True,False,False,0,,1,2,1,0,0,0,0,0.0298144208085607,LOW,Benign
12/28/23 13:27,12/28/23 13:27,,,History,,,,|History,1746544552.0,File_Created / Basic_Info_Changed / Data_Added / Data_Overwritten / File_Closed,0x000600000000C734,0x000200000000C730,usnjrnl_only,True,,,,,,,,,False,FALSE,FALSE,FALSE,,FALSE,,FALSE,False,False,False,True,7,False,846,1736,61,0,False,True,True,True,True,0,,1,3,1,0,0,0,0,0.029812327108821278,LOW,Benign
12/28/23 13:27,12/28/23 13:27,,,History,,,,|History,1746544632.0,Basic_Info_Changed,0x000600000000C734,0x000200000000C730,usnjrnl_only,True,,,,,,,,,False,FALSE,FALSE,FALSE,,FALSE,,FALSE,False,False,False,False,7,False,846,1736,61,0,False,True,True,False,False,0,,1,2,1,0,0,0,0,0.03939157148687472,LOW,Benign
12/28/23 13:27,12/28/23 13:27,,,History,,,,|History,1746544712.0,Basic_Info_Changed / File_Closed,0x000600000000C734,0x000200000000C730,usnjrnl_only,True,,,,,,,,,False,FALSE,FALSE,FALSE,,FALSE,,FALSE,False,False,False,False,7,False,846,1736,61,0,False,True,True,True,True,0,,1,3,1,0,0,0,0,0.01988188851507617,LOW,Benign
12/28/23 13:27,12/28/23 13:27,,,History,,,,|History,1746545112.0,File_Created / Basic_Info_Changed / Data_Added / Data_Overwritten,0x000700000000C734,0x000200000000C730,usnjrnl_only,True,,,,,,,,,False,FALSE,FALSE,FALSE,,FALSE,,FALSE,False,False,False,True,7,False,846,1736,61,0,False,True,True,False,False,0,,1,2,1,0,0,0,0,0.0298144208085607,LOW,Benign
12/28/23 13:27,12/28/23 13:27,,,History,,,,|History,1746545192.0,File_Created / Basic_Info_Changed / Data_Added / Data_Overwritten / File_Closed,0x000700000000C734,0x000200000000C730,usnjrnl_only,True,,,,,,,,,False,FALSE,FALSE,FALSE,,FALSE,,FALSE,False,False,False,True,7,False,846,1736,61,0,False,True,True,True,True,0,,1,3,1,0,0,0,0,0.029812327108821278,LOW,Benign
12/28/23 13:27,12/28/23 13:27,,,History,,,,|History,1746545272.0,Basic_Info_Changed,0x000700000000C734,0x000200000000C730,usnjrnl_only,True,,,,,,,,,False,FALSE,FALSE,FALSE,,FALSE,,FALSE,False,False,False,False,7,False,846,1736,61,0,False,True,True,False,False,0,,1,2,1,0,0,0,0,0.03939157148687472,LOW,Benign
12/28/23 13:27,12/28/23 13:27,,,History,,,,|History,1746545352.0,Basic_Info_Changed / File_Closed,0x000700000000C734,0x000200000000C730,usnjrnl_only,True,,,,,,,,,False,FALSE,FALSE,FALSE,,FALSE,,FALSE,False,False,False,False,7,False,846,1736,61,0,False,True,True,True,True,0,,1,3,1,0,0,0,0,0.01988188851507617,LOW,Benign
12/28/23 13:27,12/28/23 13:27,,,cookies.sqlite,,,,|cookies.sqlite,1746545776.0,File_Created / Basic_Info_Changed / Data_Added / Data_Overwritten,0x000800000000C734,0x000300000000C733,usnjrnl_only,False,,,,,,,,,False,FALSE,FALSE,FALSE,,FALSE,,FALSE,False,False,False,True,14,False,140,1736,61,0,False,True,True,False,False,0,,1,2,0,0,0,0,0,0.0298144208085607,LOW,Benign
12/28/23 13:27,12/28/23 13:27,,,cookies.sqlite,,,,|cookies.sqlite,1746545864.0,File_Created / Basic_Info_Changed / Data_Added / Data_Overwritten / File_Closed,0x000800000000C734,0x000300000000C733,usnjrnl_only,False,,,,,,,,,False,FALSE,FALSE,FALSE,,FALSE,,FALSE,False,False,False,True,14,False,140,1736,61,0,False,True,True,True,True,0,,1,3,0,0,0,0,0,0.039471202534307116,LOW,Benign
12/28/23 13:27,12/28/23 13:27,,,cookies.sqlite,,,,|cookies.sqlite,1746546688.0,Basic_Info_Changed,0x000800000000C734,0x000300000000C733,usnjrnl_only,False,,,,,,,,,False,FALSE,FALSE,FALSE,,FALSE,,FALSE,False,False,False,False,14,False,140,1736,61,0,False,True,True,False,False,0,,1,2,0,0,0,0,0,0.03939157148687472,LOW,Benign
12/28/23 13:27,12/28/23 13:27,,,cookies.sqlite,,,,|cookies.sqlite,1746546776.0,Basic_Info_Changed / File_Closed,0x000800000000C734,0x000300000000C733,usnjrnl_only,False,,,,,,,,,False,FALSE,FALSE,FALSE,,FALSE,,FALSE,False,False,False,False,14,False,140,1736,61,0,False,True,True,True,True,0,,1,3,0,0,0,0,0,0.029540763940562008,LOW,Benign
12/28/23 13:27,12/28/23 13:27,,,places.sqlite,,,,|places.sqlite,1746547216.0,File_Created / Basic_Info_Changed / Data_Added / Data_Overwritten,0x000900000000C734,0x000300000000C733,usnjrnl_only,False,,,,,,,,,False,FALSE,FALSE,FALSE,,FALSE,,FALSE,False,False,False,True,13,False,422,1736,61,0,False,True,True,False,False,0,,1,2,0,0,0,0,0,0.0298144208085607,LOW,Benign
12/28/23 13:27,12/28/23 13:27,,,places.sqlite,,,,|places.sqlite,1746547304.0,File_Created / Basic_Info_Changed / Data_Added / Data_Overwritten / File_Closed,0x000900000000C734,0x000300000000C733,usnjrnl_only,False,,,,,,,,,False,FALSE,FALSE,FALSE,,FALSE,,FALSE,False,False,False,True,13,False,422,1736,61,0,False,True,True,True,True,0,,1,3,0,0,0,0,0,0.039471202534307116,LOW,Benign
12/28/23 13:27,12/28/23 13:27,,,places.sqlite,,,,|places.sqlite,1746548064.0,Basic_Info_Changed,0x000900000000C734,0x000300000000C733,usnjrnl_only,False,,,,,,,,,False,FALSE,FALSE,FALSE,,FALSE,,FALSE,False,False,False,False,13,False,422,1736,61,0,False,True,True,False,False,0,,1,2,0,0,0,0,0,0.03939157148687472,LOW,Benign
12/28/23 13:27,12/28/23 13:27,,,places.sqlite,,,,|places.sqlite,1746548152.0,Basic_Info_Changed / File_Closed,0x000900000000C734,0x000300000000C733,usnjrnl_only,False,,,,,,,,,False,FALSE,FALSE,FALSE,,FALSE,,FALSE,False,False,False,False,13,False,422,1736,61,0,False,True,True,True,True,0,,1,3,0,0,0,0,0,0.029540763940562008,LOW,Benign
12/28/23 13:27,12/28/23 13:27,,,places.sqlite,,,,|places.sqlite,1746548592.0,File_Created / Basic_Info_Changed / Data_Added / Data_Overwritten,0x000A00000000C734,0x000300000000C733,usnjrnl_only,False,,,,,,,,,False,FALSE,FALSE,FALSE,,FALSE,,FALSE,False,False,False,True,13,False,422,1736,61,0,False,True,True,False,False,0,,1,2,0,0,0,0,0,0.0298144208085607,LOW,Benign
12/28/23 13:27,12/28/23 13:27,,,places.sqlite,,,,|places.sqlite,1746548680.0,File_Created / Basic_Info_Changed / Data_Added / Data_Overwritten / File_Closed,0x000A00000000C734,0x000300000000C733,usnjrnl_only,False,,,,,,,,,False,FALSE,FALSE,FALSE,,FALSE,,FALSE,False,False,False,True,13,False,422,1736,61,0,False,True,True,True,True,0,,1,3,0,0,0,0,0,0.039471202534307116,LOW,Benign
12/28/23 13:27,12/28/23 13:27,,,places.sqlite,,,,|places.sqlite,1746549440.0,Basic_Info_Changed,0x000A00000000C734,0x000300000000C733,usnjrnl_only,False,,,,,,,,,False,FALSE,FALSE,FALSE,,FALSE,,FALSE,False,False,False,False,13,False,422,1736,61,0,False,True,True,False,False,0,,1,2,0,0,0,0,0,0.03939157148687472,LOW,Benign
12/28/23 13:27,12/28/23 13:27,,,places.sqlite,,,,|places.sqlite,1746549528.0,Basic_Info_Changed / File_Closed,0x000A00000000C734,0x000300000000C733,usnjrnl_only,False,,,,,,,,,False,FALSE,FALSE,FALSE,,FALSE,,FALSE,False,False,False,False,13,False,422,1736,61,0,False,True,True,True,True,0,,1,3,0,0,0,0,0,0.029540763940562008,LOW,Benign
12/28/23 13:28,12/28/23 13:28,,,MoUsoCoreWorker.bfbeee06-fa33-4764-83bb-772ab58ab69f.1.etl,\ProgramData\USOShared\Logs\System\MoUsoCoreWorker.bfbeee06-fa33-4764-83bb-772ab58ab69f.1.etl,,,\ProgramData\USOShared\Logs\System\MoUsoCoreWorker.bfbeee06-fa33-4764-83bb-772ab58ab69f.1.etl|MoUsoCoreWorker.bfbeee06-fa33-4764-83bb-772ab58ab69f.1.etl,1746559760.0,File_Created / Basic_Info_Changed,0x000400000000B8C9,0x0001000000000624,usnjrnl_only,False,,,,,,,,,False,FALSE,FALSE,FALSE,,FALSE,,FALSE,False,False,False,False,58,False,20,1736,61,46,False,True,True,False,False,5,,1,1,0,0,0,0,0,0.0298144208085607,LOW,Benign
12/28/23 13:28,12/28/23 13:28,,,MoUsoCoreWorker.bfbeee06-fa33-4764-83bb-772ab58ab69f.1.etl,\ProgramData\USOShared\Logs\System\MoUsoCoreWorker.bfbeee06-fa33-4764-83bb-772ab58ab69f.1.etl,,,\ProgramData\USOShared\Logs\System\MoUsoCoreWorker.bfbeee06-fa33-4764-83bb-772ab58ab69f.1.etl|MoUsoCoreWorker.bfbeee06-fa33-4764-83bb-772ab58ab69f.1.etl,1746559936.0,File_Created / Basic_Info_Changed / Data_Added,0x000400000000B8C9,0x0001000000000624,usnjrnl_only,False,,,,,,,,,False,FALSE,FALSE,FALSE,,FALSE,,FALSE,False,False,False,False,58,False,20,1736,61,0,False,True,True,False,False,5,,1,1,0,0,0,0,0,0.0298144208085607,LOW,Benign
12/28/23 13:28,12/28/23 13:28,,,WuProvider.d969b152-1f76-4b90-9010-97e89a398106.1.etl,\ProgramData\USOShared\Logs\System\WuProvider.d969b152-1f76-4b90-9010-97e89a398106.1.etl,,,\ProgramData\USOShared\Logs\System\WuProvider.d969b152-1f76-4b90-9010-97e89a398106.1.etl|WuProvider.d969b152-1f76-4b90-9010-97e89a398106.1.etl,1746560448.0,File_Created / Basic_Info_Changed,0x004700000000C717,0x0001000000000624,usnjrnl_only,False,,,,,,,,,False,FALSE,FALSE,FALSE,,FALSE,,FALSE,False,False,False,False,53,False,20,1736,61,0,False,True,True,False,False,5,,1,1,0,0,0,0,0,0.0298144208085607,LOW,Benign
12/28/23 13:28,12/28/23 13:28,,,WuProvider.d969b152-1f76-4b90-9010-97e89a398106.1.etl,\ProgramData\USOShared\Logs\System\WuProvider.d969b152-1f76-4b90-9010-97e89a398106.1.etl,,,\ProgramData\USOShared\Logs\System\WuProvider.d969b152-1f76-4b90-9010-97e89a398106.1.etl|WuProvider.d969b152-1f76-4b90-9010-97e89a398106.1.etl,1746560616.0,File_Created / Basic_Info_Changed / Data_Added,0x004700000000C717,0x0001000000000624,usnjrnl_only,False,,,,,,,,,False,FALSE,FALSE,FALSE,,FALSE,,FALSE,False,False,False,False,53,False,20,1736,61,0,False,True,True,False,False,5,,1,1,0,0,0,0,0,0.0298144208085607,LOW,Benign
12/28/23 13:28,12/28/23 13:28,,,WindowsUpdate.20231228.142814.057.1.etl,\Windows\Logs\WindowsUpdate\WindowsUpdate.20231228.142814.057.1.etl,,,\Windows\Logs\WindowsUpdate\WindowsUpdate.20231228.142814.057.1.etl|WindowsUpdate.20231228.142814.057.1.etl,1746560928.0,File_Created / Basic_Info_Changed / Content_Indexed_Attr_Changed,0x000300000000C718,0x000100000001A7D0,usnjrnl_only,False,,,,,,,,,False,FALSE,FALSE,FALSE,,FALSE,,FALSE,False,False,False,False,39,False,20,1736,61,1,False,True,True,False,False,4,,1,1,0,0,0,0,0,0.0298144208085607,LOW,Benign
12/28/23 13:28,12/28/23 13:28,,,WindowsUpdate.20231228.142814.057.1.etl,\Windows\Logs\WindowsUpdate\WindowsUpdate.20231228.142814.057.1.etl,,,\Windows\Logs\WindowsUpdate\WindowsUpdate.20231228.142814.057.1.etl|WindowsUpdate.20231228.142814.057.1.etl,1746561072.0,File_Created / Basic_Info_Changed / Data_Added / Content_Indexed_Attr_Changed,0x000300000000C718,0x000100000001A7D0,usnjrnl_only,False,,,,,,,,,False,FALSE,FALSE,FALSE,,FALSE,,FALSE,False,False,False,False,39,False,20,1736,61,0,False,True,True,False,False,4,,1,1,0,0,0,0,0,0.0298144208085607,LOW,Benign
12/28/23 13:28,12/28/23 13:28,,,waasmedic.20231228_052814_275.etl,\Windows\Logs\waasmedic\waasmedic.20231228_052814_275.etl,,,\Windows\Logs\waasmedic\waasmedic.20231228_052814_275.etl|waasmedic.20231228_052814_275.etl,1746562384.0,File_Created / Basic_Info_Changed / Content_Indexed_Attr_Changed,0x000300000000C71A,0x000100000001A208,usnjrnl_only,False,,,,,,,,,False,FALSE,FALSE,FALSE,,FALSE,,FALSE,False,False,False,False,33,False,20,1736,61,0,False,True,True,False,False,4,,1,1,0,0,0,0,0,0.039773830643638035,LOW,Benign
12/28/23 13:28,12/28/23 13:28,,,waasmedic.20231228_052814_275.etl,\Windows\Logs\waasmedic\waasmedic.20231228_052814_275.etl,,,\Windows\Logs\waasmedic\waasmedic.20231228_052814_275.etl|waasmedic.20231228_052814_275.etl,1746562512.0,File_Created / Basic_Info_Changed / Data_Added / Content_Indexed_Attr_Changed,0x000300000000C71A,0x000100000001A208,usnjrnl_only,False,,,,,,,,,False,FALSE,FALSE,FALSE,,FALSE,,FALSE,False,False,False,False,33,False,20,1736,61,0,False,True,True,False,False,4,,1,1,0,0,0,0,0,0.039773830643638035,LOW,Benign
12/28/23 13:28,12/28/23 13:28,,,waasmedic.20231228_052814_275.etl,\Windows\Logs\waasmedic\waasmedic.20231228_052814_275.etl,,,\Windows\Logs\waasmedic\waasmedic.20231228_052814_275.etl|waasmedic.20231228_052814_275.etl,1746564528.0,File_Created / Basic_Info_Changed / Data_Added / Data_Overwritten / Content_Indexed_Attr_Changed,0x000300000000C71A,0x000100000001A208,usnjrnl_only,False,,,,,,,,,False,FALSE,FALSE,FALSE,,FALSE,,FALSE,False,False,False,False,33,False,20,1736,61,0,False,True,True,False,False,4,,1,1,0,0,0,0,0,0.039773830643638035,LOW,Benign
12/28/23 13:29,12/28/23 13:29,,,waasmedic.20231228_052814_275.etl,\Windows\Logs\waasmedic\waasmedic.20231228_052814_275.etl,,,\Windows\Logs\waasmedic\waasmedic.20231228_052814_275.etl|waasmedic.20231228_052814_275.etl,1746581488.0,File_Created / Basic_Info_Changed / Data_Added / Data_Overwritten / Content_Indexed_Attr_Changed / File_Closed,0x000300000000C71A,0x000100000001A208,usnjrnl_only,False,,,,,,,,,False,FALSE,FALSE,FALSE,,FALSE,,FALSE,False,False,False,True,33,False,20,1736,61,60,False,True,True,True,True,4,,1,2,0,0,0,0,0,0.04452844941680551,LOW,Benign
12/28/23 13:29,12/28/23 13:29,,,MoUsoCoreWorker.bfbeee06-fa33-4764-83bb-772ab58ab69f.1.etl,\ProgramData\USOShared\Logs\System\MoUsoCoreWorker.bfbeee06-fa33-4764-83bb-772ab58ab69f.1.etl,,,\ProgramData\USOShared\Logs\System\MoUsoCoreWorker.bfbeee06-fa33-4764-83bb-772ab58ab69f.1.etl|MoUsoCoreWorker.bfbeee06-fa33-4764-83bb-772ab58ab69f.1.etl,1746582632.0,File_Created / Basic_Info_Changed / Data_Added / Data_Overwritten,0x000400000000B8C9,0x0001000000000624,usnjrnl_only,False,,,,,,,,,False,FALSE,FALSE,FALSE,,FALSE,,FALSE,False,False,False,False,58,False,20,1736,61,1,False,True,True,False,False,5,,1,1,0,0,0,0,0,0.0298144208085607,LOW,Benign
12/28/23 13:29,12/28/23 13:29,,,MoUsoCoreWorker.bfbeee06-fa33-4764-83bb-772ab58ab69f.1.etl,\ProgramData\USOShared\Logs\System\MoUsoCoreWorker.bfbeee06-fa33-4764-83bb-772ab58ab69f.1.etl,,,\ProgramData\USOShared\Logs\System\MoUsoCoreWorker.bfbeee06-fa33-4764-83bb-772ab58ab69f.1.etl|MoUsoCoreWorker.bfbeee06-fa33-4764-83bb-772ab58ab69f.1.etl,1746582808.0,File_Created / Basic_Info_Changed / Data_Added / Data_Overwritten / File_Closed,0x000400000000B8C9,0x0001000000000624,usnjrnl_only,False,,,,,,,,,False,FALSE,FALSE,FALSE,,FALSE,,FALSE,False,False,False,True,58,False,20,1736,61,0,False,True,True,True,True,5,,1,2,0,0,0,0,0,0.01988188851507617,LOW,Benign
12/28/23 13:29,12/28/23 13:29,,,WuProvider.d969b152-1f76-4b90-9010-97e89a398106.1.etl,\ProgramData\USOShared\Logs\System\WuProvider.d969b152-1f76-4b90-9010-97e89a398106.1.etl,,,\ProgramData\USOShared\Logs\System\WuProvider.d969b152-1f76-4b90-9010-97e89a398106.1.etl|WuProvider.d969b152-1f76-4b90-9010-97e89a398106.1.etl,1746582984.0,File_Created / Basic_Info_Changed / Data_Added / Data_Overwritten,0x004700000000C717,0x0001000000000624,usnjrnl_only,False,,,,,,,,,False,FALSE,FALSE,FALSE,,FALSE,,FALSE,False,False,False,False,53,False,20,1736,61,0,False,True,True,False,False,5,,1,1,0,0,0,0,0,0.0298144208085607,LOW,Benign
12/28/23 13:29,12/28/23 13:29,,,WuProvider.d969b152-1f76-4b90-9010-97e89a398106.1.etl,\ProgramData\USOShared\Logs\System\WuProvider.d969b152-1f76-4b90-9010-97e89a398106.1.etl,,,\ProgramData\USOShared\Logs\System\WuProvider.d969b152-1f76-4b90-9010-97e89a398106.1.etl|WuProvider.d969b152-1f76-4b90-9010-97e89a398106.1.etl,1746583152.0,File_Created / Basic_Info_Changed / Data_Added / Data_Overwritten / File_Closed,0x004700000000C717,0x0001000000000624,usnjrnl_only,False,,,,,,,,,False,FALSE,FALSE,FALSE,,FALSE,,FALSE,False,False,False,True,53,False,20,1736,61,0,False,True,True,True,True,5,,1,2,0,0,0,0,0,0.01988188851507617,LOW,Benign
12/28/23 13:32,12/28/23 13:32,,,globalLoadable.dat,\ProgramData\Avast Software\Avast\IDS\profile\globalLoadable.dat,,,\ProgramData\Avast Software\Avast\IDS\profile\globalLoadable.dat|globalLoadable.dat,1746618128.0,File_Created / Basic_Info_Changed / Data_Added / Data_Overwritten / File_Renamed_New,0x001D00000000C71F,0x000A00000001F980,usnjrnl_only,False,,,,,,,,,False,FALSE,FALSE,FALSE,,FALSE,,FALSE,False,False,False,True,18,False,3770,1736,5,180,False,True,True,False,False,6,,1,1,0,0,0,0,0,0.0298144208085607,LOW,Benign
12/28/23 13:32,12/28/23 13:32,,,globalLoadable.dat,\ProgramData\Avast Software\Avast\IDS\profile\globalLoadable.dat,,,\ProgramData\Avast Software\Avast\IDS\profile\globalLoadable.dat|globalLoadable.dat,1746618224.0,File_Created / Basic_Info_Changed / Data_Added / Data_Overwritten / File_Renamed_New / File_Closed,0x001D00000000C71F,0x000A00000001F980,usnjrnl_only,False,,,,,,,,,False,FALSE,FALSE,FALSE,,FALSE,,FALSE,False,False,False,True,18,False,3770,1736,5,0,False,True,True,True,True,6,,1,2,0,0,0,0,0,0.01988188851507617,LOW,Benign
12/28/23 13:32,12/28/23 13:32,,,cache.dat,\ProgramData\Avast Software\Avast\IDS\malwareprofile\cache.dat,,,\ProgramData\Avast Software\Avast\IDS\malwareprofile\cache.dat|cache.dat,1746619088.0,File_Created / Basic_Info_Changed / Data_Added / Data_Overwritten / File_Renamed_New,0x007B00000000C42C,0x00060000000198CB,usnjrnl_only,False,,,,,,,,,False,FALSE,FALSE,FALSE,,FALSE,,FALSE,False,False,False,True,9,False,3770,1736,5,3,False,True,True,False,False,6,,1,1,0,0,0,0,0,0.0298144208085607,LOW,Benign
12/28/23 13:32,12/28/23 13:32,,,cache.dat,\ProgramData\Avast Software\Avast\IDS\malwareprofile\cache.dat,,,\ProgramData\Avast Software\Avast\IDS\malwareprofile\cache.dat|cache.dat,1746619168.0,File_Created / Basic_Info_Changed / Data_Added / Data_Overwritten / File_Renamed_New / File_Closed,0x007B00000000C42C,0x00060000000198CB,usnjrnl_only,False,,,,,,,,,False,FALSE,FALSE,FALSE,,FALSE,,FALSE,False,False,False,True,9,False,3770,1736,5,0,False,True,True,True,True,6,,1,2,0,0,0,0,0,0.01988188851507617,LOW,Benign
12/28/23 13:32,12/28/23 13:32,,,FileCoAuth-2023-12-28.0532.6820.1.aodl,\Users\blueangel\AppData\Local\Microsoft\OneDrive\logs\Common\FileCoAuth-2023-12-28.0532.6820.1.aodl,,,\Users\blueangel\AppData\Local\Microsoft\OneDrive\logs\Common\FileCoAuth-2023-12-28.0532.6820.1.aodl|FileCoAuth-2023-12-28.0532.6820.1.aodl,1746622808.0,File_Created / Basic_Info_Changed / Data_Added,0x002900000000C6B4,0x000200000001E4E0,usnjrnl_only,False,,,,,,,,,False,FALSE,FALSE,FALSE,,FALSE,,FALSE,False,False,False,True,38,False,10,1736,5,14,False,True,True,False,False,9,,1,1,0,0,0,0,0,0.0298144208085607,LOW,Benign
12/28/23 13:32,12/28/23 13:32,,,FileCoAuth-2023-12-28.0532.6820.1.aodl,\Users\blueangel\AppData\Local\Microsoft\OneDrive\logs\Common\FileCoAuth-2023-12-28.0532.6820.1.aodl,,,\Users\blueangel\AppData\Local\Microsoft\OneDrive\logs\Common\FileCoAuth-2023-12-28.0532.6820.1.aodl|FileCoAuth-2023-12-28.0532.6820.1.aodl,1746622944.0,File_Created / Basic_Info_Changed / Data_Added / File_Closed,0x002900000000C6B4,0x000200000001E4E0,usnjrnl_only,False,,,,,,,,,False,FALSE,FALSE,FALSE,,FALSE,,FALSE,False,False,False,True,38,False,10,1736,5,0,False,True,True,True,True,9,,1,2,0,0,0,0,0,0.01988188851507617,LOW,Benign
12/28/23 13:38,12/28/23 13:38,,,nodes.dat,\ProgramData\Avast Software\Avast\IDS\malwareprofile\nodes.dat,,,\ProgramData\Avast Software\Avast\IDS\malwareprofile\nodes.dat|nodes.dat,1746697224.0,File_Created / Basic_Info_Changed / Data_Added / Data_Overwritten / Data_Truncated / File_Renamed_New,0x005D00000000C722,0x00060000000198CB,usnjrnl_only,False,,,,,,,,,False,FALSE,FALSE,FALSE,,FALSE,,FALSE,False,False,False,True,9,False,2536,1736,3,338,False,True,True,False,False,6,,1,1,0,0,0,0,0,0.0298144208085607,LOW,Benign
12/28/23 13:38,12/28/23 13:38,,,nodes.dat,\ProgramData\Avast Software\Avast\IDS\malwareprofile\nodes.dat,,,\ProgramData\Avast Software\Avast\IDS\malwareprofile\nodes.dat|nodes.dat,1746697304.0,File_Created / Basic_Info_Changed / Data_Added / Data_Overwritten / Data_Truncated / File_Renamed_New / File_Closed,0x005D00000000C722,0x00060000000198CB,usnjrnl_only,False,,,,,,,,,False,FALSE,FALSE,FALSE,,FALSE,,FALSE,False,False,False,True,9,False,2536,1736,3,0,False,True,True,True,True,6,,1,2,0,0,0,0,0,0.01988188851507617,LOW,Benign
12/28/23 13:38,12/28/23 13:38,,,WindowsUpdate.20231228.142814.057.1.etl,\Windows\Logs\WindowsUpdate\WindowsUpdate.20231228.142814.057.1.etl,,,\Windows\Logs\WindowsUpdate\WindowsUpdate.20231228.142814.057.1.etl|WindowsUpdate.20231228.142814.057.1.etl,1746698560.0,File_Created / Basic_Info_Changed / Data_Added / Data_Overwritten / Content_Indexed_Attr_Changed,0x000300000000C718,0x000100000001A7D0,usnjrnl_only,False,,,,,,,,,False,FALSE,FALSE,FALSE,,FALSE,,FALSE,False,False,False,False,39,False,20,1736,3,6,False,True,True,False,False,4,,1,1,0,0,0,0,0,0.0298144208085607,LOW,Benign
12/28/23 13:38,12/28/23 13:38,,,WindowsUpdate.20231228.142814.057.1.etl,\Windows\Logs\WindowsUpdate\WindowsUpdate.20231228.142814.057.1.etl,,,\Windows\Logs\WindowsUpdate\WindowsUpdate.20231228.142814.057.1.etl|WindowsUpdate.20231228.142814.057.1.etl,1746698704.0,File_Created / Basic_Info_Changed / Data_Added / Data_Overwritten / Content_Indexed_Attr_Changed / File_Closed,0x000300000000C718,0x000100000001A7D0,usnjrnl_only,False,,,,,,,,,False,FALSE,FALSE,FALSE,,FALSE,,FALSE,False,False,False,True,39,False,20,1736,3,0,False,True,True,True,True,4,,1,2,0,0,0,0,0,0.029540763940562008,LOW,Benign
12/28/23 13:42,12/28/23 13:42,,,globalLoadable.dat,\ProgramData\Avast Software\Avast\IDS\profile\globalLoadable.dat,,,\ProgramData\Avast Software\Avast\IDS\profile\globalLoadable.dat|globalLoadable.dat,1746743792.0,File_Created / Basic_Info_Changed / Data_Added / Data_Overwritten / File_Renamed_New,0x003B00000000C713,0x000A00000001F980,usnjrnl_only,False,,,,,,,,,False,FALSE,FALSE,FALSE,,FALSE,,FALSE,False,False,False,True,18,False,3770,1736,5,239,False,True,True,False,False,6,,1,1,0,0,0,0,0,0.0298144208085607,LOW,Benign
12/28/23 13:42,12/28/23 13:42,,,globalLoadable.dat,\ProgramData\Avast Software\Avast\IDS\profile\globalLoadable.dat,,,\ProgramData\Avast Software\Avast\IDS\profile\globalLoadable.dat|globalLoadable.dat,1746743888.0,File_Created / Basic_Info_Changed / Data_Added / Data_Overwritten / File_Renamed_New / File_Closed,0x003B00000000C713,0x000A00000001F980,usnjrnl_only,False,,,,,,,,,False,FALSE,FALSE,FALSE,,FALSE,,FALSE,False,False,False,True,18,False,3770,1736,5,0,False,True,True,True,True,6,,1,2,0,0,0,0,0,0.01988188851507617,LOW,Benign
12/28/23 13:42,12/28/23 13:42,,,cache.dat,\ProgramData\Avast Software\Avast\IDS\malwareprofile\cache.dat,,,\ProgramData\Avast Software\Avast\IDS\malwareprofile\cache.dat|cache.dat,1746744752.0,File_Created / Basic_Info_Changed / Data_Added / Data_Overwritten / File_Renamed_New,0x001E00000000C71F,0x00060000000198CB,usnjrnl_only,False,,,,,,,,,False,FALSE,FALSE,FALSE,,FALSE,,FALSE,False,False,False,True,9,False,3770,1736,5,3,False,True,True,False,False,6,,1,1,0,0,0,0,0,0.0298144208085607,LOW,Benign
12/28/23 13:42,12/28/23 13:42,,,cache.dat,\ProgramData\Avast Software\Avast\IDS\malwareprofile\cache.dat,,,\ProgramData\Avast Software\Avast\IDS\malwareprofile\cache.dat|cache.dat,1746744832.0,File_Created / Basic_Info_Changed / Data_Added / Data_Overwritten / File_Renamed_New / File_Closed,0x001E00000000C71F,0x00060000000198CB,usnjrnl_only,False,,,,,,,,,False,FALSE,FALSE,FALSE,,FALSE,,FALSE,False,False,False,True,9,False,3770,1736,5,0,False,True,True,True,True,6,,1,2,0,0,0,0,0,0.01988188851507617,LOW,Benign
12/28/23 13:42,12/28/23 13:42,,,FileCoAuth-2023-12-28.0542.9296.1.aodl,\Users\blueangel\AppData\Local\Microsoft\OneDrive\logs\Common\FileCoAuth-2023-12-28.0542.9296.1.aodl,,,\Users\blueangel\AppData\Local\Microsoft\OneDrive\logs\Common\FileCoAuth-2023-12-28.0542.9296.1.aodl|FileCoAuth-2023-12-28.0542.9296.1.aodl,1746746936.0,File_Created / Basic_Info_Changed / Data_Added,0x007C00000000C42C,0x000200000001E4E0,usnjrnl_only,False,,,,,,,,,False,FALSE,FALSE,FALSE,,FALSE,,FALSE,False,False,False,True,38,False,10,1736,5,14,False,True,True,False,False,9,,1,1,0,0,0,0,0,0.0298144208085607,LOW,Benign
12/28/23 13:42,12/28/23 13:42,,,FileCoAuth-2023-12-28.0542.9296.1.aodl,\Users\blueangel\AppData\Local\Microsoft\OneDrive\logs\Common\FileCoAuth-2023-12-28.0542.9296.1.aodl,,,\Users\blueangel\AppData\Local\Microsoft\OneDrive\logs\Common\FileCoAuth-2023-12-28.0542.9296.1.aodl|FileCoAuth-2023-12-28.0542.9296.1.aodl,1746747072.0,File_Created / Basic_Info_Changed / Data_Added / File_Closed,0x007C00000000C42C,0x000200000001E4E0,usnjrnl_only,False,,,,,,,,,False,FALSE,FALSE,FALSE,,FALSE,,FALSE,False,False,False,True,38,False,10,1736,5,0,False,True,True,True,True,9,,1,2,0,0,0,0,0,0.01988188851507617,LOW,Benign
12/28/23 13:52,12/28/23 13:52,,,globalLoadable.dat,\ProgramData\Avast Software\Avast\IDS\profile\globalLoadable.dat,,,\ProgramData\Avast Software\Avast\IDS\profile\globalLoadable.dat|globalLoadable.dat,1746867352.0,File_Created / Basic_Info_Changed / Data_Added / Data_Overwritten / File_Renamed_New,0x008F00000000C72D,0x000A00000001F980,usnjrnl_only,False,,,,,,,,,False,FALSE,FALSE,FALSE,,FALSE,,FALSE,False,False,False,True,18,False,3770,1736,7,583,False,True,True,False,False,6,,1,1,0,0,0,0,0,0.0298144208085607,LOW,Benign
12/28/23 13:52,12/28/23 13:52,,,globalLoadable.dat,\ProgramData\Avast Software\Avast\IDS\profile\globalLoadable.dat,,,\ProgramData\Avast Software\Avast\IDS\profile\globalLoadable.dat|globalLoadable.dat,1746867448.0,File_Created / Basic_Info_Changed / Data_Added / Data_Overwritten / File_Renamed_New / File_Closed,0x008F00000000C72D,0x000A00000001F980,usnjrnl_only,False,,,,,,,,,False,FALSE,FALSE,FALSE,,FALSE,,FALSE,False,False,False,True,18,False,3770,1736,7,0,False,True,True,True,True,6,,1,2,0,0,0,0,0,0.01988188851507617,LOW,Benign
12/28/23 13:52,12/28/23 13:52,,,cache.dat,\ProgramData\Avast Software\Avast\IDS\malwareprofile\cache.dat,,,\ProgramData\Avast Software\Avast\IDS\malwareprofile\cache.dat|cache.dat,1746868496.0,File_Created / Basic_Info_Changed / Data_Added / Data_Overwritten / File_Renamed_New,0x003C00000000C713,0x00060000000198CB,usnjrnl_only,False,,,,,,,,,False,FALSE,FALSE,FALSE,,FALSE,,FALSE,False,False,False,True,9,False,3770,1736,7,3,False,True,True,False,False,6,,1,1,0,0,0,0,0,0.0298144208085607,LOW,Benign
12/28/23 13:52,12/28/23 13:52,,,cache.dat,\ProgramData\Avast Software\Avast\IDS\malwareprofile\cache.dat,,,\ProgramData\Avast Software\Avast\IDS\malwareprofile\cache.dat|cache.dat,1746868576.0,File_Created / Basic_Info_Changed / Data_Added / Data_Overwritten / File_Renamed_New / File_Closed,0x003C00000000C713,0x00060000000198CB,usnjrnl_only,False,,,,,,,,,False,FALSE,FALSE,FALSE,,FALSE,,FALSE,False,False,False,True,9,False,3770,1736,7,0,False,True,True,True,True,6,,1,2,0,0,0,0,0,0.01988188851507617,LOW,Benign
12/28/23 13:52,12/28/23 13:52,,,FileCoAuth-2023-12-28.0552.6032.1.aodl,\Users\blueangel\AppData\Local\Microsoft\OneDrive\logs\Common\FileCoAuth-2023-12-28.0552.6032.1.aodl,,,\Users\blueangel\AppData\Local\Microsoft\OneDrive\logs\Common\FileCoAuth-2023-12-28.0552.6032.1.aodl|FileCoAuth-2023-12-28.0552.6032.1.aodl,1746872768.0,File_Created / Basic_Info_Changed / Data_Added,0x002200000000C71F,0x000200000001E4E0,usnjrnl_only,False,,,,,,,,,False,FALSE,FALSE,FALSE,,FALSE,,FALSE,False,False,False,True,38,False,10,1736,7,14,False,True,True,False,False,9,,1,1,0,0,0,0,0,0.0298144208085607,LOW,Benign
12/28/23 13:52,12/28/23 13:52,,,FileCoAuth-2023-12-28.0552.6032.1.aodl,\Users\blueangel\AppData\Local\Microsoft\OneDrive\logs\Common\FileCoAuth-2023-12-28.0552.6032.1.aodl,,,\Users\blueangel\AppData\Local\Microsoft\OneDrive\logs\Common\FileCoAuth-2023-12-28.0552.6032.1.aodl|FileCoAuth-2023-12-28.0552.6032.1.aodl,1746872904.0,File_Created / Basic_Info_Changed / Data_Added / File_Closed,0x002200000000C71F,0x000200000001E4E0,usnjrnl_only,False,,,,,,,,,False,FALSE,FALSE,FALSE,,FALSE,,FALSE,False,False,False,True,38,False,10,1736,7,0,False,True,True,True,True,9,,1,2,0,0,0,0,0,0.01988188851507617,LOW,Benign
12/28/23 13:53,12/28/23 13:53,,,nodes.dat,\ProgramData\Avast Software\Avast\IDS\malwareprofile\nodes.dat,,,\ProgramData\Avast Software\Avast\IDS\malwareprofile\nodes.dat|nodes.dat,1746887840.0,File_Created / Basic_Info_Changed / Data_Added / Data_Overwritten / Data_Truncated / File_Renamed_New,0x001500000000C72E,0x00060000000198CB,usnjrnl_only,False,,,,,,,,,False,FALSE,FALSE,FALSE,,FALSE,,FALSE,False,False,False,True,9,False,2536,1736,7,41,False,True,True,False,False,6,,1,1,0,0,0,0,0,0.0298144208085607,LOW,Benign
12/28/23 13:53,12/28/23 13:53,,,nodes.dat,\ProgramData\Avast Software\Avast\IDS\malwareprofile\nodes.dat,,,\ProgramData\Avast Software\Avast\IDS\malwareprofile\nodes.dat|nodes.dat,1746887920.0,File_Created / Basic_Info_Changed / Data_Added / Data_Overwritten / Data_Truncated / File_Renamed_New / File_Closed,0x001500000000C72E,0x00060000000198CB,usnjrnl_only,False,,,,,,,,,False,FALSE,FALSE,FALSE,,FALSE,,FALSE,False,False,False,True,9,False,2536,1736,7,0,False,True,True,True,True,6,,1,2,0,0,0,0,0,0.01988188851507617,LOW,Benign
12/28/23 14:02,12/28/23 14:02,,,globalLoadable.dat,\ProgramData\Avast Software\Avast\IDS\profile\globalLoadable.dat,,,\ProgramData\Avast Software\Avast\IDS\profile\globalLoadable.dat|globalLoadable.dat,1746991576.0,File_Created / Basic_Info_Changed / Data_Added / Data_Overwritten / File_Renamed_New,0x013400000000C111,0x000A00000001F980,usnjrnl_only,False,,,,,,,,,False,FALSE,FALSE,FALSE,,FALSE,,FALSE,False,False,False,True,18,False,3770,1736,5,542,False,True,True,False,False,6,,1,1,0,0,0,0,0,0.0298144208085607,LOW,Benign
12/28/23 14:02,12/28/23 14:02,,,globalLoadable.dat,\ProgramData\Avast Software\Avast\IDS\profile\globalLoadable.dat,,,\ProgramData\Avast Software\Avast\IDS\profile\globalLoadable.dat|globalLoadable.dat,1746991672.0,File_Created / Basic_Info_Changed / Data_Added / Data_Overwritten / File_Renamed_New / File_Closed,0x013400000000C111,0x000A00000001F980,usnjrnl_only,False,,,,,,,,,False,FALSE,FALSE,FALSE,,FALSE,,FALSE,False,False,False,True,18,False,3770,1736,5,0,False,True,True,True,True,6,,1,2,0,0,0,0,0,0.01988188851507617,LOW,Benign
12/28/23 14:02,12/28/23 14:02,,,cache.dat,\ProgramData\Avast Software\Avast\IDS\malwareprofile\cache.dat,,,\ProgramData\Avast Software\Avast\IDS\malwareprofile\cache.dat|cache.dat,1746993064.0,File_Created / Basic_Info_Changed / Data_Added / Data_Overwritten / File_Renamed_New,0x009000000000C72D,0x00060000000198CB,usnjrnl_only,False,,,,,,,,,False,FALSE,FALSE,FALSE,,FALSE,,FALSE,False,False,False,True,9,False,3770,1736,5,3,False,True,True,False,False,6,,1,1,0,0,0,0,0,0.0298144208085607,LOW,Benign
12/28/23 14:02,12/28/23 14:02,,,cache.dat,\ProgramData\Avast Software\Avast\IDS\malwareprofile\cache.dat,,,\ProgramData\Avast Software\Avast\IDS\malwareprofile\cache.dat|cache.dat,1746993152.0,File_Created / Basic_Info_Changed / Data_Added / Data_Overwritten / File_Renamed_New / File_Closed,0x009000000000C72D,0x00060000000198CB,usnjrnl_only,False,,,,,,,,,False,FALSE,FALSE,FALSE,,FALSE,,FALSE,False,False,False,True,9,False,3770,1736,5,0,False,True,True,True,True,6,,1,2,0,0,0,0,0,0.01988188851507617,LOW,Benign
12/28/23 14:02,12/28/23 14:02,,,FileCoAuth-2023-12-28.0602.8344.1.aodl,\Users\blueangel\AppData\Local\Microsoft\OneDrive\logs\Common\FileCoAuth-2023-12-28.0602.8344.1.aodl,,,\Users\blueangel\AppData\Local\Microsoft\OneDrive\logs\Common\FileCoAuth-2023-12-28.0602.8344.1.aodl|FileCoAuth-2023-12-28.0602.8344.1.aodl,1746996696.0,File_Created / Basic_Info_Changed / Data_Added,0x003F00000000C713,0x000200000001E4E0,usnjrnl_only,False,,,,,,,,,False,FALSE,FALSE,FALSE,,FALSE,,FALSE,False,False,False,True,38,False,10,1736,5,14,False,True,True,False,False,9,,1,1,0,0,0,0,0,0.0298144208085607,LOW,Benign
12/28/23 14:02,12/28/23 14:02,,,FileCoAuth-2023-12-28.0602.8344.1.aodl,\Users\blueangel\AppData\Local\Microsoft\OneDrive\logs\Common\FileCoAuth-2023-12-28.0602.8344.1.aodl,,,\Users\blueangel\AppData\Local\Microsoft\OneDrive\logs\Common\FileCoAuth-2023-12-28.0602.8344.1.aodl|FileCoAuth-2023-12-28.0602.8344.1.aodl,1746996832.0,File_Created / Basic_Info_Changed / Data_Added / File_Closed,0x003F00000000C713,0x000200000001E4E0,usnjrnl_only,False,,,,,,,,,False,FALSE,FALSE,FALSE,,FALSE,,FALSE,False,False,False,True,38,False,10,1736,5,0,False,True,True,True,True,9,,1,2,0,0,0,0,0,0.01988188851507617,LOW,Benign
12/28/23 14:08,12/28/23 14:08,,,nodes.dat,\ProgramData\Avast Software\Avast\IDS\malwareprofile\nodes.dat,,,\ProgramData\Avast Software\Avast\IDS\malwareprofile\nodes.dat|nodes.dat,1747091688.0,File_Created / Basic_Info_Changed / Data_Added / Data_Overwritten / Data_Truncated / File_Renamed_New,0x005200000000C733,0x00060000000198CB,usnjrnl_only,False,,,,,,,,,False,FALSE,FALSE,FALSE,,FALSE,,FALSE,False,False,False,True,9,False,2536,1736,1,344,False,True,True,False,False,6,,1,1,0,0,0,0,0,0.0298144208085607,LOW,Benign
12/28/23 14:08,12/28/23 14:08,,,nodes.dat,\ProgramData\Avast Software\Avast\IDS\malwareprofile\nodes.dat,,,\ProgramData\Avast Software\Avast\IDS\malwareprofile\nodes.dat|nodes.dat,1747091768.0,File_Created / Basic_Info_Changed / Data_Added / Data_Overwritten / Data_Truncated / File_Renamed_New / File_Closed,0x005200000000C733,0x00060000000198CB,usnjrnl_only,False,,,,,,,,,False,FALSE,FALSE,FALSE,,FALSE,,FALSE,False,False,False,True,9,False,2536,1736,1,0,False,True,True,True,True,6,,1,2,0,0,0,0,0,0.01988188851507617,LOW,Benign
12/28/23 14:12,12/28/23 14:12,,,globalLoadable.dat,\ProgramData\Avast Software\Avast\IDS\profile\globalLoadable.dat,,,\ProgramData\Avast Software\Avast\IDS\profile\globalLoadable.dat|globalLoadable.dat,1747136096.0,File_Created / Basic_Info_Changed / Data_Added / Data_Overwritten / File_Renamed_New,0x004D00000000C72E,0x000A00000001F980,usnjrnl_only,False,,,,,,,,,False,FALSE,FALSE,FALSE,,FALSE,,FALSE,False,False,False,True,18,False,3770,1736,5,239,False,True,True,False,False,6,,1,1,0,0,0,0,0,0.0298144208085607,LOW,Benign
12/28/23 14:12,12/28/23 14:12,,,globalLoadable.dat,\ProgramData\Avast Software\Avast\IDS\profile\globalLoadable.dat,,,\ProgramData\Avast Software\Avast\IDS\profile\globalLoadable.dat|globalLoadable.dat,1747136192.0,File_Created / Basic_Info_Changed / Data_Added / Data_Overwritten / File_Renamed_New / File_Closed,0x004D00000000C72E,0x000A00000001F980,usnjrnl_only,False,,,,,,,,,False,FALSE,FALSE,FALSE,,FALSE,,FALSE,False,False,False,True,18,False,3770,1736,5,0,False,True,True,True,True,6,,1,2,0,0,0,0,0,0.01988188851507617,LOW,Benign
12/28/23 14:12,12/28/23 14:12,,,cache.dat,\ProgramData\Avast Software\Avast\IDS\malwareprofile\cache.dat,,,\ProgramData\Avast Software\Avast\IDS\malwareprofile\cache.dat|cache.dat,1747137128.0,File_Created / Basic_Info_Changed / Data_Added / Data_Overwritten / File_Renamed_New,0x013500000000C111,0x00060000000198CB,usnjrnl_only,False,,,,,,,,,False,FALSE,FALSE,FALSE,,FALSE,,FALSE,False,False,False,True,9,False,3770,1736,5,3,False,True,True,False,False,6,,1,1,0,0,0,0,0,0.0298144208085607,LOW,Benign
12/28/23 14:12,12/28/23 14:12,,,cache.dat,\ProgramData\Avast Software\Avast\IDS\malwareprofile\cache.dat,,,\ProgramData\Avast Software\Avast\IDS\malwareprofile\cache.dat|cache.dat,1747137208.0,File_Created / Basic_Info_Changed / Data_Added / Data_Overwritten / File_Renamed_New / File_Closed,0x013500000000C111,0x00060000000198CB,usnjrnl_only,False,,,,,,,,,False,FALSE,FALSE,FALSE,,FALSE,,FALSE,False,False,False,True,9,False,3770,1736,5,0,False,True,True,True,True,6,,1,2,0,0,0,0,0,0.01988188851507617,LOW,Benign
12/28/23 14:12,12/28/23 14:12,,,FileCoAuth-2023-12-28.0612.8512.1.aodl,\Users\blueangel\AppData\Local\Microsoft\OneDrive\logs\Common\FileCoAuth-2023-12-28.0612.8512.1.aodl,,,\Users\blueangel\AppData\Local\Microsoft\OneDrive\logs\Common\FileCoAuth-2023-12-28.0612.8512.1.aodl|FileCoAuth-2023-12-28.0612.8512.1.aodl,1747139840.0,File_Created / Basic_Info_Changed / Data_Added,0x009100000000C72D,0x000200000001E4E0,usnjrnl_only,False,,,,,,,,,False,FALSE,FALSE,FALSE,,FALSE,,FALSE,False,False,False,True,38,False,10,1736,5,14,False,True,True,False,False,9,,1,1,0,0,0,0,0,0.0298144208085607,LOW,Benign
12/28/23 14:12,12/28/23 14:12,,,FileCoAuth-2023-12-28.0612.8512.1.aodl,\Users\blueangel\AppData\Local\Microsoft\OneDrive\logs\Common\FileCoAuth-2023-12-28.0612.8512.1.aodl,,,\Users\blueangel\AppData\Local\Microsoft\OneDrive\logs\Common\FileCoAuth-2023-12-28.0612.8512.1.aodl|FileCoAuth-2023-12-28.0612.8512.1.aodl,1747139976.0,File_Created / Basic_Info_Changed / Data_Added / File_Closed,0x009100000000C72D,0x000200000001E4E0,usnjrnl_only,False,,,,,,,,,False,FALSE,FALSE,FALSE,,FALSE,,FALSE,False,False,False,True,38,False,10,1736,5,0,False,True,True,True,True,9,,1,2,0,0,0,0,0,0.01988188851507617,LOW,Benign
12/28/23 14:22,12/28/23 14:22,,,globalLoadable.dat,\ProgramData\Avast Software\Avast\IDS\profile\globalLoadable.dat,,,\ProgramData\Avast Software\Avast\IDS\profile\globalLoadable.dat|globalLoadable.dat,1747261272.0,File_Created / Basic_Info_Changed / Data_Added / Data_Overwritten / File_Renamed_New,0x007F00000000C43D,0x000A00000001F980,usnjrnl_only,False,,,,,,,,,False,FALSE,FALSE,FALSE,,FALSE,,FALSE,False,False,False,True,18,False,3770,1736,9,584,False,True,True,False,False,6,,1,1,0,0,0,0,0,0.0298144208085607,LOW,Benign
12/28/23 14:22,12/28/23 14:22,,,globalLoadable.dat,\ProgramData\Avast Software\Avast\IDS\profile\globalLoadable.dat,,,\ProgramData\Avast Software\Avast\IDS\profile\globalLoadable.dat|globalLoadable.dat,1747261368.0,File_Created / Basic_Info_Changed / Data_Added / Data_Overwritten / File_Renamed_New / File_Closed,0x007F00000000C43D,0x000A00000001F980,usnjrnl_only,False,,,,,,,,,False,FALSE,FALSE,FALSE,,FALSE,,FALSE,False,False,False,True,18,False,3770,1736,9,0,False,True,True,True,True,6,,1,2,0,0,0,0,0,0.01988188851507617,LOW,Benign
12/28/23 14:22,12/28/23 14:22,,,cache.dat,\ProgramData\Avast Software\Avast\IDS\malwareprofile\cache.dat,,,\ProgramData\Avast Software\Avast\IDS\malwareprofile\cache.dat|cache.dat,1747263952.0,File_Created / Basic_Info_Changed / Data_Added / Data_Overwritten / File_Renamed_New,0x005000000000C72E,0x00060000000198CB,usnjrnl_only,False,,,,,,,,,False,FALSE,FALSE,FALSE,,FALSE,,FALSE,False,False,False,True,9,False,3770,1736,9,2,False,True,True,False,False,6,,1,1,0,0,0,0,0,0.0298144208085607,LOW,Benign
12/28/23 14:22,12/28/23 14:22,,,cache.dat,\ProgramData\Avast Software\Avast\IDS\malwareprofile\cache.dat,,,\ProgramData\Avast Software\Avast\IDS\malwareprofile\cache.dat|cache.dat,1747264032.0,File_Created / Basic_Info_Changed / Data_Added / Data_Overwritten / File_Renamed_New / File_Closed,0x005000000000C72E,0x00060000000198CB,usnjrnl_only,False,,,,,,,,,False,FALSE,FALSE,FALSE,,FALSE,,FALSE,False,False,False,True,9,False,3770,1736,9,0,False,True,True,True,True,6,,1,2,0,0,0,0,0,0.01988188851507617,LOW,Benign
12/28/23 14:22,12/28/23 14:22,,,FileCoAuth-2023-12-28.0622.10672.1.aodl,\Users\blueangel\AppData\Local\Microsoft\OneDrive\logs\Common\FileCoAuth-2023-12-28.0622.10672.1.aodl,,,\Users\blueangel\AppData\Local\Microsoft\OneDrive\logs\Common\FileCoAuth-2023-12-28.0622.10672.1.aodl|FileCoAuth-2023-12-28.0622.10672.1.aodl,1747267056.0,File_Created / Basic_Info_Changed / Data_Added,0x013700000000C111,0x000200000001E4E0,usnjrnl_only,False,,,,,,,,,False,FALSE,FALSE,FALSE,,FALSE,,FALSE,False,False,False,True,39,False,10,1736,9,14,False,True,True,False,False,9,,1,1,0,0,0,0,0,0.0298144208085607,LOW,Benign
12/28/23 14:22,12/28/23 14:22,,,FileCoAuth-2023-12-28.0622.10672.1.aodl,\Users\blueangel\AppData\Local\Microsoft\OneDrive\logs\Common\FileCoAuth-2023-12-28.0622.10672.1.aodl,,,\Users\blueangel\AppData\Local\Microsoft\OneDrive\logs\Common\FileCoAuth-2023-12-28.0622.10672.1.aodl|FileCoAuth-2023-12-28.0622.10672.1.aodl,1747267200.0,File_Created / Basic_Info_Changed / Data_Added / File_Closed,0x013700000000C111,0x000200000001E4E0,usnjrnl_only,False,,,,,,,,,False,FALSE,FALSE,FALSE,,FALSE,,FALSE,False,False,False,True,39,False,10,1736,9,0,False,True,True,True,True,9,,1,2,0,0,0,0,0,0.01988188851507617,LOW,Benign
12/28/23 14:22,12/28/23 14:22,,,logUploaderSettings.ini,\Users\blueangel\AppData\Local\Microsoft\OneDrive\settings\Personal\logUploaderSettings.ini,,,\Users\blueangel\AppData\Local\Microsoft\OneDrive\settings\Personal\logUploaderSettings.ini|logUploaderSettings.ini,1747278976.0,Basic_Info_Changed / Data_Added / Data_Overwritten / Data_Truncated,0x000200000001A9A0,0x000100000001AB1F,usnjrnl_only,False,,,,,,,,,False,FALSE,FALSE,FALSE,,FALSE,,FALSE,False,False,False,True,23,False,294,1736,9,26,False,True,True,False,False,9,,1,1,0,0,0,0,0,0.0298144208085607,LOW,Benign
12/28/23 14:22,12/28/23 14:22,,,logUploaderSettings.ini,\Users\blueangel\AppData\Local\Microsoft\OneDrive\settings\Personal\logUploaderSettings.ini,,,\Users\blueangel\AppData\Local\Microsoft\OneDrive\settings\Personal\logUploaderSettings.ini|logUploaderSettings.ini,1747279088.0,Basic_Info_Changed / Data_Added / Data_Overwritten / Data_Truncated / File_Closed,0x000200000001A9A0,0x000100000001AB1F,usnjrnl_only,False,,,,,,,,,False,FALSE,FALSE,FALSE,,FALSE,,FALSE,False,False,False,True,23,False,294,1736,9,0,False,True,True,True,True,9,,1,2,0,0,0,0,0,0.01988188851507617,LOW,Benign
12/28/23 14:23,12/28/23 14:23,,,nodes.dat,\ProgramData\Avast Software\Avast\IDS\malwareprofile\nodes.dat,,,\ProgramData\Avast Software\Avast\IDS\malwareprofile\nodes.dat|nodes.dat,1747289648.0,File_Created / Basic_Info_Changed / Data_Added / Data_Overwritten / Data_Truncated / File_Renamed_New,0x000800000000C73E,0x00060000000198CB,usnjrnl_only,False,,,,,,,,,False,FALSE,FALSE,FALSE,,FALSE,,FALSE,False,False,False,True,9,False,2536,1736,9,20,False,True,True,False,False,6,,1,1,0,0,0,0,0,0.0298144208085607,LOW,Benign
12/28/23 14:23,12/28/23 14:23,,,nodes.dat,\ProgramData\Avast Software\Avast\IDS\malwareprofile\nodes.dat,,,\ProgramData\Avast Software\Avast\IDS\malwareprofile\nodes.dat|nodes.dat,1747289728.0,File_Created / Basic_Info_Changed / Data_Added / Data_Overwritten / Data_Truncated / File_Renamed_New / File_Closed,0x000800000000C73E,0x00060000000198CB,usnjrnl_only,False,,,,,,,,,False,FALSE,FALSE,FALSE,,FALSE,,FALSE,False,False,False,True,9,False,2536,1736,9,0,False,True,True,True,True,6,,1,2,0,0,0,0,0,0.01988188851507617,LOW,Benign
12/28/23 14:28,12/28/23 14:28,,,MoUsoCoreWorker.6f1f9bbc-915e-4171-bbd6-a0a8e4e51c70.1.etl,\ProgramData\USOShared\Logs\System\MoUsoCoreWorker.6f1f9bbc-915e-4171-bbd6-a0a8e4e51c70.1.etl,,,\ProgramData\USOShared\Logs\System\MoUsoCoreWorker.6f1f9bbc-915e-4171-bbd6-a0a8e4e51c70.1.etl|MoUsoCoreWorker.6f1f9bbc-915e-4171-bbd6-a0a8e4e51c70.1.etl,1747351728.0,File_Created / Basic_Info_Changed,0x00370000000086FA,0x0001000000000624,usnjrnl_only,False,,,,,,,,,False,FALSE,FALSE,FALSE,,FALSE,,FALSE,False,False,False,False,58,False,20,1736,13,296,False,True,True,False,False,5,,1,1,0,0,0,0,0,0.0298144208085607,LOW,Benign
12/28/23 14:28,12/28/23 14:28,,,MoUsoCoreWorker.6f1f9bbc-915e-4171-bbd6-a0a8e4e51c70.1.etl,\ProgramData\USOShared\Logs\System\MoUsoCoreWorker.6f1f9bbc-915e-4171-bbd6-a0a8e4e51c70.1.etl,,,\ProgramData\USOShared\Logs\System\MoUsoCoreWorker.6f1f9bbc-915e-4171-bbd6-a0a8e4e51c70.1.etl|MoUsoCoreWorker.6f1f9bbc-915e-4171-bbd6-a0a8e4e51c70.1.etl,1747351904.0,File_Created / Basic_Info_Changed / Data_Added,0x00370000000086FA,0x0001000000000624,usnjrnl_only,False,,,,,,,,,False,FALSE,FALSE,FALSE,,FALSE,,FALSE,False,False,False,False,58,False,20,1736,13,0,False,True,True,False,False,5,,1,1,0,0,0,0,0,0.0298144208085607,LOW,Benign
12/28/23 14:28,12/28/23 14:28,,,WuProvider.1f2b2b08-aee9-40a5-be81-3234dd29a1ac.1.etl,\ProgramData\USOShared\Logs\System\WuProvider.1f2b2b08-aee9-40a5-be81-3234dd29a1ac.1.etl,,,\ProgramData\USOShared\Logs\System\WuProvider.1f2b2b08-aee9-40a5-be81-3234dd29a1ac.1.etl|WuProvider.1f2b2b08-aee9-40a5-be81-3234dd29a1ac.1.etl,1747352416.0,File_Created / Basic_Info_Changed,0x003500000000C746,0x0001000000000624,usnjrnl_only,False,,,,,,,,,False,FALSE,FALSE,FALSE,,FALSE,,FALSE,False,False,False,False,53,False,20,1736,13,0,False,True,True,False,False,5,,1,1,0,0,0,0,0,0.0298144208085607,LOW,Benign
12/28/23 14:28,12/28/23 14:28,,,WuProvider.1f2b2b08-aee9-40a5-be81-3234dd29a1ac.1.etl,\ProgramData\USOShared\Logs\System\WuProvider.1f2b2b08-aee9-40a5-be81-3234dd29a1ac.1.etl,,,\ProgramData\USOShared\Logs\System\WuProvider.1f2b2b08-aee9-40a5-be81-3234dd29a1ac.1.etl|WuProvider.1f2b2b08-aee9-40a5-be81-3234dd29a1ac.1.etl,1747352584.0,File_Created / Basic_Info_Changed / Data_Added,0x003500000000C746,0x0001000000000624,usnjrnl_only,False,,,,,,,,,False,FALSE,FALSE,FALSE,,FALSE,,FALSE,False,False,False,False,53,False,20,1736,13,0,False,True,True,False,False,5,,1,1,0,0,0,0,0,0.0298144208085607,LOW,Benign
12/28/23 14:28,12/28/23 14:28,,,WindowsUpdate.20231228.152814.063.1.etl,\Windows\Logs\WindowsUpdate\WindowsUpdate.20231228.152814.063.1.etl,,,\Windows\Logs\WindowsUpdate\WindowsUpdate.20231228.152814.063.1.etl|WindowsUpdate.20231228.152814.063.1.etl,1747352896.0,File_Created / Basic_Info_Changed / Content_Indexed_Attr_Changed,0x000300000000C747,0x000100000001A7D0,usnjrnl_only,False,,,,,,,,,False,FALSE,FALSE,FALSE,,FALSE,,FALSE,False,False,False,False,39,False,20,1736,13,0,False,True,True,False,False,4,,1,1,0,0,0,0,0,0.0298144208085607,LOW,Benign
12/28/23 14:28,12/28/23 14:28,,,WindowsUpdate.20231228.152814.063.1.etl,\Windows\Logs\WindowsUpdate\WindowsUpdate.20231228.152814.063.1.etl,,,\Windows\Logs\WindowsUpdate\WindowsUpdate.20231228.152814.063.1.etl|WindowsUpdate.20231228.152814.063.1.etl,1747353040.0,File_Created / Basic_Info_Changed / Data_Added / Content_Indexed_Attr_Changed,0x000300000000C747,0x000100000001A7D0,usnjrnl_only,False,,,,,,,,,False,FALSE,FALSE,FALSE,,FALSE,,FALSE,False,False,False,False,39,False,20,1736,13,0,False,True,True,False,False,4,,1,1,0,0,0,0,0,0.0298144208085607,LOW,Benign
12/28/23 14:28,12/28/23 14:28,,,waasmedic.20231228_062814_282.etl,\Windows\Logs\waasmedic\waasmedic.20231228_062814_282.etl,,,\Windows\Logs\waasmedic\waasmedic.20231228_062814_282.etl|waasmedic.20231228_062814_282.etl,1747354256.0,File_Created / Basic_Info_Changed / Content_Indexed_Attr_Changed,0x001400000000C749,0x000100000001A208,usnjrnl_only,False,,,,,,,,,False,FALSE,FALSE,FALSE,,FALSE,,FALSE,False,False,False,False,33,False,20,1736,13,0,False,True,True,False,False,4,,1,1,0,0,0,0,0,0.039773830643638035,LOW,Benign
12/28/23 14:28,12/28/23 14:28,,,waasmedic.20231228_062814_282.etl,\Windows\Logs\waasmedic\waasmedic.20231228_062814_282.etl,,,\Windows\Logs\waasmedic\waasmedic.20231228_062814_282.etl|waasmedic.20231228_062814_282.etl,1747354384.0,File_Created / Basic_Info_Changed / Data_Added / Content_Indexed_Attr_Changed,0x001400000000C749,0x000100000001A208,usnjrnl_only,False,,,,,,,,,False,FALSE,FALSE,FALSE,,FALSE,,FALSE,False,False,False,False,33,False,20,1736,13,0,False,True,True,False,False,4,,1,1,0,0,0,0,0,0.039773830643638035,LOW,Benign
12/28/23 14:28,12/28/23 14:28,,,waasmedic.20231228_062814_282.etl,\Windows\Logs\waasmedic\waasmedic.20231228_062814_282.etl,,,\Windows\Logs\waasmedic\waasmedic.20231228_062814_282.etl|waasmedic.20231228_062814_282.etl,1747356336.0,File_Created / Basic_Info_Changed / Data_Added / Data_Overwritten / Content_Indexed_Attr_Changed,0x001400000000C749,0x000100000001A208,usnjrnl_only,False,,,,,,,,,False,FALSE,FALSE,FALSE,,FALSE,,FALSE,False,False,False,False,33,False,20,1736,13,0,False,True,True,False,False,4,,1,1,0,0,0,0,0,0.039773830643638035,LOW,Benign
12/28/23 14:29,12/28/23 14:29,,,waasmedic.20231228_062814_282.etl,\Windows\Logs\waasmedic\waasmedic.20231228_062814_282.etl,,,\Windows\Logs\waasmedic\waasmedic.20231228_062814_282.etl|waasmedic.20231228_062814_282.etl,1747372168.0,File_Created / Basic_Info_Changed / Data_Added / Data_Overwritten / Content_Indexed_Attr_Changed / File_Closed,0x001400000000C749,0x000100000001A208,usnjrnl_only,False,,,,,,,,,False,FALSE,FALSE,FALSE,,FALSE,,FALSE,False,False,False,True,33,False,20,1736,13,60,False,True,True,True,True,4,,1,2,0,0,0,0,0,0.03591128942202132,LOW,Benign
12/28/23 14:29,12/28/23 14:29,,,MoUsoCoreWorker.6f1f9bbc-915e-4171-bbd6-a0a8e4e51c70.1.etl,\ProgramData\USOShared\Logs\System\MoUsoCoreWorker.6f1f9bbc-915e-4171-bbd6-a0a8e4e51c70.1.etl,,,\ProgramData\USOShared\Logs\System\MoUsoCoreWorker.6f1f9bbc-915e-4171-bbd6-a0a8e4e51c70.1.etl|MoUsoCoreWorker.6f1f9bbc-915e-4171-bbd6-a0a8e4e51c70.1.etl,1747373488.0,File_Created / Basic_Info_Changed / Data_Added / Data_Overwritten,0x00370000000086FA,0x0001000000000624,usnjrnl_only,False,,,,,,,,,False,FALSE,FALSE,FALSE,,FALSE,,FALSE,False,False,False,False,58,False,20,1736,13,1,False,True,True,False,False,5,,1,1,0,0,0,0,0,0.0298144208085607,LOW,Benign
12/28/23 14:29,12/28/23 14:29,,,MoUsoCoreWorker.6f1f9bbc-915e-4171-bbd6-a0a8e4e51c70.1.etl,\ProgramData\USOShared\Logs\System\MoUsoCoreWorker.6f1f9bbc-915e-4171-bbd6-a0a8e4e51c70.1.etl,,,\ProgramData\USOShared\Logs\System\MoUsoCoreWorker.6f1f9bbc-915e-4171-bbd6-a0a8e4e51c70.1.etl|MoUsoCoreWorker.6f1f9bbc-915e-4171-bbd6-a0a8e4e51c70.1.etl,1747373664.0,File_Created / Basic_Info_Changed / Data_Added / Data_Overwritten / File_Closed,0x00370000000086FA,0x0001000000000624,usnjrnl_only,False,,,,,,,,,False,FALSE,FALSE,FALSE,,FALSE,,FALSE,False,False,False,True,58,False,20,1736,13,0,False,True,True,True,True,5,,1,2,0,0,0,0,0,0.01988188851507617,LOW,Benign
12/28/23 14:29,12/28/23 14:29,,,WuProvider.1f2b2b08-aee9-40a5-be81-3234dd29a1ac.1.etl,\ProgramData\USOShared\Logs\System\WuProvider.1f2b2b08-aee9-40a5-be81-3234dd29a1ac.1.etl,,,\ProgramData\USOShared\Logs\System\WuProvider.1f2b2b08-aee9-40a5-be81-3234dd29a1ac.1.etl|WuProvider.1f2b2b08-aee9-40a5-be81-3234dd29a1ac.1.etl,1747373840.0,File_Created / Basic_Info_Changed / Data_Added / Data_Overwritten,0x003500000000C746,0x0001000000000624,usnjrnl_only,False,,,,,,,,,False,FALSE,FALSE,FALSE,,FALSE,,FALSE,False,False,False,False,53,False,20,1736,13,0,False,True,True,False,False,5,,1,1,0,0,0,0,0,0.0298144208085607,LOW,Benign
12/28/23 14:29,12/28/23 14:29,,,WuProvider.1f2b2b08-aee9-40a5-be81-3234dd29a1ac.1.etl,\ProgramData\USOShared\Logs\System\WuProvider.1f2b2b08-aee9-40a5-be81-3234dd29a1ac.1.etl,,,\ProgramData\USOShared\Logs\System\WuProvider.1f2b2b08-aee9-40a5-be81-3234dd29a1ac.1.etl|WuProvider.1f2b2b08-aee9-40a5-be81-3234dd29a1ac.1.etl,1747374080.0,File_Created / Basic_Info_Changed / Data_Added / Data_Overwritten / File_Closed,0x003500000000C746,0x0001000000000624,usnjrnl_only,False,,,,,,,,,False,FALSE,FALSE,FALSE,,FALSE,,FALSE,False,False,False,True,53,False,20,1736,13,0,False,True,True,True,True,5,,1,2,0,0,0,0,0,0.01988188851507617,LOW,Benign
12/28/23 14:32,12/28/23 14:32,,,globalLoadable.dat,\ProgramData\Avast Software\Avast\IDS\profile\globalLoadable.dat,,,\ProgramData\Avast Software\Avast\IDS\profile\globalLoadable.dat|globalLoadable.dat,1747411440.0,File_Created / Basic_Info_Changed / Data_Added / Data_Overwritten / File_Renamed_New,0x000200000000C750,0x000A00000001F980,usnjrnl_only,False,,,,,,,,,False,FALSE,FALSE,FALSE,,FALSE,,FALSE,False,False,False,True,18,False,3770,1736,5,181,False,True,True,False,False,6,,1,1,0,0,0,0,0,0.0298144208085607,LOW,Benign
12/28/23 14:32,12/28/23 14:32,,,globalLoadable.dat,\ProgramData\Avast Software\Avast\IDS\profile\globalLoadable.dat,,,\ProgramData\Avast Software\Avast\IDS\profile\globalLoadable.dat|globalLoadable.dat,1747411536.0,File_Created / Basic_Info_Changed / Data_Added / Data_Overwritten / File_Renamed_New / File_Closed,0x000200000000C750,0x000A00000001F980,usnjrnl_only,False,,,,,,,,,False,FALSE,FALSE,FALSE,,FALSE,,FALSE,False,False,False,True,18,False,3770,1736,5,0,False,True,True,True,True,6,,1,2,0,0,0,0,0,0.01988188851507617,LOW,Benign
12/28/23 14:32,12/28/23 14:32,,,cache.dat,\ProgramData\Avast Software\Avast\IDS\malwareprofile\cache.dat,,,\ProgramData\Avast Software\Avast\IDS\malwareprofile\cache.dat|cache.dat,1747412400.0,File_Created / Basic_Info_Changed / Data_Added / Data_Overwritten / File_Renamed_New,0x008000000000C43D,0x00060000000198CB,usnjrnl_only,False,,,,,,,,,False,FALSE,FALSE,FALSE,,FALSE,,FALSE,False,False,False,True,9,False,3770,1736,5,2,False,True,True,False,False,6,,1,1,0,0,0,0,0,0.0298144208085607,LOW,Benign
12/28/23 14:32,12/28/23 14:32,,,cache.dat,\ProgramData\Avast Software\Avast\IDS\malwareprofile\cache.dat,,,\ProgramData\Avast Software\Avast\IDS\malwareprofile\cache.dat|cache.dat,1747412480.0,File_Created / Basic_Info_Changed / Data_Added / Data_Overwritten / File_Renamed_New / File_Closed,0x008000000000C43D,0x00060000000198CB,usnjrnl_only,False,,,,,,,,,False,FALSE,FALSE,FALSE,,FALSE,,FALSE,False,False,False,True,9,False,3770,1736,5,0,False,True,True,True,True,6,,1,2,0,0,0,0,0,0.01988188851507617,LOW,Benign
12/28/23 14:32,12/28/23 14:32,,,FileCoAuth-2023-12-28.0632.4288.1.aodl,\Users\blueangel\AppData\Local\Microsoft\OneDrive\logs\Common\FileCoAuth-2023-12-28.0632.4288.1.aodl,,,\Users\blueangel\AppData\Local\Microsoft\OneDrive\logs\Common\FileCoAuth-2023-12-28.0632.4288.1.aodl|FileCoAuth-2023-12-28.0632.4288.1.aodl,1747416176.0,File_Created / Basic_Info_Changed / Data_Added,0x005100000000C72E,0x000200000001E4E0,usnjrnl_only,False,,,,,,,,,False,FALSE,FALSE,FALSE,,FALSE,,FALSE,False,False,False,True,38,False,10,1736,5,14,False,True,True,False,False,9,,1,1,0,0,0,0,0,0.0298144208085607,LOW,Benign
12/28/23 14:32,12/28/23 14:32,,,FileCoAuth-2023-12-28.0632.4288.1.aodl,\Users\blueangel\AppData\Local\Microsoft\OneDrive\logs\Common\FileCoAuth-2023-12-28.0632.4288.1.aodl,,,\Users\blueangel\AppData\Local\Microsoft\OneDrive\logs\Common\FileCoAuth-2023-12-28.0632.4288.1.aodl|FileCoAuth-2023-12-28.0632.4288.1.aodl,1747416312.0,File_Created / Basic_Info_Changed / Data_Added / File_Closed,0x005100000000C72E,0x000200000001E4E0,usnjrnl_only,False,,,,,,,,,False,FALSE,FALSE,FALSE,,FALSE,,FALSE,False,False,False,True,38,False,10,1736,5,0,False,True,True,True,True,9,,1,2,0,0,0,0,0,0.01988188851507617,LOW,Benign
12/28/23 14:38,12/28/23 14:38,,,WindowsUpdate.20231228.152814.063.1.etl,\Windows\Logs\WindowsUpdate\WindowsUpdate.20231228.152814.063.1.etl,,,\Windows\Logs\WindowsUpdate\WindowsUpdate.20231228.152814.063.1.etl|WindowsUpdate.20231228.152814.063.1.etl,1747492040.0,File_Created / Basic_Info_Changed / Data_Added / Data_Overwritten / Content_Indexed_Attr_Changed,0x000300000000C747,0x000100000001A7D0,usnjrnl_only,False,,,,,,,,,False,FALSE,FALSE,FALSE,,FALSE,,FALSE,False,False,False,False,39,False,20,1736,3,344,False,True,True,False,False,4,,1,1,0,0,0,0,0,0.0298144208085607,LOW,Benign
12/28/23 14:38,12/28/23 14:38,,,WindowsUpdate.20231228.152814.063.1.etl,\Windows\Logs\WindowsUpdate\WindowsUpdate.20231228.152814.063.1.etl,,,\Windows\Logs\WindowsUpdate\WindowsUpdate.20231228.152814.063.1.etl|WindowsUpdate.20231228.152814.063.1.etl,1747492184.0,File_Created / Basic_Info_Changed / Data_Added / Data_Overwritten / Content_Indexed_Attr_Changed / File_Closed,0x000300000000C747,0x000100000001A7D0,usnjrnl_only,False,,,,,,,,,False,FALSE,FALSE,FALSE,,FALSE,,FALSE,False,False,False,True,39,False,20,1736,3,0,False,True,True,True,True,4,,1,2,0,0,0,0,0,0.029540763940562008,LOW,Benign
12/28/23 14:38,12/28/23 14:38,,,nodes.dat,\ProgramData\Avast Software\Avast\IDS\malwareprofile\nodes.dat,,,\ProgramData\Avast Software\Avast\IDS\malwareprofile\nodes.dat|nodes.dat,1747493480.0,File_Created / Basic_Info_Changed / Data_Added / Data_Overwritten / Data_Truncated / File_Renamed_New,0x005C00000000C751,0x00060000000198CB,usnjrnl_only,False,,,,,,,,,False,FALSE,FALSE,FALSE,,FALSE,,FALSE,False,False,False,True,9,False,2536,1736,3,5,False,True,True,False,False,6,,1,1,0,0,0,0,0,0.0298144208085607,LOW,Benign
12/28/23 14:38,12/28/23 14:38,,,nodes.dat,\ProgramData\Avast Software\Avast\IDS\malwareprofile\nodes.dat,,,\ProgramData\Avast Software\Avast\IDS\malwareprofile\nodes.dat|nodes.dat,1747493560.0,File_Created / Basic_Info_Changed / Data_Added / Data_Overwritten / Data_Truncated / File_Renamed_New / File_Closed,0x005C00000000C751,0x00060000000198CB,usnjrnl_only,False,,,,,,,,,False,FALSE,FALSE,FALSE,,FALSE,,FALSE,False,False,False,True,9,False,2536,1736,3,0,False,True,True,True,True,6,,1,2,0,0,0,0,0,0.01988188851507617,LOW,Benign
12/28/23 14:42,12/28/23 14:42,,,globalLoadable.dat,\ProgramData\Avast Software\Avast\IDS\profile\globalLoadable.dat,,,\ProgramData\Avast Software\Avast\IDS\profile\globalLoadable.dat|globalLoadable.dat,1747570048.0,File_Created / Basic_Info_Changed / Data_Added / Data_Overwritten / File_Renamed_New,0x004300000000C73E,0x000A00000001F980,usnjrnl_only,False,,,,,,,,,False,FALSE,FALSE,FALSE,,FALSE,,FALSE,False,False,False,True,18,False,3770,1736,5,235,False,True,True,False,False,6,,1,1,0,0,0,0,0,0.0298144208085607,LOW,Benign
12/28/23 14:42,12/28/23 14:42,,,globalLoadable.dat,\ProgramData\Avast Software\Avast\IDS\profile\globalLoadable.dat,,,\ProgramData\Avast Software\Avast\IDS\profile\globalLoadable.dat|globalLoadable.dat,1747570144.0,File_Created / Basic_Info_Changed / Data_Added / Data_Overwritten / File_Renamed_New / File_Closed,0x004300000000C73E,0x000A00000001F980,usnjrnl_only,False,,,,,,,,,False,FALSE,FALSE,FALSE,,FALSE,,FALSE,False,False,False,True,18,False,3770,1736,5,0,False,True,True,True,True,6,,1,2,0,0,0,0,0,0.01988188851507617,LOW,Benign
12/28/23 14:42,12/28/23 14:42,,,cache.dat,\ProgramData\Avast Software\Avast\IDS\malwareprofile\cache.dat,,,\ProgramData\Avast Software\Avast\IDS\malwareprofile\cache.dat|cache.dat,1747571152.0,File_Created / Basic_Info_Changed / Data_Added / Data_Overwritten / File_Renamed_New,0x000300000000C750,0x00060000000198CB,usnjrnl_only,False,,,,,,,,,False,FALSE,FALSE,FALSE,,FALSE,,FALSE,False,False,False,True,9,False,3770,1736,5,2,False,True,True,False,False,6,,1,1,0,0,0,0,0,0.0298144208085607,LOW,Benign
12/28/23 14:42,12/28/23 14:42,,,cache.dat,\ProgramData\Avast Software\Avast\IDS\malwareprofile\cache.dat,,,\ProgramData\Avast Software\Avast\IDS\malwareprofile\cache.dat|cache.dat,1747571232.0,File_Created / Basic_Info_Changed / Data_Added / Data_Overwritten / File_Renamed_New / File_Closed,0x000300000000C750,0x00060000000198CB,usnjrnl_only,False,,,,,,,,,False,FALSE,FALSE,FALSE,,FALSE,,FALSE,False,False,False,True,9,False,3770,1736,5,0,False,True,True,True,True,6,,1,2,0,0,0,0,0,0.01988188851507617,LOW,Benign
12/28/23 14:42,12/28/23 14:42,,,FileCoAuth-2023-12-28.0642.5796.1.aodl,\Users\blueangel\AppData\Local\Microsoft\OneDrive\logs\Common\FileCoAuth-2023-12-28.0642.5796.1.aodl,,,\Users\blueangel\AppData\Local\Microsoft\OneDrive\logs\Common\FileCoAuth-2023-12-28.0642.5796.1.aodl|FileCoAuth-2023-12-28.0642.5796.1.aodl,1747574784.0,File_Created / Basic_Info_Changed / Data_Added,0x008300000000C43D,0x000200000001E4E0,usnjrnl_only,False,,,,,,,,,False,FALSE,FALSE,FALSE,,FALSE,,FALSE,False,False,False,True,38,False,10,1736,5,14,False,True,True,False,False,9,,1,1,0,0,0,0,0,0.0298144208085607,LOW,Benign
12/28/23 14:42,12/28/23 14:42,,,FileCoAuth-2023-12-28.0642.5796.1.aodl,\Users\blueangel\AppData\Local\Microsoft\OneDrive\logs\Common\FileCoAuth-2023-12-28.0642.5796.1.aodl,,,\Users\blueangel\AppData\Local\Microsoft\OneDrive\logs\Common\FileCoAuth-2023-12-28.0642.5796.1.aodl|FileCoAuth-2023-12-28.0642.5796.1.aodl,1747574920.0,File_Created / Basic_Info_Changed / Data_Added / File_Closed,0x008300000000C43D,0x000200000001E4E0,usnjrnl_only,False,,,,,,,,,False,FALSE,FALSE,FALSE,,FALSE,,FALSE,False,False,False,True,38,False,10,1736,5,0,False,True,True,True,True,9,,1,2,0,0,0,0,0,0.01988188851507617,LOW,Benign
12/28/23 14:52,12/28/23 14:52,,,globalLoadable.dat,\ProgramData\Avast Software\Avast\IDS\profile\globalLoadable.dat,,,\ProgramData\Avast Software\Avast\IDS\profile\globalLoadable.dat|globalLoadable.dat,1747693152.0,File_Created / Basic_Info_Changed / Data_Added / Data_Overwritten / File_Renamed_New,0x008F00000000C755,0x000A00000001F980,usnjrnl_only,False,,,,,,,,,False,FALSE,FALSE,FALSE,,FALSE,,FALSE,False,False,False,True,18,False,3770,1736,7,584,False,True,True,False,False,6,,1,1,0,0,0,0,0,0.0298144208085607,LOW,Benign
12/28/23 14:52,12/28/23 14:52,,,globalLoadable.dat,\ProgramData\Avast Software\Avast\IDS\profile\globalLoadable.dat,,,\ProgramData\Avast Software\Avast\IDS\profile\globalLoadable.dat|globalLoadable.dat,1747693248.0,File_Created / Basic_Info_Changed / Data_Added / Data_Overwritten / File_Renamed_New / File_Closed,0x008F00000000C755,0x000A00000001F980,usnjrnl_only,False,,,,,,,,,False,FALSE,FALSE,FALSE,,FALSE,,FALSE,False,False,False,True,18,False,3770,1736,7,0,False,True,True,True,True,6,,1,2,0,0,0,0,0,0.01988188851507617,LOW,Benign
12/28/23 14:52,12/28/23 14:52,,,cache.dat,\ProgramData\Avast Software\Avast\IDS\malwareprofile\cache.dat,,,\ProgramData\Avast Software\Avast\IDS\malwareprofile\cache.dat|cache.dat,1747694336.0,File_Created / Basic_Info_Changed / Data_Added / Data_Overwritten / File_Renamed_New,0x004400000000C73E,0x00060000000198CB,usnjrnl_only,False,,,,,,,,,False,FALSE,FALSE,FALSE,,FALSE,,FALSE,False,False,False,True,9,False,3770,1736,7,2,False,True,True,False,False,6,,1,1,0,0,0,0,0,0.0298144208085607,LOW,Benign
12/28/23 14:52,12/28/23 14:52,,,cache.dat,\ProgramData\Avast Software\Avast\IDS\malwareprofile\cache.dat,,,\ProgramData\Avast Software\Avast\IDS\malwareprofile\cache.dat|cache.dat,1747694416.0,File_Created / Basic_Info_Changed / Data_Added / Data_Overwritten / File_Renamed_New / File_Closed,0x004400000000C73E,0x00060000000198CB,usnjrnl_only,False,,,,,,,,,False,FALSE,FALSE,FALSE,,FALSE,,FALSE,False,False,False,True,9,False,3770,1736,7,0,False,True,True,True,True,6,,1,2,0,0,0,0,0,0.01988188851507617,LOW,Benign
12/28/23 14:52,12/28/23 14:52,,,FileCoAuth-2023-12-28.0652.5304.1.aodl,\Users\blueangel\AppData\Local\Microsoft\OneDrive\logs\Common\FileCoAuth-2023-12-28.0652.5304.1.aodl,,,\Users\blueangel\AppData\Local\Microsoft\OneDrive\logs\Common\FileCoAuth-2023-12-28.0652.5304.1.aodl|FileCoAuth-2023-12-28.0652.5304.1.aodl,1747698448.0,File_Created / Basic_Info_Changed / Data_Added,0x000700000000C750,0x000200000001E4E0,usnjrnl_only,False,,,,,,,,,False,FALSE,FALSE,FALSE,,FALSE,,FALSE,False,False,False,True,38,False,10,1736,7,14,False,True,True,False,False,9,,1,1,0,0,0,0,0,0.0298144208085607,LOW,Benign
12/28/23 14:52,12/28/23 14:52,,,FileCoAuth-2023-12-28.0652.5304.1.aodl,\Users\blueangel\AppData\Local\Microsoft\OneDrive\logs\Common\FileCoAuth-2023-12-28.0652.5304.1.aodl,,,\Users\blueangel\AppData\Local\Microsoft\OneDrive\logs\Common\FileCoAuth-2023-12-28.0652.5304.1.aodl|FileCoAuth-2023-12-28.0652.5304.1.aodl,1747698584.0,File_Created / Basic_Info_Changed / Data_Added / File_Closed,0x000700000000C750,0x000200000001E4E0,usnjrnl_only,False,,,,,,,,,False,FALSE,FALSE,FALSE,,FALSE,,FALSE,False,False,False,True,38,False,10,1736,7,0,False,True,True,True,True,9,,1,2,0,0,0,0,0,0.01988188851507617,LOW,Benign
12/28/23 14:53,12/28/23 14:53,,,nodes.dat,\ProgramData\Avast Software\Avast\IDS\malwareprofile\nodes.dat,,,\ProgramData\Avast Software\Avast\IDS\malwareprofile\nodes.dat|nodes.dat,1747714968.0,File_Created / Basic_Info_Changed / Data_Added / Data_Overwritten / Data_Truncated / File_Renamed_New,0x001600000000C773,0x00060000000198CB,usnjrnl_only,False,,,,,,,,,False,FALSE,FALSE,FALSE,,FALSE,,FALSE,False,False,False,True,9,False,2536,1736,7,52,False,True,True,False,False,6,,1,1,0,0,0,0,0,0.0298144208085607,LOW,Benign
12/28/23 14:53,12/28/23 14:53,,,nodes.dat,\ProgramData\Avast Software\Avast\IDS\malwareprofile\nodes.dat,,,\ProgramData\Avast Software\Avast\IDS\malwareprofile\nodes.dat|nodes.dat,1747715048.0,File_Created / Basic_Info_Changed / Data_Added / Data_Overwritten / Data_Truncated / File_Renamed_New / File_Closed,0x001600000000C773,0x00060000000198CB,usnjrnl_only,False,,,,,,,,,False,FALSE,FALSE,FALSE,,FALSE,,FALSE,False,False,False,True,9,False,2536,1736,7,0,False,True,True,True,True,6,,1,2,0,0,0,0,0,0.01988188851507617,LOW,Benign
12/28/23 15:02,12/28/23 15:02,,,globalLoadable.dat,\ProgramData\Avast Software\Avast\IDS\profile\globalLoadable.dat,,,\ProgramData\Avast Software\Avast\IDS\profile\globalLoadable.dat|globalLoadable.dat,1747820120.0,File_Created / Basic_Info_Changed / Data_Added / Data_Overwritten / File_Renamed_New,0x004B00000000C167,0x000A00000001F980,usnjrnl_only,False,,,,,,,,,False,FALSE,FALSE,FALSE,,FALSE,,FALSE,False,False,False,True,18,False,3770,1736,5,532,False,True,True,False,False,6,,1,1,0,0,0,0,0,0.0298144208085607,LOW,Benign
12/28/23 15:02,12/28/23 15:02,,,globalLoadable.dat,\ProgramData\Avast Software\Avast\IDS\profile\globalLoadable.dat,,,\ProgramData\Avast Software\Avast\IDS\profile\globalLoadable.dat|globalLoadable.dat,1747820216.0,File_Created / Basic_Info_Changed / Data_Added / Data_Overwritten / File_Renamed_New / File_Closed,0x004B00000000C167,0x000A00000001F980,usnjrnl_only,False,,,,,,,,,False,FALSE,FALSE,FALSE,,FALSE,,FALSE,False,False,False,True,18,False,3770,1736,5,0,False,True,True,True,True,6,,1,2,0,0,0,0,0,0.01988188851507617,LOW,Benign
12/28/23 15:02,12/28/23 15:02,,,cache.dat,\ProgramData\Avast Software\Avast\IDS\malwareprofile\cache.dat,,,\ProgramData\Avast Software\Avast\IDS\malwareprofile\cache.dat|cache.dat,1747821664.0,File_Created / Basic_Info_Changed / Data_Added / Data_Overwritten / File_Renamed_New,0x009000000000C755,0x00060000000198CB,usnjrnl_only,False,,,,,,,,,False,FALSE,FALSE,FALSE,,FALSE,,FALSE,False,False,False,True,9,False,3770,1736,5,2,False,True,True,False,False,6,,1,1,0,0,0,0,0,0.0298144208085607,LOW,Benign
12/28/23 15:02,12/28/23 15:02,,,cache.dat,\ProgramData\Avast Software\Avast\IDS\malwareprofile\cache.dat,,,\ProgramData\Avast Software\Avast\IDS\malwareprofile\cache.dat|cache.dat,1747821744.0,File_Created / Basic_Info_Changed / Data_Added / Data_Overwritten / File_Renamed_New / File_Closed,0x009000000000C755,0x00060000000198CB,usnjrnl_only,False,,,,,,,,,False,FALSE,FALSE,FALSE,,FALSE,,FALSE,False,False,False,True,9,False,3770,1736,5,0,False,True,True,True,True,6,,1,2,0,0,0,0,0,0.01988188851507617,LOW,Benign
12/28/23 15:02,12/28/23 15:02,,,FileCoAuth-2023-12-28.0702.3968.1.aodl,\Users\blueangel\AppData\Local\Microsoft\OneDrive\logs\Common\FileCoAuth-2023-12-28.0702.3968.1.aodl,,,\Users\blueangel\AppData\Local\Microsoft\OneDrive\logs\Common\FileCoAuth-2023-12-28.0702.3968.1.aodl|FileCoAuth-2023-12-28.0702.3968.1.aodl,1747823848.0,File_Created / Basic_Info_Changed / Data_Added,0x004500000000C73E,0x000200000001E4E0,usnjrnl_only,False,,,,,,,,,False,FALSE,FALSE,FALSE,,FALSE,,FALSE,False,False,False,True,38,False,10,1736,5,14,False,True,True,False,False,9,,1,1,0,0,0,0,0,0.0298144208085607,LOW,Benign
12/28/23 15:02,12/28/23 15:02,,,FileCoAuth-2023-12-28.0702.3968.1.aodl,\Users\blueangel\AppData\Local\Microsoft\OneDrive\logs\Common\FileCoAuth-2023-12-28.0702.3968.1.aodl,,,\Users\blueangel\AppData\Local\Microsoft\OneDrive\logs\Common\FileCoAuth-2023-12-28.0702.3968.1.aodl|FileCoAuth-2023-12-28.0702.3968.1.aodl,1747823984.0,File_Created / Basic_Info_Changed / Data_Added / File_Closed,0x004500000000C73E,0x000200000001E4E0,usnjrnl_only,False,,,,,,,,,False,FALSE,FALSE,FALSE,,FALSE,,FALSE,False,False,False,True,38,False,10,1736,5,0,False,True,True,True,True,9,,1,2,0,0,0,0,0,0.01988188851507617,LOW,Benign
12/28/23 15:08,12/28/23 15:08,,,nodes.dat,\ProgramData\Avast Software\Avast\IDS\malwareprofile\nodes.dat,,,\ProgramData\Avast Software\Avast\IDS\malwareprofile\nodes.dat|nodes.dat,1747923256.0,File_Created / Basic_Info_Changed / Data_Added / Data_Overwritten / Data_Truncated / File_Renamed_New,0x006000000000C77E,0x00060000000198CB,usnjrnl_only,False,,,,,,,,,False,FALSE,FALSE,FALSE,,FALSE,,FALSE,False,False,False,True,9,False,2536,1736,3,354,False,True,True,False,False,6,,1,1,0,0,0,0,0,0.0298144208085607,LOW,Benign
12/28/23 15:08,12/28/23 15:08,,,nodes.dat,\ProgramData\Avast Software\Avast\IDS\malwareprofile\nodes.dat,,,\ProgramData\Avast Software\Avast\IDS\malwareprofile\nodes.dat|nodes.dat,1747923336.0,File_Created / Basic_Info_Changed / Data_Added / Data_Overwritten / Data_Truncated / File_Renamed_New / File_Closed,0x006000000000C77E,0x00060000000198CB,usnjrnl_only,False,,,,,,,,,False,FALSE,FALSE,FALSE,,FALSE,,FALSE,False,False,False,True,9,False,2536,1736,3,0,False,True,True,True,True,6,,1,2,0,0,0,0,0,0.01988188851507617,LOW,Benign
12/28/23 15:08,12/28/23 15:08,,,backup.dat,\ProgramData\Avast Software\Avast\IDS\malwareprofile\backup.dat,,,\ProgramData\Avast Software\Avast\IDS\malwareprofile\backup.dat|backup.dat,1747923656.0,Basic_Info_Changed / Data_Added / Data_Overwritten / Data_Truncated,0x0002000000013ECB,0x00060000000198CB,usnjrnl_only,False,,,,,,,,,False,FALSE,FALSE,FALSE,,FALSE,,FALSE,False,False,False,True,10,False,1182,1736,3,0,False,True,True,False,False,6,,1,1,0,0,0,0,0,0.0298144208085607,LOW,Benign
12/28/23 15:08,12/28/23 15:08,,,backup.dat,\ProgramData\Avast Software\Avast\IDS\malwareprofile\backup.dat,,,\ProgramData\Avast Software\Avast\IDS\malwareprofile\backup.dat|backup.dat,1747923736.0,Basic_Info_Changed / Data_Added / Data_Overwritten / Data_Truncated / File_Closed,0x0002000000013ECB,0x00060000000198CB,usnjrnl_only,False,,,,,,,,,False,FALSE,FALSE,FALSE,,FALSE,,FALSE,False,False,False,True,10,False,1182,1736,3,0,False,True,True,True,True,6,,1,2,0,0,0,0,0,0.01988188851507617,LOW,Benign
12/28/23 15:12,12/28/23 15:12,,,globalLoadable.dat,\ProgramData\Avast Software\Avast\IDS\profile\globalLoadable.dat,,,\ProgramData\Avast Software\Avast\IDS\profile\globalLoadable.dat|globalLoadable.dat,1747967520.0,File_Created / Basic_Info_Changed / Data_Added / Data_Overwritten / File_Renamed_New,0x004E00000000C773,0x000A00000001F980,usnjrnl_only,False,,,,,,,,,False,FALSE,FALSE,FALSE,,FALSE,,FALSE,False,False,False,True,18,False,3770,1736,5,230,False,True,True,False,False,6,,1,1,0,0,0,0,0,0.0298144208085607,LOW,Benign
12/28/23 15:12,12/28/23 15:12,,,globalLoadable.dat,\ProgramData\Avast Software\Avast\IDS\profile\globalLoadable.dat,,,\ProgramData\Avast Software\Avast\IDS\profile\globalLoadable.dat|globalLoadable.dat,1747967616.0,File_Created / Basic_Info_Changed / Data_Added / Data_Overwritten / File_Renamed_New / File_Closed,0x004E00000000C773,0x000A00000001F980,usnjrnl_only,False,,,,,,,,,False,FALSE,FALSE,FALSE,,FALSE,,FALSE,False,False,False,True,18,False,3770,1736,5,0,False,True,True,True,True,6,,1,2,0,0,0,0,0,0.01988188851507617,LOW,Benign
12/28/23 15:12,12/28/23 15:12,,,cache.dat,\ProgramData\Avast Software\Avast\IDS\malwareprofile\cache.dat,,,\ProgramData\Avast Software\Avast\IDS\malwareprofile\cache.dat|cache.dat,1747968616.0,File_Created / Basic_Info_Changed / Data_Added / Data_Overwritten / File_Renamed_New,0x004C00000000C167,0x00060000000198CB,usnjrnl_only,False,,,,,,,,,False,FALSE,FALSE,FALSE,,FALSE,,FALSE,False,False,False,True,9,False,3770,1736,5,2,False,True,True,False,False,6,,1,1,0,0,0,0,0,0.0298144208085607,LOW,Benign
12/28/23 15:12,12/28/23 15:12,,,cache.dat,\ProgramData\Avast Software\Avast\IDS\malwareprofile\cache.dat,,,\ProgramData\Avast Software\Avast\IDS\malwareprofile\cache.dat|cache.dat,1747968696.0,File_Created / Basic_Info_Changed / Data_Added / Data_Overwritten / File_Renamed_New / File_Closed,0x004C00000000C167,0x00060000000198CB,usnjrnl_only,False,,,,,,,,,False,FALSE,FALSE,FALSE,,FALSE,,FALSE,False,False,False,True,9,False,3770,1736,5,0,False,True,True,True,True,6,,1,2,0,0,0,0,0,0.01988188851507617,LOW,Benign
12/28/23 15:12,12/28/23 15:12,,,FileCoAuth-2023-12-28.0712.3736.1.aodl,\Users\blueangel\AppData\Local\Microsoft\OneDrive\logs\Common\FileCoAuth-2023-12-28.0712.3736.1.aodl,,,\Users\blueangel\AppData\Local\Microsoft\OneDrive\logs\Common\FileCoAuth-2023-12-28.0712.3736.1.aodl|FileCoAuth-2023-12-28.0712.3736.1.aodl,1747971408.0,File_Created / Basic_Info_Changed / Data_Added,0x009100000000C755,0x000200000001E4E0,usnjrnl_only,False,,,,,,,,,False,FALSE,FALSE,FALSE,,FALSE,,FALSE,False,False,False,True,38,False,10,1736,5,14,False,True,True,False,False,9,,1,1,0,0,0,0,0,0.0298144208085607,LOW,Benign
12/28/23 15:12,12/28/23 15:12,,,FileCoAuth-2023-12-28.0712.3736.1.aodl,\Users\blueangel\AppData\Local\Microsoft\OneDrive\logs\Common\FileCoAuth-2023-12-28.0712.3736.1.aodl,,,\Users\blueangel\AppData\Local\Microsoft\OneDrive\logs\Common\FileCoAuth-2023-12-28.0712.3736.1.aodl|FileCoAuth-2023-12-28.0712.3736.1.aodl,1747971544.0,File_Created / Basic_Info_Changed / Data_Added / File_Closed,0x009100000000C755,0x000200000001E4E0,usnjrnl_only,False,,,,,,,,,False,FALSE,FALSE,FALSE,,FALSE,,FALSE,False,False,False,True,38,False,10,1736,5,0,False,True,True,True,True,9,,1,2,0,0,0,0,0,0.01988188851507617,LOW,Benign
12/28/23 15:22,12/28/23 15:22,,,globalLoadable.dat,\ProgramData\Avast Software\Avast\IDS\profile\globalLoadable.dat,,,\ProgramData\Avast Software\Avast\IDS\profile\globalLoadable.dat|globalLoadable.dat,1748094776.0,File_Created / Basic_Info_Changed / Data_Added / Data_Overwritten / File_Renamed_New,0x011700000000C43A,0x000A00000001F980,usnjrnl_only,False,,,,,,,,,False,FALSE,FALSE,FALSE,,FALSE,,FALSE,False,False,False,True,18,False,3770,1736,7,584,False,True,True,False,False,6,,1,1,0,0,0,0,0,0.0298144208085607,LOW,Benign
12/28/23 15:22,12/28/23 15:22,,,globalLoadable.dat,\ProgramData\Avast Software\Avast\IDS\profile\globalLoadable.dat,,,\ProgramData\Avast Software\Avast\IDS\profile\globalLoadable.dat|globalLoadable.dat,1748094872.0,File_Created / Basic_Info_Changed / Data_Added / Data_Overwritten / File_Renamed_New / File_Closed,0x011700000000C43A,0x000A00000001F980,usnjrnl_only,False,,,,,,,,,False,FALSE,FALSE,FALSE,,FALSE,,FALSE,False,False,False,True,18,False,3770,1736,7,0,False,True,True,True,True,6,,1,2,0,0,0,0,0,0.01988188851507617,LOW,Benign
12/28/23 15:22,12/28/23 15:22,,,cache.dat,\ProgramData\Avast Software\Avast\IDS\malwareprofile\cache.dat,,,\ProgramData\Avast Software\Avast\IDS\malwareprofile\cache.dat|cache.dat,1748096248.0,File_Created / Basic_Info_Changed / Data_Added / Data_Overwritten / File_Renamed_New,0x000300000000C442,0x00060000000198CB,usnjrnl_only,False,,,,,,,,,False,FALSE,FALSE,FALSE,,FALSE,,FALSE,False,False,False,True,9,False,3770,1736,7,2,False,True,True,False,False,6,,1,1,0,0,0,0,0,0.0298144208085607,LOW,Benign
12/28/23 15:22,12/28/23 15:22,,,cache.dat,\ProgramData\Avast Software\Avast\IDS\malwareprofile\cache.dat,,,\ProgramData\Avast Software\Avast\IDS\malwareprofile\cache.dat|cache.dat,1748096328.0,File_Created / Basic_Info_Changed / Data_Added / Data_Overwritten / File_Renamed_New / File_Closed,0x000300000000C442,0x00060000000198CB,usnjrnl_only,False,,,,,,,,,False,FALSE,FALSE,FALSE,,FALSE,,FALSE,False,False,False,True,9,False,3770,1736,7,0,False,True,True,True,True,6,,1,2,0,0,0,0,0,0.01988188851507617,LOW,Benign
12/28/23 15:22,12/28/23 15:22,,,FileCoAuth-2023-12-28.0722.8080.1.aodl,\Users\blueangel\AppData\Local\Microsoft\OneDrive\logs\Common\FileCoAuth-2023-12-28.0722.8080.1.aodl,,,\Users\blueangel\AppData\Local\Microsoft\OneDrive\logs\Common\FileCoAuth-2023-12-28.0722.8080.1.aodl|FileCoAuth-2023-12-28.0722.8080.1.aodl,1748102024.0,File_Created / Basic_Info_Changed / Data_Added,0x005000000000C167,0x000200000001E4E0,usnjrnl_only,False,,,,,,,,,False,FALSE,FALSE,FALSE,,FALSE,,FALSE,False,False,False,True,38,False,10,1736,7,14,False,True,True,False,False,9,,1,1,0,0,0,0,0,0.0298144208085607,LOW,Benign
12/28/23 15:22,12/28/23 15:22,,,FileCoAuth-2023-12-28.0722.8080.1.aodl,\Users\blueangel\AppData\Local\Microsoft\OneDrive\logs\Common\FileCoAuth-2023-12-28.0722.8080.1.aodl,,,\Users\blueangel\AppData\Local\Microsoft\OneDrive\logs\Common\FileCoAuth-2023-12-28.0722.8080.1.aodl|FileCoAuth-2023-12-28.0722.8080.1.aodl,1748102160.0,File_Created / Basic_Info_Changed / Data_Added / File_Closed,0x005000000000C167,0x000200000001E4E0,usnjrnl_only,False,,,,,,,,,False,FALSE,FALSE,FALSE,,FALSE,,FALSE,False,False,False,True,38,False,10,1736,7,0,False,True,True,True,True,9,,1,2,0,0,0,0,0,0.01988188851507617,LOW,Benign
12/28/23 15:23,12/28/23 15:23,,,nodes.dat,\ProgramData\Avast Software\Avast\IDS\malwareprofile\nodes.dat,,,\ProgramData\Avast Software\Avast\IDS\malwareprofile\nodes.dat|nodes.dat,1748124592.0,File_Created / Basic_Info_Changed / Data_Added / Data_Overwritten / Data_Truncated / File_Renamed_New,0x000200000000C7CE,0x00060000000198CB,usnjrnl_only,False,,,,,,,,,False,FALSE,FALSE,FALSE,,FALSE,,FALSE,False,False,False,True,9,False,2536,1736,7,57,False,True,True,False,False,6,,1,1,0,0,0,0,0,0.0298144208085607,LOW,Benign
12/28/23 15:23,12/28/23 15:23,,,nodes.dat,\ProgramData\Avast Software\Avast\IDS\malwareprofile\nodes.dat,,,\ProgramData\Avast Software\Avast\IDS\malwareprofile\nodes.dat|nodes.dat,1748124672.0,File_Created / Basic_Info_Changed / Data_Added / Data_Overwritten / Data_Truncated / File_Renamed_New / File_Closed,0x000200000000C7CE,0x00060000000198CB,usnjrnl_only,False,,,,,,,,,False,FALSE,FALSE,FALSE,,FALSE,,FALSE,False,False,False,True,9,False,2536,1736,7,0,False,True,True,True,True,6,,1,2,0,0,0,0,0,0.01988188851507617,LOW,Benign
12/28/23 15:28,12/28/23 15:28,,,MoUsoCoreWorker.2f739bd0-62d9-4518-a645-42d10c1ef053.1.etl,\ProgramData\USOShared\Logs\System\MoUsoCoreWorker.2f739bd0-62d9-4518-a645-42d10c1ef053.1.etl,,,\ProgramData\USOShared\Logs\System\MoUsoCoreWorker.2f739bd0-62d9-4518-a645-42d10c1ef053.1.etl|MoUsoCoreWorker.2f739bd0-62d9-4518-a645-42d10c1ef053.1.etl,1748184512.0,File_Created / Basic_Info_Changed,0x0127000000007BE3,0x0001000000000624,usnjrnl_only,False,,,,,,,,,False,FALSE,FALSE,FALSE,,FALSE,,FALSE,False,False,False,False,58,False,20,1736,13,285,False,True,True,False,False,5,,1,1,0,0,0,0,0,0.0298144208085607,LOW,Benign
12/28/23 15:28,12/28/23 15:28,,,MoUsoCoreWorker.2f739bd0-62d9-4518-a645-42d10c1ef053.1.etl,\ProgramData\USOShared\Logs\System\MoUsoCoreWorker.2f739bd0-62d9-4518-a645-42d10c1ef053.1.etl,,,\ProgramData\USOShared\Logs\System\MoUsoCoreWorker.2f739bd0-62d9-4518-a645-42d10c1ef053.1.etl|MoUsoCoreWorker.2f739bd0-62d9-4518-a645-42d10c1ef053.1.etl,1748184688.0,File_Created / Basic_Info_Changed / Data_Added,0x0127000000007BE3,0x0001000000000624,usnjrnl_only,False,,,,,,,,,False,FALSE,FALSE,FALSE,,FALSE,,FALSE,False,False,False,False,58,False,20,1736,13,0,False,True,True,False,False,5,,1,1,0,0,0,0,0,0.0298144208085607,LOW,Benign
12/28/23 15:28,12/28/23 15:28,,,WuProvider.7df1d78f-8e35-49b2-afeb-6db533119f51.1.etl,\ProgramData\USOShared\Logs\System\WuProvider.7df1d78f-8e35-49b2-afeb-6db533119f51.1.etl,,,\ProgramData\USOShared\Logs\System\WuProvider.7df1d78f-8e35-49b2-afeb-6db533119f51.1.etl|WuProvider.7df1d78f-8e35-49b2-afeb-6db533119f51.1.etl,1748185256.0,File_Created / Basic_Info_Changed,0x000500000000A77F,0x0001000000000624,usnjrnl_only,False,,,,,,,,,False,FALSE,FALSE,FALSE,,FALSE,,FALSE,False,False,False,False,53,False,20,1736,13,0,False,True,True,False,False,5,,1,1,0,0,0,0,0,0.0298144208085607,LOW,Benign
12/28/23 15:28,12/28/23 15:28,,,WuProvider.7df1d78f-8e35-49b2-afeb-6db533119f51.1.etl,\ProgramData\USOShared\Logs\System\WuProvider.7df1d78f-8e35-49b2-afeb-6db533119f51.1.etl,,,\ProgramData\USOShared\Logs\System\WuProvider.7df1d78f-8e35-49b2-afeb-6db533119f51.1.etl|WuProvider.7df1d78f-8e35-49b2-afeb-6db533119f51.1.etl,1748185424.0,File_Created / Basic_Info_Changed / Data_Added,0x000500000000A77F,0x0001000000000624,usnjrnl_only,False,,,,,,,,,False,FALSE,FALSE,FALSE,,FALSE,,FALSE,False,False,False,False,53,False,20,1736,13,0,False,True,True,False,False,5,,1,1,0,0,0,0,0,0.0298144208085607,LOW,Benign
12/28/23 15:28,12/28/23 15:28,,,WindowsUpdate.20231228.162814.074.1.etl,\Windows\Logs\WindowsUpdate\WindowsUpdate.20231228.162814.074.1.etl,,,\Windows\Logs\WindowsUpdate\WindowsUpdate.20231228.162814.074.1.etl|WindowsUpdate.20231228.162814.074.1.etl,1748185736.0,File_Created / Basic_Info_Changed / Content_Indexed_Attr_Changed,0x00A700000000C77E,0x000100000001A7D0,usnjrnl_only,False,,,,,,,,,False,FALSE,FALSE,FALSE,,FALSE,,FALSE,False,False,False,False,39,False,20,1736,13,0,False,True,True,False,False,4,,1,1,0,0,0,0,0,0.0298144208085607,LOW,Benign
12/28/23 15:28,12/28/23 15:28,,,WindowsUpdate.20231228.162814.074.1.etl,\Windows\Logs\WindowsUpdate\WindowsUpdate.20231228.162814.074.1.etl,,,\Windows\Logs\WindowsUpdate\WindowsUpdate.20231228.162814.074.1.etl|WindowsUpdate.20231228.162814.074.1.etl,1748185880.0,File_Created / Basic_Info_Changed / Data_Added / Content_Indexed_Attr_Changed,0x00A700000000C77E,0x000100000001A7D0,usnjrnl_only,False,,,,,,,,,False,FALSE,FALSE,FALSE,,FALSE,,FALSE,False,False,False,False,39,False,20,1736,13,0,False,True,True,False,False,4,,1,1,0,0,0,0,0,0.0298144208085607,LOW,Benign
12/28/23 15:28,12/28/23 15:28,,,waasmedic.20231228_072814_308.etl,\Windows\Logs\waasmedic\waasmedic.20231228_072814_308.etl,,,\Windows\Logs\waasmedic\waasmedic.20231228_072814_308.etl|waasmedic.20231228_072814_308.etl,1748187048.0,File_Created / Basic_Info_Changed / Content_Indexed_Attr_Changed,0x000400000000C7CB,0x000100000001A208,usnjrnl_only,False,,,,,,,,,False,FALSE,FALSE,FALSE,,FALSE,,FALSE,False,False,False,False,33,False,20,1736,13,0,False,True,True,False,False,4,,1,1,0,0,0,0,0,0.039773830643638035,LOW,Benign
12/28/23 15:28,12/28/23 15:28,,,waasmedic.20231228_072814_308.etl,\Windows\Logs\waasmedic\waasmedic.20231228_072814_308.etl,,,\Windows\Logs\waasmedic\waasmedic.20231228_072814_308.etl|waasmedic.20231228_072814_308.etl,1748187176.0,File_Created / Basic_Info_Changed / Data_Added / Content_Indexed_Attr_Changed,0x000400000000C7CB,0x000100000001A208,usnjrnl_only,False,,,,,,,,,False,FALSE,FALSE,FALSE,,FALSE,,FALSE,False,False,False,False,33,False,20,1736,13,0,False,True,True,False,False,4,,1,1,0,0,0,0,0,0.039773830643638035,LOW,Benign
12/28/23 15:28,12/28/23 15:28,,,waasmedic.20231228_072814_308.etl,\Windows\Logs\waasmedic\waasmedic.20231228_072814_308.etl,,,\Windows\Logs\waasmedic\waasmedic.20231228_072814_308.etl|waasmedic.20231228_072814_308.etl,1748189184.0,File_Created / Basic_Info_Changed / Data_Added / Data_Overwritten / Content_Indexed_Attr_Changed,0x000400000000C7CB,0x000100000001A208,usnjrnl_only,False,,,,,,,,,False,FALSE,FALSE,FALSE,,FALSE,,FALSE,False,False,False,False,33,False,20,1736,13,0,False,True,True,False,False,4,,1,1,0,0,0,0,0,0.039773830643638035,LOW,Benign
12/28/23 15:29,12/28/23 15:29,,,waasmedic.20231228_072814_308.etl,\Windows\Logs\waasmedic\waasmedic.20231228_072814_308.etl,,,\Windows\Logs\waasmedic\waasmedic.20231228_072814_308.etl|waasmedic.20231228_072814_308.etl,1748206864.0,File_Created / Basic_Info_Changed / Data_Added / Data_Overwritten / Content_Indexed_Attr_Changed / File_Closed,0x000400000000C7CB,0x000100000001A208,usnjrnl_only,False,,,,,,,,,False,FALSE,FALSE,FALSE,,FALSE,,FALSE,False,False,False,True,33,False,20,1736,13,60,False,True,True,True,True,4,,1,2,0,0,0,0,0,0.03591128942202132,LOW,Benign
12/28/23 15:29,12/28/23 15:29,,,MoUsoCoreWorker.2f739bd0-62d9-4518-a645-42d10c1ef053.1.etl,\ProgramData\USOShared\Logs\System\MoUsoCoreWorker.2f739bd0-62d9-4518-a645-42d10c1ef053.1.etl,,,\ProgramData\USOShared\Logs\System\MoUsoCoreWorker.2f739bd0-62d9-4518-a645-42d10c1ef053.1.etl|MoUsoCoreWorker.2f739bd0-62d9-4518-a645-42d10c1ef053.1.etl,1748208536.0,File_Created / Basic_Info_Changed / Data_Added / Data_Overwritten,0x0127000000007BE3,0x0001000000000624,usnjrnl_only,False,,,,,,,,,False,FALSE,FALSE,FALSE,,FALSE,,FALSE,False,False,False,False,58,False,20,1736,13,1,False,True,True,False,False,5,,1,1,0,0,0,0,0,0.0298144208085607,LOW,Benign
12/28/23 15:29,12/28/23 15:29,,,MoUsoCoreWorker.2f739bd0-62d9-4518-a645-42d10c1ef053.1.etl,\ProgramData\USOShared\Logs\System\MoUsoCoreWorker.2f739bd0-62d9-4518-a645-42d10c1ef053.1.etl,,,\ProgramData\USOShared\Logs\System\MoUsoCoreWorker.2f739bd0-62d9-4518-a645-42d10c1ef053.1.etl|MoUsoCoreWorker.2f739bd0-62d9-4518-a645-42d10c1ef053.1.etl,1748208712.0,File_Created / Basic_Info_Changed / Data_Added / Data_Overwritten / File_Closed,0x0127000000007BE3,0x0001000000000624,usnjrnl_only,False,,,,,,,,,False,FALSE,FALSE,FALSE,,FALSE,,FALSE,False,False,False,True,58,False,20,1736,13,0,False,True,True,True,True,5,,1,2,0,0,0,0,0,0.01988188851507617,LOW,Benign
12/28/23 15:29,12/28/23 15:29,,,WuProvider.7df1d78f-8e35-49b2-afeb-6db533119f51.1.etl,\ProgramData\USOShared\Logs\System\WuProvider.7df1d78f-8e35-49b2-afeb-6db533119f51.1.etl,,,\ProgramData\USOShared\Logs\System\WuProvider.7df1d78f-8e35-49b2-afeb-6db533119f51.1.etl|WuProvider.7df1d78f-8e35-49b2-afeb-6db533119f51.1.etl,1748208888.0,File_Created / Basic_Info_Changed / Data_Added / Data_Overwritten,0x000500000000A77F,0x0001000000000624,usnjrnl_only,False,,,,,,,,,False,FALSE,FALSE,FALSE,,FALSE,,FALSE,False,False,False,False,53,False,20,1736,13,0,False,True,True,False,False,5,,1,1,0,0,0,0,0,0.0298144208085607,LOW,Benign
12/28/23 15:29,12/28/23 15:29,,,WuProvider.7df1d78f-8e35-49b2-afeb-6db533119f51.1.etl,\ProgramData\USOShared\Logs\System\WuProvider.7df1d78f-8e35-49b2-afeb-6db533119f51.1.etl,,,\ProgramData\USOShared\Logs\System\WuProvider.7df1d78f-8e35-49b2-afeb-6db533119f51.1.etl|WuProvider.7df1d78f-8e35-49b2-afeb-6db533119f51.1.etl,1748209056.0,File_Created / Basic_Info_Changed / Data_Added / Data_Overwritten / File_Closed,0x000500000000A77F,0x0001000000000624,usnjrnl_only,False,,,,,,,,,False,FALSE,FALSE,FALSE,,FALSE,,FALSE,False,False,False,True,53,False,20,1736,13,0,False,True,True,True,True,5,,1,2,0,0,0,0,0,0.01988188851507617,LOW,Benign
12/28/23 15:32,12/28/23 15:32,,,globalLoadable.dat,\ProgramData\Avast Software\Avast\IDS\profile\globalLoadable.dat,,,\ProgramData\Avast Software\Avast\IDS\profile\globalLoadable.dat|globalLoadable.dat,1748245680.0,File_Created / Basic_Info_Changed / Data_Added / Data_Overwritten / File_Renamed_New,0x002F00000000BFDF,0x000A00000001F980,usnjrnl_only,False,,,,,,,,,False,FALSE,FALSE,FALSE,,FALSE,,FALSE,False,False,False,True,18,False,3770,1736,5,181,False,True,True,False,False,6,,1,1,0,0,0,0,0,0.0298144208085607,LOW,Benign
12/28/23 15:32,12/28/23 15:32,,,globalLoadable.dat,\ProgramData\Avast Software\Avast\IDS\profile\globalLoadable.dat,,,\ProgramData\Avast Software\Avast\IDS\profile\globalLoadable.dat|globalLoadable.dat,1748245776.0,File_Created / Basic_Info_Changed / Data_Added / Data_Overwritten / File_Renamed_New / File_Closed,0x002F00000000BFDF,0x000A00000001F980,usnjrnl_only,False,,,,,,,,,False,FALSE,FALSE,FALSE,,FALSE,,FALSE,False,False,False,True,18,False,3770,1736,5,0,False,True,True,True,True,6,,1,2,0,0,0,0,0,0.01988188851507617,LOW,Benign
12/28/23 15:32,12/28/23 15:32,,,cache.dat,\ProgramData\Avast Software\Avast\IDS\malwareprofile\cache.dat,,,\ProgramData\Avast Software\Avast\IDS\malwareprofile\cache.dat|cache.dat,1748246760.0,File_Created / Basic_Info_Changed / Data_Added / Data_Overwritten / File_Renamed_New,0x000400000000BFEE,0x00060000000198CB,usnjrnl_only,False,,,,,,,,,False,FALSE,FALSE,FALSE,,FALSE,,FALSE,False,False,False,True,9,False,3770,1736,5,2,False,True,True,False,False,6,,1,1,0,0,0,0,0,0.0298144208085607,LOW,Benign
12/28/23 15:32,12/28/23 15:32,,,cache.dat,\ProgramData\Avast Software\Avast\IDS\malwareprofile\cache.dat,,,\ProgramData\Avast Software\Avast\IDS\malwareprofile\cache.dat|cache.dat,1748246840.0,File_Created / Basic_Info_Changed / Data_Added / Data_Overwritten / File_Renamed_New / File_Closed,0x000400000000BFEE,0x00060000000198CB,usnjrnl_only,False,,,,,,,,,False,FALSE,FALSE,FALSE,,FALSE,,FALSE,False,False,False,True,9,False,3770,1736,5,0,False,True,True,True,True,6,,1,2,0,0,0,0,0,0.01988188851507617,LOW,Benign
12/28/23 15:32,12/28/23 15:32,,,FileCoAuth-2023-12-28.0732.7056.1.aodl,\Users\blueangel\AppData\Local\Microsoft\OneDrive\logs\Common\FileCoAuth-2023-12-28.0732.7056.1.aodl,,,\Users\blueangel\AppData\Local\Microsoft\OneDrive\logs\Common\FileCoAuth-2023-12-28.0732.7056.1.aodl|FileCoAuth-2023-12-28.0732.7056.1.aodl,1748248944.0,File_Created / Basic_Info_Changed / Data_Added,0x000400000000BFEF,0x000200000001E4E0,usnjrnl_only,False,,,,,,,,,False,FALSE,FALSE,FALSE,,FALSE,,FALSE,False,False,False,True,38,False,10,1736,5,14,False,True,True,False,False,9,,1,1,0,0,0,0,0,0.0298144208085607,LOW,Benign
12/28/23 15:32,12/28/23 15:32,,,FileCoAuth-2023-12-28.0732.7056.1.aodl,\Users\blueangel\AppData\Local\Microsoft\OneDrive\logs\Common\FileCoAuth-2023-12-28.0732.7056.1.aodl,,,\Users\blueangel\AppData\Local\Microsoft\OneDrive\logs\Common\FileCoAuth-2023-12-28.0732.7056.1.aodl|FileCoAuth-2023-12-28.0732.7056.1.aodl,1748249080.0,File_Created / Basic_Info_Changed / Data_Added / File_Closed,0x000400000000BFEF,0x000200000001E4E0,usnjrnl_only,False,,,,,,,,,False,FALSE,FALSE,FALSE,,FALSE,,FALSE,False,False,False,True,38,False,10,1736,5,0,False,True,True,True,True,9,,1,2,0,0,0,0,0,0.01988188851507617,LOW,Benign
12/28/23 15:38,12/28/23 15:38,,,WindowsUpdate.20231228.162814.074.1.etl,\Windows\Logs\WindowsUpdate\WindowsUpdate.20231228.162814.074.1.etl,,,\Windows\Logs\WindowsUpdate\WindowsUpdate.20231228.162814.074.1.etl|WindowsUpdate.20231228.162814.074.1.etl,1748326616.0,File_Created / Basic_Info_Changed / Data_Added / Data_Overwritten / Content_Indexed_Attr_Changed,0x00A700000000C77E,0x000100000001A7D0,usnjrnl_only,False,,,,,,,,,False,FALSE,FALSE,FALSE,,FALSE,,FALSE,False,False,False,False,39,False,20,1736,3,344,False,True,True,False,False,4,,1,1,0,0,0,0,0,0.0298144208085607,LOW,Benign
12/28/23 15:38,12/28/23 15:38,,,WindowsUpdate.20231228.162814.074.1.etl,\Windows\Logs\WindowsUpdate\WindowsUpdate.20231228.162814.074.1.etl,,,\Windows\Logs\WindowsUpdate\WindowsUpdate.20231228.162814.074.1.etl|WindowsUpdate.20231228.162814.074.1.etl,1748326760.0,File_Created / Basic_Info_Changed / Data_Added / Data_Overwritten / Content_Indexed_Attr_Changed / File_Closed,0x00A700000000C77E,0x000100000001A7D0,usnjrnl_only,False,,,,,,,,,False,FALSE,FALSE,FALSE,,FALSE,,FALSE,False,False,False,True,39,False,20,1736,3,0,False,True,True,True,True,4,,1,2,0,0,0,0,0,0.029540763940562008,LOW,Benign
12/28/23 15:38,12/28/23 15:38,,,nodes.dat,\ProgramData\Avast Software\Avast\IDS\malwareprofile\nodes.dat,,,\ProgramData\Avast Software\Avast\IDS\malwareprofile\nodes.dat|nodes.dat,1748328240.0,File_Created / Basic_Info_Changed / Data_Added / Data_Overwritten / Data_Truncated / File_Renamed_New,0x002700000000C7E5,0x00060000000198CB,usnjrnl_only,False,,,,,,,,,False,FALSE,FALSE,FALSE,,FALSE,,FALSE,False,False,False,True,9,False,2536,1736,3,16,False,True,True,False,False,6,,1,1,0,0,0,0,0,0.0298144208085607,LOW,Benign
12/28/23 15:38,12/28/23 15:38,,,nodes.dat,\ProgramData\Avast Software\Avast\IDS\malwareprofile\nodes.dat,,,\ProgramData\Avast Software\Avast\IDS\malwareprofile\nodes.dat|nodes.dat,1748328320.0,File_Created / Basic_Info_Changed / Data_Added / Data_Overwritten / Data_Truncated / File_Renamed_New / File_Closed,0x002700000000C7E5,0x00060000000198CB,usnjrnl_only,False,,,,,,,,,False,FALSE,FALSE,FALSE,,FALSE,,FALSE,False,False,False,True,9,False,2536,1736,3,0,False,True,True,True,True,6,,1,2,0,0,0,0,0,0.01988188851507617,LOW,Benign
12/28/23 15:42,12/28/23 15:42,,,globalLoadable.dat,\ProgramData\Avast Software\Avast\IDS\profile\globalLoadable.dat,,,\ProgramData\Avast Software\Avast\IDS\profile\globalLoadable.dat|globalLoadable.dat,1748373296.0,File_Created / Basic_Info_Changed / Data_Added / Data_Overwritten / File_Renamed_New,0x003B00000000C7CE,0x000A00000001F980,usnjrnl_only,False,,,,,,,,,False,FALSE,FALSE,FALSE,,FALSE,,FALSE,False,False,False,True,18,False,3770,1736,5,224,False,True,True,False,False,6,,1,1,0,0,0,0,0,0.0298144208085607,LOW,Benign
12/28/23 15:42,12/28/23 15:42,,,globalLoadable.dat,\ProgramData\Avast Software\Avast\IDS\profile\globalLoadable.dat,,,\ProgramData\Avast Software\Avast\IDS\profile\globalLoadable.dat|globalLoadable.dat,1748373392.0,File_Created / Basic_Info_Changed / Data_Added / Data_Overwritten / File_Renamed_New / File_Closed,0x003B00000000C7CE,0x000A00000001F980,usnjrnl_only,False,,,,,,,,,False,FALSE,FALSE,FALSE,,FALSE,,FALSE,False,False,False,True,18,False,3770,1736,5,0,False,True,True,True,True,6,,1,2,0,0,0,0,0,0.01988188851507617,LOW,Benign
12/28/23 15:42,12/28/23 15:42,,,cache.dat,\ProgramData\Avast Software\Avast\IDS\malwareprofile\cache.dat,,,\ProgramData\Avast Software\Avast\IDS\malwareprofile\cache.dat|cache.dat,1748375712.0,File_Created / Basic_Info_Changed / Data_Added / Data_Overwritten / File_Renamed_New,0x003200000000BFDF,0x00060000000198CB,usnjrnl_only,False,,,,,,,,,False,FALSE,FALSE,FALSE,,FALSE,,FALSE,False,False,False,True,9,False,3770,1736,5,2,False,True,True,False,False,6,,1,1,0,0,0,0,0,0.0298144208085607,LOW,Benign
12/28/23 15:42,12/28/23 15:42,,,cache.dat,\ProgramData\Avast Software\Avast\IDS\malwareprofile\cache.dat,,,\ProgramData\Avast Software\Avast\IDS\malwareprofile\cache.dat|cache.dat,1748375792.0,File_Created / Basic_Info_Changed / Data_Added / Data_Overwritten / File_Renamed_New / File_Closed,0x003200000000BFDF,0x00060000000198CB,usnjrnl_only,False,,,,,,,,,False,FALSE,FALSE,FALSE,,FALSE,,FALSE,False,False,False,True,9,False,3770,1736,5,0,False,True,True,True,True,6,,1,2,0,0,0,0,0,0.01988188851507617,LOW,Benign
12/28/23 15:42,12/28/23 15:42,,,FileCoAuth-2023-12-28.0742.5076.1.aodl,\Users\blueangel\AppData\Local\Microsoft\OneDrive\logs\Common\FileCoAuth-2023-12-28.0742.5076.1.aodl,,,\Users\blueangel\AppData\Local\Microsoft\OneDrive\logs\Common\FileCoAuth-2023-12-28.0742.5076.1.aodl|FileCoAuth-2023-12-28.0742.5076.1.aodl,1748377904.0,File_Created / Basic_Info_Changed / Data_Added,0x000500000000BFEE,0x000200000001E4E0,usnjrnl_only,False,,,,,,,,,False,FALSE,FALSE,FALSE,,FALSE,,FALSE,False,False,False,True,38,False,10,1736,5,14,False,True,True,False,False,9,,1,1,0,0,0,0,0,0.0298144208085607,LOW,Benign
12/28/23 15:42,12/28/23 15:42,,,FileCoAuth-2023-12-28.0742.5076.1.aodl,\Users\blueangel\AppData\Local\Microsoft\OneDrive\logs\Common\FileCoAuth-2023-12-28.0742.5076.1.aodl,,,\Users\blueangel\AppData\Local\Microsoft\OneDrive\logs\Common\FileCoAuth-2023-12-28.0742.5076.1.aodl|FileCoAuth-2023-12-28.0742.5076.1.aodl,1748378040.0,File_Created / Basic_Info_Changed / Data_Added / File_Closed,0x000500000000BFEE,0x000200000001E4E0,usnjrnl_only,False,,,,,,,,,False,FALSE,FALSE,FALSE,,FALSE,,FALSE,False,False,False,True,38,False,10,1736,5,0,False,True,True,True,True,9,,1,2,0,0,0,0,0,0.01988188851507617,LOW,Benign
12/28/23 15:52,12/28/23 15:52,,,globalLoadable.dat,\ProgramData\Avast Software\Avast\IDS\profile\globalLoadable.dat,,,\ProgramData\Avast Software\Avast\IDS\profile\globalLoadable.dat|globalLoadable.dat,1748495824.0,File_Created / Basic_Info_Changed / Data_Added / Data_Overwritten / File_Renamed_New,0x008B00000000C7E7,0x000A00000001F980,usnjrnl_only,False,,,,,,,,,False,FALSE,FALSE,FALSE,,FALSE,,FALSE,False,False,False,True,18,False,3770,1736,7,584,False,True,True,False,False,6,,1,1,0,0,0,0,0,0.0298144208085607,LOW,Benign
12/28/23 15:52,12/28/23 15:52,,,globalLoadable.dat,\ProgramData\Avast Software\Avast\IDS\profile\globalLoadable.dat,,,\ProgramData\Avast Software\Avast\IDS\profile\globalLoadable.dat|globalLoadable.dat,1748495920.0,File_Created / Basic_Info_Changed / Data_Added / Data_Overwritten / File_Renamed_New / File_Closed,0x008B00000000C7E7,0x000A00000001F980,usnjrnl_only,False,,,,,,,,,False,FALSE,FALSE,FALSE,,FALSE,,FALSE,False,False,False,True,18,False,3770,1736,7,0,False,True,True,True,True,6,,1,2,0,0,0,0,0,0.01988188851507617,LOW,Benign
12/28/23 15:52,12/28/23 15:52,,,cache.dat,\ProgramData\Avast Software\Avast\IDS\malwareprofile\cache.dat,,,\ProgramData\Avast Software\Avast\IDS\malwareprofile\cache.dat|cache.dat,1748497000.0,File_Created / Basic_Info_Changed / Data_Added / Data_Overwritten / File_Renamed_New,0x003C00000000C7CE,0x00060000000198CB,usnjrnl_only,False,,,,,,,,,False,FALSE,FALSE,FALSE,,FALSE,,FALSE,False,False,False,True,9,False,3770,1736,7,2,False,True,True,False,False,6,,1,1,0,0,0,0,0,0.0298144208085607,LOW,Benign
12/28/23 15:52,12/28/23 15:52,,,cache.dat,\ProgramData\Avast Software\Avast\IDS\malwareprofile\cache.dat,,,\ProgramData\Avast Software\Avast\IDS\malwareprofile\cache.dat|cache.dat,1748497080.0,File_Created / Basic_Info_Changed / Data_Added / Data_Overwritten / File_Renamed_New / File_Closed,0x003C00000000C7CE,0x00060000000198CB,usnjrnl_only,False,,,,,,,,,False,FALSE,FALSE,FALSE,,FALSE,,FALSE,False,False,False,True,9,False,3770,1736,7,0,False,True,True,True,True,6,,1,2,0,0,0,0,0,0.01988188851507617,LOW,Benign
12/28/23 15:52,12/28/23 15:52,,,FileCoAuth-2023-12-28.0752.5856.1.aodl,\Users\blueangel\AppData\Local\Microsoft\OneDrive\logs\Common\FileCoAuth-2023-12-28.0752.5856.1.aodl,,,\Users\blueangel\AppData\Local\Microsoft\OneDrive\logs\Common\FileCoAuth-2023-12-28.0752.5856.1.aodl|FileCoAuth-2023-12-28.0752.5856.1.aodl,1748501184.0,File_Created / Basic_Info_Changed / Data_Added,0x003400000000BFDF,0x000200000001E4E0,usnjrnl_only,False,,,,,,,,,False,FALSE,FALSE,FALSE,,FALSE,,FALSE,False,False,False,True,38,False,10,1736,7,14,False,True,True,False,False,9,,1,1,0,0,0,0,0,0.0298144208085607,LOW,Benign
12/28/23 15:52,12/28/23 15:52,,,FileCoAuth-2023-12-28.0752.5856.1.aodl,\Users\blueangel\AppData\Local\Microsoft\OneDrive\logs\Common\FileCoAuth-2023-12-28.0752.5856.1.aodl,,,\Users\blueangel\AppData\Local\Microsoft\OneDrive\logs\Common\FileCoAuth-2023-12-28.0752.5856.1.aodl|FileCoAuth-2023-12-28.0752.5856.1.aodl,1748501320.0,File_Created / Basic_Info_Changed / Data_Added / File_Closed,0x003400000000BFDF,0x000200000001E4E0,usnjrnl_only,False,,,,,,,,,False,FALSE,FALSE,FALSE,,FALSE,,FALSE,False,False,False,True,38,False,10,1736,7,0,False,True,True,True,True,9,,1,2,0,0,0,0,0,0.01988188851507617,LOW,Benign
12/28/23 15:53,12/28/23 15:53,,,nodes.dat,\ProgramData\Avast Software\Avast\IDS\malwareprofile\nodes.dat,,,\ProgramData\Avast Software\Avast\IDS\malwareprofile\nodes.dat|nodes.dat,1748519928.0,File_Created / Basic_Info_Changed / Data_Added / Data_Overwritten / Data_Truncated / File_Renamed_New,0x001800000000C7E8,0x00060000000198CB,usnjrnl_only,False,,,,,,,,,False,FALSE,FALSE,FALSE,,FALSE,,FALSE,False,False,False,True,9,False,2536,1736,7,62,False,True,True,False,False,6,,1,1,0,0,0,0,0,0.0298144208085607,LOW,Benign
12/28/23 15:53,12/28/23 15:53,,,nodes.dat,\ProgramData\Avast Software\Avast\IDS\malwareprofile\nodes.dat,,,\ProgramData\Avast Software\Avast\IDS\malwareprofile\nodes.dat|nodes.dat,1748520008.0,File_Created / Basic_Info_Changed / Data_Added / Data_Overwritten / Data_Truncated / File_Renamed_New / File_Closed,0x001800000000C7E8,0x00060000000198CB,usnjrnl_only,False,,,,,,,,,False,FALSE,FALSE,FALSE,,FALSE,,FALSE,False,False,False,True,9,False,2536,1736,7,0,False,True,True,True,True,6,,1,2,0,0,0,0,0,0.01988188851507617,LOW,Benign
12/28/23 16:02,12/28/23 16:02,,,globalLoadable.dat,\ProgramData\Avast Software\Avast\IDS\profile\globalLoadable.dat,,,\ProgramData\Avast Software\Avast\IDS\profile\globalLoadable.dat|globalLoadable.dat,1748621168.0,File_Created / Basic_Info_Changed / Data_Added / Data_Overwritten / File_Renamed_New,0x00AC00000000C13B,0x000A00000001F980,usnjrnl_only,False,,,,,,,,,False,FALSE,FALSE,FALSE,,FALSE,,FALSE,False,False,False,True,18,False,3770,1736,5,522,False,True,True,False,False,6,,1,1,0,0,0,0,0,0.0298144208085607,LOW,Benign
12/28/23 16:02,12/28/23 16:02,,,globalLoadable.dat,\ProgramData\Avast Software\Avast\IDS\profile\globalLoadable.dat,,,\ProgramData\Avast Software\Avast\IDS\profile\globalLoadable.dat|globalLoadable.dat,1748621264.0,File_Created / Basic_Info_Changed / Data_Added / Data_Overwritten / File_Renamed_New / File_Closed,0x00AC00000000C13B,0x000A00000001F980,usnjrnl_only,False,,,,,,,,,False,FALSE,FALSE,FALSE,,FALSE,,FALSE,False,False,False,True,18,False,3770,1736,5,0,False,True,True,True,True,6,,1,2,0,0,0,0,0,0.01988188851507617,LOW,Benign
12/28/23 16:02,12/28/23 16:02,,,cache.dat,\ProgramData\Avast Software\Avast\IDS\malwareprofile\cache.dat,,,\ProgramData\Avast Software\Avast\IDS\malwareprofile\cache.dat|cache.dat,1748622128.0,File_Created / Basic_Info_Changed / Data_Added / Data_Overwritten / File_Renamed_New,0x008C00000000C7E7,0x00060000000198CB,usnjrnl_only,False,,,,,,,,,False,FALSE,FALSE,FALSE,,FALSE,,FALSE,False,False,False,True,9,False,3770,1736,5,2,False,True,True,False,False,6,,1,1,0,0,0,0,0,0.0298144208085607,LOW,Benign
12/28/23 16:02,12/28/23 16:02,,,cache.dat,\ProgramData\Avast Software\Avast\IDS\malwareprofile\cache.dat,,,\ProgramData\Avast Software\Avast\IDS\malwareprofile\cache.dat|cache.dat,1748622208.0,File_Created / Basic_Info_Changed / Data_Added / Data_Overwritten / File_Renamed_New / File_Closed,0x008C00000000C7E7,0x00060000000198CB,usnjrnl_only,False,,,,,,,,,False,FALSE,FALSE,FALSE,,FALSE,,FALSE,False,False,False,True,9,False,3770,1736,5,0,False,True,True,True,True,6,,1,2,0,0,0,0,0,0.01988188851507617,LOW,Benign
12/28/23 16:02,12/28/23 16:02,,,FileCoAuth-2023-12-28.0802.5332.1.aodl,\Users\blueangel\AppData\Local\Microsoft\OneDrive\logs\Common\FileCoAuth-2023-12-28.0802.5332.1.aodl,,,\Users\blueangel\AppData\Local\Microsoft\OneDrive\logs\Common\FileCoAuth-2023-12-28.0802.5332.1.aodl|FileCoAuth-2023-12-28.0802.5332.1.aodl,1748624320.0,File_Created / Basic_Info_Changed / Data_Added,0x003D00000000C7CE,0x000200000001E4E0,usnjrnl_only,False,,,,,,,,,False,FALSE,FALSE,FALSE,,FALSE,,FALSE,False,False,False,True,38,False,10,1736,5,14,False,True,True,False,False,9,,1,1,0,0,0,0,0,0.0298144208085607,LOW,Benign
12/28/23 16:02,12/28/23 16:02,,,FileCoAuth-2023-12-28.0802.5332.1.aodl,\Users\blueangel\AppData\Local\Microsoft\OneDrive\logs\Common\FileCoAuth-2023-12-28.0802.5332.1.aodl,,,\Users\blueangel\AppData\Local\Microsoft\OneDrive\logs\Common\FileCoAuth-2023-12-28.0802.5332.1.aodl|FileCoAuth-2023-12-28.0802.5332.1.aodl,1748624456.0,File_Created / Basic_Info_Changed / Data_Added / File_Closed,0x003D00000000C7CE,0x000200000001E4E0,usnjrnl_only,False,,,,,,,,,False,FALSE,FALSE,FALSE,,FALSE,,FALSE,False,False,False,True,38,False,10,1736,5,0,False,True,True,True,True,9,,1,2,0,0,0,0,0,0.01988188851507617,LOW,Benign
12/28/23 16:07,12/28/23 16:07,,,tmp_4c362552-9b6a-47c7-b163-d1456fa139b7.zip,\ProgramData\Avast Software\Avast\IDS\outbox\tmp_4c362552-9b6a-47c7-b163-d1456fa139b7.zip,,,\ProgramData\Avast Software\Avast\IDS\outbox\tmp_4c362552-9b6a-47c7-b163-d1456fa139b7.zip|tmp_4c362552-9b6a-47c7-b163-d1456fa139b7.zip,1748701488.0,File_Created / Basic_Info_Changed / Data_Added / File_Renamed_New,0x000200000000C7EB,0x00050000000198D5,usnjrnl_only,False,,,,,,,,,False,FALSE,FALSE,FALSE,,FALSE,,FALSE,False,False,False,True,44,False,20,1736,5,275,False,True,True,False,False,6,,1,1,0,0,0,0,0,0.0298144208085607,LOW,Benign
12/28/23 16:07,12/28/23 16:07,,,tmp_4c362552-9b6a-47c7-b163-d1456fa139b7.zip,\ProgramData\Avast Software\Avast\IDS\outbox\tmp_4c362552-9b6a-47c7-b163-d1456fa139b7.zip,,,\ProgramData\Avast Software\Avast\IDS\outbox\tmp_4c362552-9b6a-47c7-b163-d1456fa139b7.zip|tmp_4c362552-9b6a-47c7-b163-d1456fa139b7.zip,1748701640.0,File_Created / Basic_Info_Changed / Data_Added / File_Renamed_New / File_Closed,0x000200000000C7EB,0x00050000000198D5,usnjrnl_only,False,,,,,,,,,False,FALSE,FALSE,FALSE,,FALSE,,FALSE,False,False,False,True,44,False,20,1736,5,0,False,True,True,True,True,6,,1,2,0,0,0,0,0,0.01988188851507617,LOW,Benign
12/28/23 16:07,12/28/23 16:07,,,tmp_4c362552-9b6a-47c7-b163-d1456fa139b7.zip,\ProgramData\Avast Software\Avast\IDS\outbox\tmp_4c362552-9b6a-47c7-b163-d1456fa139b7.zip,,,\ProgramData\Avast Software\Avast\IDS\outbox\tmp_4c362552-9b6a-47c7-b163-d1456fa139b7.zip|tmp_4c362552-9b6a-47c7-b163-d1456fa139b7.zip,1748702552.0,File_Created / Basic_Info_Changed / Data_Added / File_Renamed_New,0x001700000000C7EA,0x00050000000198D5,usnjrnl_only,False,,,,,,,,,False,FALSE,FALSE,FALSE,,FALSE,,FALSE,False,False,False,True,44,False,20,1736,5,0,False,True,True,False,False,6,,1,1,0,0,0,0,0,0.0298144208085607,LOW,Benign
12/28/23 16:07,12/28/23 16:07,,,tmp_4c362552-9b6a-47c7-b163-d1456fa139b7.zip,\ProgramData\Avast Software\Avast\IDS\outbox\tmp_4c362552-9b6a-47c7-b163-d1456fa139b7.zip,,,\ProgramData\Avast Software\Avast\IDS\outbox\tmp_4c362552-9b6a-47c7-b163-d1456fa139b7.zip|tmp_4c362552-9b6a-47c7-b163-d1456fa139b7.zip,1748702704.0,File_Created / Basic_Info_Changed / Data_Added / File_Renamed_New / File_Closed,0x001700000000C7EA,0x00050000000198D5,usnjrnl_only,False,,,,,,,,,False,FALSE,FALSE,FALSE,,FALSE,,FALSE,False,False,False,True,44,False,20,1736,5,0,False,True,True,True,True,6,,1,2,0,0,0,0,0,0.01988188851507617,LOW,Benign
12/28/23 16:08,12/28/23 16:08,,,nodes.dat,\ProgramData\Avast Software\Avast\IDS\malwareprofile\nodes.dat,,,\ProgramData\Avast Software\Avast\IDS\malwareprofile\nodes.dat|nodes.dat,1748724872.0,File_Created / Basic_Info_Changed / Data_Added / Data_Overwritten / Data_Truncated / File_Renamed_New,0x001E00000000C7EB,0x00060000000198CB,usnjrnl_only,False,,,,,,,,,False,FALSE,FALSE,FALSE,,FALSE,,FALSE,False,False,False,True,9,False,2536,1736,5,90,False,True,True,False,False,6,,1,1,0,0,0,0,0,0.0298144208085607,LOW,Benign
12/28/23 16:08,12/28/23 16:08,,,nodes.dat,\ProgramData\Avast Software\Avast\IDS\malwareprofile\nodes.dat,,,\ProgramData\Avast Software\Avast\IDS\malwareprofile\nodes.dat|nodes.dat,1748724952.0,File_Created / Basic_Info_Changed / Data_Added / Data_Overwritten / Data_Truncated / File_Renamed_New / File_Closed,0x001E00000000C7EB,0x00060000000198CB,usnjrnl_only,False,,,,,,,,,False,FALSE,FALSE,FALSE,,FALSE,,FALSE,False,False,False,True,9,False,2536,1736,5,0,False,True,True,True,True,6,,1,2,0,0,0,0,0,0.01988188851507617,LOW,Benign
12/28/23 16:12,12/28/23 16:12,,,globalLoadable.dat,\ProgramData\Avast Software\Avast\IDS\profile\globalLoadable.dat,,,\ProgramData\Avast Software\Avast\IDS\profile\globalLoadable.dat|globalLoadable.dat,1748768672.0,File_Created / Basic_Info_Changed / Data_Added / Data_Overwritten / File_Renamed_New,0x005000000000C7E8,0x000A00000001F980,usnjrnl_only,False,,,,,,,,,False,FALSE,FALSE,FALSE,,FALSE,,FALSE,False,False,False,True,18,False,3770,1736,5,219,False,True,True,False,False,6,,1,1,0,0,0,0,0,0.0298144208085607,LOW,Benign
12/28/23 16:12,12/28/23 16:12,,,globalLoadable.dat,\ProgramData\Avast Software\Avast\IDS\profile\globalLoadable.dat,,,\ProgramData\Avast Software\Avast\IDS\profile\globalLoadable.dat|globalLoadable.dat,1748768768.0,File_Created / Basic_Info_Changed / Data_Added / Data_Overwritten / File_Renamed_New / File_Closed,0x005000000000C7E8,0x000A00000001F980,usnjrnl_only,False,,,,,,,,,False,FALSE,FALSE,FALSE,,FALSE,,FALSE,False,False,False,True,18,False,3770,1736,5,0,False,True,True,True,True,6,,1,2,0,0,0,0,0,0.01988188851507617,LOW,Benign
12/28/23 16:12,12/28/23 16:12,,,cache.dat,\ProgramData\Avast Software\Avast\IDS\malwareprofile\cache.dat,,,\ProgramData\Avast Software\Avast\IDS\malwareprofile\cache.dat|cache.dat,1748771128.0,File_Created / Basic_Info_Changed / Data_Added / Data_Overwritten / File_Renamed_New,0x00AF00000000C13B,0x00060000000198CB,usnjrnl_only,False,,,,,,,,,False,FALSE,FALSE,FALSE,,FALSE,,FALSE,False,False,False,True,9,False,3770,1736,5,2,False,True,True,False,False,6,,1,1,0,0,0,0,0,0.0298144208085607,LOW,Benign
12/28/23 16:12,12/28/23 16:12,,,cache.dat,\ProgramData\Avast Software\Avast\IDS\malwareprofile\cache.dat,,,\ProgramData\Avast Software\Avast\IDS\malwareprofile\cache.dat|cache.dat,1748771208.0,File_Created / Basic_Info_Changed / Data_Added / Data_Overwritten / File_Renamed_New / File_Closed,0x00AF00000000C13B,0x00060000000198CB,usnjrnl_only,False,,,,,,,,,False,FALSE,FALSE,FALSE,,FALSE,,FALSE,False,False,False,True,9,False,3770,1736,5,0,False,True,True,True,True,6,,1,2,0,0,0,0,0,0.01988188851507617,LOW,Benign
12/28/23 16:12,12/28/23 16:12,,,FileCoAuth-2023-12-28.0812.8880.1.aodl,\Users\blueangel\AppData\Local\Microsoft\OneDrive\logs\Common\FileCoAuth-2023-12-28.0812.8880.1.aodl,,,\Users\blueangel\AppData\Local\Microsoft\OneDrive\logs\Common\FileCoAuth-2023-12-28.0812.8880.1.aodl|FileCoAuth-2023-12-28.0812.8880.1.aodl,1748773928.0,File_Created / Basic_Info_Changed / Data_Added,0x008D00000000C7E7,0x000200000001E4E0,usnjrnl_only,False,,,,,,,,,False,FALSE,FALSE,FALSE,,FALSE,,FALSE,False,False,False,True,38,False,10,1736,5,14,False,True,True,False,False,9,,1,1,0,0,0,0,0,0.0298144208085607,LOW,Benign
12/28/23 16:12,12/28/23 16:12,,,FileCoAuth-2023-12-28.0812.8880.1.aodl,\Users\blueangel\AppData\Local\Microsoft\OneDrive\logs\Common\FileCoAuth-2023-12-28.0812.8880.1.aodl,,,\Users\blueangel\AppData\Local\Microsoft\OneDrive\logs\Common\FileCoAuth-2023-12-28.0812.8880.1.aodl|FileCoAuth-2023-12-28.0812.8880.1.aodl,1748774064.0,File_Created / Basic_Info_Changed / Data_Added / File_Closed,0x008D00000000C7E7,0x000200000001E4E0,usnjrnl_only,False,,,,,,,,,False,FALSE,FALSE,FALSE,,FALSE,,FALSE,False,False,False,True,38,False,10,1736,5,0,False,True,True,True,True,9,,1,2,0,0,0,0,0,0.01988188851507617,LOW,Benign
12/28/23 16:22,12/28/23 16:22,,,globalLoadable.dat,\ProgramData\Avast Software\Avast\IDS\profile\globalLoadable.dat,,,\ProgramData\Avast Software\Avast\IDS\profile\globalLoadable.dat|globalLoadable.dat,1748897888.0,File_Created / Basic_Info_Changed / Data_Added / Data_Overwritten / File_Renamed_New,0x007C00000000BFF0,0x000A00000001F980,usnjrnl_only,False,,,,,,,,,False,FALSE,FALSE,FALSE,,FALSE,,FALSE,False,False,False,True,18,False,3770,1736,11,584,False,True,True,False,False,6,,1,1,0,0,0,0,0,0.0298144208085607,LOW,Benign
12/28/23 16:22,12/28/23 16:22,,,globalLoadable.dat,\ProgramData\Avast Software\Avast\IDS\profile\globalLoadable.dat,,,\ProgramData\Avast Software\Avast\IDS\profile\globalLoadable.dat|globalLoadable.dat,1748897984.0,File_Created / Basic_Info_Changed / Data_Added / Data_Overwritten / File_Renamed_New / File_Closed,0x007C00000000BFF0,0x000A00000001F980,usnjrnl_only,False,,,,,,,,,False,FALSE,FALSE,FALSE,,FALSE,,FALSE,False,False,False,True,18,False,3770,1736,11,0,False,True,True,True,True,6,,1,2,0,0,0,0,0,0.01988188851507617,LOW,Benign
12/28/23 16:22,12/28/23 16:22,,,cache.dat,\ProgramData\Avast Software\Avast\IDS\malwareprofile\cache.dat,,,\ProgramData\Avast Software\Avast\IDS\malwareprofile\cache.dat|cache.dat,1748899760.0,File_Created / Basic_Info_Changed / Data_Added / Data_Overwritten / File_Renamed_New,0x005100000000C7E8,0x00060000000198CB,usnjrnl_only,False,,,,,,,,,False,FALSE,FALSE,FALSE,,FALSE,,FALSE,False,False,False,True,9,False,3770,1736,11,2,False,True,True,False,False,6,,1,1,0,0,0,0,0,0.0298144208085607,LOW,Benign
12/28/23 16:22,12/28/23 16:22,,,cache.dat,\ProgramData\Avast Software\Avast\IDS\malwareprofile\cache.dat,,,\ProgramData\Avast Software\Avast\IDS\malwareprofile\cache.dat|cache.dat,1748899840.0,File_Created / Basic_Info_Changed / Data_Added / Data_Overwritten / File_Renamed_New / File_Closed,0x005100000000C7E8,0x00060000000198CB,usnjrnl_only,False,,,,,,,,,False,FALSE,FALSE,FALSE,,FALSE,,FALSE,False,False,False,True,9,False,3770,1736,11,0,False,True,True,True,True,6,,1,2,0,0,0,0,0,0.01988188851507617,LOW,Benign
12/28/23 16:22,12/28/23 16:22,,,SyncEngine-2023-12-28.0157.9548.3.aodl,\Users\blueangel\AppData\Local\Microsoft\OneDrive\logs\Personal\SyncEngine-2023-12-28.0157.9548.3.aodl,,,\Users\blueangel\AppData\Local\Microsoft\OneDrive\logs\Personal\SyncEngine-2023-12-28.0157.9548.3.aodl|SyncEngine-2023-12-28.0157.9548.3.aodl,1748900392.0,Basic_Info_Changed / Data_Added,0x000A00000000C646,0x000100000001AB1B,usnjrnl_only,False,,,,,,,,,False,FALSE,FALSE,FALSE,,FALSE,,FALSE,False,False,False,True,38,False,10,1736,11,5,False,True,True,False,False,9,,1,1,0,0,0,0,0,0.0298144208085607,LOW,Benign
12/28/23 16:22,12/28/23 16:22,,,SyncEngine-2023-12-28.0157.9548.3.aodl,\Users\blueangel\AppData\Local\Microsoft\OneDrive\logs\Personal\SyncEngine-2023-12-28.0157.9548.3.aodl,,,\Users\blueangel\AppData\Local\Microsoft\OneDrive\logs\Personal\SyncEngine-2023-12-28.0157.9548.3.aodl|SyncEngine-2023-12-28.0157.9548.3.aodl,1748900528.0,Basic_Info_Changed / Data_Added / File_Closed,0x000A00000000C646,0x000100000001AB1B,usnjrnl_only,False,,,,,,,,,False,FALSE,FALSE,FALSE,,FALSE,,FALSE,False,False,False,True,38,False,10,1736,11,0,False,True,True,True,True,9,,1,2,0,0,0,0,0,0.01988188851507617,LOW,Benign
12/28/23 16:22,12/28/23 16:22,,,FileCoAuth-2023-12-28.0822.6808.1.aodl,\Users\blueangel\AppData\Local\Microsoft\OneDrive\logs\Common\FileCoAuth-2023-12-28.0822.6808.1.aodl,,,\Users\blueangel\AppData\Local\Microsoft\OneDrive\logs\Common\FileCoAuth-2023-12-28.0822.6808.1.aodl|FileCoAuth-2023-12-28.0822.6808.1.aodl,1748905488.0,File_Created / Basic_Info_Changed / Data_Added,0x000B00000000C646,0x000200000001E4E0,usnjrnl_only,False,,,,,,,,,False,FALSE,FALSE,FALSE,,FALSE,,FALSE,False,False,False,True,38,False,10,1736,11,9,False,True,True,False,False,9,,1,1,0,0,0,0,0,0.0298144208085607,LOW,Benign
12/28/23 16:22,12/28/23 16:22,,,FileCoAuth-2023-12-28.0822.6808.1.aodl,\Users\blueangel\AppData\Local\Microsoft\OneDrive\logs\Common\FileCoAuth-2023-12-28.0822.6808.1.aodl,,,\Users\blueangel\AppData\Local\Microsoft\OneDrive\logs\Common\FileCoAuth-2023-12-28.0822.6808.1.aodl|FileCoAuth-2023-12-28.0822.6808.1.aodl,1748905624.0,File_Created / Basic_Info_Changed / Data_Added / File_Closed,0x000B00000000C646,0x000200000001E4E0,usnjrnl_only,False,,,,,,,,,False,FALSE,FALSE,FALSE,,FALSE,,FALSE,False,False,False,True,38,False,10,1736,11,0,False,True,True,True,True,9,,1,2,0,0,0,0,0,0.01988188851507617,LOW,Benign
12/28/23 16:23,12/28/23 16:23,,,nodes.dat,\ProgramData\Avast Software\Avast\IDS\malwareprofile\nodes.dat,,,\ProgramData\Avast Software\Avast\IDS\malwareprofile\nodes.dat|nodes.dat,1748930872.0,File_Created / Basic_Info_Changed / Data_Added / Data_Overwritten / Data_Truncated / File_Renamed_New,0x000600000000C7F9,0x00060000000198CB,usnjrnl_only,False,,,,,,,,,False,FALSE,FALSE,FALSE,,FALSE,,FALSE,False,False,False,True,9,False,2536,1736,11,68,False,True,True,False,False,6,,1,1,0,0,0,0,0,0.0298144208085607,LOW,Benign
12/28/23 16:23,12/28/23 16:23,,,nodes.dat,\ProgramData\Avast Software\Avast\IDS\malwareprofile\nodes.dat,,,\ProgramData\Avast Software\Avast\IDS\malwareprofile\nodes.dat|nodes.dat,1748930952.0,File_Created / Basic_Info_Changed / Data_Added / Data_Overwritten / Data_Truncated / File_Renamed_New / File_Closed,0x000600000000C7F9,0x00060000000198CB,usnjrnl_only,False,,,,,,,,,False,FALSE,FALSE,FALSE,,FALSE,,FALSE,False,False,False,True,9,False,2536,1736,11,0,False,True,True,True,True,6,,1,2,0,0,0,0,0,0.01988188851507617,LOW,Benign
12/28/23 16:23,12/28/23 16:23,,,backup.dat,\ProgramData\Avast Software\Avast\IDS\malwareprofile\backup.dat,,,\ProgramData\Avast Software\Avast\IDS\malwareprofile\backup.dat|backup.dat,1748931272.0,Basic_Info_Changed / Data_Added / Data_Overwritten / Data_Truncated,0x0002000000013ECB,0x00060000000198CB,usnjrnl_only,False,,,,,,,,,False,FALSE,FALSE,FALSE,,FALSE,,FALSE,False,False,False,True,10,False,1182,1736,11,0,False,True,True,False,False,6,,1,1,0,0,0,0,0,0.0298144208085607,LOW,Benign
12/28/23 16:23,12/28/23 16:23,,,backup.dat,\ProgramData\Avast Software\Avast\IDS\malwareprofile\backup.dat,,,\ProgramData\Avast Software\Avast\IDS\malwareprofile\backup.dat|backup.dat,1748931352.0,Basic_Info_Changed / Data_Added / Data_Overwritten / Data_Truncated / File_Closed,0x0002000000013ECB,0x00060000000198CB,usnjrnl_only,False,,,,,,,,,False,FALSE,FALSE,FALSE,,FALSE,,FALSE,False,False,False,True,10,False,1182,1736,11,0,False,True,True,True,True,6,,1,2,0,0,0,0,0,0.01988188851507617,LOW,Benign
12/28/23 16:28,12/28/23 16:28,,,MoUsoCoreWorker.a47d6022-d0ba-449c-ba42-2f5e42848312.1.etl,\ProgramData\USOShared\Logs\System\MoUsoCoreWorker.a47d6022-d0ba-449c-ba42-2f5e42848312.1.etl,,,\ProgramData\USOShared\Logs\System\MoUsoCoreWorker.a47d6022-d0ba-449c-ba42-2f5e42848312.1.etl|MoUsoCoreWorker.a47d6022-d0ba-449c-ba42-2f5e42848312.1.etl,1748983240.0,File_Created / Basic_Info_Changed,0x001700000000825B,0x0001000000000624,usnjrnl_only,False,,,,,,,,,False,FALSE,FALSE,FALSE,,FALSE,,FALSE,False,False,False,False,58,False,20,1736,13,274,False,True,True,False,False,5,,1,1,0,0,0,0,0,0.0298144208085607,LOW,Benign
12/28/23 16:28,12/28/23 16:28,,,MoUsoCoreWorker.a47d6022-d0ba-449c-ba42-2f5e42848312.1.etl,\ProgramData\USOShared\Logs\System\MoUsoCoreWorker.a47d6022-d0ba-449c-ba42-2f5e42848312.1.etl,,,\ProgramData\USOShared\Logs\System\MoUsoCoreWorker.a47d6022-d0ba-449c-ba42-2f5e42848312.1.etl|MoUsoCoreWorker.a47d6022-d0ba-449c-ba42-2f5e42848312.1.etl,1748983416.0,File_Created / Basic_Info_Changed / Data_Added,0x001700000000825B,0x0001000000000624,usnjrnl_only,False,,,,,,,,,False,FALSE,FALSE,FALSE,,FALSE,,FALSE,False,False,False,False,58,False,20,1736,13,0,False,True,True,False,False,5,,1,1,0,0,0,0,0,0.0298144208085607,LOW,Benign
12/28/23 16:28,12/28/23 16:28,,,WuProvider.bf6855a0-6067-425c-9f63-26a4b27e1bb5.1.etl,\ProgramData\USOShared\Logs\System\WuProvider.bf6855a0-6067-425c-9f63-26a4b27e1bb5.1.etl,,,\ProgramData\USOShared\Logs\System\WuProvider.bf6855a0-6067-425c-9f63-26a4b27e1bb5.1.etl|WuProvider.bf6855a0-6067-425c-9f63-26a4b27e1bb5.1.etl,1748983976.0,File_Created / Basic_Info_Changed,0x002500000000AFF6,0x0001000000000624,usnjrnl_only,False,,,,,,,,,False,FALSE,FALSE,FALSE,,FALSE,,FALSE,False,False,False,False,53,False,20,1736,13,0,False,True,True,False,False,5,,1,1,0,0,0,0,0,0.0298144208085607,LOW,Benign
12/28/23 16:28,12/28/23 16:28,,,WuProvider.bf6855a0-6067-425c-9f63-26a4b27e1bb5.1.etl,\ProgramData\USOShared\Logs\System\WuProvider.bf6855a0-6067-425c-9f63-26a4b27e1bb5.1.etl,,,\ProgramData\USOShared\Logs\System\WuProvider.bf6855a0-6067-425c-9f63-26a4b27e1bb5.1.etl|WuProvider.bf6855a0-6067-425c-9f63-26a4b27e1bb5.1.etl,1748984144.0,File_Created / Basic_Info_Changed / Data_Added,0x002500000000AFF6,0x0001000000000624,usnjrnl_only,False,,,,,,,,,False,FALSE,FALSE,FALSE,,FALSE,,FALSE,False,False,False,False,53,False,20,1736,13,0,False,True,True,False,False,5,,1,1,0,0,0,0,0,0.0298144208085607,LOW,Benign
12/28/23 16:28,12/28/23 16:28,,,WindowsUpdate.20231228.172814.102.1.etl,\Windows\Logs\WindowsUpdate\WindowsUpdate.20231228.172814.102.1.etl,,,\Windows\Logs\WindowsUpdate\WindowsUpdate.20231228.172814.102.1.etl|WindowsUpdate.20231228.172814.102.1.etl,1748984456.0,File_Created / Basic_Info_Changed / Content_Indexed_Attr_Changed,0x005B00000000C7EB,0x000100000001A7D0,usnjrnl_only,False,,,,,,,,,False,FALSE,FALSE,FALSE,,FALSE,,FALSE,False,False,False,False,39,False,20,1736,13,0,False,True,True,False,False,4,,1,1,0,0,0,0,0,0.0298144208085607,LOW,Benign
12/28/23 16:28,12/28/23 16:28,,,WindowsUpdate.20231228.172814.102.1.etl,\Windows\Logs\WindowsUpdate\WindowsUpdate.20231228.172814.102.1.etl,,,\Windows\Logs\WindowsUpdate\WindowsUpdate.20231228.172814.102.1.etl|WindowsUpdate.20231228.172814.102.1.etl,1748984600.0,File_Created / Basic_Info_Changed / Data_Added / Content_Indexed_Attr_Changed,0x005B00000000C7EB,0x000100000001A7D0,usnjrnl_only,False,,,,,,,,,False,FALSE,FALSE,FALSE,,FALSE,,FALSE,False,False,False,False,39,False,20,1736,13,0,False,True,True,False,False,4,,1,1,0,0,0,0,0,0.0298144208085607,LOW,Benign
12/28/23 16:28,12/28/23 16:28,,,waasmedic.20231228_082814_321.etl,\Windows\Logs\waasmedic\waasmedic.20231228_082814_321.etl,,,\Windows\Logs\waasmedic\waasmedic.20231228_082814_321.etl|waasmedic.20231228_082814_321.etl,1748985768.0,File_Created / Basic_Info_Changed / Content_Indexed_Attr_Changed,0x000200000000C7FA,0x000100000001A208,usnjrnl_only,False,,,,,,,,,False,FALSE,FALSE,FALSE,,FALSE,,FALSE,False,False,False,False,33,False,20,1736,13,0,False,True,True,False,False,4,,1,1,0,0,0,0,0,0.039773830643638035,LOW,Benign
12/28/23 16:28,12/28/23 16:28,,,waasmedic.20231228_082814_321.etl,\Windows\Logs\waasmedic\waasmedic.20231228_082814_321.etl,,,\Windows\Logs\waasmedic\waasmedic.20231228_082814_321.etl|waasmedic.20231228_082814_321.etl,1748985896.0,File_Created / Basic_Info_Changed / Data_Added / Content_Indexed_Attr_Changed,0x000200000000C7FA,0x000100000001A208,usnjrnl_only,False,,,,,,,,,False,FALSE,FALSE,FALSE,,FALSE,,FALSE,False,False,False,False,33,False,20,1736,13,0,False,True,True,False,False,4,,1,1,0,0,0,0,0,0.039773830643638035,LOW,Benign
12/28/23 16:28,12/28/23 16:28,,,waasmedic.20231228_082814_321.etl,\Windows\Logs\waasmedic\waasmedic.20231228_082814_321.etl,,,\Windows\Logs\waasmedic\waasmedic.20231228_082814_321.etl|waasmedic.20231228_082814_321.etl,1748987904.0,File_Created / Basic_Info_Changed / Data_Added / Data_Overwritten / Content_Indexed_Attr_Changed,0x000200000000C7FA,0x000100000001A208,usnjrnl_only,False,,,,,,,,,False,FALSE,FALSE,FALSE,,FALSE,,FALSE,False,False,False,False,33,False,20,1736,13,0,False,True,True,False,False,4,,1,1,0,0,0,0,0,0.039773830643638035,LOW,Benign
12/28/23 16:29,12/28/23 16:29,,,waasmedic.20231228_082814_321.etl,\Windows\Logs\waasmedic\waasmedic.20231228_082814_321.etl,,,\Windows\Logs\waasmedic\waasmedic.20231228_082814_321.etl|waasmedic.20231228_082814_321.etl,1749005312.0,File_Created / Basic_Info_Changed / Data_Added / Data_Overwritten / Content_Indexed_Attr_Changed / File_Closed,0x000200000000C7FA,0x000100000001A208,usnjrnl_only,False,,,,,,,,,False,FALSE,FALSE,FALSE,,FALSE,,FALSE,False,False,False,True,33,False,20,1736,13,60,False,True,True,True,True,4,,1,2,0,0,0,0,0,0.03591128942202132,LOW,Benign
12/28/23 16:29,12/28/23 16:29,,,MoUsoCoreWorker.a47d6022-d0ba-449c-ba42-2f5e42848312.1.etl,\ProgramData\USOShared\Logs\System\MoUsoCoreWorker.a47d6022-d0ba-449c-ba42-2f5e42848312.1.etl,,,\ProgramData\USOShared\Logs\System\MoUsoCoreWorker.a47d6022-d0ba-449c-ba42-2f5e42848312.1.etl|MoUsoCoreWorker.a47d6022-d0ba-449c-ba42-2f5e42848312.1.etl,1749007704.0,File_Created / Basic_Info_Changed / Data_Added / Data_Overwritten,0x001700000000825B,0x0001000000000624,usnjrnl_only,False,,,,,,,,,False,FALSE,FALSE,FALSE,,FALSE,,FALSE,False,False,False,False,58,False,20,1736,13,1,False,True,True,False,False,5,,1,1,0,0,0,0,0,0.0298144208085607,LOW,Benign
12/28/23 16:29,12/28/23 16:29,,,MoUsoCoreWorker.a47d6022-d0ba-449c-ba42-2f5e42848312.1.etl,\ProgramData\USOShared\Logs\System\MoUsoCoreWorker.a47d6022-d0ba-449c-ba42-2f5e42848312.1.etl,,,\ProgramData\USOShared\Logs\System\MoUsoCoreWorker.a47d6022-d0ba-449c-ba42-2f5e42848312.1.etl|MoUsoCoreWorker.a47d6022-d0ba-449c-ba42-2f5e42848312.1.etl,1749007880.0,File_Created / Basic_Info_Changed / Data_Added / Data_Overwritten / File_Closed,0x001700000000825B,0x0001000000000624,usnjrnl_only,False,,,,,,,,,False,FALSE,FALSE,FALSE,,FALSE,,FALSE,False,False,False,True,58,False,20,1736,13,0,False,True,True,True,True,5,,1,2,0,0,0,0,0,0.01988188851507617,LOW,Benign
12/28/23 16:29,12/28/23 16:29,,,WuProvider.bf6855a0-6067-425c-9f63-26a4b27e1bb5.1.etl,\ProgramData\USOShared\Logs\System\WuProvider.bf6855a0-6067-425c-9f63-26a4b27e1bb5.1.etl,,,\ProgramData\USOShared\Logs\System\WuProvider.bf6855a0-6067-425c-9f63-26a4b27e1bb5.1.etl|WuProvider.bf6855a0-6067-425c-9f63-26a4b27e1bb5.1.etl,1749008056.0,File_Created / Basic_Info_Changed / Data_Added / Data_Overwritten,0x002500000000AFF6,0x0001000000000624,usnjrnl_only,False,,,,,,,,,False,FALSE,FALSE,FALSE,,FALSE,,FALSE,False,False,False,False,53,False,20,1736,13,0,False,True,True,False,False,5,,1,1,0,0,0,0,0,0.0298144208085607,LOW,Benign
12/28/23 16:29,12/28/23 16:29,,,WuProvider.bf6855a0-6067-425c-9f63-26a4b27e1bb5.1.etl,\ProgramData\USOShared\Logs\System\WuProvider.bf6855a0-6067-425c-9f63-26a4b27e1bb5.1.etl,,,\ProgramData\USOShared\Logs\System\WuProvider.bf6855a0-6067-425c-9f63-26a4b27e1bb5.1.etl|WuProvider.bf6855a0-6067-425c-9f63-26a4b27e1bb5.1.etl,1749008384.0,File_Created / Basic_Info_Changed / Data_Added / Data_Overwritten / File_Closed,0x002500000000AFF6,0x0001000000000624,usnjrnl_only,False,,,,,,,,,False,FALSE,FALSE,FALSE,,FALSE,,FALSE,False,False,False,True,53,False,20,1736,13,0,False,True,True,True,True,5,,1,2,0,0,0,0,0,0.01988188851507617,LOW,Benign
12/28/23 16:32,12/28/23 16:32,,,globalLoadable.dat,\ProgramData\Avast Software\Avast\IDS\profile\globalLoadable.dat,,,\ProgramData\Avast Software\Avast\IDS\profile\globalLoadable.dat|globalLoadable.dat,1749043824.0,File_Created / Basic_Info_Changed / Data_Added / Data_Overwritten / File_Renamed_New,0x003000000000C5A4,0x000A00000001F980,usnjrnl_only,False,,,,,,,,,False,FALSE,FALSE,FALSE,,FALSE,,FALSE,False,False,False,True,18,False,3770,1736,5,181,False,True,True,False,False,6,,1,1,0,0,0,0,0,0.0298144208085607,LOW,Benign
12/28/23 16:32,12/28/23 16:32,,,globalLoadable.dat,\ProgramData\Avast Software\Avast\IDS\profile\globalLoadable.dat,,,\ProgramData\Avast Software\Avast\IDS\profile\globalLoadable.dat|globalLoadable.dat,1749043920.0,File_Created / Basic_Info_Changed / Data_Added / Data_Overwritten / File_Renamed_New / File_Closed,0x003000000000C5A4,0x000A00000001F980,usnjrnl_only,False,,,,,,,,,False,FALSE,FALSE,FALSE,,FALSE,,FALSE,False,False,False,True,18,False,3770,1736,5,0,False,True,True,True,True,6,,1,2,0,0,0,0,0,0.01988188851507617,LOW,Benign
12/28/23 16:32,12/28/23 16:32,,,cache.dat,\ProgramData\Avast Software\Avast\IDS\malwareprofile\cache.dat,,,\ProgramData\Avast Software\Avast\IDS\malwareprofile\cache.dat|cache.dat,1749048464.0,File_Created / Basic_Info_Changed / Data_Added / Data_Overwritten / File_Renamed_New,0x008200000000BFF0,0x00060000000198CB,usnjrnl_only,False,,,,,,,,,False,FALSE,FALSE,FALSE,,FALSE,,FALSE,False,False,False,True,9,False,3770,1736,5,2,False,True,True,False,False,6,,1,1,0,0,0,0,0,0.0298144208085607,LOW,Benign
12/28/23 16:32,12/28/23 16:32,,,cache.dat,\ProgramData\Avast Software\Avast\IDS\malwareprofile\cache.dat,,,\ProgramData\Avast Software\Avast\IDS\malwareprofile\cache.dat|cache.dat,1749048544.0,File_Created / Basic_Info_Changed / Data_Added / Data_Overwritten / File_Renamed_New / File_Closed,0x008200000000BFF0,0x00060000000198CB,usnjrnl_only,False,,,,,,,,,False,FALSE,FALSE,FALSE,,FALSE,,FALSE,False,False,False,True,9,False,3770,1736,5,0,False,True,True,True,True,6,,1,2,0,0,0,0,0,0.01988188851507617,LOW,Benign
12/28/23 16:32,12/28/23 16:32,,,FileCoAuth-2023-12-28.0832.7036.1.aodl,\Users\blueangel\AppData\Local\Microsoft\OneDrive\logs\Common\FileCoAuth-2023-12-28.0832.7036.1.aodl,,,\Users\blueangel\AppData\Local\Microsoft\OneDrive\logs\Common\FileCoAuth-2023-12-28.0832.7036.1.aodl|FileCoAuth-2023-12-28.0832.7036.1.aodl,1749050680.0,File_Created / Basic_Info_Changed / Data_Added,0x001300000000C630,0x000200000001E4E0,usnjrnl_only,False,,,,,,,,,False,FALSE,FALSE,FALSE,,FALSE,,FALSE,False,False,False,True,38,False,10,1736,5,14,False,True,True,False,False,9,,1,1,0,0,0,0,0,0.0298144208085607,LOW,Benign
12/28/23 16:32,12/28/23 16:32,,,FileCoAuth-2023-12-28.0832.7036.1.aodl,\Users\blueangel\AppData\Local\Microsoft\OneDrive\logs\Common\FileCoAuth-2023-12-28.0832.7036.1.aodl,,,\Users\blueangel\AppData\Local\Microsoft\OneDrive\logs\Common\FileCoAuth-2023-12-28.0832.7036.1.aodl|FileCoAuth-2023-12-28.0832.7036.1.aodl,1749050816.0,File_Created / Basic_Info_Changed / Data_Added / File_Closed,0x001300000000C630,0x000200000001E4E0,usnjrnl_only,False,,,,,,,,,False,FALSE,FALSE,FALSE,,FALSE,,FALSE,False,False,False,True,38,False,10,1736,5,0,False,True,True,True,True,9,,1,2,0,0,0,0,0,0.01988188851507617,LOW,Benign
12/28/23 16:36,12/28/23 16:36,,,AppCache133482261901407378.txt.~tmp,\Users\blueangel\AppData\Local\Packages\Microsoft.Windows.Search_cw5n1h2txyewy\LocalState\DeviceSearchCache\AppCache133482261901407378.txt.~tmp,,,\Users\blueangel\AppData\Local\Packages\Microsoft.Windows.Search_cw5n1h2txyewy\LocalState\DeviceSearchCache\AppCache133482261901407378.txt.~tmp|AppCache133482261901407378.txt.~tmp,1749100952.0,Basic_Info_Changed,0x000200000000C7FF,0x000200000001A774,usnjrnl_only,False,,,,,,,,,False,FALSE,FALSE,FALSE,,FALSE,,FALSE,False,False,False,True,35,False,15,1736,8,238,False,True,True,False,False,9,,1,1,0,0,0,0,0,0.039773830643638035,LOW,Benign
12/28/23 16:36,12/28/23 16:36,,,AppCache133482261901407378.txt.~tmp,\Users\blueangel\AppData\Local\Packages\Microsoft.Windows.Search_cw5n1h2txyewy\LocalState\DeviceSearchCache\AppCache133482261901407378.txt.~tmp,,,\Users\blueangel\AppData\Local\Packages\Microsoft.Windows.Search_cw5n1h2txyewy\LocalState\DeviceSearchCache\AppCache133482261901407378.txt.~tmp|AppCache133482261901407378.txt.~tmp,1749101088.0,Basic_Info_Changed / Access_Right_Changed,0x000200000000C7FF,0x000200000001A774,usnjrnl_only,False,,,,,,,,,False,FALSE,FALSE,FALSE,,FALSE,,FALSE,False,False,False,True,35,False,15,1736,8,0,False,True,True,False,False,9,,1,1,0,0,0,0,0,0.039773830643638035,LOW,Benign
12/28/23 16:36,12/28/23 16:36,,,AppCache133482261901407378.txt.~tmp,\Users\blueangel\AppData\Local\Packages\Microsoft.Windows.Search_cw5n1h2txyewy\LocalState\DeviceSearchCache\AppCache133482261901407378.txt.~tmp,,,\Users\blueangel\AppData\Local\Packages\Microsoft.Windows.Search_cw5n1h2txyewy\LocalState\DeviceSearchCache\AppCache133482261901407378.txt.~tmp|AppCache133482261901407378.txt.~tmp,1749101952.0,Basic_Info_Changed / File_Renamed_Old / Access_Right_Changed,0x000200000000C7FF,0x000200000001A774,usnjrnl_only,False,,,,,,,,,False,FALSE,FALSE,FALSE,,FALSE,,FALSE,False,False,False,True,35,False,15,1736,8,0,False,True,True,False,False,9,,1,1,0,0,0,0,0,0.039773830643638035,LOW,Benign
12/28/23 16:36,12/28/23 16:36,,,AppCache133482261901407378.txt,\Users\blueangel\AppData\Local\Packages\Microsoft.Windows.Search_cw5n1h2txyewy\LocalState\DeviceSearchCache\AppCache133482261901407378.txt,,,\Users\blueangel\AppData\Local\Packages\Microsoft.Windows.Search_cw5n1h2txyewy\LocalState\DeviceSearchCache\AppCache133482261901407378.txt|AppCache133482261901407378.txt,1749102088.0,Basic_Info_Changed / File_Renamed_New / Access_Right_Changed,0x000200000000C7FF,0x000200000001A774,usnjrnl_only,False,,,,,,,,,False,FALSE,FALSE,FALSE,,FALSE,,FALSE,False,False,False,True,30,False,10,1736,8,0,False,True,True,False,False,9,,1,1,0,0,0,0,0,0.0298144208085607,LOW,Benign
12/28/23 16:36,12/28/23 16:36,,,AppCache133482261901407378.txt,\Users\blueangel\AppData\Local\Packages\Microsoft.Windows.Search_cw5n1h2txyewy\LocalState\DeviceSearchCache\AppCache133482261901407378.txt,,,\Users\blueangel\AppData\Local\Packages\Microsoft.Windows.Search_cw5n1h2txyewy\LocalState\DeviceSearchCache\AppCache133482261901407378.txt|AppCache133482261901407378.txt,1749102360.0,Basic_Info_Changed / File_Renamed_New / Access_Right_Changed / File_Closed,0x000200000000C7FF,0x000200000001A774,usnjrnl_only,False,,,,,,,,,False,FALSE,FALSE,FALSE,,FALSE,,FALSE,False,False,False,True,30,False,10,1736,8,0,False,True,True,True,True,9,,1,2,0,0,0,0,0,0.01988188851507617,LOW,Benign
12/28/23 16:38,12/28/23 16:38,,,WindowsUpdate.20231228.172814.102.1.etl,\Windows\Logs\WindowsUpdate\WindowsUpdate.20231228.172814.102.1.etl,,,\Windows\Logs\WindowsUpdate\WindowsUpdate.20231228.172814.102.1.etl|WindowsUpdate.20231228.172814.102.1.etl,1749127328.0,File_Created / Basic_Info_Changed / Data_Added / Data_Overwritten / Content_Indexed_Attr_Changed,0x005B00000000C7EB,0x000100000001A7D0,usnjrnl_only,False,,,,,,,,,False,FALSE,FALSE,FALSE,,FALSE,,FALSE,False,False,False,False,39,False,20,1736,8,106,False,True,True,False,False,4,,1,1,0,0,0,0,0,0.0298144208085607,LOW,Benign
12/28/23 16:38,12/28/23 16:38,,,WindowsUpdate.20231228.172814.102.1.etl,\Windows\Logs\WindowsUpdate\WindowsUpdate.20231228.172814.102.1.etl,,,\Windows\Logs\WindowsUpdate\WindowsUpdate.20231228.172814.102.1.etl|WindowsUpdate.20231228.172814.102.1.etl,1749127472.0,File_Created / Basic_Info_Changed / Data_Added / Data_Overwritten / Content_Indexed_Attr_Changed / File_Closed,0x005B00000000C7EB,0x000100000001A7D0,usnjrnl_only,False,,,,,,,,,False,FALSE,FALSE,FALSE,,FALSE,,FALSE,False,False,False,True,39,False,20,1736,8,0,False,True,True,True,True,4,,1,2,0,0,0,0,0,0.029540763940562008,LOW,Benign
12/28/23 16:38,12/28/23 16:38,,,nodes.dat,\ProgramData\Avast Software\Avast\IDS\malwareprofile\nodes.dat,,,\ProgramData\Avast Software\Avast\IDS\malwareprofile\nodes.dat|nodes.dat,1749132568.0,File_Created / Basic_Info_Changed / Data_Added / Data_Overwritten / Data_Truncated / File_Renamed_New,0x002400000000C70B,0x00060000000198CB,usnjrnl_only,False,,,,,,,,,False,FALSE,FALSE,FALSE,,FALSE,,FALSE,False,False,False,True,9,False,2536,1736,8,26,False,True,True,False,False,6,,1,1,0,0,0,0,0,0.0298144208085607,LOW,Benign
12/28/23 16:38,12/28/23 16:38,,,nodes.dat,\ProgramData\Avast Software\Avast\IDS\malwareprofile\nodes.dat,,,\ProgramData\Avast Software\Avast\IDS\malwareprofile\nodes.dat|nodes.dat,1749132648.0,File_Created / Basic_Info_Changed / Data_Added / Data_Overwritten / Data_Truncated / File_Renamed_New / File_Closed,0x002400000000C70B,0x00060000000198CB,usnjrnl_only,False,,,,,,,,,False,FALSE,FALSE,FALSE,,FALSE,,FALSE,False,False,False,True,9,False,2536,1736,8,0,False,True,True,True,True,6,,1,2,0,0,0,0,0,0.01988188851507617,LOW,Benign
12/28/23 16:42,12/28/23 16:42,,,globalLoadable.dat,\ProgramData\Avast Software\Avast\IDS\profile\globalLoadable.dat,,,\ProgramData\Avast Software\Avast\IDS\profile\globalLoadable.dat|globalLoadable.dat,1749173920.0,File_Created / Basic_Info_Changed / Data_Added / Data_Overwritten / File_Renamed_New,0x003A00000000C7F9,0x000A00000001F980,usnjrnl_only,False,,,,,,,,,False,FALSE,FALSE,FALSE,,FALSE,,FALSE,False,False,False,True,18,False,3770,1736,5,214,False,True,True,False,False,6,,1,1,0,0,0,0,0,0.0298144208085607,LOW,Benign
12/28/23 16:42,12/28/23 16:42,,,globalLoadable.dat,\ProgramData\Avast Software\Avast\IDS\profile\globalLoadable.dat,,,\ProgramData\Avast Software\Avast\IDS\profile\globalLoadable.dat|globalLoadable.dat,1749174016.0,File_Created / Basic_Info_Changed / Data_Added / Data_Overwritten / File_Renamed_New / File_Closed,0x003A00000000C7F9,0x000A00000001F980,usnjrnl_only,False,,,,,,,,,False,FALSE,FALSE,FALSE,,FALSE,,FALSE,False,False,False,True,18,False,3770,1736,5,0,False,True,True,True,True,6,,1,2,0,0,0,0,0,0.01988188851507617,LOW,Benign
12/28/23 16:42,12/28/23 16:42,,,cache.dat,\ProgramData\Avast Software\Avast\IDS\malwareprofile\cache.dat,,,\ProgramData\Avast Software\Avast\IDS\malwareprofile\cache.dat|cache.dat,1749177088.0,File_Created / Basic_Info_Changed / Data_Added / Data_Overwritten / File_Renamed_New,0x003400000000C5A4,0x00060000000198CB,usnjrnl_only,False,,,,,,,,,False,FALSE,FALSE,FALSE,,FALSE,,FALSE,False,False,False,True,9,False,3770,1736,5,2,False,True,True,False,False,6,,1,1,0,0,0,0,0,0.0298144208085607,LOW,Benign
12/28/23 16:42,12/28/23 16:42,,,cache.dat,\ProgramData\Avast Software\Avast\IDS\malwareprofile\cache.dat,,,\ProgramData\Avast Software\Avast\IDS\malwareprofile\cache.dat|cache.dat,1749177168.0,File_Created / Basic_Info_Changed / Data_Added / Data_Overwritten / File_Renamed_New / File_Closed,0x003400000000C5A4,0x00060000000198CB,usnjrnl_only,False,,,,,,,,,False,FALSE,FALSE,FALSE,,FALSE,,FALSE,False,False,False,True,9,False,3770,1736,5,0,False,True,True,True,True,6,,1,2,0,0,0,0,0,0.01988188851507617,LOW,Benign
12/28/23 16:42,12/28/23 16:42,,,FileCoAuth-2023-12-28.0842.10572.1.aodl,\Users\blueangel\AppData\Local\Microsoft\OneDrive\logs\Common\FileCoAuth-2023-12-28.0842.10572.1.aodl,,,\Users\blueangel\AppData\Local\Microsoft\OneDrive\logs\Common\FileCoAuth-2023-12-28.0842.10572.1.aodl|FileCoAuth-2023-12-28.0842.10572.1.aodl,1749180824.0,File_Created / Basic_Info_Changed / Data_Added,0x008300000000BFF0,0x000200000001E4E0,usnjrnl_only,False,,,,,,,,,False,FALSE,FALSE,FALSE,,FALSE,,FALSE,False,False,False,True,39,False,10,1736,5,14,False,True,True,False,False,9,,1,1,0,0,0,0,0,0.0298144208085607,LOW,Benign
12/28/23 16:42,12/28/23 16:42,,,FileCoAuth-2023-12-28.0842.10572.1.aodl,\Users\blueangel\AppData\Local\Microsoft\OneDrive\logs\Common\FileCoAuth-2023-12-28.0842.10572.1.aodl,,,\Users\blueangel\AppData\Local\Microsoft\OneDrive\logs\Common\FileCoAuth-2023-12-28.0842.10572.1.aodl|FileCoAuth-2023-12-28.0842.10572.1.aodl,1749180968.0,File_Created / Basic_Info_Changed / Data_Added / File_Closed,0x008300000000BFF0,0x000200000001E4E0,usnjrnl_only,False,,,,,,,,,False,FALSE,FALSE,FALSE,,FALSE,,FALSE,False,False,False,True,39,False,10,1736,5,0,False,True,True,True,True,9,,1,2,0,0,0,0,0,0.01988188851507617,LOW,Benign
12/28/23 16:52,12/28/23 16:52,,,globalLoadable.dat,\ProgramData\Avast Software\Avast\IDS\profile\globalLoadable.dat,,,\ProgramData\Avast Software\Avast\IDS\profile\globalLoadable.dat|globalLoadable.dat,1749297200.0,File_Created / Basic_Info_Changed / Data_Added / Data_Overwritten / File_Renamed_New,0x008800000000C87C,0x000A00000001F980,usnjrnl_only,False,,,,,,,,,False,FALSE,FALSE,FALSE,,FALSE,,FALSE,False,False,False,True,18,False,3770,1736,7,584,False,True,True,False,False,6,,1,1,0,0,0,0,0,0.0298144208085607,LOW,Benign
12/28/23 16:52,12/28/23 16:52,,,globalLoadable.dat,\ProgramData\Avast Software\Avast\IDS\profile\globalLoadable.dat,,,\ProgramData\Avast Software\Avast\IDS\profile\globalLoadable.dat|globalLoadable.dat,1749297296.0,File_Created / Basic_Info_Changed / Data_Added / Data_Overwritten / File_Renamed_New / File_Closed,0x008800000000C87C,0x000A00000001F980,usnjrnl_only,False,,,,,,,,,False,FALSE,FALSE,FALSE,,FALSE,,FALSE,False,False,False,True,18,False,3770,1736,7,0,False,True,True,True,True,6,,1,2,0,0,0,0,0,0.01988188851507617,LOW,Benign
12/28/23 16:52,12/28/23 16:52,,,cache.dat,\ProgramData\Avast Software\Avast\IDS\malwareprofile\cache.dat,,,\ProgramData\Avast Software\Avast\IDS\malwareprofile\cache.dat|cache.dat,1749301360.0,File_Created / Basic_Info_Changed / Data_Added / Data_Overwritten / File_Renamed_New,0x000400000000C88E,0x00060000000198CB,usnjrnl_only,False,,,,,,,,,False,FALSE,FALSE,FALSE,,FALSE,,FALSE,False,False,False,True,9,False,3770,1736,7,2,False,True,True,False,False,6,,1,1,0,0,0,0,0,0.0298144208085607,LOW,Benign
12/28/23 16:52,12/28/23 16:52,,,cache.dat,\ProgramData\Avast Software\Avast\IDS\malwareprofile\cache.dat,,,\ProgramData\Avast Software\Avast\IDS\malwareprofile\cache.dat|cache.dat,1749301440.0,File_Created / Basic_Info_Changed / Data_Added / Data_Overwritten / File_Renamed_New / File_Closed,0x000400000000C88E,0x00060000000198CB,usnjrnl_only,False,,,,,,,,,False,FALSE,FALSE,FALSE,,FALSE,,FALSE,False,False,False,True,9,False,3770,1736,7,0,False,True,True,True,True,6,,1,2,0,0,0,0,0,0.01988188851507617,LOW,Benign
12/28/23 16:52,12/28/23 16:52,,,FileCoAuth-2023-12-28.0852.7664.1.aodl,\Users\blueangel\AppData\Local\Microsoft\OneDrive\logs\Common\FileCoAuth-2023-12-28.0852.7664.1.aodl,,,\Users\blueangel\AppData\Local\Microsoft\OneDrive\logs\Common\FileCoAuth-2023-12-28.0852.7664.1.aodl|FileCoAuth-2023-12-28.0852.7664.1.aodl,1749304000.0,File_Created / Basic_Info_Changed / Data_Added,0x003600000000C5A4,0x000200000001E4E0,usnjrnl_only,False,,,,,,,,,False,FALSE,FALSE,FALSE,,FALSE,,FALSE,False,False,False,True,38,False,10,1736,7,14,False,True,True,False,False,9,,1,1,0,0,0,0,0,0.0298144208085607,LOW,Benign
12/28/23 16:52,12/28/23 16:52,,,FileCoAuth-2023-12-28.0852.7664.1.aodl,\Users\blueangel\AppData\Local\Microsoft\OneDrive\logs\Common\FileCoAuth-2023-12-28.0852.7664.1.aodl,,,\Users\blueangel\AppData\Local\Microsoft\OneDrive\logs\Common\FileCoAuth-2023-12-28.0852.7664.1.aodl|FileCoAuth-2023-12-28.0852.7664.1.aodl,1749304136.0,File_Created / Basic_Info_Changed / Data_Added / File_Closed,0x003600000000C5A4,0x000200000001E4E0,usnjrnl_only,False,,,,,,,,,False,FALSE,FALSE,FALSE,,FALSE,,FALSE,False,False,False,True,38,False,10,1736,7,0,False,True,True,True,True,9,,1,2,0,0,0,0,0,0.01988188851507617,LOW,Benign
12/28/23 16:53,12/28/23 16:53,,,nodes.dat,\ProgramData\Avast Software\Avast\IDS\malwareprofile\nodes.dat,,,\ProgramData\Avast Software\Avast\IDS\malwareprofile\nodes.dat|nodes.dat,1749324984.0,File_Created / Basic_Info_Changed / Data_Added / Data_Overwritten / Data_Truncated / File_Renamed_New,0x001900000000C8B3,0x00060000000198CB,usnjrnl_only,False,,,,,,,,,False,FALSE,FALSE,FALSE,,FALSE,,FALSE,False,False,False,True,9,False,2536,1736,7,73,False,True,True,False,False,6,,1,1,0,0,0,0,0,0.0298144208085607,LOW,Benign
12/28/23 16:53,12/28/23 16:53,,,nodes.dat,\ProgramData\Avast Software\Avast\IDS\malwareprofile\nodes.dat,,,\ProgramData\Avast Software\Avast\IDS\malwareprofile\nodes.dat|nodes.dat,1749325064.0,File_Created / Basic_Info_Changed / Data_Added / Data_Overwritten / Data_Truncated / File_Renamed_New / File_Closed,0x001900000000C8B3,0x00060000000198CB,usnjrnl_only,False,,,,,,,,,False,FALSE,FALSE,FALSE,,FALSE,,FALSE,False,False,False,True,9,False,2536,1736,7,0,False,True,True,True,True,6,,1,2,0,0,0,0,0,0.01988188851507617,LOW,Benign
12/28/23 17:02,12/28/23 17:02,,,globalLoadable.dat,\ProgramData\Avast Software\Avast\IDS\profile\globalLoadable.dat,,,\ProgramData\Avast Software\Avast\IDS\profile\globalLoadable.dat|globalLoadable.dat,1749424032.0,File_Created / Basic_Info_Changed / Data_Added / Data_Overwritten / File_Renamed_New,0x00A100000000C16E,0x000A00000001F980,usnjrnl_only,False,,,,,,,,,False,FALSE,FALSE,FALSE,,FALSE,,FALSE,False,False,False,True,18,False,3770,1736,9,511,False,True,True,False,False,6,,1,1,0,0,0,0,0,0.0298144208085607,LOW,Benign
12/28/23 17:02,12/28/23 17:02,,,globalLoadable.dat,\ProgramData\Avast Software\Avast\IDS\profile\globalLoadable.dat,,,\ProgramData\Avast Software\Avast\IDS\profile\globalLoadable.dat|globalLoadable.dat,1749424128.0,File_Created / Basic_Info_Changed / Data_Added / Data_Overwritten / File_Renamed_New / File_Closed,0x00A100000000C16E,0x000A00000001F980,usnjrnl_only,False,,,,,,,,,False,FALSE,FALSE,FALSE,,FALSE,,FALSE,False,False,False,True,18,False,3770,1736,9,0,False,True,True,True,True,6,,1,2,0,0,0,0,0,0.01988188851507617,LOW,Benign
12/28/23 17:02,12/28/23 17:02,,,cache.dat,\ProgramData\Avast Software\Avast\IDS\malwareprofile\cache.dat,,,\ProgramData\Avast Software\Avast\IDS\malwareprofile\cache.dat|cache.dat,1749424992.0,File_Created / Basic_Info_Changed / Data_Added / Data_Overwritten / File_Renamed_New,0x008900000000C87C,0x00060000000198CB,usnjrnl_only,False,,,,,,,,,False,FALSE,FALSE,FALSE,,FALSE,,FALSE,False,False,False,True,9,False,3770,1736,9,2,False,True,True,False,False,6,,1,1,0,0,0,0,0,0.0298144208085607,LOW,Benign
12/28/23 17:02,12/28/23 17:02,,,cache.dat,\ProgramData\Avast Software\Avast\IDS\malwareprofile\cache.dat,,,\ProgramData\Avast Software\Avast\IDS\malwareprofile\cache.dat|cache.dat,1749425072.0,File_Created / Basic_Info_Changed / Data_Added / Data_Overwritten / File_Renamed_New / File_Closed,0x008900000000C87C,0x00060000000198CB,usnjrnl_only,False,,,,,,,,,False,FALSE,FALSE,FALSE,,FALSE,,FALSE,False,False,False,True,9,False,3770,1736,9,0,False,True,True,True,True,6,,1,2,0,0,0,0,0,0.01988188851507617,LOW,Benign
12/28/23 17:02,12/28/23 17:02,,,FileCoAuth-2023-12-28.0902.11768.1.aodl,\Users\blueangel\AppData\Local\Microsoft\OneDrive\logs\Common\FileCoAuth-2023-12-28.0902.11768.1.aodl,,,\Users\blueangel\AppData\Local\Microsoft\OneDrive\logs\Common\FileCoAuth-2023-12-28.0902.11768.1.aodl|FileCoAuth-2023-12-28.0902.11768.1.aodl,1749429368.0,File_Created / Basic_Info_Changed / Data_Added,0x000800000000C88E,0x000200000001E4E0,usnjrnl_only,False,,,,,,,,,False,FALSE,FALSE,FALSE,,FALSE,,FALSE,False,False,False,True,39,False,10,1736,10,14,False,True,True,False,False,9,,1,1,0,0,0,0,0,0.0298144208085607,LOW,Benign
12/28/23 17:02,12/28/23 17:02,,,FileCoAuth-2023-12-28.0902.11768.1.aodl,\Users\blueangel\AppData\Local\Microsoft\OneDrive\logs\Common\FileCoAuth-2023-12-28.0902.11768.1.aodl,,,\Users\blueangel\AppData\Local\Microsoft\OneDrive\logs\Common\FileCoAuth-2023-12-28.0902.11768.1.aodl|FileCoAuth-2023-12-28.0902.11768.1.aodl,1749429512.0,File_Created / Basic_Info_Changed / Data_Added / File_Closed,0x000800000000C88E,0x000200000001E4E0,usnjrnl_only,False,,,,,,,,,False,FALSE,FALSE,FALSE,,FALSE,,FALSE,False,False,False,True,39,False,10,1736,10,0,False,True,True,True,True,9,,1,2,0,0,0,0,0,0.01988188851507617,LOW,Benign
12/28/23 17:04,12/28/23 17:04,,,HxCommAlwaysOnLog.etl,\Users\blueangel\AppData\Local\Packages\microsoft.windowscommunicationsapps_8wekyb3d8bbwe\LocalState\HxCommAlwaysOnLog.etl,,,\Users\blueangel\AppData\Local\Packages\microsoft.windowscommunicationsapps_8wekyb3d8bbwe\LocalState\HxCommAlwaysOnLog.etl|HxCommAlwaysOnLog.etl,1749465816.0,File_Created / Basic_Info_Changed / Content_Indexed_Attr_Changed,0x004A0000000001B3,0x000100000001A66F,usnjrnl_only,False,,,,,,,,,False,FALSE,FALSE,FALSE,,FALSE,,FALSE,False,False,False,False,21,False,443,1736,10,134,False,True,True,False,False,8,,1,1,0,0,0,0,0,0.0298144208085607,LOW,Benign
12/28/23 17:04,12/28/23 17:04,,,HxCommAlwaysOnLog.etl,\Users\blueangel\AppData\Local\Packages\microsoft.windowscommunicationsapps_8wekyb3d8bbwe\LocalState\HxCommAlwaysOnLog.etl,,,\Users\blueangel\AppData\Local\Packages\microsoft.windowscommunicationsapps_8wekyb3d8bbwe\LocalState\HxCommAlwaysOnLog.etl|HxCommAlwaysOnLog.etl,1749465920.0,File_Created / Basic_Info_Changed / Data_Added / Content_Indexed_Attr_Changed,0x004A0000000001B3,0x000100000001A66F,usnjrnl_only,False,,,,,,,,,False,FALSE,FALSE,FALSE,,FALSE,,FALSE,False,False,False,False,21,False,443,1736,10,0,False,True,True,False,False,8,,1,1,0,0,0,0,0,0.0298144208085607,LOW,Benign
12/28/23 17:04,12/28/23 17:04,,,HxCommAlwaysOnLog.etl,\Users\blueangel\AppData\Local\Packages\microsoft.windowscommunicationsapps_8wekyb3d8bbwe\LocalState\HxCommAlwaysOnLog.etl,,,\Users\blueangel\AppData\Local\Packages\microsoft.windowscommunicationsapps_8wekyb3d8bbwe\LocalState\HxCommAlwaysOnLog.etl|HxCommAlwaysOnLog.etl,1749466208.0,File_Created / Basic_Info_Changed / Data_Added / Content_Indexed_Attr_Changed / File_Closed,0x004A0000000001B3,0x000100000001A66F,usnjrnl_only,False,,,,,,,,,False,FALSE,FALSE,FALSE,,FALSE,,FALSE,False,False,False,True,21,False,443,1736,10,0,False,True,True,True,True,8,,1,2,0,0,0,0,0,0.01988188851507617,LOW,Benign
12/28/23 17:04,12/28/23 17:04,,,settings.dat,\Users\blueangel\AppData\Local\Packages\microsoft.windowscommunicationsapps_8wekyb3d8bbwe\Settings\settings.dat,,,\Users\blueangel\AppData\Local\Packages\microsoft.windowscommunicationsapps_8wekyb3d8bbwe\Settings\settings.dat|settings.dat,1749466584.0,Basic_Info_Changed / Data_Overwritten,0x000100000001A676,0x000100000001A673,usnjrnl_only,False,,,,,,,,,False,FALSE,FALSE,FALSE,,FALSE,,FALSE,False,False,False,True,12,False,274,1736,10,0,False,True,True,False,False,8,,1,1,0,0,0,0,0,0.0298144208085607,LOW,Benign
12/28/23 17:04,12/28/23 17:04,,,settings.dat,\Users\blueangel\AppData\Local\Packages\microsoft.windowscommunicationsapps_8wekyb3d8bbwe\Settings\settings.dat,,,\Users\blueangel\AppData\Local\Packages\microsoft.windowscommunicationsapps_8wekyb3d8bbwe\Settings\settings.dat|settings.dat,1749473816.0,Basic_Info_Changed / Data_Overwritten / File_Closed,0x000100000001A676,0x000100000001A673,usnjrnl_only,False,,,,,,,,,False,FALSE,FALSE,FALSE,,FALSE,,FALSE,False,False,False,True,12,False,274,1736,6,4,False,True,True,True,True,8,,1,2,0,0,0,0,0,0.01988188851507617,LOW,Benign
12/28/23 17:08,12/28/23 17:08,,,nodes.dat,\ProgramData\Avast Software\Avast\IDS\malwareprofile\nodes.dat,,,\ProgramData\Avast Software\Avast\IDS\malwareprofile\nodes.dat|nodes.dat,1749531896.0,File_Created / Basic_Info_Changed / Data_Added / Data_Overwritten / Data_Truncated / File_Renamed_New,0x002B00000000C8BA,0x00060000000198CB,usnjrnl_only,False,,,,,,,,,False,FALSE,FALSE,FALSE,,FALSE,,FALSE,False,False,False,True,9,False,2536,1736,1,238,False,True,True,False,False,6,,1,1,0,0,0,0,0,0.0298144208085607,LOW,Benign
12/28/23 17:08,12/28/23 17:08,,,nodes.dat,\ProgramData\Avast Software\Avast\IDS\malwareprofile\nodes.dat,,,\ProgramData\Avast Software\Avast\IDS\malwareprofile\nodes.dat|nodes.dat,1749531976.0,File_Created / Basic_Info_Changed / Data_Added / Data_Overwritten / Data_Truncated / File_Renamed_New / File_Closed,0x002B00000000C8BA,0x00060000000198CB,usnjrnl_only,False,,,,,,,,,False,FALSE,FALSE,FALSE,,FALSE,,FALSE,False,False,False,True,9,False,2536,1736,1,0,False,True,True,True,True,6,,1,2,0,0,0,0,0,0.01988188851507617,LOW,Benign
12/28/23 17:12,12/28/23 17:12,,,globalLoadable.dat,\ProgramData\Avast Software\Avast\IDS\profile\globalLoadable.dat,,,\ProgramData\Avast Software\Avast\IDS\profile\globalLoadable.dat|globalLoadable.dat,1749572064.0,File_Created / Basic_Info_Changed / Data_Added / Data_Overwritten / File_Renamed_New,0x004B00000000C8B3,0x000A00000001F980,usnjrnl_only,False,,,,,,,,,False,FALSE,FALSE,FALSE,,FALSE,,FALSE,False,False,False,True,18,False,3770,1736,5,208,False,True,True,False,False,6,,1,1,0,0,0,0,0,0.0298144208085607,LOW,Benign
12/28/23 17:12,12/28/23 17:12,,,globalLoadable.dat,\ProgramData\Avast Software\Avast\IDS\profile\globalLoadable.dat,,,\ProgramData\Avast Software\Avast\IDS\profile\globalLoadable.dat|globalLoadable.dat,1749572160.0,File_Created / Basic_Info_Changed / Data_Added / Data_Overwritten / File_Renamed_New / File_Closed,0x004B00000000C8B3,0x000A00000001F980,usnjrnl_only,False,,,,,,,,,False,FALSE,FALSE,FALSE,,FALSE,,FALSE,False,False,False,True,18,False,3770,1736,5,0,False,True,True,True,True,6,,1,2,0,0,0,0,0,0.01988188851507617,LOW,Benign
12/28/23 17:12,12/28/23 17:12,,,cache.dat,\ProgramData\Avast Software\Avast\IDS\malwareprofile\cache.dat,,,\ProgramData\Avast Software\Avast\IDS\malwareprofile\cache.dat|cache.dat,1749573024.0,File_Created / Basic_Info_Changed / Data_Added / Data_Overwritten / File_Renamed_New,0x00A200000000C16E,0x00060000000198CB,usnjrnl_only,False,,,,,,,,,False,FALSE,FALSE,FALSE,,FALSE,,FALSE,False,False,False,True,9,False,3770,1736,5,2,False,True,True,False,False,6,,1,1,0,0,0,0,0,0.0298144208085607,LOW,Benign
12/28/23 17:12,12/28/23 17:12,,,cache.dat,\ProgramData\Avast Software\Avast\IDS\malwareprofile\cache.dat,,,\ProgramData\Avast Software\Avast\IDS\malwareprofile\cache.dat|cache.dat,1749573104.0,File_Created / Basic_Info_Changed / Data_Added / Data_Overwritten / File_Renamed_New / File_Closed,0x00A200000000C16E,0x00060000000198CB,usnjrnl_only,False,,,,,,,,,False,FALSE,FALSE,FALSE,,FALSE,,FALSE,False,False,False,True,9,False,3770,1736,5,0,False,True,True,True,True,6,,1,2,0,0,0,0,0,0.01988188851507617,LOW,Benign
12/28/23 17:12,12/28/23 17:12,,,FileCoAuth-2023-12-28.0912.2092.1.aodl,\Users\blueangel\AppData\Local\Microsoft\OneDrive\logs\Common\FileCoAuth-2023-12-28.0912.2092.1.aodl,,,\Users\blueangel\AppData\Local\Microsoft\OneDrive\logs\Common\FileCoAuth-2023-12-28.0912.2092.1.aodl|FileCoAuth-2023-12-28.0912.2092.1.aodl,1749579424.0,File_Created / Basic_Info_Changed / Data_Added,0x008D00000000C87C,0x000200000001E4E0,usnjrnl_only,False,,,,,,,,,False,FALSE,FALSE,FALSE,,FALSE,,FALSE,False,False,False,True,38,False,10,1736,5,14,False,True,True,False,False,9,,1,1,0,0,0,0,0,0.0298144208085607,LOW,Benign
12/28/23 17:12,12/28/23 17:12,,,FileCoAuth-2023-12-28.0912.2092.1.aodl,\Users\blueangel\AppData\Local\Microsoft\OneDrive\logs\Common\FileCoAuth-2023-12-28.0912.2092.1.aodl,,,\Users\blueangel\AppData\Local\Microsoft\OneDrive\logs\Common\FileCoAuth-2023-12-28.0912.2092.1.aodl|FileCoAuth-2023-12-28.0912.2092.1.aodl,1749579560.0,File_Created / Basic_Info_Changed / Data_Added / File_Closed,0x008D00000000C87C,0x000200000001E4E0,usnjrnl_only,False,,,,,,,,,False,FALSE,FALSE,FALSE,,FALSE,,FALSE,False,False,False,True,38,False,10,1736,5,0,False,True,True,True,True,9,,1,2,0,0,0,0,0,0.01988188851507617,LOW,Benign
12/28/23 17:21,12/28/23 17:21,,,AppxProvider.dll,,,,|AppxProvider.dll,1749706304.0,File_Created / Basic_Info_Changed / Data_Added / Data_Overwritten / Extended_Attr_Changed / Access_Right_Changed,0x000300000000C8D1,0x000300000000C8D0,usnjrnl_only,False,,,,,,,,,False,FALSE,FALSE,FALSE,,FALSE,,FALSE,True,False,False,True,16,False,308,1736,305,557,False,True,True,False,False,0,,1,2,0,0,0,0,0,0.06053222608780615,LOW,Benign
12/28/23 17:21,12/28/23 17:21,,,AppxProvider.dll,,,,|AppxProvider.dll,1749706400.0,File_Created / Basic_Info_Changed / Data_Added / Data_Overwritten / Extended_Attr_Changed / Access_Right_Changed / File_Closed,0x000300000000C8D1,0x000300000000C8D0,usnjrnl_only,False,,,,,,,,,False,FALSE,FALSE,FALSE,,FALSE,,FALSE,True,False,False,True,16,False,308,1736,305,0,False,True,True,True,True,0,,1,3,0,0,0,0,0,0.059439007019692146,LOW,Benign
12/28/23 17:21,12/28/23 17:21,,,AssocProvider.dll,,,,|AssocProvider.dll,1749707304.0,File_Created / Basic_Info_Changed / Data_Added / Data_Overwritten / Extended_Attr_Changed / Access_Right_Changed,0x001600000000C6AB,0x000300000000C8D0,usnjrnl_only,False,,,,,,,,,False,FALSE,FALSE,FALSE,,FALSE,,FALSE,True,False,False,True,17,False,308,1736,305,0,False,True,True,False,False,0,,1,2,0,0,0,0,0,0.05055129384441852,LOW,Benign
12/28/23 17:21,12/28/23 17:21,,,AssocProvider.dll,,,,|AssocProvider.dll,1749707400.0,File_Created / Basic_Info_Changed / Data_Added / Data_Overwritten / Extended_Attr_Changed / Access_Right_Changed / File_Closed,0x001600000000C6AB,0x000300000000C8D0,usnjrnl_only,False,,,,,,,,,False,FALSE,FALSE,FALSE,,FALSE,,FALSE,True,False,False,True,17,False,308,1736,305,0,False,True,True,True,True,0,,1,3,0,0,0,0,0,0.059439007019692146,LOW,Benign
12/28/23 17:21,12/28/23 17:21,,,CbsProvider.dll,,,,|CbsProvider.dll,1749707880.0,File_Created / Basic_Info_Changed / Data_Added / Data_Overwritten / Extended_Attr_Changed / Access_Right_Changed,0x000200000000C8D4,0x000300000000C8D0,usnjrnl_only,False,,,,,,,,,False,FALSE,FALSE,FALSE,,FALSE,,FALSE,True,False,False,True,15,False,308,1736,305,0,False,True,True,False,False,0,,1,2,0,0,0,0,0,0.05055129384441852,LOW,Benign
12/28/23 17:21,12/28/23 17:21,,,CbsProvider.dll,,,,|CbsProvider.dll,1749707976.0,File_Created / Basic_Info_Changed / Data_Added / Data_Overwritten / Extended_Attr_Changed / Access_Right_Changed / File_Closed,0x000200000000C8D4,0x000300000000C8D0,usnjrnl_only,False,,,,,,,,,False,FALSE,FALSE,FALSE,,FALSE,,FALSE,True,False,False,True,15,False,308,1736,305,0,False,True,True,True,True,0,,1,3,0,0,0,0,0,0.059439007019692146,LOW,Benign
12/28/23 17:21,12/28/23 17:21,,,DismCore.dll,,,,|DismCore.dll,1749708424.0,File_Created / Basic_Info_Changed / Data_Added / Data_Overwritten / Extended_Attr_Changed / Access_Right_Changed,0x000200000000C8D5,0x000300000000C8D0,usnjrnl_only,False,,,,,,,,,False,FALSE,FALSE,FALSE,,FALSE,,FALSE,True,False,False,True,12,False,308,1736,305,0,False,True,True,False,False,0,,1,2,0,0,0,0,0,0.05055129384441852,LOW,Benign
12/28/23 17:21,12/28/23 17:21,,,DismCore.dll,,,,|DismCore.dll,1749708512.0,File_Created / Basic_Info_Changed / Data_Added / Data_Overwritten / Extended_Attr_Changed / Access_Right_Changed / File_Closed,0x000200000000C8D5,0x000300000000C8D0,usnjrnl_only,False,,,,,,,,,False,FALSE,FALSE,FALSE,,FALSE,,FALSE,True,False,False,True,12,False,308,1736,305,0,False,True,True,True,True,0,,1,3,0,0,0,0,0,0.059439007019692146,LOW,Benign
12/28/23 17:21,12/28/23 17:21,,,DismCorePS.dll,,,,|DismCorePS.dll,1749708976.0,File_Created / Basic_Info_Changed / Data_Added / Data_Overwritten / Extended_Attr_Changed / Access_Right_Changed,0x000200000000C8D6,0x000300000000C8D0,usnjrnl_only,False,,,,,,,,,False,FALSE,FALSE,FALSE,,FALSE,,FALSE,True,False,False,True,14,False,308,1736,305,0,False,True,True,False,False,0,,1,2,0,0,0,0,0,0.05055129384441852,LOW,Benign
12/28/23 17:21,12/28/23 17:21,,,DismCorePS.dll,,,,|DismCorePS.dll,1749709064.0,File_Created / Basic_Info_Changed / Data_Added / Data_Overwritten / Extended_Attr_Changed / Access_Right_Changed / File_Closed,0x000200000000C8D6,0x000300000000C8D0,usnjrnl_only,False,,,,,,,,,False,FALSE,FALSE,FALSE,,FALSE,,FALSE,True,False,False,True,14,False,308,1736,305,0,False,True,True,True,True,0,,1,3,0,0,0,0,0,0.059439007019692146,LOW,Benign
12/28/23 17:21,12/28/23 17:21,,,DismHost.exe,,,,|DismHost.exe,1749709504.0,File_Created / Basic_Info_Changed / Data_Added / Data_Overwritten / Extended_Attr_Changed / Access_Right_Changed,0x000400000000C8D8,0x000300000000C8D0,usnjrnl_only,False,,,,,,,,,False,FALSE,FALSE,FALSE,,FALSE,,FALSE,True,False,False,True,12,False,308,1736,305,0,False,True,True,False,False,0,,1,2,0,0,0,0,0,0.05055129384441852,LOW,Benign
12/28/23 17:21,12/28/23 17:21,,,DismHost.exe,,,,|DismHost.exe,1749709592.0,File_Created / Basic_Info_Changed / Data_Added / Data_Overwritten / Extended_Attr_Changed / Access_Right_Changed / File_Closed,0x000400000000C8D8,0x000300000000C8D0,usnjrnl_only,False,,,,,,,,,False,FALSE,FALSE,FALSE,,FALSE,,FALSE,True,False,False,True,12,False,308,1736,305,0,False,True,True,True,True,0,,1,3,0,0,0,0,0,0.059439007019692146,LOW,Benign
12/28/23 17:21,12/28/23 17:21,,,DismProv.dll,,,,|DismProv.dll,1749710032.0,File_Created / Basic_Info_Changed / Data_Added / Data_Overwritten / Extended_Attr_Changed / Access_Right_Changed,0x000300000000C8D9,0x000300000000C8D0,usnjrnl_only,False,,,,,,,,,False,FALSE,FALSE,FALSE,,FALSE,,FALSE,True,False,False,True,12,False,308,1736,305,0,False,True,True,False,False,0,,1,2,0,0,0,0,0,0.05055129384441852,LOW,Benign
12/28/23 17:21,12/28/23 17:21,,,DismProv.dll,,,,|DismProv.dll,1749710120.0,File_Created / Basic_Info_Changed / Data_Added / Data_Overwritten / Extended_Attr_Changed / Access_Right_Changed / File_Closed,0x000300000000C8D9,0x000300000000C8D0,usnjrnl_only,False,,,,,,,,,False,FALSE,FALSE,FALSE,,FALSE,,FALSE,True,False,False,True,12,False,308,1736,305,0,False,True,True,True,True,0,,1,3,0,0,0,0,0,0.059439007019692146,LOW,Benign
12/28/23 17:21,12/28/23 17:21,,,DmiProvider.dll,,,,|DmiProvider.dll,1749710592.0,File_Created / Basic_Info_Changed / Data_Added / Data_Overwritten / Extended_Attr_Changed / Access_Right_Changed,0x000200000000C8DE,0x000300000000C8D0,usnjrnl_only,False,,,,,,,,,False,FALSE,FALSE,FALSE,,FALSE,,FALSE,True,False,False,True,15,False,308,1736,305,0,False,True,True,False,False,0,,1,2,0,0,0,0,0,0.05055129384441852,LOW,Benign
12/28/23 17:21,12/28/23 17:21,,,DmiProvider.dll,,,,|DmiProvider.dll,1749710688.0,File_Created / Basic_Info_Changed / Data_Added / Data_Overwritten / Extended_Attr_Changed / Access_Right_Changed / File_Closed,0x000200000000C8DE,0x000300000000C8D0,usnjrnl_only,False,,,,,,,,,False,FALSE,FALSE,FALSE,,FALSE,,FALSE,True,False,False,True,15,False,308,1736,305,0,False,True,True,True,True,0,,1,3,0,0,0,0,0,0.059439007019692146,LOW,Benign
12/28/23 17:21,12/28/23 17:21,,,AppxProvider.dll.mui,,,,|AppxProvider.dll.mui,1749711344.0,File_Created / Basic_Info_Changed / Data_Added / Data_Overwritten / Access_Right_Changed,0x000200000000C8E5,0x000300000000C8E1,usnjrnl_only,False,,,,,,,,,False,FALSE,FALSE,FALSE,,FALSE,,FALSE,False,False,False,True,20,False,627,1736,305,0,False,True,True,False,False,0,,1,2,0,0,0,0,0,0.0298144208085607,LOW,Benign
12/28/23 17:21,12/28/23 17:21,,,AppxProvider.dll.mui,,,,|AppxProvider.dll.mui,1749711448.0,File_Created / Basic_Info_Changed / Data_Added / Data_Overwritten / Access_Right_Changed / File_Closed,0x000200000000C8E5,0x000300000000C8E1,usnjrnl_only,False,,,,,,,,,False,FALSE,FALSE,FALSE,,FALSE,,FALSE,False,False,False,True,20,False,627,1736,305,0,False,True,True,True,True,0,,1,3,0,0,0,0,0,0.029540763940562008,LOW,Benign
12/28/23 17:21,12/28/23 17:21,,,AssocProvider.dll.mui,,,,|AssocProvider.dll.mui,1749711968.0,File_Created / Basic_Info_Changed / Data_Added / Data_Overwritten / Access_Right_Changed,0x000200000000C8E7,0x000300000000C8E1,usnjrnl_only,False,,,,,,,,,False,FALSE,FALSE,FALSE,,FALSE,,FALSE,False,False,False,True,21,False,627,1736,305,0,False,True,True,False,False,0,,1,2,0,0,0,0,0,0.0298144208085607,LOW,Benign
12/28/23 17:21,12/28/23 17:21,,,AssocProvider.dll.mui,,,,|AssocProvider.dll.mui,1749712072.0,File_Created / Basic_Info_Changed / Data_Added / Data_Overwritten / Access_Right_Changed / File_Closed,0x000200000000C8E7,0x000300000000C8E1,usnjrnl_only,False,,,,,,,,,False,FALSE,FALSE,FALSE,,FALSE,,FALSE,False,False,False,True,21,False,627,1736,305,0,False,True,True,True,True,0,,1,3,0,0,0,0,0,0.029540763940562008,LOW,Benign
12/28/23 17:21,12/28/23 17:21,,,DismCore.dll.mui,,,,|DismCore.dll.mui,1749712560.0,File_Created / Basic_Info_Changed / Data_Added / Data_Overwritten / Access_Right_Changed,0x000200000000C8E9,0x000300000000C8E1,usnjrnl_only,False,,,,,,,,,False,FALSE,FALSE,FALSE,,FALSE,,FALSE,False,False,False,True,16,False,628,1736,305,0,False,True,True,False,False,0,,1,2,0,0,0,0,0,0.0298144208085607,LOW,Benign
12/28/23 17:21,12/28/23 17:21,,,DismCore.dll.mui,,,,|DismCore.dll.mui,1749712656.0,File_Created / Basic_Info_Changed / Data_Added / Data_Overwritten / Access_Right_Changed / File_Closed,0x000200000000C8E9,0x000300000000C8E1,usnjrnl_only,False,,,,,,,,,False,FALSE,FALSE,FALSE,,FALSE,,FALSE,False,False,False,True,16,False,628,1736,305,0,False,True,True,True,True,0,,1,3,0,0,0,0,0,0.029540763940562008,LOW,Benign
12/28/23 17:21,12/28/23 17:21,,,DismProv.dll.mui,,,,|DismProv.dll.mui,1749713184.0,File_Created / Basic_Info_Changed / Data_Added / Data_Overwritten / Access_Right_Changed,0x000200000000C8EB,0x000300000000C8E1,usnjrnl_only,False,,,,,,,,,False,FALSE,FALSE,FALSE,,FALSE,,FALSE,False,False,False,True,16,False,628,1736,305,0,False,True,True,False,False,0,,1,2,0,0,0,0,0,0.0298144208085607,LOW,Benign
12/28/23 17:21,12/28/23 17:21,,,DismProv.dll.mui,,,,|DismProv.dll.mui,1749713280.0,File_Created / Basic_Info_Changed / Data_Added / Data_Overwritten / Access_Right_Changed / File_Closed,0x000200000000C8EB,0x000300000000C8E1,usnjrnl_only,False,,,,,,,,,False,FALSE,FALSE,FALSE,,FALSE,,FALSE,False,False,False,True,16,False,628,1736,305,0,False,True,True,True,True,0,,1,3,0,0,0,0,0,0.029540763940562008,LOW,Benign
12/28/23 17:21,12/28/23 17:21,,,FolderProvider.dll.mui,,,,|FolderProvider.dll.mui,1749713792.0,File_Created / Basic_Info_Changed / Data_Added / Data_Overwritten / Access_Right_Changed,0x000200000000C8EC,0x000300000000C8E1,usnjrnl_only,False,,,,,,,,,False,FALSE,FALSE,FALSE,,FALSE,,FALSE,False,False,False,True,22,False,628,1736,305,0,False,True,True,False,False,0,,1,2,0,0,0,0,0,0.0298144208085607,LOW,Benign
12/28/23 17:21,12/28/23 17:21,,,FolderProvider.dll.mui,,,,|FolderProvider.dll.mui,1749713896.0,File_Created / Basic_Info_Changed / Data_Added / Data_Overwritten / Access_Right_Changed / File_Closed,0x000200000000C8EC,0x000300000000C8E1,usnjrnl_only,False,,,,,,,,,False,FALSE,FALSE,FALSE,,FALSE,,FALSE,False,False,False,True,22,False,628,1736,305,0,False,True,True,True,True,0,,1,3,0,0,0,0,0,0.029540763940562008,LOW,Benign
12/28/23 17:21,12/28/23 17:21,,,IBSProvider.dll.mui,,,,|IBSProvider.dll.mui,1749714416.0,File_Created / Basic_Info_Changed / Data_Added / Data_Overwritten / Access_Right_Changed,0x000200000000C8ED,0x000300000000C8E1,usnjrnl_only,False,,,,,,,,,False,FALSE,FALSE,FALSE,,FALSE,,FALSE,False,False,False,True,19,False,308,1736,305,0,False,True,True,False,False,0,,1,2,0,0,0,0,0,0.0298144208085607,LOW,Benign
12/28/23 17:21,12/28/23 17:21,,,IBSProvider.dll.mui,,,,|IBSProvider.dll.mui,1749714520.0,File_Created / Basic_Info_Changed / Data_Added / Data_Overwritten / Access_Right_Changed / File_Closed,0x000200000000C8ED,0x000300000000C8E1,usnjrnl_only,False,,,,,,,,,False,FALSE,FALSE,FALSE,,FALSE,,FALSE,False,False,False,True,19,False,308,1736,305,0,False,True,True,True,True,0,,1,3,0,0,0,0,0,0.029540763940562008,LOW,Benign
12/28/23 17:21,12/28/23 17:21,,,LogProvider.dll.mui,,,,|LogProvider.dll.mui,1749715040.0,File_Created / Basic_Info_Changed / Data_Added / Data_Overwritten / Access_Right_Changed,0x000200000000C8EF,0x000300000000C8E1,usnjrnl_only,False,,,,,,,,,False,FALSE,FALSE,FALSE,,FALSE,,FALSE,False,False,False,True,19,False,627,1736,305,0,False,True,True,False,False,0,,1,2,0,0,0,0,0,0.0298144208085607,LOW,Benign
12/28/23 17:21,12/28/23 17:21,,,LogProvider.dll.mui,,,,|LogProvider.dll.mui,1749715144.0,File_Created / Basic_Info_Changed / Data_Added / Data_Overwritten / Access_Right_Changed / File_Closed,0x000200000000C8EF,0x000300000000C8E1,usnjrnl_only,False,,,,,,,,,False,FALSE,FALSE,FALSE,,FALSE,,FALSE,False,False,False,True,19,False,627,1736,305,0,False,True,True,True,True,0,,1,3,0,0,0,0,0,0.029540763940562008,LOW,Benign
12/28/23 17:21,12/28/23 17:21,,,MsiProvider.dll.mui,,,,|MsiProvider.dll.mui,1749715664.0,File_Created / Basic_Info_Changed / Data_Added / Data_Overwritten / Access_Right_Changed,0x000200000000C8F0,0x000300000000C8E1,usnjrnl_only,False,,,,,,,,,False,FALSE,FALSE,FALSE,,FALSE,,FALSE,False,False,False,True,19,False,628,1736,305,0,False,True,True,False,False,0,,1,2,0,0,0,0,0,0.0298144208085607,LOW,Benign
12/28/23 17:21,12/28/23 17:21,,,MsiProvider.dll.mui,,,,|MsiProvider.dll.mui,1749715768.0,File_Created / Basic_Info_Changed / Data_Added / Data_Overwritten / Access_Right_Changed / File_Closed,0x000200000000C8F0,0x000300000000C8E1,usnjrnl_only,False,,,,,,,,,False,FALSE,FALSE,FALSE,,FALSE,,FALSE,False,False,False,True,19,False,628,1736,305,0,False,True,True,True,True,0,,1,3,0,0,0,0,0,0.029540763940562008,LOW,Benign
12/28/23 17:21,12/28/23 17:21,,,SetupPlatformProvider.dll.mui,,,,|SetupPlatformProvider.dll.mui,1749716352.0,File_Created / Basic_Info_Changed / Data_Added / Data_Overwritten / Access_Right_Changed,0x000200000000C8F1,0x000300000000C8E1,usnjrnl_only,False,,,,,,,,,False,FALSE,FALSE,FALSE,,FALSE,,FALSE,False,False,False,True,29,False,628,1736,305,0,False,True,True,False,False,0,,1,2,0,0,0,0,0,0.0298144208085607,LOW,Benign
12/28/23 17:21,12/28/23 17:21,,,SetupPlatformProvider.dll.mui,,,,|SetupPlatformProvider.dll.mui,1749716472.0,File_Created / Basic_Info_Changed / Data_Added / Data_Overwritten / Access_Right_Changed / File_Closed,0x000200000000C8F1,0x000300000000C8E1,usnjrnl_only,False,,,,,,,,,False,FALSE,FALSE,FALSE,,FALSE,,FALSE,False,False,False,True,29,False,628,1736,305,0,False,True,True,True,True,0,,1,3,0,0,0,0,0,0.029540763940562008,LOW,Benign
12/28/23 17:21,12/28/23 17:21,,,SysprepProvider.dll.mui,,,,|SysprepProvider.dll.mui,1749717104.0,File_Created / Basic_Info_Changed / Data_Added / Data_Overwritten / Access_Right_Changed,0x000200000000C8F2,0x000300000000C8E1,usnjrnl_only,False,,,,,,,,,False,FALSE,FALSE,FALSE,,FALSE,,FALSE,False,False,False,True,23,False,308,1736,305,0,False,True,True,False,False,0,,1,2,0,0,0,0,0,0.0298144208085607,LOW,Benign
12/28/23 17:21,12/28/23 17:21,,,SysprepProvider.dll.mui,,,,|SysprepProvider.dll.mui,1749717216.0,File_Created / Basic_Info_Changed / Data_Added / Data_Overwritten / Access_Right_Changed / File_Closed,0x000200000000C8F2,0x000300000000C8E1,usnjrnl_only,False,,,,,,,,,False,FALSE,FALSE,FALSE,,FALSE,,FALSE,False,False,False,True,23,False,308,1736,305,0,False,True,True,True,True,0,,1,3,0,0,0,0,0,0.029540763940562008,LOW,Benign
12/28/23 17:21,12/28/23 17:21,,,TransmogProvider.dll.mui,,,,|TransmogProvider.dll.mui,1749717776.0,File_Created / Basic_Info_Changed / Data_Added / Data_Overwritten / Access_Right_Changed,0x000200000000C8F4,0x000300000000C8E1,usnjrnl_only,False,,,,,,,,,False,FALSE,FALSE,FALSE,,FALSE,,FALSE,False,False,False,True,24,False,628,1736,305,0,False,True,True,False,False,0,,1,2,0,0,0,0,0,0.0298144208085607,LOW,Benign
12/28/23 17:21,12/28/23 17:21,,,TransmogProvider.dll.mui,,,,|TransmogProvider.dll.mui,1749717888.0,File_Created / Basic_Info_Changed / Data_Added / Data_Overwritten / Access_Right_Changed / File_Closed,0x000200000000C8F4,0x000300000000C8E1,usnjrnl_only,False,,,,,,,,,False,FALSE,FALSE,FALSE,,FALSE,,FALSE,False,False,False,True,24,False,628,1736,305,0,False,True,True,True,True,0,,1,3,0,0,0,0,0,0.029540763940562008,LOW,Benign
12/28/23 17:21,12/28/23 17:21,,,FfuProvider.dll,,,,|FfuProvider.dll,1749718384.0,File_Created / Basic_Info_Changed / Data_Added / Data_Overwritten / Extended_Attr_Changed / Access_Right_Changed,0x000200000000C8F5,0x000300000000C8D0,usnjrnl_only,False,,,,,,,,,False,FALSE,FALSE,FALSE,,FALSE,,FALSE,True,False,False,True,15,False,308,1736,305,0,False,True,True,False,False,0,,1,2,0,0,0,0,0,0.05055129384441852,LOW,Benign
12/28/23 17:21,12/28/23 17:21,,,FfuProvider.dll,,,,|FfuProvider.dll,1749718480.0,File_Created / Basic_Info_Changed / Data_Added / Data_Overwritten / Extended_Attr_Changed / Access_Right_Changed / File_Closed,0x000200000000C8F5,0x000300000000C8D0,usnjrnl_only,False,,,,,,,,,False,FALSE,FALSE,FALSE,,FALSE,,FALSE,True,False,False,True,15,False,308,1736,305,0,False,True,True,True,True,0,,1,3,0,0,0,0,0,0.059439007019692146,LOW,Benign
12/28/23 17:21,12/28/23 17:21,,,FolderProvider.dll,,,,|FolderProvider.dll,1749718960.0,File_Created / Basic_Info_Changed / Data_Added / Data_Overwritten / Extended_Attr_Changed / Access_Right_Changed,0x000200000000C8F8,0x000300000000C8D0,usnjrnl_only,False,,,,,,,,,False,FALSE,FALSE,FALSE,,FALSE,,FALSE,True,False,False,True,18,False,308,1736,305,0,False,True,True,False,False,0,,1,2,0,0,0,0,0,0.05055129384441852,LOW,Benign
12/28/23 17:21,12/28/23 17:21,,,FolderProvider.dll,,,,|FolderProvider.dll,1749719056.0,File_Created / Basic_Info_Changed / Data_Added / Data_Overwritten / Extended_Attr_Changed / Access_Right_Changed / File_Closed,0x000200000000C8F8,0x000300000000C8D0,usnjrnl_only,False,,,,,,,,,False,FALSE,FALSE,FALSE,,FALSE,,FALSE,True,False,False,True,18,False,308,1736,305,0,False,True,True,True,True,0,,1,3,0,0,0,0,0,0.059439007019692146,LOW,Benign
12/28/23 17:21,12/28/23 17:21,,,GenericProvider.dll,,,,|GenericProvider.dll,1749719568.0,File_Created / Basic_Info_Changed / Data_Added / Data_Overwritten / Extended_Attr_Changed / Access_Right_Changed,0x000400000000C8F9,0x000300000000C8D0,usnjrnl_only,False,,,,,,,,,False,FALSE,FALSE,FALSE,,FALSE,,FALSE,True,False,False,True,19,False,308,1736,305,0,False,True,True,False,False,0,,1,2,0,0,0,0,0,0.05055129384441852,LOW,Benign
12/28/23 17:21,12/28/23 17:21,,,GenericProvider.dll,,,,|GenericProvider.dll,1749719672.0,File_Created / Basic_Info_Changed / Data_Added / Data_Overwritten / Extended_Attr_Changed / Access_Right_Changed / File_Closed,0x000400000000C8F9,0x000300000000C8D0,usnjrnl_only,False,,,,,,,,,False,FALSE,FALSE,FALSE,,FALSE,,FALSE,True,False,False,True,19,False,308,1736,305,0,False,True,True,True,True,0,,1,3,0,0,0,0,0,0.059439007019692146,LOW,Benign
12/28/23 17:21,12/28/23 17:21,,,IBSProvider.dll,,,,|IBSProvider.dll,1749720160.0,File_Created / Basic_Info_Changed / Data_Added / Data_Overwritten / Extended_Attr_Changed / Access_Right_Changed,0x000200000000C8FA,0x000300000000C8D0,usnjrnl_only,False,,,,,,,,,False,FALSE,FALSE,FALSE,,FALSE,,FALSE,True,False,False,True,15,False,308,1736,305,0,False,True,True,False,False,0,,1,2,0,0,0,0,0,0.05055129384441852,LOW,Benign
12/28/23 17:21,12/28/23 17:21,,,IBSProvider.dll,,,,|IBSProvider.dll,1749720256.0,File_Created / Basic_Info_Changed / Data_Added / Data_Overwritten / Extended_Attr_Changed / Access_Right_Changed / File_Closed,0x000200000000C8FA,0x000300000000C8D0,usnjrnl_only,False,,,,,,,,,False,FALSE,FALSE,FALSE,,FALSE,,FALSE,True,False,False,True,15,False,308,1736,305,0,False,True,True,True,True,0,,1,3,0,0,0,0,0,0.059439007019692146,LOW,Benign
12/28/23 17:21,12/28/23 17:21,,,ImagingProvider.dll,,,,|ImagingProvider.dll,1749720768.0,File_Created / Basic_Info_Changed / Data_Added / Data_Overwritten / Extended_Attr_Changed / Access_Right_Changed,0x000200000000C8FB,0x000300000000C8D0,usnjrnl_only,False,,,,,,,,,False,FALSE,FALSE,FALSE,,FALSE,,FALSE,True,False,False,True,19,False,308,1736,305,0,False,True,True,False,False,0,,1,2,0,0,0,0,0,0.05055129384441852,LOW,Benign
12/28/23 17:21,12/28/23 17:21,,,ImagingProvider.dll,,,,|ImagingProvider.dll,1749720872.0,File_Created / Basic_Info_Changed / Data_Added / Data_Overwritten / Extended_Attr_Changed / Access_Right_Changed / File_Closed,0x000200000000C8FB,0x000300000000C8D0,usnjrnl_only,False,,,,,,,,,False,FALSE,FALSE,FALSE,,FALSE,,FALSE,True,False,False,True,19,False,308,1736,305,0,False,True,True,True,True,0,,1,3,0,0,0,0,0,0.059439007019692146,LOW,Benign
12/28/23 17:21,12/28/23 17:21,,,IntlProvider.dll,,,,|IntlProvider.dll,1749721376.0,File_Created / Basic_Info_Changed / Data_Added / Data_Overwritten / Extended_Attr_Changed / Access_Right_Changed,0x000200000000C8FC,0x000300000000C8D0,usnjrnl_only,False,,,,,,,,,False,FALSE,FALSE,FALSE,,FALSE,,FALSE,True,False,False,True,16,False,309,1736,305,0,False,True,True,False,False,0,,1,2,0,0,0,0,0,0.05055129384441852,LOW,Benign
12/28/23 17:21,12/28/23 17:21,,,IntlProvider.dll,,,,|IntlProvider.dll,1749721472.0,File_Created / Basic_Info_Changed / Data_Added / Data_Overwritten / Extended_Attr_Changed / Access_Right_Changed / File_Closed,0x000200000000C8FC,0x000300000000C8D0,usnjrnl_only,False,,,,,,,,,False,FALSE,FALSE,FALSE,,FALSE,,FALSE,True,False,False,True,16,False,309,1736,305,0,False,True,True,True,True,0,,1,3,0,0,0,0,0,0.059439007019692146,LOW,Benign
12/28/23 17:21,12/28/23 17:21,,,AppxProvider.dll.mui,,,,|AppxProvider.dll.mui,1749722128.0,File_Created / Basic_Info_Changed / Data_Added / Data_Overwritten / Access_Right_Changed,0x000200000000C901,0x000200000000C8FD,usnjrnl_only,False,,,,,,,,,False,FALSE,FALSE,FALSE,,FALSE,,FALSE,False,False,False,True,20,False,627,1736,305,0,False,True,True,False,False,0,,1,2,0,0,0,0,0,0.0298144208085607,LOW,Benign
12/28/23 17:21,12/28/23 17:21,,,AppxProvider.dll.mui,,,,|AppxProvider.dll.mui,1749722232.0,File_Created / Basic_Info_Changed / Data_Added / Data_Overwritten / Access_Right_Changed / File_Closed,0x000200000000C901,0x000200000000C8FD,usnjrnl_only,False,,,,,,,,,False,FALSE,FALSE,FALSE,,FALSE,,FALSE,False,False,False,True,20,False,627,1736,305,0,False,True,True,True,True,0,,1,3,0,0,0,0,0,0.029540763940562008,LOW,Benign
12/28/23 17:21,12/28/23 17:21,,,AssocProvider.dll.mui,,,,|AssocProvider.dll.mui,1749722752.0,File_Created / Basic_Info_Changed / Data_Added / Data_Overwritten / Access_Right_Changed,0x000200000000C90B,0x000200000000C8FD,usnjrnl_only,False,,,,,,,,,False,FALSE,FALSE,FALSE,,FALSE,,FALSE,False,False,False,True,21,False,627,1736,305,0,False,True,True,False,False,0,,1,2,0,0,0,0,0,0.0298144208085607,LOW,Benign
12/28/23 17:21,12/28/23 17:21,,,AssocProvider.dll.mui,,,,|AssocProvider.dll.mui,1749722856.0,File_Created / Basic_Info_Changed / Data_Added / Data_Overwritten / Access_Right_Changed / File_Closed,0x000200000000C90B,0x000200000000C8FD,usnjrnl_only,False,,,,,,,,,False,FALSE,FALSE,FALSE,,FALSE,,FALSE,False,False,False,True,21,False,627,1736,305,0,False,True,True,True,True,0,,1,3,0,0,0,0,0,0.029540763940562008,LOW,Benign
12/28/23 17:21,12/28/23 17:21,,,CbsProvider.dll.mui,,,,|CbsProvider.dll.mui,1749723376.0,File_Created / Basic_Info_Changed / Data_Added / Data_Overwritten / Access_Right_Changed,0x000200000000C90F,0x000200000000C8FD,usnjrnl_only,False,,,,,,,,,False,FALSE,FALSE,FALSE,,FALSE,,FALSE,False,False,False,True,19,False,308,1736,305,0,False,True,True,False,False,0,,1,2,0,0,0,0,0,0.0298144208085607,LOW,Benign
12/28/23 17:21,12/28/23 17:21,,,CbsProvider.dll.mui,,,,|CbsProvider.dll.mui,1749723480.0,File_Created / Basic_Info_Changed / Data_Added / Data_Overwritten / Access_Right_Changed / File_Closed,0x000200000000C90F,0x000200000000C8FD,usnjrnl_only,False,,,,,,,,,False,FALSE,FALSE,FALSE,,FALSE,,FALSE,False,False,False,True,19,False,308,1736,305,0,False,True,True,True,True,0,,1,3,0,0,0,0,0,0.029540763940562008,LOW,Benign
12/28/23 17:21,12/28/23 17:21,,,DismCore.dll.mui,,,,|DismCore.dll.mui,1749723968.0,File_Created / Basic_Info_Changed / Data_Added / Data_Overwritten / Access_Right_Changed,0x000200000000C912,0x000200000000C8FD,usnjrnl_only,False,,,,,,,,,False,FALSE,FALSE,FALSE,,FALSE,,FALSE,False,False,False,True,16,False,628,1736,305,0,False,True,True,False,False,0,,1,2,0,0,0,0,0,0.0298144208085607,LOW,Benign
12/28/23 17:21,12/28/23 17:21,,,DismCore.dll.mui,,,,|DismCore.dll.mui,1749724064.0,File_Created / Basic_Info_Changed / Data_Added / Data_Overwritten / Access_Right_Changed / File_Closed,0x000200000000C912,0x000200000000C8FD,usnjrnl_only,False,,,,,,,,,False,FALSE,FALSE,FALSE,,FALSE,,FALSE,False,False,False,True,16,False,628,1736,305,0,False,True,True,True,True,0,,1,3,0,0,0,0,0,0.029540763940562008,LOW,Benign
12/28/23 17:21,12/28/23 17:21,,,DismProv.dll.mui,,,,|DismProv.dll.mui,1749724544.0,File_Created / Basic_Info_Changed / Data_Added / Data_Overwritten / Access_Right_Changed,0x000300000000C913,0x000200000000C8FD,usnjrnl_only,False,,,,,,,,,False,FALSE,FALSE,FALSE,,FALSE,,FALSE,False,False,False,True,16,False,628,1736,305,0,False,True,True,False,False,0,,1,2,0,0,0,0,0,0.0298144208085607,LOW,Benign
12/28/23 17:21,12/28/23 17:21,,,DismProv.dll.mui,,,,|DismProv.dll.mui,1749724640.0,File_Created / Basic_Info_Changed / Data_Added / Data_Overwritten / Access_Right_Changed / File_Closed,0x000300000000C913,0x000200000000C8FD,usnjrnl_only,False,,,,,,,,,False,FALSE,FALSE,FALSE,,FALSE,,FALSE,False,False,False,True,16,False,628,1736,305,0,False,True,True,True,True,0,,1,3,0,0,0,0,0,0.029540763940562008,LOW,Benign
12/28/23 17:21,12/28/23 17:21,,,DmiProvider.dll.mui,,,,|DmiProvider.dll.mui,1749725184.0,File_Created / Basic_Info_Changed / Data_Added / Data_Overwritten / Access_Right_Changed,0x000200000000C916,0x000200000000C8FD,usnjrnl_only,False,,,,,,,,,False,FALSE,FALSE,FALSE,,FALSE,,FALSE,False,False,False,True,19,False,309,1736,305,0,False,True,True,False,False,0,,1,2,0,0,0,0,0,0.0298144208085607,LOW,Benign
12/28/23 17:21,12/28/23 17:21,,,DmiProvider.dll.mui,,,,|DmiProvider.dll.mui,1749725288.0,File_Created / Basic_Info_Changed / Data_Added / Data_Overwritten / Access_Right_Changed / File_Closed,0x000200000000C916,0x000200000000C8FD,usnjrnl_only,False,,,,,,,,,False,FALSE,FALSE,FALSE,,FALSE,,FALSE,False,False,False,True,19,False,309,1736,305,0,False,True,True,True,True,0,,1,3,0,0,0,0,0,0.029540763940562008,LOW,Benign
12/28/23 17:21,12/28/23 17:21,,,FfuProvider.dll.mui,,,,|FfuProvider.dll.mui,1749725808.0,File_Created / Basic_Info_Changed / Data_Added / Data_Overwritten / Access_Right_Changed,0x000200000000C917,0x000200000000C8FD,usnjrnl_only,False,,,,,,,,,False,FALSE,FALSE,FALSE,,FALSE,,FALSE,False,False,False,True,19,False,308,1736,305,0,False,True,True,False,False,0,,1,2,0,0,0,0,0,0.0298144208085607,LOW,Benign
12/28/23 17:21,12/28/23 17:21,,,FfuProvider.dll.mui,,,,|FfuProvider.dll.mui,1749725912.0,File_Created / Basic_Info_Changed / Data_Added / Data_Overwritten / Access_Right_Changed / File_Closed,0x000200000000C917,0x000200000000C8FD,usnjrnl_only,False,,,,,,,,,False,FALSE,FALSE,FALSE,,FALSE,,FALSE,False,False,False,True,19,False,308,1736,305,0,False,True,True,True,True,0,,1,3,0,0,0,0,0,0.029540763940562008,LOW,Benign
12/28/23 17:21,12/28/23 17:21,,,FolderProvider.dll.mui,,,,|FolderProvider.dll.mui,1749726432.0,File_Created / Basic_Info_Changed / Data_Added / Data_Overwritten / Access_Right_Changed,0x000300000000C919,0x000200000000C8FD,usnjrnl_only,False,,,,,,,,,False,FALSE,FALSE,FALSE,,FALSE,,FALSE,False,False,False,True,22,False,628,1736,305,0,False,True,True,False,False,0,,1,2,0,0,0,0,0,0.0298144208085607,LOW,Benign
12/28/23 17:21,12/28/23 17:21,,,FolderProvider.dll.mui,,,,|FolderProvider.dll.mui,1749726536.0,File_Created / Basic_Info_Changed / Data_Added / Data_Overwritten / Access_Right_Changed / File_Closed,0x000300000000C919,0x000200000000C8FD,usnjrnl_only,False,,,,,,,,,False,FALSE,FALSE,FALSE,,FALSE,,FALSE,False,False,False,True,22,False,628,1736,305,0,False,True,True,True,True,0,,1,3,0,0,0,0,0,0.029540763940562008,LOW,Benign
12/28/23 17:21,12/28/23 17:21,,,GenericProvider.dll.mui,,,,|GenericProvider.dll.mui,1749727088.0,File_Created / Basic_Info_Changed / Data_Added / Data_Overwritten / Access_Right_Changed,0x000300000000C91B,0x000200000000C8FD,usnjrnl_only,False,,,,,,,,,False,FALSE,FALSE,FALSE,,FALSE,,FALSE,False,False,False,True,23,False,309,1736,305,0,False,True,True,False,False,0,,1,2,0,0,0,0,0,0.0298144208085607,LOW,Benign
12/28/23 17:21,12/28/23 17:21,,,GenericProvider.dll.mui,,,,|GenericProvider.dll.mui,1749727200.0,File_Created / Basic_Info_Changed / Data_Added / Data_Overwritten / Access_Right_Changed / File_Closed,0x000300000000C91B,0x000200000000C8FD,usnjrnl_only,False,,,,,,,,,False,FALSE,FALSE,FALSE,,FALSE,,FALSE,False,False,False,True,23,False,309,1736,305,0,False,True,True,True,True,0,,1,3,0,0,0,0,0,0.029540763940562008,LOW,Benign
12/28/23 17:21,12/28/23 17:21,,,ImagingProvider.dll.mui,,,,|ImagingProvider.dll.mui,1749727760.0,File_Created / Basic_Info_Changed / Data_Added / Data_Overwritten / Access_Right_Changed,0x000200000000C91C,0x000200000000C8FD,usnjrnl_only,False,,,,,,,,,False,FALSE,FALSE,FALSE,,FALSE,,FALSE,False,False,False,True,23,False,308,1736,305,0,False,True,True,False,False,0,,1,2,0,0,0,0,0,0.0298144208085607,LOW,Benign
12/28/23 17:21,12/28/23 17:21,,,ImagingProvider.dll.mui,,,,|ImagingProvider.dll.mui,1749727872.0,File_Created / Basic_Info_Changed / Data_Added / Data_Overwritten / Access_Right_Changed / File_Closed,0x000200000000C91C,0x000200000000C8FD,usnjrnl_only,False,,,,,,,,,False,FALSE,FALSE,FALSE,,FALSE,,FALSE,False,False,False,True,23,False,308,1736,305,0,False,True,True,True,True,0,,1,3,0,0,0,0,0,0.029540763940562008,LOW,Benign
12/28/23 17:21,12/28/23 17:21,,,IntlProvider.dll.mui,,,,|IntlProvider.dll.mui,1749728400.0,File_Created / Basic_Info_Changed / Data_Added / Data_Overwritten / Access_Right_Changed,0x000200000000C91D,0x000200000000C8FD,usnjrnl_only,False,,,,,,,,,False,FALSE,FALSE,FALSE,,FALSE,,FALSE,False,False,False,True,20,False,309,1736,305,0,False,True,True,False,False,0,,1,2,0,0,0,0,0,0.0298144208085607,LOW,Benign
12/28/23 17:21,12/28/23 17:21,,,IntlProvider.dll.mui,,,,|IntlProvider.dll.mui,1749728504.0,File_Created / Basic_Info_Changed / Data_Added / Data_Overwritten / Access_Right_Changed / File_Closed,0x000200000000C91D,0x000200000000C8FD,usnjrnl_only,False,,,,,,,,,False,FALSE,FALSE,FALSE,,FALSE,,FALSE,False,False,False,True,20,False,309,1736,305,0,False,True,True,True,True,0,,1,3,0,0,0,0,0,0.029540763940562008,LOW,Benign
12/28/23 17:21,12/28/23 17:21,,,LogProvider.dll.mui,,,,|LogProvider.dll.mui,1749729024.0,File_Created / Basic_Info_Changed / Data_Added / Data_Overwritten / Access_Right_Changed,0x000300000000C91E,0x000200000000C8FD,usnjrnl_only,False,,,,,,,,,False,FALSE,FALSE,FALSE,,FALSE,,FALSE,False,False,False,True,19,False,627,1736,305,0,False,True,True,False,False,0,,1,2,0,0,0,0,0,0.0298144208085607,LOW,Benign
12/28/23 17:21,12/28/23 17:21,,,LogProvider.dll.mui,,,,|LogProvider.dll.mui,1749729128.0,File_Created / Basic_Info_Changed / Data_Added / Data_Overwritten / Access_Right_Changed / File_Closed,0x000300000000C91E,0x000200000000C8FD,usnjrnl_only,False,,,,,,,,,False,FALSE,FALSE,FALSE,,FALSE,,FALSE,False,False,False,True,19,False,627,1736,305,0,False,True,True,True,True,0,,1,3,0,0,0,0,0,0.029540763940562008,LOW,Benign
12/28/23 17:21,12/28/23 17:21,,,MsiProvider.dll.mui,,,,|MsiProvider.dll.mui,1749729696.0,File_Created / Basic_Info_Changed / Data_Added / Data_Overwritten / Access_Right_Changed,0x000200000000C920,0x000200000000C8FD,usnjrnl_only,False,,,,,,,,,False,FALSE,FALSE,FALSE,,FALSE,,FALSE,False,False,False,True,19,False,628,1736,305,0,False,True,True,False,False,0,,1,2,0,0,0,0,0,0.0298144208085607,LOW,Benign
12/28/23 17:21,12/28/23 17:21,,,MsiProvider.dll.mui,,,,|MsiProvider.dll.mui,1749729800.0,File_Created / Basic_Info_Changed / Data_Added / Data_Overwritten / Access_Right_Changed / File_Closed,0x000200000000C920,0x000200000000C8FD,usnjrnl_only,False,,,,,,,,,False,FALSE,FALSE,FALSE,,FALSE,,FALSE,False,False,False,True,19,False,628,1736,305,0,False,True,True,True,True,0,,1,3,0,0,0,0,0,0.029540763940562008,LOW,Benign
12/28/23 17:21,12/28/23 17:21,,,OfflineSetupProvider.dll.mui,,,,|OfflineSetupProvider.dll.mui,1749730384.0,File_Created / Basic_Info_Changed / Data_Added / Data_Overwritten / Access_Right_Changed,0x000300000000C921,0x000200000000C8FD,usnjrnl_only,False,,,,,,,,,False,FALSE,FALSE,FALSE,,FALSE,,FALSE,False,False,False,True,28,False,308,1736,305,0,False,True,True,False,False,0,,1,2,0,0,0,0,0,0.0298144208085607,LOW,Benign
12/28/23 17:21,12/28/23 17:21,,,OfflineSetupProvider.dll.mui,,,,|OfflineSetupProvider.dll.mui,1749730504.0,File_Created / Basic_Info_Changed / Data_Added / Data_Overwritten / Access_Right_Changed / File_Closed,0x000300000000C921,0x000200000000C8FD,usnjrnl_only,False,,,,,,,,,False,FALSE,FALSE,FALSE,,FALSE,,FALSE,False,False,False,True,28,False,308,1736,305,0,False,True,True,True,True,0,,1,3,0,0,0,0,0,0.029540763940562008,LOW,Benign
12/28/23 17:21,12/28/23 17:21,,,OSProvider.dll.mui,,,,|OSProvider.dll.mui,1749731008.0,File_Created / Basic_Info_Changed / Data_Added / Data_Overwritten / Access_Right_Changed,0x000200000000C923,0x000200000000C8FD,usnjrnl_only,False,,,,,,,,,False,FALSE,FALSE,FALSE,,FALSE,,FALSE,False,False,False,True,18,False,308,1736,305,0,False,True,True,False,False,0,,1,2,0,0,0,0,0,0.0298144208085607,LOW,Benign
12/28/23 17:21,12/28/23 17:21,,,OSProvider.dll.mui,,,,|OSProvider.dll.mui,1749731104.0,File_Created / Basic_Info_Changed / Data_Added / Data_Overwritten / Access_Right_Changed / File_Closed,0x000200000000C923,0x000200000000C8FD,usnjrnl_only,False,,,,,,,,,False,FALSE,FALSE,FALSE,,FALSE,,FALSE,False,False,False,True,18,False,308,1736,305,0,False,True,True,True,True,0,,1,3,0,0,0,0,0,0.029540763940562008,LOW,Benign
12/28/23 17:21,12/28/23 17:21,,,ProvProvider.dll.mui,,,,|ProvProvider.dll.mui,1749731616.0,File_Created / Basic_Info_Changed / Data_Added / Data_Overwritten / Access_Right_Changed,0x000400000000C927,0x000200000000C8FD,usnjrnl_only,False,,,,,,,,,False,FALSE,FALSE,FALSE,,FALSE,,FALSE,False,False,False,True,20,False,308,1736,305,0,False,True,True,False,False,0,,1,2,0,0,0,0,0,0.0298144208085607,LOW,Benign
12/28/23 17:21,12/28/23 17:21,,,ProvProvider.dll.mui,,,,|ProvProvider.dll.mui,1749731720.0,File_Created / Basic_Info_Changed / Data_Added / Data_Overwritten / Access_Right_Changed / File_Closed,0x000400000000C927,0x000200000000C8FD,usnjrnl_only,False,,,,,,,,,False,FALSE,FALSE,FALSE,,FALSE,,FALSE,False,False,False,True,20,False,308,1736,305,0,False,True,True,True,True,0,,1,3,0,0,0,0,0,0.029540763940562008,LOW,Benign
12/28/23 17:21,12/28/23 17:21,,,SetupPlatformProvider.dll.mui,,,,|SetupPlatformProvider.dll.mui,1749732304.0,File_Created / Basic_Info_Changed / Data_Added / Data_Overwritten / Access_Right_Changed,0x000200000000C929,0x000200000000C8FD,usnjrnl_only,False,,,,,,,,,False,FALSE,FALSE,FALSE,,FALSE,,FALSE,False,False,False,True,29,False,628,1736,305,0,False,True,True,False,False,0,,1,2,0,0,0,0,0,0.0298144208085607,LOW,Benign
12/28/23 17:21,12/28/23 17:21,,,SetupPlatformProvider.dll.mui,,,,|SetupPlatformProvider.dll.mui,1749732424.0,File_Created / Basic_Info_Changed / Data_Added / Data_Overwritten / Access_Right_Changed / File_Closed,0x000200000000C929,0x000200000000C8FD,usnjrnl_only,False,,,,,,,,,False,FALSE,FALSE,FALSE,,FALSE,,FALSE,False,False,False,True,29,False,628,1736,305,0,False,True,True,True,True,0,,1,3,0,0,0,0,0,0.029540763940562008,LOW,Benign
12/28/23 17:21,12/28/23 17:21,,,SmiProvider.dll.mui,,,,|SmiProvider.dll.mui,1749732960.0,File_Created / Basic_Info_Changed / Data_Added / Data_Overwritten / Access_Right_Changed,0x000200000000C92F,0x000200000000C8FD,usnjrnl_only,False,,,,,,,,,False,FALSE,FALSE,FALSE,,FALSE,,FALSE,False,False,False,True,19,False,309,1736,305,0,False,True,True,False,False,0,,1,2,0,0,0,0,0,0.0298144208085607,LOW,Benign
12/28/23 17:21,12/28/23 17:21,,,SmiProvider.dll.mui,,,,|SmiProvider.dll.mui,1749733064.0,File_Created / Basic_Info_Changed / Data_Added / Data_Overwritten / Access_Right_Changed / File_Closed,0x000200000000C92F,0x000200000000C8FD,usnjrnl_only,False,,,,,,,,,False,FALSE,FALSE,FALSE,,FALSE,,FALSE,False,False,False,True,19,False,309,1736,305,0,False,True,True,True,True,0,,1,3,0,0,0,0,0,0.029540763940562008,LOW,Benign
12/28/23 17:21,12/28/23 17:21,,,TransmogProvider.dll.mui,,,,|TransmogProvider.dll.mui,1749733712.0,File_Created / Basic_Info_Changed / Data_Added / Data_Overwritten / Access_Right_Changed,0x000200000000C931,0x000200000000C8FD,usnjrnl_only,False,,,,,,,,,False,FALSE,FALSE,FALSE,,FALSE,,FALSE,False,False,False,True,24,False,628,1736,305,0,False,True,True,False,False,0,,1,2,0,0,0,0,0,0.0298144208085607,LOW,Benign
12/28/23 17:21,12/28/23 17:21,,,TransmogProvider.dll.mui,,,,|TransmogProvider.dll.mui,1749733824.0,File_Created / Basic_Info_Changed / Data_Added / Data_Overwritten / Access_Right_Changed / File_Closed,0x000200000000C931,0x000200000000C8FD,usnjrnl_only,False,,,,,,,,,False,FALSE,FALSE,FALSE,,FALSE,,FALSE,False,False,False,True,24,False,628,1736,305,0,False,True,True,True,True,0,,1,3,0,0,0,0,0,0.029540763940562008,LOW,Benign
12/28/23 17:21,12/28/23 17:21,,,UnattendProvider.dll.mui,,,,|UnattendProvider.dll.mui,1749734384.0,File_Created / Basic_Info_Changed / Data_Added / Data_Overwritten / Access_Right_Changed,0x000200000000C935,0x000200000000C8FD,usnjrnl_only,False,,,,,,,,,False,FALSE,FALSE,FALSE,,FALSE,,FALSE,False,False,False,True,24,False,308,1736,305,0,False,True,True,False,False,0,,1,2,0,0,0,0,0,0.0298144208085607,LOW,Benign
12/28/23 17:21,12/28/23 17:21,,,UnattendProvider.dll.mui,,,,|UnattendProvider.dll.mui,1749734496.0,File_Created / Basic_Info_Changed / Data_Added / Data_Overwritten / Access_Right_Changed / File_Closed,0x000200000000C935,0x000200000000C8FD,usnjrnl_only,False,,,,,,,,,False,FALSE,FALSE,FALSE,,FALSE,,FALSE,False,False,False,True,24,False,308,1736,305,0,False,True,True,True,True,0,,1,3,0,0,0,0,0,0.029540763940562008,LOW,Benign
12/28/23 17:21,12/28/23 17:21,,,VhdProvider.dll.mui,,,,|VhdProvider.dll.mui,1749735024.0,File_Created / Basic_Info_Changed / Data_Added / Data_Overwritten / Access_Right_Changed,0x000200000000C937,0x000200000000C8FD,usnjrnl_only,False,,,,,,,,,False,FALSE,FALSE,FALSE,,FALSE,,FALSE,False,False,False,True,19,False,308,1736,305,0,False,True,True,False,False,0,,1,2,0,0,0,0,0,0.0298144208085607,LOW,Benign
12/28/23 17:21,12/28/23 17:21,,,VhdProvider.dll.mui,,,,|VhdProvider.dll.mui,1749735128.0,File_Created / Basic_Info_Changed / Data_Added / Data_Overwritten / Access_Right_Changed / File_Closed,0x000200000000C937,0x000200000000C8FD,usnjrnl_only,False,,,,,,,,,False,FALSE,FALSE,FALSE,,FALSE,,FALSE,False,False,False,True,19,False,308,1736,305,0,False,True,True,True,True,0,,1,3,0,0,0,0,0,0.029540763940562008,LOW,Benign
12/28/23 17:21,12/28/23 17:21,,,WimProvider.dll.mui,,,,|WimProvider.dll.mui,1749735648.0,File_Created / Basic_Info_Changed / Data_Added / Data_Overwritten / Access_Right_Changed,0x000200000000C938,0x000200000000C8FD,usnjrnl_only,False,,,,,,,,,False,FALSE,FALSE,FALSE,,FALSE,,FALSE,False,False,False,True,19,False,308,1736,305,0,False,True,True,False,False,0,,1,2,0,0,0,0,0,0.0298144208085607,LOW,Benign
12/28/23 17:21,12/28/23 17:21,,,WimProvider.dll.mui,,,,|WimProvider.dll.mui,1749735752.0,File_Created / Basic_Info_Changed / Data_Added / Data_Overwritten / Access_Right_Changed / File_Closed,0x000200000000C938,0x000200000000C8FD,usnjrnl_only,False,,,,,,,,,False,FALSE,FALSE,FALSE,,FALSE,,FALSE,False,False,False,True,19,False,308,1736,305,0,False,True,True,True,True,0,,1,3,0,0,0,0,0,0.029540763940562008,LOW,Benign
12/28/23 17:21,12/28/23 17:21,,,LogProvider.dll,,,,|LogProvider.dll,1749736240.0,File_Created / Basic_Info_Changed / Data_Added / Data_Overwritten / Extended_Attr_Changed / Access_Right_Changed,0x000200000000C93B,0x000300000000C8D0,usnjrnl_only,False,,,,,,,,,False,FALSE,FALSE,FALSE,,FALSE,,FALSE,True,False,False,True,15,False,308,1736,305,0,False,True,True,False,False,0,,1,2,0,0,0,0,0,0.05055129384441852,LOW,Benign
12/28/23 17:21,12/28/23 17:21,,,LogProvider.dll,,,,|LogProvider.dll,1749736336.0,File_Created / Basic_Info_Changed / Data_Added / Data_Overwritten / Extended_Attr_Changed / Access_Right_Changed / File_Closed,0x000200000000C93B,0x000300000000C8D0,usnjrnl_only,False,,,,,,,,,False,FALSE,FALSE,FALSE,,FALSE,,FALSE,True,False,False,True,15,False,308,1736,305,0,False,True,True,True,True,0,,1,3,0,0,0,0,0,0.059439007019692146,LOW,Benign
12/28/23 17:21,12/28/23 17:21,,,MsiProvider.dll,,,,|MsiProvider.dll,1749736816.0,File_Created / Basic_Info_Changed / Data_Added / Data_Overwritten / Extended_Attr_Changed / Access_Right_Changed,0x000300000000C93F,0x000300000000C8D0,usnjrnl_only,False,,,,,,,,,False,FALSE,FALSE,FALSE,,FALSE,,FALSE,True,False,False,True,15,False,308,1736,305,0,False,True,True,False,False,0,,1,2,0,0,0,0,0,0.05055129384441852,LOW,Benign
12/28/23 17:21,12/28/23 17:21,,,MsiProvider.dll,,,,|MsiProvider.dll,1749736912.0,File_Created / Basic_Info_Changed / Data_Added / Data_Overwritten / Extended_Attr_Changed / Access_Right_Changed / File_Closed,0x000300000000C93F,0x000300000000C8D0,usnjrnl_only,False,,,,,,,,,False,FALSE,FALSE,FALSE,,FALSE,,FALSE,True,False,False,True,15,False,308,1736,305,0,False,True,True,True,True,0,,1,3,0,0,0,0,0,0.059439007019692146,LOW,Benign
12/28/23 17:21,12/28/23 17:21,,,OfflineSetupProvider.dll,,,,|OfflineSetupProvider.dll,1749737472.0,File_Created / Basic_Info_Changed / Data_Added / Data_Overwritten / Extended_Attr_Changed / Access_Right_Changed,0x000200000000C940,0x000300000000C8D0,usnjrnl_only,False,,,,,,,,,False,FALSE,FALSE,FALSE,,FALSE,,FALSE,True,False,False,True,24,False,308,1736,305,0,False,True,True,False,False,0,,1,2,0,0,0,0,0,0.05055129384441852,LOW,Benign
12/28/23 17:21,12/28/23 17:21,,,OfflineSetupProvider.dll,,,,|OfflineSetupProvider.dll,1749737584.0,File_Created / Basic_Info_Changed / Data_Added / Data_Overwritten / Extended_Attr_Changed / Access_Right_Changed / File_Closed,0x000200000000C940,0x000300000000C8D0,usnjrnl_only,False,,,,,,,,,False,FALSE,FALSE,FALSE,,FALSE,,FALSE,True,False,False,True,24,False,308,1736,305,0,False,True,True,True,True,0,,1,3,0,0,0,0,0,0.059439007019692146,LOW,Benign
12/28/23 17:21,12/28/23 17:21,,,OSProvider.dll,,,,|OSProvider.dll,1749738048.0,File_Created / Basic_Info_Changed / Data_Added / Data_Overwritten / Extended_Attr_Changed / Access_Right_Changed,0x000200000000C941,0x000300000000C8D0,usnjrnl_only,False,,,,,,,,,False,FALSE,FALSE,FALSE,,FALSE,,FALSE,True,False,False,True,14,False,308,1736,305,0,False,True,True,False,False,0,,1,2,0,0,0,0,0,0.05055129384441852,LOW,Benign
12/28/23 17:21,12/28/23 17:21,,,OSProvider.dll,,,,|OSProvider.dll,1749738136.0,File_Created / Basic_Info_Changed / Data_Added / Data_Overwritten / Extended_Attr_Changed / Access_Right_Changed / File_Closed,0x000200000000C941,0x000300000000C8D0,usnjrnl_only,False,,,,,,,,,False,FALSE,FALSE,FALSE,,FALSE,,FALSE,True,False,False,True,14,False,308,1736,305,0,False,True,True,True,True,0,,1,3,0,0,0,0,0,0.059439007019692146,LOW,Benign
12/28/23 17:21,12/28/23 17:21,,,ProvProvider.dll,,,,|ProvProvider.dll,1749738608.0,File_Created / Basic_Info_Changed / Data_Added / Data_Overwritten / Extended_Attr_Changed / Access_Right_Changed,0x000300000000C943,0x000300000000C8D0,usnjrnl_only,False,,,,,,,,,False,FALSE,FALSE,FALSE,,FALSE,,FALSE,True,False,False,True,16,False,308,1736,305,0,False,True,True,False,False,0,,1,2,0,0,0,0,0,0.05055129384441852,LOW,Benign
12/28/23 17:21,12/28/23 17:21,,,ProvProvider.dll,,,,|ProvProvider.dll,1749738704.0,File_Created / Basic_Info_Changed / Data_Added / Data_Overwritten / Extended_Attr_Changed / Access_Right_Changed / File_Closed,0x000300000000C943,0x000300000000C8D0,usnjrnl_only,False,,,,,,,,,False,FALSE,FALSE,FALSE,,FALSE,,FALSE,True,False,False,True,16,False,308,1736,305,0,False,True,True,True,True,0,,1,3,0,0,0,0,0,0.059439007019692146,LOW,Benign
12/28/23 17:21,12/28/23 17:21,,,SetupPlatformProvider.dll,,,,|SetupPlatformProvider.dll,1749739248.0,File_Created / Basic_Info_Changed / Data_Added / Data_Overwritten / Extended_Attr_Changed / Access_Right_Changed,0x000200000000C946,0x000300000000C8D0,usnjrnl_only,False,,,,,,,,,False,FALSE,FALSE,FALSE,,FALSE,,FALSE,True,False,False,True,25,False,308,1736,305,0,False,True,True,False,False,0,,1,2,0,0,0,0,0,0.05055129384441852,LOW,Benign
12/28/23 17:21,12/28/23 17:21,,,SetupPlatformProvider.dll,,,,|SetupPlatformProvider.dll,1749739360.0,File_Created / Basic_Info_Changed / Data_Added / Data_Overwritten / Extended_Attr_Changed / Access_Right_Changed / File_Closed,0x000200000000C946,0x000300000000C8D0,usnjrnl_only,False,,,,,,,,,False,FALSE,FALSE,FALSE,,FALSE,,FALSE,True,False,False,True,25,False,308,1736,305,0,False,True,True,True,True,0,,1,3,0,0,0,0,0,0.059439007019692146,LOW,Benign
12/28/23 17:21,12/28/23 17:21,,,SmiProvider.dll,,,,|SmiProvider.dll,1749739856.0,File_Created / Basic_Info_Changed / Data_Added / Data_Overwritten / Extended_Attr_Changed / Access_Right_Changed,0x000200000000C948,0x000300000000C8D0,usnjrnl_only,False,,,,,,,,,False,FALSE,FALSE,FALSE,,FALSE,,FALSE,True,False,False,True,15,False,308,1736,305,0,False,True,True,False,False,0,,1,2,0,0,0,0,0,0.05055129384441852,LOW,Benign
12/28/23 17:21,12/28/23 17:21,,,SmiProvider.dll,,,,|SmiProvider.dll,1749739952.0,File_Created / Basic_Info_Changed / Data_Added / Data_Overwritten / Extended_Attr_Changed / Access_Right_Changed / File_Closed,0x000200000000C948,0x000300000000C8D0,usnjrnl_only,False,,,,,,,,,False,FALSE,FALSE,FALSE,,FALSE,,FALSE,True,False,False,True,15,False,308,1736,305,0,False,True,True,True,True,0,,1,3,0,0,0,0,0,0.059439007019692146,LOW,Benign
12/28/23 17:21,12/28/23 17:21,,,SysprepProvider.dll,,,,|SysprepProvider.dll,1749740464.0,File_Created / Basic_Info_Changed / Data_Added / Data_Overwritten / Extended_Attr_Changed / Access_Right_Changed,0x000200000000C949,0x000300000000C8D0,usnjrnl_only,False,,,,,,,,,False,FALSE,FALSE,FALSE,,FALSE,,FALSE,True,False,False,True,19,False,308,1736,305,0,False,True,True,False,False,0,,1,2,0,0,0,0,0,0.05055129384441852,LOW,Benign
12/28/23 17:21,12/28/23 17:21,,,SysprepProvider.dll,,,,|SysprepProvider.dll,1749740568.0,File_Created / Basic_Info_Changed / Data_Added / Data_Overwritten / Extended_Attr_Changed / Access_Right_Changed / File_Closed,0x000200000000C949,0x000300000000C8D0,usnjrnl_only,False,,,,,,,,,False,FALSE,FALSE,FALSE,,FALSE,,FALSE,True,False,False,True,19,False,308,1736,305,0,False,True,True,True,True,0,,1,3,0,0,0,0,0,0.059439007019692146,LOW,Benign
12/28/23 17:21,12/28/23 17:21,,,TransmogProvider.dll,,,,|TransmogProvider.dll,1749741088.0,File_Created / Basic_Info_Changed / Data_Added / Data_Overwritten / Extended_Attr_Changed / Access_Right_Changed,0x000400000000C951,0x000300000000C8D0,usnjrnl_only,False,,,,,,,,,False,FALSE,FALSE,FALSE,,FALSE,,FALSE,True,False,False,True,20,False,308,1736,305,0,False,True,True,False,False,0,,1,2,0,0,0,0,0,0.05055129384441852,LOW,Benign
12/28/23 17:21,12/28/23 17:21,,,TransmogProvider.dll,,,,|TransmogProvider.dll,1749741192.0,File_Created / Basic_Info_Changed / Data_Added / Data_Overwritten / Extended_Attr_Changed / Access_Right_Changed / File_Closed,0x000400000000C951,0x000300000000C8D0,usnjrnl_only,False,,,,,,,,,False,FALSE,FALSE,FALSE,,FALSE,,FALSE,True,False,False,True,20,False,308,1736,305,0,False,True,True,True,True,0,,1,3,0,0,0,0,0,0.059439007019692146,LOW,Benign
12/28/23 17:21,12/28/23 17:21,,,UnattendProvider.dll,,,,|UnattendProvider.dll,1749741776.0,File_Created / Basic_Info_Changed / Data_Added / Data_Overwritten / Extended_Attr_Changed / Access_Right_Changed,0x000300000000C958,0x000300000000C8D0,usnjrnl_only,False,,,,,,,,,False,FALSE,FALSE,FALSE,,FALSE,,FALSE,True,False,False,True,20,False,308,1736,305,0,False,True,True,False,False,0,,1,2,0,0,0,0,0,0.05055129384441852,LOW,Benign
12/28/23 17:21,12/28/23 17:21,,,UnattendProvider.dll,,,,|UnattendProvider.dll,1749741880.0,File_Created / Basic_Info_Changed / Data_Added / Data_Overwritten / Extended_Attr_Changed / Access_Right_Changed / File_Closed,0x000300000000C958,0x000300000000C8D0,usnjrnl_only,False,,,,,,,,,False,FALSE,FALSE,FALSE,,FALSE,,FALSE,True,False,False,True,20,False,308,1736,305,0,False,True,True,True,True,0,,1,3,0,0,0,0,0,0.059439007019692146,LOW,Benign
12/28/23 17:21,12/28/23 17:21,,,VhdProvider.dll,,,,|VhdProvider.dll,1749742368.0,File_Created / Basic_Info_Changed / Data_Added / Data_Overwritten / Extended_Attr_Changed / Access_Right_Changed,0x000200000000C95D,0x000300000000C8D0,usnjrnl_only,False,,,,,,,,,False,FALSE,FALSE,FALSE,,FALSE,,FALSE,True,False,False,True,15,False,308,1736,305,0,False,True,True,False,False,0,,1,2,0,0,0,0,0,0.05055129384441852,LOW,Benign
12/28/23 17:21,12/28/23 17:21,,,VhdProvider.dll,,,,|VhdProvider.dll,1749742464.0,File_Created / Basic_Info_Changed / Data_Added / Data_Overwritten / Extended_Attr_Changed / Access_Right_Changed / File_Closed,0x000200000000C95D,0x000300000000C8D0,usnjrnl_only,False,,,,,,,,,False,FALSE,FALSE,FALSE,,FALSE,,FALSE,True,False,False,True,15,False,308,1736,305,0,False,True,True,True,True,0,,1,3,0,0,0,0,0,0.059439007019692146,LOW,Benign
12/28/23 17:21,12/28/23 17:21,,,WimProvider.dll,,,,|WimProvider.dll,1749742944.0,File_Created / Basic_Info_Changed / Data_Added / Data_Overwritten / Extended_Attr_Changed / Access_Right_Changed,0x000200000000C95E,0x000300000000C8D0,usnjrnl_only,False,,,,,,,,,False,FALSE,FALSE,FALSE,,FALSE,,FALSE,True,False,False,True,15,False,322,1736,305,0,False,True,True,False,False,0,,1,2,0,0,0,0,0,0.05055129384441852,LOW,Benign
12/28/23 17:21,12/28/23 17:21,,,WimProvider.dll,,,,|WimProvider.dll,1749743040.0,File_Created / Basic_Info_Changed / Data_Added / Data_Overwritten / Extended_Attr_Changed / Access_Right_Changed / File_Closed,0x000200000000C95E,0x000300000000C8D0,usnjrnl_only,False,,,,,,,,,False,FALSE,FALSE,FALSE,,FALSE,,FALSE,True,False,False,True,15,False,322,1736,305,0,False,True,True,True,True,0,,1,3,0,0,0,0,0,0.059439007019692146,LOW,Benign
12/28/23 17:21,12/28/23 17:21,,,COMPONENTS,\Windows\System32\config\COMPONENTS,,,\Windows\System32\config\COMPONENTS|COMPONENTS,1749750032.0,Basic_Info_Changed,0x0001000000019600,0x0001000000000E5D,usnjrnl_only,False,,,,,,,,,False,FALSE,FALSE,FALSE,,FALSE,,FALSE,False,False,False,True,10,False,197,1736,305,2,False,True,True,False,False,4,,1,2,0,0,0,0,0,0.03939157148687472,LOW,Benign
12/28/23 17:21,12/28/23 17:21,,,3E7QBVZY,\Users\blueangel\AppData\Local\Microsoft\Windows\INetCache\IE\3E7QBVZY,,,\Users\blueangel\AppData\Local\Microsoft\Windows\INetCache\IE\3E7QBVZY|3E7QBVZY,1749750416.0,Basic_Info_Changed,0x0004000000001BAE,0x017D00000000854B,usnjrnl_only,False,,,,,,,,,False,FALSE,FALSE,FALSE,,FALSE,,FALSE,False,False,False,False,8,False,70,1736,305,3,False,True,True,False,False,9,,1,2,0,0,0,0,0,0.0298144208085607,LOW,Benign
12/28/23 17:21,12/28/23 17:21,,,3E7QBVZY,\Users\blueangel\AppData\Local\Microsoft\Windows\INetCache\IE\3E7QBVZY,,,\Users\blueangel\AppData\Local\Microsoft\Windows\INetCache\IE\3E7QBVZY|3E7QBVZY,1749750496.0,Basic_Info_Changed / File_Renamed_Old,0x0004000000001BAE,0x017D00000000854B,usnjrnl_only,False,,,,,,,,,False,FALSE,FALSE,FALSE,,FALSE,,FALSE,False,False,False,False,8,False,70,1736,305,0,False,True,True,False,False,9,,1,2,0,0,0,0,0,0.0298144208085607,LOW,Benign
12/28/23 17:21,12/28/23 17:21,,,0004000000001BAE2E19127F,,,,|0004000000001BAE2E19127F,1749750576.0,Basic_Info_Changed / File_Renamed_New,0x0004000000001BAE,0x000100000000001D,usnjrnl_only,False,,,,,,,,,False,FALSE,FALSE,FALSE,,FALSE,,FALSE,False,False,False,False,24,False,10,1736,305,0,False,True,True,False,False,0,,1,2,0,0,0,0,0,0.0298144208085607,LOW,Benign
12/28/23 17:21,12/28/23 17:21,,,0004000000001BAE2E19127F,,,,|0004000000001BAE2E19127F,1749750688.0,Basic_Info_Changed / File_Renamed_New / File_Closed / File_Deleted,0x0004000000001BAE,0x000100000000001D,usnjrnl_only,False,,,,,,,,,False,FALSE,FALSE,FALSE,,FALSE,,FALSE,False,False,False,False,24,False,10,1736,305,0,False,True,True,True,True,0,,1,3,0,0,0,0,0,0.029540763940562008,LOW,Benign
12/28/23 17:21,12/28/23 17:21,,,6VE23Q05,\Users\blueangel\AppData\Local\Packages\Microsoft.Windows.Search_cw5n1h2txyewy\AC\INetCache\6VE23Q05,,,\Users\blueangel\AppData\Local\Packages\Microsoft.Windows.Search_cw5n1h2txyewy\AC\INetCache\6VE23Q05|6VE23Q05,1749751056.0,Basic_Info_Changed,0x000300000000BFFB,0x000100000001A5E1,usnjrnl_only,False,,,,,,,,,False,FALSE,FALSE,FALSE,,FALSE,,FALSE,False,False,False,False,8,False,166,1736,305,0,False,True,True,False,False,9,,1,2,0,0,0,0,0,0.0298144208085607,LOW,Benign
12/28/23 17:21,12/28/23 17:21,,,6VE23Q05,\Users\blueangel\AppData\Local\Packages\Microsoft.Windows.Search_cw5n1h2txyewy\AC\INetCache\6VE23Q05,,,\Users\blueangel\AppData\Local\Packages\Microsoft.Windows.Search_cw5n1h2txyewy\AC\INetCache\6VE23Q05|6VE23Q05,1749751136.0,Basic_Info_Changed / File_Renamed_Old,0x000300000000BFFB,0x000100000001A5E1,usnjrnl_only,False,,,,,,,,,False,FALSE,FALSE,FALSE,,FALSE,,FALSE,False,False,False,False,8,False,166,1736,305,0,False,True,True,False,False,9,,1,2,0,0,0,0,0,0.0298144208085607,LOW,Benign
12/28/23 17:21,12/28/23 17:21,,,000300000000BFFB4D9E63AC,,,,|000300000000BFFB4D9E63AC,1749751216.0,Basic_Info_Changed / File_Renamed_New,0x000300000000BFFB,0x000100000000001D,usnjrnl_only,False,,,,,,,,,False,FALSE,FALSE,FALSE,,FALSE,,FALSE,False,False,False,False,24,False,10,1736,305,0,False,True,True,False,False,0,,1,2,0,0,0,0,0,0.0298144208085607,LOW,Benign
12/28/23 17:21,12/28/23 17:21,,,000300000000BFFB4D9E63AC,,,,|000300000000BFFB4D9E63AC,1749751328.0,Basic_Info_Changed / File_Renamed_New / File_Closed / File_Deleted,0x000300000000BFFB,0x000100000000001D,usnjrnl_only,False,,,,,,,,,False,FALSE,FALSE,FALSE,,FALSE,,FALSE,False,False,False,False,24,False,10,1736,305,0,False,True,True,True,True,0,,1,3,0,0,0,0,0,0.029540763940562008,LOW,Benign
12/28/23 17:21,12/28/23 17:21,,,YXQJ18ZU,\Users\blueangel\AppData\Local\Packages\Microsoft.Windows.Search_cw5n1h2txyewy\AC\INetCache\YXQJ18ZU,,,\Users\blueangel\AppData\Local\Packages\Microsoft.Windows.Search_cw5n1h2txyewy\AC\INetCache\YXQJ18ZU|YXQJ18ZU,1749751440.0,Basic_Info_Changed,0x000200000000C489,0x000100000001A5E1,usnjrnl_only,False,,,,,,,,,False,FALSE,FALSE,FALSE,,FALSE,,FALSE,False,False,False,False,8,False,178,1736,305,0,False,True,True,False,False,9,,1,2,0,0,0,0,0,0.0298144208085607,LOW,Benign
12/28/23 17:21,12/28/23 17:21,,,YXQJ18ZU,\Users\blueangel\AppData\Local\Packages\Microsoft.Windows.Search_cw5n1h2txyewy\AC\INetCache\YXQJ18ZU,,,\Users\blueangel\AppData\Local\Packages\Microsoft.Windows.Search_cw5n1h2txyewy\AC\INetCache\YXQJ18ZU|YXQJ18ZU,1749751520.0,Basic_Info_Changed / File_Renamed_Old,0x000200000000C489,0x000100000001A5E1,usnjrnl_only,False,,,,,,,,,False,FALSE,FALSE,FALSE,,FALSE,,FALSE,False,False,False,False,8,False,178,1736,305,0,False,True,True,False,False,9,,1,2,0,0,0,0,0,0.0298144208085607,LOW,Benign
12/28/23 17:21,12/28/23 17:21,,,000200000000C4894C7D91B9,,,,|000200000000C4894C7D91B9,1749751600.0,Basic_Info_Changed / File_Renamed_New,0x000200000000C489,0x000100000000001D,usnjrnl_only,False,,,,,,,,,False,FALSE,FALSE,FALSE,,FALSE,,FALSE,False,False,False,False,24,False,10,1736,305,0,False,True,True,False,False,0,,1,2,0,0,0,0,0,0.0298144208085607,LOW,Benign
12/28/23 17:21,12/28/23 17:21,,,000200000000C4894C7D91B9,,,,|000200000000C4894C7D91B9,1749751712.0,Basic_Info_Changed / File_Renamed_New / File_Closed / File_Deleted,0x000200000000C489,0x000100000000001D,usnjrnl_only,False,,,,,,,,,False,FALSE,FALSE,FALSE,,FALSE,,FALSE,False,False,False,False,24,False,10,1736,305,0,False,True,True,True,True,0,,1,3,0,0,0,0,0,0.029540763940562008,LOW,Benign
12/28/23 17:21,12/28/23 17:21,,,dd_BackgroundDownload_20231221160206.log,\Users\blueangel\AppData\Local\Temp\dd_BackgroundDownload_20231221160206.log,,,\Users\blueangel\AppData\Local\Temp\dd_BackgroundDownload_20231221160206.log|dd_BackgroundDownload_20231221160206.log,1749751824.0,Basic_Info_Changed,0x000700000002E27A,0x000100000001A2E5,usnjrnl_only,False,,,,,,,,,False,FALSE,FALSE,FALSE,,FALSE,,FALSE,False,False,False,False,40,True,10,1736,305,1,False,True,True,False,False,6,,1,2,0,0,0,0,0,0.0298144208085607,LOW,Benign
12/28/23 17:21,12/28/23 17:21,,,dd_BackgroundDownload_20231221160206.log,\Users\blueangel\AppData\Local\Temp\dd_BackgroundDownload_20231221160206.log,,,\Users\blueangel\AppData\Local\Temp\dd_BackgroundDownload_20231221160206.log|dd_BackgroundDownload_20231221160206.log,1749751968.0,Basic_Info_Changed / File_Closed,0x000700000002E27A,0x000100000001A2E5,usnjrnl_only,False,,,,,,,,,False,FALSE,FALSE,FALSE,,FALSE,,FALSE,False,False,False,False,40,True,10,1736,305,0,False,True,True,True,True,6,,1,3,0,0,0,0,0,0.01988188851507617,LOW,Benign
12/28/23 17:21,12/28/23 17:21,,,dd_BackgroundDownload_20231221160206_result_Error.log,\Users\blueangel\AppData\Local\Temp\dd_BackgroundDownload_20231221160206_result_Error.log,,,\Users\blueangel\AppData\Local\Temp\dd_BackgroundDownload_20231221160206_result_Error.log|dd_BackgroundDownload_20231221160206_result_Error.log,1749752112.0,Basic_Info_Changed,0x002B000000000497,0x000100000001A2E5,usnjrnl_only,False,,,,,,,,,False,FALSE,FALSE,FALSE,,FALSE,,FALSE,False,False,False,False,53,True,10,1736,305,0,False,True,True,False,False,6,,1,2,0,0,0,0,0,0.0298144208085607,LOW,Benign
12/28/23 17:21,12/28/23 17:21,,,dd_BackgroundDownload_20231221160206_result_Error.log,\Users\blueangel\AppData\Local\Temp\dd_BackgroundDownload_20231221160206_result_Error.log,,,\Users\blueangel\AppData\Local\Temp\dd_BackgroundDownload_20231221160206_result_Error.log|dd_BackgroundDownload_20231221160206_result_Error.log,1749752280.0,Basic_Info_Changed / File_Closed,0x002B000000000497,0x000100000001A2E5,usnjrnl_only,False,,,,,,,,,False,FALSE,FALSE,FALSE,,FALSE,,FALSE,False,False,False,False,53,True,10,1736,305,0,False,True,True,True,True,6,,1,3,0,0,0,0,0,0.01988188851507617,LOW,Benign
12/28/23 17:21,12/28/23 17:21,,,DESKTOP-JK343U8-20231221-1548.log,\Users\blueangel\AppData\Local\Temp\DESKTOP-JK343U8-20231221-1548.log,,,\Users\blueangel\AppData\Local\Temp\DESKTOP-JK343U8-20231221-1548.log|DESKTOP-JK343U8-20231221-1548.log,1749752448.0,Basic_Info_Changed,0x000A000000018CE3,0x000100000001A2E5,usnjrnl_only,False,,,,,,,,,False,FALSE,FALSE,FALSE,,FALSE,,FALSE,False,False,False,False,33,True,10,1736,305,0,False,True,True,False,False,6,,1,2,0,0,0,0,0,0.039773830643638035,LOW,Benign
12/28/23 17:21,12/28/23 17:21,,,DESKTOP-JK343U8-20231221-1548.log,\Users\blueangel\AppData\Local\Temp\DESKTOP-JK343U8-20231221-1548.log,,,\Users\blueangel\AppData\Local\Temp\DESKTOP-JK343U8-20231221-1548.log|DESKTOP-JK343U8-20231221-1548.log,1749752576.0,Basic_Info_Changed / File_Closed,0x000A000000018CE3,0x000100000001A2E5,usnjrnl_only,False,,,,,,,,,False,FALSE,FALSE,FALSE,,FALSE,,FALSE,False,False,False,False,33,True,10,1736,305,0,False,True,True,True,True,6,,1,3,0,0,0,0,0,0.03486957399131968,LOW,Benign
12/28/23 17:21,12/28/23 17:21,,,wctB8EF.tmp,\Users\blueangel\AppData\Local\Temp\wctB8EF.tmp,,,\Users\blueangel\AppData\Local\Temp\wctB8EF.tmp|wctB8EF.tmp,1749752704.0,Basic_Info_Changed,0x0008000000007397,0x000100000001A2E5,usnjrnl_only,False,,,,,,,,,False,FALSE,FALSE,FALSE,,FALSE,,FALSE,False,False,False,False,11,True,10,1736,305,0,False,True,True,False,False,6,,1,2,0,0,0,0,0,0.039730228182501,LOW,Benign
12/28/23 17:21,12/28/23 17:21,,,wctB8EF.tmp,\Users\blueangel\AppData\Local\Temp\wctB8EF.tmp,,,\Users\blueangel\AppData\Local\Temp\wctB8EF.tmp|wctB8EF.tmp,1749752792.0,Basic_Info_Changed / File_Closed,0x0008000000007397,0x000100000001A2E5,usnjrnl_only,False,,,,,,,,,False,FALSE,FALSE,FALSE,,FALSE,,FALSE,False,False,False,False,11,True,10,1736,305,0,False,True,True,True,True,6,,1,3,0,0,0,0,0,0.01988188851507617,LOW,Benign
12/28/23 17:21,12/28/23 17:21,,,wctBA29.tmp,\Users\blueangel\AppData\Local\Temp\wctBA29.tmp,,,\Users\blueangel\AppData\Local\Temp\wctBA29.tmp|wctBA29.tmp,1749752880.0,Basic_Info_Changed,0x001700000000BBE3,0x000100000001A2E5,usnjrnl_only,False,,,,,,,,,False,FALSE,FALSE,FALSE,,FALSE,,FALSE,False,False,False,False,11,True,10,1736,305,0,False,True,True,False,False,6,,1,2,0,0,0,0,0,0.039730228182501,LOW,Benign
12/28/23 17:21,12/28/23 17:21,,,wctBA29.tmp,\Users\blueangel\AppData\Local\Temp\wctBA29.tmp,,,\Users\blueangel\AppData\Local\Temp\wctBA29.tmp|wctBA29.tmp,1749752968.0,Basic_Info_Changed / File_Closed,0x001700000000BBE3,0x000100000001A2E5,usnjrnl_only,False,,,,,,,,,False,FALSE,FALSE,FALSE,,FALSE,,FALSE,False,False,False,False,11,True,10,1736,305,0,False,True,True,True,True,6,,1,3,0,0,0,0,0,0.01988188851507617,LOW,Benign
12/28/23 17:21,12/28/23 17:21,,,wctD97A.tmp,\Users\blueangel\AppData\Local\Temp\wctD97A.tmp,,,\Users\blueangel\AppData\Local\Temp\wctD97A.tmp|wctD97A.tmp,1749753056.0,Basic_Info_Changed,0x000700000000AA2D,0x000100000001A2E5,usnjrnl_only,False,,,,,,,,,False,FALSE,FALSE,FALSE,,FALSE,,FALSE,False,False,False,False,11,True,10,1736,305,0,False,True,True,False,False,6,,1,2,0,0,0,0,0,0.039730228182501,LOW,Benign
12/28/23 17:21,12/28/23 17:21,,,wctD97A.tmp,\Users\blueangel\AppData\Local\Temp\wctD97A.tmp,,,\Users\blueangel\AppData\Local\Temp\wctD97A.tmp|wctD97A.tmp,1749753144.0,Basic_Info_Changed / File_Closed,0x000700000000AA2D,0x000100000001A2E5,usnjrnl_only,False,,,,,,,,,False,FALSE,FALSE,FALSE,,FALSE,,FALSE,False,False,False,False,11,True,10,1736,305,0,False,True,True,True,True,6,,1,3,0,0,0,0,0,0.01988188851507617,LOW,Benign
12/28/23 17:21,12/28/23 17:21,,,wctD998.tmp,\Users\blueangel\AppData\Local\Temp\wctD998.tmp,,,\Users\blueangel\AppData\Local\Temp\wctD998.tmp|wctD998.tmp,1749753232.0,Basic_Info_Changed,0x000E000000010CE4,0x000100000001A2E5,usnjrnl_only,False,,,,,,,,,False,FALSE,FALSE,FALSE,,FALSE,,FALSE,False,False,False,False,11,True,10,1736,305,0,False,True,True,False,False,6,,1,2,0,0,0,0,0,0.039730228182501,LOW,Benign
12/28/23 17:21,12/28/23 17:21,,,wctD998.tmp,\Users\blueangel\AppData\Local\Temp\wctD998.tmp,,,\Users\blueangel\AppData\Local\Temp\wctD998.tmp|wctD998.tmp,1749753320.0,Basic_Info_Changed / File_Closed,0x000E000000010CE4,0x000100000001A2E5,usnjrnl_only,False,,,,,,,,,False,FALSE,FALSE,FALSE,,FALSE,,FALSE,False,False,False,False,11,True,10,1736,305,0,False,True,True,True,True,6,,1,3,0,0,0,0,0,0.01988188851507617,LOW,Benign
12/28/23 17:21,12/28/23 17:21,,,wctD99A.tmp,\Users\blueangel\AppData\Local\Temp\wctD99A.tmp,,,\Users\blueangel\AppData\Local\Temp\wctD99A.tmp|wctD99A.tmp,1749753408.0,Basic_Info_Changed,0x000700000000EE36,0x000100000001A2E5,usnjrnl_only,False,,,,,,,,,False,FALSE,FALSE,FALSE,,FALSE,,FALSE,False,False,False,False,11,True,10,1736,305,0,False,True,True,False,False,6,,1,2,0,0,0,0,0,0.039730228182501,LOW,Benign
12/28/23 17:21,12/28/23 17:21,,,wctD99A.tmp,\Users\blueangel\AppData\Local\Temp\wctD99A.tmp,,,\Users\blueangel\AppData\Local\Temp\wctD99A.tmp|wctD99A.tmp,1749753496.0,Basic_Info_Changed / File_Closed,0x000700000000EE36,0x000100000001A2E5,usnjrnl_only,False,,,,,,,,,False,FALSE,FALSE,FALSE,,FALSE,,FALSE,False,False,False,False,11,True,10,1736,305,0,False,True,True,True,True,6,,1,3,0,0,0,0,0,0.01988188851507617,LOW,Benign
12/28/23 17:21,12/28/23 17:21,,,DESKTOP-JK343U8-20231219-1753.log,\Windows\Temp\DESKTOP-JK343U8-20231219-1753.log,,,\Windows\Temp\DESKTOP-JK343U8-20231219-1753.log|DESKTOP-JK343U8-20231219-1753.log,1749753584.0,Basic_Info_Changed,0x002D000000055F0A,0x0001000000001623,usnjrnl_only,False,,,,,,,,,False,FALSE,FALSE,FALSE,,FALSE,,FALSE,False,False,False,False,33,True,10,1736,305,0,False,True,True,False,False,3,,1,2,0,0,0,0,0,0.04935098132195206,LOW,Benign
12/28/23 17:21,12/28/23 17:21,,,DESKTOP-JK343U8-20231219-1753.log,\Windows\Temp\DESKTOP-JK343U8-20231219-1753.log,,,\Windows\Temp\DESKTOP-JK343U8-20231219-1753.log|DESKTOP-JK343U8-20231219-1753.log,1749753712.0,Basic_Info_Changed / File_Closed,0x002D000000055F0A,0x0001000000001623,usnjrnl_only,False,,,,,,,,,False,FALSE,FALSE,FALSE,,FALSE,,FALSE,False,False,False,False,33,True,10,1736,305,0,False,True,True,True,True,3,,1,3,0,0,0,0,0,0.03486957399131968,LOW,Benign
12/28/23 17:21,12/28/23 17:21,,,DESKTOP-JK343U8-20231221-1548.log,\Windows\Temp\DESKTOP-JK343U8-20231221-1548.log,,,\Windows\Temp\DESKTOP-JK343U8-20231221-1548.log|DESKTOP-JK343U8-20231221-1548.log,1749753984.0,Basic_Info_Changed,0x000C00000000B581,0x0001000000001623,usnjrnl_only,False,,,,,,,,,False,FALSE,FALSE,FALSE,,FALSE,,FALSE,False,False,False,False,33,True,10,1736,305,0,False,True,True,False,False,3,,1,2,0,0,0,0,0,0.04935098132195206,LOW,Benign
12/28/23 17:21,12/28/23 17:21,,,DESKTOP-JK343U8-20231221-1548.log,\Windows\Temp\DESKTOP-JK343U8-20231221-1548.log,,,\Windows\Temp\DESKTOP-JK343U8-20231221-1548.log|DESKTOP-JK343U8-20231221-1548.log,1749754112.0,Basic_Info_Changed / File_Closed,0x000C00000000B581,0x0001000000001623,usnjrnl_only,False,,,,,,,,,False,FALSE,FALSE,FALSE,,FALSE,,FALSE,False,False,False,False,33,True,10,1736,305,0,False,True,True,True,True,3,,1,3,0,0,0,0,0,0.03486957399131968,LOW,Benign
12/28/23 17:21,12/28/23 17:21,,,DESKTOP-JK343U8-20231221-1548a.log,\Windows\Temp\DESKTOP-JK343U8-20231221-1548a.log,,,\Windows\Temp\DESKTOP-JK343U8-20231221-1548a.log|DESKTOP-JK343U8-20231221-1548a.log,1749754368.0,Basic_Info_Changed,0x003C00000000866D,0x0001000000001623,usnjrnl_only,False,,,,,,,,,False,FALSE,FALSE,FALSE,,FALSE,,FALSE,False,False,False,False,34,True,10,1736,305,0,False,True,True,False,False,3,,1,2,0,0,0,0,0,0.04935098132195206,LOW,Benign
12/28/23 17:21,12/28/23 17:21,,,DESKTOP-JK343U8-20231221-1548a.log,\Windows\Temp\DESKTOP-JK343U8-20231221-1548a.log,,,\Windows\Temp\DESKTOP-JK343U8-20231221-1548a.log|DESKTOP-JK343U8-20231221-1548a.log,1749754496.0,Basic_Info_Changed / File_Closed,0x003C00000000866D,0x0001000000001623,usnjrnl_only,False,,,,,,,,,False,FALSE,FALSE,FALSE,,FALSE,,FALSE,False,False,False,False,34,True,10,1736,305,0,False,True,True,True,True,3,,1,3,0,0,0,0,0,0.026252413996535485,LOW,Benign
12/28/23 17:21,12/28/23 17:21,,,DESKTOP-JK343U8-20231221-1556.log,\Windows\Temp\DESKTOP-JK343U8-20231221-1556.log,,,\Windows\Temp\DESKTOP-JK343U8-20231221-1556.log|DESKTOP-JK343U8-20231221-1556.log,1749754752.0,Basic_Info_Changed,0x000300000002E242,0x0001000000001623,usnjrnl_only,False,,,,,,,,,False,FALSE,FALSE,FALSE,,FALSE,,FALSE,False,False,False,False,33,True,10,1736,305,0,False,True,True,False,False,3,,1,2,0,0,0,0,0,0.04935098132195206,LOW,Benign
12/28/23 17:21,12/28/23 17:21,,,DESKTOP-JK343U8-20231221-1556.log,\Windows\Temp\DESKTOP-JK343U8-20231221-1556.log,,,\Windows\Temp\DESKTOP-JK343U8-20231221-1556.log|DESKTOP-JK343U8-20231221-1556.log,1749754880.0,Basic_Info_Changed / File_Closed,0x000300000002E242,0x0001000000001623,usnjrnl_only,False,,,,,,,,,False,FALSE,FALSE,FALSE,,FALSE,,FALSE,False,False,False,False,33,True,10,1736,305,0,False,True,True,True,True,3,,1,3,0,0,0,0,0,0.03486957399131968,LOW,Benign
12/28/23 17:21,12/28/23 17:21,,,DESKTOP-JK343U8-20231221-1602.log,\Windows\Temp\DESKTOP-JK343U8-20231221-1602.log,,,\Windows\Temp\DESKTOP-JK343U8-20231221-1602.log|DESKTOP-JK343U8-20231221-1602.log,1749755136.0,Basic_Info_Changed,0x000600000002E270,0x0001000000001623,usnjrnl_only,False,,,,,,,,,False,FALSE,FALSE,FALSE,,FALSE,,FALSE,False,False,False,False,33,True,10,1736,305,0,False,True,True,False,False,3,,1,2,0,0,0,0,0,0.04935098132195206,LOW,Benign
12/28/23 17:21,12/28/23 17:21,,,DESKTOP-JK343U8-20231221-1602.log,\Windows\Temp\DESKTOP-JK343U8-20231221-1602.log,,,\Windows\Temp\DESKTOP-JK343U8-20231221-1602.log|DESKTOP-JK343U8-20231221-1602.log,1749755264.0,Basic_Info_Changed / File_Closed,0x000600000002E270,0x0001000000001623,usnjrnl_only,False,,,,,,,,,False,FALSE,FALSE,FALSE,,FALSE,,FALSE,False,False,False,False,33,True,10,1736,305,0,False,True,True,True,True,3,,1,3,0,0,0,0,0,0.03486957399131968,LOW,Benign
12/28/23 17:21,12/28/23 17:21,,,officeclicktorun.exe_streamserver(202312211551421150).log,\Windows\Temp\officeclicktorun.exe_streamserver(202312211551421150).log,,,\Windows\Temp\officeclicktorun.exe_streamserver(202312211551421150).log|officeclicktorun.exe_streamserver(202312211551421150).log,1749755520.0,Basic_Info_Changed,0x0048000000008270,0x0001000000001623,usnjrnl_only,False,,,,,,,,,False,FALSE,FALSE,FALSE,,FALSE,,FALSE,False,False,False,False,57,True,10,1736,305,0,False,True,True,False,False,3,,1,2,0,0,0,0,0,0.03939157148687472,LOW,Benign
12/28/23 17:21,12/28/23 17:21,,,officeclicktorun.exe_streamserver(202312211551421150).log,\Windows\Temp\officeclicktorun.exe_streamserver(202312211551421150).log,,,\Windows\Temp\officeclicktorun.exe_streamserver(202312211551421150).log|officeclicktorun.exe_streamserver(202312211551421150).log,1749755696.0,Basic_Info_Changed / File_Closed,0x0048000000008270,0x0001000000001623,usnjrnl_only,False,,,,,,,,,False,FALSE,FALSE,FALSE,,FALSE,,FALSE,False,False,False,False,57,True,10,1736,305,0,False,True,True,True,True,3,,1,3,0,0,0,0,0,0.01988188851507617,LOW,Benign
12/28/23 17:21,12/28/23 17:21,,,wctD979.tmp,\Windows\Temp\wctD979.tmp,,,\Windows\Temp\wctD979.tmp|wctD979.tmp,1749756048.0,Basic_Info_Changed,0x000F00000000739F,0x0001000000001623,usnjrnl_only,False,,,,,,,,,False,FALSE,FALSE,FALSE,,FALSE,,FALSE,False,False,False,False,11,True,10,1736,305,0,False,True,True,False,False,3,,1,2,0,0,0,0,0,0.04930737886081502,LOW,Benign
12/28/23 17:21,12/28/23 17:21,,,wctD979.tmp,\Windows\Temp\wctD979.tmp,,,\Windows\Temp\wctD979.tmp|wctD979.tmp,1749756136.0,Basic_Info_Changed / File_Closed,0x000F00000000739F,0x0001000000001623,usnjrnl_only,False,,,,,,,,,False,FALSE,FALSE,FALSE,,FALSE,,FALSE,False,False,False,False,11,True,10,1736,305,0,False,True,True,True,True,3,,1,3,0,0,0,0,0,0.01988188851507617,LOW,Benign
12/28/23 17:21,12/28/23 17:21,,,SIH.20231221.155641.689.1.etl,\Windows\Logs\SIH\SIH.20231221.155641.689.1.etl,,,\Windows\Logs\SIH\SIH.20231221.155641.689.1.etl|SIH.20231221.155641.689.1.etl,1749756312.0,Basic_Info_Changed / Content_Indexed_Attr_Changed,0x000D00000002E1DE,0x000400000001A943,usnjrnl_only,False,,,,,,,,,False,FALSE,FALSE,FALSE,,FALSE,,FALSE,False,False,False,False,29,False,14,1736,305,0,False,True,True,False,False,4,,1,2,0,0,0,0,0,0.0298144208085607,LOW,Benign
12/28/23 17:21,12/28/23 17:21,,,SIH.20231221.155641.689.1.etl,\Windows\Logs\SIH\SIH.20231221.155641.689.1.etl,,,\Windows\Logs\SIH\SIH.20231221.155641.689.1.etl|SIH.20231221.155641.689.1.etl,1749756432.0,Basic_Info_Changed / Content_Indexed_Attr_Changed / File_Closed,0x000D00000002E1DE,0x000400000001A943,usnjrnl_only,False,,,,,,,,,False,FALSE,FALSE,FALSE,,FALSE,,FALSE,False,False,False,False,29,False,14,1736,305,0,False,True,True,True,True,4,,1,3,0,0,0,0,0,0.029540763940562008,LOW,Benign
12/28/23 17:21,12/28/23 17:21,,,WaasRemediation.004.etl,\Windows\Logs\waasmediccapsule\WaasRemediation.004.etl,,,\Windows\Logs\waasmediccapsule\WaasRemediation.004.etl|WaasRemediation.004.etl,1749756672.0,Basic_Info_Changed / Content_Indexed_Attr_Changed,0x000D000000013EE2,0x004000000005C28D,usnjrnl_only,False,,,,,,,,,False,FALSE,FALSE,FALSE,,FALSE,,FALSE,False,False,False,False,23,False,14,1736,305,0,False,True,True,False,False,4,,1,2,0,0,0,0,0,0.0298144208085607,LOW,Benign
12/28/23 17:21,12/28/23 17:21,,,WaasRemediation.004.etl,\Windows\Logs\waasmediccapsule\WaasRemediation.004.etl,,,\Windows\Logs\waasmediccapsule\WaasRemediation.004.etl|WaasRemediation.004.etl,1749756784.0,Basic_Info_Changed / Content_Indexed_Attr_Changed / File_Closed,0x000D000000013EE2,0x004000000005C28D,usnjrnl_only,False,,,,,,,,,False,FALSE,FALSE,FALSE,,FALSE,,FALSE,False,False,False,False,23,False,14,1736,305,0,False,True,True,True,True,4,,1,3,0,0,0,0,0,0.029540763940562008,LOW,Benign
12/28/23 17:21,12/28/23 17:21,,,mat-debug-4960.log,\Users\blueangel\AppData\Local\Packages\microsoft.windowscommunicationsapps_8wekyb3d8bbwe\AC\Temp\mat-debug-4960.log,,,\Users\blueangel\AppData\Local\Packages\microsoft.windowscommunicationsapps_8wekyb3d8bbwe\AC\Temp\mat-debug-4960.log|mat-debug-4960.log,1749757008.0,Basic_Info_Changed,0x000900000002E15C,0x000100000001A67C,usnjrnl_only,False,,,,,,,,,False,FALSE,FALSE,FALSE,,FALSE,,FALSE,False,False,False,False,18,True,10,1736,305,0,False,True,True,False,False,9,,1,2,0,0,0,0,0,0.0298144208085607,LOW,Benign
12/28/23 17:21,12/28/23 17:21,,,mat-debug-4960.log,\Users\blueangel\AppData\Local\Packages\microsoft.windowscommunicationsapps_8wekyb3d8bbwe\AC\Temp\mat-debug-4960.log,,,\Users\blueangel\AppData\Local\Packages\microsoft.windowscommunicationsapps_8wekyb3d8bbwe\AC\Temp\mat-debug-4960.log|mat-debug-4960.log,1749757104.0,Basic_Info_Changed / File_Closed,0x000900000002E15C,0x000100000001A67C,usnjrnl_only,False,,,,,,,,,False,FALSE,FALSE,FALSE,,FALSE,,FALSE,False,False,False,False,18,True,10,1736,305,0,False,True,True,True,True,9,,1,3,0,0,0,0,0,0.01988188851507617,LOW,Benign
12/28/23 17:21,12/28/23 17:21,,,AppxProvider.dll,,,,|AppxProvider.dll,1749757296.0,Basic_Info_Changed / Content_Indexed_Attr_Changed,0x000300000000C8D1,0x000300000000C8D0,usnjrnl_only,False,,,,,,,,,False,FALSE,FALSE,FALSE,,FALSE,,FALSE,True,False,False,False,16,False,308,1736,305,1,False,True,True,False,False,0,,1,2,0,0,0,0,0,0.040576701371083844,LOW,Benign
12/28/23 17:21,12/28/23 17:21,,,AppxProvider.dll,,,,|AppxProvider.dll,1749757392.0,Basic_Info_Changed / Content_Indexed_Attr_Changed / File_Closed / File_Deleted,0x000300000000C8D1,0x000300000000C8D0,usnjrnl_only,False,,,,,,,,,False,FALSE,FALSE,FALSE,,FALSE,,FALSE,True,False,False,False,16,False,308,1736,305,0,False,True,True,True,True,0,,1,3,0,0,0,0,0,0.029540763940562008,LOW,Benign
12/28/23 17:21,12/28/23 17:21,,,AssocProvider.dll,,,,|AssocProvider.dll,1749757488.0,Basic_Info_Changed / Content_Indexed_Attr_Changed,0x001600000000C6AB,0x000300000000C8D0,usnjrnl_only,False,,,,,,,,,False,FALSE,FALSE,FALSE,,FALSE,,FALSE,True,False,False,False,17,False,308,1736,305,0,False,True,True,False,False,0,,1,2,0,0,0,0,0,0.040576701371083844,LOW,Benign
12/28/23 17:21,12/28/23 17:21,,,AssocProvider.dll,,,,|AssocProvider.dll,1749757584.0,Basic_Info_Changed / Content_Indexed_Attr_Changed / File_Closed / File_Deleted,0x001600000000C6AB,0x000300000000C8D0,usnjrnl_only,False,,,,,,,,,False,FALSE,FALSE,FALSE,,FALSE,,FALSE,True,False,False,False,17,False,308,1736,305,0,False,True,True,True,True,0,,1,3,0,0,0,0,0,0.029540763940562008,LOW,Benign
12/28/23 17:21,12/28/23 17:21,,,CbsProvider.dll,,,,|CbsProvider.dll,1749757680.0,Basic_Info_Changed / Content_Indexed_Attr_Changed,0x000200000000C8D4,0x000300000000C8D0,usnjrnl_only,False,,,,,,,,,False,FALSE,FALSE,FALSE,,FALSE,,FALSE,True,False,False,False,15,False,308,1736,305,0,False,True,True,False,False,0,,1,2,0,0,0,0,0,0.040576701371083844,LOW,Benign
12/28/23 17:21,12/28/23 17:21,,,CbsProvider.dll,,,,|CbsProvider.dll,1749757776.0,Basic_Info_Changed / Content_Indexed_Attr_Changed / File_Closed / File_Deleted,0x000200000000C8D4,0x000300000000C8D0,usnjrnl_only,False,,,,,,,,,False,FALSE,FALSE,FALSE,,FALSE,,FALSE,True,False,False,False,15,False,308,1736,305,0,False,True,True,True,True,0,,1,3,0,0,0,0,0,0.029540763940562008,LOW,Benign
12/28/23 17:21,12/28/23 17:21,,,DismCore.dll,,,,|DismCore.dll,1749757952.0,Basic_Info_Changed / Content_Indexed_Attr_Changed,0x000200000000C8D5,0x000300000000C8D0,usnjrnl_only,False,,,,,,,,,False,FALSE,FALSE,FALSE,,FALSE,,FALSE,True,False,False,False,12,False,308,1736,305,0,False,True,True,False,False,0,,1,2,0,0,0,0,0,0.040576701371083844,LOW,Benign
12/28/23 17:21,12/28/23 17:21,,,DismCore.dll,,,,|DismCore.dll,1749758040.0,Basic_Info_Changed / Content_Indexed_Attr_Changed / File_Closed / File_Deleted,0x000200000000C8D5,0x000300000000C8D0,usnjrnl_only,False,,,,,,,,,False,FALSE,FALSE,FALSE,,FALSE,,FALSE,True,False,False,False,12,False,308,1736,305,0,False,True,True,True,True,0,,1,3,0,0,0,0,0,0.029540763940562008,LOW,Benign
12/28/23 17:21,12/28/23 17:21,,,DismCorePS.dll,,,,|DismCorePS.dll,1749758128.0,Basic_Info_Changed / Content_Indexed_Attr_Changed,0x000200000000C8D6,0x000300000000C8D0,usnjrnl_only,False,,,,,,,,,False,FALSE,FALSE,FALSE,,FALSE,,FALSE,True,False,False,False,14,False,308,1736,305,0,False,True,True,False,False,0,,1,2,0,0,0,0,0,0.040576701371083844,LOW,Benign
12/28/23 17:21,12/28/23 17:21,,,DismCorePS.dll,,,,|DismCorePS.dll,1749758216.0,Basic_Info_Changed / Content_Indexed_Attr_Changed / File_Closed / File_Deleted,0x000200000000C8D6,0x000300000000C8D0,usnjrnl_only,False,,,,,,,,,False,FALSE,FALSE,FALSE,,FALSE,,FALSE,True,False,False,False,14,False,308,1736,305,0,False,True,True,True,True,0,,1,3,0,0,0,0,0,0.029540763940562008,LOW,Benign
12/28/23 17:21,12/28/23 17:21,,,DismHost.exe,,,,|DismHost.exe,1749758304.0,Basic_Info_Changed / Content_Indexed_Attr_Changed,0x000400000000C8D8,0x000300000000C8D0,usnjrnl_only,False,,,,,,,,,False,FALSE,FALSE,FALSE,,FALSE,,FALSE,True,False,False,False,12,False,308,1736,305,0,False,True,True,False,False,0,,1,2,0,0,0,0,0,0.040576701371083844,LOW,Benign
12/28/23 17:21,12/28/23 17:21,,,DismHost.exe,,,,|DismHost.exe,1749758392.0,Basic_Info_Changed / Content_Indexed_Attr_Changed / File_Closed / File_Deleted,0x000400000000C8D8,0x000300000000C8D0,usnjrnl_only,False,,,,,,,,,False,FALSE,FALSE,FALSE,,FALSE,,FALSE,True,False,False,False,12,False,308,1736,305,0,False,True,True,True,True,0,,1,3,0,0,0,0,0,0.029540763940562008,LOW,Benign
12/28/23 17:21,12/28/23 17:21,,,DismProv.dll,,,,|DismProv.dll,1749758480.0,Basic_Info_Changed / Content_Indexed_Attr_Changed,0x000300000000C8D9,0x000300000000C8D0,usnjrnl_only,False,,,,,,,,,False,FALSE,FALSE,FALSE,,FALSE,,FALSE,True,False,False,False,12,False,308,1736,305,0,False,True,True,False,False,0,,1,2,0,0,0,0,0,0.040576701371083844,LOW,Benign
12/28/23 17:21,12/28/23 17:21,,,DismProv.dll,,,,|DismProv.dll,1749758568.0,Basic_Info_Changed / Content_Indexed_Attr_Changed / File_Closed / File_Deleted,0x000300000000C8D9,0x000300000000C8D0,usnjrnl_only,False,,,,,,,,,False,FALSE,FALSE,FALSE,,FALSE,,FALSE,True,False,False,False,12,False,308,1736,305,0,False,True,True,True,True,0,,1,3,0,0,0,0,0,0.029540763940562008,LOW,Benign
12/28/23 17:21,12/28/23 17:21,,,DmiProvider.dll,,,,|DmiProvider.dll,1749758656.0,Basic_Info_Changed / Content_Indexed_Attr_Changed,0x000200000000C8DE,0x000300000000C8D0,usnjrnl_only,False,,,,,,,,,False,FALSE,FALSE,FALSE,,FALSE,,FALSE,True,False,False,False,15,False,308,1736,305,0,False,True,True,False,False,0,,1,2,0,0,0,0,0,0.040576701371083844,LOW,Benign
12/28/23 17:21,12/28/23 17:21,,,DmiProvider.dll,,,,|DmiProvider.dll,1749758752.0,Basic_Info_Changed / Content_Indexed_Attr_Changed / File_Closed / File_Deleted,0x000200000000C8DE,0x000300000000C8D0,usnjrnl_only,False,,,,,,,,,False,FALSE,FALSE,FALSE,,FALSE,,FALSE,True,False,False,False,15,False,308,1736,305,0,False,True,True,True,True,0,,1,3,0,0,0,0,0,0.029540763940562008,LOW,Benign
12/28/23 17:21,12/28/23 17:21,,,AppxProvider.dll.mui,,,,|AppxProvider.dll.mui,1749758848.0,Basic_Info_Changed / Content_Indexed_Attr_Changed,0x000200000000C8E5,0x000300000000C8E1,usnjrnl_only,False,,,,,,,,,False,FALSE,FALSE,FALSE,,FALSE,,FALSE,False,False,False,False,20,False,627,1736,305,0,False,True,True,False,False,0,,1,2,0,0,0,0,0,0.0298144208085607,LOW,Benign
12/28/23 17:21,12/28/23 17:21,,,AppxProvider.dll.mui,,,,|AppxProvider.dll.mui,1749758952.0,Basic_Info_Changed / Content_Indexed_Attr_Changed / File_Closed / File_Deleted,0x000200000000C8E5,0x000300000000C8E1,usnjrnl_only,False,,,,,,,,,False,FALSE,FALSE,FALSE,,FALSE,,FALSE,False,False,False,False,20,False,627,1736,305,0,False,True,True,True,True,0,,1,3,0,0,0,0,0,0.029540763940562008,LOW,Benign
12/28/23 17:21,12/28/23 17:21,,,AssocProvider.dll.mui,,,,|AssocProvider.dll.mui,1749759056.0,Basic_Info_Changed / Content_Indexed_Attr_Changed,0x000200000000C8E7,0x000300000000C8E1,usnjrnl_only,False,,,,,,,,,False,FALSE,FALSE,FALSE,,FALSE,,FALSE,False,False,False,False,21,False,627,1736,305,0,False,True,True,False,False,0,,1,2,0,0,0,0,0,0.0298144208085607,LOW,Benign
12/28/23 17:21,12/28/23 17:21,,,AssocProvider.dll.mui,,,,|AssocProvider.dll.mui,1749759160.0,Basic_Info_Changed / Content_Indexed_Attr_Changed / File_Closed / File_Deleted,0x000200000000C8E7,0x000300000000C8E1,usnjrnl_only,False,,,,,,,,,False,FALSE,FALSE,FALSE,,FALSE,,FALSE,False,False,False,False,21,False,627,1736,305,0,False,True,True,True,True,0,,1,3,0,0,0,0,0,0.029540763940562008,LOW,Benign
12/28/23 17:21,12/28/23 17:21,,,DismCore.dll.mui,,,,|DismCore.dll.mui,1749759264.0,Basic_Info_Changed / Content_Indexed_Attr_Changed,0x000200000000C8E9,0x000300000000C8E1,usnjrnl_only,False,,,,,,,,,False,FALSE,FALSE,FALSE,,FALSE,,FALSE,False,False,False,False,16,False,628,1736,305,0,False,True,True,False,False,0,,1,2,0,0,0,0,0,0.0298144208085607,LOW,Benign
12/28/23 17:21,12/28/23 17:21,,,DismCore.dll.mui,,,,|DismCore.dll.mui,1749759360.0,Basic_Info_Changed / Content_Indexed_Attr_Changed / File_Closed / File_Deleted,0x000200000000C8E9,0x000300000000C8E1,usnjrnl_only,False,,,,,,,,,False,FALSE,FALSE,FALSE,,FALSE,,FALSE,False,False,False,False,16,False,628,1736,305,0,False,True,True,True,True,0,,1,3,0,0,0,0,0,0.029540763940562008,LOW,Benign
12/28/23 17:21,12/28/23 17:21,,,DismProv.dll.mui,,,,|DismProv.dll.mui,1749759456.0,Basic_Info_Changed / Content_Indexed_Attr_Changed,0x000200000000C8EB,0x000300000000C8E1,usnjrnl_only,False,,,,,,,,,False,FALSE,FALSE,FALSE,,FALSE,,FALSE,False,False,False,False,16,False,628,1736,305,0,False,True,True,False,False,0,,1,2,0,0,0,0,0,0.0298144208085607,LOW,Benign
12/28/23 17:21,12/28/23 17:21,,,DismProv.dll.mui,,,,|DismProv.dll.mui,1749759552.0,Basic_Info_Changed / Content_Indexed_Attr_Changed / File_Closed / File_Deleted,0x000200000000C8EB,0x000300000000C8E1,usnjrnl_only,False,,,,,,,,,False,FALSE,FALSE,FALSE,,FALSE,,FALSE,False,False,False,False,16,False,628,1736,305,0,False,True,True,True,True,0,,1,3,0,0,0,0,0,0.029540763940562008,LOW,Benign
12/28/23 17:21,12/28/23 17:21,,,FolderProvider.dll.mui,,,,|FolderProvider.dll.mui,1749759648.0,Basic_Info_Changed / Content_Indexed_Attr_Changed,0x000200000000C8EC,0x000300000000C8E1,usnjrnl_only,False,,,,,,,,,False,FALSE,FALSE,FALSE,,FALSE,,FALSE,False,False,False,False,22,False,628,1736,305,0,False,True,True,False,False,0,,1,2,0,0,0,0,0,0.0298144208085607,LOW,Benign
12/28/23 17:21,12/28/23 17:21,,,FolderProvider.dll.mui,,,,|FolderProvider.dll.mui,1749759752.0,Basic_Info_Changed / Content_Indexed_Attr_Changed / File_Closed / File_Deleted,0x000200000000C8EC,0x000300000000C8E1,usnjrnl_only,False,,,,,,,,,False,FALSE,FALSE,FALSE,,FALSE,,FALSE,False,False,False,False,22,False,628,1736,305,0,False,True,True,True,True,0,,1,3,0,0,0,0,0,0.029540763940562008,LOW,Benign
12/28/23 17:21,12/28/23 17:21,,,IBSProvider.dll.mui,,,,|IBSProvider.dll.mui,1749759856.0,Basic_Info_Changed / Content_Indexed_Attr_Changed,0x000200000000C8ED,0x000300000000C8E1,usnjrnl_only,False,,,,,,,,,False,FALSE,FALSE,FALSE,,FALSE,,FALSE,False,False,False,False,19,False,308,1736,305,0,False,True,True,False,False,0,,1,2,0,0,0,0,0,0.0298144208085607,LOW,Benign
12/28/23 17:21,12/28/23 17:21,,,IBSProvider.dll.mui,,,,|IBSProvider.dll.mui,1749759960.0,Basic_Info_Changed / Content_Indexed_Attr_Changed / File_Closed / File_Deleted,0x000200000000C8ED,0x000300000000C8E1,usnjrnl_only,False,,,,,,,,,False,FALSE,FALSE,FALSE,,FALSE,,FALSE,False,False,False,False,19,False,308,1736,305,0,False,True,True,True,True,0,,1,3,0,0,0,0,0,0.029540763940562008,LOW,Benign
12/28/23 17:21,12/28/23 17:21,,,LogProvider.dll.mui,,,,|LogProvider.dll.mui,1749760064.0,Basic_Info_Changed / Content_Indexed_Attr_Changed,0x000200000000C8EF,0x000300000000C8E1,usnjrnl_only,False,,,,,,,,,False,FALSE,FALSE,FALSE,,FALSE,,FALSE,False,False,False,False,19,False,627,1736,305,0,False,True,True,False,False,0,,1,2,0,0,0,0,0,0.0298144208085607,LOW,Benign
12/28/23 17:21,12/28/23 17:21,,,LogProvider.dll.mui,,,,|LogProvider.dll.mui,1749760168.0,Basic_Info_Changed / Content_Indexed_Attr_Changed / File_Closed / File_Deleted,0x000200000000C8EF,0x000300000000C8E1,usnjrnl_only,False,,,,,,,,,False,FALSE,FALSE,FALSE,,FALSE,,FALSE,False,False,False,False,19,False,627,1736,305,0,False,True,True,True,True,0,,1,3,0,0,0,0,0,0.029540763940562008,LOW,Benign
12/28/23 17:21,12/28/23 17:21,,,MsiProvider.dll.mui,,,,|MsiProvider.dll.mui,1749760272.0,Basic_Info_Changed / Content_Indexed_Attr_Changed,0x000200000000C8F0,0x000300000000C8E1,usnjrnl_only,False,,,,,,,,,False,FALSE,FALSE,FALSE,,FALSE,,FALSE,False,False,False,False,19,False,628,1736,305,0,False,True,True,False,False,0,,1,2,0,0,0,0,0,0.0298144208085607,LOW,Benign
12/28/23 17:21,12/28/23 17:21,,,MsiProvider.dll.mui,,,,|MsiProvider.dll.mui,1749760376.0,Basic_Info_Changed / Content_Indexed_Attr_Changed / File_Closed / File_Deleted,0x000200000000C8F0,0x000300000000C8E1,usnjrnl_only,False,,,,,,,,,False,FALSE,FALSE,FALSE,,FALSE,,FALSE,False,False,False,False,19,False,628,1736,305,0,False,True,True,True,True,0,,1,3,0,0,0,0,0,0.029540763940562008,LOW,Benign
12/28/23 17:21,12/28/23 17:21,,,SetupPlatformProvider.dll.mui,,,,|SetupPlatformProvider.dll.mui,1749760480.0,Basic_Info_Changed / Content_Indexed_Attr_Changed,0x000200000000C8F1,0x000300000000C8E1,usnjrnl_only,False,,,,,,,,,False,FALSE,FALSE,FALSE,,FALSE,,FALSE,False,False,False,False,29,False,628,1736,305,0,False,True,True,False,False,0,,1,2,0,0,0,0,0,0.0298144208085607,LOW,Benign
12/28/23 17:21,12/28/23 17:21,,,SetupPlatformProvider.dll.mui,,,,|SetupPlatformProvider.dll.mui,1749760600.0,Basic_Info_Changed / Content_Indexed_Attr_Changed / File_Closed / File_Deleted,0x000200000000C8F1,0x000300000000C8E1,usnjrnl_only,False,,,,,,,,,False,FALSE,FALSE,FALSE,,FALSE,,FALSE,False,False,False,False,29,False,628,1736,305,0,False,True,True,True,True,0,,1,3,0,0,0,0,0,0.029540763940562008,LOW,Benign
12/28/23 17:21,12/28/23 17:21,,,SysprepProvider.dll.mui,,,,|SysprepProvider.dll.mui,1749760720.0,Basic_Info_Changed / Content_Indexed_Attr_Changed,0x000200000000C8F2,0x000300000000C8E1,usnjrnl_only,False,,,,,,,,,False,FALSE,FALSE,FALSE,,FALSE,,FALSE,False,False,False,False,23,False,308,1736,305,0,False,True,True,False,False,0,,1,2,0,0,0,0,0,0.0298144208085607,LOW,Benign
12/28/23 17:21,12/28/23 17:21,,,SysprepProvider.dll.mui,,,,|SysprepProvider.dll.mui,1749760832.0,Basic_Info_Changed / Content_Indexed_Attr_Changed / File_Closed / File_Deleted,0x000200000000C8F2,0x000300000000C8E1,usnjrnl_only,False,,,,,,,,,False,FALSE,FALSE,FALSE,,FALSE,,FALSE,False,False,False,False,23,False,308,1736,305,0,False,True,True,True,True,0,,1,3,0,0,0,0,0,0.029540763940562008,LOW,Benign
12/28/23 17:21,12/28/23 17:21,,,TransmogProvider.dll.mui,,,,|TransmogProvider.dll.mui,1749760944.0,Basic_Info_Changed / Content_Indexed_Attr_Changed,0x000200000000C8F4,0x000300000000C8E1,usnjrnl_only,False,,,,,,,,,False,FALSE,FALSE,FALSE,,FALSE,,FALSE,False,False,False,False,24,False,628,1736,305,0,False,True,True,False,False,0,,1,2,0,0,0,0,0,0.0298144208085607,LOW,Benign
12/28/23 17:21,12/28/23 17:21,,,TransmogProvider.dll.mui,,,,|TransmogProvider.dll.mui,1749761056.0,Basic_Info_Changed / Content_Indexed_Attr_Changed / File_Closed / File_Deleted,0x000200000000C8F4,0x000300000000C8E1,usnjrnl_only,False,,,,,,,,,False,FALSE,FALSE,FALSE,,FALSE,,FALSE,False,False,False,False,24,False,628,1736,305,0,False,True,True,True,True,0,,1,3,0,0,0,0,0,0.029540763940562008,LOW,Benign
12/28/23 17:21,12/28/23 17:21,,,en-US,,,,|en-US,1749761168.0,Basic_Info_Changed / Content_Indexed_Attr_Changed,0x000300000000C8E1,0x000300000000C8D0,usnjrnl_only,False,,,,,,,,,False,FALSE,FALSE,FALSE,,FALSE,,FALSE,False,False,False,False,5,False,154,1736,305,0,False,True,True,False,False,0,,1,2,0,0,0,0,0,0.0298144208085607,LOW,Benign
12/28/23 17:21,12/28/23 17:21,,,en-US,,,,|en-US,1749761240.0,Basic_Info_Changed / Content_Indexed_Attr_Changed / File_Closed / File_Deleted,0x000300000000C8E1,0x000300000000C8D0,usnjrnl_only,False,,,,,,,,,False,FALSE,FALSE,FALSE,,FALSE,,FALSE,False,False,False,False,5,False,154,1736,305,0,False,True,True,True,True,0,,1,3,0,0,0,0,0,0.029540763940562008,LOW,Benign
12/28/23 17:21,12/28/23 17:21,,,FfuProvider.dll,,,,|FfuProvider.dll,1749761312.0,Basic_Info_Changed / Content_Indexed_Attr_Changed,0x000200000000C8F5,0x000300000000C8D0,usnjrnl_only,False,,,,,,,,,False,FALSE,FALSE,FALSE,,FALSE,,FALSE,True,False,False,False,15,False,308,1736,305,0,False,True,True,False,False,0,,1,2,0,0,0,0,0,0.040576701371083844,LOW,Benign
12/28/23 17:21,12/28/23 17:21,,,FfuProvider.dll,,,,|FfuProvider.dll,1749761408.0,Basic_Info_Changed / Content_Indexed_Attr_Changed / File_Closed / File_Deleted,0x000200000000C8F5,0x000300000000C8D0,usnjrnl_only,False,,,,,,,,,False,FALSE,FALSE,FALSE,,FALSE,,FALSE,True,False,False,False,15,False,308,1736,305,0,False,True,True,True,True,0,,1,3,0,0,0,0,0,0.029540763940562008,LOW,Benign
12/28/23 17:21,12/28/23 17:21,,,FolderProvider.dll,,,,|FolderProvider.dll,1749761504.0,Basic_Info_Changed / Content_Indexed_Attr_Changed,0x000200000000C8F8,0x000300000000C8D0,usnjrnl_only,False,,,,,,,,,False,FALSE,FALSE,FALSE,,FALSE,,FALSE,True,False,False,False,18,False,308,1736,305,0,False,True,True,False,False,0,,1,2,0,0,0,0,0,0.040576701371083844,LOW,Benign
12/28/23 17:21,12/28/23 17:21,,,FolderProvider.dll,,,,|FolderProvider.dll,1749761600.0,Basic_Info_Changed / Content_Indexed_Attr_Changed / File_Closed / File_Deleted,0x000200000000C8F8,0x000300000000C8D0,usnjrnl_only,False,,,,,,,,,False,FALSE,FALSE,FALSE,,FALSE,,FALSE,True,False,False,False,18,False,308,1736,305,0,False,True,True,True,True,0,,1,3,0,0,0,0,0,0.029540763940562008,LOW,Benign
12/28/23 17:21,12/28/23 17:21,,,GenericProvider.dll,,,,|GenericProvider.dll,1749761696.0,Basic_Info_Changed / Content_Indexed_Attr_Changed,0x000400000000C8F9,0x000300000000C8D0,usnjrnl_only,False,,,,,,,,,False,FALSE,FALSE,FALSE,,FALSE,,FALSE,True,False,False,False,19,False,308,1736,305,0,False,True,True,False,False,0,,1,2,0,0,0,0,0,0.040576701371083844,LOW,Benign
12/28/23 17:21,12/28/23 17:21,,,GenericProvider.dll,,,,|GenericProvider.dll,1749761800.0,Basic_Info_Changed / Content_Indexed_Attr_Changed / File_Closed / File_Deleted,0x000400000000C8F9,0x000300000000C8D0,usnjrnl_only,False,,,,,,,,,False,FALSE,FALSE,FALSE,,FALSE,,FALSE,True,False,False,False,19,False,308,1736,305,0,False,True,True,True,True,0,,1,3,0,0,0,0,0,0.029540763940562008,LOW,Benign
12/28/23 17:21,12/28/23 17:21,,,IBSProvider.dll,,,,|IBSProvider.dll,1749761904.0,Basic_Info_Changed / Content_Indexed_Attr_Changed,0x000200000000C8FA,0x000300000000C8D0,usnjrnl_only,False,,,,,,,,,False,FALSE,FALSE,FALSE,,FALSE,,FALSE,True,False,False,False,15,False,308,1736,305,0,False,True,True,False,False,0,,1,2,0,0,0,0,0,0.040576701371083844,LOW,Benign
12/28/23 17:21,12/28/23 17:21,,,IBSProvider.dll,,,,|IBSProvider.dll,1749762048.0,Basic_Info_Changed / Content_Indexed_Attr_Changed / File_Closed / File_Deleted,0x000200000000C8FA,0x000300000000C8D0,usnjrnl_only,False,,,,,,,,,False,FALSE,FALSE,FALSE,,FALSE,,FALSE,True,False,False,False,15,False,308,1736,305,0,False,True,True,True,True,0,,1,3,0,0,0,0,0,0.029540763940562008,LOW,Benign
12/28/23 17:21,12/28/23 17:21,,,ImagingProvider.dll,,,,|ImagingProvider.dll,1749762144.0,Basic_Info_Changed / Content_Indexed_Attr_Changed,0x000200000000C8FB,0x000300000000C8D0,usnjrnl_only,False,,,,,,,,,False,FALSE,FALSE,FALSE,,FALSE,,FALSE,True,False,False,False,19,False,308,1736,305,0,False,True,True,False,False,0,,1,2,0,0,0,0,0,0.040576701371083844,LOW,Benign
12/28/23 17:21,12/28/23 17:21,,,ImagingProvider.dll,,,,|ImagingProvider.dll,1749762248.0,Basic_Info_Changed / Content_Indexed_Attr_Changed / File_Closed / File_Deleted,0x000200000000C8FB,0x000300000000C8D0,usnjrnl_only,False,,,,,,,,,False,FALSE,FALSE,FALSE,,FALSE,,FALSE,True,False,False,False,19,False,308,1736,305,0,False,True,True,True,True,0,,1,3,0,0,0,0,0,0.029540763940562008,LOW,Benign
12/28/23 17:21,12/28/23 17:21,,,IntlProvider.dll,,,,|IntlProvider.dll,1749762352.0,Basic_Info_Changed / Content_Indexed_Attr_Changed,0x000200000000C8FC,0x000300000000C8D0,usnjrnl_only,False,,,,,,,,,False,FALSE,FALSE,FALSE,,FALSE,,FALSE,True,False,False,False,16,False,309,1736,305,0,False,True,True,False,False,0,,1,2,0,0,0,0,0,0.040576701371083844,LOW,Benign
12/28/23 17:21,12/28/23 17:21,,,IntlProvider.dll,,,,|IntlProvider.dll,1749762448.0,Basic_Info_Changed / Content_Indexed_Attr_Changed / File_Closed / File_Deleted,0x000200000000C8FC,0x000300000000C8D0,usnjrnl_only,False,,,,,,,,,False,FALSE,FALSE,FALSE,,FALSE,,FALSE,True,False,False,False,16,False,309,1736,305,0,False,True,True,True,True,0,,1,3,0,0,0,0,0,0.029540763940562008,LOW,Benign
12/28/23 17:21,12/28/23 17:21,,,AppxProvider.dll.mui,,,,|AppxProvider.dll.mui,1749762544.0,Basic_Info_Changed / Content_Indexed_Attr_Changed,0x000200000000C901,0x000200000000C8FD,usnjrnl_only,False,,,,,,,,,False,FALSE,FALSE,FALSE,,FALSE,,FALSE,False,False,False,False,20,False,627,1736,305,0,False,True,True,False,False,0,,1,2,0,0,0,0,0,0.0298144208085607,LOW,Benign
12/28/23 17:21,12/28/23 17:21,,,AppxProvider.dll.mui,,,,|AppxProvider.dll.mui,1749762648.0,Basic_Info_Changed / Content_Indexed_Attr_Changed / File_Closed / File_Deleted,0x000200000000C901,0x000200000000C8FD,usnjrnl_only,False,,,,,,,,,False,FALSE,FALSE,FALSE,,FALSE,,FALSE,False,False,False,False,20,False,627,1736,305,0,False,True,True,True,True,0,,1,3,0,0,0,0,0,0.029540763940562008,LOW,Benign
12/28/23 17:21,12/28/23 17:21,,,AssocProvider.dll.mui,,,,|AssocProvider.dll.mui,1749762752.0,Basic_Info_Changed / Content_Indexed_Attr_Changed,0x000200000000C90B,0x000200000000C8FD,usnjrnl_only,False,,,,,,,,,False,FALSE,FALSE,FALSE,,FALSE,,FALSE,False,False,False,False,21,False,627,1736,305,0,False,True,True,False,False,0,,1,2,0,0,0,0,0,0.0298144208085607,LOW,Benign
12/28/23 17:21,12/28/23 17:21,,,AssocProvider.dll.mui,,,,|AssocProvider.dll.mui,1749762856.0,Basic_Info_Changed / Content_Indexed_Attr_Changed / File_Closed / File_Deleted,0x000200000000C90B,0x000200000000C8FD,usnjrnl_only,False,,,,,,,,,False,FALSE,FALSE,FALSE,,FALSE,,FALSE,False,False,False,False,21,False,627,1736,305,0,False,True,True,True,True,0,,1,3,0,0,0,0,0,0.029540763940562008,LOW,Benign
12/28/23 17:21,12/28/23 17:21,,,CbsProvider.dll.mui,,,,|CbsProvider.dll.mui,1749762960.0,Basic_Info_Changed / Content_Indexed_Attr_Changed,0x000200000000C90F,0x000200000000C8FD,usnjrnl_only,False,,,,,,,,,False,FALSE,FALSE,FALSE,,FALSE,,FALSE,False,False,False,False,19,False,308,1736,305,0,False,True,True,False,False,0,,1,2,0,0,0,0,0,0.0298144208085607,LOW,Benign
12/28/23 17:21,12/28/23 17:21,,,CbsProvider.dll.mui,,,,|CbsProvider.dll.mui,1749763064.0,Basic_Info_Changed / Content_Indexed_Attr_Changed / File_Closed / File_Deleted,0x000200000000C90F,0x000200000000C8FD,usnjrnl_only,False,,,,,,,,,False,FALSE,FALSE,FALSE,,FALSE,,FALSE,False,False,False,False,19,False,308,1736,305,0,False,True,True,True,True,0,,1,3,0,0,0,0,0,0.029540763940562008,LOW,Benign
12/28/23 17:21,12/28/23 17:21,,,DismCore.dll.mui,,,,|DismCore.dll.mui,1749763168.0,Basic_Info_Changed / Content_Indexed_Attr_Changed,0x000200000000C912,0x000200000000C8FD,usnjrnl_only,False,,,,,,,,,False,FALSE,FALSE,FALSE,,FALSE,,FALSE,False,False,False,False,16,False,628,1736,305,0,False,True,True,False,False,0,,1,2,0,0,0,0,0,0.0298144208085607,LOW,Benign
12/28/23 17:21,12/28/23 17:21,,,DismCore.dll.mui,,,,|DismCore.dll.mui,1749763264.0,Basic_Info_Changed / Content_Indexed_Attr_Changed / File_Closed / File_Deleted,0x000200000000C912,0x000200000000C8FD,usnjrnl_only,False,,,,,,,,,False,FALSE,FALSE,FALSE,,FALSE,,FALSE,False,False,False,False,16,False,628,1736,305,0,False,True,True,True,True,0,,1,3,0,0,0,0,0,0.029540763940562008,LOW,Benign
12/28/23 17:21,12/28/23 17:21,,,DismProv.dll.mui,,,,|DismProv.dll.mui,1749763360.0,Basic_Info_Changed / Content_Indexed_Attr_Changed,0x000300000000C913,0x000200000000C8FD,usnjrnl_only,False,,,,,,,,,False,FALSE,FALSE,FALSE,,FALSE,,FALSE,False,False,False,False,16,False,628,1736,305,0,False,True,True,False,False,0,,1,2,0,0,0,0,0,0.0298144208085607,LOW,Benign
12/28/23 17:21,12/28/23 17:21,,,DismProv.dll.mui,,,,|DismProv.dll.mui,1749763456.0,Basic_Info_Changed / Content_Indexed_Attr_Changed / File_Closed / File_Deleted,0x000300000000C913,0x000200000000C8FD,usnjrnl_only,False,,,,,,,,,False,FALSE,FALSE,FALSE,,FALSE,,FALSE,False,False,False,False,16,False,628,1736,305,0,False,True,True,True,True,0,,1,3,0,0,0,0,0,0.029540763940562008,LOW,Benign
12/28/23 17:21,12/28/23 17:21,,,DmiProvider.dll.mui,,,,|DmiProvider.dll.mui,1749763552.0,Basic_Info_Changed / Content_Indexed_Attr_Changed,0x000200000000C916,0x000200000000C8FD,usnjrnl_only,False,,,,,,,,,False,FALSE,FALSE,FALSE,,FALSE,,FALSE,False,False,False,False,19,False,309,1736,305,0,False,True,True,False,False,0,,1,2,0,0,0,0,0,0.0298144208085607,LOW,Benign
12/28/23 17:21,12/28/23 17:21,,,DmiProvider.dll.mui,,,,|DmiProvider.dll.mui,1749763656.0,Basic_Info_Changed / Content_Indexed_Attr_Changed / File_Closed / File_Deleted,0x000200000000C916,0x000200000000C8FD,usnjrnl_only,False,,,,,,,,,False,FALSE,FALSE,FALSE,,FALSE,,FALSE,False,False,False,False,19,False,309,1736,305,0,False,True,True,True,True,0,,1,3,0,0,0,0,0,0.029540763940562008,LOW,Benign
12/28/23 17:21,12/28/23 17:21,,,FfuProvider.dll.mui,,,,|FfuProvider.dll.mui,1749763760.0,Basic_Info_Changed / Content_Indexed_Attr_Changed,0x000200000000C917,0x000200000000C8FD,usnjrnl_only,False,,,,,,,,,False,FALSE,FALSE,FALSE,,FALSE,,FALSE,False,False,False,False,19,False,308,1736,305,0,False,True,True,False,False,0,,1,2,0,0,0,0,0,0.0298144208085607,LOW,Benign
12/28/23 17:21,12/28/23 17:21,,,FfuProvider.dll.mui,,,,|FfuProvider.dll.mui,1749763864.0,Basic_Info_Changed / Content_Indexed_Attr_Changed / File_Closed / File_Deleted,0x000200000000C917,0x000200000000C8FD,usnjrnl_only,False,,,,,,,,,False,FALSE,FALSE,FALSE,,FALSE,,FALSE,False,False,False,False,19,False,308,1736,305,0,False,True,True,True,True,0,,1,3,0,0,0,0,0,0.029540763940562008,LOW,Benign
12/28/23 17:21,12/28/23 17:21,,,FolderProvider.dll.mui,,,,|FolderProvider.dll.mui,1749763968.0,Basic_Info_Changed / Content_Indexed_Attr_Changed,0x000300000000C919,0x000200000000C8FD,usnjrnl_only,False,,,,,,,,,False,FALSE,FALSE,FALSE,,FALSE,,FALSE,False,False,False,False,22,False,628,1736,305,0,False,True,True,False,False,0,,1,2,0,0,0,0,0,0.0298144208085607,LOW,Benign
12/28/23 17:21,12/28/23 17:21,,,FolderProvider.dll.mui,,,,|FolderProvider.dll.mui,1749764072.0,Basic_Info_Changed / Content_Indexed_Attr_Changed / File_Closed / File_Deleted,0x000300000000C919,0x000200000000C8FD,usnjrnl_only,False,,,,,,,,,False,FALSE,FALSE,FALSE,,FALSE,,FALSE,False,False,False,False,22,False,628,1736,305,0,False,True,True,True,True,0,,1,3,0,0,0,0,0,0.029540763940562008,LOW,Benign
12/28/23 17:21,12/28/23 17:21,,,GenericProvider.dll.mui,,,,|GenericProvider.dll.mui,1749764176.0,Basic_Info_Changed / Content_Indexed_Attr_Changed,0x000300000000C91B,0x000200000000C8FD,usnjrnl_only,False,,,,,,,,,False,FALSE,FALSE,FALSE,,FALSE,,FALSE,False,False,False,False,23,False,309,1736,305,0,False,True,True,False,False,0,,1,2,0,0,0,0,0,0.0298144208085607,LOW,Benign
12/28/23 17:21,12/28/23 17:21,,,GenericProvider.dll.mui,,,,|GenericProvider.dll.mui,1749764288.0,Basic_Info_Changed / Content_Indexed_Attr_Changed / File_Closed / File_Deleted,0x000300000000C91B,0x000200000000C8FD,usnjrnl_only,False,,,,,,,,,False,FALSE,FALSE,FALSE,,FALSE,,FALSE,False,False,False,False,23,False,309,1736,305,0,False,True,True,True,True,0,,1,3,0,0,0,0,0,0.029540763940562008,LOW,Benign
12/28/23 17:21,12/28/23 17:21,,,ImagingProvider.dll.mui,,,,|ImagingProvider.dll.mui,1749764400.0,Basic_Info_Changed / Content_Indexed_Attr_Changed,0x000200000000C91C,0x000200000000C8FD,usnjrnl_only,False,,,,,,,,,False,FALSE,FALSE,FALSE,,FALSE,,FALSE,False,False,False,False,23,False,308,1736,305,0,False,True,True,False,False,0,,1,2,0,0,0,0,0,0.0298144208085607,LOW,Benign
12/28/23 17:21,12/28/23 17:21,,,ImagingProvider.dll.mui,,,,|ImagingProvider.dll.mui,1749764512.0,Basic_Info_Changed / Content_Indexed_Attr_Changed / File_Closed / File_Deleted,0x000200000000C91C,0x000200000000C8FD,usnjrnl_only,False,,,,,,,,,False,FALSE,FALSE,FALSE,,FALSE,,FALSE,False,False,False,False,23,False,308,1736,305,0,False,True,True,True,True,0,,1,3,0,0,0,0,0,0.029540763940562008,LOW,Benign
12/28/23 17:21,12/28/23 17:21,,,IntlProvider.dll.mui,,,,|IntlProvider.dll.mui,1749764624.0,Basic_Info_Changed / Content_Indexed_Attr_Changed,0x000200000000C91D,0x000200000000C8FD,usnjrnl_only,False,,,,,,,,,False,FALSE,FALSE,FALSE,,FALSE,,FALSE,False,False,False,False,20,False,309,1736,305,0,False,True,True,False,False,0,,1,2,0,0,0,0,0,0.0298144208085607,LOW,Benign
12/28/23 17:21,12/28/23 17:21,,,IntlProvider.dll.mui,,,,|IntlProvider.dll.mui,1749764728.0,Basic_Info_Changed / Content_Indexed_Attr_Changed / File_Closed / File_Deleted,0x000200000000C91D,0x000200000000C8FD,usnjrnl_only,False,,,,,,,,,False,FALSE,FALSE,FALSE,,FALSE,,FALSE,False,False,False,False,20,False,309,1736,305,0,False,True,True,True,True,0,,1,3,0,0,0,0,0,0.029540763940562008,LOW,Benign
12/28/23 17:21,12/28/23 17:21,,,LogProvider.dll.mui,,,,|LogProvider.dll.mui,1749764832.0,Basic_Info_Changed / Content_Indexed_Attr_Changed,0x000300000000C91E,0x000200000000C8FD,usnjrnl_only,False,,,,,,,,,False,FALSE,FALSE,FALSE,,FALSE,,FALSE,False,False,False,False,19,False,627,1736,305,0,False,True,True,False,False,0,,1,2,0,0,0,0,0,0.0298144208085607,LOW,Benign
12/28/23 17:21,12/28/23 17:21,,,LogProvider.dll.mui,,,,|LogProvider.dll.mui,1749764936.0,Basic_Info_Changed / Content_Indexed_Attr_Changed / File_Closed / File_Deleted,0x000300000000C91E,0x000200000000C8FD,usnjrnl_only,False,,,,,,,,,False,FALSE,FALSE,FALSE,,FALSE,,FALSE,False,False,False,False,19,False,627,1736,305,0,False,True,True,True,True,0,,1,3,0,0,0,0,0,0.029540763940562008,LOW,Benign
12/28/23 17:21,12/28/23 17:21,,,MsiProvider.dll.mui,,,,|MsiProvider.dll.mui,1749765040.0,Basic_Info_Changed / Content_Indexed_Attr_Changed,0x000200000000C920,0x000200000000C8FD,usnjrnl_only,False,,,,,,,,,False,FALSE,FALSE,FALSE,,FALSE,,FALSE,False,False,False,False,19,False,628,1736,305,0,False,True,True,False,False,0,,1,2,0,0,0,0,0,0.0298144208085607,LOW,Benign
12/28/23 17:21,12/28/23 17:21,,,MsiProvider.dll.mui,,,,|MsiProvider.dll.mui,1749765144.0,Basic_Info_Changed / Content_Indexed_Attr_Changed / File_Closed / File_Deleted,0x000200000000C920,0x000200000000C8FD,usnjrnl_only,False,,,,,,,,,False,FALSE,FALSE,FALSE,,FALSE,,FALSE,False,False,False,False,19,False,628,1736,305,0,False,True,True,True,True,0,,1,3,0,0,0,0,0,0.029540763940562008,LOW,Benign
12/28/23 17:21,12/28/23 17:21,,,OfflineSetupProvider.dll.mui,,,,|OfflineSetupProvider.dll.mui,1749765248.0,Basic_Info_Changed / Content_Indexed_Attr_Changed,0x000300000000C921,0x000200000000C8FD,usnjrnl_only,False,,,,,,,,,False,FALSE,FALSE,FALSE,,FALSE,,FALSE,False,False,False,False,28,False,308,1736,305,0,False,True,True,False,False,0,,1,2,0,0,0,0,0,0.0298144208085607,LOW,Benign
12/28/23 17:21,12/28/23 17:21,,,OfflineSetupProvider.dll.mui,,,,|OfflineSetupProvider.dll.mui,1749765368.0,Basic_Info_Changed / Content_Indexed_Attr_Changed / File_Closed / File_Deleted,0x000300000000C921,0x000200000000C8FD,usnjrnl_only,False,,,,,,,,,False,FALSE,FALSE,FALSE,,FALSE,,FALSE,False,False,False,False,28,False,308,1736,305,0,False,True,True,True,True,0,,1,3,0,0,0,0,0,0.029540763940562008,LOW,Benign
12/28/23 17:21,12/28/23 17:21,,,OSProvider.dll.mui,,,,|OSProvider.dll.mui,1749765488.0,Basic_Info_Changed / Content_Indexed_Attr_Changed,0x000200000000C923,0x000200000000C8FD,usnjrnl_only,False,,,,,,,,,False,FALSE,FALSE,FALSE,,FALSE,,FALSE,False,False,False,False,18,False,308,1736,305,0,False,True,True,False,False,0,,1,2,0,0,0,0,0,0.0298144208085607,LOW,Benign
12/28/23 17:21,12/28/23 17:21,,,OSProvider.dll.mui,,,,|OSProvider.dll.mui,1749765584.0,Basic_Info_Changed / Content_Indexed_Attr_Changed / File_Closed / File_Deleted,0x000200000000C923,0x000200000000C8FD,usnjrnl_only,False,,,,,,,,,False,FALSE,FALSE,FALSE,,FALSE,,FALSE,False,False,False,False,18,False,308,1736,305,0,False,True,True,True,True,0,,1,3,0,0,0,0,0,0.029540763940562008,LOW,Benign
12/28/23 17:21,12/28/23 17:21,,,ProvProvider.dll.mui,,,,|ProvProvider.dll.mui,1749765680.0,Basic_Info_Changed / Content_Indexed_Attr_Changed,0x000400000000C927,0x000200000000C8FD,usnjrnl_only,False,,,,,,,,,False,FALSE,FALSE,FALSE,,FALSE,,FALSE,False,False,False,False,20,False,308,1736,305,0,False,True,True,False,False,0,,1,2,0,0,0,0,0,0.0298144208085607,LOW,Benign
12/28/23 17:21,12/28/23 17:21,,,ProvProvider.dll.mui,,,,|ProvProvider.dll.mui,1749765784.0,Basic_Info_Changed / Content_Indexed_Attr_Changed / File_Closed / File_Deleted,0x000400000000C927,0x000200000000C8FD,usnjrnl_only,False,,,,,,,,,False,FALSE,FALSE,FALSE,,FALSE,,FALSE,False,False,False,False,20,False,308,1736,305,0,False,True,True,True,True,0,,1,3,0,0,0,0,0,0.029540763940562008,LOW,Benign
12/28/23 17:21,12/28/23 17:21,,,SetupPlatformProvider.dll.mui,,,,|SetupPlatformProvider.dll.mui,1749765888.0,Basic_Info_Changed / Content_Indexed_Attr_Changed,0x000200000000C929,0x000200000000C8FD,usnjrnl_only,False,,,,,,,,,False,FALSE,FALSE,FALSE,,FALSE,,FALSE,False,False,False,False,29,False,628,1736,305,0,False,True,True,False,False,0,,1,2,0,0,0,0,0,0.0298144208085607,LOW,Benign
12/28/23 17:21,12/28/23 17:21,,,SetupPlatformProvider.dll.mui,,,,|SetupPlatformProvider.dll.mui,1749766008.0,Basic_Info_Changed / Content_Indexed_Attr_Changed / File_Closed / File_Deleted,0x000200000000C929,0x000200000000C8FD,usnjrnl_only,False,,,,,,,,,False,FALSE,FALSE,FALSE,,FALSE,,FALSE,False,False,False,False,29,False,628,1736,305,0,False,True,True,True,True,0,,1,3,0,0,0,0,0,0.029540763940562008,LOW,Benign
12/28/23 17:21,12/28/23 17:21,,,SmiProvider.dll.mui,,,,|SmiProvider.dll.mui,1749766144.0,Basic_Info_Changed / Content_Indexed_Attr_Changed,0x000200000000C92F,0x000200000000C8FD,usnjrnl_only,False,,,,,,,,,False,FALSE,FALSE,FALSE,,FALSE,,FALSE,False,False,False,False,19,False,309,1736,305,0,False,True,True,False,False,0,,1,2,0,0,0,0,0,0.0298144208085607,LOW,Benign
12/28/23 17:21,12/28/23 17:21,,,SmiProvider.dll.mui,,,,|SmiProvider.dll.mui,1749766248.0,Basic_Info_Changed / Content_Indexed_Attr_Changed / File_Closed / File_Deleted,0x000200000000C92F,0x000200000000C8FD,usnjrnl_only,False,,,,,,,,,False,FALSE,FALSE,FALSE,,FALSE,,FALSE,False,False,False,False,19,False,309,1736,305,0,False,True,True,True,True,0,,1,3,0,0,0,0,0,0.029540763940562008,LOW,Benign
12/28/23 17:21,12/28/23 17:21,,,TransmogProvider.dll.mui,,,,|TransmogProvider.dll.mui,1749766352.0,Basic_Info_Changed / Content_Indexed_Attr_Changed,0x000200000000C931,0x000200000000C8FD,usnjrnl_only,False,,,,,,,,,False,FALSE,FALSE,FALSE,,FALSE,,FALSE,False,False,False,False,24,False,628,1736,305,0,False,True,True,False,False,0,,1,2,0,0,0,0,0,0.0298144208085607,LOW,Benign
12/28/23 17:21,12/28/23 17:21,,,TransmogProvider.dll.mui,,,,|TransmogProvider.dll.mui,1749766464.0,Basic_Info_Changed / Content_Indexed_Attr_Changed / File_Closed / File_Deleted,0x000200000000C931,0x000200000000C8FD,usnjrnl_only,False,,,,,,,,,False,FALSE,FALSE,FALSE,,FALSE,,FALSE,False,False,False,False,24,False,628,1736,305,0,False,True,True,True,True,0,,1,3,0,0,0,0,0,0.029540763940562008,LOW,Benign
12/28/23 17:21,12/28/23 17:21,,,UnattendProvider.dll.mui,,,,|UnattendProvider.dll.mui,1749766576.0,Basic_Info_Changed / Content_Indexed_Attr_Changed,0x000200000000C935,0x000200000000C8FD,usnjrnl_only,False,,,,,,,,,False,FALSE,FALSE,FALSE,,FALSE,,FALSE,False,False,False,False,24,False,308,1736,305,0,False,True,True,False,False,0,,1,2,0,0,0,0,0,0.0298144208085607,LOW,Benign
12/28/23 17:21,12/28/23 17:21,,,UnattendProvider.dll.mui,,,,|UnattendProvider.dll.mui,1749766688.0,Basic_Info_Changed / Content_Indexed_Attr_Changed / File_Closed / File_Deleted,0x000200000000C935,0x000200000000C8FD,usnjrnl_only,False,,,,,,,,,False,FALSE,FALSE,FALSE,,FALSE,,FALSE,False,False,False,False,24,False,308,1736,305,0,False,True,True,True,True,0,,1,3,0,0,0,0,0,0.029540763940562008,LOW,Benign
12/28/23 17:21,12/28/23 17:21,,,VhdProvider.dll.mui,,,,|VhdProvider.dll.mui,1749766800.0,Basic_Info_Changed / Content_Indexed_Attr_Changed,0x000200000000C937,0x000200000000C8FD,usnjrnl_only,False,,,,,,,,,False,FALSE,FALSE,FALSE,,FALSE,,FALSE,False,False,False,False,19,False,308,1736,305,0,False,True,True,False,False,0,,1,2,0,0,0,0,0,0.0298144208085607,LOW,Benign
12/28/23 17:21,12/28/23 17:21,,,VhdProvider.dll.mui,,,,|VhdProvider.dll.mui,1749766904.0,Basic_Info_Changed / Content_Indexed_Attr_Changed / File_Closed / File_Deleted,0x000200000000C937,0x000200000000C8FD,usnjrnl_only,False,,,,,,,,,False,FALSE,FALSE,FALSE,,FALSE,,FALSE,False,False,False,False,19,False,308,1736,305,0,False,True,True,True,True,0,,1,3,0,0,0,0,0,0.029540763940562008,LOW,Benign
12/28/23 17:21,12/28/23 17:21,,,WimProvider.dll.mui,,,,|WimProvider.dll.mui,1749767008.0,Basic_Info_Changed / Content_Indexed_Attr_Changed,0x000200000000C938,0x000200000000C8FD,usnjrnl_only,False,,,,,,,,,False,FALSE,FALSE,FALSE,,FALSE,,FALSE,False,False,False,False,19,False,308,1736,305,0,False,True,True,False,False,0,,1,2,0,0,0,0,0,0.0298144208085607,LOW,Benign
12/28/23 17:21,12/28/23 17:21,,,WimProvider.dll.mui,,,,|WimProvider.dll.mui,1749767112.0,Basic_Info_Changed / Content_Indexed_Attr_Changed / File_Closed / File_Deleted,0x000200000000C938,0x000200000000C8FD,usnjrnl_only,False,,,,,,,,,False,FALSE,FALSE,FALSE,,FALSE,,FALSE,False,False,False,False,19,False,308,1736,305,0,False,True,True,True,True,0,,1,3,0,0,0,0,0,0.029540763940562008,LOW,Benign
12/28/23 17:21,12/28/23 17:21,,,ko-KR,,,,|ko-KR,1749767216.0,Basic_Info_Changed / Content_Indexed_Attr_Changed,0x000200000000C8FD,0x000300000000C8D0,usnjrnl_only,False,,,,,,,,,False,FALSE,FALSE,FALSE,,FALSE,,FALSE,False,False,False,False,5,False,154,1736,305,0,False,True,True,False,False,0,,1,2,0,0,0,0,0,0.0298144208085607,LOW,Benign
12/28/23 17:21,12/28/23 17:21,,,ko-KR,,,,|ko-KR,1749767288.0,Basic_Info_Changed / Content_Indexed_Attr_Changed / File_Closed / File_Deleted,0x000200000000C8FD,0x000300000000C8D0,usnjrnl_only,False,,,,,,,,,False,FALSE,FALSE,FALSE,,FALSE,,FALSE,False,False,False,False,5,False,154,1736,305,0,False,True,True,True,True,0,,1,3,0,0,0,0,0,0.029540763940562008,LOW,Benign
12/28/23 17:21,12/28/23 17:21,,,LogProvider.dll,,,,|LogProvider.dll,1749767360.0,Basic_Info_Changed / Content_Indexed_Attr_Changed,0x000200000000C93B,0x000300000000C8D0,usnjrnl_only,False,,,,,,,,,False,FALSE,FALSE,FALSE,,FALSE,,FALSE,True,False,False,False,15,False,308,1736,305,0,False,True,True,False,False,0,,1,2,0,0,0,0,0,0.040576701371083844,LOW,Benign
12/28/23 17:21,12/28/23 17:21,,,LogProvider.dll,,,,|LogProvider.dll,1749767456.0,Basic_Info_Changed / Content_Indexed_Attr_Changed / File_Closed / File_Deleted,0x000200000000C93B,0x000300000000C8D0,usnjrnl_only,False,,,,,,,,,False,FALSE,FALSE,FALSE,,FALSE,,FALSE,True,False,False,False,15,False,308,1736,305,0,False,True,True,True,True,0,,1,3,0,0,0,0,0,0.029540763940562008,LOW,Benign
12/28/23 17:21,12/28/23 17:21,,,MsiProvider.dll,,,,|MsiProvider.dll,1749767552.0,Basic_Info_Changed / Content_Indexed_Attr_Changed,0x000300000000C93F,0x000300000000C8D0,usnjrnl_only,False,,,,,,,,,False,FALSE,FALSE,FALSE,,FALSE,,FALSE,True,False,False,False,15,False,308,1736,305,0,False,True,True,False,False,0,,1,2,0,0,0,0,0,0.040576701371083844,LOW,Benign
12/28/23 17:21,12/28/23 17:21,,,MsiProvider.dll,,,,|MsiProvider.dll,1749767648.0,Basic_Info_Changed / Content_Indexed_Attr_Changed / File_Closed / File_Deleted,0x000300000000C93F,0x000300000000C8D0,usnjrnl_only,False,,,,,,,,,False,FALSE,FALSE,FALSE,,FALSE,,FALSE,True,False,False,False,15,False,308,1736,305,0,False,True,True,True,True,0,,1,3,0,0,0,0,0,0.029540763940562008,LOW,Benign
12/28/23 17:21,12/28/23 17:21,,,OfflineSetupProvider.dll,,,,|OfflineSetupProvider.dll,1749767744.0,Basic_Info_Changed / Content_Indexed_Attr_Changed,0x000200000000C940,0x000300000000C8D0,usnjrnl_only,False,,,,,,,,,False,FALSE,FALSE,FALSE,,FALSE,,FALSE,True,False,False,False,24,False,308,1736,305,0,False,True,True,False,False,0,,1,2,0,0,0,0,0,0.040576701371083844,LOW,Benign
12/28/23 17:21,12/28/23 17:21,,,OfflineSetupProvider.dll,,,,|OfflineSetupProvider.dll,1749767856.0,Basic_Info_Changed / Content_Indexed_Attr_Changed / File_Closed / File_Deleted,0x000200000000C940,0x000300000000C8D0,usnjrnl_only,False,,,,,,,,,False,FALSE,FALSE,FALSE,,FALSE,,FALSE,True,False,False,False,24,False,308,1736,305,0,False,True,True,True,True,0,,1,3,0,0,0,0,0,0.029540763940562008,LOW,Benign
12/28/23 17:21,12/28/23 17:21,,,OSProvider.dll,,,,|OSProvider.dll,1749767968.0,Basic_Info_Changed / Content_Indexed_Attr_Changed,0x000200000000C941,0x000300000000C8D0,usnjrnl_only,False,,,,,,,,,False,FALSE,FALSE,FALSE,,FALSE,,FALSE,True,False,False,False,14,False,308,1736,305,0,False,True,True,False,False,0,,1,2,0,0,0,0,0,0.040576701371083844,LOW,Benign
12/28/23 17:21,12/28/23 17:21,,,OSProvider.dll,,,,|OSProvider.dll,1749768056.0,Basic_Info_Changed / Content_Indexed_Attr_Changed / File_Closed / File_Deleted,0x000200000000C941,0x000300000000C8D0,usnjrnl_only,False,,,,,,,,,False,FALSE,FALSE,FALSE,,FALSE,,FALSE,True,False,False,False,14,False,308,1736,305,0,False,True,True,True,True,0,,1,3,0,0,0,0,0,0.029540763940562008,LOW,Benign
12/28/23 17:21,12/28/23 17:21,,,ProvProvider.dll,,,,|ProvProvider.dll,1749768144.0,Basic_Info_Changed / Content_Indexed_Attr_Changed,0x000300000000C943,0x000300000000C8D0,usnjrnl_only,False,,,,,,,,,False,FALSE,FALSE,FALSE,,FALSE,,FALSE,True,False,False,False,16,False,308,1736,305,0,False,True,True,False,False,0,,1,2,0,0,0,0,0,0.040576701371083844,LOW,Benign
12/28/23 17:21,12/28/23 17:21,,,ProvProvider.dll,,,,|ProvProvider.dll,1749768240.0,Basic_Info_Changed / Content_Indexed_Attr_Changed / File_Closed / File_Deleted,0x000300000000C943,0x000300000000C8D0,usnjrnl_only,False,,,,,,,,,False,FALSE,FALSE,FALSE,,FALSE,,FALSE,True,False,False,False,16,False,308,1736,305,0,False,True,True,True,True,0,,1,3,0,0,0,0,0,0.029540763940562008,LOW,Benign
12/28/23 17:21,12/28/23 17:21,,,SetupPlatformProvider.dll,,,,|SetupPlatformProvider.dll,1749768336.0,Basic_Info_Changed / Content_Indexed_Attr_Changed,0x000200000000C946,0x000300000000C8D0,usnjrnl_only,False,,,,,,,,,False,FALSE,FALSE,FALSE,,FALSE,,FALSE,True,False,False,False,25,False,308,1736,305,0,False,True,True,False,False,0,,1,2,0,0,0,0,0,0.040576701371083844,LOW,Benign
12/28/23 17:21,12/28/23 17:21,,,SetupPlatformProvider.dll,,,,|SetupPlatformProvider.dll,1749768448.0,Basic_Info_Changed / Content_Indexed_Attr_Changed / File_Closed / File_Deleted,0x000200000000C946,0x000300000000C8D0,usnjrnl_only,False,,,,,,,,,False,FALSE,FALSE,FALSE,,FALSE,,FALSE,True,False,False,False,25,False,308,1736,305,0,False,True,True,True,True,0,,1,3,0,0,0,0,0,0.029540763940562008,LOW,Benign
12/28/23 17:21,12/28/23 17:21,,,SmiProvider.dll,,,,|SmiProvider.dll,1749768560.0,Basic_Info_Changed / Content_Indexed_Attr_Changed,0x000200000000C948,0x000300000000C8D0,usnjrnl_only,False,,,,,,,,,False,FALSE,FALSE,FALSE,,FALSE,,FALSE,True,False,False,False,15,False,308,1736,305,0,False,True,True,False,False,0,,1,2,0,0,0,0,0,0.040576701371083844,LOW,Benign
12/28/23 17:21,12/28/23 17:21,,,SmiProvider.dll,,,,|SmiProvider.dll,1749768656.0,Basic_Info_Changed / Content_Indexed_Attr_Changed / File_Closed / File_Deleted,0x000200000000C948,0x000300000000C8D0,usnjrnl_only,False,,,,,,,,,False,FALSE,FALSE,FALSE,,FALSE,,FALSE,True,False,False,False,15,False,308,1736,305,0,False,True,True,True,True,0,,1,3,0,0,0,0,0,0.029540763940562008,LOW,Benign
12/28/23 17:21,12/28/23 17:21,,,SysprepProvider.dll,,,,|SysprepProvider.dll,1749768752.0,Basic_Info_Changed / Content_Indexed_Attr_Changed,0x000200000000C949,0x000300000000C8D0,usnjrnl_only,False,,,,,,,,,False,FALSE,FALSE,FALSE,,FALSE,,FALSE,True,False,False,False,19,False,308,1736,305,0,False,True,True,False,False,0,,1,2,0,0,0,0,0,0.040576701371083844,LOW,Benign
12/28/23 17:21,12/28/23 17:21,,,SysprepProvider.dll,,,,|SysprepProvider.dll,1749768856.0,Basic_Info_Changed / Content_Indexed_Attr_Changed / File_Closed / File_Deleted,0x000200000000C949,0x000300000000C8D0,usnjrnl_only,False,,,,,,,,,False,FALSE,FALSE,FALSE,,FALSE,,FALSE,True,False,False,False,19,False,308,1736,305,0,False,True,True,True,True,0,,1,3,0,0,0,0,0,0.029540763940562008,LOW,Benign
12/28/23 17:21,12/28/23 17:21,,,TransmogProvider.dll,,,,|TransmogProvider.dll,1749768960.0,Basic_Info_Changed / Content_Indexed_Attr_Changed,0x000400000000C951,0x000300000000C8D0,usnjrnl_only,False,,,,,,,,,False,FALSE,FALSE,FALSE,,FALSE,,FALSE,True,False,False,False,20,False,308,1736,305,0,False,True,True,False,False,0,,1,2,0,0,0,0,0,0.040576701371083844,LOW,Benign
12/28/23 17:21,12/28/23 17:21,,,TransmogProvider.dll,,,,|TransmogProvider.dll,1749769064.0,Basic_Info_Changed / Content_Indexed_Attr_Changed / File_Closed / File_Deleted,0x000400000000C951,0x000300000000C8D0,usnjrnl_only,False,,,,,,,,,False,FALSE,FALSE,FALSE,,FALSE,,FALSE,True,False,False,False,20,False,308,1736,305,0,False,True,True,True,True,0,,1,3,0,0,0,0,0,0.029540763940562008,LOW,Benign
12/28/23 17:21,12/28/23 17:21,,,UnattendProvider.dll,,,,|UnattendProvider.dll,1749769168.0,Basic_Info_Changed / Content_Indexed_Attr_Changed,0x000300000000C958,0x000300000000C8D0,usnjrnl_only,False,,,,,,,,,False,FALSE,FALSE,FALSE,,FALSE,,FALSE,True,False,False,False,20,False,308,1736,305,0,False,True,True,False,False,0,,1,2,0,0,0,0,0,0.040576701371083844,LOW,Benign
12/28/23 17:21,12/28/23 17:21,,,UnattendProvider.dll,,,,|UnattendProvider.dll,1749769272.0,Basic_Info_Changed / Content_Indexed_Attr_Changed / File_Closed / File_Deleted,0x000300000000C958,0x000300000000C8D0,usnjrnl_only,False,,,,,,,,,False,FALSE,FALSE,FALSE,,FALSE,,FALSE,True,False,False,False,20,False,308,1736,305,0,False,True,True,True,True,0,,1,3,0,0,0,0,0,0.029540763940562008,LOW,Benign
12/28/23 17:21,12/28/23 17:21,,,VhdProvider.dll,,,,|VhdProvider.dll,1749769376.0,Basic_Info_Changed / Content_Indexed_Attr_Changed,0x000200000000C95D,0x000300000000C8D0,usnjrnl_only,False,,,,,,,,,False,FALSE,FALSE,FALSE,,FALSE,,FALSE,True,False,False,False,15,False,308,1736,305,0,False,True,True,False,False,0,,1,2,0,0,0,0,0,0.040576701371083844,LOW,Benign
12/28/23 17:21,12/28/23 17:21,,,VhdProvider.dll,,,,|VhdProvider.dll,1749769472.0,Basic_Info_Changed / Content_Indexed_Attr_Changed / File_Closed / File_Deleted,0x000200000000C95D,0x000300000000C8D0,usnjrnl_only,False,,,,,,,,,False,FALSE,FALSE,FALSE,,FALSE,,FALSE,True,False,False,False,15,False,308,1736,305,0,False,True,True,True,True,0,,1,3,0,0,0,0,0,0.029540763940562008,LOW,Benign
12/28/23 17:21,12/28/23 17:21,,,WimProvider.dll,,,,|WimProvider.dll,1749769568.0,Basic_Info_Changed / Content_Indexed_Attr_Changed,0x000200000000C95E,0x000300000000C8D0,usnjrnl_only,False,,,,,,,,,False,FALSE,FALSE,FALSE,,FALSE,,FALSE,True,False,False,False,15,False,322,1736,305,0,False,True,True,False,False,0,,1,2,0,0,0,0,0,0.040576701371083844,LOW,Benign
12/28/23 17:21,12/28/23 17:21,,,WimProvider.dll,,,,|WimProvider.dll,1749769664.0,Basic_Info_Changed / Content_Indexed_Attr_Changed / File_Closed / File_Deleted,0x000200000000C95E,0x000300000000C8D0,usnjrnl_only,False,,,,,,,,,False,FALSE,FALSE,FALSE,,FALSE,,FALSE,True,False,False,False,15,False,322,1736,305,0,False,True,True,True,True,0,,1,3,0,0,0,0,0,0.029540763940562008,LOW,Benign
12/28/23 17:21,12/28/23 17:21,,,9CB71645-0507-4B7E-A651-C033B644F687,\Users\blueangel\AppData\Local\Temp\9CB71645-0507-4B7E-A651-C033B644F687,,,\Users\blueangel\AppData\Local\Temp\9CB71645-0507-4B7E-A651-C033B644F687|9CB71645-0507-4B7E-A651-C033B644F687,1749769760.0,Basic_Info_Changed / Content_Indexed_Attr_Changed,0x000300000000C8D0,0x000100000001A2E5,usnjrnl_only,False,,,,,,,,,False,FALSE,FALSE,FALSE,,FALSE,,FALSE,False,False,False,False,36,False,10,1736,305,0,False,True,True,False,False,6,,1,2,0,0,0,0,0,0.0298144208085607,LOW,Benign
12/28/23 17:21,12/28/23 17:21,,,9CB71645-0507-4B7E-A651-C033B644F687,\Users\blueangel\AppData\Local\Temp\9CB71645-0507-4B7E-A651-C033B644F687,,,\Users\blueangel\AppData\Local\Temp\9CB71645-0507-4B7E-A651-C033B644F687|9CB71645-0507-4B7E-A651-C033B644F687,1749769896.0,Basic_Info_Changed / Content_Indexed_Attr_Changed / File_Closed / File_Deleted,0x000300000000C8D0,0x000100000001A2E5,usnjrnl_only,False,,,,,,,,,False,FALSE,FALSE,FALSE,,FALSE,,FALSE,False,False,False,False,36,False,10,1736,305,0,False,True,True,True,True,6,,1,3,0,0,0,0,0,0.01988188851507617,LOW,Benign
12/28/23 17:22,12/28/23 17:22,,,globalLoadable.dat,\ProgramData\Avast Software\Avast\IDS\profile\globalLoadable.dat,,,\ProgramData\Avast Software\Avast\IDS\profile\globalLoadable.dat|globalLoadable.dat,1749775856.0,File_Created / Basic_Info_Changed / Data_Added / Data_Overwritten / File_Renamed_New,0x0008000000001BAF,0x000A00000001F980,usnjrnl_only,False,,,,,,,,,False,FALSE,FALSE,FALSE,,FALSE,,FALSE,False,False,False,True,18,False,3770,1736,305,20,False,True,True,False,False,6,,1,2,0,0,0,0,0,0.0298144208085607,LOW,Benign
12/28/23 17:22,12/28/23 17:22,,,globalLoadable.dat,\ProgramData\Avast Software\Avast\IDS\profile\globalLoadable.dat,,,\ProgramData\Avast Software\Avast\IDS\profile\globalLoadable.dat|globalLoadable.dat,1749775952.0,File_Created / Basic_Info_Changed / Data_Added / Data_Overwritten / File_Renamed_New / File_Closed,0x0008000000001BAF,0x000A00000001F980,usnjrnl_only,False,,,,,,,,,False,FALSE,FALSE,FALSE,,FALSE,,FALSE,False,False,False,True,18,False,3770,1736,305,0,False,True,True,True,True,6,,1,3,0,0,0,0,0,0.02983134003007721,LOW,Benign
12/28/23 17:22,12/28/23 17:22,,,RUXIMLog.001.etl,\ProgramData\PLUG\Logs\RUXIMLog.001.etl,,,\ProgramData\PLUG\Logs\RUXIMLog.001.etl|RUXIMLog.001.etl,1749781984.0,File_Created / Basic_Info_Changed,0x001100000000739F,0x000200000000194D,usnjrnl_only,False,,,,,,,,,False,FALSE,FALSE,FALSE,,FALSE,,FALSE,False,False,False,False,16,False,374,1736,305,2,False,True,True,False,False,4,,1,2,0,0,0,0,0,0.0298144208085607,LOW,Benign
12/28/23 17:22,12/28/23 17:22,,,RUXIMLog.001.etl,\ProgramData\PLUG\Logs\RUXIMLog.001.etl,,,\ProgramData\PLUG\Logs\RUXIMLog.001.etl|RUXIMLog.001.etl,1749782080.0,File_Created / Basic_Info_Changed / Data_Added,0x001100000000739F,0x000200000000194D,usnjrnl_only,False,,,,,,,,,False,FALSE,FALSE,FALSE,,FALSE,,FALSE,False,False,False,False,16,False,374,1736,305,0,False,True,True,False,False,4,,1,2,0,0,0,0,0,0.0298144208085607,LOW,Benign
12/28/23 17:22,12/28/23 17:22,,,RUXIMLog.001.etl,\ProgramData\PLUG\Logs\RUXIMLog.001.etl,,,\ProgramData\PLUG\Logs\RUXIMLog.001.etl|RUXIMLog.001.etl,1749782704.0,File_Created / Basic_Info_Changed / Data_Added / Data_Overwritten,0x001100000000739F,0x000200000000194D,usnjrnl_only,False,,,,,,,,,False,FALSE,FALSE,FALSE,,FALSE,,FALSE,False,False,False,False,16,False,374,1736,305,0,False,True,True,False,False,4,,1,2,0,0,0,0,0,0.0298144208085607,LOW,Benign
12/28/23 17:22,12/28/23 17:22,,,RUXIMLog.001.etl,\ProgramData\PLUG\Logs\RUXIMLog.001.etl,,,\ProgramData\PLUG\Logs\RUXIMLog.001.etl|RUXIMLog.001.etl,1749782800.0,File_Created / Basic_Info_Changed / Data_Added / Data_Overwritten / File_Closed,0x001100000000739F,0x000200000000194D,usnjrnl_only,False,,,,,,,,,False,FALSE,FALSE,FALSE,,FALSE,,FALSE,False,False,False,True,16,False,374,1736,305,0,False,True,True,True,True,4,,1,3,0,0,0,0,0,0.029540763940562008,LOW,Benign
12/28/23 17:22,12/28/23 17:22,,,cache.dat,\ProgramData\Avast Software\Avast\IDS\malwareprofile\cache.dat,,,\ProgramData\Avast Software\Avast\IDS\malwareprofile\cache.dat|cache.dat,1749783664.0,File_Created / Basic_Info_Changed / Data_Added / Data_Overwritten / File_Renamed_New,0x0049000000008270,0x00060000000198CB,usnjrnl_only,False,,,,,,,,,False,FALSE,FALSE,FALSE,,FALSE,,FALSE,False,False,False,True,9,False,3770,1736,305,0,False,True,True,False,False,6,,1,2,0,0,0,0,0,0.0298144208085607,LOW,Benign
12/28/23 17:22,12/28/23 17:22,,,cache.dat,\ProgramData\Avast Software\Avast\IDS\malwareprofile\cache.dat,,,\ProgramData\Avast Software\Avast\IDS\malwareprofile\cache.dat|cache.dat,1749783744.0,File_Created / Basic_Info_Changed / Data_Added / Data_Overwritten / File_Renamed_New / File_Closed,0x0049000000008270,0x00060000000198CB,usnjrnl_only,False,,,,,,,,,False,FALSE,FALSE,FALSE,,FALSE,,FALSE,False,False,False,True,9,False,3770,1736,305,0,False,True,True,True,True,6,,1,3,0,0,0,0,0,0.02983134003007721,LOW,Benign
12/28/23 17:22,12/28/23 17:22,,,FileCoAuth-2023-12-28.0922.8456.1.aodl,\Users\blueangel\AppData\Local\Microsoft\OneDrive\logs\Common\FileCoAuth-2023-12-28.0922.8456.1.aodl,,,\Users\blueangel\AppData\Local\Microsoft\OneDrive\logs\Common\FileCoAuth-2023-12-28.0922.8456.1.aodl|FileCoAuth-2023-12-28.0922.8456.1.aodl,1749789072.0,File_Created / Basic_Info_Changed / Data_Added,0x003F00000000866D,0x000200000001E4E0,usnjrnl_only,False,,,,,,,,,False,FALSE,FALSE,FALSE,,FALSE,,FALSE,False,False,False,True,38,False,10,1736,305,14,False,True,True,False,False,9,,1,1,0,0,0,0,0,0.0298144208085607,LOW,Benign
12/28/23 17:22,12/28/23 17:22,,,FileCoAuth-2023-12-28.0922.8456.1.aodl,\Users\blueangel\AppData\Local\Microsoft\OneDrive\logs\Common\FileCoAuth-2023-12-28.0922.8456.1.aodl,,,\Users\blueangel\AppData\Local\Microsoft\OneDrive\logs\Common\FileCoAuth-2023-12-28.0922.8456.1.aodl|FileCoAuth-2023-12-28.0922.8456.1.aodl,1749789208.0,File_Created / Basic_Info_Changed / Data_Added / File_Closed,0x003F00000000866D,0x000200000001E4E0,usnjrnl_only,False,,,,,,,,,False,FALSE,FALSE,FALSE,,FALSE,,FALSE,False,False,False,True,38,False,10,1736,305,0,False,True,True,True,True,9,,1,2,0,0,0,0,0,0.01988188851507617,LOW,Benign
12/28/23 17:23,12/28/23 17:23,,,nodes.dat,\ProgramData\Avast Software\Avast\IDS\malwareprofile\nodes.dat,,,\ProgramData\Avast Software\Avast\IDS\malwareprofile\nodes.dat|nodes.dat,1749820000.0,File_Created / Basic_Info_Changed / Data_Added / Data_Overwritten / Data_Truncated / File_Renamed_New,0x002100000000C69C,0x00060000000198CB,usnjrnl_only,False,,,,,,,,,False,FALSE,FALSE,FALSE,,FALSE,,FALSE,False,False,False,True,9,False,2536,1736,305,78,False,True,True,False,False,6,,1,1,0,0,0,0,0,0.0298144208085607,LOW,Benign
12/28/23 17:23,12/28/23 17:23,,,nodes.dat,\ProgramData\Avast Software\Avast\IDS\malwareprofile\nodes.dat,,,\ProgramData\Avast Software\Avast\IDS\malwareprofile\nodes.dat|nodes.dat,1749820080.0,File_Created / Basic_Info_Changed / Data_Added / Data_Overwritten / Data_Truncated / File_Renamed_New / File_Closed,0x002100000000C69C,0x00060000000198CB,usnjrnl_only,False,,,,,,,,,False,FALSE,FALSE,FALSE,,FALSE,,FALSE,False,False,False,True,9,False,2536,1736,305,0,False,True,True,True,True,6,,1,2,0,0,0,0,0,0.01988188851507617,LOW,Benign
12/28/23 17:23,12/28/23 17:23,,,backup.dat,\ProgramData\Avast Software\Avast\IDS\malwareprofile\backup.dat,,,\ProgramData\Avast Software\Avast\IDS\malwareprofile\backup.dat|backup.dat,1749820400.0,Basic_Info_Changed / Data_Added / Data_Overwritten / Data_Truncated,0x0002000000013ECB,0x00060000000198CB,usnjrnl_only,False,,,,,,,,,False,FALSE,FALSE,FALSE,,FALSE,,FALSE,False,False,False,True,10,False,1182,1736,305,0,False,True,True,False,False,6,,1,1,0,0,0,0,0,0.0298144208085607,LOW,Benign
12/28/23 17:23,12/28/23 17:23,,,backup.dat,\ProgramData\Avast Software\Avast\IDS\malwareprofile\backup.dat,,,\ProgramData\Avast Software\Avast\IDS\malwareprofile\backup.dat|backup.dat,1749820480.0,Basic_Info_Changed / Data_Added / Data_Overwritten / Data_Truncated / File_Closed,0x0002000000013ECB,0x00060000000198CB,usnjrnl_only,False,,,,,,,,,False,FALSE,FALSE,FALSE,,FALSE,,FALSE,False,False,False,True,10,False,1182,1736,305,0,False,True,True,True,True,6,,1,2,0,0,0,0,0,0.01988188851507617,LOW,Benign
12/28/23 17:24,12/28/23 17:24,,,DRIVERS,\Windows\System32\config\DRIVERS,,,\Windows\System32\config\DRIVERS|DRIVERS,1749823632.0,Basic_Info_Changed / File_Closed,0x000100000000C94C,0x0001000000000E5D,usnjrnl_only,False,,,,,,,,,False,FALSE,FALSE,FALSE,,FALSE,,FALSE,False,False,False,True,7,False,257,1736,305,26,False,True,True,True,True,4,,1,2,0,0,0,0,0,0.029540763940562008,LOW,Benign
12/28/23 17:28,12/28/23 17:28,,,MoUsoCoreWorker.509e8a6d-0fe1-481c-9aca-562078e53557.1.etl,\ProgramData\USOShared\Logs\System\MoUsoCoreWorker.509e8a6d-0fe1-481c-9aca-562078e53557.1.etl,,,\ProgramData\USOShared\Logs\System\MoUsoCoreWorker.509e8a6d-0fe1-481c-9aca-562078e53557.1.etl|MoUsoCoreWorker.509e8a6d-0fe1-481c-9aca-562078e53557.1.etl,1749867448.0,File_Created / Basic_Info_Changed,0x005400000000C6AB,0x0001000000000624,usnjrnl_only,False,,,,,,,,,False,FALSE,FALSE,FALSE,,FALSE,,FALSE,False,False,False,False,58,False,20,1736,13,238,False,True,True,False,False,5,,1,1,0,0,0,0,0,0.0298144208085607,LOW,Benign
12/28/23 17:28,12/28/23 17:28,,,MoUsoCoreWorker.509e8a6d-0fe1-481c-9aca-562078e53557.1.etl,\ProgramData\USOShared\Logs\System\MoUsoCoreWorker.509e8a6d-0fe1-481c-9aca-562078e53557.1.etl,,,\ProgramData\USOShared\Logs\System\MoUsoCoreWorker.509e8a6d-0fe1-481c-9aca-562078e53557.1.etl|MoUsoCoreWorker.509e8a6d-0fe1-481c-9aca-562078e53557.1.etl,1749867624.0,File_Created / Basic_Info_Changed / Data_Added,0x005400000000C6AB,0x0001000000000624,usnjrnl_only,False,,,,,,,,,False,FALSE,FALSE,FALSE,,FALSE,,FALSE,False,False,False,False,58,False,20,1736,13,0,False,True,True,False,False,5,,1,1,0,0,0,0,0,0.0298144208085607,LOW,Benign
12/28/23 17:28,12/28/23 17:28,,,WuProvider.f1bf8ed3-ad32-4ba4-91de-6ffc96a55e92.1.etl,\ProgramData\USOShared\Logs\System\WuProvider.f1bf8ed3-ad32-4ba4-91de-6ffc96a55e92.1.etl,,,\ProgramData\USOShared\Logs\System\WuProvider.f1bf8ed3-ad32-4ba4-91de-6ffc96a55e92.1.etl|WuProvider.f1bf8ed3-ad32-4ba4-91de-6ffc96a55e92.1.etl,1749868136.0,File_Created / Basic_Info_Changed,0x004C00000000C8B3,0x0001000000000624,usnjrnl_only,False,,,,,,,,,False,FALSE,FALSE,FALSE,,FALSE,,FALSE,False,False,False,False,53,False,20,1736,13,0,False,True,True,False,False,5,,1,1,0,0,0,0,0,0.0298144208085607,LOW,Benign
12/28/23 17:28,12/28/23 17:28,,,WuProvider.f1bf8ed3-ad32-4ba4-91de-6ffc96a55e92.1.etl,\ProgramData\USOShared\Logs\System\WuProvider.f1bf8ed3-ad32-4ba4-91de-6ffc96a55e92.1.etl,,,\ProgramData\USOShared\Logs\System\WuProvider.f1bf8ed3-ad32-4ba4-91de-6ffc96a55e92.1.etl|WuProvider.f1bf8ed3-ad32-4ba4-91de-6ffc96a55e92.1.etl,1749868304.0,File_Created / Basic_Info_Changed / Data_Added,0x004C00000000C8B3,0x0001000000000624,usnjrnl_only,False,,,,,,,,,False,FALSE,FALSE,FALSE,,FALSE,,FALSE,False,False,False,False,53,False,20,1736,13,0,False,True,True,False,False,5,,1,1,0,0,0,0,0,0.0298144208085607,LOW,Benign
12/28/23 17:28,12/28/23 17:28,,,WindowsUpdate.20231228.182814.085.1.etl,\Windows\Logs\WindowsUpdate\WindowsUpdate.20231228.182814.085.1.etl,,,\Windows\Logs\WindowsUpdate\WindowsUpdate.20231228.182814.085.1.etl|WindowsUpdate.20231228.182814.085.1.etl,1749868688.0,File_Created / Basic_Info_Changed / Content_Indexed_Attr_Changed,0x002C00000000C8BA,0x000100000001A7D0,usnjrnl_only,False,,,,,,,,,False,FALSE,FALSE,FALSE,,FALSE,,FALSE,False,False,False,False,39,False,20,1736,13,0,False,True,True,False,False,4,,1,1,0,0,0,0,0,0.0298144208085607,LOW,Benign
12/28/23 17:28,12/28/23 17:28,,,WindowsUpdate.20231228.182814.085.1.etl,\Windows\Logs\WindowsUpdate\WindowsUpdate.20231228.182814.085.1.etl,,,\Windows\Logs\WindowsUpdate\WindowsUpdate.20231228.182814.085.1.etl|WindowsUpdate.20231228.182814.085.1.etl,1749868832.0,File_Created / Basic_Info_Changed / Data_Added / Content_Indexed_Attr_Changed,0x002C00000000C8BA,0x000100000001A7D0,usnjrnl_only,False,,,,,,,,,False,FALSE,FALSE,FALSE,,FALSE,,FALSE,False,False,False,False,39,False,20,1736,13,0,False,True,True,False,False,4,,1,1,0,0,0,0,0,0.0298144208085607,LOW,Benign
12/28/23 17:28,12/28/23 17:28,,,waasmedic.20231228_092814_320.etl,\Windows\Logs\waasmedic\waasmedic.20231228_092814_320.etl,,,\Windows\Logs\waasmedic\waasmedic.20231228_092814_320.etl|waasmedic.20231228_092814_320.etl,1749870000.0,File_Created / Basic_Info_Changed / Content_Indexed_Attr_Changed,0x000900000000C8CF,0x000100000001A208,usnjrnl_only,False,,,,,,,,,False,FALSE,FALSE,FALSE,,FALSE,,FALSE,False,False,False,False,33,False,20,1736,13,0,False,True,True,False,False,4,,1,1,0,0,0,0,0,0.039773830643638035,LOW,Benign
12/28/23 17:28,12/28/23 17:28,,,waasmedic.20231228_092814_320.etl,\Windows\Logs\waasmedic\waasmedic.20231228_092814_320.etl,,,\Windows\Logs\waasmedic\waasmedic.20231228_092814_320.etl|waasmedic.20231228_092814_320.etl,1749870128.0,File_Created / Basic_Info_Changed / Data_Added / Content_Indexed_Attr_Changed,0x000900000000C8CF,0x000100000001A208,usnjrnl_only,False,,,,,,,,,False,FALSE,FALSE,FALSE,,FALSE,,FALSE,False,False,False,False,33,False,20,1736,13,0,False,True,True,False,False,4,,1,1,0,0,0,0,0,0.039773830643638035,LOW,Benign
12/28/23 17:28,12/28/23 17:28,,,waasmedic.20231228_092814_320.etl,\Windows\Logs\waasmedic\waasmedic.20231228_092814_320.etl,,,\Windows\Logs\waasmedic\waasmedic.20231228_092814_320.etl|waasmedic.20231228_092814_320.etl,1749872080.0,File_Created / Basic_Info_Changed / Data_Added / Data_Overwritten / Content_Indexed_Attr_Changed,0x000900000000C8CF,0x000100000001A208,usnjrnl_only,False,,,,,,,,,False,FALSE,FALSE,FALSE,,FALSE,,FALSE,False,False,False,False,33,False,20,1736,13,0,False,True,True,False,False,4,,1,1,0,0,0,0,0,0.039773830643638035,LOW,Benign
12/28/23 17:29,12/28/23 17:29,,,waasmedic.20231228_092814_320.etl,\Windows\Logs\waasmedic\waasmedic.20231228_092814_320.etl,,,\Windows\Logs\waasmedic\waasmedic.20231228_092814_320.etl|waasmedic.20231228_092814_320.etl,1749891872.0,File_Created / Basic_Info_Changed / Data_Added / Data_Overwritten / Content_Indexed_Attr_Changed / File_Closed,0x000900000000C8CF,0x000100000001A208,usnjrnl_only,False,,,,,,,,,False,FALSE,FALSE,FALSE,,FALSE,,FALSE,False,False,False,True,33,False,20,1736,13,60,False,True,True,True,True,4,,1,2,0,0,0,0,0,0.03591128942202132,LOW,Benign
12/28/23 17:29,12/28/23 17:29,,,MoUsoCoreWorker.509e8a6d-0fe1-481c-9aca-562078e53557.1.etl,\ProgramData\USOShared\Logs\System\MoUsoCoreWorker.509e8a6d-0fe1-481c-9aca-562078e53557.1.etl,,,\ProgramData\USOShared\Logs\System\MoUsoCoreWorker.509e8a6d-0fe1-481c-9aca-562078e53557.1.etl|MoUsoCoreWorker.509e8a6d-0fe1-481c-9aca-562078e53557.1.etl,1749893648.0,File_Created / Basic_Info_Changed / Data_Added / Data_Overwritten,0x005400000000C6AB,0x0001000000000624,usnjrnl_only,False,,,,,,,,,False,FALSE,FALSE,FALSE,,FALSE,,FALSE,False,False,False,False,58,False,20,1736,13,1,False,True,True,False,False,5,,1,1,0,0,0,0,0,0.0298144208085607,LOW,Benign
12/28/23 17:29,12/28/23 17:29,,,MoUsoCoreWorker.509e8a6d-0fe1-481c-9aca-562078e53557.1.etl,\ProgramData\USOShared\Logs\System\MoUsoCoreWorker.509e8a6d-0fe1-481c-9aca-562078e53557.1.etl,,,\ProgramData\USOShared\Logs\System\MoUsoCoreWorker.509e8a6d-0fe1-481c-9aca-562078e53557.1.etl|MoUsoCoreWorker.509e8a6d-0fe1-481c-9aca-562078e53557.1.etl,1749893824.0,File_Created / Basic_Info_Changed / Data_Added / Data_Overwritten / File_Closed,0x005400000000C6AB,0x0001000000000624,usnjrnl_only,False,,,,,,,,,False,FALSE,FALSE,FALSE,,FALSE,,FALSE,False,False,False,True,58,False,20,1736,13,0,False,True,True,True,True,5,,1,2,0,0,0,0,0,0.01988188851507617,LOW,Benign
12/28/23 17:29,12/28/23 17:29,,,WuProvider.f1bf8ed3-ad32-4ba4-91de-6ffc96a55e92.1.etl,\ProgramData\USOShared\Logs\System\WuProvider.f1bf8ed3-ad32-4ba4-91de-6ffc96a55e92.1.etl,,,\ProgramData\USOShared\Logs\System\WuProvider.f1bf8ed3-ad32-4ba4-91de-6ffc96a55e92.1.etl|WuProvider.f1bf8ed3-ad32-4ba4-91de-6ffc96a55e92.1.etl,1749895440.0,File_Created / Basic_Info_Changed / Data_Added / Data_Overwritten,0x004C00000000C8B3,0x0001000000000624,usnjrnl_only,False,,,,,,,,,False,FALSE,FALSE,FALSE,,FALSE,,FALSE,False,False,False,False,53,False,20,1736,13,0,False,True,True,False,False,5,,1,1,0,0,0,0,0,0.0298144208085607,LOW,Benign
12/28/23 17:29,12/28/23 17:29,,,WuProvider.f1bf8ed3-ad32-4ba4-91de-6ffc96a55e92.1.etl,\ProgramData\USOShared\Logs\System\WuProvider.f1bf8ed3-ad32-4ba4-91de-6ffc96a55e92.1.etl,,,\ProgramData\USOShared\Logs\System\WuProvider.f1bf8ed3-ad32-4ba4-91de-6ffc96a55e92.1.etl|WuProvider.f1bf8ed3-ad32-4ba4-91de-6ffc96a55e92.1.etl,1749895608.0,File_Created / Basic_Info_Changed / Data_Added / Data_Overwritten / File_Closed,0x004C00000000C8B3,0x0001000000000624,usnjrnl_only,False,,,,,,,,,False,FALSE,FALSE,FALSE,,FALSE,,FALSE,False,False,False,True,53,False,20,1736,13,0,False,True,True,True,True,5,,1,2,0,0,0,0,0,0.01988188851507617,LOW,Benign
12/28/23 17:32,12/28/23 17:32,,,globalLoadable.dat,\ProgramData\Avast Software\Avast\IDS\profile\globalLoadable.dat,,,\ProgramData\Avast Software\Avast\IDS\profile\globalLoadable.dat|globalLoadable.dat,1749929648.0,File_Created / Basic_Info_Changed / Data_Added / Data_Overwritten / File_Renamed_New,0x004000000000C547,0x000A00000001F980,usnjrnl_only,False,,,,,,,,,False,FALSE,FALSE,FALSE,,FALSE,,FALSE,False,False,False,True,18,False,3770,1736,5,181,False,True,True,False,False,6,,1,1,0,0,0,0,0,0.0298144208085607,LOW,Benign
12/28/23 17:32,12/28/23 17:32,,,globalLoadable.dat,\ProgramData\Avast Software\Avast\IDS\profile\globalLoadable.dat,,,\ProgramData\Avast Software\Avast\IDS\profile\globalLoadable.dat|globalLoadable.dat,1749929744.0,File_Created / Basic_Info_Changed / Data_Added / Data_Overwritten / File_Renamed_New / File_Closed,0x004000000000C547,0x000A00000001F980,usnjrnl_only,False,,,,,,,,,False,FALSE,FALSE,FALSE,,FALSE,,FALSE,False,False,False,True,18,False,3770,1736,5,0,False,True,True,True,True,6,,1,2,0,0,0,0,0,0.01988188851507617,LOW,Benign
12/28/23 17:32,12/28/23 17:32,,,cache.dat,\ProgramData\Avast Software\Avast\IDS\malwareprofile\cache.dat,,,\ProgramData\Avast Software\Avast\IDS\malwareprofile\cache.dat|cache.dat,1749931328.0,File_Created / Basic_Info_Changed / Data_Added / Data_Overwritten / File_Renamed_New,0x000A000000001BAF,0x00060000000198CB,usnjrnl_only,False,,,,,,,,,False,FALSE,FALSE,FALSE,,FALSE,,FALSE,False,False,False,True,9,False,3770,1736,5,2,False,True,True,False,False,6,,1,1,0,0,0,0,0,0.0298144208085607,LOW,Benign
12/28/23 17:32,12/28/23 17:32,,,cache.dat,\ProgramData\Avast Software\Avast\IDS\malwareprofile\cache.dat,,,\ProgramData\Avast Software\Avast\IDS\malwareprofile\cache.dat|cache.dat,1749931408.0,File_Created / Basic_Info_Changed / Data_Added / Data_Overwritten / File_Renamed_New / File_Closed,0x000A000000001BAF,0x00060000000198CB,usnjrnl_only,False,,,,,,,,,False,FALSE,FALSE,FALSE,,FALSE,,FALSE,False,False,False,True,9,False,3770,1736,5,0,False,True,True,True,True,6,,1,2,0,0,0,0,0,0.01988188851507617,LOW,Benign
12/28/23 17:32,12/28/23 17:32,,,FileCoAuth-2023-12-28.0932.7056.1.aodl,\Users\blueangel\AppData\Local\Microsoft\OneDrive\logs\Common\FileCoAuth-2023-12-28.0932.7056.1.aodl,,,\Users\blueangel\AppData\Local\Microsoft\OneDrive\logs\Common\FileCoAuth-2023-12-28.0932.7056.1.aodl|FileCoAuth-2023-12-28.0932.7056.1.aodl,1749938960.0,File_Created / Basic_Info_Changed / Data_Added,0x004F000000008270,0x000200000001E4E0,usnjrnl_only,False,,,,,,,,,False,FALSE,FALSE,FALSE,,FALSE,,FALSE,False,False,False,True,38,False,10,1736,5,14,False,True,True,False,False,9,,1,1,0,0,0,0,0,0.0298144208085607,LOW,Benign
12/28/23 17:32,12/28/23 17:32,,,FileCoAuth-2023-12-28.0932.7056.1.aodl,\Users\blueangel\AppData\Local\Microsoft\OneDrive\logs\Common\FileCoAuth-2023-12-28.0932.7056.1.aodl,,,\Users\blueangel\AppData\Local\Microsoft\OneDrive\logs\Common\FileCoAuth-2023-12-28.0932.7056.1.aodl|FileCoAuth-2023-12-28.0932.7056.1.aodl,1749939096.0,File_Created / Basic_Info_Changed / Data_Added / File_Closed,0x004F000000008270,0x000200000001E4E0,usnjrnl_only,False,,,,,,,,,False,FALSE,FALSE,FALSE,,FALSE,,FALSE,False,False,False,True,38,False,10,1736,5,0,False,True,True,True,True,9,,1,2,0,0,0,0,0,0.01988188851507617,LOW,Benign
12/28/23 17:36,12/28/23 17:36,,,energy-trace.etl,\ProgramData\Microsoft\Windows\Power Efficiency Diagnostics\energy-trace.etl,,,\ProgramData\Microsoft\Windows\Power Efficiency Diagnostics\energy-trace.etl|energy-trace.etl,1749993248.0,File_Created / Basic_Info_Changed,0x001100000000C6C5,0x00010000000005DA,usnjrnl_only,False,,,,,,,,,False,FALSE,FALSE,FALSE,,FALSE,,FALSE,False,False,False,False,16,False,140,1736,11,263,False,True,True,False,False,5,,1,1,0,0,0,0,0,0.0298144208085607,LOW,Benign
12/28/23 17:36,12/28/23 17:36,,,energy-trace.etl,\ProgramData\Microsoft\Windows\Power Efficiency Diagnostics\energy-trace.etl,,,\ProgramData\Microsoft\Windows\Power Efficiency Diagnostics\energy-trace.etl|energy-trace.etl,1749993344.0,File_Created / Basic_Info_Changed / Data_Added,0x001100000000C6C5,0x00010000000005DA,usnjrnl_only,False,,,,,,,,,False,FALSE,FALSE,FALSE,,FALSE,,FALSE,False,False,False,False,16,False,140,1736,11,0,False,True,True,False,False,5,,1,1,0,0,0,0,0,0.0298144208085607,LOW,Benign
12/28/23 17:37,12/28/23 17:37,,,energy-trace.etl,\ProgramData\Microsoft\Windows\Power Efficiency Diagnostics\energy-trace.etl,,,\ProgramData\Microsoft\Windows\Power Efficiency Diagnostics\energy-trace.etl|energy-trace.etl,1750008384.0,File_Created / Basic_Info_Changed / Data_Added / Data_Overwritten,0x001100000000C6C5,0x00010000000005DA,usnjrnl_only,False,,,,,,,,,False,FALSE,FALSE,FALSE,,FALSE,,FALSE,False,False,False,False,16,False,140,1736,11,60,False,True,True,False,False,5,,1,1,0,0,0,0,0,0.0298144208085607,LOW,Benign
12/28/23 17:37,12/28/23 17:37,,,energy-trace.etl,\ProgramData\Microsoft\Windows\Power Efficiency Diagnostics\energy-trace.etl,,,\ProgramData\Microsoft\Windows\Power Efficiency Diagnostics\energy-trace.etl|energy-trace.etl,1750008480.0,File_Created / Basic_Info_Changed / Data_Added / Data_Overwritten / File_Closed,0x001100000000C6C5,0x00010000000005DA,usnjrnl_only,False,,,,,,,,,False,FALSE,FALSE,FALSE,,FALSE,,FALSE,False,False,False,True,16,False,140,1736,11,0,False,True,True,True,True,5,,1,2,0,0,0,0,0,0.01988188851507617,LOW,Benign
12/28/23 17:37,12/28/23 17:37,,,energy-report-2023-12-28.xml,\ProgramData\Microsoft\Windows\Power Efficiency Diagnostics\energy-report-2023-12-28.xml,,,\ProgramData\Microsoft\Windows\Power Efficiency Diagnostics\energy-report-2023-12-28.xml|energy-report-2023-12-28.xml,1750012920.0,File_Created / Basic_Info_Changed / Data_Added / Data_Overwritten,0x0020000000007E11,0x00010000000005DA,usnjrnl_only,False,,,,,,,,,False,FALSE,FALSE,FALSE,,FALSE,,FALSE,False,False,False,True,28,False,10,1736,11,3,False,True,True,False,False,5,,1,1,0,0,0,0,0,0.0298144208085607,LOW,Benign
12/28/23 17:37,12/28/23 17:37,,,energy-report-2023-12-28.xml,\ProgramData\Microsoft\Windows\Power Efficiency Diagnostics\energy-report-2023-12-28.xml,,,\ProgramData\Microsoft\Windows\Power Efficiency Diagnostics\energy-report-2023-12-28.xml|energy-report-2023-12-28.xml,1750013040.0,File_Created / Basic_Info_Changed / Data_Added / Data_Overwritten / File_Closed,0x0020000000007E11,0x00010000000005DA,usnjrnl_only,False,,,,,,,,,False,FALSE,FALSE,FALSE,,FALSE,,FALSE,False,False,False,True,28,False,10,1736,11,0,False,True,True,True,True,5,,1,2,0,0,0,0,0,0.01988188851507617,LOW,Benign
12/28/23 17:38,12/28/23 17:38,,,WindowsUpdate.20231228.182814.085.1.etl,\Windows\Logs\WindowsUpdate\WindowsUpdate.20231228.182814.085.1.etl,,,\Windows\Logs\WindowsUpdate\WindowsUpdate.20231228.182814.085.1.etl|WindowsUpdate.20231228.182814.085.1.etl,1750016000.0,File_Created / Basic_Info_Changed / Data_Added / Data_Overwritten / Content_Indexed_Attr_Changed,0x002C00000000C8BA,0x000100000001A7D0,usnjrnl_only,False,,,,,,,,,False,FALSE,FALSE,FALSE,,FALSE,,FALSE,False,False,False,False,39,False,20,1736,11,18,False,True,True,False,False,4,,1,1,0,0,0,0,0,0.0298144208085607,LOW,Benign
12/28/23 17:38,12/28/23 17:38,,,WindowsUpdate.20231228.182814.085.1.etl,\Windows\Logs\WindowsUpdate\WindowsUpdate.20231228.182814.085.1.etl,,,\Windows\Logs\WindowsUpdate\WindowsUpdate.20231228.182814.085.1.etl|WindowsUpdate.20231228.182814.085.1.etl,1750016144.0,File_Created / Basic_Info_Changed / Data_Added / Data_Overwritten / Content_Indexed_Attr_Changed / File_Closed,0x002C00000000C8BA,0x000100000001A7D0,usnjrnl_only,False,,,,,,,,,False,FALSE,FALSE,FALSE,,FALSE,,FALSE,False,False,False,True,39,False,20,1736,11,0,False,True,True,True,True,4,,1,2,0,0,0,0,0,0.029540763940562008,LOW,Benign
12/28/23 17:38,12/28/23 17:38,,,nodes.dat,\ProgramData\Avast Software\Avast\IDS\malwareprofile\nodes.dat,,,\ProgramData\Avast Software\Avast\IDS\malwareprofile\nodes.dat|nodes.dat,1750026936.0,File_Created / Basic_Info_Changed / Data_Added / Data_Overwritten / Data_Truncated / File_Renamed_New,0x001100000000B485,0x00060000000198CB,usnjrnl_only,False,,,,,,,,,False,FALSE,FALSE,FALSE,,FALSE,,FALSE,False,False,False,True,9,False,2536,1736,11,37,False,True,True,False,False,6,,1,1,0,0,0,0,0,0.0298144208085607,LOW,Benign
12/28/23 17:38,12/28/23 17:38,,,nodes.dat,\ProgramData\Avast Software\Avast\IDS\malwareprofile\nodes.dat,,,\ProgramData\Avast Software\Avast\IDS\malwareprofile\nodes.dat|nodes.dat,1750027016.0,File_Created / Basic_Info_Changed / Data_Added / Data_Overwritten / Data_Truncated / File_Renamed_New / File_Closed,0x001100000000B485,0x00060000000198CB,usnjrnl_only,False,,,,,,,,,False,FALSE,FALSE,FALSE,,FALSE,,FALSE,False,False,False,True,9,False,2536,1736,11,0,False,True,True,True,True,6,,1,2,0,0,0,0,0,0.01988188851507617,LOW,Benign
12/28/23 17:38,12/28/23 17:38,,,backup.dat,\ProgramData\Avast Software\Avast\IDS\malwareprofile\backup.dat,,,\ProgramData\Avast Software\Avast\IDS\malwareprofile\backup.dat|backup.dat,1750027336.0,Basic_Info_Changed / Data_Added / Data_Overwritten / Data_Truncated,0x0002000000013ECB,0x00060000000198CB,usnjrnl_only,False,,,,,,,,,False,FALSE,FALSE,FALSE,,FALSE,,FALSE,False,False,False,True,10,False,1182,1736,11,0,False,True,True,False,False,6,,1,1,0,0,0,0,0,0.0298144208085607,LOW,Benign
12/28/23 17:38,12/28/23 17:38,,,backup.dat,\ProgramData\Avast Software\Avast\IDS\malwareprofile\backup.dat,,,\ProgramData\Avast Software\Avast\IDS\malwareprofile\backup.dat|backup.dat,1750027416.0,Basic_Info_Changed / Data_Added / Data_Overwritten / Data_Truncated / File_Closed,0x0002000000013ECB,0x00060000000198CB,usnjrnl_only,False,,,,,,,,,False,FALSE,FALSE,FALSE,,FALSE,,FALSE,False,False,False,True,10,False,1182,1736,11,0,False,True,True,True,True,6,,1,2,0,0,0,0,0,0.01988188851507617,LOW,Benign
12/28/23 17:42,12/28/23 17:42,,,globalLoadable.dat,\ProgramData\Avast Software\Avast\IDS\profile\globalLoadable.dat,,,\ProgramData\Avast Software\Avast\IDS\profile\globalLoadable.dat|globalLoadable.dat,1750064512.0,File_Created / Basic_Info_Changed / Data_Added / Data_Overwritten / File_Renamed_New,0x005000000000C69C,0x000A00000001F980,usnjrnl_only,False,,,,,,,,,False,FALSE,FALSE,FALSE,,FALSE,,FALSE,False,False,False,True,18,False,3770,1736,5,203,False,True,True,False,False,6,,1,1,0,0,0,0,0,0.0298144208085607,LOW,Benign
12/28/23 17:42,12/28/23 17:42,,,globalLoadable.dat,\ProgramData\Avast Software\Avast\IDS\profile\globalLoadable.dat,,,\ProgramData\Avast Software\Avast\IDS\profile\globalLoadable.dat|globalLoadable.dat,1750064608.0,File_Created / Basic_Info_Changed / Data_Added / Data_Overwritten / File_Renamed_New / File_Closed,0x005000000000C69C,0x000A00000001F980,usnjrnl_only,False,,,,,,,,,False,FALSE,FALSE,FALSE,,FALSE,,FALSE,False,False,False,True,18,False,3770,1736,5,0,False,True,True,True,True,6,,1,2,0,0,0,0,0,0.01988188851507617,LOW,Benign
12/28/23 17:42,12/28/23 17:42,,,cache.dat,\ProgramData\Avast Software\Avast\IDS\malwareprofile\cache.dat,,,\ProgramData\Avast Software\Avast\IDS\malwareprofile\cache.dat|cache.dat,1750066208.0,File_Created / Basic_Info_Changed / Data_Added / Data_Overwritten / File_Renamed_New,0x004200000000C547,0x00060000000198CB,usnjrnl_only,False,,,,,,,,,False,FALSE,FALSE,FALSE,,FALSE,,FALSE,False,False,False,True,9,False,3770,1736,5,2,False,True,True,False,False,6,,1,1,0,0,0,0,0,0.0298144208085607,LOW,Benign
12/28/23 17:42,12/28/23 17:42,,,cache.dat,\ProgramData\Avast Software\Avast\IDS\malwareprofile\cache.dat,,,\ProgramData\Avast Software\Avast\IDS\malwareprofile\cache.dat|cache.dat,1750066288.0,File_Created / Basic_Info_Changed / Data_Added / Data_Overwritten / File_Renamed_New / File_Closed,0x004200000000C547,0x00060000000198CB,usnjrnl_only,False,,,,,,,,,False,FALSE,FALSE,FALSE,,FALSE,,FALSE,False,False,False,True,9,False,3770,1736,5,0,False,True,True,True,True,6,,1,2,0,0,0,0,0,0.01988188851507617,LOW,Benign
12/28/23 17:42,12/28/23 17:42,,,FileCoAuth-2023-12-28.0942.11548.1.aodl,\Users\blueangel\AppData\Local\Microsoft\OneDrive\logs\Common\FileCoAuth-2023-12-28.0942.11548.1.aodl,,,\Users\blueangel\AppData\Local\Microsoft\OneDrive\logs\Common\FileCoAuth-2023-12-28.0942.11548.1.aodl|FileCoAuth-2023-12-28.0942.11548.1.aodl,1750072024.0,File_Created / Basic_Info_Changed / Data_Added,0x000E000000001BAF,0x000200000001E4E0,usnjrnl_only,False,,,,,,,,,False,FALSE,FALSE,FALSE,,FALSE,,FALSE,False,False,False,True,39,False,10,1736,5,14,False,True,True,False,False,9,,1,1,0,0,0,0,0,0.0298144208085607,LOW,Benign
12/28/23 17:42,12/28/23 17:42,,,FileCoAuth-2023-12-28.0942.11548.1.aodl,\Users\blueangel\AppData\Local\Microsoft\OneDrive\logs\Common\FileCoAuth-2023-12-28.0942.11548.1.aodl,,,\Users\blueangel\AppData\Local\Microsoft\OneDrive\logs\Common\FileCoAuth-2023-12-28.0942.11548.1.aodl|FileCoAuth-2023-12-28.0942.11548.1.aodl,1750072168.0,File_Created / Basic_Info_Changed / Data_Added / File_Closed,0x000E000000001BAF,0x000200000001E4E0,usnjrnl_only,False,,,,,,,,,False,FALSE,FALSE,FALSE,,FALSE,,FALSE,False,False,False,True,39,False,10,1736,5,0,False,True,True,True,True,9,,1,2,0,0,0,0,0,0.01988188851507617,LOW,Benign
12/28/23 17:52,12/28/23 17:52,,,globalLoadable.dat,\ProgramData\Avast Software\Avast\IDS\profile\globalLoadable.dat,,,\ProgramData\Avast Software\Avast\IDS\profile\globalLoadable.dat|globalLoadable.dat,1750190848.0,File_Created / Basic_Info_Changed / Data_Added / Data_Overwritten / File_Renamed_New,0x009900000000C6C5,0x000A00000001F980,usnjrnl_only,False,,,,,,,,,False,FALSE,FALSE,FALSE,,FALSE,,FALSE,False,False,False,True,18,False,3770,1736,7,584,False,True,True,False,False,6,,1,1,0,0,0,0,0,0.0298144208085607,LOW,Benign
12/28/23 17:52,12/28/23 17:52,,,globalLoadable.dat,\ProgramData\Avast Software\Avast\IDS\profile\globalLoadable.dat,,,\ProgramData\Avast Software\Avast\IDS\profile\globalLoadable.dat|globalLoadable.dat,1750190944.0,File_Created / Basic_Info_Changed / Data_Added / Data_Overwritten / File_Renamed_New / File_Closed,0x009900000000C6C5,0x000A00000001F980,usnjrnl_only,False,,,,,,,,,False,FALSE,FALSE,FALSE,,FALSE,,FALSE,False,False,False,True,18,False,3770,1736,7,0,False,True,True,True,True,6,,1,2,0,0,0,0,0,0.01988188851507617,LOW,Benign
12/28/23 17:52,12/28/23 17:52,,,cache.dat,\ProgramData\Avast Software\Avast\IDS\malwareprofile\cache.dat,,,\ProgramData\Avast Software\Avast\IDS\malwareprofile\cache.dat|cache.dat,1750192360.0,File_Created / Basic_Info_Changed / Data_Added / Data_Overwritten / File_Renamed_New,0x000600000000C8D8,0x00060000000198CB,usnjrnl_only,False,,,,,,,,,False,FALSE,FALSE,FALSE,,FALSE,,FALSE,False,False,False,True,9,False,3770,1736,7,2,False,True,True,False,False,6,,1,1,0,0,0,0,0,0.0298144208085607,LOW,Benign
12/28/23 17:52,12/28/23 17:52,,,cache.dat,\ProgramData\Avast Software\Avast\IDS\malwareprofile\cache.dat,,,\ProgramData\Avast Software\Avast\IDS\malwareprofile\cache.dat|cache.dat,1750192440.0,File_Created / Basic_Info_Changed / Data_Added / Data_Overwritten / File_Renamed_New / File_Closed,0x000600000000C8D8,0x00060000000198CB,usnjrnl_only,False,,,,,,,,,False,FALSE,FALSE,FALSE,,FALSE,,FALSE,False,False,False,True,9,False,3770,1736,7,0,False,True,True,True,True,6,,1,2,0,0,0,0,0,0.01988188851507617,LOW,Benign
12/28/23 17:52,12/28/23 17:52,,,FileCoAuth-2023-12-28.0952.4704.1.aodl,\Users\blueangel\AppData\Local\Microsoft\OneDrive\logs\Common\FileCoAuth-2023-12-28.0952.4704.1.aodl,,,\Users\blueangel\AppData\Local\Microsoft\OneDrive\logs\Common\FileCoAuth-2023-12-28.0952.4704.1.aodl|FileCoAuth-2023-12-28.0952.4704.1.aodl,1750198568.0,File_Created / Basic_Info_Changed / Data_Added,0x004800000000C547,0x000200000001E4E0,usnjrnl_only,False,,,,,,,,,False,FALSE,FALSE,FALSE,,FALSE,,FALSE,False,False,False,True,38,False,10,1736,7,14,False,True,True,False,False,9,,1,1,0,0,0,0,0,0.0298144208085607,LOW,Benign
12/28/23 17:52,12/28/23 17:52,,,FileCoAuth-2023-12-28.0952.4704.1.aodl,\Users\blueangel\AppData\Local\Microsoft\OneDrive\logs\Common\FileCoAuth-2023-12-28.0952.4704.1.aodl,,,\Users\blueangel\AppData\Local\Microsoft\OneDrive\logs\Common\FileCoAuth-2023-12-28.0952.4704.1.aodl|FileCoAuth-2023-12-28.0952.4704.1.aodl,1750198704.0,File_Created / Basic_Info_Changed / Data_Added / File_Closed,0x004800000000C547,0x000200000001E4E0,usnjrnl_only,False,,,,,,,,,False,FALSE,FALSE,FALSE,,FALSE,,FALSE,False,False,False,True,38,False,10,1736,7,0,False,True,True,True,True,9,,1,2,0,0,0,0,0,0.01988188851507617,LOW,Benign
12/28/23 17:53,12/28/23 17:53,,,nodes.dat,\ProgramData\Avast Software\Avast\IDS\malwareprofile\nodes.dat,,,\ProgramData\Avast Software\Avast\IDS\malwareprofile\nodes.dat|nodes.dat,1750223016.0,File_Created / Basic_Info_Changed / Data_Added / Data_Overwritten / Data_Truncated / File_Renamed_New,0x002100000000C8D9,0x00060000000198CB,usnjrnl_only,False,,,,,,,,,False,FALSE,FALSE,FALSE,,FALSE,,FALSE,False,False,False,True,9,False,2536,1736,7,84,False,True,True,False,False,6,,1,1,0,0,0,0,0,0.0298144208085607,LOW,Benign
12/28/23 17:53,12/28/23 17:53,,,nodes.dat,\ProgramData\Avast Software\Avast\IDS\malwareprofile\nodes.dat,,,\ProgramData\Avast Software\Avast\IDS\malwareprofile\nodes.dat|nodes.dat,1750223096.0,File_Created / Basic_Info_Changed / Data_Added / Data_Overwritten / Data_Truncated / File_Renamed_New / File_Closed,0x002100000000C8D9,0x00060000000198CB,usnjrnl_only,False,,,,,,,,,False,FALSE,FALSE,FALSE,,FALSE,,FALSE,False,False,False,True,9,False,2536,1736,7,0,False,True,True,True,True,6,,1,2,0,0,0,0,0,0.01988188851507617,LOW,Benign
12/28/23 18:02,12/28/23 18:02,,,globalLoadable.dat,\ProgramData\Avast Software\Avast\IDS\profile\globalLoadable.dat,,,\ProgramData\Avast Software\Avast\IDS\profile\globalLoadable.dat|globalLoadable.dat,1750315352.0,File_Created / Basic_Info_Changed / Data_Added / Data_Overwritten / File_Renamed_New,0x002D00000000C20B,0x000A00000001F980,usnjrnl_only,False,,,,,,,,,False,FALSE,FALSE,FALSE,,FALSE,,FALSE,False,False,False,True,18,False,3770,1736,5,500,False,True,True,False,False,6,,1,1,0,0,0,0,0,0.0298144208085607,LOW,Benign
12/28/23 18:02,12/28/23 18:02,,,globalLoadable.dat,\ProgramData\Avast Software\Avast\IDS\profile\globalLoadable.dat,,,\ProgramData\Avast Software\Avast\IDS\profile\globalLoadable.dat|globalLoadable.dat,1750315448.0,File_Created / Basic_Info_Changed / Data_Added / Data_Overwritten / File_Renamed_New / File_Closed,0x002D00000000C20B,0x000A00000001F980,usnjrnl_only,False,,,,,,,,,False,FALSE,FALSE,FALSE,,FALSE,,FALSE,False,False,False,True,18,False,3770,1736,5,0,False,True,True,True,True,6,,1,2,0,0,0,0,0,0.01988188851507617,LOW,Benign
12/28/23 18:02,12/28/23 18:02,,,cache.dat,\ProgramData\Avast Software\Avast\IDS\malwareprofile\cache.dat,,,\ProgramData\Avast Software\Avast\IDS\malwareprofile\cache.dat|cache.dat,1750316392.0,File_Created / Basic_Info_Changed / Data_Added / Data_Overwritten / File_Renamed_New,0x009A00000000C6C5,0x00060000000198CB,usnjrnl_only,False,,,,,,,,,False,FALSE,FALSE,FALSE,,FALSE,,FALSE,False,False,False,True,9,False,3770,1736,5,2,False,True,True,False,False,6,,1,1,0,0,0,0,0,0.0298144208085607,LOW,Benign
12/28/23 18:02,12/28/23 18:02,,,cache.dat,\ProgramData\Avast Software\Avast\IDS\malwareprofile\cache.dat,,,\ProgramData\Avast Software\Avast\IDS\malwareprofile\cache.dat|cache.dat,1750316472.0,File_Created / Basic_Info_Changed / Data_Added / Data_Overwritten / File_Renamed_New / File_Closed,0x009A00000000C6C5,0x00060000000198CB,usnjrnl_only,False,,,,,,,,,False,FALSE,FALSE,FALSE,,FALSE,,FALSE,False,False,False,True,9,False,3770,1736,5,0,False,True,True,True,True,6,,1,2,0,0,0,0,0,0.01988188851507617,LOW,Benign
12/28/23 18:02,12/28/23 18:02,,,FileCoAuth-2023-12-28.1002.11508.1.aodl,\Users\blueangel\AppData\Local\Microsoft\OneDrive\logs\Common\FileCoAuth-2023-12-28.1002.11508.1.aodl,,,\Users\blueangel\AppData\Local\Microsoft\OneDrive\logs\Common\FileCoAuth-2023-12-28.1002.11508.1.aodl|FileCoAuth-2023-12-28.1002.11508.1.aodl,1750323016.0,File_Created / Basic_Info_Changed / Data_Added,0x000D00000000C8D8,0x000200000001E4E0,usnjrnl_only,False,,,,,,,,,False,FALSE,FALSE,FALSE,,FALSE,,FALSE,False,False,False,True,39,False,10,1736,5,14,False,True,True,False,False,9,,1,1,0,0,0,0,0,0.0298144208085607,LOW,Benign
12/28/23 18:02,12/28/23 18:02,,,FileCoAuth-2023-12-28.1002.11508.1.aodl,\Users\blueangel\AppData\Local\Microsoft\OneDrive\logs\Common\FileCoAuth-2023-12-28.1002.11508.1.aodl,,,\Users\blueangel\AppData\Local\Microsoft\OneDrive\logs\Common\FileCoAuth-2023-12-28.1002.11508.1.aodl|FileCoAuth-2023-12-28.1002.11508.1.aodl,1750323200.0,File_Created / Basic_Info_Changed / Data_Added / File_Closed,0x000D00000000C8D8,0x000200000001E4E0,usnjrnl_only,False,,,,,,,,,False,FALSE,FALSE,FALSE,,FALSE,,FALSE,False,False,False,True,39,False,10,1736,5,0,False,True,True,True,True,9,,1,2,0,0,0,0,0,0.01988188851507617,LOW,Benign
12/28/23 18:08,12/28/23 18:08,,,nodes.dat,\ProgramData\Avast Software\Avast\IDS\malwareprofile\nodes.dat,,,\ProgramData\Avast Software\Avast\IDS\malwareprofile\nodes.dat|nodes.dat,1750425160.0,File_Created / Basic_Info_Changed / Data_Added / Data_Overwritten / Data_Truncated / File_Renamed_New,0x002600000000C8E1,0x00060000000198CB,usnjrnl_only,False,,,,,,,,,False,FALSE,FALSE,FALSE,,FALSE,,FALSE,False,False,False,True,9,False,2536,1736,3,387,False,True,True,False,False,6,,1,1,0,0,0,0,0,0.0298144208085607,LOW,Benign
12/28/23 18:08,12/28/23 18:08,,,nodes.dat,\ProgramData\Avast Software\Avast\IDS\malwareprofile\nodes.dat,,,\ProgramData\Avast Software\Avast\IDS\malwareprofile\nodes.dat|nodes.dat,1750425240.0,File_Created / Basic_Info_Changed / Data_Added / Data_Overwritten / Data_Truncated / File_Renamed_New / File_Closed,0x002600000000C8E1,0x00060000000198CB,usnjrnl_only,False,,,,,,,,,False,FALSE,FALSE,FALSE,,FALSE,,FALSE,False,False,False,True,9,False,2536,1736,3,0,False,True,True,True,True,6,,1,2,0,0,0,0,0,0.01988188851507617,LOW,Benign
12/28/23 18:08,12/28/23 18:08,,,backup.dat,\ProgramData\Avast Software\Avast\IDS\malwareprofile\backup.dat,,,\ProgramData\Avast Software\Avast\IDS\malwareprofile\backup.dat|backup.dat,1750425600.0,Basic_Info_Changed / Data_Added / Data_Overwritten / Data_Truncated,0x0002000000013ECB,0x00060000000198CB,usnjrnl_only,False,,,,,,,,,False,FALSE,FALSE,FALSE,,FALSE,,FALSE,False,False,False,True,10,False,1182,1736,3,0,False,True,True,False,False,6,,1,1,0,0,0,0,0,0.0298144208085607,LOW,Benign
12/28/23 18:08,12/28/23 18:08,,,backup.dat,\ProgramData\Avast Software\Avast\IDS\malwareprofile\backup.dat,,,\ProgramData\Avast Software\Avast\IDS\malwareprofile\backup.dat|backup.dat,1750425680.0,Basic_Info_Changed / Data_Added / Data_Overwritten / Data_Truncated / File_Closed,0x0002000000013ECB,0x00060000000198CB,usnjrnl_only,False,,,,,,,,,False,FALSE,FALSE,FALSE,,FALSE,,FALSE,False,False,False,True,10,False,1182,1736,3,0,False,True,True,True,True,6,,1,2,0,0,0,0,0,0.01988188851507617,LOW,Benign
12/28/23 18:12,12/28/23 18:12,,,globalLoadable.dat,\ProgramData\Avast Software\Avast\IDS\profile\globalLoadable.dat,,,\ProgramData\Avast Software\Avast\IDS\profile\globalLoadable.dat|globalLoadable.dat,1750460176.0,File_Created / Basic_Info_Changed / Data_Added / Data_Overwritten / File_Renamed_New,0x004D00000000C8D9,0x000A00000001F980,usnjrnl_only,False,,,,,,,,,False,FALSE,FALSE,FALSE,,FALSE,,FALSE,False,False,False,True,18,False,3770,1736,5,198,False,True,True,False,False,6,,1,1,0,0,0,0,0,0.0298144208085607,LOW,Benign
12/28/23 18:12,12/28/23 18:12,,,globalLoadable.dat,\ProgramData\Avast Software\Avast\IDS\profile\globalLoadable.dat,,,\ProgramData\Avast Software\Avast\IDS\profile\globalLoadable.dat|globalLoadable.dat,1750460272.0,File_Created / Basic_Info_Changed / Data_Added / Data_Overwritten / File_Renamed_New / File_Closed,0x004D00000000C8D9,0x000A00000001F980,usnjrnl_only,False,,,,,,,,,False,FALSE,FALSE,FALSE,,FALSE,,FALSE,False,False,False,True,18,False,3770,1736,5,0,False,True,True,True,True,6,,1,2,0,0,0,0,0,0.01988188851507617,LOW,Benign
12/28/23 18:12,12/28/23 18:12,,,cache.dat,\ProgramData\Avast Software\Avast\IDS\malwareprofile\cache.dat,,,\ProgramData\Avast Software\Avast\IDS\malwareprofile\cache.dat|cache.dat,1750461136.0,File_Created / Basic_Info_Changed / Data_Added / Data_Overwritten / File_Renamed_New,0x002E00000000C20B,0x00060000000198CB,usnjrnl_only,False,,,,,,,,,False,FALSE,FALSE,FALSE,,FALSE,,FALSE,False,False,False,True,9,False,3770,1736,5,1,False,True,True,False,False,6,,1,1,0,0,0,0,0,0.0298144208085607,LOW,Benign
12/28/23 18:12,12/28/23 18:12,,,cache.dat,\ProgramData\Avast Software\Avast\IDS\malwareprofile\cache.dat,,,\ProgramData\Avast Software\Avast\IDS\malwareprofile\cache.dat|cache.dat,1750461216.0,File_Created / Basic_Info_Changed / Data_Added / Data_Overwritten / File_Renamed_New / File_Closed,0x002E00000000C20B,0x00060000000198CB,usnjrnl_only,False,,,,,,,,,False,FALSE,FALSE,FALSE,,FALSE,,FALSE,False,False,False,True,9,False,3770,1736,5,0,False,True,True,True,True,6,,1,2,0,0,0,0,0,0.01988188851507617,LOW,Benign
12/28/23 18:12,12/28/23 18:12,,,FileCoAuth-2023-12-28.1012.6920.1.aodl,\Users\blueangel\AppData\Local\Microsoft\OneDrive\logs\Common\FileCoAuth-2023-12-28.1012.6920.1.aodl,,,\Users\blueangel\AppData\Local\Microsoft\OneDrive\logs\Common\FileCoAuth-2023-12-28.1012.6920.1.aodl|FileCoAuth-2023-12-28.1012.6920.1.aodl,1750466760.0,File_Created / Basic_Info_Changed / Data_Added,0x009F00000000C6C5,0x000200000001E4E0,usnjrnl_only,False,,,,,,,,,False,FALSE,FALSE,FALSE,,FALSE,,FALSE,False,False,False,True,38,False,10,1736,5,14,False,True,True,False,False,9,,1,1,0,0,0,0,0,0.0298144208085607,LOW,Benign
12/28/23 18:12,12/28/23 18:12,,,FileCoAuth-2023-12-28.1012.6920.1.aodl,\Users\blueangel\AppData\Local\Microsoft\OneDrive\logs\Common\FileCoAuth-2023-12-28.1012.6920.1.aodl,,,\Users\blueangel\AppData\Local\Microsoft\OneDrive\logs\Common\FileCoAuth-2023-12-28.1012.6920.1.aodl|FileCoAuth-2023-12-28.1012.6920.1.aodl,1750466896.0,File_Created / Basic_Info_Changed / Data_Added / File_Closed,0x009F00000000C6C5,0x000200000001E4E0,usnjrnl_only,False,,,,,,,,,False,FALSE,FALSE,FALSE,,FALSE,,FALSE,False,False,False,True,38,False,10,1736,5,0,False,True,True,True,True,9,,1,2,0,0,0,0,0,0.01988188851507617,LOW,Benign
12/28/23 18:22,12/28/23 18:22,,,globalLoadable.dat,\ProgramData\Avast Software\Avast\IDS\profile\globalLoadable.dat,,,\ProgramData\Avast Software\Avast\IDS\profile\globalLoadable.dat|globalLoadable.dat,1750589784.0,File_Created / Basic_Info_Changed / Data_Added / Data_Overwritten / File_Renamed_New,0x009200000000C71B,0x000A00000001F980,usnjrnl_only,False,,,,,,,,,False,FALSE,FALSE,FALSE,,FALSE,,FALSE,False,False,False,True,18,False,3770,1736,9,585,False,True,True,False,False,6,,1,1,0,0,0,0,0,0.0298144208085607,LOW,Benign
12/28/23 18:22,12/28/23 18:22,,,globalLoadable.dat,\ProgramData\Avast Software\Avast\IDS\profile\globalLoadable.dat,,,\ProgramData\Avast Software\Avast\IDS\profile\globalLoadable.dat|globalLoadable.dat,1750589880.0,File_Created / Basic_Info_Changed / Data_Added / Data_Overwritten / File_Renamed_New / File_Closed,0x009200000000C71B,0x000A00000001F980,usnjrnl_only,False,,,,,,,,,False,FALSE,FALSE,FALSE,,FALSE,,FALSE,False,False,False,True,18,False,3770,1736,9,0,False,True,True,True,True,6,,1,2,0,0,0,0,0,0.01988188851507617,LOW,Benign
12/28/23 18:22,12/28/23 18:22,,,cache.dat,\ProgramData\Avast Software\Avast\IDS\malwareprofile\cache.dat,,,\ProgramData\Avast Software\Avast\IDS\malwareprofile\cache.dat|cache.dat,1750590968.0,File_Created / Basic_Info_Changed / Data_Added / Data_Overwritten / File_Renamed_New,0x001E00000000C735,0x00060000000198CB,usnjrnl_only,False,,,,,,,,,False,FALSE,FALSE,FALSE,,FALSE,,FALSE,False,False,False,True,9,False,3770,1736,9,1,False,True,True,False,False,6,,1,1,0,0,0,0,0,0.0298144208085607,LOW,Benign
12/28/23 18:22,12/28/23 18:22,,,cache.dat,\ProgramData\Avast Software\Avast\IDS\malwareprofile\cache.dat,,,\ProgramData\Avast Software\Avast\IDS\malwareprofile\cache.dat|cache.dat,1750591048.0,File_Created / Basic_Info_Changed / Data_Added / Data_Overwritten / File_Renamed_New / File_Closed,0x001E00000000C735,0x00060000000198CB,usnjrnl_only,False,,,,,,,,,False,FALSE,FALSE,FALSE,,FALSE,,FALSE,False,False,False,True,9,False,3770,1736,9,0,False,True,True,True,True,6,,1,2,0,0,0,0,0,0.01988188851507617,LOW,Benign
12/28/23 18:22,12/28/23 18:22,,,FileCoAuth-2023-12-28.1022.11528.1.aodl,\Users\blueangel\AppData\Local\Microsoft\OneDrive\logs\Common\FileCoAuth-2023-12-28.1022.11528.1.aodl,,,\Users\blueangel\AppData\Local\Microsoft\OneDrive\logs\Common\FileCoAuth-2023-12-28.1022.11528.1.aodl|FileCoAuth-2023-12-28.1022.11528.1.aodl,1750596912.0,File_Created / Basic_Info_Changed / Data_Added,0x003400000000C20B,0x000200000001E4E0,usnjrnl_only,False,,,,,,,,,False,FALSE,FALSE,FALSE,,FALSE,,FALSE,False,False,False,True,39,False,10,1736,9,14,False,True,True,False,False,9,,1,1,0,0,0,0,0,0.0298144208085607,LOW,Benign
12/28/23 18:22,12/28/23 18:22,,,FileCoAuth-2023-12-28.1022.11528.1.aodl,\Users\blueangel\AppData\Local\Microsoft\OneDrive\logs\Common\FileCoAuth-2023-12-28.1022.11528.1.aodl,,,\Users\blueangel\AppData\Local\Microsoft\OneDrive\logs\Common\FileCoAuth-2023-12-28.1022.11528.1.aodl|FileCoAuth-2023-12-28.1022.11528.1.aodl,1750597056.0,File_Created / Basic_Info_Changed / Data_Added / File_Closed,0x003400000000C20B,0x000200000001E4E0,usnjrnl_only,False,,,,,,,,,False,FALSE,FALSE,FALSE,,FALSE,,FALSE,False,False,False,True,39,False,10,1736,9,0,False,True,True,True,True,9,,1,2,0,0,0,0,0,0.01988188851507617,LOW,Benign
12/28/23 18:24,12/28/23 18:24,,,nodes.dat,\ProgramData\Avast Software\Avast\IDS\malwareprofile\nodes.dat,,,\ProgramData\Avast Software\Avast\IDS\malwareprofile\nodes.dat|nodes.dat,1750628088.0,File_Created / Basic_Info_Changed / Data_Added / Data_Overwritten / Data_Truncated / File_Renamed_New,0x000900000000C8F8,0x00060000000198CB,usnjrnl_only,False,,,,,,,,,False,FALSE,FALSE,FALSE,,FALSE,,FALSE,False,False,False,True,9,False,2536,1736,9,89,False,True,True,False,False,6,,1,1,0,0,0,0,0,0.0298144208085607,LOW,Benign
12/28/23 18:24,12/28/23 18:24,,,nodes.dat,\ProgramData\Avast Software\Avast\IDS\malwareprofile\nodes.dat,,,\ProgramData\Avast Software\Avast\IDS\malwareprofile\nodes.dat|nodes.dat,1750628168.0,File_Created / Basic_Info_Changed / Data_Added / Data_Overwritten / Data_Truncated / File_Renamed_New / File_Closed,0x000900000000C8F8,0x00060000000198CB,usnjrnl_only,False,,,,,,,,,False,FALSE,FALSE,FALSE,,FALSE,,FALSE,False,False,False,True,9,False,2536,1736,9,0,False,True,True,True,True,6,,1,2,0,0,0,0,0,0.01988188851507617,LOW,Benign
12/28/23 18:24,12/28/23 18:24,,,backup.dat,\ProgramData\Avast Software\Avast\IDS\malwareprofile\backup.dat,,,\ProgramData\Avast Software\Avast\IDS\malwareprofile\backup.dat|backup.dat,1750628488.0,Basic_Info_Changed / Data_Added / Data_Overwritten / Data_Truncated,0x0002000000013ECB,0x00060000000198CB,usnjrnl_only,False,,,,,,,,,False,FALSE,FALSE,FALSE,,FALSE,,FALSE,False,False,False,True,10,False,1182,1736,9,0,False,True,True,False,False,6,,1,1,0,0,0,0,0,0.0298144208085607,LOW,Benign
12/28/23 18:24,12/28/23 18:24,,,backup.dat,\ProgramData\Avast Software\Avast\IDS\malwareprofile\backup.dat,,,\ProgramData\Avast Software\Avast\IDS\malwareprofile\backup.dat|backup.dat,1750628568.0,Basic_Info_Changed / Data_Added / Data_Overwritten / Data_Truncated / File_Closed,0x0002000000013ECB,0x00060000000198CB,usnjrnl_only,False,,,,,,,,,False,FALSE,FALSE,FALSE,,FALSE,,FALSE,False,False,False,True,10,False,1182,1736,9,0,False,True,True,True,True,6,,1,2,0,0,0,0,0,0.01988188851507617,LOW,Benign
12/28/23 18:28,12/28/23 18:28,,,MoUsoCoreWorker.5a53380d-f29f-4bff-b771-3fb55842b593.1.etl,\ProgramData\USOShared\Logs\System\MoUsoCoreWorker.5a53380d-f29f-4bff-b771-3fb55842b593.1.etl,,,\ProgramData\USOShared\Logs\System\MoUsoCoreWorker.5a53380d-f29f-4bff-b771-3fb55842b593.1.etl|MoUsoCoreWorker.5a53380d-f29f-4bff-b771-3fb55842b593.1.etl,1750675952.0,File_Created / Basic_Info_Changed,0x006100000000C8E1,0x0001000000000624,usnjrnl_only,False,,,,,,,,,False,FALSE,FALSE,FALSE,,FALSE,,FALSE,False,False,False,False,58,False,20,1736,13,253,False,True,True,False,False,5,,1,1,0,0,0,0,0,0.0298144208085607,LOW,Benign
12/28/23 18:28,12/28/23 18:28,,,MoUsoCoreWorker.5a53380d-f29f-4bff-b771-3fb55842b593.1.etl,\ProgramData\USOShared\Logs\System\MoUsoCoreWorker.5a53380d-f29f-4bff-b771-3fb55842b593.1.etl,,,\ProgramData\USOShared\Logs\System\MoUsoCoreWorker.5a53380d-f29f-4bff-b771-3fb55842b593.1.etl|MoUsoCoreWorker.5a53380d-f29f-4bff-b771-3fb55842b593.1.etl,1750676128.0,File_Created / Basic_Info_Changed / Data_Added,0x006100000000C8E1,0x0001000000000624,usnjrnl_only,False,,,,,,,,,False,FALSE,FALSE,FALSE,,FALSE,,FALSE,False,False,False,False,58,False,20,1736,13,0,False,True,True,False,False,5,,1,1,0,0,0,0,0,0.0298144208085607,LOW,Benign
12/28/23 18:28,12/28/23 18:28,,,WuProvider.2b6d3c5f-57e2-4f4e-9139-b74ca9bb381c.1.etl,\ProgramData\USOShared\Logs\System\WuProvider.2b6d3c5f-57e2-4f4e-9139-b74ca9bb381c.1.etl,,,\ProgramData\USOShared\Logs\System\WuProvider.2b6d3c5f-57e2-4f4e-9139-b74ca9bb381c.1.etl|WuProvider.2b6d3c5f-57e2-4f4e-9139-b74ca9bb381c.1.etl,1750676640.0,File_Created / Basic_Info_Changed,0x0005000000008169,0x0001000000000624,usnjrnl_only,False,,,,,,,,,False,FALSE,FALSE,FALSE,,FALSE,,FALSE,False,False,False,False,53,False,20,1736,13,0,False,True,True,False,False,5,,1,1,0,0,0,0,0,0.0298144208085607,LOW,Benign
12/28/23 18:28,12/28/23 18:28,,,WuProvider.2b6d3c5f-57e2-4f4e-9139-b74ca9bb381c.1.etl,\ProgramData\USOShared\Logs\System\WuProvider.2b6d3c5f-57e2-4f4e-9139-b74ca9bb381c.1.etl,,,\ProgramData\USOShared\Logs\System\WuProvider.2b6d3c5f-57e2-4f4e-9139-b74ca9bb381c.1.etl|WuProvider.2b6d3c5f-57e2-4f4e-9139-b74ca9bb381c.1.etl,1750676808.0,File_Created / Basic_Info_Changed / Data_Added,0x0005000000008169,0x0001000000000624,usnjrnl_only,False,,,,,,,,,False,FALSE,FALSE,FALSE,,FALSE,,FALSE,False,False,False,False,53,False,20,1736,13,0,False,True,True,False,False,5,,1,1,0,0,0,0,0,0.0298144208085607,LOW,Benign
12/28/23 18:28,12/28/23 18:28,,,WindowsUpdate.20231228.192814.145.1.etl,\Windows\Logs\WindowsUpdate\WindowsUpdate.20231228.192814.145.1.etl,,,\Windows\Logs\WindowsUpdate\WindowsUpdate.20231228.192814.145.1.etl|WindowsUpdate.20231228.192814.145.1.etl,1750677120.0,File_Created / Basic_Info_Changed / Content_Indexed_Attr_Changed,0x000700000000C8F4,0x000100000001A7D0,usnjrnl_only,False,,,,,,,,,False,FALSE,FALSE,FALSE,,FALSE,,FALSE,False,False,False,False,39,False,20,1736,13,0,False,True,True,False,False,4,,1,1,0,0,0,0,0,0.0298144208085607,LOW,Benign
12/28/23 18:28,12/28/23 18:28,,,WindowsUpdate.20231228.192814.145.1.etl,\Windows\Logs\WindowsUpdate\WindowsUpdate.20231228.192814.145.1.etl,,,\Windows\Logs\WindowsUpdate\WindowsUpdate.20231228.192814.145.1.etl|WindowsUpdate.20231228.192814.145.1.etl,1750677264.0,File_Created / Basic_Info_Changed / Data_Added / Content_Indexed_Attr_Changed,0x000700000000C8F4,0x000100000001A7D0,usnjrnl_only,False,,,,,,,,,False,FALSE,FALSE,FALSE,,FALSE,,FALSE,False,False,False,False,39,False,20,1736,13,0,False,True,True,False,False,4,,1,1,0,0,0,0,0,0.0298144208085607,LOW,Benign
12/28/23 18:28,12/28/23 18:28,,,waasmedic.20231228_102814_363.etl,\Windows\Logs\waasmedic\waasmedic.20231228_102814_363.etl,,,\Windows\Logs\waasmedic\waasmedic.20231228_102814_363.etl|waasmedic.20231228_102814_363.etl,1750678432.0,File_Created / Basic_Info_Changed / Content_Indexed_Attr_Changed,0x000400000000C8F5,0x000100000001A208,usnjrnl_only,False,,,,,,,,,False,FALSE,FALSE,FALSE,,FALSE,,FALSE,False,False,False,False,33,False,20,1736,13,0,False,True,True,False,False,4,,1,1,0,0,0,0,0,0.039773830643638035,LOW,Benign
12/28/23 18:28,12/28/23 18:28,,,waasmedic.20231228_102814_363.etl,\Windows\Logs\waasmedic\waasmedic.20231228_102814_363.etl,,,\Windows\Logs\waasmedic\waasmedic.20231228_102814_363.etl|waasmedic.20231228_102814_363.etl,1750678560.0,File_Created / Basic_Info_Changed / Data_Added / Content_Indexed_Attr_Changed,0x000400000000C8F5,0x000100000001A208,usnjrnl_only,False,,,,,,,,,False,FALSE,FALSE,FALSE,,FALSE,,FALSE,False,False,False,False,33,False,20,1736,13,0,False,True,True,False,False,4,,1,1,0,0,0,0,0,0.039773830643638035,LOW,Benign
12/28/23 18:28,12/28/23 18:28,,,waasmedic.20231228_102814_363.etl,\Windows\Logs\waasmedic\waasmedic.20231228_102814_363.etl,,,\Windows\Logs\waasmedic\waasmedic.20231228_102814_363.etl|waasmedic.20231228_102814_363.etl,1750680592.0,File_Created / Basic_Info_Changed / Data_Added / Data_Overwritten / Content_Indexed_Attr_Changed,0x000400000000C8F5,0x000100000001A208,usnjrnl_only,False,,,,,,,,,False,FALSE,FALSE,FALSE,,FALSE,,FALSE,False,False,False,False,33,False,20,1736,13,0,False,True,True,False,False,4,,1,1,0,0,0,0,0,0.039773830643638035,LOW,Benign
12/28/23 18:29,12/28/23 18:29,,,waasmedic.20231228_102814_363.etl,\Windows\Logs\waasmedic\waasmedic.20231228_102814_363.etl,,,\Windows\Logs\waasmedic\waasmedic.20231228_102814_363.etl|waasmedic.20231228_102814_363.etl,1750697680.0,File_Created / Basic_Info_Changed / Data_Added / Data_Overwritten / Content_Indexed_Attr_Changed / File_Closed,0x000400000000C8F5,0x000100000001A208,usnjrnl_only,False,,,,,,,,,False,FALSE,FALSE,FALSE,,FALSE,,FALSE,False,False,False,True,33,False,20,1736,13,60,False,True,True,True,True,4,,1,2,0,0,0,0,0,0.03591128942202132,LOW,Benign
12/28/23 18:29,12/28/23 18:29,,,MoUsoCoreWorker.5a53380d-f29f-4bff-b771-3fb55842b593.1.etl,\ProgramData\USOShared\Logs\System\MoUsoCoreWorker.5a53380d-f29f-4bff-b771-3fb55842b593.1.etl,,,\ProgramData\USOShared\Logs\System\MoUsoCoreWorker.5a53380d-f29f-4bff-b771-3fb55842b593.1.etl|MoUsoCoreWorker.5a53380d-f29f-4bff-b771-3fb55842b593.1.etl,1750698464.0,File_Created / Basic_Info_Changed / Data_Added / Data_Overwritten,0x006100000000C8E1,0x0001000000000624,usnjrnl_only,False,,,,,,,,,False,FALSE,FALSE,FALSE,,FALSE,,FALSE,False,False,False,False,58,False,20,1736,13,1,False,True,True,False,False,5,,1,1,0,0,0,0,0,0.0298144208085607,LOW,Benign
12/28/23 18:29,12/28/23 18:29,,,MoUsoCoreWorker.5a53380d-f29f-4bff-b771-3fb55842b593.1.etl,\ProgramData\USOShared\Logs\System\MoUsoCoreWorker.5a53380d-f29f-4bff-b771-3fb55842b593.1.etl,,,\ProgramData\USOShared\Logs\System\MoUsoCoreWorker.5a53380d-f29f-4bff-b771-3fb55842b593.1.etl|MoUsoCoreWorker.5a53380d-f29f-4bff-b771-3fb55842b593.1.etl,1750698640.0,File_Created / Basic_Info_Changed / Data_Added / Data_Overwritten / File_Closed,0x006100000000C8E1,0x0001000000000624,usnjrnl_only,False,,,,,,,,,False,FALSE,FALSE,FALSE,,FALSE,,FALSE,False,False,False,True,58,False,20,1736,13,0,False,True,True,True,True,5,,1,2,0,0,0,0,0,0.01988188851507617,LOW,Benign
12/28/23 18:29,12/28/23 18:29,,,WuProvider.2b6d3c5f-57e2-4f4e-9139-b74ca9bb381c.1.etl,\ProgramData\USOShared\Logs\System\WuProvider.2b6d3c5f-57e2-4f4e-9139-b74ca9bb381c.1.etl,,,\ProgramData\USOShared\Logs\System\WuProvider.2b6d3c5f-57e2-4f4e-9139-b74ca9bb381c.1.etl|WuProvider.2b6d3c5f-57e2-4f4e-9139-b74ca9bb381c.1.etl,1750699704.0,File_Created / Basic_Info_Changed / Data_Added / Data_Overwritten,0x0005000000008169,0x0001000000000624,usnjrnl_only,False,,,,,,,,,False,FALSE,FALSE,FALSE,,FALSE,,FALSE,False,False,False,False,53,False,20,1736,13,0,False,True,True,False,False,5,,1,1,0,0,0,0,0,0.0298144208085607,LOW,Benign
12/28/23 18:29,12/28/23 18:29,,,WuProvider.2b6d3c5f-57e2-4f4e-9139-b74ca9bb381c.1.etl,\ProgramData\USOShared\Logs\System\WuProvider.2b6d3c5f-57e2-4f4e-9139-b74ca9bb381c.1.etl,,,\ProgramData\USOShared\Logs\System\WuProvider.2b6d3c5f-57e2-4f4e-9139-b74ca9bb381c.1.etl|WuProvider.2b6d3c5f-57e2-4f4e-9139-b74ca9bb381c.1.etl,1750700032.0,File_Created / Basic_Info_Changed / Data_Added / Data_Overwritten / File_Closed,0x0005000000008169,0x0001000000000624,usnjrnl_only,False,,,,,,,,,False,FALSE,FALSE,FALSE,,FALSE,,FALSE,False,False,False,True,53,False,20,1736,13,0,False,True,True,True,True,5,,1,2,0,0,0,0,0,0.01988188851507617,LOW,Benign
12/28/23 18:32,12/28/23 18:32,,,globalLoadable.dat,\ProgramData\Avast Software\Avast\IDS\profile\globalLoadable.dat,,,\ProgramData\Avast Software\Avast\IDS\profile\globalLoadable.dat|globalLoadable.dat,1750737144.0,File_Created / Basic_Info_Changed / Data_Added / Data_Overwritten / File_Renamed_New,0x002B00000000C74C,0x000A00000001F980,usnjrnl_only,False,,,,,,,,,False,FALSE,FALSE,FALSE,,FALSE,,FALSE,False,False,False,True,18,False,3770,1736,5,182,False,True,True,False,False,6,,1,1,0,0,0,0,0,0.0298144208085607,LOW,Benign
12/28/23 18:32,12/28/23 18:32,,,globalLoadable.dat,\ProgramData\Avast Software\Avast\IDS\profile\globalLoadable.dat,,,\ProgramData\Avast Software\Avast\IDS\profile\globalLoadable.dat|globalLoadable.dat,1750737240.0,File_Created / Basic_Info_Changed / Data_Added / Data_Overwritten / File_Renamed_New / File_Closed,0x002B00000000C74C,0x000A00000001F980,usnjrnl_only,False,,,,,,,,,False,FALSE,FALSE,FALSE,,FALSE,,FALSE,False,False,False,True,18,False,3770,1736,5,0,False,True,True,True,True,6,,1,2,0,0,0,0,0,0.01988188851507617,LOW,Benign
12/28/23 18:32,12/28/23 18:32,,,cache.dat,\ProgramData\Avast Software\Avast\IDS\malwareprofile\cache.dat,,,\ProgramData\Avast Software\Avast\IDS\malwareprofile\cache.dat|cache.dat,1750738104.0,File_Created / Basic_Info_Changed / Data_Added / Data_Overwritten / File_Renamed_New,0x009300000000C71B,0x00060000000198CB,usnjrnl_only,False,,,,,,,,,False,FALSE,FALSE,FALSE,,FALSE,,FALSE,False,False,False,True,9,False,3770,1736,5,1,False,True,True,False,False,6,,1,1,0,0,0,0,0,0.0298144208085607,LOW,Benign
12/28/23 18:32,12/28/23 18:32,,,cache.dat,\ProgramData\Avast Software\Avast\IDS\malwareprofile\cache.dat,,,\ProgramData\Avast Software\Avast\IDS\malwareprofile\cache.dat|cache.dat,1750738184.0,File_Created / Basic_Info_Changed / Data_Added / Data_Overwritten / File_Renamed_New / File_Closed,0x009300000000C71B,0x00060000000198CB,usnjrnl_only,False,,,,,,,,,False,FALSE,FALSE,FALSE,,FALSE,,FALSE,False,False,False,True,9,False,3770,1736,5,0,False,True,True,True,True,6,,1,2,0,0,0,0,0,0.01988188851507617,LOW,Benign
12/28/23 18:32,12/28/23 18:32,,,FileCoAuth-2023-12-28.1032.5844.1.aodl,\Users\blueangel\AppData\Local\Microsoft\OneDrive\logs\Common\FileCoAuth-2023-12-28.1032.5844.1.aodl,,,\Users\blueangel\AppData\Local\Microsoft\OneDrive\logs\Common\FileCoAuth-2023-12-28.1032.5844.1.aodl|FileCoAuth-2023-12-28.1032.5844.1.aodl,1750744744.0,File_Created / Basic_Info_Changed / Data_Added,0x002300000000C735,0x000200000001E4E0,usnjrnl_only,False,,,,,,,,,False,FALSE,FALSE,FALSE,,FALSE,,FALSE,False,False,False,True,38,False,10,1736,5,14,False,True,True,False,False,9,,1,1,0,0,0,0,0,0.0298144208085607,LOW,Benign
12/28/23 18:32,12/28/23 18:32,,,FileCoAuth-2023-12-28.1032.5844.1.aodl,\Users\blueangel\AppData\Local\Microsoft\OneDrive\logs\Common\FileCoAuth-2023-12-28.1032.5844.1.aodl,,,\Users\blueangel\AppData\Local\Microsoft\OneDrive\logs\Common\FileCoAuth-2023-12-28.1032.5844.1.aodl|FileCoAuth-2023-12-28.1032.5844.1.aodl,1750744880.0,File_Created / Basic_Info_Changed / Data_Added / File_Closed,0x002300000000C735,0x000200000001E4E0,usnjrnl_only,False,,,,,,,,,False,FALSE,FALSE,FALSE,,FALSE,,FALSE,False,False,False,True,38,False,10,1736,5,0,False,True,True,True,True,9,,1,2,0,0,0,0,0,0.01988188851507617,LOW,Benign
12/28/23 18:38,12/28/23 18:38,,,WindowsUpdate.20231228.192814.145.1.etl,\Windows\Logs\WindowsUpdate\WindowsUpdate.20231228.192814.145.1.etl,,,\Windows\Logs\WindowsUpdate\WindowsUpdate.20231228.192814.145.1.etl|WindowsUpdate.20231228.192814.145.1.etl,1750817224.0,File_Created / Basic_Info_Changed / Data_Added / Data_Overwritten / Content_Indexed_Attr_Changed,0x000700000000C8F4,0x000100000001A7D0,usnjrnl_only,False,,,,,,,,,False,FALSE,FALSE,FALSE,,FALSE,,FALSE,False,False,False,False,39,False,20,1736,3,344,False,True,True,False,False,4,,1,1,0,0,0,0,0,0.0298144208085607,LOW,Benign
12/28/23 18:38,12/28/23 18:38,,,WindowsUpdate.20231228.192814.145.1.etl,\Windows\Logs\WindowsUpdate\WindowsUpdate.20231228.192814.145.1.etl,,,\Windows\Logs\WindowsUpdate\WindowsUpdate.20231228.192814.145.1.etl|WindowsUpdate.20231228.192814.145.1.etl,1750817368.0,File_Created / Basic_Info_Changed / Data_Added / Data_Overwritten / Content_Indexed_Attr_Changed / File_Closed,0x000700000000C8F4,0x000100000001A7D0,usnjrnl_only,False,,,,,,,,,False,FALSE,FALSE,FALSE,,FALSE,,FALSE,False,False,False,True,39,False,20,1736,3,0,False,True,True,True,True,4,,1,2,0,0,0,0,0,0.029540763940562008,LOW,Benign
12/28/23 18:39,12/28/23 18:39,,,nodes.dat,\ProgramData\Avast Software\Avast\IDS\malwareprofile\nodes.dat,,,\ProgramData\Avast Software\Avast\IDS\malwareprofile\nodes.dat|nodes.dat,1750829800.0,File_Created / Basic_Info_Changed / Data_Added / Data_Overwritten / Data_Truncated / File_Renamed_New,0x003F00000000C794,0x00060000000198CB,usnjrnl_only,False,,,,,,,,,False,FALSE,FALSE,FALSE,,FALSE,,FALSE,False,False,False,True,9,False,2536,1736,3,48,False,True,True,False,False,6,,1,1,0,0,0,0,0,0.0298144208085607,LOW,Benign
12/28/23 18:39,12/28/23 18:39,,,nodes.dat,\ProgramData\Avast Software\Avast\IDS\malwareprofile\nodes.dat,,,\ProgramData\Avast Software\Avast\IDS\malwareprofile\nodes.dat|nodes.dat,1750829880.0,File_Created / Basic_Info_Changed / Data_Added / Data_Overwritten / Data_Truncated / File_Renamed_New / File_Closed,0x003F00000000C794,0x00060000000198CB,usnjrnl_only,False,,,,,,,,,False,FALSE,FALSE,FALSE,,FALSE,,FALSE,False,False,False,True,9,False,2536,1736,3,0,False,True,True,True,True,6,,1,2,0,0,0,0,0,0.01988188851507617,LOW,Benign
12/28/23 18:42,12/28/23 18:42,,,globalLoadable.dat,\ProgramData\Avast Software\Avast\IDS\profile\globalLoadable.dat,,,\ProgramData\Avast Software\Avast\IDS\profile\globalLoadable.dat|globalLoadable.dat,1750867328.0,File_Created / Basic_Info_Changed / Data_Added / Data_Overwritten / File_Renamed_New,0x019800000000AA78,0x000A00000001F980,usnjrnl_only,False,,,,,,,,,False,FALSE,FALSE,FALSE,,FALSE,,FALSE,False,False,False,True,18,False,3770,1736,5,193,False,True,True,False,False,6,,1,1,0,0,0,0,0,0.0298144208085607,LOW,Benign
12/28/23 18:42,12/28/23 18:42,,,globalLoadable.dat,\ProgramData\Avast Software\Avast\IDS\profile\globalLoadable.dat,,,\ProgramData\Avast Software\Avast\IDS\profile\globalLoadable.dat|globalLoadable.dat,1750867424.0,File_Created / Basic_Info_Changed / Data_Added / Data_Overwritten / File_Renamed_New / File_Closed,0x019800000000AA78,0x000A00000001F980,usnjrnl_only,False,,,,,,,,,False,FALSE,FALSE,FALSE,,FALSE,,FALSE,False,False,False,True,18,False,3770,1736,5,0,False,True,True,True,True,6,,1,2,0,0,0,0,0,0.01988188851507617,LOW,Benign
12/28/23 18:42,12/28/23 18:42,,,cache.dat,\ProgramData\Avast Software\Avast\IDS\malwareprofile\cache.dat,,,\ProgramData\Avast Software\Avast\IDS\malwareprofile\cache.dat|cache.dat,1750868432.0,File_Created / Basic_Info_Changed / Data_Added / Data_Overwritten / File_Renamed_New,0x001600000000B47A,0x00060000000198CB,usnjrnl_only,False,,,,,,,,,False,FALSE,FALSE,FALSE,,FALSE,,FALSE,False,False,False,True,9,False,3770,1736,5,1,False,True,True,False,False,6,,1,1,0,0,0,0,0,0.0298144208085607,LOW,Benign
12/28/23 18:42,12/28/23 18:42,,,cache.dat,\ProgramData\Avast Software\Avast\IDS\malwareprofile\cache.dat,,,\ProgramData\Avast Software\Avast\IDS\malwareprofile\cache.dat|cache.dat,1750868512.0,File_Created / Basic_Info_Changed / Data_Added / Data_Overwritten / File_Renamed_New / File_Closed,0x001600000000B47A,0x00060000000198CB,usnjrnl_only,False,,,,,,,,,False,FALSE,FALSE,FALSE,,FALSE,,FALSE,False,False,False,True,9,False,3770,1736,5,0,False,True,True,True,True,6,,1,2,0,0,0,0,0,0.01988188851507617,LOW,Benign
12/28/23 18:42,12/28/23 18:42,,,FileCoAuth-2023-12-28.1042.10888.1.aodl,\Users\blueangel\AppData\Local\Microsoft\OneDrive\logs\Common\FileCoAuth-2023-12-28.1042.10888.1.aodl,,,\Users\blueangel\AppData\Local\Microsoft\OneDrive\logs\Common\FileCoAuth-2023-12-28.1042.10888.1.aodl|FileCoAuth-2023-12-28.1042.10888.1.aodl,1750873608.0,File_Created / Basic_Info_Changed / Data_Added,0x009800000000C71B,0x000200000001E4E0,usnjrnl_only,False,,,,,,,,,False,FALSE,FALSE,FALSE,,FALSE,,FALSE,False,False,False,True,39,False,10,1736,5,14,False,True,True,False,False,9,,1,1,0,0,0,0,0,0.0298144208085607,LOW,Benign
12/28/23 18:42,12/28/23 18:42,,,FileCoAuth-2023-12-28.1042.10888.1.aodl,\Users\blueangel\AppData\Local\Microsoft\OneDrive\logs\Common\FileCoAuth-2023-12-28.1042.10888.1.aodl,,,\Users\blueangel\AppData\Local\Microsoft\OneDrive\logs\Common\FileCoAuth-2023-12-28.1042.10888.1.aodl|FileCoAuth-2023-12-28.1042.10888.1.aodl,1750873752.0,File_Created / Basic_Info_Changed / Data_Added / File_Closed,0x009800000000C71B,0x000200000001E4E0,usnjrnl_only,False,,,,,,,,,False,FALSE,FALSE,FALSE,,FALSE,,FALSE,False,False,False,True,39,False,10,1736,5,0,False,True,True,True,True,9,,1,2,0,0,0,0,0,0.01988188851507617,LOW,Benign
12/28/23 18:52,12/28/23 18:52,,,globalLoadable.dat,\ProgramData\Avast Software\Avast\IDS\profile\globalLoadable.dat,,,\ProgramData\Avast Software\Avast\IDS\profile\globalLoadable.dat|globalLoadable.dat,1750988472.0,File_Created / Basic_Info_Changed / Data_Added / Data_Overwritten / File_Renamed_New,0x00B100000000C74C,0x000A00000001F980,usnjrnl_only,False,,,,,,,,,False,FALSE,FALSE,FALSE,,FALSE,,FALSE,False,False,False,True,18,False,3770,1736,7,585,False,True,True,False,False,6,,1,1,0,0,0,0,0,0.0298144208085607,LOW,Benign
12/28/23 18:52,12/28/23 18:52,,,globalLoadable.dat,\ProgramData\Avast Software\Avast\IDS\profile\globalLoadable.dat,,,\ProgramData\Avast Software\Avast\IDS\profile\globalLoadable.dat|globalLoadable.dat,1750988568.0,File_Created / Basic_Info_Changed / Data_Added / Data_Overwritten / File_Renamed_New / File_Closed,0x00B100000000C74C,0x000A00000001F980,usnjrnl_only,False,,,,,,,,,False,FALSE,FALSE,FALSE,,FALSE,,FALSE,False,False,False,True,18,False,3770,1736,7,0,False,True,True,True,True,6,,1,2,0,0,0,0,0,0.01988188851507617,LOW,Benign
12/28/23 18:52,12/28/23 18:52,,,cache.dat,\ProgramData\Avast Software\Avast\IDS\malwareprofile\cache.dat,,,\ProgramData\Avast Software\Avast\IDS\malwareprofile\cache.dat|cache.dat,1750989528.0,File_Created / Basic_Info_Changed / Data_Added / Data_Overwritten / File_Renamed_New,0x019900000000AA78,0x00060000000198CB,usnjrnl_only,False,,,,,,,,,False,FALSE,FALSE,FALSE,,FALSE,,FALSE,False,False,False,True,9,False,3770,1736,7,1,False,True,True,False,False,6,,1,1,0,0,0,0,0,0.0298144208085607,LOW,Benign
12/28/23 18:52,12/28/23 18:52,,,cache.dat,\ProgramData\Avast Software\Avast\IDS\malwareprofile\cache.dat,,,\ProgramData\Avast Software\Avast\IDS\malwareprofile\cache.dat|cache.dat,1750989608.0,File_Created / Basic_Info_Changed / Data_Added / Data_Overwritten / File_Renamed_New / File_Closed,0x019900000000AA78,0x00060000000198CB,usnjrnl_only,False,,,,,,,,,False,FALSE,FALSE,FALSE,,FALSE,,FALSE,False,False,False,True,9,False,3770,1736,7,0,False,True,True,True,True,6,,1,2,0,0,0,0,0,0.01988188851507617,LOW,Benign
12/28/23 18:52,12/28/23 18:52,,,FileCoAuth-2023-12-28.1052.6068.1.aodl,\Users\blueangel\AppData\Local\Microsoft\OneDrive\logs\Common\FileCoAuth-2023-12-28.1052.6068.1.aodl,,,\Users\blueangel\AppData\Local\Microsoft\OneDrive\logs\Common\FileCoAuth-2023-12-28.1052.6068.1.aodl|FileCoAuth-2023-12-28.1052.6068.1.aodl,1750996672.0,File_Created / Basic_Info_Changed / Data_Added,0x001E00000000B47A,0x000200000001E4E0,usnjrnl_only,False,,,,,,,,,False,FALSE,FALSE,FALSE,,FALSE,,FALSE,False,False,False,True,38,False,10,1736,7,14,False,True,True,False,False,9,,1,1,0,0,0,0,0,0.0298144208085607,LOW,Benign
12/28/23 18:52,12/28/23 18:52,,,FileCoAuth-2023-12-28.1052.6068.1.aodl,\Users\blueangel\AppData\Local\Microsoft\OneDrive\logs\Common\FileCoAuth-2023-12-28.1052.6068.1.aodl,,,\Users\blueangel\AppData\Local\Microsoft\OneDrive\logs\Common\FileCoAuth-2023-12-28.1052.6068.1.aodl|FileCoAuth-2023-12-28.1052.6068.1.aodl,1750996808.0,File_Created / Basic_Info_Changed / Data_Added / File_Closed,0x001E00000000B47A,0x000200000001E4E0,usnjrnl_only,False,,,,,,,,,False,FALSE,FALSE,FALSE,,FALSE,,FALSE,False,False,False,True,38,False,10,1736,7,0,False,True,True,True,True,9,,1,2,0,0,0,0,0,0.01988188851507617,LOW,Benign
12/28/23 18:54,12/28/23 18:54,,,nodes.dat,\ProgramData\Avast Software\Avast\IDS\malwareprofile\nodes.dat,,,\ProgramData\Avast Software\Avast\IDS\malwareprofile\nodes.dat|nodes.dat,1751022696.0,File_Created / Basic_Info_Changed / Data_Added / Data_Overwritten / Data_Truncated / File_Renamed_New,0x002000000000C8FD,0x00060000000198CB,usnjrnl_only,False,,,,,,,,,False,FALSE,FALSE,FALSE,,FALSE,,FALSE,False,False,False,True,9,False,2536,1736,7,94,False,True,True,False,False,6,,1,1,0,0,0,0,0,0.0298144208085607,LOW,Benign
12/28/23 18:54,12/28/23 18:54,,,nodes.dat,\ProgramData\Avast Software\Avast\IDS\malwareprofile\nodes.dat,,,\ProgramData\Avast Software\Avast\IDS\malwareprofile\nodes.dat|nodes.dat,1751022776.0,File_Created / Basic_Info_Changed / Data_Added / Data_Overwritten / Data_Truncated / File_Renamed_New / File_Closed,0x002000000000C8FD,0x00060000000198CB,usnjrnl_only,False,,,,,,,,,False,FALSE,FALSE,FALSE,,FALSE,,FALSE,False,False,False,True,9,False,2536,1736,7,0,False,True,True,True,True,6,,1,2,0,0,0,0,0,0.01988188851507617,LOW,Benign
12/28/23 19:02,12/28/23 19:02,,,globalLoadable.dat,\ProgramData\Avast Software\Avast\IDS\profile\globalLoadable.dat,,,\ProgramData\Avast Software\Avast\IDS\profile\globalLoadable.dat|globalLoadable.dat,1751113728.0,File_Created / Basic_Info_Changed / Data_Added / Data_Overwritten / File_Renamed_New,0x0160000000007EE8,0x000A00000001F980,usnjrnl_only,False,,,,,,,,,False,FALSE,FALSE,FALSE,,FALSE,,FALSE,False,False,False,True,18,False,3770,1736,5,491,False,True,True,False,False,6,,1,1,0,0,0,0,0,0.0298144208085607,LOW,Benign
12/28/23 19:02,12/28/23 19:02,,,globalLoadable.dat,\ProgramData\Avast Software\Avast\IDS\profile\globalLoadable.dat,,,\ProgramData\Avast Software\Avast\IDS\profile\globalLoadable.dat|globalLoadable.dat,1751113824.0,File_Created / Basic_Info_Changed / Data_Added / Data_Overwritten / File_Renamed_New / File_Closed,0x0160000000007EE8,0x000A00000001F980,usnjrnl_only,False,,,,,,,,,False,FALSE,FALSE,FALSE,,FALSE,,FALSE,False,False,False,True,18,False,3770,1736,5,0,False,True,True,True,True,6,,1,2,0,0,0,0,0,0.01988188851507617,LOW,Benign
12/28/23 19:02,12/28/23 19:02,,,cache.dat,\ProgramData\Avast Software\Avast\IDS\malwareprofile\cache.dat,,,\ProgramData\Avast Software\Avast\IDS\malwareprofile\cache.dat|cache.dat,1751115408.0,File_Created / Basic_Info_Changed / Data_Added / Data_Overwritten / File_Renamed_New,0x00B300000000C74C,0x00060000000198CB,usnjrnl_only,False,,,,,,,,,False,FALSE,FALSE,FALSE,,FALSE,,FALSE,False,False,False,True,9,False,3770,1736,5,1,False,True,True,False,False,6,,1,1,0,0,0,0,0,0.0298144208085607,LOW,Benign
12/28/23 19:02,12/28/23 19:02,,,cache.dat,\ProgramData\Avast Software\Avast\IDS\malwareprofile\cache.dat,,,\ProgramData\Avast Software\Avast\IDS\malwareprofile\cache.dat|cache.dat,1751115488.0,File_Created / Basic_Info_Changed / Data_Added / Data_Overwritten / File_Renamed_New / File_Closed,0x00B300000000C74C,0x00060000000198CB,usnjrnl_only,False,,,,,,,,,False,FALSE,FALSE,FALSE,,FALSE,,FALSE,False,False,False,True,9,False,3770,1736,5,0,False,True,True,True,True,6,,1,2,0,0,0,0,0,0.01988188851507617,LOW,Benign
12/28/23 19:02,12/28/23 19:02,,,FileCoAuth-2023-12-28.1102.6948.1.aodl,\Users\blueangel\AppData\Local\Microsoft\OneDrive\logs\Common\FileCoAuth-2023-12-28.1102.6948.1.aodl,,,\Users\blueangel\AppData\Local\Microsoft\OneDrive\logs\Common\FileCoAuth-2023-12-28.1102.6948.1.aodl|FileCoAuth-2023-12-28.1102.6948.1.aodl,1751122712.0,File_Created / Basic_Info_Changed / Data_Added,0x019C00000000AA78,0x000200000001E4E0,usnjrnl_only,False,,,,,,,,,False,FALSE,FALSE,FALSE,,FALSE,,FALSE,False,False,False,True,38,False,10,1736,5,14,False,True,True,False,False,9,,1,1,0,0,0,0,0,0.0298144208085607,LOW,Benign
12/28/23 19:02,12/28/23 19:02,,,FileCoAuth-2023-12-28.1102.6948.1.aodl,\Users\blueangel\AppData\Local\Microsoft\OneDrive\logs\Common\FileCoAuth-2023-12-28.1102.6948.1.aodl,,,\Users\blueangel\AppData\Local\Microsoft\OneDrive\logs\Common\FileCoAuth-2023-12-28.1102.6948.1.aodl|FileCoAuth-2023-12-28.1102.6948.1.aodl,1751122848.0,File_Created / Basic_Info_Changed / Data_Added / File_Closed,0x019C00000000AA78,0x000200000001E4E0,usnjrnl_only,False,,,,,,,,,False,FALSE,FALSE,FALSE,,FALSE,,FALSE,False,False,False,True,38,False,10,1736,5,0,False,True,True,True,True,9,,1,2,0,0,0,0,0,0.01988188851507617,LOW,Benign
12/28/23 19:09,12/28/23 19:09,,,nodes.dat,\ProgramData\Avast Software\Avast\IDS\malwareprofile\nodes.dat,,,\ProgramData\Avast Software\Avast\IDS\malwareprofile\nodes.dat|nodes.dat,1751224632.0,File_Created / Basic_Info_Changed / Data_Added / Data_Overwritten / Data_Truncated / File_Renamed_New,0x001500000000C90B,0x00060000000198CB,usnjrnl_only,False,,,,,,,,,False,FALSE,FALSE,FALSE,,FALSE,,FALSE,False,False,False,True,9,False,2536,1736,1,397,False,True,True,False,False,6,,1,1,0,0,0,0,0,0.0298144208085607,LOW,Benign
12/28/23 19:09,12/28/23 19:09,,,nodes.dat,\ProgramData\Avast Software\Avast\IDS\malwareprofile\nodes.dat,,,\ProgramData\Avast Software\Avast\IDS\malwareprofile\nodes.dat|nodes.dat,1751224712.0,File_Created / Basic_Info_Changed / Data_Added / Data_Overwritten / Data_Truncated / File_Renamed_New / File_Closed,0x001500000000C90B,0x00060000000198CB,usnjrnl_only,False,,,,,,,,,False,FALSE,FALSE,FALSE,,FALSE,,FALSE,False,False,False,True,9,False,2536,1736,1,0,False,True,True,True,True,6,,1,2,0,0,0,0,0,0.01988188851507617,LOW,Benign
12/28/23 19:12,12/28/23 19:12,,,globalLoadable.dat,\ProgramData\Avast Software\Avast\IDS\profile\globalLoadable.dat,,,\ProgramData\Avast Software\Avast\IDS\profile\globalLoadable.dat|globalLoadable.dat,1751259840.0,File_Created / Basic_Info_Changed / Data_Added / Data_Overwritten / File_Renamed_New,0x004C00000000C8FD,0x000A00000001F980,usnjrnl_only,False,,,,,,,,,False,FALSE,FALSE,FALSE,,FALSE,,FALSE,False,False,False,True,18,False,3770,1736,5,188,False,True,True,False,False,6,,1,1,0,0,0,0,0,0.0298144208085607,LOW,Benign
12/28/23 19:12,12/28/23 19:12,,,globalLoadable.dat,\ProgramData\Avast Software\Avast\IDS\profile\globalLoadable.dat,,,\ProgramData\Avast Software\Avast\IDS\profile\globalLoadable.dat|globalLoadable.dat,1751259936.0,File_Created / Basic_Info_Changed / Data_Added / Data_Overwritten / File_Renamed_New / File_Closed,0x004C00000000C8FD,0x000A00000001F980,usnjrnl_only,False,,,,,,,,,False,FALSE,FALSE,FALSE,,FALSE,,FALSE,False,False,False,True,18,False,3770,1736,5,0,False,True,True,True,True,6,,1,2,0,0,0,0,0,0.01988188851507617,LOW,Benign
12/28/23 19:12,12/28/23 19:12,,,cache.dat,\ProgramData\Avast Software\Avast\IDS\malwareprofile\cache.dat,,,\ProgramData\Avast Software\Avast\IDS\malwareprofile\cache.dat|cache.dat,1751260800.0,File_Created / Basic_Info_Changed / Data_Added / Data_Overwritten / File_Renamed_New,0x0161000000007EE8,0x00060000000198CB,usnjrnl_only,False,,,,,,,,,False,FALSE,FALSE,FALSE,,FALSE,,FALSE,False,False,False,True,9,False,3770,1736,5,1,False,True,True,False,False,6,,1,1,0,0,0,0,0,0.0298144208085607,LOW,Benign
12/28/23 19:12,12/28/23 19:12,,,cache.dat,\ProgramData\Avast Software\Avast\IDS\malwareprofile\cache.dat,,,\ProgramData\Avast Software\Avast\IDS\malwareprofile\cache.dat|cache.dat,1751260880.0,File_Created / Basic_Info_Changed / Data_Added / Data_Overwritten / File_Renamed_New / File_Closed,0x0161000000007EE8,0x00060000000198CB,usnjrnl_only,False,,,,,,,,,False,FALSE,FALSE,FALSE,,FALSE,,FALSE,False,False,False,True,9,False,3770,1736,5,0,False,True,True,True,True,6,,1,2,0,0,0,0,0,0.01988188851507617,LOW,Benign
12/28/23 19:12,12/28/23 19:12,,,FileCoAuth-2023-12-28.1112.11176.1.aodl,\Users\blueangel\AppData\Local\Microsoft\OneDrive\logs\Common\FileCoAuth-2023-12-28.1112.11176.1.aodl,,,\Users\blueangel\AppData\Local\Microsoft\OneDrive\logs\Common\FileCoAuth-2023-12-28.1112.11176.1.aodl|FileCoAuth-2023-12-28.1112.11176.1.aodl,1751266624.0,File_Created / Basic_Info_Changed / Data_Added,0x00B500000000C74C,0x000200000001E4E0,usnjrnl_only,False,,,,,,,,,False,FALSE,FALSE,FALSE,,FALSE,,FALSE,False,False,False,True,39,False,10,1736,5,14,False,True,True,False,False,9,,1,1,0,0,0,0,0,0.0298144208085607,LOW,Benign
12/28/23 19:12,12/28/23 19:12,,,FileCoAuth-2023-12-28.1112.11176.1.aodl,\Users\blueangel\AppData\Local\Microsoft\OneDrive\logs\Common\FileCoAuth-2023-12-28.1112.11176.1.aodl,,,\Users\blueangel\AppData\Local\Microsoft\OneDrive\logs\Common\FileCoAuth-2023-12-28.1112.11176.1.aodl|FileCoAuth-2023-12-28.1112.11176.1.aodl,1751266768.0,File_Created / Basic_Info_Changed / Data_Added / File_Closed,0x00B500000000C74C,0x000200000001E4E0,usnjrnl_only,False,,,,,,,,,False,FALSE,FALSE,FALSE,,FALSE,,FALSE,False,False,False,True,39,False,10,1736,5,0,False,True,True,True,True,9,,1,2,0,0,0,0,0,0.01988188851507617,LOW,Benign
12/28/23 19:22,12/28/23 19:22,,,globalLoadable.dat,\ProgramData\Avast Software\Avast\IDS\profile\globalLoadable.dat,,,\ProgramData\Avast Software\Avast\IDS\profile\globalLoadable.dat|globalLoadable.dat,1751388960.0,File_Created / Basic_Info_Changed / Data_Added / Data_Overwritten / File_Renamed_New,0x008100000000C796,0x000A00000001F980,usnjrnl_only,False,,,,,,,,,False,FALSE,FALSE,FALSE,,FALSE,,FALSE,False,False,False,True,18,False,3770,1736,9,585,False,True,True,False,False,6,,1,1,0,0,0,0,0,0.0298144208085607,LOW,Benign
12/28/23 19:22,12/28/23 19:22,,,globalLoadable.dat,\ProgramData\Avast Software\Avast\IDS\profile\globalLoadable.dat,,,\ProgramData\Avast Software\Avast\IDS\profile\globalLoadable.dat|globalLoadable.dat,1751389056.0,File_Created / Basic_Info_Changed / Data_Added / Data_Overwritten / File_Renamed_New / File_Closed,0x008100000000C796,0x000A00000001F980,usnjrnl_only,False,,,,,,,,,False,FALSE,FALSE,FALSE,,FALSE,,FALSE,False,False,False,True,18,False,3770,1736,9,0,False,True,True,True,True,6,,1,2,0,0,0,0,0,0.01988188851507617,LOW,Benign
12/28/23 19:22,12/28/23 19:22,,,cache.dat,\ProgramData\Avast Software\Avast\IDS\malwareprofile\cache.dat,,,\ProgramData\Avast Software\Avast\IDS\malwareprofile\cache.dat|cache.dat,1751390016.0,File_Created / Basic_Info_Changed / Data_Added / Data_Overwritten / File_Renamed_New,0x000300000000C7B3,0x00060000000198CB,usnjrnl_only,False,,,,,,,,,False,FALSE,FALSE,FALSE,,FALSE,,FALSE,False,False,False,True,9,False,3770,1736,9,1,False,True,True,False,False,6,,1,1,0,0,0,0,0,0.0298144208085607,LOW,Benign
12/28/23 19:22,12/28/23 19:22,,,cache.dat,\ProgramData\Avast Software\Avast\IDS\malwareprofile\cache.dat,,,\ProgramData\Avast Software\Avast\IDS\malwareprofile\cache.dat|cache.dat,1751390096.0,File_Created / Basic_Info_Changed / Data_Added / Data_Overwritten / File_Renamed_New / File_Closed,0x000300000000C7B3,0x00060000000198CB,usnjrnl_only,False,,,,,,,,,False,FALSE,FALSE,FALSE,,FALSE,,FALSE,False,False,False,True,9,False,3770,1736,9,0,False,True,True,True,True,6,,1,2,0,0,0,0,0,0.01988188851507617,LOW,Benign
12/28/23 19:22,12/28/23 19:22,,,FileCoAuth-2023-12-28.1122.11676.1.aodl,\Users\blueangel\AppData\Local\Microsoft\OneDrive\logs\Common\FileCoAuth-2023-12-28.1122.11676.1.aodl,,,\Users\blueangel\AppData\Local\Microsoft\OneDrive\logs\Common\FileCoAuth-2023-12-28.1122.11676.1.aodl|FileCoAuth-2023-12-28.1122.11676.1.aodl,1751397144.0,File_Created / Basic_Info_Changed / Data_Added,0x0166000000007EE8,0x000200000001E4E0,usnjrnl_only,False,,,,,,,,,False,FALSE,FALSE,FALSE,,FALSE,,FALSE,False,False,False,True,39,False,10,1736,9,14,False,True,True,False,False,9,,1,1,0,0,0,0,0,0.0298144208085607,LOW,Benign
12/28/23 19:22,12/28/23 19:22,,,FileCoAuth-2023-12-28.1122.11676.1.aodl,\Users\blueangel\AppData\Local\Microsoft\OneDrive\logs\Common\FileCoAuth-2023-12-28.1122.11676.1.aodl,,,\Users\blueangel\AppData\Local\Microsoft\OneDrive\logs\Common\FileCoAuth-2023-12-28.1122.11676.1.aodl|FileCoAuth-2023-12-28.1122.11676.1.aodl,1751397288.0,File_Created / Basic_Info_Changed / Data_Added / File_Closed,0x0166000000007EE8,0x000200000001E4E0,usnjrnl_only,False,,,,,,,,,False,FALSE,FALSE,FALSE,,FALSE,,FALSE,False,False,False,True,39,False,10,1736,9,0,False,True,True,True,True,9,,1,2,0,0,0,0,0,0.01988188851507617,LOW,Benign
12/28/23 19:24,12/28/23 19:24,,,nodes.dat,\ProgramData\Avast Software\Avast\IDS\malwareprofile\nodes.dat,,,\ProgramData\Avast Software\Avast\IDS\malwareprofile\nodes.dat|nodes.dat,1751428680.0,File_Created / Basic_Info_Changed / Data_Added / Data_Overwritten / Data_Truncated / File_Renamed_New,0x001200000000C91E,0x00060000000198CB,usnjrnl_only,False,,,,,,,,,False,FALSE,FALSE,FALSE,,FALSE,,FALSE,False,False,False,True,9,False,2536,1736,9,100,False,True,True,False,False,6,,1,1,0,0,0,0,0,0.0298144208085607,LOW,Benign
12/28/23 19:24,12/28/23 19:24,,,nodes.dat,\ProgramData\Avast Software\Avast\IDS\malwareprofile\nodes.dat,,,\ProgramData\Avast Software\Avast\IDS\malwareprofile\nodes.dat|nodes.dat,1751428760.0,File_Created / Basic_Info_Changed / Data_Added / Data_Overwritten / Data_Truncated / File_Renamed_New / File_Closed,0x001200000000C91E,0x00060000000198CB,usnjrnl_only,False,,,,,,,,,False,FALSE,FALSE,FALSE,,FALSE,,FALSE,False,False,False,True,9,False,2536,1736,9,0,False,True,True,True,True,6,,1,2,0,0,0,0,0,0.01988188851507617,LOW,Benign
12/28/23 19:24,12/28/23 19:24,,,backup.dat,\ProgramData\Avast Software\Avast\IDS\malwareprofile\backup.dat,,,\ProgramData\Avast Software\Avast\IDS\malwareprofile\backup.dat|backup.dat,1751429120.0,Basic_Info_Changed / Data_Added / Data_Overwritten / Data_Truncated,0x0002000000013ECB,0x00060000000198CB,usnjrnl_only,False,,,,,,,,,False,FALSE,FALSE,FALSE,,FALSE,,FALSE,False,False,False,True,10,False,1182,1736,9,0,False,True,True,False,False,6,,1,1,0,0,0,0,0,0.0298144208085607,LOW,Benign
12/28/23 19:24,12/28/23 19:24,,,backup.dat,\ProgramData\Avast Software\Avast\IDS\malwareprofile\backup.dat,,,\ProgramData\Avast Software\Avast\IDS\malwareprofile\backup.dat|backup.dat,1751429200.0,Basic_Info_Changed / Data_Added / Data_Overwritten / Data_Truncated / File_Closed,0x0002000000013ECB,0x00060000000198CB,usnjrnl_only,False,,,,,,,,,False,FALSE,FALSE,FALSE,,FALSE,,FALSE,False,False,False,True,10,False,1182,1736,9,0,False,True,True,True,True,6,,1,2,0,0,0,0,0,0.01988188851507617,LOW,Benign
12/28/23 19:28,12/28/23 19:28,,,MoUsoCoreWorker.3a997093-b331-44e8-825d-51ebf39af358.1.etl,\ProgramData\USOShared\Logs\System\MoUsoCoreWorker.3a997093-b331-44e8-825d-51ebf39af358.1.etl,,,\ProgramData\USOShared\Logs\System\MoUsoCoreWorker.3a997093-b331-44e8-825d-51ebf39af358.1.etl|MoUsoCoreWorker.3a997093-b331-44e8-825d-51ebf39af358.1.etl,1751474176.0,File_Created / Basic_Info_Changed,0x002800000000BFDD,0x0001000000000624,usnjrnl_only,False,,,,,,,,,False,FALSE,FALSE,FALSE,,FALSE,,FALSE,False,False,False,False,58,False,20,1736,13,242,False,True,True,False,False,5,,1,1,0,0,0,0,0,0.0298144208085607,LOW,Benign
12/28/23 19:28,12/28/23 19:28,,,MoUsoCoreWorker.3a997093-b331-44e8-825d-51ebf39af358.1.etl,\ProgramData\USOShared\Logs\System\MoUsoCoreWorker.3a997093-b331-44e8-825d-51ebf39af358.1.etl,,,\ProgramData\USOShared\Logs\System\MoUsoCoreWorker.3a997093-b331-44e8-825d-51ebf39af358.1.etl|MoUsoCoreWorker.3a997093-b331-44e8-825d-51ebf39af358.1.etl,1751474352.0,File_Created / Basic_Info_Changed / Data_Added,0x002800000000BFDD,0x0001000000000624,usnjrnl_only,False,,,,,,,,,False,FALSE,FALSE,FALSE,,FALSE,,FALSE,False,False,False,False,58,False,20,1736,13,0,False,True,True,False,False,5,,1,1,0,0,0,0,0,0.0298144208085607,LOW,Benign
12/28/23 19:28,12/28/23 19:28,,,WuProvider.5023aabc-ec16-4dfc-8100-837adc277637.1.etl,\ProgramData\USOShared\Logs\System\WuProvider.5023aabc-ec16-4dfc-8100-837adc277637.1.etl,,,\ProgramData\USOShared\Logs\System\WuProvider.5023aabc-ec16-4dfc-8100-837adc277637.1.etl|WuProvider.5023aabc-ec16-4dfc-8100-837adc277637.1.etl,1751474864.0,File_Created / Basic_Info_Changed,0x004E00000000C90B,0x0001000000000624,usnjrnl_only,False,,,,,,,,,False,FALSE,FALSE,FALSE,,FALSE,,FALSE,False,False,False,False,53,False,20,1736,13,0,False,True,True,False,False,5,,1,1,0,0,0,0,0,0.0298144208085607,LOW,Benign
12/28/23 19:28,12/28/23 19:28,,,WuProvider.5023aabc-ec16-4dfc-8100-837adc277637.1.etl,\ProgramData\USOShared\Logs\System\WuProvider.5023aabc-ec16-4dfc-8100-837adc277637.1.etl,,,\ProgramData\USOShared\Logs\System\WuProvider.5023aabc-ec16-4dfc-8100-837adc277637.1.etl|WuProvider.5023aabc-ec16-4dfc-8100-837adc277637.1.etl,1751475032.0,File_Created / Basic_Info_Changed / Data_Added,0x004E00000000C90B,0x0001000000000624,usnjrnl_only,False,,,,,,,,,False,FALSE,FALSE,FALSE,,FALSE,,FALSE,False,False,False,False,53,False,20,1736,13,0,False,True,True,False,False,5,,1,1,0,0,0,0,0,0.0298144208085607,LOW,Benign
12/28/23 19:28,12/28/23 19:28,,,WindowsUpdate.20231228.202814.135.1.etl,\Windows\Logs\WindowsUpdate\WindowsUpdate.20231228.202814.135.1.etl,,,\Windows\Logs\WindowsUpdate\WindowsUpdate.20231228.202814.135.1.etl|WindowsUpdate.20231228.202814.135.1.etl,1751475344.0,File_Created / Basic_Info_Changed / Content_Indexed_Attr_Changed,0x000300000000C920,0x000100000001A7D0,usnjrnl_only,False,,,,,,,,,False,FALSE,FALSE,FALSE,,FALSE,,FALSE,False,False,False,False,39,False,20,1736,13,0,False,True,True,False,False,4,,1,1,0,0,0,0,0,0.0298144208085607,LOW,Benign
12/28/23 19:28,12/28/23 19:28,,,WindowsUpdate.20231228.202814.135.1.etl,\Windows\Logs\WindowsUpdate\WindowsUpdate.20231228.202814.135.1.etl,,,\Windows\Logs\WindowsUpdate\WindowsUpdate.20231228.202814.135.1.etl|WindowsUpdate.20231228.202814.135.1.etl,1751475488.0,File_Created / Basic_Info_Changed / Data_Added / Content_Indexed_Attr_Changed,0x000300000000C920,0x000100000001A7D0,usnjrnl_only,False,,,,,,,,,False,FALSE,FALSE,FALSE,,FALSE,,FALSE,False,False,False,False,39,False,20,1736,13,0,False,True,True,False,False,4,,1,1,0,0,0,0,0,0.0298144208085607,LOW,Benign
12/28/23 19:28,12/28/23 19:28,,,waasmedic.20231228_112814_354.etl,\Windows\Logs\waasmedic\waasmedic.20231228_112814_354.etl,,,\Windows\Logs\waasmedic\waasmedic.20231228_112814_354.etl|waasmedic.20231228_112814_354.etl,1751476656.0,File_Created / Basic_Info_Changed / Content_Indexed_Attr_Changed,0x000400000000C921,0x000100000001A208,usnjrnl_only,False,,,,,,,,,False,FALSE,FALSE,FALSE,,FALSE,,FALSE,False,False,False,False,33,False,20,1736,13,0,False,True,True,False,False,4,,1,1,0,0,0,0,0,0.039773830643638035,LOW,Benign
12/28/23 19:28,12/28/23 19:28,,,waasmedic.20231228_112814_354.etl,\Windows\Logs\waasmedic\waasmedic.20231228_112814_354.etl,,,\Windows\Logs\waasmedic\waasmedic.20231228_112814_354.etl|waasmedic.20231228_112814_354.etl,1751476784.0,File_Created / Basic_Info_Changed / Data_Added / Content_Indexed_Attr_Changed,0x000400000000C921,0x000100000001A208,usnjrnl_only,False,,,,,,,,,False,FALSE,FALSE,FALSE,,FALSE,,FALSE,False,False,False,False,33,False,20,1736,13,0,False,True,True,False,False,4,,1,1,0,0,0,0,0,0.039773830643638035,LOW,Benign
12/28/23 19:28,12/28/23 19:28,,,waasmedic.20231228_112814_354.etl,\Windows\Logs\waasmedic\waasmedic.20231228_112814_354.etl,,,\Windows\Logs\waasmedic\waasmedic.20231228_112814_354.etl|waasmedic.20231228_112814_354.etl,1751478760.0,File_Created / Basic_Info_Changed / Data_Added / Data_Overwritten / Content_Indexed_Attr_Changed,0x000400000000C921,0x000100000001A208,usnjrnl_only,False,,,,,,,,,False,FALSE,FALSE,FALSE,,FALSE,,FALSE,False,False,False,False,33,False,20,1736,13,0,False,True,True,False,False,4,,1,1,0,0,0,0,0,0.039773830643638035,LOW,Benign
12/28/23 19:29,12/28/23 19:29,,,waasmedic.20231228_112814_354.etl,\Windows\Logs\waasmedic\waasmedic.20231228_112814_354.etl,,,\Windows\Logs\waasmedic\waasmedic.20231228_112814_354.etl|waasmedic.20231228_112814_354.etl,1751495816.0,File_Created / Basic_Info_Changed / Data_Added / Data_Overwritten / Content_Indexed_Attr_Changed / File_Closed,0x000400000000C921,0x000100000001A208,usnjrnl_only,False,,,,,,,,,False,FALSE,FALSE,FALSE,,FALSE,,FALSE,False,False,False,True,33,False,20,1736,13,60,False,True,True,True,True,4,,1,2,0,0,0,0,0,0.03591128942202132,LOW,Benign
12/28/23 19:29,12/28/23 19:29,,,MoUsoCoreWorker.3a997093-b331-44e8-825d-51ebf39af358.1.etl,\ProgramData\USOShared\Logs\System\MoUsoCoreWorker.3a997093-b331-44e8-825d-51ebf39af358.1.etl,,,\ProgramData\USOShared\Logs\System\MoUsoCoreWorker.3a997093-b331-44e8-825d-51ebf39af358.1.etl|MoUsoCoreWorker.3a997093-b331-44e8-825d-51ebf39af358.1.etl,1751495944.0,File_Created / Basic_Info_Changed / Data_Added / Data_Overwritten,0x002800000000BFDD,0x0001000000000624,usnjrnl_only,False,,,,,,,,,False,FALSE,FALSE,FALSE,,FALSE,,FALSE,False,False,False,False,58,False,20,1736,13,1,False,True,True,False,False,5,,1,1,0,0,0,0,0,0.0298144208085607,LOW,Benign
12/28/23 19:29,12/28/23 19:29,,,MoUsoCoreWorker.3a997093-b331-44e8-825d-51ebf39af358.1.etl,\ProgramData\USOShared\Logs\System\MoUsoCoreWorker.3a997093-b331-44e8-825d-51ebf39af358.1.etl,,,\ProgramData\USOShared\Logs\System\MoUsoCoreWorker.3a997093-b331-44e8-825d-51ebf39af358.1.etl|MoUsoCoreWorker.3a997093-b331-44e8-825d-51ebf39af358.1.etl,1751496120.0,File_Created / Basic_Info_Changed / Data_Added / Data_Overwritten / File_Closed,0x002800000000BFDD,0x0001000000000624,usnjrnl_only,False,,,,,,,,,False,FALSE,FALSE,FALSE,,FALSE,,FALSE,False,False,False,True,58,False,20,1736,13,0,False,True,True,True,True,5,,1,2,0,0,0,0,0,0.01988188851507617,LOW,Benign
12/28/23 19:29,12/28/23 19:29,,,WuProvider.5023aabc-ec16-4dfc-8100-837adc277637.1.etl,\ProgramData\USOShared\Logs\System\WuProvider.5023aabc-ec16-4dfc-8100-837adc277637.1.etl,,,\ProgramData\USOShared\Logs\System\WuProvider.5023aabc-ec16-4dfc-8100-837adc277637.1.etl|WuProvider.5023aabc-ec16-4dfc-8100-837adc277637.1.etl,1751496296.0,File_Created / Basic_Info_Changed / Data_Added / Data_Overwritten,0x004E00000000C90B,0x0001000000000624,usnjrnl_only,False,,,,,,,,,False,FALSE,FALSE,FALSE,,FALSE,,FALSE,False,False,False,False,53,False,20,1736,13,0,False,True,True,False,False,5,,1,1,0,0,0,0,0,0.0298144208085607,LOW,Benign
12/28/23 19:29,12/28/23 19:29,,,WuProvider.5023aabc-ec16-4dfc-8100-837adc277637.1.etl,\ProgramData\USOShared\Logs\System\WuProvider.5023aabc-ec16-4dfc-8100-837adc277637.1.etl,,,\ProgramData\USOShared\Logs\System\WuProvider.5023aabc-ec16-4dfc-8100-837adc277637.1.etl|WuProvider.5023aabc-ec16-4dfc-8100-837adc277637.1.etl,1751496464.0,File_Created / Basic_Info_Changed / Data_Added / Data_Overwritten / File_Closed,0x004E00000000C90B,0x0001000000000624,usnjrnl_only,False,,,,,,,,,False,FALSE,FALSE,FALSE,,FALSE,,FALSE,False,False,False,True,53,False,20,1736,13,0,False,True,True,True,True,5,,1,2,0,0,0,0,0,0.01988188851507617,LOW,Benign
12/28/23 19:32,12/28/23 19:32,,,globalLoadable.dat,\ProgramData\Avast Software\Avast\IDS\profile\globalLoadable.dat,,,\ProgramData\Avast Software\Avast\IDS\profile\globalLoadable.dat|globalLoadable.dat,1751536264.0,File_Created / Basic_Info_Changed / Data_Added / Data_Overwritten / File_Renamed_New,0x002C00000000C7E0,0x000A00000001F980,usnjrnl_only,False,,,,,,,,,False,FALSE,FALSE,FALSE,,FALSE,,FALSE,False,False,False,True,18,False,3770,1736,5,182,False,True,True,False,False,6,,1,1,0,0,0,0,0,0.0298144208085607,LOW,Benign
12/28/23 19:32,12/28/23 19:32,,,globalLoadable.dat,\ProgramData\Avast Software\Avast\IDS\profile\globalLoadable.dat,,,\ProgramData\Avast Software\Avast\IDS\profile\globalLoadable.dat|globalLoadable.dat,1751536360.0,File_Created / Basic_Info_Changed / Data_Added / Data_Overwritten / File_Renamed_New / File_Closed,0x002C00000000C7E0,0x000A00000001F980,usnjrnl_only,False,,,,,,,,,False,FALSE,FALSE,FALSE,,FALSE,,FALSE,False,False,False,True,18,False,3770,1736,5,0,False,True,True,True,True,6,,1,2,0,0,0,0,0,0.01988188851507617,LOW,Benign
12/28/23 19:32,12/28/23 19:32,,,cache.dat,\ProgramData\Avast Software\Avast\IDS\malwareprofile\cache.dat,,,\ProgramData\Avast Software\Avast\IDS\malwareprofile\cache.dat|cache.dat,1751537224.0,File_Created / Basic_Info_Changed / Data_Added / Data_Overwritten / File_Renamed_New,0x008200000000C796,0x00060000000198CB,usnjrnl_only,False,,,,,,,,,False,FALSE,FALSE,FALSE,,FALSE,,FALSE,False,False,False,True,9,False,3770,1736,5,1,False,True,True,False,False,6,,1,1,0,0,0,0,0,0.0298144208085607,LOW,Benign
12/28/23 19:32,12/28/23 19:32,,,cache.dat,\ProgramData\Avast Software\Avast\IDS\malwareprofile\cache.dat,,,\ProgramData\Avast Software\Avast\IDS\malwareprofile\cache.dat|cache.dat,1751537304.0,File_Created / Basic_Info_Changed / Data_Added / Data_Overwritten / File_Renamed_New / File_Closed,0x008200000000C796,0x00060000000198CB,usnjrnl_only,False,,,,,,,,,False,FALSE,FALSE,FALSE,,FALSE,,FALSE,False,False,False,True,9,False,3770,1736,5,0,False,True,True,True,True,6,,1,2,0,0,0,0,0,0.01988188851507617,LOW,Benign
12/28/23 19:32,12/28/23 19:32,,,FileCoAuth-2023-12-28.1132.1584.1.aodl,\Users\blueangel\AppData\Local\Microsoft\OneDrive\logs\Common\FileCoAuth-2023-12-28.1132.1584.1.aodl,,,\Users\blueangel\AppData\Local\Microsoft\OneDrive\logs\Common\FileCoAuth-2023-12-28.1132.1584.1.aodl|FileCoAuth-2023-12-28.1132.1584.1.aodl,1751542000.0,File_Created / Basic_Info_Changed / Data_Added,0x000500000000C7B3,0x000200000001E4E0,usnjrnl_only,False,,,,,,,,,False,FALSE,FALSE,FALSE,,FALSE,,FALSE,False,False,False,True,38,False,10,1736,5,14,False,True,True,False,False,9,,1,1,0,0,0,0,0,0.0298144208085607,LOW,Benign
12/28/23 19:32,12/28/23 19:32,,,FileCoAuth-2023-12-28.1132.1584.1.aodl,\Users\blueangel\AppData\Local\Microsoft\OneDrive\logs\Common\FileCoAuth-2023-12-28.1132.1584.1.aodl,,,\Users\blueangel\AppData\Local\Microsoft\OneDrive\logs\Common\FileCoAuth-2023-12-28.1132.1584.1.aodl|FileCoAuth-2023-12-28.1132.1584.1.aodl,1751542136.0,File_Created / Basic_Info_Changed / Data_Added / File_Closed,0x000500000000C7B3,0x000200000001E4E0,usnjrnl_only,False,,,,,,,,,False,FALSE,FALSE,FALSE,,FALSE,,FALSE,False,False,False,True,38,False,10,1736,5,0,False,True,True,True,True,9,,1,2,0,0,0,0,0,0.01988188851507617,LOW,Benign
12/28/23 19:38,12/28/23 19:38,,,WindowsUpdate.20231228.202814.135.1.etl,\Windows\Logs\WindowsUpdate\WindowsUpdate.20231228.202814.135.1.etl,,,\Windows\Logs\WindowsUpdate\WindowsUpdate.20231228.202814.135.1.etl|WindowsUpdate.20231228.202814.135.1.etl,1751616888.0,File_Created / Basic_Info_Changed / Data_Added / Data_Overwritten / Content_Indexed_Attr_Changed,0x000300000000C920,0x000100000001A7D0,usnjrnl_only,False,,,,,,,,,False,FALSE,FALSE,FALSE,,FALSE,,FALSE,False,False,False,False,39,False,20,1736,3,344,False,True,True,False,False,4,,1,1,0,0,0,0,0,0.0298144208085607,LOW,Benign
12/28/23 19:38,12/28/23 19:38,,,WindowsUpdate.20231228.202814.135.1.etl,\Windows\Logs\WindowsUpdate\WindowsUpdate.20231228.202814.135.1.etl,,,\Windows\Logs\WindowsUpdate\WindowsUpdate.20231228.202814.135.1.etl|WindowsUpdate.20231228.202814.135.1.etl,1751617032.0,File_Created / Basic_Info_Changed / Data_Added / Data_Overwritten / Content_Indexed_Attr_Changed / File_Closed,0x000300000000C920,0x000100000001A7D0,usnjrnl_only,False,,,,,,,,,False,FALSE,FALSE,FALSE,,FALSE,,FALSE,False,False,False,True,39,False,20,1736,3,0,False,True,True,True,True,4,,1,2,0,0,0,0,0,0.029540763940562008,LOW,Benign
12/28/23 19:39,12/28/23 19:39,,,nodes.dat,\ProgramData\Avast Software\Avast\IDS\malwareprofile\nodes.dat,,,\ProgramData\Avast Software\Avast\IDS\malwareprofile\nodes.dat|nodes.dat,1751629464.0,File_Created / Basic_Info_Changed / Data_Added / Data_Overwritten / Data_Truncated / File_Renamed_New,0x006800000000C7E3,0x00060000000198CB,usnjrnl_only,False,,,,,,,,,False,FALSE,FALSE,FALSE,,FALSE,,FALSE,False,False,False,True,9,False,2536,1736,3,58,False,True,True,False,False,6,,1,1,0,0,0,0,0,0.0298144208085607,LOW,Benign
12/28/23 19:39,12/28/23 19:39,,,nodes.dat,\ProgramData\Avast Software\Avast\IDS\malwareprofile\nodes.dat,,,\ProgramData\Avast Software\Avast\IDS\malwareprofile\nodes.dat|nodes.dat,1751629544.0,File_Created / Basic_Info_Changed / Data_Added / Data_Overwritten / Data_Truncated / File_Renamed_New / File_Closed,0x006800000000C7E3,0x00060000000198CB,usnjrnl_only,False,,,,,,,,,False,FALSE,FALSE,FALSE,,FALSE,,FALSE,False,False,False,True,9,False,2536,1736,3,0,False,True,True,True,True,6,,1,2,0,0,0,0,0,0.01988188851507617,LOW,Benign
12/28/23 19:42,12/28/23 19:42,,,globalLoadable.dat,\ProgramData\Avast Software\Avast\IDS\profile\globalLoadable.dat,,,\ProgramData\Avast Software\Avast\IDS\profile\globalLoadable.dat|globalLoadable.dat,1751666688.0,File_Created / Basic_Info_Changed / Data_Added / Data_Overwritten / File_Renamed_New,0x001B0000000070DD,0x000A00000001F980,usnjrnl_only,False,,,,,,,,,False,FALSE,FALSE,FALSE,,FALSE,,FALSE,False,False,False,True,18,False,3770,1736,5,183,False,True,True,False,False,6,,1,1,0,0,0,0,0,0.0298144208085607,LOW,Benign
12/28/23 19:42,12/28/23 19:42,,,globalLoadable.dat,\ProgramData\Avast Software\Avast\IDS\profile\globalLoadable.dat,,,\ProgramData\Avast Software\Avast\IDS\profile\globalLoadable.dat|globalLoadable.dat,1751666784.0,File_Created / Basic_Info_Changed / Data_Added / Data_Overwritten / File_Renamed_New / File_Closed,0x001B0000000070DD,0x000A00000001F980,usnjrnl_only,False,,,,,,,,,False,FALSE,FALSE,FALSE,,FALSE,,FALSE,False,False,False,True,18,False,3770,1736,5,0,False,True,True,True,True,6,,1,2,0,0,0,0,0,0.01988188851507617,LOW,Benign
12/28/23 19:42,12/28/23 19:42,,,cache.dat,\ProgramData\Avast Software\Avast\IDS\malwareprofile\cache.dat,,,\ProgramData\Avast Software\Avast\IDS\malwareprofile\cache.dat|cache.dat,1751667648.0,File_Created / Basic_Info_Changed / Data_Added / Data_Overwritten / File_Renamed_New,0x004A00000000BE6A,0x00060000000198CB,usnjrnl_only,False,,,,,,,,,False,FALSE,FALSE,FALSE,,FALSE,,FALSE,False,False,False,True,9,False,3770,1736,5,1,False,True,True,False,False,6,,1,1,0,0,0,0,0,0.0298144208085607,LOW,Benign
12/28/23 19:42,12/28/23 19:42,,,cache.dat,\ProgramData\Avast Software\Avast\IDS\malwareprofile\cache.dat,,,\ProgramData\Avast Software\Avast\IDS\malwareprofile\cache.dat|cache.dat,1751667728.0,File_Created / Basic_Info_Changed / Data_Added / Data_Overwritten / File_Renamed_New / File_Closed,0x004A00000000BE6A,0x00060000000198CB,usnjrnl_only,False,,,,,,,,,False,FALSE,FALSE,FALSE,,FALSE,,FALSE,False,False,False,True,9,False,3770,1736,5,0,False,True,True,True,True,6,,1,2,0,0,0,0,0,0.01988188851507617,LOW,Benign
12/28/23 19:42,12/28/23 19:42,,,FileCoAuth-2023-12-28.1142.10164.1.aodl,\Users\blueangel\AppData\Local\Microsoft\OneDrive\logs\Common\FileCoAuth-2023-12-28.1142.10164.1.aodl,,,\Users\blueangel\AppData\Local\Microsoft\OneDrive\logs\Common\FileCoAuth-2023-12-28.1142.10164.1.aodl|FileCoAuth-2023-12-28.1142.10164.1.aodl,1751672352.0,File_Created / Basic_Info_Changed / Data_Added,0x004D00000000BE6E,0x000200000001E4E0,usnjrnl_only,False,,,,,,,,,False,FALSE,FALSE,FALSE,,FALSE,,FALSE,False,False,False,True,39,False,10,1736,5,14,False,True,True,False,False,9,,1,1,0,0,0,0,0,0.0298144208085607,LOW,Benign
12/28/23 19:42,12/28/23 19:42,,,FileCoAuth-2023-12-28.1142.10164.1.aodl,\Users\blueangel\AppData\Local\Microsoft\OneDrive\logs\Common\FileCoAuth-2023-12-28.1142.10164.1.aodl,,,\Users\blueangel\AppData\Local\Microsoft\OneDrive\logs\Common\FileCoAuth-2023-12-28.1142.10164.1.aodl|FileCoAuth-2023-12-28.1142.10164.1.aodl,1751672496.0,File_Created / Basic_Info_Changed / Data_Added / File_Closed,0x004D00000000BE6E,0x000200000001E4E0,usnjrnl_only,False,,,,,,,,,False,FALSE,FALSE,FALSE,,FALSE,,FALSE,False,False,False,True,39,False,10,1736,5,0,False,True,True,True,True,9,,1,2,0,0,0,0,0,0.01988188851507617,LOW,Benign
12/28/23 19:52,12/28/23 19:52,,,globalLoadable.dat,\ProgramData\Avast Software\Avast\IDS\profile\globalLoadable.dat,,,\ProgramData\Avast Software\Avast\IDS\profile\globalLoadable.dat|globalLoadable.dat,1751787664.0,File_Created / Basic_Info_Changed / Data_Added / Data_Overwritten / File_Renamed_New,0x008C00000000C796,0x000A00000001F980,usnjrnl_only,False,,,,,,,,,False,FALSE,FALSE,FALSE,,FALSE,,FALSE,False,False,False,True,18,False,3770,1736,9,585,False,True,True,False,False,6,,1,1,0,0,0,0,0,0.0298144208085607,LOW,Benign
12/28/23 19:52,12/28/23 19:52,,,globalLoadable.dat,\ProgramData\Avast Software\Avast\IDS\profile\globalLoadable.dat,,,\ProgramData\Avast Software\Avast\IDS\profile\globalLoadable.dat|globalLoadable.dat,1751787760.0,File_Created / Basic_Info_Changed / Data_Added / Data_Overwritten / File_Renamed_New / File_Closed,0x008C00000000C796,0x000A00000001F980,usnjrnl_only,False,,,,,,,,,False,FALSE,FALSE,FALSE,,FALSE,,FALSE,False,False,False,True,18,False,3770,1736,9,0,False,True,True,True,True,6,,1,2,0,0,0,0,0,0.01988188851507617,LOW,Benign
12/28/23 19:52,12/28/23 19:52,,,cache.dat,\ProgramData\Avast Software\Avast\IDS\malwareprofile\cache.dat,,,\ProgramData\Avast Software\Avast\IDS\malwareprofile\cache.dat|cache.dat,1751788720.0,File_Created / Basic_Info_Changed / Data_Added / Data_Overwritten / File_Renamed_New,0x001C0000000070DD,0x00060000000198CB,usnjrnl_only,False,,,,,,,,,False,FALSE,FALSE,FALSE,,FALSE,,FALSE,False,False,False,True,9,False,3770,1736,9,1,False,True,True,False,False,6,,1,1,0,0,0,0,0,0.0298144208085607,LOW,Benign
12/28/23 19:52,12/28/23 19:52,,,cache.dat,\ProgramData\Avast Software\Avast\IDS\malwareprofile\cache.dat,,,\ProgramData\Avast Software\Avast\IDS\malwareprofile\cache.dat|cache.dat,1751788800.0,File_Created / Basic_Info_Changed / Data_Added / Data_Overwritten / File_Renamed_New / File_Closed,0x001C0000000070DD,0x00060000000198CB,usnjrnl_only,False,,,,,,,,,False,FALSE,FALSE,FALSE,,FALSE,,FALSE,False,False,False,True,9,False,3770,1736,9,0,False,True,True,True,True,6,,1,2,0,0,0,0,0,0.01988188851507617,LOW,Benign
12/28/23 19:52,12/28/23 19:52,,,FileCoAuth-2023-12-28.1152.544.1.aodl,\Users\blueangel\AppData\Local\Microsoft\OneDrive\logs\Common\FileCoAuth-2023-12-28.1152.544.1.aodl,,,\Users\blueangel\AppData\Local\Microsoft\OneDrive\logs\Common\FileCoAuth-2023-12-28.1152.544.1.aodl|FileCoAuth-2023-12-28.1152.544.1.aodl,1751795664.0,File_Created / Basic_Info_Changed / Data_Added,0x004F00000000BE6A,0x000200000001E4E0,usnjrnl_only,False,,,,,,,,,False,FALSE,FALSE,FALSE,,FALSE,,FALSE,False,False,False,True,37,False,10,1736,9,14,False,True,True,False,False,9,,1,1,0,0,0,0,0,0.0298144208085607,LOW,Benign
12/28/23 19:52,12/28/23 19:52,,,FileCoAuth-2023-12-28.1152.544.1.aodl,\Users\blueangel\AppData\Local\Microsoft\OneDrive\logs\Common\FileCoAuth-2023-12-28.1152.544.1.aodl,,,\Users\blueangel\AppData\Local\Microsoft\OneDrive\logs\Common\FileCoAuth-2023-12-28.1152.544.1.aodl|FileCoAuth-2023-12-28.1152.544.1.aodl,1751795800.0,File_Created / Basic_Info_Changed / Data_Added / File_Closed,0x004F00000000BE6A,0x000200000001E4E0,usnjrnl_only,False,,,,,,,,,False,FALSE,FALSE,FALSE,,FALSE,,FALSE,False,False,False,True,37,False,10,1736,9,0,False,True,True,True,True,9,,1,2,0,0,0,0,0,0.01988188851507617,LOW,Benign
12/28/23 19:54,12/28/23 19:54,,,nodes.dat,\ProgramData\Avast Software\Avast\IDS\malwareprofile\nodes.dat,,,\ProgramData\Avast Software\Avast\IDS\malwareprofile\nodes.dat|nodes.dat,1751820552.0,File_Created / Basic_Info_Changed / Data_Added / Data_Overwritten / Data_Truncated / File_Renamed_New,0x004B00000000C7E0,0x00060000000198CB,usnjrnl_only,False,,,,,,,,,False,FALSE,FALSE,FALSE,,FALSE,,FALSE,False,False,False,True,9,False,2536,1736,9,105,False,True,True,False,False,6,,1,1,0,0,0,0,0,0.0298144208085607,LOW,Benign
12/28/23 19:54,12/28/23 19:54,,,nodes.dat,\ProgramData\Avast Software\Avast\IDS\malwareprofile\nodes.dat,,,\ProgramData\Avast Software\Avast\IDS\malwareprofile\nodes.dat|nodes.dat,1751820632.0,File_Created / Basic_Info_Changed / Data_Added / Data_Overwritten / Data_Truncated / File_Renamed_New / File_Closed,0x004B00000000C7E0,0x00060000000198CB,usnjrnl_only,False,,,,,,,,,False,FALSE,FALSE,FALSE,,FALSE,,FALSE,False,False,False,True,9,False,2536,1736,9,0,False,True,True,True,True,6,,1,2,0,0,0,0,0,0.01988188851507617,LOW,Benign
12/28/23 19:54,12/28/23 19:54,,,backup.dat,\ProgramData\Avast Software\Avast\IDS\malwareprofile\backup.dat,,,\ProgramData\Avast Software\Avast\IDS\malwareprofile\backup.dat|backup.dat,1751820952.0,Basic_Info_Changed / Data_Added / Data_Overwritten / Data_Truncated,0x0002000000013ECB,0x00060000000198CB,usnjrnl_only,False,,,,,,,,,False,FALSE,FALSE,FALSE,,FALSE,,FALSE,False,False,False,True,10,False,1182,1736,9,0,False,True,True,False,False,6,,1,1,0,0,0,0,0,0.0298144208085607,LOW,Benign
12/28/23 19:54,12/28/23 19:54,,,backup.dat,\ProgramData\Avast Software\Avast\IDS\malwareprofile\backup.dat,,,\ProgramData\Avast Software\Avast\IDS\malwareprofile\backup.dat|backup.dat,1751821032.0,Basic_Info_Changed / Data_Added / Data_Overwritten / Data_Truncated / File_Closed,0x0002000000013ECB,0x00060000000198CB,usnjrnl_only,False,,,,,,,,,False,FALSE,FALSE,FALSE,,FALSE,,FALSE,False,False,False,True,10,False,1182,1736,9,0,False,True,True,True,True,6,,1,2,0,0,0,0,0,0.01988188851507617,LOW,Benign
12/28/23 20:02,12/28/23 20:02,,,globalLoadable.dat,\ProgramData\Avast Software\Avast\IDS\profile\globalLoadable.dat,,,\ProgramData\Avast Software\Avast\IDS\profile\globalLoadable.dat|globalLoadable.dat,1751912448.0,File_Created / Basic_Info_Changed / Data_Added / Data_Overwritten / File_Renamed_New,0x013500000000C1F2,0x000A00000001F980,usnjrnl_only,False,,,,,,,,,False,FALSE,FALSE,FALSE,,FALSE,,FALSE,False,False,False,True,18,False,3770,1736,5,480,False,True,True,False,False,6,,1,1,0,0,0,0,0,0.0298144208085607,LOW,Benign
12/28/23 20:02,12/28/23 20:02,,,globalLoadable.dat,\ProgramData\Avast Software\Avast\IDS\profile\globalLoadable.dat,,,\ProgramData\Avast Software\Avast\IDS\profile\globalLoadable.dat|globalLoadable.dat,1751912544.0,File_Created / Basic_Info_Changed / Data_Added / Data_Overwritten / File_Renamed_New / File_Closed,0x013500000000C1F2,0x000A00000001F980,usnjrnl_only,False,,,,,,,,,False,FALSE,FALSE,FALSE,,FALSE,,FALSE,False,False,False,True,18,False,3770,1736,5,0,False,True,True,True,True,6,,1,2,0,0,0,0,0,0.01988188851507617,LOW,Benign
12/28/23 20:02,12/28/23 20:02,,,cache.dat,\ProgramData\Avast Software\Avast\IDS\malwareprofile\cache.dat,,,\ProgramData\Avast Software\Avast\IDS\malwareprofile\cache.dat|cache.dat,1751913408.0,File_Created / Basic_Info_Changed / Data_Added / Data_Overwritten / File_Renamed_New,0x008D00000000C796,0x00060000000198CB,usnjrnl_only,False,,,,,,,,,False,FALSE,FALSE,FALSE,,FALSE,,FALSE,False,False,False,True,9,False,3770,1736,5,1,False,True,True,False,False,6,,1,1,0,0,0,0,0,0.0298144208085607,LOW,Benign
12/28/23 20:02,12/28/23 20:02,,,cache.dat,\ProgramData\Avast Software\Avast\IDS\malwareprofile\cache.dat,,,\ProgramData\Avast Software\Avast\IDS\malwareprofile\cache.dat|cache.dat,1751913488.0,File_Created / Basic_Info_Changed / Data_Added / Data_Overwritten / File_Renamed_New / File_Closed,0x008D00000000C796,0x00060000000198CB,usnjrnl_only,False,,,,,,,,,False,FALSE,FALSE,FALSE,,FALSE,,FALSE,False,False,False,True,9,False,3770,1736,5,0,False,True,True,True,True,6,,1,2,0,0,0,0,0,0.01988188851507617,LOW,Benign
12/28/23 20:02,12/28/23 20:02,,,FileCoAuth-2023-12-28.1202.5540.1.aodl,\Users\blueangel\AppData\Local\Microsoft\OneDrive\logs\Common\FileCoAuth-2023-12-28.1202.5540.1.aodl,,,\Users\blueangel\AppData\Local\Microsoft\OneDrive\logs\Common\FileCoAuth-2023-12-28.1202.5540.1.aodl|FileCoAuth-2023-12-28.1202.5540.1.aodl,1751918112.0,File_Created / Basic_Info_Changed / Data_Added,0x001E0000000070DD,0x000200000001E4E0,usnjrnl_only,False,,,,,,,,,False,FALSE,FALSE,FALSE,,FALSE,,FALSE,False,False,False,True,38,False,10,1736,5,14,False,True,True,False,False,9,,1,1,0,0,0,0,0,0.0298144208085607,LOW,Benign
12/28/23 20:02,12/28/23 20:02,,,FileCoAuth-2023-12-28.1202.5540.1.aodl,\Users\blueangel\AppData\Local\Microsoft\OneDrive\logs\Common\FileCoAuth-2023-12-28.1202.5540.1.aodl,,,\Users\blueangel\AppData\Local\Microsoft\OneDrive\logs\Common\FileCoAuth-2023-12-28.1202.5540.1.aodl|FileCoAuth-2023-12-28.1202.5540.1.aodl,1751918248.0,File_Created / Basic_Info_Changed / Data_Added / File_Closed,0x001E0000000070DD,0x000200000001E4E0,usnjrnl_only,False,,,,,,,,,False,FALSE,FALSE,FALSE,,FALSE,,FALSE,False,False,False,True,38,False,10,1736,5,0,False,True,True,True,True,9,,1,2,0,0,0,0,0,0.01988188851507617,LOW,Benign
12/28/23 20:09,12/28/23 20:09,,,nodes.dat,\ProgramData\Avast Software\Avast\IDS\malwareprofile\nodes.dat,,,\ProgramData\Avast Software\Avast\IDS\malwareprofile\nodes.dat|nodes.dat,1752023592.0,File_Created / Basic_Info_Changed / Data_Added / Data_Overwritten / Data_Truncated / File_Renamed_New,0x007500000000C91E,0x00060000000198CB,usnjrnl_only,False,,,,,,,,,False,FALSE,FALSE,FALSE,,FALSE,,FALSE,False,False,False,True,9,False,2536,1736,1,408,False,True,True,False,False,6,,1,1,0,0,0,0,0,0.0298144208085607,LOW,Benign
12/28/23 20:09,12/28/23 20:09,,,nodes.dat,\ProgramData\Avast Software\Avast\IDS\malwareprofile\nodes.dat,,,\ProgramData\Avast Software\Avast\IDS\malwareprofile\nodes.dat|nodes.dat,1752023672.0,File_Created / Basic_Info_Changed / Data_Added / Data_Overwritten / Data_Truncated / File_Renamed_New / File_Closed,0x007500000000C91E,0x00060000000198CB,usnjrnl_only,False,,,,,,,,,False,FALSE,FALSE,FALSE,,FALSE,,FALSE,False,False,False,True,9,False,2536,1736,1,0,False,True,True,True,True,6,,1,2,0,0,0,0,0,0.01988188851507617,LOW,Benign
12/28/23 20:12,12/28/23 20:12,,,globalLoadable.dat,\ProgramData\Avast Software\Avast\IDS\profile\globalLoadable.dat,,,\ProgramData\Avast Software\Avast\IDS\profile\globalLoadable.dat|globalLoadable.dat,1752058048.0,File_Created / Basic_Info_Changed / Data_Added / Data_Overwritten / File_Renamed_New,0x003A00000000C92F,0x000A00000001F980,usnjrnl_only,False,,,,,,,,,False,FALSE,FALSE,FALSE,,FALSE,,FALSE,False,False,False,True,18,False,3770,1736,5,177,False,True,True,False,False,6,,1,1,0,0,0,0,0,0.0298144208085607,LOW,Benign
12/28/23 20:12,12/28/23 20:12,,,globalLoadable.dat,\ProgramData\Avast Software\Avast\IDS\profile\globalLoadable.dat,,,\ProgramData\Avast Software\Avast\IDS\profile\globalLoadable.dat|globalLoadable.dat,1752058144.0,File_Created / Basic_Info_Changed / Data_Added / Data_Overwritten / File_Renamed_New / File_Closed,0x003A00000000C92F,0x000A00000001F980,usnjrnl_only,False,,,,,,,,,False,FALSE,FALSE,FALSE,,FALSE,,FALSE,False,False,False,True,18,False,3770,1736,5,0,False,True,True,True,True,6,,1,2,0,0,0,0,0,0.01988188851507617,LOW,Benign
12/28/23 20:12,12/28/23 20:12,,,cache.dat,\ProgramData\Avast Software\Avast\IDS\malwareprofile\cache.dat,,,\ProgramData\Avast Software\Avast\IDS\malwareprofile\cache.dat|cache.dat,1752059008.0,File_Created / Basic_Info_Changed / Data_Added / Data_Overwritten / File_Renamed_New,0x013600000000C1F2,0x00060000000198CB,usnjrnl_only,False,,,,,,,,,False,FALSE,FALSE,FALSE,,FALSE,,FALSE,False,False,False,True,9,False,3770,1736,5,1,False,True,True,False,False,6,,1,1,0,0,0,0,0,0.0298144208085607,LOW,Benign
12/28/23 20:12,12/28/23 20:12,,,cache.dat,\ProgramData\Avast Software\Avast\IDS\malwareprofile\cache.dat,,,\ProgramData\Avast Software\Avast\IDS\malwareprofile\cache.dat|cache.dat,1752059088.0,File_Created / Basic_Info_Changed / Data_Added / Data_Overwritten / File_Renamed_New / File_Closed,0x013600000000C1F2,0x00060000000198CB,usnjrnl_only,False,,,,,,,,,False,FALSE,FALSE,FALSE,,FALSE,,FALSE,False,False,False,True,9,False,3770,1736,5,0,False,True,True,True,True,6,,1,2,0,0,0,0,0,0.01988188851507617,LOW,Benign
12/28/23 20:12,12/28/23 20:12,,,FileCoAuth-2023-12-28.1212.11500.1.aodl,\Users\blueangel\AppData\Local\Microsoft\OneDrive\logs\Common\FileCoAuth-2023-12-28.1212.11500.1.aodl,,,\Users\blueangel\AppData\Local\Microsoft\OneDrive\logs\Common\FileCoAuth-2023-12-28.1212.11500.1.aodl|FileCoAuth-2023-12-28.1212.11500.1.aodl,1752065712.0,File_Created / Basic_Info_Changed / Data_Added,0x009100000000C796,0x000200000001E4E0,usnjrnl_only,False,,,,,,,,,False,FALSE,FALSE,FALSE,,FALSE,,FALSE,False,False,False,True,39,False,10,1736,5,14,False,True,True,False,False,9,,1,1,0,0,0,0,0,0.0298144208085607,LOW,Benign
12/28/23 20:12,12/28/23 20:12,,,FileCoAuth-2023-12-28.1212.11500.1.aodl,\Users\blueangel\AppData\Local\Microsoft\OneDrive\logs\Common\FileCoAuth-2023-12-28.1212.11500.1.aodl,,,\Users\blueangel\AppData\Local\Microsoft\OneDrive\logs\Common\FileCoAuth-2023-12-28.1212.11500.1.aodl|FileCoAuth-2023-12-28.1212.11500.1.aodl,1752065856.0,File_Created / Basic_Info_Changed / Data_Added / File_Closed,0x009100000000C796,0x000200000001E4E0,usnjrnl_only,False,,,,,,,,,False,FALSE,FALSE,FALSE,,FALSE,,FALSE,False,False,False,True,39,False,10,1736,5,0,False,True,True,True,True,9,,1,2,0,0,0,0,0,0.01988188851507617,LOW,Benign
12/28/23 20:22,12/28/23 20:22,,,globalLoadable.dat,\ProgramData\Avast Software\Avast\IDS\profile\globalLoadable.dat,,,\ProgramData\Avast Software\Avast\IDS\profile\globalLoadable.dat|globalLoadable.dat,1752186048.0,File_Created / Basic_Info_Changed / Data_Added / Data_Overwritten / File_Renamed_New,0x008000000000C7ED,0x000A00000001F980,usnjrnl_only,False,,,,,,,,,False,FALSE,FALSE,FALSE,,FALSE,,FALSE,False,False,False,True,18,False,3770,1736,9,585,False,True,True,False,False,6,,1,1,0,0,0,0,0,0.0298144208085607,LOW,Benign
12/28/23 20:22,12/28/23 20:22,,,globalLoadable.dat,\ProgramData\Avast Software\Avast\IDS\profile\globalLoadable.dat,,,\ProgramData\Avast Software\Avast\IDS\profile\globalLoadable.dat|globalLoadable.dat,1752186144.0,File_Created / Basic_Info_Changed / Data_Added / Data_Overwritten / File_Renamed_New / File_Closed,0x008000000000C7ED,0x000A00000001F980,usnjrnl_only,False,,,,,,,,,False,FALSE,FALSE,FALSE,,FALSE,,FALSE,False,False,False,True,18,False,3770,1736,9,0,False,True,True,True,True,6,,1,2,0,0,0,0,0,0.01988188851507617,LOW,Benign
12/28/23 20:22,12/28/23 20:22,,,cache.dat,\ProgramData\Avast Software\Avast\IDS\malwareprofile\cache.dat,,,\ProgramData\Avast Software\Avast\IDS\malwareprofile\cache.dat|cache.dat,1752187112.0,File_Created / Basic_Info_Changed / Data_Added / Data_Overwritten / File_Renamed_New,0x000300000000C7EE,0x00060000000198CB,usnjrnl_only,False,,,,,,,,,False,FALSE,FALSE,FALSE,,FALSE,,FALSE,False,False,False,True,9,False,3770,1736,9,1,False,True,True,False,False,6,,1,1,0,0,0,0,0,0.0298144208085607,LOW,Benign
12/28/23 20:22,12/28/23 20:22,,,cache.dat,\ProgramData\Avast Software\Avast\IDS\malwareprofile\cache.dat,,,\ProgramData\Avast Software\Avast\IDS\malwareprofile\cache.dat|cache.dat,1752187192.0,File_Created / Basic_Info_Changed / Data_Added / Data_Overwritten / File_Renamed_New / File_Closed,0x000300000000C7EE,0x00060000000198CB,usnjrnl_only,False,,,,,,,,,False,FALSE,FALSE,FALSE,,FALSE,,FALSE,False,False,False,True,9,False,3770,1736,9,0,False,True,True,True,True,6,,1,2,0,0,0,0,0,0.01988188851507617,LOW,Benign
12/28/23 20:22,12/28/23 20:22,,,FileCoAuth-2023-12-28.1222.292.1.aodl,\Users\blueangel\AppData\Local\Microsoft\OneDrive\logs\Common\FileCoAuth-2023-12-28.1222.292.1.aodl,,,\Users\blueangel\AppData\Local\Microsoft\OneDrive\logs\Common\FileCoAuth-2023-12-28.1222.292.1.aodl|FileCoAuth-2023-12-28.1222.292.1.aodl,1752194800.0,File_Created / Basic_Info_Changed / Data_Added,0x013800000000C1F2,0x000200000001E4E0,usnjrnl_only,False,,,,,,,,,False,FALSE,FALSE,FALSE,,FALSE,,FALSE,False,False,False,True,37,False,10,1736,9,14,False,True,True,False,False,9,,1,1,0,0,0,0,0,0.0298144208085607,LOW,Benign
12/28/23 20:22,12/28/23 20:22,,,FileCoAuth-2023-12-28.1222.292.1.aodl,\Users\blueangel\AppData\Local\Microsoft\OneDrive\logs\Common\FileCoAuth-2023-12-28.1222.292.1.aodl,,,\Users\blueangel\AppData\Local\Microsoft\OneDrive\logs\Common\FileCoAuth-2023-12-28.1222.292.1.aodl|FileCoAuth-2023-12-28.1222.292.1.aodl,1752194936.0,File_Created / Basic_Info_Changed / Data_Added / File_Closed,0x013800000000C1F2,0x000200000001E4E0,usnjrnl_only,False,,,,,,,,,False,FALSE,FALSE,FALSE,,FALSE,,FALSE,False,False,False,True,37,False,10,1736,9,0,False,True,True,True,True,9,,1,2,0,0,0,0,0,0.01988188851507617,LOW,Benign
12/28/23 20:23,12/28/23 20:23,,,logUploaderSettings.ini,\Users\blueangel\AppData\Local\Microsoft\OneDrive\settings\Personal\logUploaderSettings.ini,,,\Users\blueangel\AppData\Local\Microsoft\OneDrive\settings\Personal\logUploaderSettings.ini|logUploaderSettings.ini,1752206912.0,Basic_Info_Changed / Data_Added / Data_Overwritten / Data_Truncated,0x000200000001A9A0,0x000100000001AB1F,usnjrnl_only,False,,,,,,,,,False,FALSE,FALSE,FALSE,,FALSE,,FALSE,False,False,False,True,23,False,294,1736,9,32,False,True,True,False,False,9,,1,1,0,0,0,0,0,0.0298144208085607,LOW,Benign
12/28/23 20:23,12/28/23 20:23,,,logUploaderSettings.ini,\Users\blueangel\AppData\Local\Microsoft\OneDrive\settings\Personal\logUploaderSettings.ini,,,\Users\blueangel\AppData\Local\Microsoft\OneDrive\settings\Personal\logUploaderSettings.ini|logUploaderSettings.ini,1752207024.0,Basic_Info_Changed / Data_Added / Data_Overwritten / Data_Truncated / File_Closed,0x000200000001A9A0,0x000100000001AB1F,usnjrnl_only,False,,,,,,,,,False,FALSE,FALSE,FALSE,,FALSE,,FALSE,False,False,False,True,23,False,294,1736,9,0,False,True,True,True,True,9,,1,2,0,0,0,0,0,0.01988188851507617,LOW,Benign
12/28/23 20:24,12/28/23 20:24,,,nodes.dat,\ProgramData\Avast Software\Avast\IDS\malwareprofile\nodes.dat,,,\ProgramData\Avast Software\Avast\IDS\malwareprofile\nodes.dat|nodes.dat,1752226392.0,File_Created / Basic_Info_Changed / Data_Added / Data_Overwritten / Data_Truncated / File_Renamed_New,0x000F00000000C946,0x00060000000198CB,usnjrnl_only,False,,,,,,,,,False,FALSE,FALSE,FALSE,,FALSE,,FALSE,False,False,False,True,9,False,2536,1736,9,79,False,True,True,False,False,6,,1,1,0,0,0,0,0,0.0298144208085607,LOW,Benign
12/28/23 20:24,12/28/23 20:24,,,nodes.dat,\ProgramData\Avast Software\Avast\IDS\malwareprofile\nodes.dat,,,\ProgramData\Avast Software\Avast\IDS\malwareprofile\nodes.dat|nodes.dat,1752226472.0,File_Created / Basic_Info_Changed / Data_Added / Data_Overwritten / Data_Truncated / File_Renamed_New / File_Closed,0x000F00000000C946,0x00060000000198CB,usnjrnl_only,False,,,,,,,,,False,FALSE,FALSE,FALSE,,FALSE,,FALSE,False,False,False,True,9,False,2536,1736,9,0,False,True,True,True,True,6,,1,2,0,0,0,0,0,0.01988188851507617,LOW,Benign
12/28/23 20:28,12/28/23 20:28,,,MoUsoCoreWorker.e5f6a0fe-7bab-4971-99cc-bfec1cfead45.1.etl,\ProgramData\USOShared\Logs\System\MoUsoCoreWorker.e5f6a0fe-7bab-4971-99cc-bfec1cfead45.1.etl,,,\ProgramData\USOShared\Logs\System\MoUsoCoreWorker.e5f6a0fe-7bab-4971-99cc-bfec1cfead45.1.etl|MoUsoCoreWorker.e5f6a0fe-7bab-4971-99cc-bfec1cfead45.1.etl,1752271744.0,File_Created / Basic_Info_Changed,0x00AE00000000C91E,0x0001000000000624,usnjrnl_only,False,,,,,,,,,False,FALSE,FALSE,FALSE,,FALSE,,FALSE,False,False,False,False,58,False,20,1736,13,231,False,True,True,False,False,5,,1,1,0,0,0,0,0,0.0298144208085607,LOW,Benign
12/28/23 20:28,12/28/23 20:28,,,MoUsoCoreWorker.e5f6a0fe-7bab-4971-99cc-bfec1cfead45.1.etl,\ProgramData\USOShared\Logs\System\MoUsoCoreWorker.e5f6a0fe-7bab-4971-99cc-bfec1cfead45.1.etl,,,\ProgramData\USOShared\Logs\System\MoUsoCoreWorker.e5f6a0fe-7bab-4971-99cc-bfec1cfead45.1.etl|MoUsoCoreWorker.e5f6a0fe-7bab-4971-99cc-bfec1cfead45.1.etl,1752271920.0,File_Created / Basic_Info_Changed / Data_Added,0x00AE00000000C91E,0x0001000000000624,usnjrnl_only,False,,,,,,,,,False,FALSE,FALSE,FALSE,,FALSE,,FALSE,False,False,False,False,58,False,20,1736,13,0,False,True,True,False,False,5,,1,1,0,0,0,0,0,0.0298144208085607,LOW,Benign
12/28/23 20:28,12/28/23 20:28,,,WuProvider.ae7190a8-b4ff-4a62-9b3a-fca2b8597cef.1.etl,\ProgramData\USOShared\Logs\System\WuProvider.ae7190a8-b4ff-4a62-9b3a-fca2b8597cef.1.etl,,,\ProgramData\USOShared\Logs\System\WuProvider.ae7190a8-b4ff-4a62-9b3a-fca2b8597cef.1.etl|WuProvider.ae7190a8-b4ff-4a62-9b3a-fca2b8597cef.1.etl,1752272432.0,File_Created / Basic_Info_Changed,0x000500000000C948,0x0001000000000624,usnjrnl_only,False,,,,,,,,,False,FALSE,FALSE,FALSE,,FALSE,,FALSE,False,False,False,False,53,False,20,1736,13,0,False,True,True,False,False,5,,1,1,0,0,0,0,0,0.0298144208085607,LOW,Benign
12/28/23 20:28,12/28/23 20:28,,,WuProvider.ae7190a8-b4ff-4a62-9b3a-fca2b8597cef.1.etl,\ProgramData\USOShared\Logs\System\WuProvider.ae7190a8-b4ff-4a62-9b3a-fca2b8597cef.1.etl,,,\ProgramData\USOShared\Logs\System\WuProvider.ae7190a8-b4ff-4a62-9b3a-fca2b8597cef.1.etl|WuProvider.ae7190a8-b4ff-4a62-9b3a-fca2b8597cef.1.etl,1752272600.0,File_Created / Basic_Info_Changed / Data_Added,0x000500000000C948,0x0001000000000624,usnjrnl_only,False,,,,,,,,,False,FALSE,FALSE,FALSE,,FALSE,,FALSE,False,False,False,False,53,False,20,1736,13,0,False,True,True,False,False,5,,1,1,0,0,0,0,0,0.0298144208085607,LOW,Benign
12/28/23 20:28,12/28/23 20:28,,,WindowsUpdate.20231228.212814.155.1.etl,\Windows\Logs\WindowsUpdate\WindowsUpdate.20231228.212814.155.1.etl,,,\Windows\Logs\WindowsUpdate\WindowsUpdate.20231228.212814.155.1.etl|WindowsUpdate.20231228.212814.155.1.etl,1752273040.0,File_Created / Basic_Info_Changed / Content_Indexed_Attr_Changed,0x000300000000C949,0x000100000001A7D0,usnjrnl_only,False,,,,,,,,,False,FALSE,FALSE,FALSE,,FALSE,,FALSE,False,False,False,False,39,False,20,1736,13,0,False,True,True,False,False,4,,1,1,0,0,0,0,0,0.0298144208085607,LOW,Benign
12/28/23 20:28,12/28/23 20:28,,,WindowsUpdate.20231228.212814.155.1.etl,\Windows\Logs\WindowsUpdate\WindowsUpdate.20231228.212814.155.1.etl,,,\Windows\Logs\WindowsUpdate\WindowsUpdate.20231228.212814.155.1.etl|WindowsUpdate.20231228.212814.155.1.etl,1752273184.0,File_Created / Basic_Info_Changed / Data_Added / Content_Indexed_Attr_Changed,0x000300000000C949,0x000100000001A7D0,usnjrnl_only,False,,,,,,,,,False,FALSE,FALSE,FALSE,,FALSE,,FALSE,False,False,False,False,39,False,20,1736,13,0,False,True,True,False,False,4,,1,1,0,0,0,0,0,0.0298144208085607,LOW,Benign
12/28/23 20:28,12/28/23 20:28,,,waasmedic.20231228_122814_373.etl,\Windows\Logs\waasmedic\waasmedic.20231228_122814_373.etl,,,\Windows\Logs\waasmedic\waasmedic.20231228_122814_373.etl|waasmedic.20231228_122814_373.etl,1752274352.0,File_Created / Basic_Info_Changed / Content_Indexed_Attr_Changed,0x000500000000C951,0x000100000001A208,usnjrnl_only,False,,,,,,,,,False,FALSE,FALSE,FALSE,,FALSE,,FALSE,False,False,False,False,33,False,20,1736,13,0,False,True,True,False,False,4,,1,1,0,0,0,0,0,0.039773830643638035,LOW,Benign
12/28/23 20:28,12/28/23 20:28,,,waasmedic.20231228_122814_373.etl,\Windows\Logs\waasmedic\waasmedic.20231228_122814_373.etl,,,\Windows\Logs\waasmedic\waasmedic.20231228_122814_373.etl|waasmedic.20231228_122814_373.etl,1752274480.0,File_Created / Basic_Info_Changed / Data_Added / Content_Indexed_Attr_Changed,0x000500000000C951,0x000100000001A208,usnjrnl_only,False,,,,,,,,,False,FALSE,FALSE,FALSE,,FALSE,,FALSE,False,False,False,False,33,False,20,1736,13,0,False,True,True,False,False,4,,1,1,0,0,0,0,0,0.039773830643638035,LOW,Benign
12/28/23 20:28,12/28/23 20:28,,,waasmedic.20231228_122814_373.etl,\Windows\Logs\waasmedic\waasmedic.20231228_122814_373.etl,,,\Windows\Logs\waasmedic\waasmedic.20231228_122814_373.etl|waasmedic.20231228_122814_373.etl,1752276432.0,File_Created / Basic_Info_Changed / Data_Added / Data_Overwritten / Content_Indexed_Attr_Changed,0x000500000000C951,0x000100000001A208,usnjrnl_only,False,,,,,,,,,False,FALSE,FALSE,FALSE,,FALSE,,FALSE,False,False,False,False,33,False,20,1736,13,0,False,True,True,False,False,4,,1,1,0,0,0,0,0,0.039773830643638035,LOW,Benign
12/28/23 20:29,12/28/23 20:29,,,waasmedic.20231228_122814_373.etl,\Windows\Logs\waasmedic\waasmedic.20231228_122814_373.etl,,,\Windows\Logs\waasmedic\waasmedic.20231228_122814_373.etl|waasmedic.20231228_122814_373.etl,1752292928.0,File_Created / Basic_Info_Changed / Data_Added / Data_Overwritten / Content_Indexed_Attr_Changed / File_Closed,0x000500000000C951,0x000100000001A208,usnjrnl_only,False,,,,,,,,,False,FALSE,FALSE,FALSE,,FALSE,,FALSE,False,False,False,True,33,False,20,1736,13,60,False,True,True,True,True,4,,1,2,0,0,0,0,0,0.03591128942202132,LOW,Benign
12/28/23 20:29,12/28/23 20:29,,,MoUsoCoreWorker.e5f6a0fe-7bab-4971-99cc-bfec1cfead45.1.etl,\ProgramData\USOShared\Logs\System\MoUsoCoreWorker.e5f6a0fe-7bab-4971-99cc-bfec1cfead45.1.etl,,,\ProgramData\USOShared\Logs\System\MoUsoCoreWorker.e5f6a0fe-7bab-4971-99cc-bfec1cfead45.1.etl|MoUsoCoreWorker.e5f6a0fe-7bab-4971-99cc-bfec1cfead45.1.etl,1752294440.0,File_Created / Basic_Info_Changed / Data_Added / Data_Overwritten,0x00AE00000000C91E,0x0001000000000624,usnjrnl_only,False,,,,,,,,,False,FALSE,FALSE,FALSE,,FALSE,,FALSE,False,False,False,False,58,False,20,1736,13,1,False,True,True,False,False,5,,1,1,0,0,0,0,0,0.0298144208085607,LOW,Benign
12/28/23 20:29,12/28/23 20:29,,,MoUsoCoreWorker.e5f6a0fe-7bab-4971-99cc-bfec1cfead45.1.etl,\ProgramData\USOShared\Logs\System\MoUsoCoreWorker.e5f6a0fe-7bab-4971-99cc-bfec1cfead45.1.etl,,,\ProgramData\USOShared\Logs\System\MoUsoCoreWorker.e5f6a0fe-7bab-4971-99cc-bfec1cfead45.1.etl|MoUsoCoreWorker.e5f6a0fe-7bab-4971-99cc-bfec1cfead45.1.etl,1752294616.0,File_Created / Basic_Info_Changed / Data_Added / Data_Overwritten / File_Closed,0x00AE00000000C91E,0x0001000000000624,usnjrnl_only,False,,,,,,,,,False,FALSE,FALSE,FALSE,,FALSE,,FALSE,False,False,False,True,58,False,20,1736,13,0,False,True,True,True,True,5,,1,2,0,0,0,0,0,0.01988188851507617,LOW,Benign
12/28/23 20:29,12/28/23 20:29,,,WuProvider.ae7190a8-b4ff-4a62-9b3a-fca2b8597cef.1.etl,\ProgramData\USOShared\Logs\System\WuProvider.ae7190a8-b4ff-4a62-9b3a-fca2b8597cef.1.etl,,,\ProgramData\USOShared\Logs\System\WuProvider.ae7190a8-b4ff-4a62-9b3a-fca2b8597cef.1.etl|WuProvider.ae7190a8-b4ff-4a62-9b3a-fca2b8597cef.1.etl,1752294968.0,File_Created / Basic_Info_Changed / Data_Added / Data_Overwritten,0x000500000000C948,0x0001000000000624,usnjrnl_only,False,,,,,,,,,False,FALSE,FALSE,FALSE,,FALSE,,FALSE,False,False,False,False,53,False,20,1736,13,0,False,True,True,False,False,5,,1,1,0,0,0,0,0,0.0298144208085607,LOW,Benign
12/28/23 20:29,12/28/23 20:29,,,WuProvider.ae7190a8-b4ff-4a62-9b3a-fca2b8597cef.1.etl,\ProgramData\USOShared\Logs\System\WuProvider.ae7190a8-b4ff-4a62-9b3a-fca2b8597cef.1.etl,,,\ProgramData\USOShared\Logs\System\WuProvider.ae7190a8-b4ff-4a62-9b3a-fca2b8597cef.1.etl|WuProvider.ae7190a8-b4ff-4a62-9b3a-fca2b8597cef.1.etl,1752295136.0,File_Created / Basic_Info_Changed / Data_Added / Data_Overwritten / File_Closed,0x000500000000C948,0x0001000000000624,usnjrnl_only,False,,,,,,,,,False,FALSE,FALSE,FALSE,,FALSE,,FALSE,False,False,False,True,53,False,20,1736,13,0,False,True,True,True,True,5,,1,2,0,0,0,0,0,0.01988188851507617,LOW,Benign
12/28/23 20:32,12/28/23 20:32,,,globalLoadable.dat,\ProgramData\Avast Software\Avast\IDS\profile\globalLoadable.dat,,,\ProgramData\Avast Software\Avast\IDS\profile\globalLoadable.dat|globalLoadable.dat,1752333200.0,File_Created / Basic_Info_Changed / Data_Added / Data_Overwritten / File_Renamed_New,0x002D00000000C7FC,0x000A00000001F980,usnjrnl_only,False,,,,,,,,,False,FALSE,FALSE,FALSE,,FALSE,,FALSE,False,False,False,True,18,False,3770,1736,5,182,False,True,True,False,False,6,,1,1,0,0,0,0,0,0.0298144208085607,LOW,Benign
12/28/23 20:32,12/28/23 20:32,,,globalLoadable.dat,\ProgramData\Avast Software\Avast\IDS\profile\globalLoadable.dat,,,\ProgramData\Avast Software\Avast\IDS\profile\globalLoadable.dat|globalLoadable.dat,1752333296.0,File_Created / Basic_Info_Changed / Data_Added / Data_Overwritten / File_Renamed_New / File_Closed,0x002D00000000C7FC,0x000A00000001F980,usnjrnl_only,False,,,,,,,,,False,FALSE,FALSE,FALSE,,FALSE,,FALSE,False,False,False,True,18,False,3770,1736,5,0,False,True,True,True,True,6,,1,2,0,0,0,0,0,0.01988188851507617,LOW,Benign
12/28/23 20:32,12/28/23 20:32,,,cache.dat,\ProgramData\Avast Software\Avast\IDS\malwareprofile\cache.dat,,,\ProgramData\Avast Software\Avast\IDS\malwareprofile\cache.dat|cache.dat,1752334160.0,File_Created / Basic_Info_Changed / Data_Added / Data_Overwritten / File_Renamed_New,0x008100000000C7ED,0x00060000000198CB,usnjrnl_only,False,,,,,,,,,False,FALSE,FALSE,FALSE,,FALSE,,FALSE,False,False,False,True,9,False,3770,1736,5,1,False,True,True,False,False,6,,1,1,0,0,0,0,0,0.0298144208085607,LOW,Benign
12/28/23 20:32,12/28/23 20:32,,,cache.dat,\ProgramData\Avast Software\Avast\IDS\malwareprofile\cache.dat,,,\ProgramData\Avast Software\Avast\IDS\malwareprofile\cache.dat|cache.dat,1752334240.0,File_Created / Basic_Info_Changed / Data_Added / Data_Overwritten / File_Renamed_New / File_Closed,0x008100000000C7ED,0x00060000000198CB,usnjrnl_only,False,,,,,,,,,False,FALSE,FALSE,FALSE,,FALSE,,FALSE,False,False,False,True,9,False,3770,1736,5,0,False,True,True,True,True,6,,1,2,0,0,0,0,0,0.01988188851507617,LOW,Benign
12/28/23 20:32,12/28/23 20:32,,,FileCoAuth-2023-12-28.1232.7132.1.aodl,\Users\blueangel\AppData\Local\Microsoft\OneDrive\logs\Common\FileCoAuth-2023-12-28.1232.7132.1.aodl,,,\Users\blueangel\AppData\Local\Microsoft\OneDrive\logs\Common\FileCoAuth-2023-12-28.1232.7132.1.aodl|FileCoAuth-2023-12-28.1232.7132.1.aodl,1752338840.0,File_Created / Basic_Info_Changed / Data_Added,0x000400000000C7EE,0x000200000001E4E0,usnjrnl_only,False,,,,,,,,,False,FALSE,FALSE,FALSE,,FALSE,,FALSE,False,False,False,True,38,False,10,1736,5,14,False,True,True,False,False,9,,1,1,0,0,0,0,0,0.0298144208085607,LOW,Benign
12/28/23 20:32,12/28/23 20:32,,,FileCoAuth-2023-12-28.1232.7132.1.aodl,\Users\blueangel\AppData\Local\Microsoft\OneDrive\logs\Common\FileCoAuth-2023-12-28.1232.7132.1.aodl,,,\Users\blueangel\AppData\Local\Microsoft\OneDrive\logs\Common\FileCoAuth-2023-12-28.1232.7132.1.aodl|FileCoAuth-2023-12-28.1232.7132.1.aodl,1752338976.0,File_Created / Basic_Info_Changed / Data_Added / File_Closed,0x000400000000C7EE,0x000200000001E4E0,usnjrnl_only,False,,,,,,,,,False,FALSE,FALSE,FALSE,,FALSE,,FALSE,False,False,False,True,38,False,10,1736,5,0,False,True,True,True,True,9,,1,2,0,0,0,0,0,0.01988188851507617,LOW,Benign
12/28/23 20:36,12/28/23 20:36,,,AppCache133482405903145210.txt.~tmp,\Users\blueangel\AppData\Local\Packages\Microsoft.Windows.Search_cw5n1h2txyewy\LocalState\DeviceSearchCache\AppCache133482405903145210.txt.~tmp,,,\Users\blueangel\AppData\Local\Packages\Microsoft.Windows.Search_cw5n1h2txyewy\LocalState\DeviceSearchCache\AppCache133482405903145210.txt.~tmp|AppCache133482405903145210.txt.~tmp,1752388808.0,Basic_Info_Changed,0x000E00000000C8C0,0x000200000001A774,usnjrnl_only,False,,,,,,,,,False,FALSE,FALSE,FALSE,,FALSE,,FALSE,False,False,False,True,35,False,15,1736,6,238,False,True,True,False,False,9,,1,1,0,0,0,0,0,0.039773830643638035,LOW,Benign
12/28/23 20:36,12/28/23 20:36,,,AppCache133482405903145210.txt.~tmp,\Users\blueangel\AppData\Local\Packages\Microsoft.Windows.Search_cw5n1h2txyewy\LocalState\DeviceSearchCache\AppCache133482405903145210.txt.~tmp,,,\Users\blueangel\AppData\Local\Packages\Microsoft.Windows.Search_cw5n1h2txyewy\LocalState\DeviceSearchCache\AppCache133482405903145210.txt.~tmp|AppCache133482405903145210.txt.~tmp,1752388944.0,Basic_Info_Changed / Access_Right_Changed,0x000E00000000C8C0,0x000200000001A774,usnjrnl_only,False,,,,,,,,,False,FALSE,FALSE,FALSE,,FALSE,,FALSE,False,False,False,True,35,False,15,1736,6,0,False,True,True,False,False,9,,1,1,0,0,0,0,0,0.039773830643638035,LOW,Benign
12/28/23 20:36,12/28/23 20:36,,,AppCache133482405903145210.txt.~tmp,\Users\blueangel\AppData\Local\Packages\Microsoft.Windows.Search_cw5n1h2txyewy\LocalState\DeviceSearchCache\AppCache133482405903145210.txt.~tmp,,,\Users\blueangel\AppData\Local\Packages\Microsoft.Windows.Search_cw5n1h2txyewy\LocalState\DeviceSearchCache\AppCache133482405903145210.txt.~tmp|AppCache133482405903145210.txt.~tmp,1752389808.0,Basic_Info_Changed / File_Renamed_Old / Access_Right_Changed,0x000E00000000C8C0,0x000200000001A774,usnjrnl_only,False,,,,,,,,,False,FALSE,FALSE,FALSE,,FALSE,,FALSE,False,False,False,True,35,False,15,1736,6,0,False,True,True,False,False,9,,1,1,0,0,0,0,0,0.039773830643638035,LOW,Benign
12/28/23 20:36,12/28/23 20:36,,,AppCache133482405903145210.txt,\Users\blueangel\AppData\Local\Packages\Microsoft.Windows.Search_cw5n1h2txyewy\LocalState\DeviceSearchCache\AppCache133482405903145210.txt,,,\Users\blueangel\AppData\Local\Packages\Microsoft.Windows.Search_cw5n1h2txyewy\LocalState\DeviceSearchCache\AppCache133482405903145210.txt|AppCache133482405903145210.txt,1752389944.0,Basic_Info_Changed / File_Renamed_New / Access_Right_Changed,0x000E00000000C8C0,0x000200000001A774,usnjrnl_only,False,,,,,,,,,False,FALSE,FALSE,FALSE,,FALSE,,FALSE,False,False,False,True,30,False,10,1736,6,0,False,True,True,False,False,9,,1,1,0,0,0,0,0,0.0298144208085607,LOW,Benign
12/28/23 20:36,12/28/23 20:36,,,AppCache133482405903145210.txt,\Users\blueangel\AppData\Local\Packages\Microsoft.Windows.Search_cw5n1h2txyewy\LocalState\DeviceSearchCache\AppCache133482405903145210.txt,,,\Users\blueangel\AppData\Local\Packages\Microsoft.Windows.Search_cw5n1h2txyewy\LocalState\DeviceSearchCache\AppCache133482405903145210.txt|AppCache133482405903145210.txt,1752390216.0,Basic_Info_Changed / File_Renamed_New / Access_Right_Changed / File_Closed,0x000E00000000C8C0,0x000200000001A774,usnjrnl_only,False,,,,,,,,,False,FALSE,FALSE,FALSE,,FALSE,,FALSE,False,False,False,True,30,False,10,1736,6,0,False,True,True,True,True,9,,1,2,0,0,0,0,0,0.01988188851507617,LOW,Benign
12/28/23 20:38,12/28/23 20:38,,,WindowsUpdate.20231228.212814.155.1.etl,\Windows\Logs\WindowsUpdate\WindowsUpdate.20231228.212814.155.1.etl,,,\Windows\Logs\WindowsUpdate\WindowsUpdate.20231228.212814.155.1.etl|WindowsUpdate.20231228.212814.155.1.etl,1752417944.0,File_Created / Basic_Info_Changed / Data_Added / Data_Overwritten / Content_Indexed_Attr_Changed,0x000300000000C949,0x000100000001A7D0,usnjrnl_only,False,,,,,,,,,False,FALSE,FALSE,FALSE,,FALSE,,FALSE,False,False,False,False,39,False,20,1736,8,106,False,True,True,False,False,4,,1,1,0,0,0,0,0,0.0298144208085607,LOW,Benign
12/28/23 20:38,12/28/23 20:38,,,WindowsUpdate.20231228.212814.155.1.etl,\Windows\Logs\WindowsUpdate\WindowsUpdate.20231228.212814.155.1.etl,,,\Windows\Logs\WindowsUpdate\WindowsUpdate.20231228.212814.155.1.etl|WindowsUpdate.20231228.212814.155.1.etl,1752418088.0,File_Created / Basic_Info_Changed / Data_Added / Data_Overwritten / Content_Indexed_Attr_Changed / File_Closed,0x000300000000C949,0x000100000001A7D0,usnjrnl_only,False,,,,,,,,,False,FALSE,FALSE,FALSE,,FALSE,,FALSE,False,False,False,True,39,False,20,1736,8,0,False,True,True,True,True,4,,1,2,0,0,0,0,0,0.029540763940562008,LOW,Benign
12/28/23 20:39,12/28/23 20:39,,,nodes.dat,\ProgramData\Avast Software\Avast\IDS\malwareprofile\nodes.dat,,,\ProgramData\Avast Software\Avast\IDS\malwareprofile\nodes.dat|nodes.dat,1752430616.0,File_Created / Basic_Info_Changed / Data_Added / Data_Overwritten / Data_Truncated / File_Renamed_New,0x006A00000000C7FD,0x00060000000198CB,usnjrnl_only,False,,,,,,,,,False,FALSE,FALSE,FALSE,,FALSE,,FALSE,False,False,False,True,9,False,2536,1736,3,69,False,True,True,False,False,6,,1,1,0,0,0,0,0,0.0298144208085607,LOW,Benign
12/28/23 20:39,12/28/23 20:39,,,nodes.dat,\ProgramData\Avast Software\Avast\IDS\malwareprofile\nodes.dat,,,\ProgramData\Avast Software\Avast\IDS\malwareprofile\nodes.dat|nodes.dat,1752430696.0,File_Created / Basic_Info_Changed / Data_Added / Data_Overwritten / Data_Truncated / File_Renamed_New / File_Closed,0x006A00000000C7FD,0x00060000000198CB,usnjrnl_only,False,,,,,,,,,False,FALSE,FALSE,FALSE,,FALSE,,FALSE,False,False,False,True,9,False,2536,1736,3,0,False,True,True,True,True,6,,1,2,0,0,0,0,0,0.01988188851507617,LOW,Benign
12/28/23 20:42,12/28/23 20:42,,,globalLoadable.dat,\ProgramData\Avast Software\Avast\IDS\profile\globalLoadable.dat,,,\ProgramData\Avast Software\Avast\IDS\profile\globalLoadable.dat|globalLoadable.dat,1752464336.0,File_Created / Basic_Info_Changed / Data_Added / Data_Overwritten / File_Renamed_New,0x002C00000000C7FF,0x000A00000001F980,usnjrnl_only,False,,,,,,,,,False,FALSE,FALSE,FALSE,,FALSE,,FALSE,False,False,False,True,18,False,3770,1736,5,172,False,True,True,False,False,6,,1,1,0,0,0,0,0,0.0298144208085607,LOW,Benign
12/28/23 20:42,12/28/23 20:42,,,globalLoadable.dat,\ProgramData\Avast Software\Avast\IDS\profile\globalLoadable.dat,,,\ProgramData\Avast Software\Avast\IDS\profile\globalLoadable.dat|globalLoadable.dat,1752464432.0,File_Created / Basic_Info_Changed / Data_Added / Data_Overwritten / File_Renamed_New / File_Closed,0x002C00000000C7FF,0x000A00000001F980,usnjrnl_only,False,,,,,,,,,False,FALSE,FALSE,FALSE,,FALSE,,FALSE,False,False,False,True,18,False,3770,1736,5,0,False,True,True,True,True,6,,1,2,0,0,0,0,0,0.01988188851507617,LOW,Benign
12/28/23 20:42,12/28/23 20:42,,,cache.dat,\ProgramData\Avast Software\Avast\IDS\malwareprofile\cache.dat,,,\ProgramData\Avast Software\Avast\IDS\malwareprofile\cache.dat|cache.dat,1752465296.0,File_Created / Basic_Info_Changed / Data_Added / Data_Overwritten / File_Renamed_New,0x002E00000000C7FC,0x00060000000198CB,usnjrnl_only,False,,,,,,,,,False,FALSE,FALSE,FALSE,,FALSE,,FALSE,False,False,False,True,9,False,3770,1736,5,1,False,True,True,False,False,6,,1,1,0,0,0,0,0,0.0298144208085607,LOW,Benign
12/28/23 20:42,12/28/23 20:42,,,cache.dat,\ProgramData\Avast Software\Avast\IDS\malwareprofile\cache.dat,,,\ProgramData\Avast Software\Avast\IDS\malwareprofile\cache.dat|cache.dat,1752465408.0,File_Created / Basic_Info_Changed / Data_Added / Data_Overwritten / File_Renamed_New / File_Closed,0x002E00000000C7FC,0x00060000000198CB,usnjrnl_only,False,,,,,,,,,False,FALSE,FALSE,FALSE,,FALSE,,FALSE,False,False,False,True,9,False,3770,1736,5,0,False,True,True,True,True,6,,1,2,0,0,0,0,0,0.01988188851507617,LOW,Benign
12/28/23 20:42,12/28/23 20:42,,,FileCoAuth-2023-12-28.1242.9324.1.aodl,\Users\blueangel\AppData\Local\Microsoft\OneDrive\logs\Common\FileCoAuth-2023-12-28.1242.9324.1.aodl,,,\Users\blueangel\AppData\Local\Microsoft\OneDrive\logs\Common\FileCoAuth-2023-12-28.1242.9324.1.aodl|FileCoAuth-2023-12-28.1242.9324.1.aodl,1752470496.0,File_Created / Basic_Info_Changed / Data_Added,0x008300000000C7ED,0x000200000001E4E0,usnjrnl_only,False,,,,,,,,,False,FALSE,FALSE,FALSE,,FALSE,,FALSE,False,False,False,True,38,False,10,1736,5,14,False,True,True,False,False,9,,1,1,0,0,0,0,0,0.0298144208085607,LOW,Benign
12/28/23 20:42,12/28/23 20:42,,,FileCoAuth-2023-12-28.1242.9324.1.aodl,\Users\blueangel\AppData\Local\Microsoft\OneDrive\logs\Common\FileCoAuth-2023-12-28.1242.9324.1.aodl,,,\Users\blueangel\AppData\Local\Microsoft\OneDrive\logs\Common\FileCoAuth-2023-12-28.1242.9324.1.aodl|FileCoAuth-2023-12-28.1242.9324.1.aodl,1752470632.0,File_Created / Basic_Info_Changed / Data_Added / File_Closed,0x008300000000C7ED,0x000200000001E4E0,usnjrnl_only,False,,,,,,,,,False,FALSE,FALSE,FALSE,,FALSE,,FALSE,False,False,False,True,38,False,10,1736,5,0,False,True,True,True,True,9,,1,2,0,0,0,0,0,0.01988188851507617,LOW,Benign
12/28/23 20:52,12/28/23 20:52,,,globalLoadable.dat,\ProgramData\Avast Software\Avast\IDS\profile\globalLoadable.dat,,,\ProgramData\Avast Software\Avast\IDS\profile\globalLoadable.dat|globalLoadable.dat,1752587808.0,File_Created / Basic_Info_Changed / Data_Added / Data_Overwritten / File_Renamed_New,0x008F000000001E27,0x000A00000001F980,usnjrnl_only,False,,,,,,,,,False,FALSE,FALSE,FALSE,,FALSE,,FALSE,False,False,False,True,18,False,3770,1736,7,585,False,True,True,False,False,6,,1,1,0,0,0,0,0,0.0298144208085607,LOW,Benign
12/28/23 20:52,12/28/23 20:52,,,globalLoadable.dat,\ProgramData\Avast Software\Avast\IDS\profile\globalLoadable.dat,,,\ProgramData\Avast Software\Avast\IDS\profile\globalLoadable.dat|globalLoadable.dat,1752587904.0,File_Created / Basic_Info_Changed / Data_Added / Data_Overwritten / File_Renamed_New / File_Closed,0x008F000000001E27,0x000A00000001F980,usnjrnl_only,False,,,,,,,,,False,FALSE,FALSE,FALSE,,FALSE,,FALSE,False,False,False,True,18,False,3770,1736,7,0,False,True,True,True,True,6,,1,2,0,0,0,0,0,0.01988188851507617,LOW,Benign
12/28/23 20:52,12/28/23 20:52,,,cache.dat,\ProgramData\Avast Software\Avast\IDS\malwareprofile\cache.dat,,,\ProgramData\Avast Software\Avast\IDS\malwareprofile\cache.dat|cache.dat,1752588904.0,File_Created / Basic_Info_Changed / Data_Added / Data_Overwritten / File_Renamed_New,0x001700000000BEB7,0x00060000000198CB,usnjrnl_only,False,,,,,,,,,False,FALSE,FALSE,FALSE,,FALSE,,FALSE,False,False,False,True,9,False,3770,1736,7,1,False,True,True,False,False,6,,1,1,0,0,0,0,0,0.0298144208085607,LOW,Benign
12/28/23 20:52,12/28/23 20:52,,,cache.dat,\ProgramData\Avast Software\Avast\IDS\malwareprofile\cache.dat,,,\ProgramData\Avast Software\Avast\IDS\malwareprofile\cache.dat|cache.dat,1752588984.0,File_Created / Basic_Info_Changed / Data_Added / Data_Overwritten / File_Renamed_New / File_Closed,0x001700000000BEB7,0x00060000000198CB,usnjrnl_only,False,,,,,,,,,False,FALSE,FALSE,FALSE,,FALSE,,FALSE,False,False,False,True,9,False,3770,1736,7,0,False,True,True,True,True,6,,1,2,0,0,0,0,0,0.01988188851507617,LOW,Benign
12/28/23 20:52,12/28/23 20:52,,,FileCoAuth-2023-12-28.1252.8176.1.aodl,\Users\blueangel\AppData\Local\Microsoft\OneDrive\logs\Common\FileCoAuth-2023-12-28.1252.8176.1.aodl,,,\Users\blueangel\AppData\Local\Microsoft\OneDrive\logs\Common\FileCoAuth-2023-12-28.1252.8176.1.aodl|FileCoAuth-2023-12-28.1252.8176.1.aodl,1752597328.0,File_Created / Basic_Info_Changed / Data_Added,0x003200000000C7FC,0x000200000001E4E0,usnjrnl_only,False,,,,,,,,,False,FALSE,FALSE,FALSE,,FALSE,,FALSE,False,False,False,True,38,False,10,1736,7,14,False,True,True,False,False,9,,1,1,0,0,0,0,0,0.0298144208085607,LOW,Benign
12/28/23 20:52,12/28/23 20:52,,,FileCoAuth-2023-12-28.1252.8176.1.aodl,\Users\blueangel\AppData\Local\Microsoft\OneDrive\logs\Common\FileCoAuth-2023-12-28.1252.8176.1.aodl,,,\Users\blueangel\AppData\Local\Microsoft\OneDrive\logs\Common\FileCoAuth-2023-12-28.1252.8176.1.aodl|FileCoAuth-2023-12-28.1252.8176.1.aodl,1752597464.0,File_Created / Basic_Info_Changed / Data_Added / File_Closed,0x003200000000C7FC,0x000200000001E4E0,usnjrnl_only,False,,,,,,,,,False,FALSE,FALSE,FALSE,,FALSE,,FALSE,False,False,False,True,38,False,10,1736,7,0,False,True,True,True,True,9,,1,2,0,0,0,0,0,0.01988188851507617,LOW,Benign
12/28/23 20:54,12/28/23 20:54,,,nodes.dat,\ProgramData\Avast Software\Avast\IDS\malwareprofile\nodes.dat,,,\ProgramData\Avast Software\Avast\IDS\malwareprofile\nodes.dat|nodes.dat,1752623048.0,File_Created / Basic_Info_Changed / Data_Added / Data_Overwritten / Data_Truncated / File_Renamed_New,0x004800000000C7FF,0x00060000000198CB,usnjrnl_only,False,,,,,,,,,False,FALSE,FALSE,FALSE,,FALSE,,FALSE,False,False,False,True,9,False,2536,1736,7,116,False,True,True,False,False,6,,1,1,0,0,0,0,0,0.0298144208085607,LOW,Benign
12/28/23 20:54,12/28/23 20:54,,,nodes.dat,\ProgramData\Avast Software\Avast\IDS\malwareprofile\nodes.dat,,,\ProgramData\Avast Software\Avast\IDS\malwareprofile\nodes.dat|nodes.dat,1752623128.0,File_Created / Basic_Info_Changed / Data_Added / Data_Overwritten / Data_Truncated / File_Renamed_New / File_Closed,0x004800000000C7FF,0x00060000000198CB,usnjrnl_only,False,,,,,,,,,False,FALSE,FALSE,FALSE,,FALSE,,FALSE,False,False,False,True,9,False,2536,1736,7,0,False,True,True,True,True,6,,1,2,0,0,0,0,0,0.01988188851507617,LOW,Benign
12/28/23 21:02,12/28/23 21:02,,,globalLoadable.dat,\ProgramData\Avast Software\Avast\IDS\profile\globalLoadable.dat,,,\ProgramData\Avast Software\Avast\IDS\profile\globalLoadable.dat|globalLoadable.dat,1752713120.0,File_Created / Basic_Info_Changed / Data_Added / Data_Overwritten / File_Renamed_New,0x0553000000000258,0x000A00000001F980,usnjrnl_only,False,,,,,,,,,False,FALSE,FALSE,FALSE,,FALSE,,FALSE,False,False,False,True,18,False,3770,1736,5,469,False,True,True,False,False,6,,1,1,0,0,0,0,0,0.0298144208085607,LOW,Benign
12/28/23 21:02,12/28/23 21:02,,,globalLoadable.dat,\ProgramData\Avast Software\Avast\IDS\profile\globalLoadable.dat,,,\ProgramData\Avast Software\Avast\IDS\profile\globalLoadable.dat|globalLoadable.dat,1752713216.0,File_Created / Basic_Info_Changed / Data_Added / Data_Overwritten / File_Renamed_New / File_Closed,0x0553000000000258,0x000A00000001F980,usnjrnl_only,False,,,,,,,,,False,FALSE,FALSE,FALSE,,FALSE,,FALSE,False,False,False,True,18,False,3770,1736,5,0,False,True,True,True,True,6,,1,2,0,0,0,0,0,0.01988188851507617,LOW,Benign
12/28/23 21:02,12/28/23 21:02,,,cache.dat,\ProgramData\Avast Software\Avast\IDS\malwareprofile\cache.dat,,,\ProgramData\Avast Software\Avast\IDS\malwareprofile\cache.dat|cache.dat,1752714080.0,File_Created / Basic_Info_Changed / Data_Added / Data_Overwritten / File_Renamed_New,0x0090000000001E27,0x00060000000198CB,usnjrnl_only,False,,,,,,,,,False,FALSE,FALSE,FALSE,,FALSE,,FALSE,False,False,False,True,9,False,3770,1736,5,1,False,True,True,False,False,6,,1,1,0,0,0,0,0,0.0298144208085607,LOW,Benign
12/28/23 21:02,12/28/23 21:02,,,cache.dat,\ProgramData\Avast Software\Avast\IDS\malwareprofile\cache.dat,,,\ProgramData\Avast Software\Avast\IDS\malwareprofile\cache.dat|cache.dat,1752714160.0,File_Created / Basic_Info_Changed / Data_Added / Data_Overwritten / File_Renamed_New / File_Closed,0x0090000000001E27,0x00060000000198CB,usnjrnl_only,False,,,,,,,,,False,FALSE,FALSE,FALSE,,FALSE,,FALSE,False,False,False,True,9,False,3770,1736,5,0,False,True,True,True,True,6,,1,2,0,0,0,0,0,0.01988188851507617,LOW,Benign
12/28/23 21:02,12/28/23 21:02,,,FileCoAuth-2023-12-28.1302.2816.1.aodl,\Users\blueangel\AppData\Local\Microsoft\OneDrive\logs\Common\FileCoAuth-2023-12-28.1302.2816.1.aodl,,,\Users\blueangel\AppData\Local\Microsoft\OneDrive\logs\Common\FileCoAuth-2023-12-28.1302.2816.1.aodl|FileCoAuth-2023-12-28.1302.2816.1.aodl,1752718848.0,File_Created / Basic_Info_Changed / Data_Added,0x001800000000BEB7,0x000200000001E4E0,usnjrnl_only,False,,,,,,,,,False,FALSE,FALSE,FALSE,,FALSE,,FALSE,False,False,False,True,38,False,10,1736,5,14,False,True,True,False,False,9,,1,1,0,0,0,0,0,0.0298144208085607,LOW,Benign
12/28/23 21:02,12/28/23 21:02,,,FileCoAuth-2023-12-28.1302.2816.1.aodl,\Users\blueangel\AppData\Local\Microsoft\OneDrive\logs\Common\FileCoAuth-2023-12-28.1302.2816.1.aodl,,,\Users\blueangel\AppData\Local\Microsoft\OneDrive\logs\Common\FileCoAuth-2023-12-28.1302.2816.1.aodl|FileCoAuth-2023-12-28.1302.2816.1.aodl,1752718984.0,File_Created / Basic_Info_Changed / Data_Added / File_Closed,0x001800000000BEB7,0x000200000001E4E0,usnjrnl_only,False,,,,,,,,,False,FALSE,FALSE,FALSE,,FALSE,,FALSE,False,False,False,True,38,False,10,1736,5,0,False,True,True,True,True,9,,1,2,0,0,0,0,0,0.01988188851507617,LOW,Benign
12/28/23 21:09,12/28/23 21:09,,,nodes.dat,\ProgramData\Avast Software\Avast\IDS\malwareprofile\nodes.dat,,,\ProgramData\Avast Software\Avast\IDS\malwareprofile\nodes.dat|nodes.dat,1752823400.0,File_Created / Basic_Info_Changed / Data_Added / Data_Overwritten / Data_Truncated / File_Renamed_New,0x005500000000C964,0x00060000000198CB,usnjrnl_only,False,,,,,,,,,False,FALSE,FALSE,FALSE,,FALSE,,FALSE,False,False,False,True,9,False,2536,1736,3,419,False,True,True,False,False,6,,1,1,0,0,0,0,0,0.0298144208085607,LOW,Benign
12/28/23 21:09,12/28/23 21:09,,,nodes.dat,\ProgramData\Avast Software\Avast\IDS\malwareprofile\nodes.dat,,,\ProgramData\Avast Software\Avast\IDS\malwareprofile\nodes.dat|nodes.dat,1752823480.0,File_Created / Basic_Info_Changed / Data_Added / Data_Overwritten / Data_Truncated / File_Renamed_New / File_Closed,0x005500000000C964,0x00060000000198CB,usnjrnl_only,False,,,,,,,,,False,FALSE,FALSE,FALSE,,FALSE,,FALSE,False,False,False,True,9,False,2536,1736,3,0,False,True,True,True,True,6,,1,2,0,0,0,0,0,0.01988188851507617,LOW,Benign
12/28/23 21:09,12/28/23 21:09,,,backup.dat,\ProgramData\Avast Software\Avast\IDS\malwareprofile\backup.dat,,,\ProgramData\Avast Software\Avast\IDS\malwareprofile\backup.dat|backup.dat,1752823800.0,Basic_Info_Changed / Data_Added / Data_Overwritten / Data_Truncated,0x0002000000013ECB,0x00060000000198CB,usnjrnl_only,False,,,,,,,,,False,FALSE,FALSE,FALSE,,FALSE,,FALSE,False,False,False,True,10,False,1182,1736,3,0,False,True,True,False,False,6,,1,1,0,0,0,0,0,0.0298144208085607,LOW,Benign
12/28/23 21:09,12/28/23 21:09,,,backup.dat,\ProgramData\Avast Software\Avast\IDS\malwareprofile\backup.dat,,,\ProgramData\Avast Software\Avast\IDS\malwareprofile\backup.dat|backup.dat,1752823880.0,Basic_Info_Changed / Data_Added / Data_Overwritten / Data_Truncated / File_Closed,0x0002000000013ECB,0x00060000000198CB,usnjrnl_only,False,,,,,,,,,False,FALSE,FALSE,FALSE,,FALSE,,FALSE,False,False,False,True,10,False,1182,1736,3,0,False,True,True,True,True,6,,1,2,0,0,0,0,0,0.01988188851507617,LOW,Benign
12/28/23 21:12,12/28/23 21:12,,,globalLoadable.dat,\ProgramData\Avast Software\Avast\IDS\profile\globalLoadable.dat,,,\ProgramData\Avast Software\Avast\IDS\profile\globalLoadable.dat|globalLoadable.dat,1752856048.0,File_Created / Basic_Info_Changed / Data_Added / Data_Overwritten / File_Renamed_New,0x002C00000000C96A,0x000A00000001F980,usnjrnl_only,False,,,,,,,,,False,FALSE,FALSE,FALSE,,FALSE,,FALSE,False,False,False,True,18,False,3770,1736,5,166,False,True,True,False,False,6,,1,1,0,0,0,0,0,0.0298144208085607,LOW,Benign
12/28/23 21:12,12/28/23 21:12,,,globalLoadable.dat,\ProgramData\Avast Software\Avast\IDS\profile\globalLoadable.dat,,,\ProgramData\Avast Software\Avast\IDS\profile\globalLoadable.dat|globalLoadable.dat,1752856144.0,File_Created / Basic_Info_Changed / Data_Added / Data_Overwritten / File_Renamed_New / File_Closed,0x002C00000000C96A,0x000A00000001F980,usnjrnl_only,False,,,,,,,,,False,FALSE,FALSE,FALSE,,FALSE,,FALSE,False,False,False,True,18,False,3770,1736,5,0,False,True,True,True,True,6,,1,2,0,0,0,0,0,0.01988188851507617,LOW,Benign
12/28/23 21:12,12/28/23 21:12,,,cache.dat,\ProgramData\Avast Software\Avast\IDS\malwareprofile\cache.dat,,,\ProgramData\Avast Software\Avast\IDS\malwareprofile\cache.dat|cache.dat,1752857008.0,File_Created / Basic_Info_Changed / Data_Added / Data_Overwritten / File_Renamed_New,0x0554000000000258,0x00060000000198CB,usnjrnl_only,False,,,,,,,,,False,FALSE,FALSE,FALSE,,FALSE,,FALSE,False,False,False,True,9,False,3770,1736,5,1,False,True,True,False,False,6,,1,1,0,0,0,0,0,0.0298144208085607,LOW,Benign
12/28/23 21:12,12/28/23 21:12,,,cache.dat,\ProgramData\Avast Software\Avast\IDS\malwareprofile\cache.dat,,,\ProgramData\Avast Software\Avast\IDS\malwareprofile\cache.dat|cache.dat,1752857088.0,File_Created / Basic_Info_Changed / Data_Added / Data_Overwritten / File_Renamed_New / File_Closed,0x0554000000000258,0x00060000000198CB,usnjrnl_only,False,,,,,,,,,False,FALSE,FALSE,FALSE,,FALSE,,FALSE,False,False,False,True,9,False,3770,1736,5,0,False,True,True,True,True,6,,1,2,0,0,0,0,0,0.01988188851507617,LOW,Benign
12/28/23 21:12,12/28/23 21:12,,,FileCoAuth-2023-12-28.1312.9420.1.aodl,\Users\blueangel\AppData\Local\Microsoft\OneDrive\logs\Common\FileCoAuth-2023-12-28.1312.9420.1.aodl,,,\Users\blueangel\AppData\Local\Microsoft\OneDrive\logs\Common\FileCoAuth-2023-12-28.1312.9420.1.aodl|FileCoAuth-2023-12-28.1312.9420.1.aodl,1752864144.0,File_Created / Basic_Info_Changed / Data_Added,0x0093000000001E27,0x000200000001E4E0,usnjrnl_only,False,,,,,,,,,False,FALSE,FALSE,FALSE,,FALSE,,FALSE,False,False,False,True,38,False,10,1736,5,14,False,True,True,False,False,9,,1,1,0,0,0,0,0,0.0298144208085607,LOW,Benign
12/28/23 21:12,12/28/23 21:12,,,FileCoAuth-2023-12-28.1312.9420.1.aodl,\Users\blueangel\AppData\Local\Microsoft\OneDrive\logs\Common\FileCoAuth-2023-12-28.1312.9420.1.aodl,,,\Users\blueangel\AppData\Local\Microsoft\OneDrive\logs\Common\FileCoAuth-2023-12-28.1312.9420.1.aodl|FileCoAuth-2023-12-28.1312.9420.1.aodl,1752864280.0,File_Created / Basic_Info_Changed / Data_Added / File_Closed,0x0093000000001E27,0x000200000001E4E0,usnjrnl_only,False,,,,,,,,,False,FALSE,FALSE,FALSE,,FALSE,,FALSE,False,False,False,True,38,False,10,1736,5,0,False,True,True,True,True,9,,1,2,0,0,0,0,0,0.01988188851507617,LOW,Benign
12/28/23 21:22,12/28/23 21:22,,,globalLoadable.dat,\ProgramData\Avast Software\Avast\IDS\profile\globalLoadable.dat,,,\ProgramData\Avast Software\Avast\IDS\profile\globalLoadable.dat|globalLoadable.dat,1752985848.0,File_Created / Basic_Info_Changed / Data_Added / Data_Overwritten / File_Renamed_New,0x007D00000000C8C5,0x000A00000001F980,usnjrnl_only,False,,,,,,,,,False,FALSE,FALSE,FALSE,,FALSE,,FALSE,False,False,False,True,18,False,3770,1736,11,585,False,True,True,False,False,6,,1,1,0,0,0,0,0,0.0298144208085607,LOW,Benign
12/28/23 21:22,12/28/23 21:22,,,globalLoadable.dat,\ProgramData\Avast Software\Avast\IDS\profile\globalLoadable.dat,,,\ProgramData\Avast Software\Avast\IDS\profile\globalLoadable.dat|globalLoadable.dat,1752985944.0,File_Created / Basic_Info_Changed / Data_Added / Data_Overwritten / File_Renamed_New / File_Closed,0x007D00000000C8C5,0x000A00000001F980,usnjrnl_only,False,,,,,,,,,False,FALSE,FALSE,FALSE,,FALSE,,FALSE,False,False,False,True,18,False,3770,1736,11,0,False,True,True,True,True,6,,1,2,0,0,0,0,0,0.01988188851507617,LOW,Benign
12/28/23 21:22,12/28/23 21:22,,,cache.dat,\ProgramData\Avast Software\Avast\IDS\malwareprofile\cache.dat,,,\ProgramData\Avast Software\Avast\IDS\malwareprofile\cache.dat|cache.dat,1752986904.0,File_Created / Basic_Info_Changed / Data_Added / Data_Overwritten / File_Renamed_New,0x000700000000C8CA,0x00060000000198CB,usnjrnl_only,False,,,,,,,,,False,FALSE,FALSE,FALSE,,FALSE,,FALSE,False,False,False,True,9,False,3770,1736,11,1,False,True,True,False,False,6,,1,1,0,0,0,0,0,0.0298144208085607,LOW,Benign
12/28/23 21:22,12/28/23 21:22,,,cache.dat,\ProgramData\Avast Software\Avast\IDS\malwareprofile\cache.dat,,,\ProgramData\Avast Software\Avast\IDS\malwareprofile\cache.dat|cache.dat,1752986984.0,File_Created / Basic_Info_Changed / Data_Added / Data_Overwritten / File_Renamed_New / File_Closed,0x000700000000C8CA,0x00060000000198CB,usnjrnl_only,False,,,,,,,,,False,FALSE,FALSE,FALSE,,FALSE,,FALSE,False,False,False,True,9,False,3770,1736,11,0,False,True,True,True,True,6,,1,2,0,0,0,0,0,0.01988188851507617,LOW,Benign
12/28/23 21:22,12/28/23 21:22,,,RUXIMLog.001.etl,\ProgramData\PLUG\Logs\RUXIMLog.001.etl,,,\ProgramData\PLUG\Logs\RUXIMLog.001.etl|RUXIMLog.001.etl,1752992480.0,File_Created / Basic_Info_Changed,0x0555000000000258,0x000200000000194D,usnjrnl_only,False,,,,,,,,,False,FALSE,FALSE,FALSE,,FALSE,,FALSE,False,False,False,False,16,False,374,1736,11,0,False,True,True,False,False,4,,1,1,0,0,0,0,0,0.0298144208085607,LOW,Benign
12/28/23 21:22,12/28/23 21:22,,,RUXIMLog.001.etl,\ProgramData\PLUG\Logs\RUXIMLog.001.etl,,,\ProgramData\PLUG\Logs\RUXIMLog.001.etl|RUXIMLog.001.etl,1752992576.0,File_Created / Basic_Info_Changed / Data_Added,0x0555000000000258,0x000200000000194D,usnjrnl_only,False,,,,,,,,,False,FALSE,FALSE,FALSE,,FALSE,,FALSE,False,False,False,False,16,False,374,1736,11,0,False,True,True,False,False,4,,1,1,0,0,0,0,0,0.0298144208085607,LOW,Benign
12/28/23 21:22,12/28/23 21:22,,,RUXIMLog.001.etl,\ProgramData\PLUG\Logs\RUXIMLog.001.etl,,,\ProgramData\PLUG\Logs\RUXIMLog.001.etl|RUXIMLog.001.etl,1752993200.0,File_Created / Basic_Info_Changed / Data_Added / Data_Overwritten,0x0555000000000258,0x000200000000194D,usnjrnl_only,False,,,,,,,,,False,FALSE,FALSE,FALSE,,FALSE,,FALSE,False,False,False,False,16,False,374,1736,11,0,False,True,True,False,False,4,,1,1,0,0,0,0,0,0.0298144208085607,LOW,Benign
12/28/23 21:22,12/28/23 21:22,,,RUXIMLog.001.etl,\ProgramData\PLUG\Logs\RUXIMLog.001.etl,,,\ProgramData\PLUG\Logs\RUXIMLog.001.etl|RUXIMLog.001.etl,1752993296.0,File_Created / Basic_Info_Changed / Data_Added / Data_Overwritten / File_Closed,0x0555000000000258,0x000200000000194D,usnjrnl_only,False,,,,,,,,,False,FALSE,FALSE,FALSE,,FALSE,,FALSE,False,False,False,True,16,False,374,1736,11,0,False,True,True,True,True,4,,1,2,0,0,0,0,0,0.029540763940562008,LOW,Benign
12/28/23 21:22,12/28/23 21:22,,,FileCoAuth-2023-12-28.1322.3172.1.aodl,\Users\blueangel\AppData\Local\Microsoft\OneDrive\logs\Common\FileCoAuth-2023-12-28.1322.3172.1.aodl,,,\Users\blueangel\AppData\Local\Microsoft\OneDrive\logs\Common\FileCoAuth-2023-12-28.1322.3172.1.aodl|FileCoAuth-2023-12-28.1322.3172.1.aodl,1752998400.0,File_Created / Basic_Info_Changed / Data_Added,0x001600000000C8D0,0x000200000001E4E0,usnjrnl_only,False,,,,,,,,,False,FALSE,FALSE,FALSE,,FALSE,,FALSE,False,False,False,True,38,False,10,1736,11,14,False,True,True,False,False,9,,1,1,0,0,0,0,0,0.0298144208085607,LOW,Benign
12/28/23 21:22,12/28/23 21:22,,,FileCoAuth-2023-12-28.1322.3172.1.aodl,\Users\blueangel\AppData\Local\Microsoft\OneDrive\logs\Common\FileCoAuth-2023-12-28.1322.3172.1.aodl,,,\Users\blueangel\AppData\Local\Microsoft\OneDrive\logs\Common\FileCoAuth-2023-12-28.1322.3172.1.aodl|FileCoAuth-2023-12-28.1322.3172.1.aodl,1752998536.0,File_Created / Basic_Info_Changed / Data_Added / File_Closed,0x001600000000C8D0,0x000200000001E4E0,usnjrnl_only,False,,,,,,,,,False,FALSE,FALSE,FALSE,,FALSE,,FALSE,False,False,False,True,38,False,10,1736,11,0,False,True,True,True,True,9,,1,2,0,0,0,0,0,0.01988188851507617,LOW,Benign
12/28/23 21:24,12/28/23 21:24,,,nodes.dat,\ProgramData\Avast Software\Avast\IDS\malwareprofile\nodes.dat,,,\ProgramData\Avast Software\Avast\IDS\malwareprofile\nodes.dat|nodes.dat,1753036360.0,File_Created / Basic_Info_Changed / Data_Added / Data_Overwritten / Data_Truncated / File_Renamed_New,0x001300000000C988,0x00060000000198CB,usnjrnl_only,False,,,,,,,,,False,FALSE,FALSE,FALSE,,FALSE,,FALSE,False,False,False,True,9,False,2536,1736,11,121,False,True,True,False,False,6,,1,1,0,0,0,0,0,0.0298144208085607,LOW,Benign
12/28/23 21:24,12/28/23 21:24,,,nodes.dat,\ProgramData\Avast Software\Avast\IDS\malwareprofile\nodes.dat,,,\ProgramData\Avast Software\Avast\IDS\malwareprofile\nodes.dat|nodes.dat,1753036440.0,File_Created / Basic_Info_Changed / Data_Added / Data_Overwritten / Data_Truncated / File_Renamed_New / File_Closed,0x001300000000C988,0x00060000000198CB,usnjrnl_only,False,,,,,,,,,False,FALSE,FALSE,FALSE,,FALSE,,FALSE,False,False,False,True,9,False,2536,1736,11,0,False,True,True,True,True,6,,1,2,0,0,0,0,0,0.01988188851507617,LOW,Benign
12/28/23 21:28,12/28/23 21:28,,,MoUsoCoreWorker.bf7c5f9f-4768-4b27-b12b-2f4470c61fff.1.etl,\ProgramData\USOShared\Logs\System\MoUsoCoreWorker.bf7c5f9f-4768-4b27-b12b-2f4470c61fff.1.etl,,,\ProgramData\USOShared\Logs\System\MoUsoCoreWorker.bf7c5f9f-4768-4b27-b12b-2f4470c61fff.1.etl|MoUsoCoreWorker.bf7c5f9f-4768-4b27-b12b-2f4470c61fff.1.etl,1753078368.0,File_Created / Basic_Info_Changed,0x008A00000000C964,0x0001000000000624,usnjrnl_only,False,,,,,,,,,False,FALSE,FALSE,FALSE,,FALSE,,FALSE,False,False,False,False,58,False,20,1736,13,221,False,True,True,False,False,5,,1,1,0,0,0,0,0,0.0298144208085607,LOW,Benign
12/28/23 21:28,12/28/23 21:28,,,MoUsoCoreWorker.bf7c5f9f-4768-4b27-b12b-2f4470c61fff.1.etl,\ProgramData\USOShared\Logs\System\MoUsoCoreWorker.bf7c5f9f-4768-4b27-b12b-2f4470c61fff.1.etl,,,\ProgramData\USOShared\Logs\System\MoUsoCoreWorker.bf7c5f9f-4768-4b27-b12b-2f4470c61fff.1.etl|MoUsoCoreWorker.bf7c5f9f-4768-4b27-b12b-2f4470c61fff.1.etl,1753078544.0,File_Created / Basic_Info_Changed / Data_Added,0x008A00000000C964,0x0001000000000624,usnjrnl_only,False,,,,,,,,,False,FALSE,FALSE,FALSE,,FALSE,,FALSE,False,False,False,False,58,False,20,1736,13,0,False,True,True,False,False,5,,1,1,0,0,0,0,0,0.0298144208085607,LOW,Benign
12/28/23 21:28,12/28/23 21:28,,,WuProvider.83249221-6542-4763-8424-577e3714d155.1.etl,\ProgramData\USOShared\Logs\System\WuProvider.83249221-6542-4763-8424-577e3714d155.1.etl,,,\ProgramData\USOShared\Logs\System\WuProvider.83249221-6542-4763-8424-577e3714d155.1.etl|WuProvider.83249221-6542-4763-8424-577e3714d155.1.etl,1753079056.0,File_Created / Basic_Info_Changed,0x000500000000C989,0x0001000000000624,usnjrnl_only,False,,,,,,,,,False,FALSE,FALSE,FALSE,,FALSE,,FALSE,False,False,False,False,53,False,20,1736,13,0,False,True,True,False,False,5,,1,1,0,0,0,0,0,0.0298144208085607,LOW,Benign
12/28/23 21:28,12/28/23 21:28,,,WuProvider.83249221-6542-4763-8424-577e3714d155.1.etl,\ProgramData\USOShared\Logs\System\WuProvider.83249221-6542-4763-8424-577e3714d155.1.etl,,,\ProgramData\USOShared\Logs\System\WuProvider.83249221-6542-4763-8424-577e3714d155.1.etl|WuProvider.83249221-6542-4763-8424-577e3714d155.1.etl,1753079224.0,File_Created / Basic_Info_Changed / Data_Added,0x000500000000C989,0x0001000000000624,usnjrnl_only,False,,,,,,,,,False,FALSE,FALSE,FALSE,,FALSE,,FALSE,False,False,False,False,53,False,20,1736,13,0,False,True,True,False,False,5,,1,1,0,0,0,0,0,0.0298144208085607,LOW,Benign
12/28/23 21:28,12/28/23 21:28,,,WindowsUpdate.20231228.222814.158.1.etl,\Windows\Logs\WindowsUpdate\WindowsUpdate.20231228.222814.158.1.etl,,,\Windows\Logs\WindowsUpdate\WindowsUpdate.20231228.222814.158.1.etl|WindowsUpdate.20231228.222814.158.1.etl,1753079536.0,File_Created / Basic_Info_Changed / Content_Indexed_Attr_Changed,0x000200000000C98E,0x000100000001A7D0,usnjrnl_only,False,,,,,,,,,False,FALSE,FALSE,FALSE,,FALSE,,FALSE,False,False,False,False,39,False,20,1736,13,0,False,True,True,False,False,4,,1,1,0,0,0,0,0,0.0298144208085607,LOW,Benign
12/28/23 21:28,12/28/23 21:28,,,WindowsUpdate.20231228.222814.158.1.etl,\Windows\Logs\WindowsUpdate\WindowsUpdate.20231228.222814.158.1.etl,,,\Windows\Logs\WindowsUpdate\WindowsUpdate.20231228.222814.158.1.etl|WindowsUpdate.20231228.222814.158.1.etl,1753079808.0,File_Created / Basic_Info_Changed / Data_Added / Content_Indexed_Attr_Changed,0x000200000000C98E,0x000100000001A7D0,usnjrnl_only,False,,,,,,,,,False,FALSE,FALSE,FALSE,,FALSE,,FALSE,False,False,False,False,39,False,20,1736,13,0,False,True,True,False,False,4,,1,1,0,0,0,0,0,0.0298144208085607,LOW,Benign
12/28/23 21:28,12/28/23 21:28,,,waasmedic.20231228_132814_377.etl,\Windows\Logs\waasmedic\waasmedic.20231228_132814_377.etl,,,\Windows\Logs\waasmedic\waasmedic.20231228_132814_377.etl|waasmedic.20231228_132814_377.etl,1753080976.0,File_Created / Basic_Info_Changed / Content_Indexed_Attr_Changed,0x000200000000C98F,0x000100000001A208,usnjrnl_only,False,,,,,,,,,False,FALSE,FALSE,FALSE,,FALSE,,FALSE,False,False,False,False,33,False,20,1736,13,0,False,True,True,False,False,4,,1,1,0,0,0,0,0,0.039773830643638035,LOW,Benign
12/28/23 21:28,12/28/23 21:28,,,waasmedic.20231228_132814_377.etl,\Windows\Logs\waasmedic\waasmedic.20231228_132814_377.etl,,,\Windows\Logs\waasmedic\waasmedic.20231228_132814_377.etl|waasmedic.20231228_132814_377.etl,1753081104.0,File_Created / Basic_Info_Changed / Data_Added / Content_Indexed_Attr_Changed,0x000200000000C98F,0x000100000001A208,usnjrnl_only,False,,,,,,,,,False,FALSE,FALSE,FALSE,,FALSE,,FALSE,False,False,False,False,33,False,20,1736,13,0,False,True,True,False,False,4,,1,1,0,0,0,0,0,0.039773830643638035,LOW,Benign
12/28/23 21:28,12/28/23 21:28,,,waasmedic.20231228_132814_377.etl,\Windows\Logs\waasmedic\waasmedic.20231228_132814_377.etl,,,\Windows\Logs\waasmedic\waasmedic.20231228_132814_377.etl|waasmedic.20231228_132814_377.etl,1753083056.0,File_Created / Basic_Info_Changed / Data_Added / Data_Overwritten / Content_Indexed_Attr_Changed,0x000200000000C98F,0x000100000001A208,usnjrnl_only,False,,,,,,,,,False,FALSE,FALSE,FALSE,,FALSE,,FALSE,False,False,False,False,33,False,20,1736,13,0,False,True,True,False,False,4,,1,1,0,0,0,0,0,0.039773830643638035,LOW,Benign
12/28/23 21:29,12/28/23 21:29,,,waasmedic.20231228_132814_377.etl,\Windows\Logs\waasmedic\waasmedic.20231228_132814_377.etl,,,\Windows\Logs\waasmedic\waasmedic.20231228_132814_377.etl|waasmedic.20231228_132814_377.etl,1753100080.0,File_Created / Basic_Info_Changed / Data_Added / Data_Overwritten / Content_Indexed_Attr_Changed / File_Closed,0x000200000000C98F,0x000100000001A208,usnjrnl_only,False,,,,,,,,,False,FALSE,FALSE,FALSE,,FALSE,,FALSE,False,False,False,True,33,False,20,1736,13,60,False,True,True,True,True,4,,1,2,0,0,0,0,0,0.03591128942202132,LOW,Benign
12/28/23 21:29,12/28/23 21:29,,,MoUsoCoreWorker.bf7c5f9f-4768-4b27-b12b-2f4470c61fff.1.etl,\ProgramData\USOShared\Logs\System\MoUsoCoreWorker.bf7c5f9f-4768-4b27-b12b-2f4470c61fff.1.etl,,,\ProgramData\USOShared\Logs\System\MoUsoCoreWorker.bf7c5f9f-4768-4b27-b12b-2f4470c61fff.1.etl|MoUsoCoreWorker.bf7c5f9f-4768-4b27-b12b-2f4470c61fff.1.etl,1753100944.0,File_Created / Basic_Info_Changed / Data_Added / Data_Overwritten,0x008A00000000C964,0x0001000000000624,usnjrnl_only,False,,,,,,,,,False,FALSE,FALSE,FALSE,,FALSE,,FALSE,False,False,False,False,58,False,20,1736,13,1,False,True,True,False,False,5,,1,1,0,0,0,0,0,0.0298144208085607,LOW,Benign
12/28/23 21:29,12/28/23 21:29,,,MoUsoCoreWorker.bf7c5f9f-4768-4b27-b12b-2f4470c61fff.1.etl,\ProgramData\USOShared\Logs\System\MoUsoCoreWorker.bf7c5f9f-4768-4b27-b12b-2f4470c61fff.1.etl,,,\ProgramData\USOShared\Logs\System\MoUsoCoreWorker.bf7c5f9f-4768-4b27-b12b-2f4470c61fff.1.etl|MoUsoCoreWorker.bf7c5f9f-4768-4b27-b12b-2f4470c61fff.1.etl,1753101120.0,File_Created / Basic_Info_Changed / Data_Added / Data_Overwritten / File_Closed,0x008A00000000C964,0x0001000000000624,usnjrnl_only,False,,,,,,,,,False,FALSE,FALSE,FALSE,,FALSE,,FALSE,False,False,False,True,58,False,20,1736,13,0,False,True,True,True,True,5,,1,2,0,0,0,0,0,0.01988188851507617,LOW,Benign
12/28/23 21:29,12/28/23 21:29,,,WuProvider.83249221-6542-4763-8424-577e3714d155.1.etl,\ProgramData\USOShared\Logs\System\WuProvider.83249221-6542-4763-8424-577e3714d155.1.etl,,,\ProgramData\USOShared\Logs\System\WuProvider.83249221-6542-4763-8424-577e3714d155.1.etl|WuProvider.83249221-6542-4763-8424-577e3714d155.1.etl,1753102184.0,File_Created / Basic_Info_Changed / Data_Added / Data_Overwritten,0x000500000000C989,0x0001000000000624,usnjrnl_only,False,,,,,,,,,False,FALSE,FALSE,FALSE,,FALSE,,FALSE,False,False,False,False,53,False,20,1736,13,0,False,True,True,False,False,5,,1,1,0,0,0,0,0,0.0298144208085607,LOW,Benign
12/28/23 21:29,12/28/23 21:29,,,WuProvider.83249221-6542-4763-8424-577e3714d155.1.etl,\ProgramData\USOShared\Logs\System\WuProvider.83249221-6542-4763-8424-577e3714d155.1.etl,,,\ProgramData\USOShared\Logs\System\WuProvider.83249221-6542-4763-8424-577e3714d155.1.etl|WuProvider.83249221-6542-4763-8424-577e3714d155.1.etl,1753102352.0,File_Created / Basic_Info_Changed / Data_Added / Data_Overwritten / File_Closed,0x000500000000C989,0x0001000000000624,usnjrnl_only,False,,,,,,,,,False,FALSE,FALSE,FALSE,,FALSE,,FALSE,False,False,False,True,53,False,20,1736,13,0,False,True,True,True,True,5,,1,2,0,0,0,0,0,0.01988188851507617,LOW,Benign
12/28/23 21:32,12/28/23 21:32,,,globalLoadable.dat,\ProgramData\Avast Software\Avast\IDS\profile\globalLoadable.dat,,,\ProgramData\Avast Software\Avast\IDS\profile\globalLoadable.dat|globalLoadable.dat,1753136960.0,File_Created / Basic_Info_Changed / Data_Added / Data_Overwritten / File_Renamed_New,0x002D00000000C8D1,0x000A00000001F980,usnjrnl_only,False,,,,,,,,,False,FALSE,FALSE,FALSE,,FALSE,,FALSE,False,False,False,True,18,False,3770,1736,5,182,False,True,True,False,False,6,,1,1,0,0,0,0,0,0.0298144208085607,LOW,Benign
12/28/23 21:32,12/28/23 21:32,,,globalLoadable.dat,\ProgramData\Avast Software\Avast\IDS\profile\globalLoadable.dat,,,\ProgramData\Avast Software\Avast\IDS\profile\globalLoadable.dat|globalLoadable.dat,1753137056.0,File_Created / Basic_Info_Changed / Data_Added / Data_Overwritten / File_Renamed_New / File_Closed,0x002D00000000C8D1,0x000A00000001F980,usnjrnl_only,False,,,,,,,,,False,FALSE,FALSE,FALSE,,FALSE,,FALSE,False,False,False,True,18,False,3770,1736,5,0,False,True,True,True,True,6,,1,2,0,0,0,0,0,0.01988188851507617,LOW,Benign
12/28/23 21:32,12/28/23 21:32,,,cache.dat,\ProgramData\Avast Software\Avast\IDS\malwareprofile\cache.dat,,,\ProgramData\Avast Software\Avast\IDS\malwareprofile\cache.dat|cache.dat,1753137920.0,File_Created / Basic_Info_Changed / Data_Added / Data_Overwritten / File_Renamed_New,0x007E00000000C8C5,0x00060000000198CB,usnjrnl_only,False,,,,,,,,,False,FALSE,FALSE,FALSE,,FALSE,,FALSE,False,False,False,True,9,False,3770,1736,5,1,False,True,True,False,False,6,,1,1,0,0,0,0,0,0.0298144208085607,LOW,Benign
12/28/23 21:32,12/28/23 21:32,,,cache.dat,\ProgramData\Avast Software\Avast\IDS\malwareprofile\cache.dat,,,\ProgramData\Avast Software\Avast\IDS\malwareprofile\cache.dat|cache.dat,1753138000.0,File_Created / Basic_Info_Changed / Data_Added / Data_Overwritten / File_Renamed_New / File_Closed,0x007E00000000C8C5,0x00060000000198CB,usnjrnl_only,False,,,,,,,,,False,FALSE,FALSE,FALSE,,FALSE,,FALSE,False,False,False,True,9,False,3770,1736,5,0,False,True,True,True,True,6,,1,2,0,0,0,0,0,0.01988188851507617,LOW,Benign
12/28/23 21:32,12/28/23 21:32,,,FileCoAuth-2023-12-28.1332.6064.1.aodl,\Users\blueangel\AppData\Local\Microsoft\OneDrive\logs\Common\FileCoAuth-2023-12-28.1332.6064.1.aodl,,,\Users\blueangel\AppData\Local\Microsoft\OneDrive\logs\Common\FileCoAuth-2023-12-28.1332.6064.1.aodl|FileCoAuth-2023-12-28.1332.6064.1.aodl,1753141952.0,File_Created / Basic_Info_Changed / Data_Added,0x000A00000000C8CA,0x000200000001E4E0,usnjrnl_only,False,,,,,,,,,False,FALSE,FALSE,FALSE,,FALSE,,FALSE,False,False,False,True,38,False,10,1736,5,14,False,True,True,False,False,9,,1,1,0,0,0,0,0,0.0298144208085607,LOW,Benign
12/28/23 21:32,12/28/23 21:32,,,FileCoAuth-2023-12-28.1332.6064.1.aodl,\Users\blueangel\AppData\Local\Microsoft\OneDrive\logs\Common\FileCoAuth-2023-12-28.1332.6064.1.aodl,,,\Users\blueangel\AppData\Local\Microsoft\OneDrive\logs\Common\FileCoAuth-2023-12-28.1332.6064.1.aodl|FileCoAuth-2023-12-28.1332.6064.1.aodl,1753142088.0,File_Created / Basic_Info_Changed / Data_Added / File_Closed,0x000A00000000C8CA,0x000200000001E4E0,usnjrnl_only,False,,,,,,,,,False,FALSE,FALSE,FALSE,,FALSE,,FALSE,False,False,False,True,38,False,10,1736,5,0,False,True,True,True,True,9,,1,2,0,0,0,0,0,0.01988188851507617,LOW,Benign
12/28/23 21:38,12/28/23 21:38,,,WindowsUpdate.20231228.222814.158.1.etl,\Windows\Logs\WindowsUpdate\WindowsUpdate.20231228.222814.158.1.etl,,,\Windows\Logs\WindowsUpdate\WindowsUpdate.20231228.222814.158.1.etl|WindowsUpdate.20231228.222814.158.1.etl,1753216600.0,File_Created / Basic_Info_Changed / Data_Added / Data_Overwritten / Content_Indexed_Attr_Changed,0x000200000000C98E,0x000100000001A7D0,usnjrnl_only,False,,,,,,,,,False,FALSE,FALSE,FALSE,,FALSE,,FALSE,False,False,False,False,39,False,20,1736,3,344,False,True,True,False,False,4,,1,1,0,0,0,0,0,0.0298144208085607,LOW,Benign
12/28/23 21:38,12/28/23 21:38,,,WindowsUpdate.20231228.222814.158.1.etl,\Windows\Logs\WindowsUpdate\WindowsUpdate.20231228.222814.158.1.etl,,,\Windows\Logs\WindowsUpdate\WindowsUpdate.20231228.222814.158.1.etl|WindowsUpdate.20231228.222814.158.1.etl,1753216744.0,File_Created / Basic_Info_Changed / Data_Added / Data_Overwritten / Content_Indexed_Attr_Changed / File_Closed,0x000200000000C98E,0x000100000001A7D0,usnjrnl_only,False,,,,,,,,,False,FALSE,FALSE,FALSE,,FALSE,,FALSE,False,False,False,True,39,False,20,1736,3,0,False,True,True,True,True,4,,1,2,0,0,0,0,0,0.029540763940562008,LOW,Benign
12/28/23 21:39,12/28/23 21:39,,,nodes.dat,\ProgramData\Avast Software\Avast\IDS\malwareprofile\nodes.dat,,,\ProgramData\Avast Software\Avast\IDS\malwareprofile\nodes.dat|nodes.dat,1753276496.0,File_Created / Basic_Info_Changed / Data_Added / Data_Overwritten / Data_Truncated / File_Renamed_New,0x007100000000C8D4,0x00060000000198CB,usnjrnl_only,False,,,,,,,,,False,FALSE,FALSE,FALSE,,FALSE,,FALSE,False,False,False,True,9,False,2536,1736,3,80,False,True,True,False,False,6,,1,1,0,0,0,0,0,0.0298144208085607,LOW,Benign
12/28/23 21:39,12/28/23 21:39,,,nodes.dat,\ProgramData\Avast Software\Avast\IDS\malwareprofile\nodes.dat,,,\ProgramData\Avast Software\Avast\IDS\malwareprofile\nodes.dat|nodes.dat,1753276576.0,File_Created / Basic_Info_Changed / Data_Added / Data_Overwritten / Data_Truncated / File_Renamed_New / File_Closed,0x007100000000C8D4,0x00060000000198CB,usnjrnl_only,False,,,,,,,,,False,FALSE,FALSE,FALSE,,FALSE,,FALSE,False,False,False,True,9,False,2536,1736,3,0,False,True,True,True,True,6,,1,2,0,0,0,0,0,0.01988188851507617,LOW,Benign
12/28/23 21:42,12/28/23 21:42,,,globalLoadable.dat,\ProgramData\Avast Software\Avast\IDS\profile\globalLoadable.dat,,,\ProgramData\Avast Software\Avast\IDS\profile\globalLoadable.dat|globalLoadable.dat,1753307536.0,File_Created / Basic_Info_Changed / Data_Added / Data_Overwritten / File_Renamed_New,0x003900000000C988,0x000A00000001F980,usnjrnl_only,False,,,,,,,,,False,FALSE,FALSE,FALSE,,FALSE,,FALSE,False,False,False,True,18,False,3770,1736,5,161,False,True,True,False,False,6,,1,1,0,0,0,0,0,0.0298144208085607,LOW,Benign
12/28/23 21:42,12/28/23 21:42,,,globalLoadable.dat,\ProgramData\Avast Software\Avast\IDS\profile\globalLoadable.dat,,,\ProgramData\Avast Software\Avast\IDS\profile\globalLoadable.dat|globalLoadable.dat,1753307632.0,File_Created / Basic_Info_Changed / Data_Added / Data_Overwritten / File_Renamed_New / File_Closed,0x003900000000C988,0x000A00000001F980,usnjrnl_only,False,,,,,,,,,False,FALSE,FALSE,FALSE,,FALSE,,FALSE,False,False,False,True,18,False,3770,1736,5,0,False,True,True,True,True,6,,1,2,0,0,0,0,0,0.01988188851507617,LOW,Benign
12/28/23 21:42,12/28/23 21:42,,,cache.dat,\ProgramData\Avast Software\Avast\IDS\malwareprofile\cache.dat,,,\ProgramData\Avast Software\Avast\IDS\malwareprofile\cache.dat|cache.dat,1753308496.0,File_Created / Basic_Info_Changed / Data_Added / Data_Overwritten / File_Renamed_New,0x002E00000000C8D1,0x00060000000198CB,usnjrnl_only,False,,,,,,,,,False,FALSE,FALSE,FALSE,,FALSE,,FALSE,False,False,False,True,9,False,3770,1736,5,1,False,True,True,False,False,6,,1,1,0,0,0,0,0,0.0298144208085607,LOW,Benign
12/28/23 21:42,12/28/23 21:42,,,cache.dat,\ProgramData\Avast Software\Avast\IDS\malwareprofile\cache.dat,,,\ProgramData\Avast Software\Avast\IDS\malwareprofile\cache.dat|cache.dat,1753308576.0,File_Created / Basic_Info_Changed / Data_Added / Data_Overwritten / File_Renamed_New / File_Closed,0x002E00000000C8D1,0x00060000000198CB,usnjrnl_only,False,,,,,,,,,False,FALSE,FALSE,FALSE,,FALSE,,FALSE,False,False,False,True,9,False,3770,1736,5,0,False,True,True,True,True,6,,1,2,0,0,0,0,0,0.01988188851507617,LOW,Benign
12/28/23 21:42,12/28/23 21:42,,,FileCoAuth-2023-12-28.1342.10888.1.aodl,\Users\blueangel\AppData\Local\Microsoft\OneDrive\logs\Common\FileCoAuth-2023-12-28.1342.10888.1.aodl,,,\Users\blueangel\AppData\Local\Microsoft\OneDrive\logs\Common\FileCoAuth-2023-12-28.1342.10888.1.aodl|FileCoAuth-2023-12-28.1342.10888.1.aodl,1753312536.0,File_Created / Basic_Info_Changed / Data_Added,0x008100000000C8C5,0x000200000001E4E0,usnjrnl_only,False,,,,,,,,,False,FALSE,FALSE,FALSE,,FALSE,,FALSE,False,False,False,True,39,False,10,1736,5,14,False,True,True,False,False,9,,1,1,0,0,0,0,0,0.0298144208085607,LOW,Benign
12/28/23 21:42,12/28/23 21:42,,,FileCoAuth-2023-12-28.1342.10888.1.aodl,\Users\blueangel\AppData\Local\Microsoft\OneDrive\logs\Common\FileCoAuth-2023-12-28.1342.10888.1.aodl,,,\Users\blueangel\AppData\Local\Microsoft\OneDrive\logs\Common\FileCoAuth-2023-12-28.1342.10888.1.aodl|FileCoAuth-2023-12-28.1342.10888.1.aodl,1753312680.0,File_Created / Basic_Info_Changed / Data_Added / File_Closed,0x008100000000C8C5,0x000200000001E4E0,usnjrnl_only,False,,,,,,,,,False,FALSE,FALSE,FALSE,,FALSE,,FALSE,False,False,False,True,39,False,10,1736,5,0,False,True,True,True,True,9,,1,2,0,0,0,0,0,0.01988188851507617,LOW,Benign
12/28/23 21:52,12/28/23 21:52,,,globalLoadable.dat,\ProgramData\Avast Software\Avast\IDS\profile\globalLoadable.dat,,,\ProgramData\Avast Software\Avast\IDS\profile\globalLoadable.dat|globalLoadable.dat,1753431736.0,File_Created / Basic_Info_Changed / Data_Added / Data_Overwritten / File_Renamed_New,0x007500000000BE5C,0x000A00000001F980,usnjrnl_only,False,,,,,,,,,False,FALSE,FALSE,FALSE,,FALSE,,FALSE,False,False,False,True,18,False,3770,1736,7,585,False,True,True,False,False,6,,1,1,0,0,0,0,0,0.0298144208085607,LOW,Benign
12/28/23 21:52,12/28/23 21:52,,,globalLoadable.dat,\ProgramData\Avast Software\Avast\IDS\profile\globalLoadable.dat,,,\ProgramData\Avast Software\Avast\IDS\profile\globalLoadable.dat|globalLoadable.dat,1753431832.0,File_Created / Basic_Info_Changed / Data_Added / Data_Overwritten / File_Renamed_New / File_Closed,0x007500000000BE5C,0x000A00000001F980,usnjrnl_only,False,,,,,,,,,False,FALSE,FALSE,FALSE,,FALSE,,FALSE,False,False,False,True,18,False,3770,1736,7,0,False,True,True,True,True,6,,1,2,0,0,0,0,0,0.01988188851507617,LOW,Benign
12/28/23 21:52,12/28/23 21:52,,,cache.dat,\ProgramData\Avast Software\Avast\IDS\malwareprofile\cache.dat,,,\ProgramData\Avast Software\Avast\IDS\malwareprofile\cache.dat|cache.dat,1753433240.0,File_Created / Basic_Info_Changed / Data_Added / Data_Overwritten / File_Renamed_New,0x003B00000000BEA2,0x00060000000198CB,usnjrnl_only,False,,,,,,,,,False,FALSE,FALSE,FALSE,,FALSE,,FALSE,False,False,False,True,9,False,3770,1736,7,1,False,True,True,False,False,6,,1,1,0,0,0,0,0,0.0298144208085607,LOW,Benign
12/28/23 21:52,12/28/23 21:52,,,cache.dat,\ProgramData\Avast Software\Avast\IDS\malwareprofile\cache.dat,,,\ProgramData\Avast Software\Avast\IDS\malwareprofile\cache.dat|cache.dat,1753433320.0,File_Created / Basic_Info_Changed / Data_Added / Data_Overwritten / File_Renamed_New / File_Closed,0x003B00000000BEA2,0x00060000000198CB,usnjrnl_only,False,,,,,,,,,False,FALSE,FALSE,FALSE,,FALSE,,FALSE,False,False,False,True,9,False,3770,1736,7,0,False,True,True,True,True,6,,1,2,0,0,0,0,0,0.01988188851507617,LOW,Benign
12/28/23 21:52,12/28/23 21:52,,,FileCoAuth-2023-12-28.1352.5376.1.aodl,\Users\blueangel\AppData\Local\Microsoft\OneDrive\logs\Common\FileCoAuth-2023-12-28.1352.5376.1.aodl,,,\Users\blueangel\AppData\Local\Microsoft\OneDrive\logs\Common\FileCoAuth-2023-12-28.1352.5376.1.aodl|FileCoAuth-2023-12-28.1352.5376.1.aodl,1753436360.0,File_Created / Basic_Info_Changed / Data_Added,0x002700000000BEED,0x000200000001E4E0,usnjrnl_only,False,,,,,,,,,False,FALSE,FALSE,FALSE,,FALSE,,FALSE,False,False,False,True,38,False,10,1736,7,14,False,True,True,False,False,9,,1,1,0,0,0,0,0,0.0298144208085607,LOW,Benign
12/28/23 21:52,12/28/23 21:52,,,FileCoAuth-2023-12-28.1352.5376.1.aodl,\Users\blueangel\AppData\Local\Microsoft\OneDrive\logs\Common\FileCoAuth-2023-12-28.1352.5376.1.aodl,,,\Users\blueangel\AppData\Local\Microsoft\OneDrive\logs\Common\FileCoAuth-2023-12-28.1352.5376.1.aodl|FileCoAuth-2023-12-28.1352.5376.1.aodl,1753436496.0,File_Created / Basic_Info_Changed / Data_Added / File_Closed,0x002700000000BEED,0x000200000001E4E0,usnjrnl_only,False,,,,,,,,,False,FALSE,FALSE,FALSE,,FALSE,,FALSE,False,False,False,True,38,False,10,1736,7,0,False,True,True,True,True,9,,1,2,0,0,0,0,0,0.01988188851507617,LOW,Benign
12/28/23 21:54,12/28/23 21:54,,,nodes.dat,\ProgramData\Avast Software\Avast\IDS\malwareprofile\nodes.dat,,,\ProgramData\Avast Software\Avast\IDS\malwareprofile\nodes.dat|nodes.dat,1753468368.0,File_Created / Basic_Info_Changed / Data_Added / Data_Overwritten / Data_Truncated / File_Renamed_New,0x005300000000C8D1,0x00060000000198CB,usnjrnl_only,False,,,,,,,,,False,FALSE,FALSE,FALSE,,FALSE,,FALSE,False,False,False,True,9,False,2536,1736,7,126,False,True,True,False,False,6,,1,1,0,0,0,0,0,0.0298144208085607,LOW,Benign
12/28/23 21:54,12/28/23 21:54,,,nodes.dat,\ProgramData\Avast Software\Avast\IDS\malwareprofile\nodes.dat,,,\ProgramData\Avast Software\Avast\IDS\malwareprofile\nodes.dat|nodes.dat,1753468448.0,File_Created / Basic_Info_Changed / Data_Added / Data_Overwritten / Data_Truncated / File_Renamed_New / File_Closed,0x005300000000C8D1,0x00060000000198CB,usnjrnl_only,False,,,,,,,,,False,FALSE,FALSE,FALSE,,FALSE,,FALSE,False,False,False,True,9,False,2536,1736,7,0,False,True,True,True,True,6,,1,2,0,0,0,0,0,0.01988188851507617,LOW,Benign
12/28/23 22:02,12/28/23 22:02,,,globalLoadable.dat,\ProgramData\Avast Software\Avast\IDS\profile\globalLoadable.dat,,,\ProgramData\Avast Software\Avast\IDS\profile\globalLoadable.dat|globalLoadable.dat,1753564712.0,File_Created / Basic_Info_Changed / Data_Added / Data_Overwritten / File_Renamed_New,0x006100000000C233,0x000A00000001F980,usnjrnl_only,False,,,,,,,,,False,FALSE,FALSE,FALSE,,FALSE,,FALSE,False,False,False,True,18,False,3770,1736,5,459,False,True,True,False,False,6,,1,1,0,0,0,0,0,0.0298144208085607,LOW,Benign
12/28/23 22:02,12/28/23 22:02,,,globalLoadable.dat,\ProgramData\Avast Software\Avast\IDS\profile\globalLoadable.dat,,,\ProgramData\Avast Software\Avast\IDS\profile\globalLoadable.dat|globalLoadable.dat,1753564808.0,File_Created / Basic_Info_Changed / Data_Added / Data_Overwritten / File_Renamed_New / File_Closed,0x006100000000C233,0x000A00000001F980,usnjrnl_only,False,,,,,,,,,False,FALSE,FALSE,FALSE,,FALSE,,FALSE,False,False,False,True,18,False,3770,1736,5,0,False,True,True,True,True,6,,1,2,0,0,0,0,0,0.01988188851507617,LOW,Benign
12/28/23 22:02,12/28/23 22:02,,,cache.dat,\ProgramData\Avast Software\Avast\IDS\malwareprofile\cache.dat,,,\ProgramData\Avast Software\Avast\IDS\malwareprofile\cache.dat|cache.dat,1753565672.0,File_Created / Basic_Info_Changed / Data_Added / Data_Overwritten / File_Renamed_New,0x007600000000BE5C,0x00060000000198CB,usnjrnl_only,False,,,,,,,,,False,FALSE,FALSE,FALSE,,FALSE,,FALSE,False,False,False,True,9,False,3770,1736,5,1,False,True,True,False,False,6,,1,1,0,0,0,0,0,0.0298144208085607,LOW,Benign
12/28/23 22:02,12/28/23 22:02,,,cache.dat,\ProgramData\Avast Software\Avast\IDS\malwareprofile\cache.dat,,,\ProgramData\Avast Software\Avast\IDS\malwareprofile\cache.dat|cache.dat,1753565752.0,File_Created / Basic_Info_Changed / Data_Added / Data_Overwritten / File_Renamed_New / File_Closed,0x007600000000BE5C,0x00060000000198CB,usnjrnl_only,False,,,,,,,,,False,FALSE,FALSE,FALSE,,FALSE,,FALSE,False,False,False,True,9,False,3770,1736,5,0,False,True,True,True,True,6,,1,2,0,0,0,0,0,0.01988188851507617,LOW,Benign
12/28/23 22:02,12/28/23 22:02,,,FileCoAuth-2023-12-28.1402.7564.1.aodl,\Users\blueangel\AppData\Local\Microsoft\OneDrive\logs\Common\FileCoAuth-2023-12-28.1402.7564.1.aodl,,,\Users\blueangel\AppData\Local\Microsoft\OneDrive\logs\Common\FileCoAuth-2023-12-28.1402.7564.1.aodl|FileCoAuth-2023-12-28.1402.7564.1.aodl,1753569704.0,File_Created / Basic_Info_Changed / Data_Added,0x003E00000000BEA2,0x000200000001E4E0,usnjrnl_only,False,,,,,,,,,False,FALSE,FALSE,FALSE,,FALSE,,FALSE,False,False,False,True,38,False,10,1736,5,14,False,True,True,False,False,9,,1,1,0,0,0,0,0,0.0298144208085607,LOW,Benign
12/28/23 22:02,12/28/23 22:02,,,FileCoAuth-2023-12-28.1402.7564.1.aodl,\Users\blueangel\AppData\Local\Microsoft\OneDrive\logs\Common\FileCoAuth-2023-12-28.1402.7564.1.aodl,,,\Users\blueangel\AppData\Local\Microsoft\OneDrive\logs\Common\FileCoAuth-2023-12-28.1402.7564.1.aodl|FileCoAuth-2023-12-28.1402.7564.1.aodl,1753569840.0,File_Created / Basic_Info_Changed / Data_Added / File_Closed,0x003E00000000BEA2,0x000200000001E4E0,usnjrnl_only,False,,,,,,,,,False,FALSE,FALSE,FALSE,,FALSE,,FALSE,False,False,False,True,38,False,10,1736,5,0,False,True,True,True,True,9,,1,2,0,0,0,0,0,0.01988188851507617,LOW,Benign
12/28/23 22:09,12/28/23 22:09,,,nodes.dat,\ProgramData\Avast Software\Avast\IDS\malwareprofile\nodes.dat,,,\ProgramData\Avast Software\Avast\IDS\malwareprofile\nodes.dat|nodes.dat,1753681656.0,File_Created / Basic_Info_Changed / Data_Added / Data_Overwritten / Data_Truncated / File_Renamed_New,0x004100000000C99D,0x00060000000198CB,usnjrnl_only,False,,,,,,,,,False,FALSE,FALSE,FALSE,,FALSE,,FALSE,False,False,False,True,9,False,2536,1736,1,429,False,True,True,False,False,6,,1,1,0,0,0,0,0,0.0298144208085607,LOW,Benign
12/28/23 22:09,12/28/23 22:09,,,nodes.dat,\ProgramData\Avast Software\Avast\IDS\malwareprofile\nodes.dat,,,\ProgramData\Avast Software\Avast\IDS\malwareprofile\nodes.dat|nodes.dat,1753681736.0,File_Created / Basic_Info_Changed / Data_Added / Data_Overwritten / Data_Truncated / File_Renamed_New / File_Closed,0x004100000000C99D,0x00060000000198CB,usnjrnl_only,False,,,,,,,,,False,FALSE,FALSE,FALSE,,FALSE,,FALSE,False,False,False,True,9,False,2536,1736,1,0,False,True,True,True,True,6,,1,2,0,0,0,0,0,0.01988188851507617,LOW,Benign
12/28/23 22:12,12/28/23 22:12,,,globalLoadable.dat,\ProgramData\Avast Software\Avast\IDS\profile\globalLoadable.dat,,,\ProgramData\Avast Software\Avast\IDS\profile\globalLoadable.dat|globalLoadable.dat,1753709760.0,File_Created / Basic_Info_Changed / Data_Added / Data_Overwritten / File_Renamed_New,0x007600000000C8D1,0x000A00000001F980,usnjrnl_only,False,,,,,,,,,False,FALSE,FALSE,FALSE,,FALSE,,FALSE,False,False,False,True,18,False,3770,1736,5,157,False,True,True,False,False,6,,1,1,0,0,0,0,0,0.0298144208085607,LOW,Benign
12/28/23 22:12,12/28/23 22:12,,,globalLoadable.dat,\ProgramData\Avast Software\Avast\IDS\profile\globalLoadable.dat,,,\ProgramData\Avast Software\Avast\IDS\profile\globalLoadable.dat|globalLoadable.dat,1753709856.0,File_Created / Basic_Info_Changed / Data_Added / Data_Overwritten / File_Renamed_New / File_Closed,0x007600000000C8D1,0x000A00000001F980,usnjrnl_only,False,,,,,,,,,False,FALSE,FALSE,FALSE,,FALSE,,FALSE,False,False,False,True,18,False,3770,1736,5,0,False,True,True,True,True,6,,1,2,0,0,0,0,0,0.01988188851507617,LOW,Benign
12/28/23 22:12,12/28/23 22:12,,,cache.dat,\ProgramData\Avast Software\Avast\IDS\malwareprofile\cache.dat,,,\ProgramData\Avast Software\Avast\IDS\malwareprofile\cache.dat|cache.dat,1753710824.0,File_Created / Basic_Info_Changed / Data_Added / Data_Overwritten / File_Renamed_New,0x006200000000C233,0x00060000000198CB,usnjrnl_only,False,,,,,,,,,False,FALSE,FALSE,FALSE,,FALSE,,FALSE,False,False,False,True,9,False,3770,1736,5,0,False,True,True,False,False,6,,1,1,0,0,0,0,0,0.0298144208085607,LOW,Benign
12/28/23 22:12,12/28/23 22:12,,,cache.dat,\ProgramData\Avast Software\Avast\IDS\malwareprofile\cache.dat,,,\ProgramData\Avast Software\Avast\IDS\malwareprofile\cache.dat|cache.dat,1753710904.0,File_Created / Basic_Info_Changed / Data_Added / Data_Overwritten / File_Renamed_New / File_Closed,0x006200000000C233,0x00060000000198CB,usnjrnl_only,False,,,,,,,,,False,FALSE,FALSE,FALSE,,FALSE,,FALSE,False,False,False,True,9,False,3770,1736,5,0,False,True,True,True,True,6,,1,2,0,0,0,0,0,0.01988188851507617,LOW,Benign
12/28/23 22:12,12/28/23 22:12,,,FileCoAuth-2023-12-28.1412.4436.1.aodl,\Users\blueangel\AppData\Local\Microsoft\OneDrive\logs\Common\FileCoAuth-2023-12-28.1412.4436.1.aodl,,,\Users\blueangel\AppData\Local\Microsoft\OneDrive\logs\Common\FileCoAuth-2023-12-28.1412.4436.1.aodl|FileCoAuth-2023-12-28.1412.4436.1.aodl,1753715392.0,File_Created / Basic_Info_Changed / Data_Added,0x007700000000BE5C,0x000200000001E4E0,usnjrnl_only,False,,,,,,,,,False,FALSE,FALSE,FALSE,,FALSE,,FALSE,False,False,False,True,38,False,10,1736,5,14,False,True,True,False,False,9,,1,1,0,0,0,0,0,0.0298144208085607,LOW,Benign
12/28/23 22:12,12/28/23 22:12,,,FileCoAuth-2023-12-28.1412.4436.1.aodl,\Users\blueangel\AppData\Local\Microsoft\OneDrive\logs\Common\FileCoAuth-2023-12-28.1412.4436.1.aodl,,,\Users\blueangel\AppData\Local\Microsoft\OneDrive\logs\Common\FileCoAuth-2023-12-28.1412.4436.1.aodl|FileCoAuth-2023-12-28.1412.4436.1.aodl,1753715528.0,File_Created / Basic_Info_Changed / Data_Added / File_Closed,0x007700000000BE5C,0x000200000001E4E0,usnjrnl_only,False,,,,,,,,,False,FALSE,FALSE,FALSE,,FALSE,,FALSE,False,False,False,True,38,False,10,1736,5,0,False,True,True,True,True,9,,1,2,0,0,0,0,0,0.01988188851507617,LOW,Benign
12/28/23 22:22,12/28/23 22:22,,,globalLoadable.dat,\ProgramData\Avast Software\Avast\IDS\profile\globalLoadable.dat,,,\ProgramData\Avast Software\Avast\IDS\profile\globalLoadable.dat|globalLoadable.dat,1753858848.0,File_Created / Basic_Info_Changed / Data_Added / Data_Overwritten / File_Renamed_New,0x001400000000C8E9,0x000A00000001F980,usnjrnl_only,False,,,,,,,,,False,FALSE,FALSE,FALSE,,FALSE,,FALSE,False,False,False,True,18,False,3770,1736,7,586,False,True,True,False,False,6,,1,1,0,0,0,0,0,0.0298144208085607,LOW,Benign
12/28/23 22:22,12/28/23 22:22,,,globalLoadable.dat,\ProgramData\Avast Software\Avast\IDS\profile\globalLoadable.dat,,,\ProgramData\Avast Software\Avast\IDS\profile\globalLoadable.dat|globalLoadable.dat,1753858944.0,File_Created / Basic_Info_Changed / Data_Added / Data_Overwritten / File_Renamed_New / File_Closed,0x001400000000C8E9,0x000A00000001F980,usnjrnl_only,False,,,,,,,,,False,FALSE,FALSE,FALSE,,FALSE,,FALSE,False,False,False,True,18,False,3770,1736,7,0,False,True,True,True,True,6,,1,2,0,0,0,0,0,0.01988188851507617,LOW,Benign
12/28/23 22:22,12/28/23 22:22,,,cache.dat,\ProgramData\Avast Software\Avast\IDS\malwareprofile\cache.dat,,,\ProgramData\Avast Software\Avast\IDS\malwareprofile\cache.dat|cache.dat,1753859808.0,File_Created / Basic_Info_Changed / Data_Added / Data_Overwritten / File_Renamed_New,0x007700000000C8D1,0x00060000000198CB,usnjrnl_only,False,,,,,,,,,False,FALSE,FALSE,FALSE,,FALSE,,FALSE,False,False,False,True,9,False,3770,1736,7,0,False,True,True,False,False,6,,1,1,0,0,0,0,0,0.0298144208085607,LOW,Benign
12/28/23 22:22,12/28/23 22:22,,,cache.dat,\ProgramData\Avast Software\Avast\IDS\malwareprofile\cache.dat,,,\ProgramData\Avast Software\Avast\IDS\malwareprofile\cache.dat|cache.dat,1753859888.0,File_Created / Basic_Info_Changed / Data_Added / Data_Overwritten / File_Renamed_New / File_Closed,0x007700000000C8D1,0x00060000000198CB,usnjrnl_only,False,,,,,,,,,False,FALSE,FALSE,FALSE,,FALSE,,FALSE,False,False,False,True,9,False,3770,1736,7,0,False,True,True,True,True,6,,1,2,0,0,0,0,0,0.01988188851507617,LOW,Benign
12/28/23 22:22,12/28/23 22:22,,,FileCoAuth-2023-12-28.1422.2288.1.aodl,\Users\blueangel\AppData\Local\Microsoft\OneDrive\logs\Common\FileCoAuth-2023-12-28.1422.2288.1.aodl,,,\Users\blueangel\AppData\Local\Microsoft\OneDrive\logs\Common\FileCoAuth-2023-12-28.1422.2288.1.aodl|FileCoAuth-2023-12-28.1422.2288.1.aodl,1753863664.0,File_Created / Basic_Info_Changed / Data_Added,0x006400000000C233,0x000200000001E4E0,usnjrnl_only,False,,,,,,,,,False,FALSE,FALSE,FALSE,,FALSE,,FALSE,False,False,False,True,38,False,10,1736,7,14,False,True,True,False,False,9,,1,1,0,0,0,0,0,0.0298144208085607,LOW,Benign
12/28/23 22:22,12/28/23 22:22,,,FileCoAuth-2023-12-28.1422.2288.1.aodl,\Users\blueangel\AppData\Local\Microsoft\OneDrive\logs\Common\FileCoAuth-2023-12-28.1422.2288.1.aodl,,,\Users\blueangel\AppData\Local\Microsoft\OneDrive\logs\Common\FileCoAuth-2023-12-28.1422.2288.1.aodl|FileCoAuth-2023-12-28.1422.2288.1.aodl,1753863800.0,File_Created / Basic_Info_Changed / Data_Added / File_Closed,0x006400000000C233,0x000200000001E4E0,usnjrnl_only,False,,,,,,,,,False,FALSE,FALSE,FALSE,,FALSE,,FALSE,False,False,False,True,38,False,10,1736,7,0,False,True,True,True,True,9,,1,2,0,0,0,0,0,0.01988188851507617,LOW,Benign
12/28/23 22:24,12/28/23 22:24,,,nodes.dat,\ProgramData\Avast Software\Avast\IDS\malwareprofile\nodes.dat,,,\ProgramData\Avast Software\Avast\IDS\malwareprofile\nodes.dat|nodes.dat,1753905216.0,File_Created / Basic_Info_Changed / Data_Added / Data_Overwritten / Data_Truncated / File_Renamed_New,0x001400000000C9C5,0x00060000000198CB,usnjrnl_only,False,,,,,,,,,False,FALSE,FALSE,FALSE,,FALSE,,FALSE,False,False,False,True,9,False,2536,1736,7,132,False,True,True,False,False,6,,1,1,0,0,0,0,0,0.0298144208085607,LOW,Benign
12/28/23 22:24,12/28/23 22:24,,,nodes.dat,\ProgramData\Avast Software\Avast\IDS\malwareprofile\nodes.dat,,,\ProgramData\Avast Software\Avast\IDS\malwareprofile\nodes.dat|nodes.dat,1753905296.0,File_Created / Basic_Info_Changed / Data_Added / Data_Overwritten / Data_Truncated / File_Renamed_New / File_Closed,0x001400000000C9C5,0x00060000000198CB,usnjrnl_only,False,,,,,,,,,False,FALSE,FALSE,FALSE,,FALSE,,FALSE,False,False,False,True,9,False,2536,1736,7,0,False,True,True,True,True,6,,1,2,0,0,0,0,0,0.01988188851507617,LOW,Benign
12/28/23 22:28,12/28/23 22:28,,,MoUsoCoreWorker.f4c21b8d-7d91-4f8e-ad4a-74eecb24da22.1.etl,\ProgramData\USOShared\Logs\System\MoUsoCoreWorker.f4c21b8d-7d91-4f8e-ad4a-74eecb24da22.1.etl,,,\ProgramData\USOShared\Logs\System\MoUsoCoreWorker.f4c21b8d-7d91-4f8e-ad4a-74eecb24da22.1.etl|MoUsoCoreWorker.f4c21b8d-7d91-4f8e-ad4a-74eecb24da22.1.etl,1753945280.0,File_Created / Basic_Info_Changed,0x005B000000008263,0x0001000000000624,usnjrnl_only,False,,,,,,,,,False,FALSE,FALSE,FALSE,,FALSE,,FALSE,False,False,False,False,58,False,20,1736,13,210,False,True,True,False,False,5,,1,1,0,0,0,0,0,0.0298144208085607,LOW,Benign
12/28/23 22:28,12/28/23 22:28,,,MoUsoCoreWorker.f4c21b8d-7d91-4f8e-ad4a-74eecb24da22.1.etl,\ProgramData\USOShared\Logs\System\MoUsoCoreWorker.f4c21b8d-7d91-4f8e-ad4a-74eecb24da22.1.etl,,,\ProgramData\USOShared\Logs\System\MoUsoCoreWorker.f4c21b8d-7d91-4f8e-ad4a-74eecb24da22.1.etl|MoUsoCoreWorker.f4c21b8d-7d91-4f8e-ad4a-74eecb24da22.1.etl,1753945456.0,File_Created / Basic_Info_Changed / Data_Added,0x005B000000008263,0x0001000000000624,usnjrnl_only,False,,,,,,,,,False,FALSE,FALSE,FALSE,,FALSE,,FALSE,False,False,False,False,58,False,20,1736,13,0,False,True,True,False,False,5,,1,1,0,0,0,0,0,0.0298144208085607,LOW,Benign
12/28/23 22:28,12/28/23 22:28,,,WuProvider.c35004b3-f0fa-400f-8360-e31f03aebde9.1.etl,\ProgramData\USOShared\Logs\System\WuProvider.c35004b3-f0fa-400f-8360-e31f03aebde9.1.etl,,,\ProgramData\USOShared\Logs\System\WuProvider.c35004b3-f0fa-400f-8360-e31f03aebde9.1.etl|WuProvider.c35004b3-f0fa-400f-8360-e31f03aebde9.1.etl,1753945968.0,File_Created / Basic_Info_Changed,0x007400000000C99D,0x0001000000000624,usnjrnl_only,False,,,,,,,,,False,FALSE,FALSE,FALSE,,FALSE,,FALSE,False,False,False,False,53,False,20,1736,13,0,False,True,True,False,False,5,,1,1,0,0,0,0,0,0.0298144208085607,LOW,Benign
12/28/23 22:28,12/28/23 22:28,,,WuProvider.c35004b3-f0fa-400f-8360-e31f03aebde9.1.etl,\ProgramData\USOShared\Logs\System\WuProvider.c35004b3-f0fa-400f-8360-e31f03aebde9.1.etl,,,\ProgramData\USOShared\Logs\System\WuProvider.c35004b3-f0fa-400f-8360-e31f03aebde9.1.etl|WuProvider.c35004b3-f0fa-400f-8360-e31f03aebde9.1.etl,1753946136.0,File_Created / Basic_Info_Changed / Data_Added,0x007400000000C99D,0x0001000000000624,usnjrnl_only,False,,,,,,,,,False,FALSE,FALSE,FALSE,,FALSE,,FALSE,False,False,False,False,53,False,20,1736,13,0,False,True,True,False,False,5,,1,1,0,0,0,0,0,0.0298144208085607,LOW,Benign
12/28/23 22:28,12/28/23 22:28,,,WindowsUpdate.20231228.232814.168.1.etl,\Windows\Logs\WindowsUpdate\WindowsUpdate.20231228.232814.168.1.etl,,,\Windows\Logs\WindowsUpdate\WindowsUpdate.20231228.232814.168.1.etl|WindowsUpdate.20231228.232814.168.1.etl,1753946448.0,File_Created / Basic_Info_Changed / Content_Indexed_Attr_Changed,0x000300000000C9BC,0x000100000001A7D0,usnjrnl_only,False,,,,,,,,,False,FALSE,FALSE,FALSE,,FALSE,,FALSE,False,False,False,False,39,False,20,1736,13,0,False,True,True,False,False,4,,1,1,0,0,0,0,0,0.0298144208085607,LOW,Benign
12/28/23 22:28,12/28/23 22:28,,,WindowsUpdate.20231228.232814.168.1.etl,\Windows\Logs\WindowsUpdate\WindowsUpdate.20231228.232814.168.1.etl,,,\Windows\Logs\WindowsUpdate\WindowsUpdate.20231228.232814.168.1.etl|WindowsUpdate.20231228.232814.168.1.etl,1753946592.0,File_Created / Basic_Info_Changed / Data_Added / Content_Indexed_Attr_Changed,0x000300000000C9BC,0x000100000001A7D0,usnjrnl_only,False,,,,,,,,,False,FALSE,FALSE,FALSE,,FALSE,,FALSE,False,False,False,False,39,False,20,1736,13,0,False,True,True,False,False,4,,1,1,0,0,0,0,0,0.0298144208085607,LOW,Benign
12/28/23 22:28,12/28/23 22:28,,,waasmedic.20231228_142814_387.etl,\Windows\Logs\waasmedic\waasmedic.20231228_142814_387.etl,,,\Windows\Logs\waasmedic\waasmedic.20231228_142814_387.etl|waasmedic.20231228_142814_387.etl,1753947760.0,File_Created / Basic_Info_Changed / Content_Indexed_Attr_Changed,0x000300000000C9C0,0x000100000001A208,usnjrnl_only,False,,,,,,,,,False,FALSE,FALSE,FALSE,,FALSE,,FALSE,False,False,False,False,33,False,20,1736,13,0,False,True,True,False,False,4,,1,1,0,0,0,0,0,0.039773830643638035,LOW,Benign
12/28/23 22:28,12/28/23 22:28,,,waasmedic.20231228_142814_387.etl,\Windows\Logs\waasmedic\waasmedic.20231228_142814_387.etl,,,\Windows\Logs\waasmedic\waasmedic.20231228_142814_387.etl|waasmedic.20231228_142814_387.etl,1753947888.0,File_Created / Basic_Info_Changed / Data_Added / Content_Indexed_Attr_Changed,0x000300000000C9C0,0x000100000001A208,usnjrnl_only,False,,,,,,,,,False,FALSE,FALSE,FALSE,,FALSE,,FALSE,False,False,False,False,33,False,20,1736,13,0,False,True,True,False,False,4,,1,1,0,0,0,0,0,0.039773830643638035,LOW,Benign
12/28/23 22:28,12/28/23 22:28,,,waasmedic.20231228_142814_387.etl,\Windows\Logs\waasmedic\waasmedic.20231228_142814_387.etl,,,\Windows\Logs\waasmedic\waasmedic.20231228_142814_387.etl|waasmedic.20231228_142814_387.etl,1753949896.0,File_Created / Basic_Info_Changed / Data_Added / Data_Overwritten / Content_Indexed_Attr_Changed,0x000300000000C9C0,0x000100000001A208,usnjrnl_only,False,,,,,,,,,False,FALSE,FALSE,FALSE,,FALSE,,FALSE,False,False,False,False,33,False,20,1736,13,0,False,True,True,False,False,4,,1,1,0,0,0,0,0,0.039773830643638035,LOW,Benign
12/28/23 22:29,12/28/23 22:29,,,waasmedic.20231228_142814_387.etl,\Windows\Logs\waasmedic\waasmedic.20231228_142814_387.etl,,,\Windows\Logs\waasmedic\waasmedic.20231228_142814_387.etl|waasmedic.20231228_142814_387.etl,1753965568.0,File_Created / Basic_Info_Changed / Data_Added / Data_Overwritten / Content_Indexed_Attr_Changed / File_Closed,0x000300000000C9C0,0x000100000001A208,usnjrnl_only,False,,,,,,,,,False,FALSE,FALSE,FALSE,,FALSE,,FALSE,False,False,False,True,33,False,20,1736,13,60,False,True,True,True,True,4,,1,2,0,0,0,0,0,0.03591128942202132,LOW,Benign
12/28/23 22:29,12/28/23 22:29,,,MoUsoCoreWorker.f4c21b8d-7d91-4f8e-ad4a-74eecb24da22.1.etl,\ProgramData\USOShared\Logs\System\MoUsoCoreWorker.f4c21b8d-7d91-4f8e-ad4a-74eecb24da22.1.etl,,,\ProgramData\USOShared\Logs\System\MoUsoCoreWorker.f4c21b8d-7d91-4f8e-ad4a-74eecb24da22.1.etl|MoUsoCoreWorker.f4c21b8d-7d91-4f8e-ad4a-74eecb24da22.1.etl,1753965696.0,File_Created / Basic_Info_Changed / Data_Added / Data_Overwritten,0x005B000000008263,0x0001000000000624,usnjrnl_only,False,,,,,,,,,False,FALSE,FALSE,FALSE,,FALSE,,FALSE,False,False,False,False,58,False,20,1736,13,1,False,True,True,False,False,5,,1,1,0,0,0,0,0,0.0298144208085607,LOW,Benign
12/28/23 22:29,12/28/23 22:29,,,MoUsoCoreWorker.f4c21b8d-7d91-4f8e-ad4a-74eecb24da22.1.etl,\ProgramData\USOShared\Logs\System\MoUsoCoreWorker.f4c21b8d-7d91-4f8e-ad4a-74eecb24da22.1.etl,,,\ProgramData\USOShared\Logs\System\MoUsoCoreWorker.f4c21b8d-7d91-4f8e-ad4a-74eecb24da22.1.etl|MoUsoCoreWorker.f4c21b8d-7d91-4f8e-ad4a-74eecb24da22.1.etl,1753965872.0,File_Created / Basic_Info_Changed / Data_Added / Data_Overwritten / File_Closed,0x005B000000008263,0x0001000000000624,usnjrnl_only,False,,,,,,,,,False,FALSE,FALSE,FALSE,,FALSE,,FALSE,False,False,False,True,58,False,20,1736,13,0,False,True,True,True,True,5,,1,2,0,0,0,0,0,0.01988188851507617,LOW,Benign
12/28/23 22:29,12/28/23 22:29,,,WuProvider.c35004b3-f0fa-400f-8360-e31f03aebde9.1.etl,\ProgramData\USOShared\Logs\System\WuProvider.c35004b3-f0fa-400f-8360-e31f03aebde9.1.etl,,,\ProgramData\USOShared\Logs\System\WuProvider.c35004b3-f0fa-400f-8360-e31f03aebde9.1.etl|WuProvider.c35004b3-f0fa-400f-8360-e31f03aebde9.1.etl,1753967592.0,File_Created / Basic_Info_Changed / Data_Added / Data_Overwritten,0x007400000000C99D,0x0001000000000624,usnjrnl_only,False,,,,,,,,,False,FALSE,FALSE,FALSE,,FALSE,,FALSE,False,False,False,False,53,False,20,1736,13,0,False,True,True,False,False,5,,1,1,0,0,0,0,0,0.0298144208085607,LOW,Benign
12/28/23 22:29,12/28/23 22:29,,,WuProvider.c35004b3-f0fa-400f-8360-e31f03aebde9.1.etl,\ProgramData\USOShared\Logs\System\WuProvider.c35004b3-f0fa-400f-8360-e31f03aebde9.1.etl,,,\ProgramData\USOShared\Logs\System\WuProvider.c35004b3-f0fa-400f-8360-e31f03aebde9.1.etl|WuProvider.c35004b3-f0fa-400f-8360-e31f03aebde9.1.etl,1753967760.0,File_Created / Basic_Info_Changed / Data_Added / Data_Overwritten / File_Closed,0x007400000000C99D,0x0001000000000624,usnjrnl_only,False,,,,,,,,,False,FALSE,FALSE,FALSE,,FALSE,,FALSE,False,False,False,True,53,False,20,1736,13,0,False,True,True,True,True,5,,1,2,0,0,0,0,0,0.01988188851507617,LOW,Benign
12/28/23 22:32,12/28/23 22:32,,,globalLoadable.dat,\ProgramData\Avast Software\Avast\IDS\profile\globalLoadable.dat,,,\ProgramData\Avast Software\Avast\IDS\profile\globalLoadable.dat|globalLoadable.dat,1754003936.0,File_Created / Basic_Info_Changed / Data_Added / Data_Overwritten / File_Renamed_New,0x002E00000000C8FA,0x000A00000001F980,usnjrnl_only,False,,,,,,,,,False,FALSE,FALSE,FALSE,,FALSE,,FALSE,False,False,False,True,18,False,3770,1736,5,183,False,True,True,False,False,6,,1,1,0,0,0,0,0,0.0298144208085607,LOW,Benign
12/28/23 22:32,12/28/23 22:32,,,globalLoadable.dat,\ProgramData\Avast Software\Avast\IDS\profile\globalLoadable.dat,,,\ProgramData\Avast Software\Avast\IDS\profile\globalLoadable.dat|globalLoadable.dat,1754004032.0,File_Created / Basic_Info_Changed / Data_Added / Data_Overwritten / File_Renamed_New / File_Closed,0x002E00000000C8FA,0x000A00000001F980,usnjrnl_only,False,,,,,,,,,False,FALSE,FALSE,FALSE,,FALSE,,FALSE,False,False,False,True,18,False,3770,1736,5,0,False,True,True,True,True,6,,1,2,0,0,0,0,0,0.01988188851507617,LOW,Benign
12/28/23 22:32,12/28/23 22:32,,,cache.dat,\ProgramData\Avast Software\Avast\IDS\malwareprofile\cache.dat,,,\ProgramData\Avast Software\Avast\IDS\malwareprofile\cache.dat|cache.dat,1754004896.0,File_Created / Basic_Info_Changed / Data_Added / Data_Overwritten / File_Renamed_New,0x001500000000C8E9,0x00060000000198CB,usnjrnl_only,False,,,,,,,,,False,FALSE,FALSE,FALSE,,FALSE,,FALSE,False,False,False,True,9,False,3770,1736,5,0,False,True,True,False,False,6,,1,1,0,0,0,0,0,0.0298144208085607,LOW,Benign
12/28/23 22:32,12/28/23 22:32,,,cache.dat,\ProgramData\Avast Software\Avast\IDS\malwareprofile\cache.dat,,,\ProgramData\Avast Software\Avast\IDS\malwareprofile\cache.dat|cache.dat,1754004976.0,File_Created / Basic_Info_Changed / Data_Added / Data_Overwritten / File_Renamed_New / File_Closed,0x001500000000C8E9,0x00060000000198CB,usnjrnl_only,False,,,,,,,,,False,FALSE,FALSE,FALSE,,FALSE,,FALSE,False,False,False,True,9,False,3770,1736,5,0,False,True,True,True,True,6,,1,2,0,0,0,0,0,0.01988188851507617,LOW,Benign
12/28/23 22:32,12/28/23 22:32,,,FileCoAuth-2023-12-28.1432.11512.1.aodl,\Users\blueangel\AppData\Local\Microsoft\OneDrive\logs\Common\FileCoAuth-2023-12-28.1432.11512.1.aodl,,,\Users\blueangel\AppData\Local\Microsoft\OneDrive\logs\Common\FileCoAuth-2023-12-28.1432.11512.1.aodl|FileCoAuth-2023-12-28.1432.11512.1.aodl,1754008856.0,File_Created / Basic_Info_Changed / Data_Added,0x007A00000000C8D1,0x000200000001E4E0,usnjrnl_only,False,,,,,,,,,False,FALSE,FALSE,FALSE,,FALSE,,FALSE,False,False,False,True,39,False,10,1736,5,14,False,True,True,False,False,9,,1,1,0,0,0,0,0,0.0298144208085607,LOW,Benign
12/28/23 22:32,12/28/23 22:32,,,FileCoAuth-2023-12-28.1432.11512.1.aodl,\Users\blueangel\AppData\Local\Microsoft\OneDrive\logs\Common\FileCoAuth-2023-12-28.1432.11512.1.aodl,,,\Users\blueangel\AppData\Local\Microsoft\OneDrive\logs\Common\FileCoAuth-2023-12-28.1432.11512.1.aodl|FileCoAuth-2023-12-28.1432.11512.1.aodl,1754009000.0,File_Created / Basic_Info_Changed / Data_Added / File_Closed,0x007A00000000C8D1,0x000200000001E4E0,usnjrnl_only,False,,,,,,,,,False,FALSE,FALSE,FALSE,,FALSE,,FALSE,False,False,False,True,39,False,10,1736,5,0,False,True,True,True,True,9,,1,2,0,0,0,0,0,0.01988188851507617,LOW,Benign
12/28/23 22:38,12/28/23 22:38,,,WindowsUpdate.20231228.232814.168.1.etl,\Windows\Logs\WindowsUpdate\WindowsUpdate.20231228.232814.168.1.etl,,,\Windows\Logs\WindowsUpdate\WindowsUpdate.20231228.232814.168.1.etl|WindowsUpdate.20231228.232814.168.1.etl,1754086312.0,File_Created / Basic_Info_Changed / Data_Added / Data_Overwritten / Content_Indexed_Attr_Changed,0x000300000000C9BC,0x000100000001A7D0,usnjrnl_only,False,,,,,,,,,False,FALSE,FALSE,FALSE,,FALSE,,FALSE,False,False,False,False,39,False,20,1736,3,344,False,True,True,False,False,4,,1,1,0,0,0,0,0,0.0298144208085607,LOW,Benign
12/28/23 22:38,12/28/23 22:38,,,WindowsUpdate.20231228.232814.168.1.etl,\Windows\Logs\WindowsUpdate\WindowsUpdate.20231228.232814.168.1.etl,,,\Windows\Logs\WindowsUpdate\WindowsUpdate.20231228.232814.168.1.etl|WindowsUpdate.20231228.232814.168.1.etl,1754086456.0,File_Created / Basic_Info_Changed / Data_Added / Data_Overwritten / Content_Indexed_Attr_Changed / File_Closed,0x000300000000C9BC,0x000100000001A7D0,usnjrnl_only,False,,,,,,,,,False,FALSE,FALSE,FALSE,,FALSE,,FALSE,False,False,False,True,39,False,20,1736,3,0,False,True,True,True,True,4,,1,2,0,0,0,0,0,0.029540763940562008,LOW,Benign
12/28/23 22:39,12/28/23 22:39,,,nodes.dat,\ProgramData\Avast Software\Avast\IDS\malwareprofile\nodes.dat,,,\ProgramData\Avast Software\Avast\IDS\malwareprofile\nodes.dat|nodes.dat,1754104040.0,File_Created / Basic_Info_Changed / Data_Added / Data_Overwritten / Data_Truncated / File_Renamed_New,0x007000000000C8FB,0x00060000000198CB,usnjrnl_only,False,,,,,,,,,False,FALSE,FALSE,FALSE,,FALSE,,FALSE,False,False,False,True,9,False,2536,1736,11,91,False,True,True,False,False,6,,1,1,0,0,0,0,0,0.0298144208085607,LOW,Benign
12/28/23 22:39,12/28/23 22:39,,,nodes.dat,\ProgramData\Avast Software\Avast\IDS\malwareprofile\nodes.dat,,,\ProgramData\Avast Software\Avast\IDS\malwareprofile\nodes.dat|nodes.dat,1754104120.0,File_Created / Basic_Info_Changed / Data_Added / Data_Overwritten / Data_Truncated / File_Renamed_New / File_Closed,0x007000000000C8FB,0x00060000000198CB,usnjrnl_only,False,,,,,,,,,False,FALSE,FALSE,FALSE,,FALSE,,FALSE,False,False,False,True,9,False,2536,1736,11,0,False,True,True,True,True,6,,1,2,0,0,0,0,0,0.01988188851507617,LOW,Benign
12/28/23 22:42,12/28/23 22:42,,,user-not-present-trace-2023-12-28-23-42-02.etl,\Windows\System32\SleepStudy\user-not-present-trace-2023-12-28-23-42-02.etl,,,\Windows\System32\SleepStudy\user-not-present-trace-2023-12-28-23-42-02.etl|user-not-present-trace-2023-12-28-23-42-02.etl,1754127928.0,File_Created / Basic_Info_Changed / Content_Indexed_Attr_Changed,0x003100000000C90F,0x0002000000019648,usnjrnl_only,False,,,,,,,,,False,FALSE,FALSE,FALSE,,FALSE,,FALSE,False,False,False,False,46,False,40,1736,15,135,False,True,True,False,False,4,,1,2,0,0,0,0,0,0.0298144208085607,LOW,Benign
12/28/23 22:42,12/28/23 22:42,,,user-not-present-trace-2023-12-28-23-42-02.etl,\Windows\System32\SleepStudy\user-not-present-trace-2023-12-28-23-42-02.etl,,,\Windows\System32\SleepStudy\user-not-present-trace-2023-12-28-23-42-02.etl|user-not-present-trace-2023-12-28-23-42-02.etl,1754128080.0,File_Created / Basic_Info_Changed / Data_Added / Content_Indexed_Attr_Changed,0x003100000000C90F,0x0002000000019648,usnjrnl_only,False,,,,,,,,,False,FALSE,FALSE,FALSE,,FALSE,,FALSE,False,False,False,False,46,False,40,1736,15,0,False,True,True,False,False,4,,1,2,0,0,0,0,0,0.0298144208085607,LOW,Benign
12/28/23 22:42,12/28/23 22:42,,,user-not-present-trace-2023-12-28-23-42-02.etl,\Windows\System32\SleepStudy\user-not-present-trace-2023-12-28-23-42-02.etl,,,\Windows\System32\SleepStudy\user-not-present-trace-2023-12-28-23-42-02.etl|user-not-present-trace-2023-12-28-23-42-02.etl,1754128232.0,File_Created / Basic_Info_Changed / Data_Added / Data_Overwritten / Content_Indexed_Attr_Changed,0x003100000000C90F,0x0002000000019648,usnjrnl_only,False,,,,,,,,,False,FALSE,FALSE,FALSE,,FALSE,,FALSE,False,False,False,False,46,False,40,1736,15,0,False,True,True,False,False,4,,1,2,0,0,0,0,0,0.0298144208085607,LOW,Benign
12/28/23 22:42,12/28/23 22:42,,,user-not-present-trace-2023-12-28-23-42-02.etl,\Windows\System32\SleepStudy\user-not-present-trace-2023-12-28-23-42-02.etl,,,\Windows\System32\SleepStudy\user-not-present-trace-2023-12-28-23-42-02.etl|user-not-present-trace-2023-12-28-23-42-02.etl,1754128384.0,File_Created / Basic_Info_Changed / Data_Added / Data_Overwritten / Content_Indexed_Attr_Changed / File_Closed,0x003100000000C90F,0x0002000000019648,usnjrnl_only,False,,,,,,,,,False,FALSE,FALSE,FALSE,,FALSE,,FALSE,False,False,False,True,46,False,40,1736,15,0,False,True,True,True,True,4,,1,3,0,0,0,0,0,0.03853637401206366,LOW,Benign
12/28/23 22:42,12/28/23 22:42,,,user-not-present-trace-2023-12-28-23-42-02.etl,\Windows\System32\SleepStudy\user-not-present-trace-2023-12-28-23-42-02.etl,,,\Windows\System32\SleepStudy\user-not-present-trace-2023-12-28-23-42-02.etl|user-not-present-trace-2023-12-28-23-42-02.etl,1754129456.0,Basic_Info_Changed / Data_Truncated,0x003100000000C90F,0x0002000000019648,usnjrnl_only,False,,,,,,,,,False,FALSE,FALSE,FALSE,,FALSE,,FALSE,False,False,False,False,46,False,40,1736,15,1,False,True,True,False,False,4,,1,2,0,0,0,0,0,0.0298144208085607,LOW,Benign
12/28/23 22:42,12/28/23 22:42,,,user-not-present-trace-2023-12-28-23-42-02.etl,\Windows\System32\SleepStudy\user-not-present-trace-2023-12-28-23-42-02.etl,,,\Windows\System32\SleepStudy\user-not-present-trace-2023-12-28-23-42-02.etl|user-not-present-trace-2023-12-28-23-42-02.etl,1754129608.0,Basic_Info_Changed / Data_Added / Data_Truncated,0x003100000000C90F,0x0002000000019648,usnjrnl_only,False,,,,,,,,,False,FALSE,FALSE,FALSE,,FALSE,,FALSE,False,False,False,False,46,False,40,1736,15,0,False,True,True,False,False,4,,1,2,0,0,0,0,0,0.0298144208085607,LOW,Benign
12/28/23 22:42,12/28/23 22:42,,,user-not-present-trace-2023-12-28-23-42-02.etl,\Windows\System32\SleepStudy\user-not-present-trace-2023-12-28-23-42-02.etl,,,\Windows\System32\SleepStudy\user-not-present-trace-2023-12-28-23-42-02.etl|user-not-present-trace-2023-12-28-23-42-02.etl,1754129760.0,Basic_Info_Changed / Data_Added / Data_Overwritten / Data_Truncated,0x003100000000C90F,0x0002000000019648,usnjrnl_only,False,,,,,,,,,False,FALSE,FALSE,FALSE,,FALSE,,FALSE,False,False,False,False,46,False,40,1736,15,0,False,True,True,False,False,4,,1,2,0,0,0,0,0,0.0298144208085607,LOW,Benign
12/28/23 22:42,12/28/23 22:42,,,user-not-present-trace-2023-12-28-23-42-02.etl,\Windows\System32\SleepStudy\user-not-present-trace-2023-12-28-23-42-02.etl,,,\Windows\System32\SleepStudy\user-not-present-trace-2023-12-28-23-42-02.etl|user-not-present-trace-2023-12-28-23-42-02.etl,1754129912.0,Basic_Info_Changed / Data_Added / Data_Overwritten / Data_Truncated / File_Closed,0x003100000000C90F,0x0002000000019648,usnjrnl_only,False,,,,,,,,,False,FALSE,FALSE,FALSE,,FALSE,,FALSE,False,False,False,True,46,False,40,1736,15,0,False,True,True,True,True,4,,1,3,0,0,0,0,0,0.03853637401206366,LOW,Benign
12/28/23 22:42,12/28/23 22:42,,,globalLoadable.dat,\ProgramData\Avast Software\Avast\IDS\profile\globalLoadable.dat,,,\ProgramData\Avast Software\Avast\IDS\profile\globalLoadable.dat|globalLoadable.dat,1754136096.0,File_Created / Basic_Info_Changed / Data_Added / Data_Overwritten / File_Renamed_New,0x001B00000000C9C5,0x000A00000001F980,usnjrnl_only,False,,,,,,,,,False,FALSE,FALSE,FALSE,,FALSE,,FALSE,False,False,False,True,18,False,3770,1736,13,15,False,True,True,False,False,6,,1,2,0,0,0,0,0,0.0298144208085607,LOW,Benign
12/28/23 22:42,12/28/23 22:42,,,globalLoadable.dat,\ProgramData\Avast Software\Avast\IDS\profile\globalLoadable.dat,,,\ProgramData\Avast Software\Avast\IDS\profile\globalLoadable.dat|globalLoadable.dat,1754136192.0,File_Created / Basic_Info_Changed / Data_Added / Data_Overwritten / File_Renamed_New / File_Closed,0x001B00000000C9C5,0x000A00000001F980,usnjrnl_only,False,,,,,,,,,False,FALSE,FALSE,FALSE,,FALSE,,FALSE,False,False,False,True,18,False,3770,1736,13,0,False,True,True,True,True,6,,1,3,0,0,0,0,0,0.02983134003007721,LOW,Benign
12/28/23 22:42,12/28/23 22:42,,,cache.dat,\ProgramData\Avast Software\Avast\IDS\malwareprofile\cache.dat,,,\ProgramData\Avast Software\Avast\IDS\malwareprofile\cache.dat|cache.dat,1754137192.0,File_Created / Basic_Info_Changed / Data_Added / Data_Overwritten / File_Renamed_New,0x002F00000000C8FA,0x00060000000198CB,usnjrnl_only,False,,,,,,,,,False,FALSE,FALSE,FALSE,,FALSE,,FALSE,False,False,False,True,9,False,3770,1736,13,0,False,True,True,False,False,6,,1,2,0,0,0,0,0,0.0298144208085607,LOW,Benign
12/28/23 22:42,12/28/23 22:42,,,cache.dat,\ProgramData\Avast Software\Avast\IDS\malwareprofile\cache.dat,,,\ProgramData\Avast Software\Avast\IDS\malwareprofile\cache.dat|cache.dat,1754137272.0,File_Created / Basic_Info_Changed / Data_Added / Data_Overwritten / File_Renamed_New / File_Closed,0x002F00000000C8FA,0x00060000000198CB,usnjrnl_only,False,,,,,,,,,False,FALSE,FALSE,FALSE,,FALSE,,FALSE,False,False,False,True,9,False,3770,1736,13,0,False,True,True,True,True,6,,1,3,0,0,0,0,0,0.02983134003007721,LOW,Benign
12/28/23 22:42,12/28/23 22:42,,,FileCoAuth-2023-12-28.1442.11248.1.aodl,\Users\blueangel\AppData\Local\Microsoft\OneDrive\logs\Common\FileCoAuth-2023-12-28.1442.11248.1.aodl,,,\Users\blueangel\AppData\Local\Microsoft\OneDrive\logs\Common\FileCoAuth-2023-12-28.1442.11248.1.aodl|FileCoAuth-2023-12-28.1442.11248.1.aodl,1754141184.0,File_Created / Basic_Info_Changed / Data_Added,0x001600000000C8E9,0x000200000001E4E0,usnjrnl_only,False,,,,,,,,,False,FALSE,FALSE,FALSE,,FALSE,,FALSE,False,False,False,True,39,False,10,1736,13,14,False,True,True,False,False,9,,1,2,0,0,0,0,0,0.0298144208085607,LOW,Benign
12/28/23 22:42,12/28/23 22:42,,,FileCoAuth-2023-12-28.1442.11248.1.aodl,\Users\blueangel\AppData\Local\Microsoft\OneDrive\logs\Common\FileCoAuth-2023-12-28.1442.11248.1.aodl,,,\Users\blueangel\AppData\Local\Microsoft\OneDrive\logs\Common\FileCoAuth-2023-12-28.1442.11248.1.aodl|FileCoAuth-2023-12-28.1442.11248.1.aodl,1754141328.0,File_Created / Basic_Info_Changed / Data_Added / File_Closed,0x001600000000C8E9,0x000200000001E4E0,usnjrnl_only,False,,,,,,,,,False,FALSE,FALSE,FALSE,,FALSE,,FALSE,False,False,False,True,39,False,10,1736,13,0,False,True,True,True,True,9,,1,3,0,0,0,0,0,0.02983134003007721,LOW,Benign
12/31/23 1:15,12/31/23 1:15,,,logUploaderSettings.ini,\Users\blueangel\AppData\Local\Microsoft\OneDrive\settings\Personal\logUploaderSettings.ini,,,\Users\blueangel\AppData\Local\Microsoft\OneDrive\settings\Personal\logUploaderSettings.ini|logUploaderSettings.ini,1754151624.0,Basic_Info_Changed / Data_Added / Data_Overwritten / Data_Truncated,0x000200000001A9A0,0x000100000001AB1F,usnjrnl_only,False,,,,,,,,,False,FALSE,FALSE,FALSE,,FALSE,,FALSE,False,False,False,True,23,False,294,1736,329,181968,False,True,True,False,False,9,,1,2,0,0,0,0,0,0.0298144208085607,LOW,Benign
12/31/23 1:15,12/31/23 1:15,,,logUploaderSettings.ini,\Users\blueangel\AppData\Local\Microsoft\OneDrive\settings\Personal\logUploaderSettings.ini,,,\Users\blueangel\AppData\Local\Microsoft\OneDrive\settings\Personal\logUploaderSettings.ini|logUploaderSettings.ini,1754151736.0,Basic_Info_Changed / Data_Added / Data_Overwritten / Data_Truncated / File_Closed,0x000200000001A9A0,0x000100000001AB1F,usnjrnl_only,False,,,,,,,,,False,FALSE,FALSE,FALSE,,FALSE,,FALSE,False,False,False,True,23,False,294,1736,329,0,False,True,True,True,True,9,,1,3,0,0,0,0,0,0.01988188851507617,LOW,Benign
12/31/23 1:15,12/31/23 1:15,,,waasmedic.20231230_171520_750.etl,\Windows\Logs\waasmedic\waasmedic.20231230_171520_750.etl,,,\Windows\Logs\waasmedic\waasmedic.20231230_171520_750.etl|waasmedic.20231230_171520_750.etl,1754157472.0,File_Created / Basic_Info_Changed / Content_Indexed_Attr_Changed,0x000200000000C9E4,0x000100000001A208,usnjrnl_only,False,,,,,,,,,False,FALSE,FALSE,FALSE,,FALSE,,FALSE,False,False,False,False,33,False,4,1736,329,0,False,True,True,False,False,4,,1,2,0,0,0,0,0,0.049808048398413095,LOW,Benign
12/31/23 1:15,12/31/23 1:15,,,waasmedic.20231230_171520_750.etl,\Windows\Logs\waasmedic\waasmedic.20231230_171520_750.etl,,,\Windows\Logs\waasmedic\waasmedic.20231230_171520_750.etl|waasmedic.20231230_171520_750.etl,1754157600.0,File_Created / Basic_Info_Changed / Data_Added / Content_Indexed_Attr_Changed,0x000200000000C9E4,0x000100000001A208,usnjrnl_only,False,,,,,,,,,False,FALSE,FALSE,FALSE,,FALSE,,FALSE,False,False,False,False,33,False,4,1736,329,0,False,True,True,False,False,4,,1,2,0,0,0,0,0,0.049808048398413095,LOW,Benign
12/31/23 1:15,12/31/23 1:15,,,waasmedic.20231230_171520_750.etl,\Windows\Logs\waasmedic\waasmedic.20231230_171520_750.etl,,,\Windows\Logs\waasmedic\waasmedic.20231230_171520_750.etl|waasmedic.20231230_171520_750.etl,1754161696.0,File_Created / Basic_Info_Changed / Data_Added / Data_Overwritten / Content_Indexed_Attr_Changed,0x000200000000C9E4,0x000100000001A208,usnjrnl_only,False,,,,,,,,,False,FALSE,FALSE,FALSE,,FALSE,,FALSE,False,False,False,False,33,False,4,1736,329,0,False,True,True,False,False,4,,1,2,0,0,0,0,0,0.049808048398413095,LOW,Benign
12/31/23 1:15,12/31/23 1:15,,,NotificationUxBroker.bfc01f4b-a261-4ff9-b15c-b07f33ed2440.1.etl,\ProgramData\USOShared\Logs\System\NotificationUxBroker.bfc01f4b-a261-4ff9-b15c-b07f33ed2440.1.etl,,,\ProgramData\USOShared\Logs\System\NotificationUxBroker.bfc01f4b-a261-4ff9-b15c-b07f33ed2440.1.etl|NotificationUxBroker.bfc01f4b-a261-4ff9-b15c-b07f33ed2440.1.etl,1754164744.0,File_Created / Basic_Info_Changed,0x000F00000000C9CA,0x0001000000000624,usnjrnl_only,False,,,,,,,,,False,FALSE,FALSE,FALSE,,FALSE,,FALSE,False,False,False,False,63,False,4,1736,329,1,False,True,True,False,False,5,,1,2,0,0,0,0,0,0.03984863856333576,LOW,Benign
12/31/23 1:15,12/31/23 1:15,,,NotificationUxBroker.bfc01f4b-a261-4ff9-b15c-b07f33ed2440.1.etl,\ProgramData\USOShared\Logs\System\NotificationUxBroker.bfc01f4b-a261-4ff9-b15c-b07f33ed2440.1.etl,,,\ProgramData\USOShared\Logs\System\NotificationUxBroker.bfc01f4b-a261-4ff9-b15c-b07f33ed2440.1.etl|NotificationUxBroker.bfc01f4b-a261-4ff9-b15c-b07f33ed2440.1.etl,1754165248.0,File_Created / Basic_Info_Changed / Data_Added,0x000F00000000C9CA,0x0001000000000624,usnjrnl_only,False,,,,,,,,,False,FALSE,FALSE,FALSE,,FALSE,,FALSE,False,False,False,False,63,False,4,1736,329,0,False,True,True,False,False,5,,1,2,0,0,0,0,0,0.03984863856333576,LOW,Benign
12/31/23 1:15,12/31/23 1:15,,,RUXIMLog.001.etl,\ProgramData\PLUG\Logs\RUXIMLog.001.etl,,,\ProgramData\PLUG\Logs\RUXIMLog.001.etl|RUXIMLog.001.etl,1754169440.0,File_Created / Basic_Info_Changed,0x000500000000C9DB,0x000200000000194D,usnjrnl_only,False,,,,,,,,,False,FALSE,FALSE,FALSE,,FALSE,,FALSE,False,False,False,False,16,False,374,1736,329,0,False,True,True,False,False,4,,1,2,0,0,0,0,0,0.0298144208085607,LOW,Benign
12/31/23 1:15,12/31/23 1:15,,,RUXIMLog.001.etl,\ProgramData\PLUG\Logs\RUXIMLog.001.etl,,,\ProgramData\PLUG\Logs\RUXIMLog.001.etl|RUXIMLog.001.etl,1754169536.0,File_Created / Basic_Info_Changed / Data_Added,0x000500000000C9DB,0x000200000000194D,usnjrnl_only,False,,,,,,,,,False,FALSE,FALSE,FALSE,,FALSE,,FALSE,False,False,False,False,16,False,374,1736,329,0,False,True,True,False,False,4,,1,2,0,0,0,0,0,0.0298144208085607,LOW,Benign
12/31/23 1:15,12/31/23 1:15,,,MoUsoCoreWorker.c8c1959c-7459-4bc7-8336-3674beeeec8f.1.etl,\ProgramData\USOShared\Logs\System\MoUsoCoreWorker.c8c1959c-7459-4bc7-8336-3674beeeec8f.1.etl,,,\ProgramData\USOShared\Logs\System\MoUsoCoreWorker.c8c1959c-7459-4bc7-8336-3674beeeec8f.1.etl|MoUsoCoreWorker.c8c1959c-7459-4bc7-8336-3674beeeec8f.1.etl,1754174048.0,File_Created / Basic_Info_Changed,0x000500000000C9ED,0x0001000000000624,usnjrnl_only,False,,,,,,,,,False,FALSE,FALSE,FALSE,,FALSE,,FALSE,False,False,False,False,58,False,4,1736,329,1,False,True,True,False,False,5,,1,2,0,0,0,0,0,0.03984863856333576,LOW,Benign
12/31/23 1:15,12/31/23 1:15,,,MoUsoCoreWorker.c8c1959c-7459-4bc7-8336-3674beeeec8f.1.etl,\ProgramData\USOShared\Logs\System\MoUsoCoreWorker.c8c1959c-7459-4bc7-8336-3674beeeec8f.1.etl,,,\ProgramData\USOShared\Logs\System\MoUsoCoreWorker.c8c1959c-7459-4bc7-8336-3674beeeec8f.1.etl|MoUsoCoreWorker.c8c1959c-7459-4bc7-8336-3674beeeec8f.1.etl,1754174224.0,File_Created / Basic_Info_Changed / Data_Added,0x000500000000C9ED,0x0001000000000624,usnjrnl_only,False,,,,,,,,,False,FALSE,FALSE,FALSE,,FALSE,,FALSE,False,False,False,False,58,False,4,1736,329,0,False,True,True,False,False,5,,1,2,0,0,0,0,0,0.03984863856333576,LOW,Benign
12/31/23 1:15,12/31/23 1:15,,,WuProvider.3d846b66-ee13-4f2b-b967-fb7d65646396.1.etl,\ProgramData\USOShared\Logs\System\WuProvider.3d846b66-ee13-4f2b-b967-fb7d65646396.1.etl,,,\ProgramData\USOShared\Logs\System\WuProvider.3d846b66-ee13-4f2b-b967-fb7d65646396.1.etl|WuProvider.3d846b66-ee13-4f2b-b967-fb7d65646396.1.etl,1754174736.0,File_Created / Basic_Info_Changed,0x000400000000C9EE,0x0001000000000624,usnjrnl_only,False,,,,,,,,,False,FALSE,FALSE,FALSE,,FALSE,,FALSE,False,False,False,False,53,False,4,1736,329,0,False,True,True,False,False,5,,1,2,0,0,0,0,0,0.03984863856333576,LOW,Benign
12/31/23 1:15,12/31/23 1:15,,,WuProvider.3d846b66-ee13-4f2b-b967-fb7d65646396.1.etl,\ProgramData\USOShared\Logs\System\WuProvider.3d846b66-ee13-4f2b-b967-fb7d65646396.1.etl,,,\ProgramData\USOShared\Logs\System\WuProvider.3d846b66-ee13-4f2b-b967-fb7d65646396.1.etl|WuProvider.3d846b66-ee13-4f2b-b967-fb7d65646396.1.etl,1754174904.0,File_Created / Basic_Info_Changed / Data_Added,0x000400000000C9EE,0x0001000000000624,usnjrnl_only,False,,,,,,,,,False,FALSE,FALSE,FALSE,,FALSE,,FALSE,False,False,False,False,53,False,4,1736,329,0,False,True,True,False,False,5,,1,2,0,0,0,0,0,0.03984863856333576,LOW,Benign
12/31/23 1:15,12/31/23 1:15,,,WindowsUpdate.20231231.021522.345.1.etl,\Windows\Logs\WindowsUpdate\WindowsUpdate.20231231.021522.345.1.etl,,,\Windows\Logs\WindowsUpdate\WindowsUpdate.20231231.021522.345.1.etl|WindowsUpdate.20231231.021522.345.1.etl,1754186632.0,File_Created / Basic_Info_Changed / Content_Indexed_Attr_Changed,0x000200000000C9F1,0x000100000001A7D0,usnjrnl_only,False,,,,,,,,,False,FALSE,FALSE,FALSE,,FALSE,,FALSE,False,False,False,False,39,False,2,1736,329,0,False,True,True,False,False,4,,1,2,0,0,0,0,0,0.03984863856333576,LOW,Benign
12/31/23 1:15,12/31/23 1:15,,,WindowsUpdate.20231231.021522.345.1.etl,\Windows\Logs\WindowsUpdate\WindowsUpdate.20231231.021522.345.1.etl,,,\Windows\Logs\WindowsUpdate\WindowsUpdate.20231231.021522.345.1.etl|WindowsUpdate.20231231.021522.345.1.etl,1754186776.0,File_Created / Basic_Info_Changed / Data_Added / Content_Indexed_Attr_Changed,0x000200000000C9F1,0x000100000001A7D0,usnjrnl_only,False,,,,,,,,,False,FALSE,FALSE,FALSE,,FALSE,,FALSE,False,False,False,False,39,False,2,1736,329,0,False,True,True,False,False,4,,1,2,0,0,0,0,0,0.03984863856333576,LOW,Benign
12/31/23 1:15,12/31/23 1:15,,,RUXIMLog.001.etl,\ProgramData\PLUG\Logs\RUXIMLog.001.etl,,,\ProgramData\PLUG\Logs\RUXIMLog.001.etl|RUXIMLog.001.etl,1754218736.0,File_Created / Basic_Info_Changed / Data_Added / File_Renamed_Old,0x000500000000C9DB,0x000200000000194D,usnjrnl_only,False,,,,,,,,,False,FALSE,FALSE,FALSE,,FALSE,,FALSE,False,False,False,False,16,False,374,1736,329,0,False,True,True,False,False,4,,1,2,0,0,0,0,0,0.0298144208085607,LOW,Benign
12/31/23 1:15,12/31/23 1:15,,,RUXIMLog.002.etl,\ProgramData\PLUG\Logs\RUXIMLog.002.etl,,,\ProgramData\PLUG\Logs\RUXIMLog.002.etl|RUXIMLog.002.etl,1754218832.0,File_Created / Basic_Info_Changed / Data_Added / File_Renamed_New,0x000500000000C9DB,0x000200000000194D,usnjrnl_only,False,,,,,,,,,False,FALSE,FALSE,FALSE,,FALSE,,FALSE,False,False,False,False,16,False,42,1736,329,0,False,True,True,False,False,4,,1,2,0,0,0,0,0,0.0298144208085607,LOW,Benign
12/31/23 1:15,12/31/23 1:15,10586750270.0,Time Reversal Event,WindowsUpdate.20231225.164824.113.72.etl,\Windows\Temp\_E010CF14-8D9A-43B4-B324-F502F5B86CDE\WindowsUpdate.20231225.164824.113.72.etl,0x327D,2.0,\Windows\Temp\_E010CF14-8D9A-43B4-B324-F502F5B86CDE\WindowsUpdate.20231225.164824.113.72.etl|WindowsUpdate.20231225.164824.113.72.etl,1754225848.0,File_Created / Basic_Info_Changed / Data_Added / Data_Overwritten,0x000500000000C9F5,0x000300000000C9F6,both,False,,,12/31/23 1:15,12/25/23 16:11,,,12/31/23 1:15,12/25/23 16:11,False,FALSE,FALSE,TRUE,,FALSE,5.378020833333333,TRUE,False,False,False,True,40,False,2,1736,329,1,True,True,True,False,False,4,-5.378020833,3,2,0,0,0,0,0,0.13903869311360423,LOW,Benign
12/31/23 1:15,12/31/23 1:15,10586751309.0,Time Reversal Event,WindowsUpdate.20231225.164824.113.73.etl,\Windows\Temp\_E010CF14-8D9A-43B4-B324-F502F5B86CDE\WindowsUpdate.20231225.164824.113.73.etl,0x327D,6.0,\Windows\Temp\_E010CF14-8D9A-43B4-B324-F502F5B86CDE\WindowsUpdate.20231225.164824.113.73.etl|WindowsUpdate.20231225.164824.113.73.etl,1754226688.0,File_Created / Basic_Info_Changed / Data_Added / Data_Overwritten,0x000300000000C9F7,0x000300000000C9F6,both,False,,,12/31/23 1:15,12/25/23 16:11,,,12/31/23 1:15,12/25/23 16:11,False,FALSE,FALSE,TRUE,,FALSE,5.377974537037037,TRUE,False,False,False,True,40,False,2,1736,329,0,True,True,True,False,False,4,-5.377974537,3,2,0,0,0,0,0,0.11949459638832644,LOW,Benign
12/31/23 1:15,12/31/23 1:15,10586752139.0,Time Reversal Event,WindowsUpdate.20231225.164824.113.74.etl,\Windows\Temp\_E010CF14-8D9A-43B4-B324-F502F5B86CDE\WindowsUpdate.20231225.164824.113.74.etl,0x327E,0.0,\Windows\Temp\_E010CF14-8D9A-43B4-B324-F502F5B86CDE\WindowsUpdate.20231225.164824.113.74.etl|WindowsUpdate.20231225.164824.113.74.etl,1754227408.0,File_Created / Basic_Info_Changed / Data_Added / Data_Overwritten,0x000300000000C9F8,0x000300000000C9F6,both,False,,,12/31/23 1:15,12/25/23 16:11,,,12/31/23 1:15,12/25/23 16:11,False,FALSE,FALSE,TRUE,,FALSE,5.377893518518518,TRUE,False,False,False,True,40,False,2,1736,329,0,True,True,True,False,False,4,-5.377893519,3,2,0,0,0,0,0,0.12909777718514026,LOW,Benign
12/31/23 1:15,12/31/23 1:15,10586752912.0,Time Reversal Event,WindowsUpdate.20231225.164824.113.75.etl,\Windows\Temp\_E010CF14-8D9A-43B4-B324-F502F5B86CDE\WindowsUpdate.20231225.164824.113.75.etl,0x327E,2.0,\Windows\Temp\_E010CF14-8D9A-43B4-B324-F502F5B86CDE\WindowsUpdate.20231225.164824.113.75.etl|WindowsUpdate.20231225.164824.113.75.etl,1754228128.0,File_Created / Basic_Info_Changed / Data_Added / Data_Overwritten,0x000200000000C9F9,0x000300000000C9F6,both,False,,,12/31/23 1:15,12/25/23 16:11,,,12/31/23 1:15,12/25/23 16:11,False,FALSE,FALSE,TRUE,,FALSE,5.377858796296296,TRUE,False,False,False,True,40,False,2,1736,329,0,True,True,True,False,False,4,-5.377858796,3,2,0,0,0,0,0,0.12909777718514026,LOW,Benign
12/31/23 1:15,12/31/23 1:15,10586753694.0,Time Reversal Event,WindowsUpdate.20231225.164824.113.76.etl,\Windows\Temp\_E010CF14-8D9A-43B4-B324-F502F5B86CDE\WindowsUpdate.20231225.164824.113.76.etl,0x327E,4.0,\Windows\Temp\_E010CF14-8D9A-43B4-B324-F502F5B86CDE\WindowsUpdate.20231225.164824.113.76.etl|WindowsUpdate.20231225.164824.113.76.etl,1754228848.0,File_Created / Basic_Info_Changed / Data_Added / Data_Overwritten,0x000200000000C9FA,0x000300000000C9F6,both,False,,,12/31/23 1:15,12/25/23 16:11,,,12/31/23 1:15,12/25/23 16:11,False,FALSE,FALSE,TRUE,,FALSE,5.3778125,TRUE,False,False,False,True,40,False,2,1736,329,0,True,True,True,False,False,4,-5.3778125,3,2,0,0,0,0,0,0.11949459638832644,LOW,Benign
12/31/23 1:15,12/31/23 1:15,10586754471.0,Time Reversal Event,WindowsUpdate.20231225.164824.113.77.etl,\Windows\Temp\_E010CF14-8D9A-43B4-B324-F502F5B86CDE\WindowsUpdate.20231225.164824.113.77.etl,0x327E,6.0,\Windows\Temp\_E010CF14-8D9A-43B4-B324-F502F5B86CDE\WindowsUpdate.20231225.164824.113.77.etl|WindowsUpdate.20231225.164824.113.77.etl,1754229568.0,File_Created / Basic_Info_Changed / Data_Added / Data_Overwritten,0x000200000000C9FB,0x000300000000C9F6,both,False,,,12/31/23 1:15,12/25/23 16:11,,,12/31/23 1:15,12/25/23 16:11,False,FALSE,FALSE,TRUE,,FALSE,5.377789351851852,TRUE,False,False,False,True,40,False,2,1736,329,0,True,True,True,False,False,4,-5.377789352,3,2,0,0,0,0,0,0.11949459638832644,LOW,Benign
12/31/23 1:15,12/31/23 1:15,10586755252.0,Time Reversal Event,WindowsUpdate.20231225.164824.113.78.etl,\Windows\Temp\_E010CF14-8D9A-43B4-B324-F502F5B86CDE\WindowsUpdate.20231225.164824.113.78.etl,0x327F,2.0,\Windows\Temp\_E010CF14-8D9A-43B4-B324-F502F5B86CDE\WindowsUpdate.20231225.164824.113.78.etl|WindowsUpdate.20231225.164824.113.78.etl,1754230288.0,File_Created / Basic_Info_Changed / Data_Added / Data_Overwritten,0x000200000000C9FD,0x000300000000C9F6,both,False,,,12/31/23 1:15,12/25/23 16:11,,,12/31/23 1:15,12/25/23 16:11,False,FALSE,FALSE,TRUE,,FALSE,5.377743055555555,TRUE,False,False,False,True,40,False,2,1736,329,0,True,True,True,False,False,4,-5.377743056,3,2,0,0,0,0,0,0.12909777718514026,LOW,Benign
12/31/23 1:15,12/31/23 1:15,10586756074.0,Time Reversal Event,WindowsUpdate.20231225.164824.113.79.etl,\Windows\Temp\_E010CF14-8D9A-43B4-B324-F502F5B86CDE\WindowsUpdate.20231225.164824.113.79.etl,0x3281,0.0,\Windows\Temp\_E010CF14-8D9A-43B4-B324-F502F5B86CDE\WindowsUpdate.20231225.164824.113.79.etl|WindowsUpdate.20231225.164824.113.79.etl,1754231072.0,File_Created / Basic_Info_Changed / Data_Added / Data_Overwritten,0x000200000000CA04,0x000300000000C9F6,both,False,,,12/31/23 1:15,12/25/23 16:11,,,12/31/23 1:15,12/25/23 16:11,False,FALSE,FALSE,TRUE,,FALSE,5.377465277777778,TRUE,False,False,False,True,40,False,2,1736,329,0,True,True,True,False,False,4,-5.377465278,3,2,0,0,0,0,0,0.12909777718514026,LOW,Benign
12/31/23 1:15,12/31/23 1:15,10586756950.0,Time Reversal Event,WindowsUpdate.20231225.164824.113.80.etl,\Windows\Temp\_E010CF14-8D9A-43B4-B324-F502F5B86CDE\WindowsUpdate.20231225.164824.113.80.etl,0x3281,2.0,\Windows\Temp\_E010CF14-8D9A-43B4-B324-F502F5B86CDE\WindowsUpdate.20231225.164824.113.80.etl|WindowsUpdate.20231225.164824.113.80.etl,1754231792.0,File_Created / Basic_Info_Changed / Data_Added / Data_Overwritten,0x000200000000CA05,0x000300000000C9F6,both,False,,,12/31/23 1:15,12/25/23 16:11,,,12/31/23 1:15,12/25/23 16:11,False,FALSE,FALSE,TRUE,,FALSE,5.377395833333333,TRUE,False,False,False,True,40,False,2,1736,329,0,True,True,True,False,False,4,-5.377395833,3,2,0,0,0,0,0,0.12909777718514026,LOW,Benign
12/31/23 1:15,12/31/23 1:15,10586757735.0,Time Reversal Event,WindowsUpdate.20231225.164824.113.81.etl,\Windows\Temp\_E010CF14-8D9A-43B4-B324-F502F5B86CDE\WindowsUpdate.20231225.164824.113.81.etl,0x3281,4.0,\Windows\Temp\_E010CF14-8D9A-43B4-B324-F502F5B86CDE\WindowsUpdate.20231225.164824.113.81.etl|WindowsUpdate.20231225.164824.113.81.etl,1754232512.0,File_Created / Basic_Info_Changed / Data_Added / Data_Overwritten,0x000300000000CA06,0x000300000000C9F6,both,False,,,12/31/23 1:15,12/25/23 16:12,,,12/31/23 1:15,12/25/23 16:12,False,FALSE,FALSE,TRUE,,FALSE,5.377303240740741,TRUE,False,False,False,True,40,False,2,1736,329,0,True,True,True,False,False,4,-5.377303241,3,2,0,0,0,0,0,0.11949459638832644,LOW,Benign
12/31/23 1:15,12/31/23 1:15,10586758599.0,Time Reversal Event,WindowsUpdate.20231225.164824.113.82.etl,\Windows\Temp\_E010CF14-8D9A-43B4-B324-F502F5B86CDE\WindowsUpdate.20231225.164824.113.82.etl,0x3282,0.0,\Windows\Temp\_E010CF14-8D9A-43B4-B324-F502F5B86CDE\WindowsUpdate.20231225.164824.113.82.etl|WindowsUpdate.20231225.164824.113.82.etl,1754233232.0,File_Created / Basic_Info_Changed / Data_Added / Data_Overwritten,0x000200000000CA08,0x000300000000C9F6,both,False,,,12/31/23 1:15,12/25/23 16:12,,,12/31/23 1:15,12/25/23 16:12,False,FALSE,FALSE,TRUE,,FALSE,5.37724537,TRUE,False,False,False,True,40,False,2,1736,329,0,True,True,True,False,False,4,-5.37724537,3,2,0,0,0,0,0,0.12909777718514026,LOW,Benign
12/31/23 1:15,12/31/23 1:15,10586759380.0,Time Reversal Event,WindowsUpdate.20231225.164824.113.83.etl,\Windows\Temp\_E010CF14-8D9A-43B4-B324-F502F5B86CDE\WindowsUpdate.20231225.164824.113.83.etl,0x3282,2.0,\Windows\Temp\_E010CF14-8D9A-43B4-B324-F502F5B86CDE\WindowsUpdate.20231225.164824.113.83.etl|WindowsUpdate.20231225.164824.113.83.etl,1754233952.0,File_Created / Basic_Info_Changed / Data_Added / Data_Overwritten,0x000200000000CA09,0x000300000000C9F6,both,False,,,12/31/23 1:15,12/25/23 16:12,,,12/31/23 1:15,12/25/23 16:12,False,FALSE,FALSE,TRUE,,FALSE,5.377164351851852,TRUE,False,False,False,True,40,False,2,1736,329,0,True,True,True,False,False,4,-5.377164352,3,2,0,0,0,0,0,0.12909777718514026,LOW,Benign
12/31/23 1:15,12/31/23 1:15,10586760153.0,Time Reversal Event,WindowsUpdate.20231225.164824.113.84.etl,\Windows\Temp\_E010CF14-8D9A-43B4-B324-F502F5B86CDE\WindowsUpdate.20231225.164824.113.84.etl,0x3282,6.0,\Windows\Temp\_E010CF14-8D9A-43B4-B324-F502F5B86CDE\WindowsUpdate.20231225.164824.113.84.etl|WindowsUpdate.20231225.164824.113.84.etl,1754234672.0,File_Created / Basic_Info_Changed / Data_Added / Data_Overwritten,0x000200000000CA0B,0x000300000000C9F6,both,False,,,12/31/23 1:15,12/25/23 16:12,,,12/31/23 1:15,12/25/23 16:12,False,FALSE,FALSE,TRUE,,FALSE,5.377071759259259,TRUE,False,False,False,True,40,False,2,1736,329,0,True,True,True,False,False,4,-5.377071759,3,2,0,0,0,0,0,0.11949459638832644,LOW,Benign
12/31/23 1:15,12/31/23 1:15,10586761067.0,Time Reversal Event,WindowsUpdate.20231225.164824.113.85.etl,\Windows\Temp\_E010CF14-8D9A-43B4-B324-F502F5B86CDE\WindowsUpdate.20231225.164824.113.85.etl,0x3283,0.0,\Windows\Temp\_E010CF14-8D9A-43B4-B324-F502F5B86CDE\WindowsUpdate.20231225.164824.113.85.etl|WindowsUpdate.20231225.164824.113.85.etl,1754235456.0,File_Created / Basic_Info_Changed / Data_Added / Data_Overwritten,0x000300000000CA0C,0x000300000000C9F6,both,False,,,12/31/23 1:15,12/25/23 16:12,,,12/31/23 1:15,12/25/23 16:12,False,FALSE,FALSE,TRUE,,FALSE,5.376967592592592,TRUE,False,False,False,True,40,False,2,1736,329,0,True,True,True,False,False,4,-5.376967593,3,2,0,0,0,0,0,0.12909777718514026,LOW,Benign
12/31/23 1:15,12/31/23 1:15,10586762578.0,Time Reversal Event,WindowsUpdate.20231225.164824.113.86.etl,\Windows\Temp\_E010CF14-8D9A-43B4-B324-F502F5B86CDE\WindowsUpdate.20231225.164824.113.86.etl,0x3283,2.0,\Windows\Temp\_E010CF14-8D9A-43B4-B324-F502F5B86CDE\WindowsUpdate.20231225.164824.113.86.etl|WindowsUpdate.20231225.164824.113.86.etl,1754236176.0,File_Created / Basic_Info_Changed / Data_Added / Data_Overwritten,0x000300000000CA0D,0x000300000000C9F6,both,False,,,12/31/23 1:15,12/25/23 16:12,,,12/31/23 1:15,12/25/23 16:12,False,FALSE,FALSE,TRUE,,FALSE,5.37681713,TRUE,False,False,False,True,40,False,2,1736,329,0,True,True,True,False,False,4,-5.37681713,3,2,0,0,0,0,0,0.12909777718514026,LOW,Benign
12/31/23 1:15,12/31/23 1:15,10586763361.0,Time Reversal Event,WindowsUpdate.20231225.164824.113.87.etl,\Windows\Temp\_E010CF14-8D9A-43B4-B324-F502F5B86CDE\WindowsUpdate.20231225.164824.113.87.etl,0x3283,6.0,\Windows\Temp\_E010CF14-8D9A-43B4-B324-F502F5B86CDE\WindowsUpdate.20231225.164824.113.87.etl|WindowsUpdate.20231225.164824.113.87.etl,1754236896.0,File_Created / Basic_Info_Changed / Data_Added / Data_Overwritten,0x000200000000CA0F,0x000300000000C9F6,both,False,,,12/31/23 1:15,12/25/23 16:12,,,12/31/23 1:15,12/25/23 16:12,False,FALSE,FALSE,TRUE,,FALSE,5.376724537037037,TRUE,False,False,False,True,40,False,2,1736,329,0,True,True,True,False,False,4,-5.376724537,3,2,0,0,0,0,0,0.11949459638832644,LOW,Benign
12/31/23 1:15,12/31/23 1:15,10586764256.0,Time Reversal Event,WindowsUpdate.20231225.164824.113.88.etl,\Windows\Temp\_E010CF14-8D9A-43B4-B324-F502F5B86CDE\WindowsUpdate.20231225.164824.113.88.etl,0x3284,0.0,\Windows\Temp\_E010CF14-8D9A-43B4-B324-F502F5B86CDE\WindowsUpdate.20231225.164824.113.88.etl|WindowsUpdate.20231225.164824.113.88.etl,1754237616.0,File_Created / Basic_Info_Changed / Data_Added / Data_Overwritten,0x000200000000CA10,0x000300000000C9F6,both,False,,,12/31/23 1:15,12/25/23 16:27,,,12/31/23 1:15,12/25/23 16:27,False,FALSE,FALSE,TRUE,,FALSE,5.366863425925926,TRUE,False,False,False,True,40,False,2,1736,329,0,True,True,True,False,False,4,-5.366863426,3,2,0,0,0,0,0,0.12909777718514026,LOW,Benign
12/31/23 1:15,12/31/23 1:15,10586765042.0,Time Reversal Event,WindowsUpdate.20231225.164824.113.89.etl,\Windows\Temp\_E010CF14-8D9A-43B4-B324-F502F5B86CDE\WindowsUpdate.20231225.164824.113.89.etl,0x3284,2.0,\Windows\Temp\_E010CF14-8D9A-43B4-B324-F502F5B86CDE\WindowsUpdate.20231225.164824.113.89.etl|WindowsUpdate.20231225.164824.113.89.etl,1754238336.0,File_Created / Basic_Info_Changed / Data_Added / Data_Overwritten,0x000300000000CA11,0x000300000000C9F6,both,False,,,12/31/23 1:15,12/25/23 16:27,,,12/31/23 1:15,12/25/23 16:27,False,FALSE,FALSE,TRUE,,FALSE,5.366863425925926,TRUE,False,False,False,True,40,False,2,1736,329,0,True,True,True,False,False,4,-5.366863426,3,2,0,0,0,0,0,0.12909777718514026,LOW,Benign
12/31/23 1:15,12/31/23 1:15,10586765898.0,Time Reversal Event,WindowsUpdate.20231225.173759.428.1.etl,\Windows\Temp\_E010CF14-8D9A-43B4-B324-F502F5B86CDE\WindowsUpdate.20231225.173759.428.1.etl,0x3284,4.0,\Windows\Temp\_E010CF14-8D9A-43B4-B324-F502F5B86CDE\WindowsUpdate.20231225.173759.428.1.etl|WindowsUpdate.20231225.173759.428.1.etl,1754239120.0,File_Created / Basic_Info_Changed / Data_Added / Data_Overwritten,0x000200000000CA12,0x000300000000C9F6,both,False,,,12/31/23 1:15,12/25/23 16:50,,,12/31/23 1:15,12/25/23 16:50,False,FALSE,FALSE,TRUE,,FALSE,5.350821759259259,TRUE,False,False,False,True,39,False,2,1736,329,0,True,True,True,False,False,4,-5.350821759,3,2,0,0,0,0,0,0.11949459638832644,LOW,Benign
12/31/23 1:15,12/31/23 1:15,10586766669.0,Time Reversal Event,WindowsUpdate.20231225.173759.428.2.etl,\Windows\Temp\_E010CF14-8D9A-43B4-B324-F502F5B86CDE\WindowsUpdate.20231225.173759.428.2.etl,0x3284,6.0,\Windows\Temp\_E010CF14-8D9A-43B4-B324-F502F5B86CDE\WindowsUpdate.20231225.173759.428.2.etl|WindowsUpdate.20231225.173759.428.2.etl,1754239840.0,File_Created / Basic_Info_Changed / Data_Added / Data_Overwritten,0x000300000000CA13,0x000300000000C9F6,both,False,,,12/31/23 1:15,12/25/23 16:56,,,12/31/23 1:15,12/25/23 16:56,False,FALSE,FALSE,TRUE,,FALSE,5.346608796296296,TRUE,False,False,False,True,39,False,2,1736,329,0,True,True,True,False,False,4,-5.346608796,3,2,0,0,0,0,0,0.11949459638832644,LOW,Benign
12/31/23 1:15,12/31/23 1:15,10586767448.0,Time Reversal Event,WindowsUpdate.20231225.175817.420.1.etl,\Windows\Temp\_E010CF14-8D9A-43B4-B324-F502F5B86CDE\WindowsUpdate.20231225.175817.420.1.etl,0x3285,0.0,\Windows\Temp\_E010CF14-8D9A-43B4-B324-F502F5B86CDE\WindowsUpdate.20231225.175817.420.1.etl|WindowsUpdate.20231225.175817.420.1.etl,1754240560.0,File_Created / Basic_Info_Changed / Data_Added / Data_Overwritten,0x000200000000CA14,0x000300000000C9F6,both,False,,,12/31/23 1:15,12/25/23 17:12,,,12/31/23 1:15,12/25/23 17:12,False,FALSE,FALSE,TRUE,,FALSE,5.335254629629629,TRUE,False,False,False,True,39,False,2,1736,329,0,True,True,True,False,False,4,-5.33525463,3,2,0,0,0,0,0,0.12909777718514026,LOW,Benign
12/31/23 1:15,12/31/23 1:15,10586768219.0,Time Reversal Event,WindowsUpdate.20231225.181843.333.1.etl,\Windows\Temp\_E010CF14-8D9A-43B4-B324-F502F5B86CDE\WindowsUpdate.20231225.181843.333.1.etl,0x3285,6.0,\Windows\Temp\_E010CF14-8D9A-43B4-B324-F502F5B86CDE\WindowsUpdate.20231225.181843.333.1.etl|WindowsUpdate.20231225.181843.333.1.etl,1754241280.0,File_Created / Basic_Info_Changed / Data_Added / Data_Overwritten,0x000300000000CA17,0x000300000000C9F6,both,False,,,12/31/23 1:15,12/25/23 17:28,,,12/31/23 1:15,12/25/23 17:28,False,FALSE,FALSE,TRUE,,FALSE,5.324050925925926,TRUE,False,False,False,True,39,False,2,1736,329,0,True,True,True,False,False,4,-5.324050926,3,2,0,0,0,0,0,0.11949459638832644,LOW,Benign
12/31/23 1:15,12/31/23 1:15,10586768998.0,Time Reversal Event,WindowsUpdate.20231225.183040.874.1.etl,\Windows\Temp\_E010CF14-8D9A-43B4-B324-F502F5B86CDE\WindowsUpdate.20231225.183040.874.1.etl,0x3286,2.0,\Windows\Temp\_E010CF14-8D9A-43B4-B324-F502F5B86CDE\WindowsUpdate.20231225.183040.874.1.etl|WindowsUpdate.20231225.183040.874.1.etl,1754242000.0,File_Created / Basic_Info_Changed / Data_Added / Data_Overwritten,0x000200000000CA19,0x000300000000C9F6,both,False,,,12/31/23 1:15,12/25/23 17:40,,,12/31/23 1:15,12/25/23 17:40,False,FALSE,FALSE,TRUE,,FALSE,5.315740740740741,TRUE,False,False,False,True,39,False,2,1736,329,0,True,True,True,False,False,4,-5.315740741,3,2,0,0,0,0,0,0.12909777718514026,LOW,Benign
12/31/23 1:15,12/31/23 1:15,10586769783.0,Time Reversal Event,WindowsUpdate.20231225.184944.109.1.etl,\Windows\Temp\_E010CF14-8D9A-43B4-B324-F502F5B86CDE\WindowsUpdate.20231225.184944.109.1.etl,0x3287,4.0,\Windows\Temp\_E010CF14-8D9A-43B4-B324-F502F5B86CDE\WindowsUpdate.20231225.184944.109.1.etl|WindowsUpdate.20231225.184944.109.1.etl,1754242720.0,File_Created / Basic_Info_Changed / Data_Added / Data_Overwritten,0x000300000000CA1E,0x000300000000C9F6,both,False,,,12/31/23 1:15,12/25/23 17:59,,,12/31/23 1:15,12/25/23 17:59,False,FALSE,FALSE,TRUE,,FALSE,5.3025115740740745,TRUE,False,False,False,True,39,False,2,1736,329,0,True,True,True,False,False,4,-5.302511574,3,2,0,0,0,0,0,0.11949459638832644,LOW,Benign
12/31/23 1:15,12/31/23 1:15,10586770611.0,Time Reversal Event,WindowsUpdate.20231225.191048.081.1.etl,\Windows\Temp\_E010CF14-8D9A-43B4-B324-F502F5B86CDE\WindowsUpdate.20231225.191048.081.1.etl,0x3288,2.0,\Windows\Temp\_E010CF14-8D9A-43B4-B324-F502F5B86CDE\WindowsUpdate.20231225.191048.081.1.etl|WindowsUpdate.20231225.191048.081.1.etl,1754243504.0,File_Created / Basic_Info_Changed / Data_Added / Data_Overwritten,0x000200000000CA21,0x000300000000C9F6,both,False,,,12/31/23 1:15,12/25/23 18:20,,,12/31/23 1:15,12/25/23 18:20,False,FALSE,FALSE,TRUE,,FALSE,5.287881944444444,TRUE,False,False,False,True,39,False,2,1736,329,0,True,True,True,False,False,4,-5.287881944,3,2,0,0,0,0,0,0.12909777718514026,LOW,Benign
12/31/23 1:15,12/31/23 1:15,10586771382.0,Time Reversal Event,WindowsUpdate.20231225.193041.301.1.etl,\Windows\Temp\_E010CF14-8D9A-43B4-B324-F502F5B86CDE\WindowsUpdate.20231225.193041.301.1.etl,0x3288,4.0,\Windows\Temp\_E010CF14-8D9A-43B4-B324-F502F5B86CDE\WindowsUpdate.20231225.193041.301.1.etl|WindowsUpdate.20231225.193041.301.1.etl,1754244224.0,File_Created / Basic_Info_Changed / Data_Added / Data_Overwritten,0x000200000000CA22,0x000300000000C9F6,both,False,,,12/31/23 1:15,12/25/23 18:40,,,12/31/23 1:15,12/25/23 18:40,False,FALSE,FALSE,TRUE,,FALSE,5.274074074074074,TRUE,False,False,False,True,39,False,2,1736,329,0,True,True,True,False,False,4,-5.274074074,3,2,0,0,0,0,0,0.11949459638832644,LOW,Benign
12/31/23 1:15,12/31/23 1:15,10586772161.0,Time Reversal Event,WindowsUpdate.20231225.203041.323.1.etl,\Windows\Temp\_E010CF14-8D9A-43B4-B324-F502F5B86CDE\WindowsUpdate.20231225.203041.323.1.etl,0x3289,0.0,\Windows\Temp\_E010CF14-8D9A-43B4-B324-F502F5B86CDE\WindowsUpdate.20231225.203041.323.1.etl|WindowsUpdate.20231225.203041.323.1.etl,1754244944.0,File_Created / Basic_Info_Changed / Data_Added / Data_Overwritten,0x000200000000CA24,0x000300000000C9F6,both,False,,,12/31/23 1:15,12/25/23 19:40,,,12/31/23 1:15,12/25/23 19:40,False,FALSE,FALSE,TRUE,,FALSE,5.232407407407408,TRUE,False,False,False,True,39,False,2,1736,329,0,True,True,True,False,False,4,-5.232407407,3,2,0,0,0,0,0,0.12909777718514026,LOW,Benign
12/31/23 1:15,12/31/23 1:15,10586778801.0,Time Reversal Event,WindowsUpdate.20231225.213041.312.1.etl,\Windows\Temp\_E010CF14-8D9A-43B4-B324-F502F5B86CDE\WindowsUpdate.20231225.213041.312.1.etl,0x3289,2.0,\Windows\Temp\_E010CF14-8D9A-43B4-B324-F502F5B86CDE\WindowsUpdate.20231225.213041.312.1.etl|WindowsUpdate.20231225.213041.312.1.etl,1754245832.0,File_Created / Basic_Info_Changed / Data_Added / Data_Overwritten,0x000200000000CA25,0x000300000000C9F6,both,False,,,12/31/23 1:15,12/25/23 20:40,,,12/31/23 1:15,12/25/23 20:40,False,FALSE,FALSE,TRUE,,FALSE,5.190740740740741,TRUE,False,False,False,True,39,False,2,1736,329,0,True,True,True,False,False,4,-5.190740741,3,2,0,0,0,0,0,0.12909777718514026,LOW,Benign
12/31/23 1:15,12/31/23 1:15,10586779572.0,Time Reversal Event,WindowsUpdate.20231225.223041.336.1.etl,\Windows\Temp\_E010CF14-8D9A-43B4-B324-F502F5B86CDE\WindowsUpdate.20231225.223041.336.1.etl,0x3289,6.0,\Windows\Temp\_E010CF14-8D9A-43B4-B324-F502F5B86CDE\WindowsUpdate.20231225.223041.336.1.etl|WindowsUpdate.20231225.223041.336.1.etl,1754246552.0,File_Created / Basic_Info_Changed / Data_Added / Data_Overwritten,0x000200000000CA27,0x000300000000C9F6,both,False,,,12/31/23 1:15,12/25/23 21:40,,,12/31/23 1:15,12/25/23 21:40,False,FALSE,FALSE,TRUE,,FALSE,5.149074074074074,TRUE,False,False,False,True,39,False,2,1736,329,0,True,True,True,False,False,4,-5.149074074,3,2,0,0,0,0,0,0.1095284444240512,LOW,Benign
12/31/23 1:15,12/31/23 1:15,10586780401.0,Time Reversal Event,WindowsUpdate.20231225.231817.373.1.etl,\Windows\Temp\_E010CF14-8D9A-43B4-B324-F502F5B86CDE\WindowsUpdate.20231225.231817.373.1.etl,0x328A,2.0,\Windows\Temp\_E010CF14-8D9A-43B4-B324-F502F5B86CDE\WindowsUpdate.20231225.231817.373.1.etl|WindowsUpdate.20231225.231817.373.1.etl,1754247312.0,File_Created / Basic_Info_Changed / Data_Added / Data_Overwritten,0x000200000000CA29,0x000300000000C9F6,both,False,,,12/31/23 1:15,12/25/23 22:28,,,12/31/23 1:15,12/25/23 22:28,False,FALSE,FALSE,TRUE,,FALSE,5.116006944444444,TRUE,False,False,False,True,39,False,2,1736,329,0,True,True,True,False,False,4,-5.116006944,3,2,0,0,0,0,0,0.11913162522086501,LOW,Benign
12/31/23 1:15,12/31/23 1:15,10586781222.0,Time Reversal Event,WindowsUpdate.20231225.235013.988.1.etl,\Windows\Temp\_E010CF14-8D9A-43B4-B324-F502F5B86CDE\WindowsUpdate.20231225.235013.988.1.etl,0x328B,0.0,\Windows\Temp\_E010CF14-8D9A-43B4-B324-F502F5B86CDE\WindowsUpdate.20231225.235013.988.1.etl|WindowsUpdate.20231225.235013.988.1.etl,1754248032.0,File_Created / Basic_Info_Changed / Data_Added / Data_Overwritten,0x000200000000CA2C,0x000300000000C9F6,both,False,,,12/31/23 1:15,12/25/23 23:00,,,12/31/23 1:15,12/25/23 23:00,False,FALSE,FALSE,TRUE,,FALSE,5.093506944444444,TRUE,False,False,False,True,39,False,2,1736,329,0,True,True,True,False,False,4,-5.093506944,3,2,0,0,0,0,0,0.11913162522086501,LOW,Benign
12/31/23 1:15,12/31/23 1:15,10586782077.0,Time Reversal Event,WindowsUpdate.20231226.000148.623.1.etl,\Windows\Temp\_E010CF14-8D9A-43B4-B324-F502F5B86CDE\WindowsUpdate.20231226.000148.623.1.etl,0x328B,2.0,\Windows\Temp\_E010CF14-8D9A-43B4-B324-F502F5B86CDE\WindowsUpdate.20231226.000148.623.1.etl|WindowsUpdate.20231226.000148.623.1.etl,1754248752.0,File_Created / Basic_Info_Changed / Data_Added / Data_Overwritten,0x000200000000CA2D,0x000300000000C9F6,both,False,,,12/31/23 1:15,12/25/23 23:17,,,12/31/23 1:15,12/25/23 23:17,False,FALSE,FALSE,TRUE,,FALSE,5.081956018518518,TRUE,False,False,False,True,39,False,2,1736,329,0,True,True,True,False,False,4,-5.081956019,3,2,0,0,0,0,0,0.11913162522086501,LOW,Benign
12/31/23 1:15,12/31/23 1:15,10586784595.0,Time Reversal Event,WindowsUpdate.20231226.001944.806.1.etl,\Windows\Temp\_E010CF14-8D9A-43B4-B324-F502F5B86CDE\WindowsUpdate.20231226.001944.806.1.etl,0x328B,4.0,\Windows\Temp\_E010CF14-8D9A-43B4-B324-F502F5B86CDE\WindowsUpdate.20231226.001944.806.1.etl|WindowsUpdate.20231226.001944.806.1.etl,1754249736.0,File_Created / Basic_Info_Changed / Data_Added / Data_Overwritten,0x000200000000CA2E,0x000300000000C9F6,both,False,,,12/31/23 1:15,12/25/23 23:33,,,12/31/23 1:15,12/25/23 23:33,False,FALSE,FALSE,TRUE,,FALSE,5.070833333333334,TRUE,False,False,False,True,39,False,2,1736,329,0,True,True,True,False,False,4,-5.070833333,3,2,0,0,0,0,0,0.1095284444240512,LOW,Benign
12/31/23 1:15,12/31/23 1:15,10586785377.0,Time Reversal Event,WindowsUpdate.20231226.005434.402.1.etl,\Windows\Temp\_E010CF14-8D9A-43B4-B324-F502F5B86CDE\WindowsUpdate.20231226.005434.402.1.etl,0x328B,6.0,\Windows\Temp\_E010CF14-8D9A-43B4-B324-F502F5B86CDE\WindowsUpdate.20231226.005434.402.1.etl|WindowsUpdate.20231226.005434.402.1.etl,1754250456.0,File_Created / Basic_Info_Changed / Data_Added / Data_Overwritten,0x000300000000CA2F,0x000300000000C9F6,both,False,,,12/31/23 1:15,12/26/23 0:02,,,12/31/23 1:15,12/26/23 0:02,False,FALSE,FALSE,TRUE,,FALSE,5.050879629629629,TRUE,False,False,False,True,39,False,2,1736,329,0,True,True,True,False,False,4,-5.05087963,3,2,0,0,0,0,0,0.11952690088989286,LOW,Benign
12/31/23 1:15,12/31/23 1:15,10586786148.0,Time Reversal Event,WindowsUpdate.20231226.010558.490.1.etl,\Windows\Temp\_E010CF14-8D9A-43B4-B324-F502F5B86CDE\WindowsUpdate.20231226.010558.490.1.etl,0x328C,2.0,\Windows\Temp\_E010CF14-8D9A-43B4-B324-F502F5B86CDE\WindowsUpdate.20231226.010558.490.1.etl|WindowsUpdate.20231226.010558.490.1.etl,1754251264.0,File_Created / Basic_Info_Changed / Data_Added / Data_Overwritten,0x000300000000CA31,0x000300000000C9F6,both,False,,,12/31/23 1:15,12/26/23 0:21,,,12/31/23 1:15,12/26/23 0:21,False,FALSE,FALSE,TRUE,,FALSE,5.0372106481481485,TRUE,False,False,False,True,39,False,2,1736,329,0,True,True,True,False,False,4,-5.037210648,3,2,0,0,0,0,0,0.12913008168670667,LOW,Benign
12/31/23 1:15,12/31/23 1:15,10586787006.0,Time Reversal Event,WindowsUpdate.20231227.004534.197.1.etl,\Windows\Temp\_E010CF14-8D9A-43B4-B324-F502F5B86CDE\WindowsUpdate.20231227.004534.197.1.etl,0x328C,4.0,\Windows\Temp\_E010CF14-8D9A-43B4-B324-F502F5B86CDE\WindowsUpdate.20231227.004534.197.1.etl|WindowsUpdate.20231227.004534.197.1.etl,1754251984.0,File_Created / Basic_Info_Changed / Data_Added / Data_Overwritten,0x000200000000CA32,0x000300000000C9F6,both,False,,,12/31/23 1:15,12/26/23 23:59,,,12/31/23 1:15,12/26/23 23:59,False,FALSE,FALSE,TRUE,,FALSE,4.0528125,TRUE,False,False,False,True,39,False,2,1736,329,0,True,True,True,False,False,4,-4.0528125,3,2,0,0,0,0,0,0.11952690088989286,LOW,Benign
12/31/23 1:15,12/31/23 1:15,10586787777.0,Time Reversal Event,WindowsUpdate.20231227.014918.931.1.etl,\Windows\Temp\_E010CF14-8D9A-43B4-B324-F502F5B86CDE\WindowsUpdate.20231227.014918.931.1.etl,0x328C,6.0,\Windows\Temp\_E010CF14-8D9A-43B4-B324-F502F5B86CDE\WindowsUpdate.20231227.014918.931.1.etl|WindowsUpdate.20231227.014918.931.1.etl,1754252704.0,File_Created / Basic_Info_Changed / Data_Added / Data_Overwritten,0x000200000000CA33,0x000300000000C9F6,both,False,,,12/31/23 1:15,12/27/23 0:59,,,12/31/23 1:15,12/27/23 0:59,False,FALSE,FALSE,TRUE,,FALSE,4.011134259,TRUE,False,False,False,True,39,False,2,1736,329,0,True,True,True,False,False,4,-4.011134259,3,2,0,0,0,0,0,0.11952690088989286,LOW,Benign
12/31/23 1:15,12/31/23 1:15,10586788558.0,Time Reversal Event,WindowsUpdate.20231227.024016.873.1.etl,\Windows\Temp\_E010CF14-8D9A-43B4-B324-F502F5B86CDE\WindowsUpdate.20231227.024016.873.1.etl,0x328D,0.0,\Windows\Temp\_E010CF14-8D9A-43B4-B324-F502F5B86CDE\WindowsUpdate.20231227.024016.873.1.etl|WindowsUpdate.20231227.024016.873.1.etl,1754253424.0,File_Created / Basic_Info_Changed / Data_Added / Data_Overwritten,0x000200000000CA34,0x000300000000C9F6,both,False,,,12/31/23 1:15,12/27/23 1:50,,,12/31/23 1:15,12/27/23 1:50,False,FALSE,FALSE,TRUE,,FALSE,3.975740740740741,TRUE,False,False,False,True,39,False,2,1736,329,0,True,True,True,False,False,4,-3.975740741,3,2,0,0,0,0,0,0.11914703439536346,LOW,Benign
12/31/23 1:15,12/31/23 1:15,10586789503.0,Time Reversal Event,WindowsUpdate.20231227.034017.132.1.etl,\Windows\Temp\_E010CF14-8D9A-43B4-B324-F502F5B86CDE\WindowsUpdate.20231227.034017.132.1.etl,0x328D,2.0,\Windows\Temp\_E010CF14-8D9A-43B4-B324-F502F5B86CDE\WindowsUpdate.20231227.034017.132.1.etl|WindowsUpdate.20231227.034017.132.1.etl,1754254272.0,File_Created / Basic_Info_Changed / Data_Added / Data_Overwritten,0x000300000000CA35,0x000300000000C9F6,both,False,,,12/31/23 1:15,12/27/23 2:50,,,12/31/23 1:15,12/27/23 2:50,False,FALSE,FALSE,TRUE,,FALSE,3.9340740740740743,TRUE,False,False,False,True,39,False,2,1736,329,0,True,True,True,False,False,4,-3.934074074,3,2,0,0,0,0,0,0.11914703439536346,LOW,Benign
12/31/23 1:15,12/31/23 1:15,10586790274.0,Time Reversal Event,WindowsUpdate.20231227.040129.253.1.etl,\Windows\Temp\_E010CF14-8D9A-43B4-B324-F502F5B86CDE\WindowsUpdate.20231227.040129.253.1.etl,0x328E,2.0,\Windows\Temp\_E010CF14-8D9A-43B4-B324-F502F5B86CDE\WindowsUpdate.20231227.040129.253.1.etl|WindowsUpdate.20231227.040129.253.1.etl,1754254992.0,File_Created / Basic_Info_Changed / Data_Added / Data_Overwritten,0x000200000000CA39,0x000300000000C9F6,both,False,,,12/31/23 1:15,12/27/23 3:11,,,12/31/23 1:15,12/27/23 3:11,False,FALSE,FALSE,TRUE,,FALSE,3.919351851851852,TRUE,False,False,False,True,39,False,2,1736,329,0,True,True,True,False,False,4,-3.919351852,3,2,0,0,0,0,0,0.11914703439536346,LOW,Benign
12/31/23 1:15,12/31/23 1:15,10586791771.0,Time Reversal Event,WindowsUpdate.20231227.044017.181.1.etl,\Windows\Temp\_E010CF14-8D9A-43B4-B324-F502F5B86CDE\WindowsUpdate.20231227.044017.181.1.etl,0x3290,2.0,\Windows\Temp\_E010CF14-8D9A-43B4-B324-F502F5B86CDE\WindowsUpdate.20231227.044017.181.1.etl|WindowsUpdate.20231227.044017.181.1.etl,1754255792.0,File_Created / Basic_Info_Changed / Data_Added / Data_Overwritten,0x000200000000CA41,0x000300000000C9F6,both,False,,,12/31/23 1:15,12/27/23 3:50,,,12/31/23 1:15,12/27/23 3:50,False,FALSE,FALSE,TRUE,,FALSE,3.8924074074074073,TRUE,False,False,False,True,39,False,2,1736,329,0,True,True,True,False,False,4,-3.892407407,3,2,0,0,0,0,0,0.11914703439536346,LOW,Benign
12/31/23 1:15,12/31/23 1:15,10586792550.0,Time Reversal Event,WindowsUpdate.20231227.054017.182.1.etl,\Windows\Temp\_E010CF14-8D9A-43B4-B324-F502F5B86CDE\WindowsUpdate.20231227.054017.182.1.etl,0x3290,4.0,\Windows\Temp\_E010CF14-8D9A-43B4-B324-F502F5B86CDE\WindowsUpdate.20231227.054017.182.1.etl|WindowsUpdate.20231227.054017.182.1.etl,1754256512.0,File_Created / Basic_Info_Changed / Data_Added / Data_Overwritten,0x000200000000CA42,0x000300000000C9F6,both,False,,,12/31/23 1:15,12/27/23 4:50,,,12/31/23 1:15,12/27/23 4:50,False,FALSE,FALSE,TRUE,,FALSE,3.850740740740741,TRUE,False,False,False,True,39,False,2,1736,329,0,True,True,True,False,False,4,-3.850740741,3,2,0,0,0,0,0,0.10954385359854964,LOW,Benign
12/31/23 1:15,12/31/23 1:15,10586793321.0,Time Reversal Event,WindowsUpdate.20231227.064017.196.1.etl,\Windows\Temp\_E010CF14-8D9A-43B4-B324-F502F5B86CDE\WindowsUpdate.20231227.064017.196.1.etl,0x3291,2.0,\Windows\Temp\_E010CF14-8D9A-43B4-B324-F502F5B86CDE\WindowsUpdate.20231227.064017.196.1.etl|WindowsUpdate.20231227.064017.196.1.etl,1754257232.0,File_Created / Basic_Info_Changed / Data_Added / Data_Overwritten,0x000300000000CA45,0x000300000000C9F6,both,False,,,12/31/23 1:15,12/27/23 5:50,,,12/31/23 1:15,12/27/23 5:50,False,FALSE,FALSE,TRUE,,FALSE,3.8090740740740743,TRUE,False,False,False,True,39,False,2,1736,329,0,True,True,True,False,False,4,-3.809074074,3,2,0,0,0,0,0,0.11914703439536346,LOW,Benign
12/31/23 1:15,12/31/23 1:15,10586794100.0,Time Reversal Event,WindowsUpdate.20231227.074017.195.1.etl,\Windows\Temp\_E010CF14-8D9A-43B4-B324-F502F5B86CDE\WindowsUpdate.20231227.074017.195.1.etl,0x3291,6.0,\Windows\Temp\_E010CF14-8D9A-43B4-B324-F502F5B86CDE\WindowsUpdate.20231227.074017.195.1.etl|WindowsUpdate.20231227.074017.195.1.etl,1754257952.0,File_Created / Basic_Info_Changed / Data_Added / Data_Overwritten,0x000200000000CA47,0x000300000000C9F6,both,False,,,12/31/23 1:15,12/27/23 6:50,,,12/31/23 1:15,12/27/23 6:50,False,FALSE,FALSE,TRUE,,FALSE,3.7674074074074073,TRUE,False,False,False,True,39,False,2,1736,329,0,True,True,True,False,False,4,-3.767407407,3,2,0,0,0,0,0,0.10954385359854964,LOW,Benign
12/31/23 1:15,12/31/23 1:15,10586794871.0,Time Reversal Event,WindowsUpdate.20231227.083512.034.1.etl,\Windows\Temp\_E010CF14-8D9A-43B4-B324-F502F5B86CDE\WindowsUpdate.20231227.083512.034.1.etl,0x3298,2.0,\Windows\Temp\_E010CF14-8D9A-43B4-B324-F502F5B86CDE\WindowsUpdate.20231227.083512.034.1.etl|WindowsUpdate.20231227.083512.034.1.etl,1754258672.0,File_Created / Basic_Info_Changed / Data_Added / Data_Overwritten,0x000200000000CA61,0x000300000000C9F6,both,False,,,12/31/23 1:15,12/27/23 7:45,,,12/31/23 1:15,12/27/23 7:45,False,FALSE,FALSE,TRUE,,FALSE,3.7292708333333335,TRUE,False,False,False,True,39,False,2,1736,329,0,True,True,True,False,False,4,-3.729270833,3,2,0,0,0,0,0,0.11914703439536346,LOW,Benign
12/31/23 1:15,12/31/23 1:15,10586795650.0,Time Reversal Event,WindowsUpdate.20231227.084749.101.1.etl,\Windows\Temp\_E010CF14-8D9A-43B4-B324-F502F5B86CDE\WindowsUpdate.20231227.084749.101.1.etl,0x32A0,0.0,\Windows\Temp\_E010CF14-8D9A-43B4-B324-F502F5B86CDE\WindowsUpdate.20231227.084749.101.1.etl|WindowsUpdate.20231227.084749.101.1.etl,1754259456.0,File_Created / Basic_Info_Changed / Data_Added / Data_Overwritten,0x000200000000CA80,0x000300000000C9F6,both,False,,,12/31/23 1:15,12/27/23 7:57,,,12/31/23 1:15,12/27/23 7:57,False,FALSE,FALSE,TRUE,,FALSE,3.7205092592592592,TRUE,False,False,False,True,39,False,2,1736,329,0,True,True,True,False,False,4,-3.720509259,3,2,0,0,0,0,0,0.11914703439536346,LOW,Benign
12/31/23 1:15,12/31/23 1:15,10586796470.0,Time Reversal Event,WindowsUpdate.20231227.094749.424.1.etl,\Windows\Temp\_E010CF14-8D9A-43B4-B324-F502F5B86CDE\WindowsUpdate.20231227.094749.424.1.etl,0x32AA,6.0,\Windows\Temp\_E010CF14-8D9A-43B4-B324-F502F5B86CDE\WindowsUpdate.20231227.094749.424.1.etl|WindowsUpdate.20231227.094749.424.1.etl,1754260176.0,File_Created / Basic_Info_Changed / Data_Added / Data_Overwritten,0x000200000000CAAB,0x000300000000C9F6,both,False,,,12/31/23 1:15,12/27/23 8:57,,,12/31/23 1:15,12/27/23 8:57,False,FALSE,FALSE,TRUE,,FALSE,3.6788425925925927,TRUE,False,False,False,True,39,False,2,1736,329,0,True,True,True,False,False,4,-3.678842593,3,2,0,0,0,0,0,0.10954385359854964,LOW,Benign
12/31/23 1:15,12/31/23 1:15,10586797249.0,Time Reversal Event,WindowsUpdate.20231227.104749.422.1.etl,\Windows\Temp\_E010CF14-8D9A-43B4-B324-F502F5B86CDE\WindowsUpdate.20231227.104749.422.1.etl,0x32AB,0.0,\Windows\Temp\_E010CF14-8D9A-43B4-B324-F502F5B86CDE\WindowsUpdate.20231227.104749.422.1.etl|WindowsUpdate.20231227.104749.422.1.etl,1754260896.0,File_Created / Basic_Info_Changed / Data_Added / Data_Overwritten,0x000200000000CAAC,0x000300000000C9F6,both,False,,,12/31/23 1:15,12/27/23 9:57,,,12/31/23 1:15,12/27/23 9:57,False,FALSE,FALSE,TRUE,,FALSE,3.6371759259259258,TRUE,False,False,False,True,39,False,2,1736,329,0,True,True,True,False,False,4,-3.637175926,3,2,0,0,0,0,0,0.11914703439536346,LOW,Benign
12/31/23 1:15,12/31/23 1:15,10586798020.0,Time Reversal Event,WindowsUpdate.20231227.114749.422.1.etl,\Windows\Temp\_E010CF14-8D9A-43B4-B324-F502F5B86CDE\WindowsUpdate.20231227.114749.422.1.etl,0x32B0,0.0,\Windows\Temp\_E010CF14-8D9A-43B4-B324-F502F5B86CDE\WindowsUpdate.20231227.114749.422.1.etl|WindowsUpdate.20231227.114749.422.1.etl,1754261616.0,File_Created / Basic_Info_Changed / Data_Added / Data_Overwritten,0x000300000000CAC0,0x000300000000C9F6,both,False,,,12/31/23 1:15,12/27/23 10:57,,,12/31/23 1:15,12/27/23 10:57,False,FALSE,FALSE,TRUE,,FALSE,3.5955092592592592,TRUE,False,False,False,True,39,False,2,1736,329,0,True,True,True,False,False,4,-3.595509259,3,2,0,0,0,0,0,0.12913008168670667,LOW,Benign
12/31/23 1:15,12/31/23 1:15,10586798799.0,Time Reversal Event,WindowsUpdate.20231227.123941.413.1.etl,\Windows\Temp\_E010CF14-8D9A-43B4-B324-F502F5B86CDE\WindowsUpdate.20231227.123941.413.1.etl,0x32B3,0.0,\Windows\Temp\_E010CF14-8D9A-43B4-B324-F502F5B86CDE\WindowsUpdate.20231227.123941.413.1.etl|WindowsUpdate.20231227.123941.413.1.etl,1754262336.0,File_Created / Basic_Info_Changed / Data_Added / Data_Overwritten,0x000200000000CACC,0x000300000000C9F6,both,False,,,12/31/23 1:15,12/27/23 11:57,,,12/31/23 1:15,12/27/23 11:57,False,FALSE,FALSE,TRUE,,FALSE,3.5538425925925927,TRUE,False,False,False,True,39,False,2,1736,329,0,True,True,True,False,False,4,-3.553842593,3,2,0,0,0,0,0,0.12913008168670667,LOW,Benign
12/31/23 1:15,12/31/23 1:15,10586799637.0,Time Reversal Event,WindowsUpdate.20231227.131751.671.1.etl,\Windows\Temp\_E010CF14-8D9A-43B4-B324-F502F5B86CDE\WindowsUpdate.20231227.131751.671.1.etl,0x32B3,6.0,\Windows\Temp\_E010CF14-8D9A-43B4-B324-F502F5B86CDE\WindowsUpdate.20231227.131751.671.1.etl|WindowsUpdate.20231227.131751.671.1.etl,1754263056.0,File_Created / Basic_Info_Changed / Data_Added / Data_Overwritten,0x000200000000CACF,0x000300000000C9F6,both,False,,,12/31/23 1:15,12/27/23 12:27,,,12/31/23 1:15,12/27/23 12:27,False,FALSE,FALSE,TRUE,,FALSE,3.532986111111111,TRUE,False,False,False,True,39,False,2,1736,329,0,True,True,True,False,False,4,-3.532986111,3,2,0,0,0,0,0,0.11952690088989286,LOW,Benign
12/31/23 1:15,12/31/23 1:15,10586800462.0,Time Reversal Event,WindowsUpdate.20231227.141751.921.1.etl,\Windows\Temp\_E010CF14-8D9A-43B4-B324-F502F5B86CDE\WindowsUpdate.20231227.141751.921.1.etl,0x32C2,6.0,\Windows\Temp\_E010CF14-8D9A-43B4-B324-F502F5B86CDE\WindowsUpdate.20231227.141751.921.1.etl|WindowsUpdate.20231227.141751.921.1.etl,1754263840.0,File_Created / Basic_Info_Changed / Data_Added / Data_Overwritten,0x000200000000CB0B,0x000300000000C9F6,both,False,,,12/31/23 1:15,12/27/23 13:27,,,12/31/23 1:15,12/27/23 13:27,False,FALSE,FALSE,TRUE,,FALSE,3.4913078703703704,TRUE,False,False,False,True,39,False,2,1736,329,0,True,True,True,False,False,4,-3.49130787,3,2,0,0,0,0,0,0.11952690088989286,LOW,Benign
12/31/23 1:15,12/31/23 1:15,10586801241.0,Time Reversal Event,WindowsUpdate.20231227.151751.922.1.etl,\Windows\Temp\_E010CF14-8D9A-43B4-B324-F502F5B86CDE\WindowsUpdate.20231227.151751.922.1.etl,0x32CB,0.0,\Windows\Temp\_E010CF14-8D9A-43B4-B324-F502F5B86CDE\WindowsUpdate.20231227.151751.922.1.etl|WindowsUpdate.20231227.151751.922.1.etl,1754264560.0,File_Created / Basic_Info_Changed / Data_Added / Data_Overwritten,0x000200000000CB2C,0x000300000000C9F6,both,False,,,12/31/23 1:15,12/27/23 14:27,,,12/31/23 1:15,12/27/23 14:27,False,FALSE,FALSE,TRUE,,FALSE,3.449641203703704,TRUE,False,False,False,True,39,False,2,1736,329,0,True,True,True,False,False,4,-3.449641204,3,2,0,0,0,0,0,0.12913008168670667,LOW,Benign
12/31/23 1:15,12/31/23 1:15,10586802668.0,Time Reversal Event,WindowsUpdate.20231227.161216.280.1.etl,\Windows\Temp\_E010CF14-8D9A-43B4-B324-F502F5B86CDE\WindowsUpdate.20231227.161216.280.1.etl,0x32CB,4.0,\Windows\Temp\_E010CF14-8D9A-43B4-B324-F502F5B86CDE\WindowsUpdate.20231227.161216.280.1.etl|WindowsUpdate.20231227.161216.280.1.etl,1754265280.0,File_Created / Basic_Info_Changed / Data_Added / Data_Overwritten,0x000300000000CB2E,0x000300000000C9F6,both,False,,,12/31/23 1:15,12/27/23 15:22,,,12/31/23 1:15,12/27/23 15:22,False,FALSE,FALSE,TRUE,,FALSE,3.411863425925926,TRUE,False,False,False,True,39,False,2,1736,329,0,True,True,True,False,False,4,-3.411863426,3,2,0,0,0,0,0,0.10954385359854964,LOW,Benign
12/31/23 1:15,12/31/23 1:15,10586803506.0,Time Reversal Event,WindowsUpdate.20231227.171216.576.1.etl,\Windows\Temp\_E010CF14-8D9A-43B4-B324-F502F5B86CDE\WindowsUpdate.20231227.171216.576.1.etl,0x32CC,0.0,\Windows\Temp\_E010CF14-8D9A-43B4-B324-F502F5B86CDE\WindowsUpdate.20231227.171216.576.1.etl|WindowsUpdate.20231227.171216.576.1.etl,1754266000.0,File_Created / Basic_Info_Changed / Data_Added / Data_Overwritten,0x000300000000CB30,0x000300000000C9F6,both,False,,,12/31/23 1:15,12/27/23 16:22,,,12/31/23 1:15,12/27/23 16:22,False,FALSE,FALSE,TRUE,,FALSE,3.370196759259259,TRUE,False,False,False,True,39,False,2,1736,329,0,True,True,True,False,False,4,-3.370196759,3,2,0,0,0,0,0,0.11914703439536346,LOW,Benign
12/31/23 1:15,12/31/23 1:15,10586804285.0,Time Reversal Event,WindowsUpdate.20231227.173344.426.1.etl,\Windows\Temp\_E010CF14-8D9A-43B4-B324-F502F5B86CDE\WindowsUpdate.20231227.173344.426.1.etl,0x32CC,4.0,\Windows\Temp\_E010CF14-8D9A-43B4-B324-F502F5B86CDE\WindowsUpdate.20231227.173344.426.1.etl|WindowsUpdate.20231227.173344.426.1.etl,1754266720.0,File_Created / Basic_Info_Changed / Data_Added / Data_Overwritten,0x000300000000CB32,0x000300000000C9F6,both,False,,,12/31/23 1:15,12/27/23 16:43,,,12/31/23 1:15,12/27/23 16:43,False,FALSE,FALSE,TRUE,,FALSE,3.355289351851852,TRUE,False,False,False,True,39,False,2,1736,329,0,True,True,True,False,False,4,-3.355289352,3,2,0,0,0,0,0,0.10954385359854964,LOW,Benign
12/31/23 1:15,12/31/23 1:15,10586805056.0,Time Reversal Event,WindowsUpdate.20231227.183344.727.1.etl,\Windows\Temp\_E010CF14-8D9A-43B4-B324-F502F5B86CDE\WindowsUpdate.20231227.183344.727.1.etl,0x32CD,0.0,\Windows\Temp\_E010CF14-8D9A-43B4-B324-F502F5B86CDE\WindowsUpdate.20231227.183344.727.1.etl|WindowsUpdate.20231227.183344.727.1.etl,1754267440.0,File_Created / Basic_Info_Changed / Data_Added / Data_Overwritten,0x000200000000CB34,0x000300000000C9F6,both,False,,,12/31/23 1:15,12/27/23 17:43,,,12/31/23 1:15,12/27/23 17:43,False,FALSE,FALSE,TRUE,,FALSE,3.3136111111111113,TRUE,False,False,False,True,39,False,2,1736,329,0,True,True,True,False,False,4,-3.313611111,3,2,0,0,0,0,0,0.11914703439536346,LOW,Benign
12/31/23 1:15,12/31/23 1:15,10586805884.0,Time Reversal Event,WindowsUpdate.20231227.193344.723.1.etl,\Windows\Temp\_E010CF14-8D9A-43B4-B324-F502F5B86CDE\WindowsUpdate.20231227.193344.723.1.etl,0x32CD,2.0,\Windows\Temp\_E010CF14-8D9A-43B4-B324-F502F5B86CDE\WindowsUpdate.20231227.193344.723.1.etl|WindowsUpdate.20231227.193344.723.1.etl,1754268224.0,File_Created / Basic_Info_Changed / Data_Added / Data_Overwritten,0x000200000000CB35,0x000300000000C9F6,both,False,,,12/31/23 1:15,12/27/23 18:43,,,12/31/23 1:15,12/27/23 18:43,False,FALSE,FALSE,TRUE,,FALSE,3.2719444444444443,TRUE,False,False,False,True,39,False,2,1736,329,0,True,True,True,False,False,4,-3.271944444,3,2,0,0,0,0,0,0.11914703439536346,LOW,Benign
12/31/23 1:15,12/31/23 1:15,10586806655.0,Time Reversal Event,WindowsUpdate.20231227.203344.753.1.etl,\Windows\Temp\_E010CF14-8D9A-43B4-B324-F502F5B86CDE\WindowsUpdate.20231227.203344.753.1.etl,0x32CD,6.0,\Windows\Temp\_E010CF14-8D9A-43B4-B324-F502F5B86CDE\WindowsUpdate.20231227.203344.753.1.etl|WindowsUpdate.20231227.203344.753.1.etl,1754268944.0,File_Created / Basic_Info_Changed / Data_Added / Data_Overwritten,0x000200000000CB37,0x000300000000C9F6,both,False,,,12/31/23 1:15,12/27/23 19:43,,,12/31/23 1:15,12/27/23 19:43,False,FALSE,FALSE,TRUE,,FALSE,3.230277777777778,TRUE,False,False,False,True,39,False,2,1736,329,0,True,True,True,False,False,4,-3.230277778,3,2,0,0,0,0,0,0.10954385359854964,LOW,Benign
12/31/23 1:15,12/31/23 1:15,10586808178.0,Time Reversal Event,WindowsUpdate.20231227.213344.760.1.etl,\Windows\Temp\_E010CF14-8D9A-43B4-B324-F502F5B86CDE\WindowsUpdate.20231227.213344.760.1.etl,0x32CE,0.0,\Windows\Temp\_E010CF14-8D9A-43B4-B324-F502F5B86CDE\WindowsUpdate.20231227.213344.760.1.etl|WindowsUpdate.20231227.213344.760.1.etl,1754269664.0,File_Created / Basic_Info_Changed / Data_Added / Data_Overwritten,0x000300000000CB38,0x000300000000C9F6,both,False,,,12/31/23 1:15,12/27/23 20:43,,,12/31/23 1:15,12/27/23 20:43,False,FALSE,FALSE,TRUE,,FALSE,3.1886111111111113,TRUE,False,False,False,True,39,False,2,1736,329,0,True,True,True,False,False,4,-3.188611111,3,2,0,0,0,0,0,0.11914703439536346,LOW,Benign
12/31/23 1:15,12/31/23 1:15,10586808957.0,Time Reversal Event,WindowsUpdate.20231227.223344.729.1.etl,\Windows\Temp\_E010CF14-8D9A-43B4-B324-F502F5B86CDE\WindowsUpdate.20231227.223344.729.1.etl,0x32CE,4.0,\Windows\Temp\_E010CF14-8D9A-43B4-B324-F502F5B86CDE\WindowsUpdate.20231227.223344.729.1.etl|WindowsUpdate.20231227.223344.729.1.etl,1754270384.0,File_Created / Basic_Info_Changed / Data_Added / Data_Overwritten,0x000300000000CB3A,0x000300000000C9F6,both,False,,,12/31/23 1:15,12/27/23 21:43,,,12/31/23 1:15,12/27/23 21:43,False,FALSE,FALSE,TRUE,,FALSE,3.1469444444444443,TRUE,False,False,False,True,39,False,2,1736,329,0,True,True,True,False,False,4,-3.146944444,3,2,0,0,0,0,0,0.10954385359854964,LOW,Benign
12/31/23 1:15,12/31/23 1:15,10586809728.0,Time Reversal Event,WindowsUpdate.20231228.020554.227.1.etl,\Windows\Temp\_E010CF14-8D9A-43B4-B324-F502F5B86CDE\WindowsUpdate.20231228.020554.227.1.etl,0x32CF,0.0,\Windows\Temp\_E010CF14-8D9A-43B4-B324-F502F5B86CDE\WindowsUpdate.20231228.020554.227.1.etl|WindowsUpdate.20231228.020554.227.1.etl,1754271104.0,File_Created / Basic_Info_Changed / Data_Added / Data_Overwritten,0x000200000000CB3C,0x000300000000C9F6,both,False,,,12/31/23 1:15,12/28/23 1:15,,,12/31/23 1:15,12/28/23 1:15,False,FALSE,FALSE,TRUE,,FALSE,2.9996180555555556,TRUE,False,False,False,True,39,False,2,1736,329,0,True,True,True,False,False,4,-2.999618056,3,2,0,0,0,0,0,0.09914780622200967,LOW,Benign
12/31/23 1:15,12/31/23 1:15,10586810556.0,Time Reversal Event,WindowsUpdate.20231228.102219.679.1.etl,\Windows\Temp\_E010CF14-8D9A-43B4-B324-F502F5B86CDE\WindowsUpdate.20231228.102219.679.1.etl,0x32CF,2.0,\Windows\Temp\_E010CF14-8D9A-43B4-B324-F502F5B86CDE\WindowsUpdate.20231228.102219.679.1.etl|WindowsUpdate.20231228.102219.679.1.etl,1754271888.0,File_Created / Basic_Info_Changed / Data_Added / Data_Overwritten,0x000200000000CB3D,0x000300000000C9F6,both,False,,,12/31/23 1:15,12/28/23 9:38,,,12/31/23 1:15,12/28/23 9:38,False,FALSE,FALSE,TRUE,,FALSE,2.650775462962963,TRUE,False,False,False,True,39,False,2,1736,329,0,True,True,True,False,False,4,-2.650775463,3,2,0,0,0,0,0,0.09914780622200967,LOW,Benign
12/31/23 1:15,12/31/23 1:15,10586811882.0,Time Reversal Event,WindowsUpdate.20231228.112814.052.1.etl,\Windows\Temp\_E010CF14-8D9A-43B4-B324-F502F5B86CDE\WindowsUpdate.20231228.112814.052.1.etl,0x32D0,6.0,\Windows\Temp\_E010CF14-8D9A-43B4-B324-F502F5B86CDE\WindowsUpdate.20231228.112814.052.1.etl|WindowsUpdate.20231228.112814.052.1.etl,1754272880.0,File_Created / Basic_Info_Changed / Data_Added / Data_Overwritten,0x000200000000CB43,0x000300000000C9F6,both,False,,,12/31/23 1:15,12/28/23 10:38,,,12/31/23 1:15,12/28/23 10:38,False,FALSE,FALSE,TRUE,,FALSE,2.6091087962962964,TRUE,False,False,False,True,39,False,2,1736,329,0,True,True,True,False,False,4,-2.609108796,3,2,0,0,0,0,0,0.10954385359854964,LOW,Benign
12/31/23 1:15,12/31/23 1:15,10586812909.0,Time Reversal Event,WindowsUpdate.20231228.122814.011.1.etl,\Windows\Temp\_E010CF14-8D9A-43B4-B324-F502F5B86CDE\WindowsUpdate.20231228.122814.011.1.etl,0x714,6.0,\Windows\Temp\_E010CF14-8D9A-43B4-B324-F502F5B86CDE\WindowsUpdate.20231228.122814.011.1.etl|WindowsUpdate.20231228.122814.011.1.etl,1754273736.0,File_Created / Basic_Info_Changed / Data_Added / Data_Overwritten,0x0006000000001C53,0x000300000000C9F6,both,False,,,12/31/23 1:15,12/28/23 11:38,,,12/31/23 1:15,12/28/23 11:38,False,FALSE,FALSE,TRUE,,FALSE,2.5674421296296295,TRUE,False,False,False,True,39,False,2,1736,329,0,True,True,True,False,False,4,-2.56744213,3,2,0,0,0,0,0,0.10954385359854964,LOW,Benign
12/31/23 1:15,12/31/23 1:15,10586813688.0,Time Reversal Event,WindowsUpdate.20231228.132814.206.1.etl,\Windows\Temp\_E010CF14-8D9A-43B4-B324-F502F5B86CDE\WindowsUpdate.20231228.132814.206.1.etl,0x32D1,4.0,\Windows\Temp\_E010CF14-8D9A-43B4-B324-F502F5B86CDE\WindowsUpdate.20231228.132814.206.1.etl|WindowsUpdate.20231228.132814.206.1.etl,1754274456.0,File_Created / Basic_Info_Changed / Data_Added / Data_Overwritten,0x000200000000CB46,0x000300000000C9F6,both,False,,,12/31/23 1:15,12/28/23 12:38,,,12/31/23 1:15,12/28/23 12:38,False,FALSE,FALSE,TRUE,,FALSE,2.525775462962963,TRUE,False,False,False,True,39,False,2,1736,329,0,True,True,True,False,False,4,-2.525775463,3,2,0,0,0,0,0,0.10954385359854964,LOW,Benign
12/31/23 1:15,12/31/23 1:15,10586815618.0,Time Reversal Event,WindowsUpdate.20231228.142814.057.1.etl,\Windows\Temp\_E010CF14-8D9A-43B4-B324-F502F5B86CDE\WindowsUpdate.20231228.142814.057.1.etl,0x32D9,2.0,\Windows\Temp\_E010CF14-8D9A-43B4-B324-F502F5B86CDE\WindowsUpdate.20231228.142814.057.1.etl|WindowsUpdate.20231228.142814.057.1.etl,1754275176.0,File_Created / Basic_Info_Changed / Data_Added / Data_Overwritten,0x000200000000CB65,0x000300000000C9F6,both,False,,,12/31/23 1:15,12/28/23 13:38,,,12/31/23 1:15,12/28/23 13:38,False,FALSE,FALSE,TRUE,,FALSE,2.4841087962962964,TRUE,False,False,False,True,39,False,2,1736,329,0,True,True,True,False,False,4,-2.484108796,3,2,0,0,0,0,0,0.11914703439536346,LOW,Benign
12/31/23 1:15,12/31/23 1:15,10586816796.0,Time Reversal Event,WindowsUpdate.20231228.152814.063.1.etl,\Windows\Temp\_E010CF14-8D9A-43B4-B324-F502F5B86CDE\WindowsUpdate.20231228.152814.063.1.etl,0x32DA,6.0,\Windows\Temp\_E010CF14-8D9A-43B4-B324-F502F5B86CDE\WindowsUpdate.20231228.152814.063.1.etl|WindowsUpdate.20231228.152814.063.1.etl,1754275984.0,File_Created / Basic_Info_Changed / Data_Added / Data_Overwritten,0x000200000000CB6B,0x000300000000C9F6,both,False,,,12/31/23 1:15,12/28/23 14:38,,,12/31/23 1:15,12/28/23 14:38,False,FALSE,FALSE,TRUE,,FALSE,2.4424421296296295,TRUE,False,False,False,True,39,False,2,1736,329,0,True,True,True,False,False,4,-2.44244213,3,2,0,0,0,0,0,0.10954385359854964,LOW,Benign
12/31/23 1:15,12/31/23 1:15,10586818429.0,Time Reversal Event,WindowsUpdate.20231228.162814.074.1.etl,\Windows\Temp\_E010CF14-8D9A-43B4-B324-F502F5B86CDE\WindowsUpdate.20231228.162814.074.1.etl,0x32DC,0.0,\Windows\Temp\_E010CF14-8D9A-43B4-B324-F502F5B86CDE\WindowsUpdate.20231228.162814.074.1.etl|WindowsUpdate.20231228.162814.074.1.etl,1754276968.0,File_Created / Basic_Info_Changed / Data_Added / Data_Overwritten,0x000200000000CB70,0x000300000000C9F6,both,False,,,12/31/23 1:15,12/28/23 15:38,,,12/31/23 1:15,12/28/23 15:38,False,FALSE,FALSE,TRUE,,FALSE,2.400775462962963,TRUE,False,False,False,True,39,False,2,1736,329,0,True,True,True,False,False,4,-2.400775463,3,2,0,0,0,0,0,0.11914703439536346,LOW,Benign
12/31/23 1:15,12/31/23 1:15,10586819572.0,Time Reversal Event,WindowsUpdate.20231228.172814.102.1.etl,\Windows\Temp\_E010CF14-8D9A-43B4-B324-F502F5B86CDE\WindowsUpdate.20231228.172814.102.1.etl,0x32DD,0.0,\Windows\Temp\_E010CF14-8D9A-43B4-B324-F502F5B86CDE\WindowsUpdate.20231228.172814.102.1.etl|WindowsUpdate.20231228.172814.102.1.etl,1754277688.0,File_Created / Basic_Info_Changed / Data_Added / Data_Overwritten,0x000300000000CB74,0x000300000000C9F6,both,False,,,12/31/23 1:15,12/28/23 16:38,,,12/31/23 1:15,12/28/23 16:38,False,FALSE,FALSE,TRUE,,FALSE,2.3591087962962964,TRUE,False,False,False,True,39,False,2,1736,329,0,True,True,True,False,False,4,-2.359108796,3,2,0,0,0,0,0,0.09914780622200967,LOW,Benign
12/31/23 1:15,12/31/23 1:15,10586821477.0,Time Reversal Event,WindowsUpdate.20231228.182814.085.1.etl,\Windows\Temp\_E010CF14-8D9A-43B4-B324-F502F5B86CDE\WindowsUpdate.20231228.182814.085.1.etl,0x32DE,2.0,\Windows\Temp\_E010CF14-8D9A-43B4-B324-F502F5B86CDE\WindowsUpdate.20231228.182814.085.1.etl|WindowsUpdate.20231228.182814.085.1.etl,1754278832.0,File_Created / Basic_Info_Changed / Data_Added / Data_Overwritten,0x000200000000CB79,0x000300000000C9F6,both,False,,,12/31/23 1:15,12/28/23 17:38,,,12/31/23 1:15,12/28/23 17:38,False,FALSE,FALSE,TRUE,,FALSE,2.3174421296296295,TRUE,False,False,False,True,39,False,2,1736,329,0,True,True,True,False,False,4,-2.31744213,3,2,0,0,0,0,0,0.09914780622200967,LOW,Benign
12/31/23 1:15,12/31/23 1:15,10586822256.0,Time Reversal Event,WindowsUpdate.20231228.192814.145.1.etl,\Windows\Temp\_E010CF14-8D9A-43B4-B324-F502F5B86CDE\WindowsUpdate.20231228.192814.145.1.etl,0x32DE,6.0,\Windows\Temp\_E010CF14-8D9A-43B4-B324-F502F5B86CDE\WindowsUpdate.20231228.192814.145.1.etl|WindowsUpdate.20231228.192814.145.1.etl,1754279552.0,File_Created / Basic_Info_Changed / Data_Added / Data_Overwritten,0x000400000000CB7B,0x000300000000C9F6,both,False,,,12/31/23 1:15,12/28/23 18:38,,,12/31/23 1:15,12/28/23 18:38,False,FALSE,FALSE,TRUE,,FALSE,2.275775462962963,TRUE,False,False,False,True,39,False,2,1736,329,0,True,True,True,False,False,4,-2.275775463,3,2,0,0,0,0,0,0.08954462542519587,LOW,Benign
12/31/23 1:15,12/31/23 1:15,10586823568.0,Time Reversal Event,WindowsUpdate.20231228.202814.135.1.etl,\Windows\Temp\_E010CF14-8D9A-43B4-B324-F502F5B86CDE\WindowsUpdate.20231228.202814.135.1.etl,0x32E0,0.0,\Windows\Temp\_E010CF14-8D9A-43B4-B324-F502F5B86CDE\WindowsUpdate.20231228.202814.135.1.etl|WindowsUpdate.20231228.202814.135.1.etl,1754280504.0,File_Created / Basic_Info_Changed / Data_Added / Data_Overwritten,0x000200000000CB80,0x000300000000C9F6,both,False,,,12/31/23 1:15,12/28/23 19:38,,,12/31/23 1:15,12/28/23 19:38,False,FALSE,FALSE,TRUE,,FALSE,2.2341087962962964,TRUE,False,False,False,True,39,False,2,1736,329,0,True,True,True,False,False,4,-2.234108796,3,2,0,0,0,0,0,0.09914780622200967,LOW,Benign
12/31/23 1:15,12/31/23 1:15,10586824350.0,Time Reversal Event,WindowsUpdate.20231228.212814.155.1.etl,\Windows\Temp\_E010CF14-8D9A-43B4-B324-F502F5B86CDE\WindowsUpdate.20231228.212814.155.1.etl,0x32DE,0.0,\Windows\Temp\_E010CF14-8D9A-43B4-B324-F502F5B86CDE\WindowsUpdate.20231228.212814.155.1.etl|WindowsUpdate.20231228.212814.155.1.etl,1754281224.0,File_Created / Basic_Info_Changed / Data_Added / Data_Overwritten,0x000400000000CB78,0x000300000000C9F6,both,False,,,12/31/23 1:15,12/28/23 20:38,,,12/31/23 1:15,12/28/23 20:38,False,FALSE,FALSE,TRUE,,FALSE,2.1924421296296295,TRUE,False,False,False,True,39,False,2,1736,329,0,True,True,True,False,False,4,-2.19244213,3,2,0,0,0,0,0,0.09914780622200967,LOW,Benign
12/31/23 1:15,12/31/23 1:15,10586830005.0,Time Reversal Event,WindowsUpdate.20231228.222814.158.1.etl,\Windows\Temp\_E010CF14-8D9A-43B4-B324-F502F5B86CDE\WindowsUpdate.20231228.222814.158.1.etl,0x3304,4.0,\Windows\Temp\_E010CF14-8D9A-43B4-B324-F502F5B86CDE\WindowsUpdate.20231228.222814.158.1.etl|WindowsUpdate.20231228.222814.158.1.etl,1754284640.0,File_Created / Basic_Info_Changed / Data_Added / Data_Overwritten,0x000200000000CC12,0x000300000000C9F6,both,False,,,12/31/23 1:15,12/28/23 21:38,,,12/31/23 1:15,12/28/23 21:38,False,FALSE,FALSE,TRUE,,FALSE,2.150775462962963,TRUE,False,False,False,True,39,False,2,1736,329,0,True,True,True,False,False,4,-2.150775463,3,2,0,0,0,0,0,0.08954462542519587,LOW,Benign
12/31/23 1:15,12/31/23 1:15,10586842946.0,Time Reversal Event,WindowsUpdate.20231228.232814.168.1.etl,\Windows\Temp\_E010CF14-8D9A-43B4-B324-F502F5B86CDE\WindowsUpdate.20231228.232814.168.1.etl,0x327C,6.0,\Windows\Temp\_E010CF14-8D9A-43B4-B324-F502F5B86CDE\WindowsUpdate.20231228.232814.168.1.etl|WindowsUpdate.20231228.232814.168.1.etl,1754292312.0,File_Created / Basic_Info_Changed / Data_Added / Data_Overwritten,0x000500000000C9F3,0x000300000000C9F6,both,False,,,12/31/23 1:15,12/28/23 22:38,,,12/31/23 1:15,12/28/23 22:38,False,FALSE,FALSE,TRUE,,FALSE,2.1091087962962964,TRUE,False,False,False,True,39,False,2,1736,329,0,True,True,True,False,False,4,-2.109108796,3,2,0,0,0,0,0,0.08954462542519587,LOW,Benign
12/31/23 1:15,12/31/23 1:15,10586843828.0,Time Reversal Event,WindowsUpdate.20231231.021522.345.1.etl,\Windows\Temp\_E010CF14-8D9A-43B4-B324-F502F5B86CDE\WindowsUpdate.20231231.021522.345.1.etl,0x3093,0.0,\Windows\Temp\_E010CF14-8D9A-43B4-B324-F502F5B86CDE\WindowsUpdate.20231231.021522.345.1.etl|WindowsUpdate.20231231.021522.345.1.etl,1754293032.0,File_Created / Basic_Info_Changed / Data_Added / Data_Overwritten,0x004800000000C24C,0x000300000000C9F6,both,False,,,12/31/23 1:15,12/31/23 1:15,,,12/31/23 1:15,12/31/23 1:15,False,FALSE,FALSE,TRUE,,FALSE,1.1574074074074072e-05,TRUE,False,False,False,True,39,False,2,1736,329,0,True,True,True,False,False,4,-1.16e-05,3,2,0,0,0,0,0,0.09914780622200967,LOW,Benign
12/31/23 1:15,12/31/23 1:15,,,WindowsUpdate.20231225.164824.113.72.etl,\Windows\Temp\_E010CF14-8D9A-43B4-B324-F502F5B86CDE\WindowsUpdate.20231225.164824.113.72.etl,,,\Windows\Temp\_E010CF14-8D9A-43B4-B324-F502F5B86CDE\WindowsUpdate.20231225.164824.113.72.etl|WindowsUpdate.20231225.164824.113.72.etl,1754225992.0,File_Created / Basic_Info_Changed / Data_Added / Data_Overwritten / File_Closed,0x000500000000C9F5,0x000300000000C9F6,usnjrnl_only,False,,,,,,,,,False,FALSE,FALSE,FALSE,,FALSE,,FALSE,False,False,False,True,40,False,2,1736,329,0,False,True,True,True,True,4,,1,3,0,0,0,0,0,0.2949082017680291,LOW,Benign
12/31/23 1:15,12/31/23 1:15,,,WindowsUpdate.20231225.164824.113.73.etl,\Windows\Temp\_E010CF14-8D9A-43B4-B324-F502F5B86CDE\WindowsUpdate.20231225.164824.113.73.etl,,,\Windows\Temp\_E010CF14-8D9A-43B4-B324-F502F5B86CDE\WindowsUpdate.20231225.164824.113.73.etl|WindowsUpdate.20231225.164824.113.73.etl,1754226832.0,File_Created / Basic_Info_Changed / Data_Added / Data_Overwritten / File_Closed,0x000300000000C9F7,0x000300000000C9F6,usnjrnl_only,False,,,,,,,,,False,FALSE,FALSE,FALSE,,FALSE,,FALSE,False,False,False,True,40,False,2,1736,329,0,False,True,True,True,True,4,,1,3,0,0,0,0,0,0.2949082017680291,LOW,Benign
12/31/23 1:15,12/31/23 1:15,,,WindowsUpdate.20231225.164824.113.74.etl,\Windows\Temp\_E010CF14-8D9A-43B4-B324-F502F5B86CDE\WindowsUpdate.20231225.164824.113.74.etl,,,\Windows\Temp\_E010CF14-8D9A-43B4-B324-F502F5B86CDE\WindowsUpdate.20231225.164824.113.74.etl|WindowsUpdate.20231225.164824.113.74.etl,1754227552.0,File_Created / Basic_Info_Changed / Data_Added / Data_Overwritten / File_Closed,0x000300000000C9F8,0x000300000000C9F6,usnjrnl_only,False,,,,,,,,,False,FALSE,FALSE,FALSE,,FALSE,,FALSE,False,False,False,True,40,False,2,1736,329,0,False,True,True,True,True,4,,1,3,0,0,0,0,0,0.2949082017680291,LOW,Benign
12/31/23 1:15,12/31/23 1:15,,,WindowsUpdate.20231225.164824.113.75.etl,\Windows\Temp\_E010CF14-8D9A-43B4-B324-F502F5B86CDE\WindowsUpdate.20231225.164824.113.75.etl,,,\Windows\Temp\_E010CF14-8D9A-43B4-B324-F502F5B86CDE\WindowsUpdate.20231225.164824.113.75.etl|WindowsUpdate.20231225.164824.113.75.etl,1754228272.0,File_Created / Basic_Info_Changed / Data_Added / Data_Overwritten / File_Closed,0x000200000000C9F9,0x000300000000C9F6,usnjrnl_only,False,,,,,,,,,False,FALSE,FALSE,FALSE,,FALSE,,FALSE,False,False,False,True,40,False,2,1736,329,0,False,True,True,True,True,4,,1,3,0,0,0,0,0,0.2949082017680291,LOW,Benign
12/31/23 1:15,12/31/23 1:15,,,WindowsUpdate.20231225.164824.113.76.etl,\Windows\Temp\_E010CF14-8D9A-43B4-B324-F502F5B86CDE\WindowsUpdate.20231225.164824.113.76.etl,,,\Windows\Temp\_E010CF14-8D9A-43B4-B324-F502F5B86CDE\WindowsUpdate.20231225.164824.113.76.etl|WindowsUpdate.20231225.164824.113.76.etl,1754228992.0,File_Created / Basic_Info_Changed / Data_Added / Data_Overwritten / File_Closed,0x000200000000C9FA,0x000300000000C9F6,usnjrnl_only,False,,,,,,,,,False,FALSE,FALSE,FALSE,,FALSE,,FALSE,False,False,False,True,40,False,2,1736,329,0,False,True,True,True,True,4,,1,3,0,0,0,0,0,0.2949082017680291,LOW,Benign
12/31/23 1:15,12/31/23 1:15,,,WindowsUpdate.20231225.164824.113.77.etl,\Windows\Temp\_E010CF14-8D9A-43B4-B324-F502F5B86CDE\WindowsUpdate.20231225.164824.113.77.etl,,,\Windows\Temp\_E010CF14-8D9A-43B4-B324-F502F5B86CDE\WindowsUpdate.20231225.164824.113.77.etl|WindowsUpdate.20231225.164824.113.77.etl,1754229712.0,File_Created / Basic_Info_Changed / Data_Added / Data_Overwritten / File_Closed,0x000200000000C9FB,0x000300000000C9F6,usnjrnl_only,False,,,,,,,,,False,FALSE,FALSE,FALSE,,FALSE,,FALSE,False,False,False,True,40,False,2,1736,329,0,False,True,True,True,True,4,,1,3,0,0,0,0,0,0.2949082017680291,LOW,Benign
12/31/23 1:15,12/31/23 1:15,,,WindowsUpdate.20231225.164824.113.78.etl,\Windows\Temp\_E010CF14-8D9A-43B4-B324-F502F5B86CDE\WindowsUpdate.20231225.164824.113.78.etl,,,\Windows\Temp\_E010CF14-8D9A-43B4-B324-F502F5B86CDE\WindowsUpdate.20231225.164824.113.78.etl|WindowsUpdate.20231225.164824.113.78.etl,1754230432.0,File_Created / Basic_Info_Changed / Data_Added / Data_Overwritten / File_Closed,0x000200000000C9FD,0x000300000000C9F6,usnjrnl_only,False,,,,,,,,,False,FALSE,FALSE,FALSE,,FALSE,,FALSE,False,False,False,True,40,False,2,1736,329,0,False,True,True,True,True,4,,1,3,0,0,0,0,0,0.2949082017680291,LOW,Benign
12/31/23 1:15,12/31/23 1:15,,,WindowsUpdate.20231225.164824.113.79.etl,\Windows\Temp\_E010CF14-8D9A-43B4-B324-F502F5B86CDE\WindowsUpdate.20231225.164824.113.79.etl,,,\Windows\Temp\_E010CF14-8D9A-43B4-B324-F502F5B86CDE\WindowsUpdate.20231225.164824.113.79.etl|WindowsUpdate.20231225.164824.113.79.etl,1754231216.0,File_Created / Basic_Info_Changed / Data_Added / Data_Overwritten / File_Closed,0x000200000000CA04,0x000300000000C9F6,usnjrnl_only,False,,,,,,,,,False,FALSE,FALSE,FALSE,,FALSE,,FALSE,False,False,False,True,40,False,2,1736,329,0,False,True,True,True,True,4,,1,3,0,0,0,0,0,0.2949082017680291,LOW,Benign
12/31/23 1:15,12/31/23 1:15,,,WindowsUpdate.20231225.164824.113.80.etl,\Windows\Temp\_E010CF14-8D9A-43B4-B324-F502F5B86CDE\WindowsUpdate.20231225.164824.113.80.etl,,,\Windows\Temp\_E010CF14-8D9A-43B4-B324-F502F5B86CDE\WindowsUpdate.20231225.164824.113.80.etl|WindowsUpdate.20231225.164824.113.80.etl,1754231936.0,File_Created / Basic_Info_Changed / Data_Added / Data_Overwritten / File_Closed,0x000200000000CA05,0x000300000000C9F6,usnjrnl_only,False,,,,,,,,,False,FALSE,FALSE,FALSE,,FALSE,,FALSE,False,False,False,True,40,False,2,1736,329,0,False,True,True,True,True,4,,1,3,0,0,0,0,0,0.2949082017680291,LOW,Benign
12/31/23 1:15,12/31/23 1:15,,,WindowsUpdate.20231225.164824.113.81.etl,\Windows\Temp\_E010CF14-8D9A-43B4-B324-F502F5B86CDE\WindowsUpdate.20231225.164824.113.81.etl,,,\Windows\Temp\_E010CF14-8D9A-43B4-B324-F502F5B86CDE\WindowsUpdate.20231225.164824.113.81.etl|WindowsUpdate.20231225.164824.113.81.etl,1754232656.0,File_Created / Basic_Info_Changed / Data_Added / Data_Overwritten / File_Closed,0x000300000000CA06,0x000300000000C9F6,usnjrnl_only,False,,,,,,,,,False,FALSE,FALSE,FALSE,,FALSE,,FALSE,False,False,False,True,40,False,2,1736,329,0,False,True,True,True,True,4,,1,3,0,0,0,0,0,0.2949082017680291,LOW,Benign
12/31/23 1:15,12/31/23 1:15,,,WindowsUpdate.20231225.164824.113.82.etl,\Windows\Temp\_E010CF14-8D9A-43B4-B324-F502F5B86CDE\WindowsUpdate.20231225.164824.113.82.etl,,,\Windows\Temp\_E010CF14-8D9A-43B4-B324-F502F5B86CDE\WindowsUpdate.20231225.164824.113.82.etl|WindowsUpdate.20231225.164824.113.82.etl,1754233376.0,File_Created / Basic_Info_Changed / Data_Added / Data_Overwritten / File_Closed,0x000200000000CA08,0x000300000000C9F6,usnjrnl_only,False,,,,,,,,,False,FALSE,FALSE,FALSE,,FALSE,,FALSE,False,False,False,True,40,False,2,1736,329,0,False,True,True,True,True,4,,1,3,0,0,0,0,0,0.2949082017680291,LOW,Benign
12/31/23 1:15,12/31/23 1:15,,,WindowsUpdate.20231225.164824.113.83.etl,\Windows\Temp\_E010CF14-8D9A-43B4-B324-F502F5B86CDE\WindowsUpdate.20231225.164824.113.83.etl,,,\Windows\Temp\_E010CF14-8D9A-43B4-B324-F502F5B86CDE\WindowsUpdate.20231225.164824.113.83.etl|WindowsUpdate.20231225.164824.113.83.etl,1754234096.0,File_Created / Basic_Info_Changed / Data_Added / Data_Overwritten / File_Closed,0x000200000000CA09,0x000300000000C9F6,usnjrnl_only,False,,,,,,,,,False,FALSE,FALSE,FALSE,,FALSE,,FALSE,False,False,False,True,40,False,2,1736,329,0,False,True,True,True,True,4,,1,3,0,0,0,0,0,0.2949082017680291,LOW,Benign
12/31/23 1:15,12/31/23 1:15,,,WindowsUpdate.20231225.164824.113.84.etl,\Windows\Temp\_E010CF14-8D9A-43B4-B324-F502F5B86CDE\WindowsUpdate.20231225.164824.113.84.etl,,,\Windows\Temp\_E010CF14-8D9A-43B4-B324-F502F5B86CDE\WindowsUpdate.20231225.164824.113.84.etl|WindowsUpdate.20231225.164824.113.84.etl,1754234880.0,File_Created / Basic_Info_Changed / Data_Added / Data_Overwritten / File_Closed,0x000200000000CA0B,0x000300000000C9F6,usnjrnl_only,False,,,,,,,,,False,FALSE,FALSE,FALSE,,FALSE,,FALSE,False,False,False,True,40,False,2,1736,329,0,False,True,True,True,True,4,,1,3,0,0,0,0,0,0.2949082017680291,LOW,Benign
12/31/23 1:15,12/31/23 1:15,,,WindowsUpdate.20231225.164824.113.85.etl,\Windows\Temp\_E010CF14-8D9A-43B4-B324-F502F5B86CDE\WindowsUpdate.20231225.164824.113.85.etl,,,\Windows\Temp\_E010CF14-8D9A-43B4-B324-F502F5B86CDE\WindowsUpdate.20231225.164824.113.85.etl|WindowsUpdate.20231225.164824.113.85.etl,1754235600.0,File_Created / Basic_Info_Changed / Data_Added / Data_Overwritten / File_Closed,0x000300000000CA0C,0x000300000000C9F6,usnjrnl_only,False,,,,,,,,,False,FALSE,FALSE,FALSE,,FALSE,,FALSE,False,False,False,True,40,False,2,1736,329,0,False,True,True,True,True,4,,1,3,0,0,0,0,0,0.2949082017680291,LOW,Benign
12/31/23 1:15,12/31/23 1:15,,,WindowsUpdate.20231225.164824.113.86.etl,\Windows\Temp\_E010CF14-8D9A-43B4-B324-F502F5B86CDE\WindowsUpdate.20231225.164824.113.86.etl,,,\Windows\Temp\_E010CF14-8D9A-43B4-B324-F502F5B86CDE\WindowsUpdate.20231225.164824.113.86.etl|WindowsUpdate.20231225.164824.113.86.etl,1754236320.0,File_Created / Basic_Info_Changed / Data_Added / Data_Overwritten / File_Closed,0x000300000000CA0D,0x000300000000C9F6,usnjrnl_only,False,,,,,,,,,False,FALSE,FALSE,FALSE,,FALSE,,FALSE,False,False,False,True,40,False,2,1736,329,0,False,True,True,True,True,4,,1,3,0,0,0,0,0,0.2949082017680291,LOW,Benign
12/31/23 1:15,12/31/23 1:15,,,WindowsUpdate.20231225.164824.113.87.etl,\Windows\Temp\_E010CF14-8D9A-43B4-B324-F502F5B86CDE\WindowsUpdate.20231225.164824.113.87.etl,,,\Windows\Temp\_E010CF14-8D9A-43B4-B324-F502F5B86CDE\WindowsUpdate.20231225.164824.113.87.etl|WindowsUpdate.20231225.164824.113.87.etl,1754237040.0,File_Created / Basic_Info_Changed / Data_Added / Data_Overwritten / File_Closed,0x000200000000CA0F,0x000300000000C9F6,usnjrnl_only,False,,,,,,,,,False,FALSE,FALSE,FALSE,,FALSE,,FALSE,False,False,False,True,40,False,2,1736,329,0,False,True,True,True,True,4,,1,3,0,0,0,0,0,0.2949082017680291,LOW,Benign
12/31/23 1:15,12/31/23 1:15,,,WindowsUpdate.20231225.164824.113.88.etl,\Windows\Temp\_E010CF14-8D9A-43B4-B324-F502F5B86CDE\WindowsUpdate.20231225.164824.113.88.etl,,,\Windows\Temp\_E010CF14-8D9A-43B4-B324-F502F5B86CDE\WindowsUpdate.20231225.164824.113.88.etl|WindowsUpdate.20231225.164824.113.88.etl,1754237760.0,File_Created / Basic_Info_Changed / Data_Added / Data_Overwritten / File_Closed,0x000200000000CA10,0x000300000000C9F6,usnjrnl_only,False,,,,,,,,,False,FALSE,FALSE,FALSE,,FALSE,,FALSE,False,False,False,True,40,False,2,1736,329,0,False,True,True,True,True,4,,1,3,0,0,0,0,0,0.2949082017680291,LOW,Benign
12/31/23 1:15,12/31/23 1:15,,,WindowsUpdate.20231225.164824.113.89.etl,\Windows\Temp\_E010CF14-8D9A-43B4-B324-F502F5B86CDE\WindowsUpdate.20231225.164824.113.89.etl,,,\Windows\Temp\_E010CF14-8D9A-43B4-B324-F502F5B86CDE\WindowsUpdate.20231225.164824.113.89.etl|WindowsUpdate.20231225.164824.113.89.etl,1754238480.0,File_Created / Basic_Info_Changed / Data_Added / Data_Overwritten / File_Closed,0x000300000000CA11,0x000300000000C9F6,usnjrnl_only,False,,,,,,,,,False,FALSE,FALSE,FALSE,,FALSE,,FALSE,False,False,False,True,40,False,2,1736,329,0,False,True,True,True,True,4,,1,3,0,0,0,0,0,0.2949082017680291,LOW,Benign
12/31/23 1:15,12/31/23 1:15,,,WindowsUpdate.20231225.173759.428.1.etl,\Windows\Temp\_E010CF14-8D9A-43B4-B324-F502F5B86CDE\WindowsUpdate.20231225.173759.428.1.etl,,,\Windows\Temp\_E010CF14-8D9A-43B4-B324-F502F5B86CDE\WindowsUpdate.20231225.173759.428.1.etl|WindowsUpdate.20231225.173759.428.1.etl,1754239264.0,File_Created / Basic_Info_Changed / Data_Added / Data_Overwritten / File_Closed,0x000200000000CA12,0x000300000000C9F6,usnjrnl_only,False,,,,,,,,,False,FALSE,FALSE,FALSE,,FALSE,,FALSE,False,False,False,True,39,False,2,1736,329,0,False,True,True,True,True,4,,1,3,0,0,0,0,0,0.28490888967078715,LOW,Benign
12/31/23 1:15,12/31/23 1:15,,,WindowsUpdate.20231225.173759.428.2.etl,\Windows\Temp\_E010CF14-8D9A-43B4-B324-F502F5B86CDE\WindowsUpdate.20231225.173759.428.2.etl,,,\Windows\Temp\_E010CF14-8D9A-43B4-B324-F502F5B86CDE\WindowsUpdate.20231225.173759.428.2.etl|WindowsUpdate.20231225.173759.428.2.etl,1754239984.0,File_Created / Basic_Info_Changed / Data_Added / Data_Overwritten / File_Closed,0x000300000000CA13,0x000300000000C9F6,usnjrnl_only,False,,,,,,,,,False,FALSE,FALSE,FALSE,,FALSE,,FALSE,False,False,False,True,39,False,2,1736,329,0,False,True,True,True,True,4,,1,3,0,0,0,0,0,0.28490888967078715,LOW,Benign
12/31/23 1:15,12/31/23 1:15,,,WindowsUpdate.20231225.175817.420.1.etl,\Windows\Temp\_E010CF14-8D9A-43B4-B324-F502F5B86CDE\WindowsUpdate.20231225.175817.420.1.etl,,,\Windows\Temp\_E010CF14-8D9A-43B4-B324-F502F5B86CDE\WindowsUpdate.20231225.175817.420.1.etl|WindowsUpdate.20231225.175817.420.1.etl,1754240704.0,File_Created / Basic_Info_Changed / Data_Added / Data_Overwritten / File_Closed,0x000200000000CA14,0x000300000000C9F6,usnjrnl_only,False,,,,,,,,,False,FALSE,FALSE,FALSE,,FALSE,,FALSE,False,False,False,True,39,False,2,1736,329,0,False,True,True,True,True,4,,1,3,0,0,0,0,0,0.28490888967078715,LOW,Benign
12/31/23 1:15,12/31/23 1:15,,,WindowsUpdate.20231225.181843.333.1.etl,\Windows\Temp\_E010CF14-8D9A-43B4-B324-F502F5B86CDE\WindowsUpdate.20231225.181843.333.1.etl,,,\Windows\Temp\_E010CF14-8D9A-43B4-B324-F502F5B86CDE\WindowsUpdate.20231225.181843.333.1.etl|WindowsUpdate.20231225.181843.333.1.etl,1754241424.0,File_Created / Basic_Info_Changed / Data_Added / Data_Overwritten / File_Closed,0x000300000000CA17,0x000300000000C9F6,usnjrnl_only,False,,,,,,,,,False,FALSE,FALSE,FALSE,,FALSE,,FALSE,False,False,False,True,39,False,2,1736,329,0,False,True,True,True,True,4,,1,3,0,0,0,0,0,0.28490888967078715,LOW,Benign
12/31/23 1:15,12/31/23 1:15,,,WindowsUpdate.20231225.183040.874.1.etl,\Windows\Temp\_E010CF14-8D9A-43B4-B324-F502F5B86CDE\WindowsUpdate.20231225.183040.874.1.etl,,,\Windows\Temp\_E010CF14-8D9A-43B4-B324-F502F5B86CDE\WindowsUpdate.20231225.183040.874.1.etl|WindowsUpdate.20231225.183040.874.1.etl,1754242144.0,File_Created / Basic_Info_Changed / Data_Added / Data_Overwritten / File_Closed,0x000200000000CA19,0x000300000000C9F6,usnjrnl_only,False,,,,,,,,,False,FALSE,FALSE,FALSE,,FALSE,,FALSE,False,False,False,True,39,False,2,1736,329,0,False,True,True,True,True,4,,1,3,0,0,0,0,0,0.28490888967078715,LOW,Benign
12/31/23 1:15,12/31/23 1:15,,,WindowsUpdate.20231225.184944.109.1.etl,\Windows\Temp\_E010CF14-8D9A-43B4-B324-F502F5B86CDE\WindowsUpdate.20231225.184944.109.1.etl,,,\Windows\Temp\_E010CF14-8D9A-43B4-B324-F502F5B86CDE\WindowsUpdate.20231225.184944.109.1.etl|WindowsUpdate.20231225.184944.109.1.etl,1754242864.0,File_Created / Basic_Info_Changed / Data_Added / Data_Overwritten / File_Closed,0x000300000000CA1E,0x000300000000C9F6,usnjrnl_only,False,,,,,,,,,False,FALSE,FALSE,FALSE,,FALSE,,FALSE,False,False,False,True,39,False,2,1736,329,0,False,True,True,True,True,4,,1,3,0,0,0,0,0,0.28490888967078715,LOW,Benign
12/31/23 1:15,12/31/23 1:15,,,WindowsUpdate.20231225.191048.081.1.etl,\Windows\Temp\_E010CF14-8D9A-43B4-B324-F502F5B86CDE\WindowsUpdate.20231225.191048.081.1.etl,,,\Windows\Temp\_E010CF14-8D9A-43B4-B324-F502F5B86CDE\WindowsUpdate.20231225.191048.081.1.etl|WindowsUpdate.20231225.191048.081.1.etl,1754243648.0,File_Created / Basic_Info_Changed / Data_Added / Data_Overwritten / File_Closed,0x000200000000CA21,0x000300000000C9F6,usnjrnl_only,False,,,,,,,,,False,FALSE,FALSE,FALSE,,FALSE,,FALSE,False,False,False,True,39,False,2,1736,329,0,False,True,True,True,True,4,,1,3,0,0,0,0,0,0.28490888967078715,LOW,Benign
12/31/23 1:15,12/31/23 1:15,,,WindowsUpdate.20231225.193041.301.1.etl,\Windows\Temp\_E010CF14-8D9A-43B4-B324-F502F5B86CDE\WindowsUpdate.20231225.193041.301.1.etl,,,\Windows\Temp\_E010CF14-8D9A-43B4-B324-F502F5B86CDE\WindowsUpdate.20231225.193041.301.1.etl|WindowsUpdate.20231225.193041.301.1.etl,1754244368.0,File_Created / Basic_Info_Changed / Data_Added / Data_Overwritten / File_Closed,0x000200000000CA22,0x000300000000C9F6,usnjrnl_only,False,,,,,,,,,False,FALSE,FALSE,FALSE,,FALSE,,FALSE,False,False,False,True,39,False,2,1736,329,0,False,True,True,True,True,4,,1,3,0,0,0,0,0,0.28490888967078715,LOW,Benign
12/31/23 1:15,12/31/23 1:15,,,WindowsUpdate.20231225.203041.323.1.etl,\Windows\Temp\_E010CF14-8D9A-43B4-B324-F502F5B86CDE\WindowsUpdate.20231225.203041.323.1.etl,,,\Windows\Temp\_E010CF14-8D9A-43B4-B324-F502F5B86CDE\WindowsUpdate.20231225.203041.323.1.etl|WindowsUpdate.20231225.203041.323.1.etl,1754245088.0,File_Created / Basic_Info_Changed / Data_Added / Data_Overwritten / File_Closed,0x000200000000CA24,0x000300000000C9F6,usnjrnl_only,False,,,,,,,,,False,FALSE,FALSE,FALSE,,FALSE,,FALSE,False,False,False,True,39,False,2,1736,329,0,False,True,True,True,True,4,,1,3,0,0,0,0,0,0.28490888967078715,LOW,Benign
12/31/23 1:15,12/31/23 1:15,,,WindowsUpdate.20231225.213041.312.1.etl,\Windows\Temp\_E010CF14-8D9A-43B4-B324-F502F5B86CDE\WindowsUpdate.20231225.213041.312.1.etl,,,\Windows\Temp\_E010CF14-8D9A-43B4-B324-F502F5B86CDE\WindowsUpdate.20231225.213041.312.1.etl|WindowsUpdate.20231225.213041.312.1.etl,1754245976.0,File_Created / Basic_Info_Changed / Data_Added / Data_Overwritten / File_Closed,0x000200000000CA25,0x000300000000C9F6,usnjrnl_only,False,,,,,,,,,False,FALSE,FALSE,FALSE,,FALSE,,FALSE,False,False,False,True,39,False,2,1736,329,0,False,True,True,True,True,4,,1,3,0,0,0,0,0,0.28490888967078715,LOW,Benign
12/31/23 1:15,12/31/23 1:15,,,WindowsUpdate.20231225.223041.336.1.etl,\Windows\Temp\_E010CF14-8D9A-43B4-B324-F502F5B86CDE\WindowsUpdate.20231225.223041.336.1.etl,,,\Windows\Temp\_E010CF14-8D9A-43B4-B324-F502F5B86CDE\WindowsUpdate.20231225.223041.336.1.etl|WindowsUpdate.20231225.223041.336.1.etl,1754246696.0,File_Created / Basic_Info_Changed / Data_Added / Data_Overwritten / File_Closed,0x000200000000CA27,0x000300000000C9F6,usnjrnl_only,False,,,,,,,,,False,FALSE,FALSE,FALSE,,FALSE,,FALSE,False,False,False,True,39,False,2,1736,329,0,False,True,True,True,True,4,,1,3,0,0,0,0,0,0.28490888967078715,LOW,Benign
12/31/23 1:15,12/31/23 1:15,,,WindowsUpdate.20231225.231817.373.1.etl,\Windows\Temp\_E010CF14-8D9A-43B4-B324-F502F5B86CDE\WindowsUpdate.20231225.231817.373.1.etl,,,\Windows\Temp\_E010CF14-8D9A-43B4-B324-F502F5B86CDE\WindowsUpdate.20231225.231817.373.1.etl|WindowsUpdate.20231225.231817.373.1.etl,1754247456.0,File_Created / Basic_Info_Changed / Data_Added / Data_Overwritten / File_Closed,0x000200000000CA29,0x000300000000C9F6,usnjrnl_only,False,,,,,,,,,False,FALSE,FALSE,FALSE,,FALSE,,FALSE,False,False,False,True,39,False,2,1736,329,0,False,True,True,True,True,4,,1,3,0,0,0,0,0,0.28490888967078715,LOW,Benign
12/31/23 1:15,12/31/23 1:15,,,WindowsUpdate.20231225.235013.988.1.etl,\Windows\Temp\_E010CF14-8D9A-43B4-B324-F502F5B86CDE\WindowsUpdate.20231225.235013.988.1.etl,,,\Windows\Temp\_E010CF14-8D9A-43B4-B324-F502F5B86CDE\WindowsUpdate.20231225.235013.988.1.etl|WindowsUpdate.20231225.235013.988.1.etl,1754248176.0,File_Created / Basic_Info_Changed / Data_Added / Data_Overwritten / File_Closed,0x000200000000CA2C,0x000300000000C9F6,usnjrnl_only,False,,,,,,,,,False,FALSE,FALSE,FALSE,,FALSE,,FALSE,False,False,False,True,39,False,2,1736,329,0,False,True,True,True,True,4,,1,3,0,0,0,0,0,0.28490888967078715,LOW,Benign
12/31/23 1:15,12/31/23 1:15,,,WindowsUpdate.20231226.000148.623.1.etl,\Windows\Temp\_E010CF14-8D9A-43B4-B324-F502F5B86CDE\WindowsUpdate.20231226.000148.623.1.etl,,,\Windows\Temp\_E010CF14-8D9A-43B4-B324-F502F5B86CDE\WindowsUpdate.20231226.000148.623.1.etl|WindowsUpdate.20231226.000148.623.1.etl,1754248896.0,File_Created / Basic_Info_Changed / Data_Added / Data_Overwritten / File_Closed,0x000200000000CA2D,0x000300000000C9F6,usnjrnl_only,False,,,,,,,,,False,FALSE,FALSE,FALSE,,FALSE,,FALSE,False,False,False,True,39,False,2,1736,329,0,False,True,True,True,True,4,,1,3,0,0,0,0,0,0.28490888967078715,LOW,Benign
12/31/23 1:15,12/31/23 1:15,,,WindowsUpdate.20231226.001944.806.1.etl,\Windows\Temp\_E010CF14-8D9A-43B4-B324-F502F5B86CDE\WindowsUpdate.20231226.001944.806.1.etl,,,\Windows\Temp\_E010CF14-8D9A-43B4-B324-F502F5B86CDE\WindowsUpdate.20231226.001944.806.1.etl|WindowsUpdate.20231226.001944.806.1.etl,1754249880.0,File_Created / Basic_Info_Changed / Data_Added / Data_Overwritten / File_Closed,0x000200000000CA2E,0x000300000000C9F6,usnjrnl_only,False,,,,,,,,,False,FALSE,FALSE,FALSE,,FALSE,,FALSE,False,False,False,True,39,False,2,1736,329,0,False,True,True,True,True,4,,1,3,0,0,0,0,0,0.28490888967078715,LOW,Benign
12/31/23 1:15,12/31/23 1:15,,,WindowsUpdate.20231226.005434.402.1.etl,\Windows\Temp\_E010CF14-8D9A-43B4-B324-F502F5B86CDE\WindowsUpdate.20231226.005434.402.1.etl,,,\Windows\Temp\_E010CF14-8D9A-43B4-B324-F502F5B86CDE\WindowsUpdate.20231226.005434.402.1.etl|WindowsUpdate.20231226.005434.402.1.etl,1754250600.0,File_Created / Basic_Info_Changed / Data_Added / Data_Overwritten / File_Closed,0x000300000000CA2F,0x000300000000C9F6,usnjrnl_only,False,,,,,,,,,False,FALSE,FALSE,FALSE,,FALSE,,FALSE,False,False,False,True,39,False,2,1736,329,0,False,True,True,True,True,4,,1,3,0,0,0,0,0,0.28490888967078715,LOW,Benign
12/31/23 1:15,12/31/23 1:15,,,WindowsUpdate.20231226.010558.490.1.etl,\Windows\Temp\_E010CF14-8D9A-43B4-B324-F502F5B86CDE\WindowsUpdate.20231226.010558.490.1.etl,,,\Windows\Temp\_E010CF14-8D9A-43B4-B324-F502F5B86CDE\WindowsUpdate.20231226.010558.490.1.etl|WindowsUpdate.20231226.010558.490.1.etl,1754251408.0,File_Created / Basic_Info_Changed / Data_Added / Data_Overwritten / File_Closed,0x000300000000CA31,0x000300000000C9F6,usnjrnl_only,False,,,,,,,,,False,FALSE,FALSE,FALSE,,FALSE,,FALSE,False,False,False,True,39,False,2,1736,329,0,False,True,True,True,True,4,,1,3,0,0,0,0,0,0.2749229494706834,LOW,Benign
12/31/23 1:15,12/31/23 1:15,,,WindowsUpdate.20231227.004534.197.1.etl,\Windows\Temp\_E010CF14-8D9A-43B4-B324-F502F5B86CDE\WindowsUpdate.20231227.004534.197.1.etl,,,\Windows\Temp\_E010CF14-8D9A-43B4-B324-F502F5B86CDE\WindowsUpdate.20231227.004534.197.1.etl|WindowsUpdate.20231227.004534.197.1.etl,1754252128.0,File_Created / Basic_Info_Changed / Data_Added / Data_Overwritten / File_Closed,0x000200000000CA32,0x000300000000C9F6,usnjrnl_only,False,,,,,,,,,False,FALSE,FALSE,FALSE,,FALSE,,FALSE,False,False,False,True,39,False,2,1736,329,0,False,True,True,True,True,4,,1,3,0,0,0,0,0,0.2749229494706834,LOW,Benign
12/31/23 1:15,12/31/23 1:15,,,WindowsUpdate.20231227.014918.931.1.etl,\Windows\Temp\_E010CF14-8D9A-43B4-B324-F502F5B86CDE\WindowsUpdate.20231227.014918.931.1.etl,,,\Windows\Temp\_E010CF14-8D9A-43B4-B324-F502F5B86CDE\WindowsUpdate.20231227.014918.931.1.etl|WindowsUpdate.20231227.014918.931.1.etl,1754252848.0,File_Created / Basic_Info_Changed / Data_Added / Data_Overwritten / File_Closed,0x000200000000CA33,0x000300000000C9F6,usnjrnl_only,False,,,,,,,,,False,FALSE,FALSE,FALSE,,FALSE,,FALSE,False,False,False,True,39,False,2,1736,329,0,False,True,True,True,True,4,,1,3,0,0,0,0,0,0.2749229494706834,LOW,Benign
12/31/23 1:15,12/31/23 1:15,,,WindowsUpdate.20231227.024016.873.1.etl,\Windows\Temp\_E010CF14-8D9A-43B4-B324-F502F5B86CDE\WindowsUpdate.20231227.024016.873.1.etl,,,\Windows\Temp\_E010CF14-8D9A-43B4-B324-F502F5B86CDE\WindowsUpdate.20231227.024016.873.1.etl|WindowsUpdate.20231227.024016.873.1.etl,1754253568.0,File_Created / Basic_Info_Changed / Data_Added / Data_Overwritten / File_Closed,0x000200000000CA34,0x000300000000C9F6,usnjrnl_only,False,,,,,,,,,False,FALSE,FALSE,FALSE,,FALSE,,FALSE,False,False,False,True,39,False,2,1736,329,0,False,True,True,True,True,4,,1,3,0,0,0,0,0,0.2749229494706834,LOW,Benign
12/31/23 1:15,12/31/23 1:15,,,WindowsUpdate.20231227.034017.132.1.etl,\Windows\Temp\_E010CF14-8D9A-43B4-B324-F502F5B86CDE\WindowsUpdate.20231227.034017.132.1.etl,,,\Windows\Temp\_E010CF14-8D9A-43B4-B324-F502F5B86CDE\WindowsUpdate.20231227.034017.132.1.etl|WindowsUpdate.20231227.034017.132.1.etl,1754254416.0,File_Created / Basic_Info_Changed / Data_Added / Data_Overwritten / File_Closed,0x000300000000CA35,0x000300000000C9F6,usnjrnl_only,False,,,,,,,,,False,FALSE,FALSE,FALSE,,FALSE,,FALSE,False,False,False,True,39,False,2,1736,329,0,False,True,True,True,True,4,,1,3,0,0,0,0,0,0.2749229494706834,LOW,Benign
12/31/23 1:15,12/31/23 1:15,,,WindowsUpdate.20231227.040129.253.1.etl,\Windows\Temp\_E010CF14-8D9A-43B4-B324-F502F5B86CDE\WindowsUpdate.20231227.040129.253.1.etl,,,\Windows\Temp\_E010CF14-8D9A-43B4-B324-F502F5B86CDE\WindowsUpdate.20231227.040129.253.1.etl|WindowsUpdate.20231227.040129.253.1.etl,1754255136.0,File_Created / Basic_Info_Changed / Data_Added / Data_Overwritten / File_Closed,0x000200000000CA39,0x000300000000C9F6,usnjrnl_only,False,,,,,,,,,False,FALSE,FALSE,FALSE,,FALSE,,FALSE,False,False,False,True,39,False,2,1736,329,0,False,True,True,True,True,4,,1,3,0,0,0,0,0,0.2749229494706834,LOW,Benign
12/31/23 1:15,12/31/23 1:15,,,WindowsUpdate.20231227.044017.181.1.etl,\Windows\Temp\_E010CF14-8D9A-43B4-B324-F502F5B86CDE\WindowsUpdate.20231227.044017.181.1.etl,,,\Windows\Temp\_E010CF14-8D9A-43B4-B324-F502F5B86CDE\WindowsUpdate.20231227.044017.181.1.etl|WindowsUpdate.20231227.044017.181.1.etl,1754255936.0,File_Created / Basic_Info_Changed / Data_Added / Data_Overwritten / File_Closed,0x000200000000CA41,0x000300000000C9F6,usnjrnl_only,False,,,,,,,,,False,FALSE,FALSE,FALSE,,FALSE,,FALSE,False,False,False,True,39,False,2,1736,329,0,False,True,True,True,True,4,,1,3,0,0,0,0,0,0.2749229494706834,LOW,Benign
12/31/23 1:15,12/31/23 1:15,,,WindowsUpdate.20231227.054017.182.1.etl,\Windows\Temp\_E010CF14-8D9A-43B4-B324-F502F5B86CDE\WindowsUpdate.20231227.054017.182.1.etl,,,\Windows\Temp\_E010CF14-8D9A-43B4-B324-F502F5B86CDE\WindowsUpdate.20231227.054017.182.1.etl|WindowsUpdate.20231227.054017.182.1.etl,1754256656.0,File_Created / Basic_Info_Changed / Data_Added / Data_Overwritten / File_Closed,0x000200000000CA42,0x000300000000C9F6,usnjrnl_only,False,,,,,,,,,False,FALSE,FALSE,FALSE,,FALSE,,FALSE,False,False,False,True,39,False,2,1736,329,0,False,True,True,True,True,4,,1,3,0,0,0,0,0,0.2749229494706834,LOW,Benign
12/31/23 1:15,12/31/23 1:15,,,WindowsUpdate.20231227.064017.196.1.etl,\Windows\Temp\_E010CF14-8D9A-43B4-B324-F502F5B86CDE\WindowsUpdate.20231227.064017.196.1.etl,,,\Windows\Temp\_E010CF14-8D9A-43B4-B324-F502F5B86CDE\WindowsUpdate.20231227.064017.196.1.etl|WindowsUpdate.20231227.064017.196.1.etl,1754257376.0,File_Created / Basic_Info_Changed / Data_Added / Data_Overwritten / File_Closed,0x000300000000CA45,0x000300000000C9F6,usnjrnl_only,False,,,,,,,,,False,FALSE,FALSE,FALSE,,FALSE,,FALSE,False,False,False,True,39,False,2,1736,329,0,False,True,True,True,True,4,,1,3,0,0,0,0,0,0.2749229494706834,LOW,Benign
12/31/23 1:15,12/31/23 1:15,,,WindowsUpdate.20231227.074017.195.1.etl,\Windows\Temp\_E010CF14-8D9A-43B4-B324-F502F5B86CDE\WindowsUpdate.20231227.074017.195.1.etl,,,\Windows\Temp\_E010CF14-8D9A-43B4-B324-F502F5B86CDE\WindowsUpdate.20231227.074017.195.1.etl|WindowsUpdate.20231227.074017.195.1.etl,1754258096.0,File_Created / Basic_Info_Changed / Data_Added / Data_Overwritten / File_Closed,0x000200000000CA47,0x000300000000C9F6,usnjrnl_only,False,,,,,,,,,False,FALSE,FALSE,FALSE,,FALSE,,FALSE,False,False,False,True,39,False,2,1736,329,0,False,True,True,True,True,4,,1,3,0,0,0,0,0,0.2749229494706834,LOW,Benign
12/31/23 1:15,12/31/23 1:15,,,WindowsUpdate.20231227.083512.034.1.etl,\Windows\Temp\_E010CF14-8D9A-43B4-B324-F502F5B86CDE\WindowsUpdate.20231227.083512.034.1.etl,,,\Windows\Temp\_E010CF14-8D9A-43B4-B324-F502F5B86CDE\WindowsUpdate.20231227.083512.034.1.etl|WindowsUpdate.20231227.083512.034.1.etl,1754258816.0,File_Created / Basic_Info_Changed / Data_Added / Data_Overwritten / File_Closed,0x000200000000CA61,0x000300000000C9F6,usnjrnl_only,False,,,,,,,,,False,FALSE,FALSE,FALSE,,FALSE,,FALSE,False,False,False,True,39,False,2,1736,329,0,False,True,True,True,True,4,,1,3,0,0,0,0,0,0.2749229494706834,LOW,Benign
12/31/23 1:15,12/31/23 1:15,,,WindowsUpdate.20231227.084749.101.1.etl,\Windows\Temp\_E010CF14-8D9A-43B4-B324-F502F5B86CDE\WindowsUpdate.20231227.084749.101.1.etl,,,\Windows\Temp\_E010CF14-8D9A-43B4-B324-F502F5B86CDE\WindowsUpdate.20231227.084749.101.1.etl|WindowsUpdate.20231227.084749.101.1.etl,1754259600.0,File_Created / Basic_Info_Changed / Data_Added / Data_Overwritten / File_Closed,0x000200000000CA80,0x000300000000C9F6,usnjrnl_only,False,,,,,,,,,False,FALSE,FALSE,FALSE,,FALSE,,FALSE,False,False,False,True,39,False,2,1736,329,0,False,True,True,True,True,4,,1,3,0,0,0,0,0,0.2749229494706834,LOW,Benign
12/31/23 1:15,12/31/23 1:15,,,WindowsUpdate.20231227.094749.424.1.etl,\Windows\Temp\_E010CF14-8D9A-43B4-B324-F502F5B86CDE\WindowsUpdate.20231227.094749.424.1.etl,,,\Windows\Temp\_E010CF14-8D9A-43B4-B324-F502F5B86CDE\WindowsUpdate.20231227.094749.424.1.etl|WindowsUpdate.20231227.094749.424.1.etl,1754260320.0,File_Created / Basic_Info_Changed / Data_Added / Data_Overwritten / File_Closed,0x000200000000CAAB,0x000300000000C9F6,usnjrnl_only,False,,,,,,,,,False,FALSE,FALSE,FALSE,,FALSE,,FALSE,False,False,False,True,39,False,2,1736,329,0,False,True,True,True,True,4,,1,3,0,0,0,0,0,0.2749229494706834,LOW,Benign
12/31/23 1:15,12/31/23 1:15,,,WindowsUpdate.20231227.104749.422.1.etl,\Windows\Temp\_E010CF14-8D9A-43B4-B324-F502F5B86CDE\WindowsUpdate.20231227.104749.422.1.etl,,,\Windows\Temp\_E010CF14-8D9A-43B4-B324-F502F5B86CDE\WindowsUpdate.20231227.104749.422.1.etl|WindowsUpdate.20231227.104749.422.1.etl,1754261040.0,File_Created / Basic_Info_Changed / Data_Added / Data_Overwritten / File_Closed,0x000200000000CAAC,0x000300000000C9F6,usnjrnl_only,False,,,,,,,,,False,FALSE,FALSE,FALSE,,FALSE,,FALSE,False,False,False,True,39,False,2,1736,329,0,False,True,True,True,True,4,,1,3,0,0,0,0,0,0.2749229494706834,LOW,Benign
12/31/23 1:15,12/31/23 1:15,,,WindowsUpdate.20231227.114749.422.1.etl,\Windows\Temp\_E010CF14-8D9A-43B4-B324-F502F5B86CDE\WindowsUpdate.20231227.114749.422.1.etl,,,\Windows\Temp\_E010CF14-8D9A-43B4-B324-F502F5B86CDE\WindowsUpdate.20231227.114749.422.1.etl|WindowsUpdate.20231227.114749.422.1.etl,1754261760.0,File_Created / Basic_Info_Changed / Data_Added / Data_Overwritten / File_Closed,0x000300000000CAC0,0x000300000000C9F6,usnjrnl_only,False,,,,,,,,,False,FALSE,FALSE,FALSE,,FALSE,,FALSE,False,False,False,True,39,False,2,1736,329,0,False,True,True,True,True,4,,1,3,0,0,0,0,0,0.2749229494706834,LOW,Benign
12/31/23 1:15,12/31/23 1:15,,,WindowsUpdate.20231227.123941.413.1.etl,\Windows\Temp\_E010CF14-8D9A-43B4-B324-F502F5B86CDE\WindowsUpdate.20231227.123941.413.1.etl,,,\Windows\Temp\_E010CF14-8D9A-43B4-B324-F502F5B86CDE\WindowsUpdate.20231227.123941.413.1.etl|WindowsUpdate.20231227.123941.413.1.etl,1754262480.0,File_Created / Basic_Info_Changed / Data_Added / Data_Overwritten / File_Closed,0x000200000000CACC,0x000300000000C9F6,usnjrnl_only,False,,,,,,,,,False,FALSE,FALSE,FALSE,,FALSE,,FALSE,False,False,False,True,39,False,2,1736,329,0,False,True,True,True,True,4,,1,3,0,0,0,0,0,0.2749229494706834,LOW,Benign
12/31/23 1:15,12/31/23 1:15,,,WindowsUpdate.20231227.131751.671.1.etl,\Windows\Temp\_E010CF14-8D9A-43B4-B324-F502F5B86CDE\WindowsUpdate.20231227.131751.671.1.etl,,,\Windows\Temp\_E010CF14-8D9A-43B4-B324-F502F5B86CDE\WindowsUpdate.20231227.131751.671.1.etl|WindowsUpdate.20231227.131751.671.1.etl,1754263200.0,File_Created / Basic_Info_Changed / Data_Added / Data_Overwritten / File_Closed,0x000200000000CACF,0x000300000000C9F6,usnjrnl_only,False,,,,,,,,,False,FALSE,FALSE,FALSE,,FALSE,,FALSE,False,False,False,True,39,False,2,1736,329,0,False,True,True,True,True,4,,1,3,0,0,0,0,0,0.2749229494706834,LOW,Benign
12/31/23 1:15,12/31/23 1:15,,,WindowsUpdate.20231227.141751.921.1.etl,\Windows\Temp\_E010CF14-8D9A-43B4-B324-F502F5B86CDE\WindowsUpdate.20231227.141751.921.1.etl,,,\Windows\Temp\_E010CF14-8D9A-43B4-B324-F502F5B86CDE\WindowsUpdate.20231227.141751.921.1.etl|WindowsUpdate.20231227.141751.921.1.etl,1754263984.0,File_Created / Basic_Info_Changed / Data_Added / Data_Overwritten / File_Closed,0x000200000000CB0B,0x000300000000C9F6,usnjrnl_only,False,,,,,,,,,False,FALSE,FALSE,FALSE,,FALSE,,FALSE,False,False,False,True,39,False,2,1736,329,0,False,True,True,True,True,4,,1,3,0,0,0,0,0,0.2749229494706834,LOW,Benign
12/31/23 1:15,12/31/23 1:15,,,WindowsUpdate.20231227.151751.922.1.etl,\Windows\Temp\_E010CF14-8D9A-43B4-B324-F502F5B86CDE\WindowsUpdate.20231227.151751.922.1.etl,,,\Windows\Temp\_E010CF14-8D9A-43B4-B324-F502F5B86CDE\WindowsUpdate.20231227.151751.922.1.etl|WindowsUpdate.20231227.151751.922.1.etl,1754264704.0,File_Created / Basic_Info_Changed / Data_Added / Data_Overwritten / File_Closed,0x000200000000CB2C,0x000300000000C9F6,usnjrnl_only,False,,,,,,,,,False,FALSE,FALSE,FALSE,,FALSE,,FALSE,False,False,False,True,39,False,2,1736,329,0,False,True,True,True,True,4,,1,3,0,0,0,0,0,0.2749229494706834,LOW,Benign
12/31/23 1:15,12/31/23 1:15,,,WindowsUpdate.20231227.161216.280.1.etl,\Windows\Temp\_E010CF14-8D9A-43B4-B324-F502F5B86CDE\WindowsUpdate.20231227.161216.280.1.etl,,,\Windows\Temp\_E010CF14-8D9A-43B4-B324-F502F5B86CDE\WindowsUpdate.20231227.161216.280.1.etl|WindowsUpdate.20231227.161216.280.1.etl,1754265424.0,File_Created / Basic_Info_Changed / Data_Added / Data_Overwritten / File_Closed,0x000300000000CB2E,0x000300000000C9F6,usnjrnl_only,False,,,,,,,,,False,FALSE,FALSE,FALSE,,FALSE,,FALSE,False,False,False,True,39,False,2,1736,329,0,False,True,True,True,True,4,,1,3,0,0,0,0,0,0.2749229494706834,LOW,Benign
12/31/23 1:15,12/31/23 1:15,,,WindowsUpdate.20231227.171216.576.1.etl,\Windows\Temp\_E010CF14-8D9A-43B4-B324-F502F5B86CDE\WindowsUpdate.20231227.171216.576.1.etl,,,\Windows\Temp\_E010CF14-8D9A-43B4-B324-F502F5B86CDE\WindowsUpdate.20231227.171216.576.1.etl|WindowsUpdate.20231227.171216.576.1.etl,1754266144.0,File_Created / Basic_Info_Changed / Data_Added / Data_Overwritten / File_Closed,0x000300000000CB30,0x000300000000C9F6,usnjrnl_only,False,,,,,,,,,False,FALSE,FALSE,FALSE,,FALSE,,FALSE,False,False,False,True,39,False,2,1736,329,0,False,True,True,True,True,4,,1,3,0,0,0,0,0,0.2749229494706834,LOW,Benign
12/31/23 1:15,12/31/23 1:15,,,WindowsUpdate.20231227.173344.426.1.etl,\Windows\Temp\_E010CF14-8D9A-43B4-B324-F502F5B86CDE\WindowsUpdate.20231227.173344.426.1.etl,,,\Windows\Temp\_E010CF14-8D9A-43B4-B324-F502F5B86CDE\WindowsUpdate.20231227.173344.426.1.etl|WindowsUpdate.20231227.173344.426.1.etl,1754266864.0,File_Created / Basic_Info_Changed / Data_Added / Data_Overwritten / File_Closed,0x000300000000CB32,0x000300000000C9F6,usnjrnl_only,False,,,,,,,,,False,FALSE,FALSE,FALSE,,FALSE,,FALSE,False,False,False,True,39,False,2,1736,329,0,False,True,True,True,True,4,,1,3,0,0,0,0,0,0.2749229494706834,LOW,Benign
12/31/23 1:15,12/31/23 1:15,,,WindowsUpdate.20231227.183344.727.1.etl,\Windows\Temp\_E010CF14-8D9A-43B4-B324-F502F5B86CDE\WindowsUpdate.20231227.183344.727.1.etl,,,\Windows\Temp\_E010CF14-8D9A-43B4-B324-F502F5B86CDE\WindowsUpdate.20231227.183344.727.1.etl|WindowsUpdate.20231227.183344.727.1.etl,1754267648.0,File_Created / Basic_Info_Changed / Data_Added / Data_Overwritten / File_Closed,0x000200000000CB34,0x000300000000C9F6,usnjrnl_only,False,,,,,,,,,False,FALSE,FALSE,FALSE,,FALSE,,FALSE,False,False,False,True,39,False,2,1736,329,0,False,True,True,True,True,4,,1,3,0,0,0,0,0,0.2749229494706834,LOW,Benign
12/31/23 1:15,12/31/23 1:15,,,WindowsUpdate.20231227.193344.723.1.etl,\Windows\Temp\_E010CF14-8D9A-43B4-B324-F502F5B86CDE\WindowsUpdate.20231227.193344.723.1.etl,,,\Windows\Temp\_E010CF14-8D9A-43B4-B324-F502F5B86CDE\WindowsUpdate.20231227.193344.723.1.etl|WindowsUpdate.20231227.193344.723.1.etl,1754268368.0,File_Created / Basic_Info_Changed / Data_Added / Data_Overwritten / File_Closed,0x000200000000CB35,0x000300000000C9F6,usnjrnl_only,False,,,,,,,,,False,FALSE,FALSE,FALSE,,FALSE,,FALSE,False,False,False,True,39,False,2,1736,329,0,False,True,True,True,True,4,,1,3,0,0,0,0,0,0.2749229494706834,LOW,Benign
12/31/23 1:15,12/31/23 1:15,,,WindowsUpdate.20231227.203344.753.1.etl,\Windows\Temp\_E010CF14-8D9A-43B4-B324-F502F5B86CDE\WindowsUpdate.20231227.203344.753.1.etl,,,\Windows\Temp\_E010CF14-8D9A-43B4-B324-F502F5B86CDE\WindowsUpdate.20231227.203344.753.1.etl|WindowsUpdate.20231227.203344.753.1.etl,1754269088.0,File_Created / Basic_Info_Changed / Data_Added / Data_Overwritten / File_Closed,0x000200000000CB37,0x000300000000C9F6,usnjrnl_only,False,,,,,,,,,False,FALSE,FALSE,FALSE,,FALSE,,FALSE,False,False,False,True,39,False,2,1736,329,0,False,True,True,True,True,4,,1,3,0,0,0,0,0,0.2749229494706834,LOW,Benign
12/31/23 1:15,12/31/23 1:15,,,WindowsUpdate.20231227.213344.760.1.etl,\Windows\Temp\_E010CF14-8D9A-43B4-B324-F502F5B86CDE\WindowsUpdate.20231227.213344.760.1.etl,,,\Windows\Temp\_E010CF14-8D9A-43B4-B324-F502F5B86CDE\WindowsUpdate.20231227.213344.760.1.etl|WindowsUpdate.20231227.213344.760.1.etl,1754269808.0,File_Created / Basic_Info_Changed / Data_Added / Data_Overwritten / File_Closed,0x000300000000CB38,0x000300000000C9F6,usnjrnl_only,False,,,,,,,,,False,FALSE,FALSE,FALSE,,FALSE,,FALSE,False,False,False,True,39,False,2,1736,329,0,False,True,True,True,True,4,,1,3,0,0,0,0,0,0.2749229494706834,LOW,Benign
12/31/23 1:15,12/31/23 1:15,,,WindowsUpdate.20231227.223344.729.1.etl,\Windows\Temp\_E010CF14-8D9A-43B4-B324-F502F5B86CDE\WindowsUpdate.20231227.223344.729.1.etl,,,\Windows\Temp\_E010CF14-8D9A-43B4-B324-F502F5B86CDE\WindowsUpdate.20231227.223344.729.1.etl|WindowsUpdate.20231227.223344.729.1.etl,1754270528.0,File_Created / Basic_Info_Changed / Data_Added / Data_Overwritten / File_Closed,0x000300000000CB3A,0x000300000000C9F6,usnjrnl_only,False,,,,,,,,,False,FALSE,FALSE,FALSE,,FALSE,,FALSE,False,False,False,True,39,False,2,1736,329,0,False,True,True,True,True,4,,1,3,0,0,0,0,0,0.2749229494706834,LOW,Benign
12/31/23 1:15,12/31/23 1:15,,,WindowsUpdate.20231228.020554.227.1.etl,\Windows\Temp\_E010CF14-8D9A-43B4-B324-F502F5B86CDE\WindowsUpdate.20231228.020554.227.1.etl,,,\Windows\Temp\_E010CF14-8D9A-43B4-B324-F502F5B86CDE\WindowsUpdate.20231228.020554.227.1.etl|WindowsUpdate.20231228.020554.227.1.etl,1754271248.0,File_Created / Basic_Info_Changed / Data_Added / Data_Overwritten / File_Closed,0x000200000000CB3C,0x000300000000C9F6,usnjrnl_only,False,,,,,,,,,False,FALSE,FALSE,FALSE,,FALSE,,FALSE,False,False,False,True,39,False,2,1736,329,0,False,True,True,True,True,4,,1,3,0,0,0,0,0,0.2749229494706834,LOW,Benign
12/31/23 1:15,12/31/23 1:15,,,WindowsUpdate.20231228.102219.679.1.etl,\Windows\Temp\_E010CF14-8D9A-43B4-B324-F502F5B86CDE\WindowsUpdate.20231228.102219.679.1.etl,,,\Windows\Temp\_E010CF14-8D9A-43B4-B324-F502F5B86CDE\WindowsUpdate.20231228.102219.679.1.etl|WindowsUpdate.20231228.102219.679.1.etl,1754272032.0,File_Created / Basic_Info_Changed / Data_Added / Data_Overwritten / File_Closed,0x000200000000CB3D,0x000300000000C9F6,usnjrnl_only,False,,,,,,,,,False,FALSE,FALSE,FALSE,,FALSE,,FALSE,False,False,False,True,39,False,2,1736,329,0,False,True,True,True,True,4,,1,3,0,0,0,0,0,0.2749229494706834,LOW,Benign
12/31/23 1:15,12/31/23 1:15,,,WindowsUpdate.20231228.112814.052.1.etl,\Windows\Temp\_E010CF14-8D9A-43B4-B324-F502F5B86CDE\WindowsUpdate.20231228.112814.052.1.etl,,,\Windows\Temp\_E010CF14-8D9A-43B4-B324-F502F5B86CDE\WindowsUpdate.20231228.112814.052.1.etl|WindowsUpdate.20231228.112814.052.1.etl,1754273024.0,File_Created / Basic_Info_Changed / Data_Added / Data_Overwritten / File_Closed,0x000200000000CB43,0x000300000000C9F6,usnjrnl_only,False,,,,,,,,,False,FALSE,FALSE,FALSE,,FALSE,,FALSE,False,False,False,True,39,False,2,1736,329,0,False,True,True,True,True,4,,1,3,0,0,0,0,0,0.2749229494706834,LOW,Benign
12/31/23 1:15,12/31/23 1:15,,,WindowsUpdate.20231228.122814.011.1.etl,\Windows\Temp\_E010CF14-8D9A-43B4-B324-F502F5B86CDE\WindowsUpdate.20231228.122814.011.1.etl,,,\Windows\Temp\_E010CF14-8D9A-43B4-B324-F502F5B86CDE\WindowsUpdate.20231228.122814.011.1.etl|WindowsUpdate.20231228.122814.011.1.etl,1754273880.0,File_Created / Basic_Info_Changed / Data_Added / Data_Overwritten / File_Closed,0x0006000000001C53,0x000300000000C9F6,usnjrnl_only,False,,,,,,,,,False,FALSE,FALSE,FALSE,,FALSE,,FALSE,False,False,False,True,39,False,2,1736,329,0,False,True,True,True,True,4,,1,3,0,0,0,0,0,0.2749229494706834,LOW,Benign
12/31/23 1:15,12/31/23 1:15,,,WindowsUpdate.20231228.132814.206.1.etl,\Windows\Temp\_E010CF14-8D9A-43B4-B324-F502F5B86CDE\WindowsUpdate.20231228.132814.206.1.etl,,,\Windows\Temp\_E010CF14-8D9A-43B4-B324-F502F5B86CDE\WindowsUpdate.20231228.132814.206.1.etl|WindowsUpdate.20231228.132814.206.1.etl,1754274600.0,File_Created / Basic_Info_Changed / Data_Added / Data_Overwritten / File_Closed,0x000200000000CB46,0x000300000000C9F6,usnjrnl_only,False,,,,,,,,,False,FALSE,FALSE,FALSE,,FALSE,,FALSE,False,False,False,True,39,False,2,1736,329,0,False,True,True,True,True,4,,1,3,0,0,0,0,0,0.2749229494706834,LOW,Benign
12/31/23 1:15,12/31/23 1:15,,,WindowsUpdate.20231228.142814.057.1.etl,\Windows\Temp\_E010CF14-8D9A-43B4-B324-F502F5B86CDE\WindowsUpdate.20231228.142814.057.1.etl,,,\Windows\Temp\_E010CF14-8D9A-43B4-B324-F502F5B86CDE\WindowsUpdate.20231228.142814.057.1.etl|WindowsUpdate.20231228.142814.057.1.etl,1754275320.0,File_Created / Basic_Info_Changed / Data_Added / Data_Overwritten / File_Closed,0x000200000000CB65,0x000300000000C9F6,usnjrnl_only,False,,,,,,,,,False,FALSE,FALSE,FALSE,,FALSE,,FALSE,False,False,False,True,39,False,2,1736,329,0,False,True,True,True,True,4,,1,3,0,0,0,0,0,0.2749229494706834,LOW,Benign
12/31/23 1:15,12/31/23 1:15,,,WindowsUpdate.20231228.152814.063.1.etl,\Windows\Temp\_E010CF14-8D9A-43B4-B324-F502F5B86CDE\WindowsUpdate.20231228.152814.063.1.etl,,,\Windows\Temp\_E010CF14-8D9A-43B4-B324-F502F5B86CDE\WindowsUpdate.20231228.152814.063.1.etl|WindowsUpdate.20231228.152814.063.1.etl,1754276128.0,File_Created / Basic_Info_Changed / Data_Added / Data_Overwritten / File_Closed,0x000200000000CB6B,0x000300000000C9F6,usnjrnl_only,False,,,,,,,,,False,FALSE,FALSE,FALSE,,FALSE,,FALSE,False,False,False,True,39,False,2,1736,329,0,False,True,True,True,True,4,,1,3,0,0,0,0,0,0.2749229494706834,LOW,Benign
12/31/23 1:15,12/31/23 1:15,,,WindowsUpdate.20231228.162814.074.1.etl,\Windows\Temp\_E010CF14-8D9A-43B4-B324-F502F5B86CDE\WindowsUpdate.20231228.162814.074.1.etl,,,\Windows\Temp\_E010CF14-8D9A-43B4-B324-F502F5B86CDE\WindowsUpdate.20231228.162814.074.1.etl|WindowsUpdate.20231228.162814.074.1.etl,1754277112.0,File_Created / Basic_Info_Changed / Data_Added / Data_Overwritten / File_Closed,0x000200000000CB70,0x000300000000C9F6,usnjrnl_only,False,,,,,,,,,False,FALSE,FALSE,FALSE,,FALSE,,FALSE,False,False,False,True,39,False,2,1736,329,0,False,True,True,True,True,4,,1,3,0,0,0,0,0,0.2749229494706834,LOW,Benign
12/31/23 1:15,12/31/23 1:15,,,WindowsUpdate.20231228.172814.102.1.etl,\Windows\Temp\_E010CF14-8D9A-43B4-B324-F502F5B86CDE\WindowsUpdate.20231228.172814.102.1.etl,,,\Windows\Temp\_E010CF14-8D9A-43B4-B324-F502F5B86CDE\WindowsUpdate.20231228.172814.102.1.etl|WindowsUpdate.20231228.172814.102.1.etl,1754277832.0,File_Created / Basic_Info_Changed / Data_Added / Data_Overwritten / File_Closed,0x000300000000CB74,0x000300000000C9F6,usnjrnl_only,False,,,,,,,,,False,FALSE,FALSE,FALSE,,FALSE,,FALSE,False,False,False,True,39,False,2,1736,329,0,False,True,True,True,True,4,,1,3,0,0,0,0,0,0.2749229494706834,LOW,Benign
12/31/23 1:15,12/31/23 1:15,,,WindowsUpdate.20231228.182814.085.1.etl,\Windows\Temp\_E010CF14-8D9A-43B4-B324-F502F5B86CDE\WindowsUpdate.20231228.182814.085.1.etl,,,\Windows\Temp\_E010CF14-8D9A-43B4-B324-F502F5B86CDE\WindowsUpdate.20231228.182814.085.1.etl|WindowsUpdate.20231228.182814.085.1.etl,1754278976.0,File_Created / Basic_Info_Changed / Data_Added / Data_Overwritten / File_Closed,0x000200000000CB79,0x000300000000C9F6,usnjrnl_only,False,,,,,,,,,False,FALSE,FALSE,FALSE,,FALSE,,FALSE,False,False,False,True,39,False,2,1736,329,0,False,True,True,True,True,4,,1,3,0,0,0,0,0,0.2749229494706834,LOW,Benign
12/31/23 1:15,12/31/23 1:15,,,WindowsUpdate.20231228.192814.145.1.etl,\Windows\Temp\_E010CF14-8D9A-43B4-B324-F502F5B86CDE\WindowsUpdate.20231228.192814.145.1.etl,,,\Windows\Temp\_E010CF14-8D9A-43B4-B324-F502F5B86CDE\WindowsUpdate.20231228.192814.145.1.etl|WindowsUpdate.20231228.192814.145.1.etl,1754279696.0,File_Created / Basic_Info_Changed / Data_Added / Data_Overwritten / File_Closed,0x000400000000CB7B,0x000300000000C9F6,usnjrnl_only,False,,,,,,,,,False,FALSE,FALSE,FALSE,,FALSE,,FALSE,False,False,False,True,39,False,2,1736,329,0,False,True,True,True,True,4,,1,3,0,0,0,0,0,0.2749229494706834,LOW,Benign
12/31/23 1:15,12/31/23 1:15,,,WindowsUpdate.20231228.202814.135.1.etl,\Windows\Temp\_E010CF14-8D9A-43B4-B324-F502F5B86CDE\WindowsUpdate.20231228.202814.135.1.etl,,,\Windows\Temp\_E010CF14-8D9A-43B4-B324-F502F5B86CDE\WindowsUpdate.20231228.202814.135.1.etl|WindowsUpdate.20231228.202814.135.1.etl,1754280648.0,File_Created / Basic_Info_Changed / Data_Added / Data_Overwritten / File_Closed,0x000200000000CB80,0x000300000000C9F6,usnjrnl_only,False,,,,,,,,,False,FALSE,FALSE,FALSE,,FALSE,,FALSE,False,False,False,True,39,False,2,1736,329,0,False,True,True,True,True,4,,1,3,0,0,0,0,0,0.2749229494706834,LOW,Benign
12/31/23 1:15,12/31/23 1:15,,,WindowsUpdate.20231228.212814.155.1.etl,\Windows\Temp\_E010CF14-8D9A-43B4-B324-F502F5B86CDE\WindowsUpdate.20231228.212814.155.1.etl,,,\Windows\Temp\_E010CF14-8D9A-43B4-B324-F502F5B86CDE\WindowsUpdate.20231228.212814.155.1.etl|WindowsUpdate.20231228.212814.155.1.etl,1754281368.0,File_Created / Basic_Info_Changed / Data_Added / Data_Overwritten / File_Closed,0x000400000000CB78,0x000300000000C9F6,usnjrnl_only,False,,,,,,,,,False,FALSE,FALSE,FALSE,,FALSE,,FALSE,False,False,False,True,39,False,2,1736,329,0,False,True,True,True,True,4,,1,3,0,0,0,0,0,0.2749229494706834,LOW,Benign
12/31/23 1:15,12/31/23 1:15,,,WindowsUpdate.20231228.222814.158.1.etl,\Windows\Temp\_E010CF14-8D9A-43B4-B324-F502F5B86CDE\WindowsUpdate.20231228.222814.158.1.etl,,,\Windows\Temp\_E010CF14-8D9A-43B4-B324-F502F5B86CDE\WindowsUpdate.20231228.222814.158.1.etl|WindowsUpdate.20231228.222814.158.1.etl,1754284784.0,File_Created / Basic_Info_Changed / Data_Added / Data_Overwritten / File_Closed,0x000200000000CC12,0x000300000000C9F6,usnjrnl_only,False,,,,,,,,,False,FALSE,FALSE,FALSE,,FALSE,,FALSE,False,False,False,True,39,False,2,1736,329,0,False,True,True,True,True,4,,1,3,0,0,0,0,0,0.2749229494706834,LOW,Benign
12/31/23 1:15,12/31/23 1:15,,,WindowsUpdate.20231228.232814.168.1.etl,\Windows\Temp\_E010CF14-8D9A-43B4-B324-F502F5B86CDE\WindowsUpdate.20231228.232814.168.1.etl,,,\Windows\Temp\_E010CF14-8D9A-43B4-B324-F502F5B86CDE\WindowsUpdate.20231228.232814.168.1.etl|WindowsUpdate.20231228.232814.168.1.etl,1754292456.0,File_Created / Basic_Info_Changed / Data_Added / Data_Overwritten / File_Closed,0x000500000000C9F3,0x000300000000C9F6,usnjrnl_only,False,,,,,,,,,False,FALSE,FALSE,FALSE,,FALSE,,FALSE,False,False,False,True,39,False,2,1736,329,0,False,True,True,True,True,4,,1,3,0,0,0,0,0,0.2749229494706834,LOW,Benign
12/31/23 1:15,12/31/23 1:15,,,WindowsUpdate.20231231.021522.345.1.etl,\Windows\Temp\_E010CF14-8D9A-43B4-B324-F502F5B86CDE\WindowsUpdate.20231231.021522.345.1.etl,,,\Windows\Temp\_E010CF14-8D9A-43B4-B324-F502F5B86CDE\WindowsUpdate.20231231.021522.345.1.etl|WindowsUpdate.20231231.021522.345.1.etl,1754293176.0,File_Created / Basic_Info_Changed / Data_Added / Data_Overwritten / File_Closed,0x004800000000C24C,0x000300000000C9F6,usnjrnl_only,False,,,,,,,,,False,FALSE,FALSE,FALSE,,FALSE,,FALSE,False,False,False,True,39,False,2,1736,329,0,False,True,True,True,True,4,,1,3,0,0,0,0,0,0.2749229494706834,LOW,Benign
12/31/23 1:15,12/31/23 1:15,,,s640CheckReachableA2632A96-C25B-4DBE-8E7F-46107B9C65A5,\Windows\Temp\s640CheckReachableA2632A96-C25B-4DBE-8E7F-46107B9C65A5,,,\Windows\Temp\s640CheckReachableA2632A96-C25B-4DBE-8E7F-46107B9C65A5|s640CheckReachableA2632A96-C25B-4DBE-8E7F-46107B9C65A5,1754304800.0,File_Created / Basic_Info_Changed,0x000400000000CC13,0x0001000000001623,usnjrnl_only,False,,,,,,,,,False,FALSE,FALSE,FALSE,,FALSE,,FALSE,False,False,False,True,54,False,2,1736,329,1,False,True,True,False,False,3,,1,2,0,0,0,0,0,0.09839391026765323,LOW,Benign
12/31/23 1:15,12/31/23 1:15,,,s640CheckReachableA2632A96-C25B-4DBE-8E7F-46107B9C65A5,\Windows\Temp\s640CheckReachableA2632A96-C25B-4DBE-8E7F-46107B9C65A5,,,\Windows\Temp\s640CheckReachableA2632A96-C25B-4DBE-8E7F-46107B9C65A5|s640CheckReachableA2632A96-C25B-4DBE-8E7F-46107B9C65A5,1754304968.0,File_Created / Basic_Info_Changed / File_Closed,0x000400000000CC13,0x0001000000001623,usnjrnl_only,False,,,,,,,,,False,FALSE,FALSE,FALSE,,FALSE,,FALSE,False,False,False,True,54,False,2,1736,329,0,False,True,True,True,True,3,,1,3,0,0,0,0,0,0.2843596807366237,LOW,Benign
12/31/23 1:15,12/31/23 1:15,,,NotificationUx.deceedaf-1d2d-4907-98c7-0f17cda07327.1.etl,\ProgramData\USOShared\Logs\User\NotificationUx.deceedaf-1d2d-4907-98c7-0f17cda07327.1.etl,,,\ProgramData\USOShared\Logs\User\NotificationUx.deceedaf-1d2d-4907-98c7-0f17cda07327.1.etl|NotificationUx.deceedaf-1d2d-4907-98c7-0f17cda07327.1.etl,1754311504.0,File_Created / Basic_Info_Changed,0x000C00000000CC42,0x0001000000000625,usnjrnl_only,False,,,,,,,,,False,FALSE,FALSE,FALSE,,FALSE,,FALSE,False,False,False,False,57,False,4,1736,329,1,False,True,True,False,False,5,,1,2,0,0,0,0,0,0.03984863856333576,LOW,Benign
12/31/23 1:15,12/31/23 1:15,,,NotificationUx.deceedaf-1d2d-4907-98c7-0f17cda07327.1.etl,\ProgramData\USOShared\Logs\User\NotificationUx.deceedaf-1d2d-4907-98c7-0f17cda07327.1.etl,,,\ProgramData\USOShared\Logs\User\NotificationUx.deceedaf-1d2d-4907-98c7-0f17cda07327.1.etl|NotificationUx.deceedaf-1d2d-4907-98c7-0f17cda07327.1.etl,1754311808.0,File_Created / Basic_Info_Changed / Data_Added,0x000C00000000CC42,0x0001000000000625,usnjrnl_only,False,,,,,,,,,False,FALSE,FALSE,FALSE,,FALSE,,FALSE,False,False,False,False,57,False,4,1736,329,0,False,True,True,False,False,5,,1,2,0,0,0,0,0,0.03984863856333576,LOW,Benign
12/31/23 1:15,12/31/23 1:15,,,RUXIMLog.002.etl,\ProgramData\PLUG\Logs\RUXIMLog.002.etl,,,\ProgramData\PLUG\Logs\RUXIMLog.002.etl|RUXIMLog.002.etl,1754313792.0,File_Created / Basic_Info_Changed / Data_Added / Data_Overwritten / File_Renamed_New,0x000500000000C9DB,0x000200000000194D,usnjrnl_only,False,,,,,,,,,False,FALSE,FALSE,FALSE,,FALSE,,FALSE,False,False,False,True,16,False,42,1736,329,0,False,True,True,False,False,4,,1,2,0,0,0,0,0,0.0298144208085607,LOW,Benign
12/31/23 1:15,12/31/23 1:15,,,RUXIMLog.002.etl,\ProgramData\PLUG\Logs\RUXIMLog.002.etl,,,\ProgramData\PLUG\Logs\RUXIMLog.002.etl|RUXIMLog.002.etl,1754313984.0,File_Created / Basic_Info_Changed / Data_Added / Data_Overwritten / File_Renamed_New / File_Closed,0x000500000000C9DB,0x000200000000194D,usnjrnl_only,False,,,,,,,,,False,FALSE,FALSE,FALSE,,FALSE,,FALSE,False,False,False,True,16,False,42,1736,329,0,False,True,True,True,True,4,,1,3,0,0,0,0,0,0.029540763940562008,LOW,Benign
12/31/23 1:15,12/31/23 1:15,,,RUXIMLog.001.etl,\ProgramData\PLUG\Logs\RUXIMLog.001.etl,,,\ProgramData\PLUG\Logs\RUXIMLog.001.etl|RUXIMLog.001.etl,1754326336.0,File_Created / Basic_Info_Changed,0x001200000000C9E8,0x000200000000194D,usnjrnl_only,False,,,,,,,,,False,FALSE,FALSE,FALSE,,FALSE,,FALSE,False,False,False,False,16,False,374,1736,329,0,False,True,True,False,False,4,,1,2,0,0,0,0,0,0.0298144208085607,LOW,Benign
12/31/23 1:15,12/31/23 1:15,,,RUXIMLog.001.etl,\ProgramData\PLUG\Logs\RUXIMLog.001.etl,,,\ProgramData\PLUG\Logs\RUXIMLog.001.etl|RUXIMLog.001.etl,1754326432.0,File_Created / Basic_Info_Changed / Data_Added,0x001200000000C9E8,0x000200000000194D,usnjrnl_only,False,,,,,,,,,False,FALSE,FALSE,FALSE,,FALSE,,FALSE,False,False,False,False,16,False,374,1736,329,0,False,True,True,False,False,4,,1,2,0,0,0,0,0,0.0298144208085607,LOW,Benign
12/31/23 1:15,12/31/23 1:15,,,RUXIMLog.001.etl,\ProgramData\PLUG\Logs\RUXIMLog.001.etl,,,\ProgramData\PLUG\Logs\RUXIMLog.001.etl|RUXIMLog.001.etl,1754326528.0,File_Created / Basic_Info_Changed / Data_Added / Data_Overwritten,0x001200000000C9E8,0x000200000000194D,usnjrnl_only,False,,,,,,,,,False,FALSE,FALSE,FALSE,,FALSE,,FALSE,False,False,False,False,16,False,374,1736,329,0,False,True,True,False,False,4,,1,2,0,0,0,0,0,0.0298144208085607,LOW,Benign
12/31/23 1:15,12/31/23 1:15,,,RUXIMLog.001.etl,\ProgramData\PLUG\Logs\RUXIMLog.001.etl,,,\ProgramData\PLUG\Logs\RUXIMLog.001.etl|RUXIMLog.001.etl,1754326624.0,File_Created / Basic_Info_Changed / Data_Added / Data_Overwritten / File_Closed,0x001200000000C9E8,0x000200000000194D,usnjrnl_only,False,,,,,,,,,False,FALSE,FALSE,FALSE,,FALSE,,FALSE,False,False,False,True,16,False,374,1736,329,0,False,True,True,True,True,4,,1,3,0,0,0,0,0,0.029540763940562008,LOW,Benign
12/31/23 1:15,12/31/23 1:15,,,NotificationUx.deceedaf-1d2d-4907-98c7-0f17cda07327.1.etl,\ProgramData\USOShared\Logs\User\NotificationUx.deceedaf-1d2d-4907-98c7-0f17cda07327.1.etl,,,\ProgramData\USOShared\Logs\User\NotificationUx.deceedaf-1d2d-4907-98c7-0f17cda07327.1.etl|NotificationUx.deceedaf-1d2d-4907-98c7-0f17cda07327.1.etl,1754326984.0,File_Created / Basic_Info_Changed / Data_Added / Data_Overwritten,0x000C00000000CC42,0x0001000000000625,usnjrnl_only,False,,,,,,,,,False,FALSE,FALSE,FALSE,,FALSE,,FALSE,False,False,False,False,57,False,4,1736,329,0,False,True,True,False,False,5,,1,2,0,0,0,0,0,0.03984863856333576,LOW,Benign
12/31/23 1:15,12/31/23 1:15,,,NotificationUx.deceedaf-1d2d-4907-98c7-0f17cda07327.1.etl,\ProgramData\USOShared\Logs\User\NotificationUx.deceedaf-1d2d-4907-98c7-0f17cda07327.1.etl,,,\ProgramData\USOShared\Logs\User\NotificationUx.deceedaf-1d2d-4907-98c7-0f17cda07327.1.etl|NotificationUx.deceedaf-1d2d-4907-98c7-0f17cda07327.1.etl,1754327160.0,File_Created / Basic_Info_Changed / Data_Added / Data_Overwritten / File_Closed,0x000C00000000CC42,0x0001000000000625,usnjrnl_only,False,,,,,,,,,False,FALSE,FALSE,FALSE,,FALSE,,FALSE,False,False,False,True,57,False,4,1736,329,0,False,True,True,True,True,5,,1,3,0,0,0,0,0,0.07893042752209004,LOW,Benign
12/31/23 1:15,12/31/23 1:15,,,domgmt.20231230_171525_731.etl,\Windows\ServiceProfiles\NetworkService\AppData\Local\Microsoft\Windows\DeliveryOptimization\Logs\domgmt.20231230_171525_731.etl,,,\Windows\ServiceProfiles\NetworkService\AppData\Local\Microsoft\Windows\DeliveryOptimization\Logs\domgmt.20231230_171525_731.etl|domgmt.20231230_171525_731.etl,1754330096.0,File_Created / Basic_Info_Changed / Content_Indexed_Attr_Changed,0x000300000000CC5C,0x0001000000019A0A,usnjrnl_only,False,,,,,,,,,False,FALSE,FALSE,FALSE,,FALSE,,FALSE,False,False,False,False,30,False,4,1736,329,0,False,True,True,False,False,10,,1,2,0,0,0,0,0,0.029876157557310087,LOW,Benign
12/31/23 1:15,12/31/23 1:15,,,domgmt.20231230_171525_731.etl,\Windows\ServiceProfiles\NetworkService\AppData\Local\Microsoft\Windows\DeliveryOptimization\Logs\domgmt.20231230_171525_731.etl,,,\Windows\ServiceProfiles\NetworkService\AppData\Local\Microsoft\Windows\DeliveryOptimization\Logs\domgmt.20231230_171525_731.etl|domgmt.20231230_171525_731.etl,1754330216.0,File_Created / Basic_Info_Changed / Data_Added / Content_Indexed_Attr_Changed,0x000300000000CC5C,0x0001000000019A0A,usnjrnl_only,False,,,,,,,,,False,FALSE,FALSE,FALSE,,FALSE,,FALSE,False,False,False,False,30,False,4,1736,329,0,False,True,True,False,False,10,,1,2,0,0,0,0,0,0.029876157557310087,LOW,Benign
12/31/23 1:15,12/31/23 1:15,,,NotificationUxBroker.bfc01f4b-a261-4ff9-b15c-b07f33ed2440.1.etl,\ProgramData\USOShared\Logs\System\NotificationUxBroker.bfc01f4b-a261-4ff9-b15c-b07f33ed2440.1.etl,,,\ProgramData\USOShared\Logs\System\NotificationUxBroker.bfc01f4b-a261-4ff9-b15c-b07f33ed2440.1.etl|NotificationUxBroker.bfc01f4b-a261-4ff9-b15c-b07f33ed2440.1.etl,1754331808.0,File_Created / Basic_Info_Changed / Data_Added / Data_Overwritten,0x000F00000000C9CA,0x0001000000000624,usnjrnl_only,False,,,,,,,,,False,FALSE,FALSE,FALSE,,FALSE,,FALSE,False,False,False,False,63,False,4,1736,329,1,False,True,True,False,False,5,,1,2,0,0,0,0,0,0.03984863856333576,LOW,Benign
12/31/23 1:15,12/31/23 1:15,,,NotificationUxBroker.bfc01f4b-a261-4ff9-b15c-b07f33ed2440.1.etl,\ProgramData\USOShared\Logs\System\NotificationUxBroker.bfc01f4b-a261-4ff9-b15c-b07f33ed2440.1.etl,,,\ProgramData\USOShared\Logs\System\NotificationUxBroker.bfc01f4b-a261-4ff9-b15c-b07f33ed2440.1.etl|NotificationUxBroker.bfc01f4b-a261-4ff9-b15c-b07f33ed2440.1.etl,1754332000.0,File_Created / Basic_Info_Changed / Data_Added / Data_Overwritten / File_Closed,0x000F00000000C9CA,0x0001000000000624,usnjrnl_only,False,,,,,,,,,False,FALSE,FALSE,FALSE,,FALSE,,FALSE,False,False,False,True,63,False,4,1736,329,0,False,True,True,True,True,5,,1,3,0,0,0,0,0,0.07893042752209004,LOW,Benign
12/31/23 1:15,12/31/23 1:15,,,HxCommAlwaysOnLog.etl,\Users\blueangel\AppData\Local\Packages\microsoft.windowscommunicationsapps_8wekyb3d8bbwe\LocalState\HxCommAlwaysOnLog.etl,,,\Users\blueangel\AppData\Local\Packages\microsoft.windowscommunicationsapps_8wekyb3d8bbwe\LocalState\HxCommAlwaysOnLog.etl|HxCommAlwaysOnLog.etl,1754332736.0,File_Created / Basic_Info_Changed / Content_Indexed_Attr_Changed,0x0006000000004989,0x000100000001A66F,usnjrnl_only,False,,,,,,,,,False,FALSE,FALSE,FALSE,,FALSE,,FALSE,False,False,False,False,21,False,443,1736,329,0,False,True,True,False,False,8,,1,2,0,0,0,0,0,0.0298144208085607,LOW,Benign
12/31/23 1:15,12/31/23 1:15,,,HxCommAlwaysOnLog.etl,\Users\blueangel\AppData\Local\Packages\microsoft.windowscommunicationsapps_8wekyb3d8bbwe\LocalState\HxCommAlwaysOnLog.etl,,,\Users\blueangel\AppData\Local\Packages\microsoft.windowscommunicationsapps_8wekyb3d8bbwe\LocalState\HxCommAlwaysOnLog.etl|HxCommAlwaysOnLog.etl,1754332840.0,File_Created / Basic_Info_Changed / Data_Added / Content_Indexed_Attr_Changed,0x0006000000004989,0x000100000001A66F,usnjrnl_only,False,,,,,,,,,False,FALSE,FALSE,FALSE,,FALSE,,FALSE,False,False,False,False,21,False,443,1736,329,0,False,True,True,False,False,8,,1,2,0,0,0,0,0,0.0298144208085607,LOW,Benign
12/31/23 1:15,12/31/23 1:15,,,HxCommAlwaysOnLog.etl,\Users\blueangel\AppData\Local\Packages\microsoft.windowscommunicationsapps_8wekyb3d8bbwe\LocalState\HxCommAlwaysOnLog.etl,,,\Users\blueangel\AppData\Local\Packages\microsoft.windowscommunicationsapps_8wekyb3d8bbwe\LocalState\HxCommAlwaysOnLog.etl|HxCommAlwaysOnLog.etl,1754333776.0,File_Created / Basic_Info_Changed / Data_Added / Content_Indexed_Attr_Changed / File_Closed,0x0006000000004989,0x000100000001A66F,usnjrnl_only,False,,,,,,,,,False,FALSE,FALSE,FALSE,,FALSE,,FALSE,False,False,False,True,21,False,443,1736,329,0,False,True,True,True,True,8,,1,3,0,0,0,0,0,0.01988188851507617,LOW,Benign
12/31/23 1:15,12/31/23 1:15,,,settings.dat,\Users\blueangel\AppData\Local\Packages\microsoft.windowscommunicationsapps_8wekyb3d8bbwe\Settings\settings.dat,,,\Users\blueangel\AppData\Local\Packages\microsoft.windowscommunicationsapps_8wekyb3d8bbwe\Settings\settings.dat|settings.dat,1754334152.0,Basic_Info_Changed / Data_Overwritten,0x000100000001A676,0x000100000001A673,usnjrnl_only,False,,,,,,,,,False,FALSE,FALSE,FALSE,,FALSE,,FALSE,False,False,False,True,12,False,274,1736,329,0,False,True,True,False,False,8,,1,2,0,0,0,0,0,0.0298144208085607,LOW,Benign
12/31/23 1:15,12/31/23 1:15,,,settings.dat,\Users\blueangel\AppData\Local\Packages\Microsoft.AAD.BrokerPlugin_cw5n1h2txyewy\Settings\settings.dat,,,\Users\blueangel\AppData\Local\Packages\Microsoft.AAD.BrokerPlugin_cw5n1h2txyewy\Settings\settings.dat|settings.dat,1754336984.0,Basic_Info_Changed / Data_Overwritten,0x000100000001A43A,0x000100000001A437,usnjrnl_only,False,,,,,,,,,False,FALSE,FALSE,FALSE,,FALSE,,FALSE,False,False,False,True,12,False,814,1736,329,0,False,True,True,False,False,8,,1,2,0,0,0,0,0,0.0298144208085607,LOW,Benign
12/31/23 1:15,12/31/23 1:15,,,AppCache133484301256659398.txt.~tmp,\Users\blueangel\AppData\Local\Packages\Microsoft.Windows.Search_cw5n1h2txyewy\LocalState\DeviceSearchCache\AppCache133484301256659398.txt.~tmp,,,\Users\blueangel\AppData\Local\Packages\Microsoft.Windows.Search_cw5n1h2txyewy\LocalState\DeviceSearchCache\AppCache133484301256659398.txt.~tmp|AppCache133484301256659398.txt.~tmp,1754337928.0,Basic_Info_Changed,0x000300000000CC61,0x000200000001A774,usnjrnl_only,False,,,,,,,,,False,FALSE,FALSE,FALSE,,FALSE,,FALSE,False,False,False,True,35,False,3,1736,329,1,False,True,True,False,False,9,,1,2,0,0,0,0,0,0.03983556739238742,LOW,Benign
12/31/23 1:15,12/31/23 1:15,,,AppCache133484301256659398.txt.~tmp,\Users\blueangel\AppData\Local\Packages\Microsoft.Windows.Search_cw5n1h2txyewy\LocalState\DeviceSearchCache\AppCache133484301256659398.txt.~tmp,,,\Users\blueangel\AppData\Local\Packages\Microsoft.Windows.Search_cw5n1h2txyewy\LocalState\DeviceSearchCache\AppCache133484301256659398.txt.~tmp|AppCache133484301256659398.txt.~tmp,1754338064.0,Basic_Info_Changed / Access_Right_Changed,0x000300000000CC61,0x000200000001A774,usnjrnl_only,False,,,,,,,,,False,FALSE,FALSE,FALSE,,FALSE,,FALSE,False,False,False,True,35,False,3,1736,329,0,False,True,True,False,False,9,,1,2,0,0,0,0,0,0.03983556739238742,LOW,Benign
12/31/23 1:15,12/31/23 1:15,,,AppCache133484301256659398.txt.~tmp,\Users\blueangel\AppData\Local\Packages\Microsoft.Windows.Search_cw5n1h2txyewy\LocalState\DeviceSearchCache\AppCache133484301256659398.txt.~tmp,,,\Users\blueangel\AppData\Local\Packages\Microsoft.Windows.Search_cw5n1h2txyewy\LocalState\DeviceSearchCache\AppCache133484301256659398.txt.~tmp|AppCache133484301256659398.txt.~tmp,1754338928.0,Basic_Info_Changed / File_Renamed_Old / Access_Right_Changed,0x000300000000CC61,0x000200000001A774,usnjrnl_only,False,,,,,,,,,False,FALSE,FALSE,FALSE,,FALSE,,FALSE,False,False,False,True,35,False,3,1736,329,0,False,True,True,False,False,9,,1,2,0,0,0,0,0,0.03983556739238742,LOW,Benign
12/31/23 1:15,12/31/23 1:15,,,AppCache133484301256659398.txt,\Users\blueangel\AppData\Local\Packages\Microsoft.Windows.Search_cw5n1h2txyewy\LocalState\DeviceSearchCache\AppCache133484301256659398.txt,,,\Users\blueangel\AppData\Local\Packages\Microsoft.Windows.Search_cw5n1h2txyewy\LocalState\DeviceSearchCache\AppCache133484301256659398.txt|AppCache133484301256659398.txt,1754339064.0,Basic_Info_Changed / File_Renamed_New / Access_Right_Changed,0x000300000000CC61,0x000200000001A774,usnjrnl_only,False,,,,,,,,,False,FALSE,FALSE,FALSE,,FALSE,,FALSE,False,False,False,True,30,False,2,1736,329,0,False,True,True,False,False,9,,1,2,0,0,0,0,0,0.029876157557310087,LOW,Benign
12/31/23 1:15,12/31/23 1:15,,,AppCache133484301256659398.txt,\Users\blueangel\AppData\Local\Packages\Microsoft.Windows.Search_cw5n1h2txyewy\LocalState\DeviceSearchCache\AppCache133484301256659398.txt,,,\Users\blueangel\AppData\Local\Packages\Microsoft.Windows.Search_cw5n1h2txyewy\LocalState\DeviceSearchCache\AppCache133484301256659398.txt|AppCache133484301256659398.txt,1754339336.0,Basic_Info_Changed / File_Renamed_New / Access_Right_Changed / File_Closed,0x000300000000CC61,0x000200000001A774,usnjrnl_only,False,,,,,,,,,False,FALSE,FALSE,FALSE,,FALSE,,FALSE,False,False,False,True,30,False,2,1736,329,0,False,True,True,True,True,9,,1,3,0,0,0,0,0,0.08873874584676007,LOW,Benign
12/31/23 1:15,12/31/23 1:15,,,2638889ddf70420d823733890cc92734_1.~tmp,\Users\blueangel\AppData\Local\Packages\Microsoft.Windows.ContentDeliveryManager_cw5n1h2txyewy\LocalState\TargetedContentCache\v3\202914\2638889ddf70420d823733890cc92734_1.~tmp,,,\Users\blueangel\AppData\Local\Packages\Microsoft.Windows.ContentDeliveryManager_cw5n1h2txyewy\LocalState\TargetedContentCache\v3\202914\2638889ddf70420d823733890cc92734_1.~tmp|2638889ddf70420d823733890cc92734_1.~tmp,1754344000.0,Basic_Info_Changed,0x000900000000CC60,0x00040000000036FB,usnjrnl_only,False,,,,,,,,,False,FALSE,FALSE,FALSE,,FALSE,,FALSE,False,False,False,True,39,False,33,1736,329,1,False,True,True,False,False,11,,1,2,0,0,0,0,0,0.0298144208085607,LOW,Benign
12/31/23 1:15,12/31/23 1:15,,,2638889ddf70420d823733890cc92734_1.~tmp,\Users\blueangel\AppData\Local\Packages\Microsoft.Windows.ContentDeliveryManager_cw5n1h2txyewy\LocalState\TargetedContentCache\v3\202914\2638889ddf70420d823733890cc92734_1.~tmp,,,\Users\blueangel\AppData\Local\Packages\Microsoft.Windows.ContentDeliveryManager_cw5n1h2txyewy\LocalState\TargetedContentCache\v3\202914\2638889ddf70420d823733890cc92734_1.~tmp|2638889ddf70420d823733890cc92734_1.~tmp,1754344144.0,Basic_Info_Changed / Access_Right_Changed,0x000900000000CC60,0x00040000000036FB,usnjrnl_only,False,,,,,,,,,False,FALSE,FALSE,FALSE,,FALSE,,FALSE,False,False,False,True,39,False,33,1736,329,0,False,True,True,False,False,11,,1,2,0,0,0,0,0,0.0298144208085607,LOW,Benign
12/31/23 1:15,12/31/23 1:15,,,2638889ddf70420d823733890cc92734_1.~tmp,\Users\blueangel\AppData\Local\Packages\Microsoft.Windows.ContentDeliveryManager_cw5n1h2txyewy\LocalState\TargetedContentCache\v3\202914\2638889ddf70420d823733890cc92734_1.~tmp,,,\Users\blueangel\AppData\Local\Packages\Microsoft.Windows.ContentDeliveryManager_cw5n1h2txyewy\LocalState\TargetedContentCache\v3\202914\2638889ddf70420d823733890cc92734_1.~tmp|2638889ddf70420d823733890cc92734_1.~tmp,1754345056.0,Basic_Info_Changed / File_Renamed_Old / Access_Right_Changed,0x000900000000CC60,0x00040000000036FB,usnjrnl_only,False,,,,,,,,,False,FALSE,FALSE,FALSE,,FALSE,,FALSE,False,False,False,True,39,False,33,1736,329,0,False,True,True,False,False,11,,1,2,0,0,0,0,0,0.0298144208085607,LOW,Benign
12/31/23 1:15,12/31/23 1:15,,,2638889ddf70420d823733890cc92734_1,\Users\blueangel\AppData\Local\Packages\Microsoft.Windows.ContentDeliveryManager_cw5n1h2txyewy\LocalState\TargetedContentCache\v3\202914\2638889ddf70420d823733890cc92734_1,,,\Users\blueangel\AppData\Local\Packages\Microsoft.Windows.ContentDeliveryManager_cw5n1h2txyewy\LocalState\TargetedContentCache\v3\202914\2638889ddf70420d823733890cc92734_1|2638889ddf70420d823733890cc92734_1,1754345200.0,Basic_Info_Changed / File_Renamed_New / Access_Right_Changed,0x000900000000CC60,0x00040000000036FB,usnjrnl_only,False,,,,,,,,,False,FALSE,FALSE,FALSE,,FALSE,,FALSE,False,False,False,True,34,False,22,1736,329,0,False,True,True,False,False,11,,1,2,0,0,0,0,0,0.039773830643638035,LOW,Benign
12/31/23 1:15,12/31/23 1:15,,,2638889ddf70420d823733890cc92734_1,\Users\blueangel\AppData\Local\Packages\Microsoft.Windows.ContentDeliveryManager_cw5n1h2txyewy\LocalState\TargetedContentCache\v3\202914\2638889ddf70420d823733890cc92734_1,,,\Users\blueangel\AppData\Local\Packages\Microsoft.Windows.ContentDeliveryManager_cw5n1h2txyewy\LocalState\TargetedContentCache\v3\202914\2638889ddf70420d823733890cc92734_1|2638889ddf70420d823733890cc92734_1,1754345632.0,Basic_Info_Changed / File_Renamed_New / Access_Right_Changed / File_Closed,0x000900000000CC60,0x00040000000036FB,usnjrnl_only,False,,,,,,,,,False,FALSE,FALSE,FALSE,,FALSE,,FALSE,False,False,False,True,34,False,22,1736,329,0,False,True,True,True,True,11,,1,3,0,0,0,0,0,0.03596461513649625,LOW,Benign
12/31/23 1:15,12/31/23 1:15,,,settings.dat,\Users\blueangel\AppData\Local\Packages\microsoft.windowscommunicationsapps_8wekyb3d8bbwe\Settings\settings.dat,,,\Users\blueangel\AppData\Local\Packages\microsoft.windowscommunicationsapps_8wekyb3d8bbwe\Settings\settings.dat|settings.dat,1754346632.0,Basic_Info_Changed / Data_Overwritten / File_Closed,0x000100000001A676,0x000100000001A673,usnjrnl_only,False,,,,,,,,,False,FALSE,FALSE,FALSE,,FALSE,,FALSE,False,False,False,True,12,False,274,1736,329,1,False,True,True,True,True,8,,1,3,0,0,0,0,0,0.01988188851507617,LOW,Benign
12/31/23 1:15,12/31/23 1:15,,,settings.dat,\Users\blueangel\AppData\Local\Packages\Microsoft.AAD.BrokerPlugin_cw5n1h2txyewy\Settings\settings.dat,,,\Users\blueangel\AppData\Local\Packages\Microsoft.AAD.BrokerPlugin_cw5n1h2txyewy\Settings\settings.dat|settings.dat,1754346720.0,Basic_Info_Changed / Data_Overwritten / File_Closed,0x000100000001A43A,0x000100000001A437,usnjrnl_only,False,,,,,,,,,False,FALSE,FALSE,FALSE,,FALSE,,FALSE,False,False,False,True,12,False,814,1736,329,0,False,True,True,True,True,8,,1,3,0,0,0,0,0,0.01988188851507617,LOW,Benign
12/31/23 1:15,12/31/23 1:15,,,aa957950cd9546e5906bca761cfb4bc6_1.~tmp,\Users\blueangel\AppData\Local\Packages\Microsoft.Windows.ContentDeliveryManager_cw5n1h2txyewy\LocalState\TargetedContentCache\v3\280810\aa957950cd9546e5906bca761cfb4bc6_1.~tmp,,,\Users\blueangel\AppData\Local\Packages\Microsoft.Windows.ContentDeliveryManager_cw5n1h2txyewy\LocalState\TargetedContentCache\v3\280810\aa957950cd9546e5906bca761cfb4bc6_1.~tmp|aa957950cd9546e5906bca761cfb4bc6_1.~tmp,1754348000.0,Basic_Info_Changed,0x000500000000CC63,0x0005000000003727,usnjrnl_only,False,,,,,,,,,False,FALSE,FALSE,FALSE,,FALSE,,FALSE,False,False,False,True,39,False,18,1736,329,1,False,True,True,False,False,11,,1,2,0,0,0,0,0,0.0298144208085607,LOW,Benign
12/31/23 1:15,12/31/23 1:15,,,aa957950cd9546e5906bca761cfb4bc6_1.~tmp,\Users\blueangel\AppData\Local\Packages\Microsoft.Windows.ContentDeliveryManager_cw5n1h2txyewy\LocalState\TargetedContentCache\v3\280810\aa957950cd9546e5906bca761cfb4bc6_1.~tmp,,,\Users\blueangel\AppData\Local\Packages\Microsoft.Windows.ContentDeliveryManager_cw5n1h2txyewy\LocalState\TargetedContentCache\v3\280810\aa957950cd9546e5906bca761cfb4bc6_1.~tmp|aa957950cd9546e5906bca761cfb4bc6_1.~tmp,1754348144.0,Basic_Info_Changed / Access_Right_Changed,0x000500000000CC63,0x0005000000003727,usnjrnl_only,False,,,,,,,,,False,FALSE,FALSE,FALSE,,FALSE,,FALSE,False,False,False,True,39,False,18,1736,329,0,False,True,True,False,False,11,,1,2,0,0,0,0,0,0.0298144208085607,LOW,Benign
12/31/23 1:15,12/31/23 1:15,,,aa957950cd9546e5906bca761cfb4bc6_1.~tmp,\Users\blueangel\AppData\Local\Packages\Microsoft.Windows.ContentDeliveryManager_cw5n1h2txyewy\LocalState\TargetedContentCache\v3\280810\aa957950cd9546e5906bca761cfb4bc6_1.~tmp,,,\Users\blueangel\AppData\Local\Packages\Microsoft.Windows.ContentDeliveryManager_cw5n1h2txyewy\LocalState\TargetedContentCache\v3\280810\aa957950cd9546e5906bca761cfb4bc6_1.~tmp|aa957950cd9546e5906bca761cfb4bc6_1.~tmp,1754349056.0,Basic_Info_Changed / File_Renamed_Old / Access_Right_Changed,0x000500000000CC63,0x0005000000003727,usnjrnl_only,False,,,,,,,,,False,FALSE,FALSE,FALSE,,FALSE,,FALSE,False,False,False,True,39,False,18,1736,329,0,False,True,True,False,False,11,,1,2,0,0,0,0,0,0.0298144208085607,LOW,Benign
12/31/23 1:15,12/31/23 1:15,,,aa957950cd9546e5906bca761cfb4bc6_1,\Users\blueangel\AppData\Local\Packages\Microsoft.Windows.ContentDeliveryManager_cw5n1h2txyewy\LocalState\TargetedContentCache\v3\280810\aa957950cd9546e5906bca761cfb4bc6_1,,,\Users\blueangel\AppData\Local\Packages\Microsoft.Windows.ContentDeliveryManager_cw5n1h2txyewy\LocalState\TargetedContentCache\v3\280810\aa957950cd9546e5906bca761cfb4bc6_1|aa957950cd9546e5906bca761cfb4bc6_1,1754349200.0,Basic_Info_Changed / File_Renamed_New / Access_Right_Changed,0x000500000000CC63,0x0005000000003727,usnjrnl_only,False,,,,,,,,,False,FALSE,FALSE,FALSE,,FALSE,,FALSE,False,False,False,True,34,False,12,1736,329,0,False,True,True,False,False,11,,1,2,0,0,0,0,0,0.039773830643638035,LOW,Benign
12/31/23 1:15,12/31/23 1:15,,,aa957950cd9546e5906bca761cfb4bc6_1,\Users\blueangel\AppData\Local\Packages\Microsoft.Windows.ContentDeliveryManager_cw5n1h2txyewy\LocalState\TargetedContentCache\v3\280810\aa957950cd9546e5906bca761cfb4bc6_1,,,\Users\blueangel\AppData\Local\Packages\Microsoft.Windows.ContentDeliveryManager_cw5n1h2txyewy\LocalState\TargetedContentCache\v3\280810\aa957950cd9546e5906bca761cfb4bc6_1|aa957950cd9546e5906bca761cfb4bc6_1,1754349568.0,Basic_Info_Changed / File_Renamed_New / Access_Right_Changed / File_Closed,0x000500000000CC63,0x0005000000003727,usnjrnl_only,False,,,,,,,,,False,FALSE,FALSE,FALSE,,FALSE,,FALSE,False,False,False,True,34,False,12,1736,329,0,False,True,True,True,True,11,,1,3,0,0,0,0,0,0.03596461513649625,LOW,Benign
12/31/23 1:15,12/31/23 1:15,,,domgmt.20231230_171525_731.etl,\Windows\ServiceProfiles\NetworkService\AppData\Local\Microsoft\Windows\DeliveryOptimization\Logs\domgmt.20231230_171525_731.etl,,,\Windows\ServiceProfiles\NetworkService\AppData\Local\Microsoft\Windows\DeliveryOptimization\Logs\domgmt.20231230_171525_731.etl|domgmt.20231230_171525_731.etl,1754351248.0,File_Created / Basic_Info_Changed / Data_Added / Data_Overwritten / Content_Indexed_Attr_Changed,0x000300000000CC5C,0x0001000000019A0A,usnjrnl_only,False,,,,,,,,,False,FALSE,FALSE,FALSE,,FALSE,,FALSE,False,False,False,False,30,False,4,1736,329,0,False,True,True,False,False,10,,1,2,0,0,0,0,0,0.029876157557310087,LOW,Benign
12/31/23 1:15,12/31/23 1:15,,,domgmt.20231230_171525_731.etl,\Windows\ServiceProfiles\NetworkService\AppData\Local\Microsoft\Windows\DeliveryOptimization\Logs\domgmt.20231230_171525_731.etl,,,\Windows\ServiceProfiles\NetworkService\AppData\Local\Microsoft\Windows\DeliveryOptimization\Logs\domgmt.20231230_171525_731.etl|domgmt.20231230_171525_731.etl,1754351368.0,File_Created / Basic_Info_Changed / Data_Added / Data_Overwritten / Content_Indexed_Attr_Changed / File_Closed,0x000300000000CC5C,0x0001000000019A0A,usnjrnl_only,False,,,,,,,,,False,FALSE,FALSE,FALSE,,FALSE,,FALSE,False,False,False,True,30,False,4,1736,329,0,False,True,True,True,True,10,,1,3,0,0,0,0,0,0.05898326004309966,LOW,Benign
12/31/23 1:15,12/31/23 1:15,,,111edfac150e4fd2b7b89ec88f8f3e12_1.~tmp,\Users\blueangel\AppData\Local\Packages\Microsoft.Windows.ContentDeliveryManager_cw5n1h2txyewy\LocalState\TargetedContentCache\v3\280811\111edfac150e4fd2b7b89ec88f8f3e12_1.~tmp,,,\Users\blueangel\AppData\Local\Packages\Microsoft.Windows.ContentDeliveryManager_cw5n1h2txyewy\LocalState\TargetedContentCache\v3\280811\111edfac150e4fd2b7b89ec88f8f3e12_1.~tmp|111edfac150e4fd2b7b89ec88f8f3e12_1.~tmp,1754353192.0,Basic_Info_Changed,0x000300000000C353,0x000C00000000C348,usnjrnl_only,False,,,,,,,,,False,FALSE,FALSE,FALSE,,FALSE,,FALSE,False,False,False,True,39,False,18,1736,329,1,False,True,True,False,False,11,,1,2,0,0,0,0,0,0.0298144208085607,LOW,Benign
12/31/23 1:15,12/31/23 1:15,,,111edfac150e4fd2b7b89ec88f8f3e12_1.~tmp,\Users\blueangel\AppData\Local\Packages\Microsoft.Windows.ContentDeliveryManager_cw5n1h2txyewy\LocalState\TargetedContentCache\v3\280811\111edfac150e4fd2b7b89ec88f8f3e12_1.~tmp,,,\Users\blueangel\AppData\Local\Packages\Microsoft.Windows.ContentDeliveryManager_cw5n1h2txyewy\LocalState\TargetedContentCache\v3\280811\111edfac150e4fd2b7b89ec88f8f3e12_1.~tmp|111edfac150e4fd2b7b89ec88f8f3e12_1.~tmp,1754353336.0,Basic_Info_Changed / Access_Right_Changed,0x000300000000C353,0x000C00000000C348,usnjrnl_only,False,,,,,,,,,False,FALSE,FALSE,FALSE,,FALSE,,FALSE,False,False,False,True,39,False,18,1736,329,0,False,True,True,False,False,11,,1,2,0,0,0,0,0,0.0298144208085607,LOW,Benign
12/31/23 1:15,12/31/23 1:15,,,111edfac150e4fd2b7b89ec88f8f3e12_1.~tmp,\Users\blueangel\AppData\Local\Packages\Microsoft.Windows.ContentDeliveryManager_cw5n1h2txyewy\LocalState\TargetedContentCache\v3\280811\111edfac150e4fd2b7b89ec88f8f3e12_1.~tmp,,,\Users\blueangel\AppData\Local\Packages\Microsoft.Windows.ContentDeliveryManager_cw5n1h2txyewy\LocalState\TargetedContentCache\v3\280811\111edfac150e4fd2b7b89ec88f8f3e12_1.~tmp|111edfac150e4fd2b7b89ec88f8f3e12_1.~tmp,1754354272.0,Basic_Info_Changed / File_Renamed_Old / Access_Right_Changed,0x000300000000C353,0x000C00000000C348,usnjrnl_only,False,,,,,,,,,False,FALSE,FALSE,FALSE,,FALSE,,FALSE,False,False,False,True,39,False,18,1736,329,0,False,True,True,False,False,11,,1,2,0,0,0,0,0,0.0298144208085607,LOW,Benign
12/31/23 1:15,12/31/23 1:15,,,111edfac150e4fd2b7b89ec88f8f3e12_1,\Users\blueangel\AppData\Local\Packages\Microsoft.Windows.ContentDeliveryManager_cw5n1h2txyewy\LocalState\TargetedContentCache\v3\280811\111edfac150e4fd2b7b89ec88f8f3e12_1,,,\Users\blueangel\AppData\Local\Packages\Microsoft.Windows.ContentDeliveryManager_cw5n1h2txyewy\LocalState\TargetedContentCache\v3\280811\111edfac150e4fd2b7b89ec88f8f3e12_1|111edfac150e4fd2b7b89ec88f8f3e12_1,1754354416.0,Basic_Info_Changed / File_Renamed_New / Access_Right_Changed,0x000300000000C353,0x000C00000000C348,usnjrnl_only,False,,,,,,,,,False,FALSE,FALSE,FALSE,,FALSE,,FALSE,False,False,False,True,34,False,12,1736,329,0,False,True,True,False,False,11,,1,2,0,0,0,0,0,0.039773830643638035,LOW,Benign
12/31/23 1:15,12/31/23 1:15,,,111edfac150e4fd2b7b89ec88f8f3e12_1,\Users\blueangel\AppData\Local\Packages\Microsoft.Windows.ContentDeliveryManager_cw5n1h2txyewy\LocalState\TargetedContentCache\v3\280811\111edfac150e4fd2b7b89ec88f8f3e12_1,,,\Users\blueangel\AppData\Local\Packages\Microsoft.Windows.ContentDeliveryManager_cw5n1h2txyewy\LocalState\TargetedContentCache\v3\280811\111edfac150e4fd2b7b89ec88f8f3e12_1|111edfac150e4fd2b7b89ec88f8f3e12_1,1754354704.0,Basic_Info_Changed / File_Renamed_New / Access_Right_Changed / File_Closed,0x000300000000C353,0x000C00000000C348,usnjrnl_only,False,,,,,,,,,False,FALSE,FALSE,FALSE,,FALSE,,FALSE,False,False,False,True,34,False,12,1736,329,0,False,True,True,True,True,11,,1,3,0,0,0,0,0,0.03596461513649625,LOW,Benign
12/31/23 1:15,12/31/23 1:15,,,5c61c7e324d64186a28fc471963cf6d1_1.~tmp,\Users\blueangel\AppData\Local\Packages\Microsoft.Windows.ContentDeliveryManager_cw5n1h2txyewy\LocalState\TargetedContentCache\v3\280815\5c61c7e324d64186a28fc471963cf6d1_1.~tmp,,,\Users\blueangel\AppData\Local\Packages\Microsoft.Windows.ContentDeliveryManager_cw5n1h2txyewy\LocalState\TargetedContentCache\v3\280815\5c61c7e324d64186a28fc471963cf6d1_1.~tmp|5c61c7e324d64186a28fc471963cf6d1_1.~tmp,1754356408.0,Basic_Info_Changed,0x000300000000C358,0x000600000000C34F,usnjrnl_only,False,,,,,,,,,False,FALSE,FALSE,FALSE,,FALSE,,FALSE,False,False,False,True,39,False,18,1736,329,1,False,True,True,False,False,11,,1,2,0,0,0,0,0,0.0298144208085607,LOW,Benign
12/31/23 1:15,12/31/23 1:15,,,5c61c7e324d64186a28fc471963cf6d1_1.~tmp,\Users\blueangel\AppData\Local\Packages\Microsoft.Windows.ContentDeliveryManager_cw5n1h2txyewy\LocalState\TargetedContentCache\v3\280815\5c61c7e324d64186a28fc471963cf6d1_1.~tmp,,,\Users\blueangel\AppData\Local\Packages\Microsoft.Windows.ContentDeliveryManager_cw5n1h2txyewy\LocalState\TargetedContentCache\v3\280815\5c61c7e324d64186a28fc471963cf6d1_1.~tmp|5c61c7e324d64186a28fc471963cf6d1_1.~tmp,1754356552.0,Basic_Info_Changed / Access_Right_Changed,0x000300000000C358,0x000600000000C34F,usnjrnl_only,False,,,,,,,,,False,FALSE,FALSE,FALSE,,FALSE,,FALSE,False,False,False,True,39,False,18,1736,329,0,False,True,True,False,False,11,,1,2,0,0,0,0,0,0.0298144208085607,LOW,Benign
12/31/23 1:15,12/31/23 1:15,,,5c61c7e324d64186a28fc471963cf6d1_1.~tmp,\Users\blueangel\AppData\Local\Packages\Microsoft.Windows.ContentDeliveryManager_cw5n1h2txyewy\LocalState\TargetedContentCache\v3\280815\5c61c7e324d64186a28fc471963cf6d1_1.~tmp,,,\Users\blueangel\AppData\Local\Packages\Microsoft.Windows.ContentDeliveryManager_cw5n1h2txyewy\LocalState\TargetedContentCache\v3\280815\5c61c7e324d64186a28fc471963cf6d1_1.~tmp|5c61c7e324d64186a28fc471963cf6d1_1.~tmp,1754357464.0,Basic_Info_Changed / File_Renamed_Old / Access_Right_Changed,0x000300000000C358,0x000600000000C34F,usnjrnl_only,False,,,,,,,,,False,FALSE,FALSE,FALSE,,FALSE,,FALSE,False,False,False,True,39,False,18,1736,329,0,False,True,True,False,False,11,,1,2,0,0,0,0,0,0.0298144208085607,LOW,Benign
12/31/23 1:15,12/31/23 1:15,,,5c61c7e324d64186a28fc471963cf6d1_1,\Users\blueangel\AppData\Local\Packages\Microsoft.Windows.ContentDeliveryManager_cw5n1h2txyewy\LocalState\TargetedContentCache\v3\280815\5c61c7e324d64186a28fc471963cf6d1_1,,,\Users\blueangel\AppData\Local\Packages\Microsoft.Windows.ContentDeliveryManager_cw5n1h2txyewy\LocalState\TargetedContentCache\v3\280815\5c61c7e324d64186a28fc471963cf6d1_1|5c61c7e324d64186a28fc471963cf6d1_1,1754357608.0,Basic_Info_Changed / File_Renamed_New / Access_Right_Changed,0x000300000000C358,0x000600000000C34F,usnjrnl_only,False,,,,,,,,,False,FALSE,FALSE,FALSE,,FALSE,,FALSE,False,False,False,True,34,False,12,1736,329,0,False,True,True,False,False,11,,1,2,0,0,0,0,0,0.039773830643638035,LOW,Benign
12/31/23 1:15,12/31/23 1:15,,,5c61c7e324d64186a28fc471963cf6d1_1,\Users\blueangel\AppData\Local\Packages\Microsoft.Windows.ContentDeliveryManager_cw5n1h2txyewy\LocalState\TargetedContentCache\v3\280815\5c61c7e324d64186a28fc471963cf6d1_1,,,\Users\blueangel\AppData\Local\Packages\Microsoft.Windows.ContentDeliveryManager_cw5n1h2txyewy\LocalState\TargetedContentCache\v3\280815\5c61c7e324d64186a28fc471963cf6d1_1|5c61c7e324d64186a28fc471963cf6d1_1,1754357920.0,Basic_Info_Changed / File_Renamed_New / Access_Right_Changed / File_Closed,0x000300000000C358,0x000600000000C34F,usnjrnl_only,False,,,,,,,,,False,FALSE,FALSE,FALSE,,FALSE,,FALSE,False,False,False,True,34,False,12,1736,329,0,False,True,True,True,True,11,,1,3,0,0,0,0,0,0.03596461513649625,LOW,Benign
12/31/23 1:15,12/31/23 1:15,,,44ff0d5506064d3889f56643fda27e64_1.~tmp,\Users\blueangel\AppData\Local\Packages\Microsoft.Windows.ContentDeliveryManager_cw5n1h2txyewy\LocalState\TargetedContentCache\v3\310091\44ff0d5506064d3889f56643fda27e64_1.~tmp,,,\Users\blueangel\AppData\Local\Packages\Microsoft.Windows.ContentDeliveryManager_cw5n1h2txyewy\LocalState\TargetedContentCache\v3\310091\44ff0d5506064d3889f56643fda27e64_1.~tmp|44ff0d5506064d3889f56643fda27e64_1.~tmp,1754359664.0,Basic_Info_Changed,0x000300000000C35D,0x000800000000C350,usnjrnl_only,False,,,,,,,,,False,FALSE,FALSE,FALSE,,FALSE,,FALSE,False,False,False,True,39,False,15,1736,329,1,False,True,True,False,False,11,,1,2,0,0,0,0,0,0.0298144208085607,LOW,Benign
12/31/23 1:15,12/31/23 1:15,,,44ff0d5506064d3889f56643fda27e64_1.~tmp,\Users\blueangel\AppData\Local\Packages\Microsoft.Windows.ContentDeliveryManager_cw5n1h2txyewy\LocalState\TargetedContentCache\v3\310091\44ff0d5506064d3889f56643fda27e64_1.~tmp,,,\Users\blueangel\AppData\Local\Packages\Microsoft.Windows.ContentDeliveryManager_cw5n1h2txyewy\LocalState\TargetedContentCache\v3\310091\44ff0d5506064d3889f56643fda27e64_1.~tmp|44ff0d5506064d3889f56643fda27e64_1.~tmp,1754359808.0,Basic_Info_Changed / Access_Right_Changed,0x000300000000C35D,0x000800000000C350,usnjrnl_only,False,,,,,,,,,False,FALSE,FALSE,FALSE,,FALSE,,FALSE,False,False,False,True,39,False,15,1736,329,0,False,True,True,False,False,11,,1,2,0,0,0,0,0,0.0298144208085607,LOW,Benign
12/31/23 1:15,12/31/23 1:15,,,44ff0d5506064d3889f56643fda27e64_1.~tmp,\Users\blueangel\AppData\Local\Packages\Microsoft.Windows.ContentDeliveryManager_cw5n1h2txyewy\LocalState\TargetedContentCache\v3\310091\44ff0d5506064d3889f56643fda27e64_1.~tmp,,,\Users\blueangel\AppData\Local\Packages\Microsoft.Windows.ContentDeliveryManager_cw5n1h2txyewy\LocalState\TargetedContentCache\v3\310091\44ff0d5506064d3889f56643fda27e64_1.~tmp|44ff0d5506064d3889f56643fda27e64_1.~tmp,1754360720.0,Basic_Info_Changed / File_Renamed_Old / Access_Right_Changed,0x000300000000C35D,0x000800000000C350,usnjrnl_only,False,,,,,,,,,False,FALSE,FALSE,FALSE,,FALSE,,FALSE,False,False,False,True,39,False,15,1736,329,0,False,True,True,False,False,11,,1,2,0,0,0,0,0,0.0298144208085607,LOW,Benign
12/31/23 1:15,12/31/23 1:15,,,44ff0d5506064d3889f56643fda27e64_1,\Users\blueangel\AppData\Local\Packages\Microsoft.Windows.ContentDeliveryManager_cw5n1h2txyewy\LocalState\TargetedContentCache\v3\310091\44ff0d5506064d3889f56643fda27e64_1,,,\Users\blueangel\AppData\Local\Packages\Microsoft.Windows.ContentDeliveryManager_cw5n1h2txyewy\LocalState\TargetedContentCache\v3\310091\44ff0d5506064d3889f56643fda27e64_1|44ff0d5506064d3889f56643fda27e64_1,1754360864.0,Basic_Info_Changed / File_Renamed_New / Access_Right_Changed,0x000300000000C35D,0x000800000000C350,usnjrnl_only,False,,,,,,,,,False,FALSE,FALSE,FALSE,,FALSE,,FALSE,False,False,False,True,34,False,10,1736,329,0,False,True,True,False,False,11,,1,2,0,0,0,0,0,0.039773830643638035,LOW,Benign
12/31/23 1:15,12/31/23 1:15,,,44ff0d5506064d3889f56643fda27e64_1,\Users\blueangel\AppData\Local\Packages\Microsoft.Windows.ContentDeliveryManager_cw5n1h2txyewy\LocalState\TargetedContentCache\v3\310091\44ff0d5506064d3889f56643fda27e64_1,,,\Users\blueangel\AppData\Local\Packages\Microsoft.Windows.ContentDeliveryManager_cw5n1h2txyewy\LocalState\TargetedContentCache\v3\310091\44ff0d5506064d3889f56643fda27e64_1|44ff0d5506064d3889f56643fda27e64_1,1754361152.0,Basic_Info_Changed / File_Renamed_New / Access_Right_Changed / File_Closed,0x000300000000C35D,0x000800000000C350,usnjrnl_only,False,,,,,,,,,False,FALSE,FALSE,FALSE,,FALSE,,FALSE,False,False,False,True,34,False,10,1736,329,0,False,True,True,True,True,11,,1,3,0,0,0,0,0,0.03596461513649625,LOW,Benign
12/31/23 1:15,12/31/23 1:15,,,e42a71ef16fa4c748bce27a99e53399c_1.~tmp,\Users\blueangel\AppData\Local\Packages\Microsoft.Windows.ContentDeliveryManager_cw5n1h2txyewy\LocalState\TargetedContentCache\v3\314559\e42a71ef16fa4c748bce27a99e53399c_1.~tmp,,,\Users\blueangel\AppData\Local\Packages\Microsoft.Windows.ContentDeliveryManager_cw5n1h2txyewy\LocalState\TargetedContentCache\v3\314559\e42a71ef16fa4c748bce27a99e53399c_1.~tmp|e42a71ef16fa4c748bce27a99e53399c_1.~tmp,1754368656.0,Basic_Info_Changed,0x000E00000000BFF3,0x0022000000007B67,usnjrnl_only,False,,,,,,,,,False,FALSE,FALSE,FALSE,,FALSE,,FALSE,False,False,False,True,39,False,15,1736,329,1,False,True,True,False,False,11,,1,2,0,0,0,0,0,0.0298144208085607,LOW,Benign
12/31/23 1:15,12/31/23 1:15,,,e42a71ef16fa4c748bce27a99e53399c_1.~tmp,\Users\blueangel\AppData\Local\Packages\Microsoft.Windows.ContentDeliveryManager_cw5n1h2txyewy\LocalState\TargetedContentCache\v3\314559\e42a71ef16fa4c748bce27a99e53399c_1.~tmp,,,\Users\blueangel\AppData\Local\Packages\Microsoft.Windows.ContentDeliveryManager_cw5n1h2txyewy\LocalState\TargetedContentCache\v3\314559\e42a71ef16fa4c748bce27a99e53399c_1.~tmp|e42a71ef16fa4c748bce27a99e53399c_1.~tmp,1754368800.0,Basic_Info_Changed / Access_Right_Changed,0x000E00000000BFF3,0x0022000000007B67,usnjrnl_only,False,,,,,,,,,False,FALSE,FALSE,FALSE,,FALSE,,FALSE,False,False,False,True,39,False,15,1736,329,0,False,True,True,False,False,11,,1,2,0,0,0,0,0,0.0298144208085607,LOW,Benign
12/31/23 1:15,12/31/23 1:15,,,e42a71ef16fa4c748bce27a99e53399c_1.~tmp,\Users\blueangel\AppData\Local\Packages\Microsoft.Windows.ContentDeliveryManager_cw5n1h2txyewy\LocalState\TargetedContentCache\v3\314559\e42a71ef16fa4c748bce27a99e53399c_1.~tmp,,,\Users\blueangel\AppData\Local\Packages\Microsoft.Windows.ContentDeliveryManager_cw5n1h2txyewy\LocalState\TargetedContentCache\v3\314559\e42a71ef16fa4c748bce27a99e53399c_1.~tmp|e42a71ef16fa4c748bce27a99e53399c_1.~tmp,1754369712.0,Basic_Info_Changed / File_Renamed_Old / Access_Right_Changed,0x000E00000000BFF3,0x0022000000007B67,usnjrnl_only,False,,,,,,,,,False,FALSE,FALSE,FALSE,,FALSE,,FALSE,False,False,False,True,39,False,15,1736,329,0,False,True,True,False,False,11,,1,2,0,0,0,0,0,0.0298144208085607,LOW,Benign
12/31/23 1:15,12/31/23 1:15,,,e42a71ef16fa4c748bce27a99e53399c_1,\Users\blueangel\AppData\Local\Packages\Microsoft.Windows.ContentDeliveryManager_cw5n1h2txyewy\LocalState\TargetedContentCache\v3\314559\e42a71ef16fa4c748bce27a99e53399c_1,,,\Users\blueangel\AppData\Local\Packages\Microsoft.Windows.ContentDeliveryManager_cw5n1h2txyewy\LocalState\TargetedContentCache\v3\314559\e42a71ef16fa4c748bce27a99e53399c_1|e42a71ef16fa4c748bce27a99e53399c_1,1754369856.0,Basic_Info_Changed / File_Renamed_New / Access_Right_Changed,0x000E00000000BFF3,0x0022000000007B67,usnjrnl_only,False,,,,,,,,,False,FALSE,FALSE,FALSE,,FALSE,,FALSE,False,False,False,True,34,False,10,1736,329,0,False,True,True,False,False,11,,1,2,0,0,0,0,0,0.039773830643638035,LOW,Benign
12/31/23 1:15,12/31/23 1:15,,,e42a71ef16fa4c748bce27a99e53399c_1,\Users\blueangel\AppData\Local\Packages\Microsoft.Windows.ContentDeliveryManager_cw5n1h2txyewy\LocalState\TargetedContentCache\v3\314559\e42a71ef16fa4c748bce27a99e53399c_1,,,\Users\blueangel\AppData\Local\Packages\Microsoft.Windows.ContentDeliveryManager_cw5n1h2txyewy\LocalState\TargetedContentCache\v3\314559\e42a71ef16fa4c748bce27a99e53399c_1|e42a71ef16fa4c748bce27a99e53399c_1,1754370208.0,Basic_Info_Changed / File_Renamed_New / Access_Right_Changed / File_Closed,0x000E00000000BFF3,0x0022000000007B67,usnjrnl_only,False,,,,,,,,,False,FALSE,FALSE,FALSE,,FALSE,,FALSE,False,False,False,True,34,False,10,1736,329,0,False,True,True,True,True,11,,1,3,0,0,0,0,0,0.03596461513649625,LOW,Benign
12/31/23 1:15,12/31/23 1:15,,,1c833c66e106403398283dd48fe12249_1.~tmp,\Users\blueangel\AppData\Local\Packages\Microsoft.Windows.ContentDeliveryManager_cw5n1h2txyewy\LocalState\TargetedContentCache\v3\314559\1c833c66e106403398283dd48fe12249_1.~tmp,,,\Users\blueangel\AppData\Local\Packages\Microsoft.Windows.ContentDeliveryManager_cw5n1h2txyewy\LocalState\TargetedContentCache\v3\314559\1c833c66e106403398283dd48fe12249_1.~tmp|1c833c66e106403398283dd48fe12249_1.~tmp,1754371520.0,Basic_Info_Changed,0x000E00000000C641,0x0022000000007B67,usnjrnl_only,False,,,,,,,,,False,FALSE,FALSE,FALSE,,FALSE,,FALSE,False,False,False,True,39,False,15,1736,329,1,False,True,True,False,False,11,,1,2,0,0,0,0,0,0.0298144208085607,LOW,Benign
12/31/23 1:15,12/31/23 1:15,,,1c833c66e106403398283dd48fe12249_1.~tmp,\Users\blueangel\AppData\Local\Packages\Microsoft.Windows.ContentDeliveryManager_cw5n1h2txyewy\LocalState\TargetedContentCache\v3\314559\1c833c66e106403398283dd48fe12249_1.~tmp,,,\Users\blueangel\AppData\Local\Packages\Microsoft.Windows.ContentDeliveryManager_cw5n1h2txyewy\LocalState\TargetedContentCache\v3\314559\1c833c66e106403398283dd48fe12249_1.~tmp|1c833c66e106403398283dd48fe12249_1.~tmp,1754371664.0,Basic_Info_Changed / Access_Right_Changed,0x000E00000000C641,0x0022000000007B67,usnjrnl_only,False,,,,,,,,,False,FALSE,FALSE,FALSE,,FALSE,,FALSE,False,False,False,True,39,False,15,1736,329,0,False,True,True,False,False,11,,1,2,0,0,0,0,0,0.0298144208085607,LOW,Benign
12/31/23 1:15,12/31/23 1:15,,,1c833c66e106403398283dd48fe12249_1.~tmp,\Users\blueangel\AppData\Local\Packages\Microsoft.Windows.ContentDeliveryManager_cw5n1h2txyewy\LocalState\TargetedContentCache\v3\314559\1c833c66e106403398283dd48fe12249_1.~tmp,,,\Users\blueangel\AppData\Local\Packages\Microsoft.Windows.ContentDeliveryManager_cw5n1h2txyewy\LocalState\TargetedContentCache\v3\314559\1c833c66e106403398283dd48fe12249_1.~tmp|1c833c66e106403398283dd48fe12249_1.~tmp,1754372576.0,Basic_Info_Changed / File_Renamed_Old / Access_Right_Changed,0x000E00000000C641,0x0022000000007B67,usnjrnl_only,False,,,,,,,,,False,FALSE,FALSE,FALSE,,FALSE,,FALSE,False,False,False,True,39,False,15,1736,329,0,False,True,True,False,False,11,,1,2,0,0,0,0,0,0.0298144208085607,LOW,Benign
12/31/23 1:15,12/31/23 1:15,,,1c833c66e106403398283dd48fe12249_1,\Users\blueangel\AppData\Local\Packages\Microsoft.Windows.ContentDeliveryManager_cw5n1h2txyewy\LocalState\TargetedContentCache\v3\314559\1c833c66e106403398283dd48fe12249_1,,,\Users\blueangel\AppData\Local\Packages\Microsoft.Windows.ContentDeliveryManager_cw5n1h2txyewy\LocalState\TargetedContentCache\v3\314559\1c833c66e106403398283dd48fe12249_1|1c833c66e106403398283dd48fe12249_1,1754372720.0,Basic_Info_Changed / File_Renamed_New / Access_Right_Changed,0x000E00000000C641,0x0022000000007B67,usnjrnl_only,False,,,,,,,,,False,FALSE,FALSE,FALSE,,FALSE,,FALSE,False,False,False,True,34,False,10,1736,329,0,False,True,True,False,False,11,,1,2,0,0,0,0,0,0.039773830643638035,LOW,Benign
12/31/23 1:15,12/31/23 1:15,,,1c833c66e106403398283dd48fe12249_1,\Users\blueangel\AppData\Local\Packages\Microsoft.Windows.ContentDeliveryManager_cw5n1h2txyewy\LocalState\TargetedContentCache\v3\314559\1c833c66e106403398283dd48fe12249_1,,,\Users\blueangel\AppData\Local\Packages\Microsoft.Windows.ContentDeliveryManager_cw5n1h2txyewy\LocalState\TargetedContentCache\v3\314559\1c833c66e106403398283dd48fe12249_1|1c833c66e106403398283dd48fe12249_1,1754373008.0,Basic_Info_Changed / File_Renamed_New / Access_Right_Changed / File_Closed,0x000E00000000C641,0x0022000000007B67,usnjrnl_only,False,,,,,,,,,False,FALSE,FALSE,FALSE,,FALSE,,FALSE,False,False,False,True,34,False,10,1736,329,0,False,True,True,True,True,11,,1,3,0,0,0,0,0,0.03596461513649625,LOW,Benign
12/31/23 1:15,12/31/23 1:15,,,dcf01ec0663f4d01990d728f4ee2e979_1.~tmp,\Users\blueangel\AppData\Local\Packages\Microsoft.Windows.ContentDeliveryManager_cw5n1h2txyewy\LocalState\TargetedContentCache\v3\338387\dcf01ec0663f4d01990d728f4ee2e979_1.~tmp,,,\Users\blueangel\AppData\Local\Packages\Microsoft.Windows.ContentDeliveryManager_cw5n1h2txyewy\LocalState\TargetedContentCache\v3\338387\dcf01ec0663f4d01990d728f4ee2e979_1.~tmp|dcf01ec0663f4d01990d728f4ee2e979_1.~tmp,1754375688.0,Basic_Info_Changed,0x011200000000811A,0x00F60000000001C4,usnjrnl_only,False,,,,,,,,,False,FALSE,FALSE,FALSE,,FALSE,,FALSE,False,False,False,True,39,False,15,1736,329,1,False,True,True,False,False,11,,1,2,0,0,0,0,0,0.0298144208085607,LOW,Benign
12/31/23 1:15,12/31/23 1:15,,,dcf01ec0663f4d01990d728f4ee2e979_1.~tmp,\Users\blueangel\AppData\Local\Packages\Microsoft.Windows.ContentDeliveryManager_cw5n1h2txyewy\LocalState\TargetedContentCache\v3\338387\dcf01ec0663f4d01990d728f4ee2e979_1.~tmp,,,\Users\blueangel\AppData\Local\Packages\Microsoft.Windows.ContentDeliveryManager_cw5n1h2txyewy\LocalState\TargetedContentCache\v3\338387\dcf01ec0663f4d01990d728f4ee2e979_1.~tmp|dcf01ec0663f4d01990d728f4ee2e979_1.~tmp,1754375832.0,Basic_Info_Changed / Access_Right_Changed,0x011200000000811A,0x00F60000000001C4,usnjrnl_only,False,,,,,,,,,False,FALSE,FALSE,FALSE,,FALSE,,FALSE,False,False,False,True,39,False,15,1736,329,0,False,True,True,False,False,11,,1,2,0,0,0,0,0,0.0298144208085607,LOW,Benign
12/31/23 1:15,12/31/23 1:15,,,dcf01ec0663f4d01990d728f4ee2e979_1.~tmp,\Users\blueangel\AppData\Local\Packages\Microsoft.Windows.ContentDeliveryManager_cw5n1h2txyewy\LocalState\TargetedContentCache\v3\338387\dcf01ec0663f4d01990d728f4ee2e979_1.~tmp,,,\Users\blueangel\AppData\Local\Packages\Microsoft.Windows.ContentDeliveryManager_cw5n1h2txyewy\LocalState\TargetedContentCache\v3\338387\dcf01ec0663f4d01990d728f4ee2e979_1.~tmp|dcf01ec0663f4d01990d728f4ee2e979_1.~tmp,1754376744.0,Basic_Info_Changed / File_Renamed_Old / Access_Right_Changed,0x011200000000811A,0x00F60000000001C4,usnjrnl_only,False,,,,,,,,,False,FALSE,FALSE,FALSE,,FALSE,,FALSE,False,False,False,True,39,False,15,1736,329,0,False,True,True,False,False,11,,1,2,0,0,0,0,0,0.0298144208085607,LOW,Benign
12/31/23 1:15,12/31/23 1:15,,,dcf01ec0663f4d01990d728f4ee2e979_1,\Users\blueangel\AppData\Local\Packages\Microsoft.Windows.ContentDeliveryManager_cw5n1h2txyewy\LocalState\TargetedContentCache\v3\338387\dcf01ec0663f4d01990d728f4ee2e979_1,,,\Users\blueangel\AppData\Local\Packages\Microsoft.Windows.ContentDeliveryManager_cw5n1h2txyewy\LocalState\TargetedContentCache\v3\338387\dcf01ec0663f4d01990d728f4ee2e979_1|dcf01ec0663f4d01990d728f4ee2e979_1,1754376888.0,Basic_Info_Changed / File_Renamed_New / Access_Right_Changed,0x011200000000811A,0x00F60000000001C4,usnjrnl_only,False,,,,,,,,,False,FALSE,FALSE,FALSE,,FALSE,,FALSE,False,False,False,True,34,False,10,1736,329,0,False,True,True,False,False,11,,1,2,0,0,0,0,0,0.039773830643638035,LOW,Benign
12/31/23 1:15,12/31/23 1:15,,,dcf01ec0663f4d01990d728f4ee2e979_1,\Users\blueangel\AppData\Local\Packages\Microsoft.Windows.ContentDeliveryManager_cw5n1h2txyewy\LocalState\TargetedContentCache\v3\338387\dcf01ec0663f4d01990d728f4ee2e979_1,,,\Users\blueangel\AppData\Local\Packages\Microsoft.Windows.ContentDeliveryManager_cw5n1h2txyewy\LocalState\TargetedContentCache\v3\338387\dcf01ec0663f4d01990d728f4ee2e979_1|dcf01ec0663f4d01990d728f4ee2e979_1,1754377176.0,Basic_Info_Changed / File_Renamed_New / Access_Right_Changed / File_Closed,0x011200000000811A,0x00F60000000001C4,usnjrnl_only,False,,,,,,,,,False,FALSE,FALSE,FALSE,,FALSE,,FALSE,False,False,False,True,34,False,10,1736,329,0,False,True,True,True,True,11,,1,3,0,0,0,0,0,0.03596461513649625,LOW,Benign
12/31/23 1:15,12/31/23 1:15,,,e42a71ef16fa4c748bce27a99e53399c_2.~tmp,\Users\blueangel\AppData\Local\Packages\Microsoft.Windows.ContentDeliveryManager_cw5n1h2txyewy\LocalState\TargetedContentCache\v3\314559\e42a71ef16fa4c748bce27a99e53399c_2.~tmp,,,\Users\blueangel\AppData\Local\Packages\Microsoft.Windows.ContentDeliveryManager_cw5n1h2txyewy\LocalState\TargetedContentCache\v3\314559\e42a71ef16fa4c748bce27a99e53399c_2.~tmp|e42a71ef16fa4c748bce27a99e53399c_2.~tmp,1754378240.0,Basic_Info_Changed,0x0011000000008B7E,0x0022000000007B67,usnjrnl_only,False,,,,,,,,,False,FALSE,FALSE,FALSE,,FALSE,,FALSE,False,False,False,True,39,False,33,1736,329,0,False,True,True,False,False,11,,1,2,0,0,0,0,0,0.0298144208085607,LOW,Benign
12/31/23 1:15,12/31/23 1:15,,,e42a71ef16fa4c748bce27a99e53399c_2.~tmp,\Users\blueangel\AppData\Local\Packages\Microsoft.Windows.ContentDeliveryManager_cw5n1h2txyewy\LocalState\TargetedContentCache\v3\314559\e42a71ef16fa4c748bce27a99e53399c_2.~tmp,,,\Users\blueangel\AppData\Local\Packages\Microsoft.Windows.ContentDeliveryManager_cw5n1h2txyewy\LocalState\TargetedContentCache\v3\314559\e42a71ef16fa4c748bce27a99e53399c_2.~tmp|e42a71ef16fa4c748bce27a99e53399c_2.~tmp,1754378384.0,Basic_Info_Changed / Access_Right_Changed,0x0011000000008B7E,0x0022000000007B67,usnjrnl_only,False,,,,,,,,,False,FALSE,FALSE,FALSE,,FALSE,,FALSE,False,False,False,True,39,False,33,1736,329,0,False,True,True,False,False,11,,1,2,0,0,0,0,0,0.0298144208085607,LOW,Benign
12/31/23 1:15,12/31/23 1:15,,,e42a71ef16fa4c748bce27a99e53399c_2.~tmp,\Users\blueangel\AppData\Local\Packages\Microsoft.Windows.ContentDeliveryManager_cw5n1h2txyewy\LocalState\TargetedContentCache\v3\314559\e42a71ef16fa4c748bce27a99e53399c_2.~tmp,,,\Users\blueangel\AppData\Local\Packages\Microsoft.Windows.ContentDeliveryManager_cw5n1h2txyewy\LocalState\TargetedContentCache\v3\314559\e42a71ef16fa4c748bce27a99e53399c_2.~tmp|e42a71ef16fa4c748bce27a99e53399c_2.~tmp,1754379296.0,Basic_Info_Changed / File_Renamed_Old / Access_Right_Changed,0x0011000000008B7E,0x0022000000007B67,usnjrnl_only,False,,,,,,,,,False,FALSE,FALSE,FALSE,,FALSE,,FALSE,False,False,False,True,39,False,33,1736,329,0,False,True,True,False,False,11,,1,2,0,0,0,0,0,0.0298144208085607,LOW,Benign
12/31/23 1:15,12/31/23 1:15,,,e42a71ef16fa4c748bce27a99e53399c_2,\Users\blueangel\AppData\Local\Packages\Microsoft.Windows.ContentDeliveryManager_cw5n1h2txyewy\LocalState\TargetedContentCache\v3\314559\e42a71ef16fa4c748bce27a99e53399c_2,,,\Users\blueangel\AppData\Local\Packages\Microsoft.Windows.ContentDeliveryManager_cw5n1h2txyewy\LocalState\TargetedContentCache\v3\314559\e42a71ef16fa4c748bce27a99e53399c_2|e42a71ef16fa4c748bce27a99e53399c_2,1754379440.0,Basic_Info_Changed / File_Renamed_New / Access_Right_Changed,0x0011000000008B7E,0x0022000000007B67,usnjrnl_only,False,,,,,,,,,False,FALSE,FALSE,FALSE,,FALSE,,FALSE,False,False,False,True,34,False,22,1736,329,0,False,True,True,False,False,11,,1,2,0,0,0,0,0,0.039773830643638035,LOW,Benign
12/31/23 1:15,12/31/23 1:15,,,e42a71ef16fa4c748bce27a99e53399c_2,\Users\blueangel\AppData\Local\Packages\Microsoft.Windows.ContentDeliveryManager_cw5n1h2txyewy\LocalState\TargetedContentCache\v3\314559\e42a71ef16fa4c748bce27a99e53399c_2,,,\Users\blueangel\AppData\Local\Packages\Microsoft.Windows.ContentDeliveryManager_cw5n1h2txyewy\LocalState\TargetedContentCache\v3\314559\e42a71ef16fa4c748bce27a99e53399c_2|e42a71ef16fa4c748bce27a99e53399c_2,1754379728.0,Basic_Info_Changed / File_Renamed_New / Access_Right_Changed / File_Closed,0x0011000000008B7E,0x0022000000007B67,usnjrnl_only,False,,,,,,,,,False,FALSE,FALSE,FALSE,,FALSE,,FALSE,False,False,False,True,34,False,22,1736,329,0,False,True,True,True,True,11,,1,3,0,0,0,0,0,0.03596461513649625,LOW,Benign
12/31/23 1:15,12/31/23 1:15,,,83bc2f7899854efa8acae1ec639e8a17_1.~tmp,\Users\blueangel\AppData\Local\Packages\Microsoft.Windows.ContentDeliveryManager_cw5n1h2txyewy\LocalState\TargetedContentCache\v3\338387\83bc2f7899854efa8acae1ec639e8a17_1.~tmp,,,\Users\blueangel\AppData\Local\Packages\Microsoft.Windows.ContentDeliveryManager_cw5n1h2txyewy\LocalState\TargetedContentCache\v3\338387\83bc2f7899854efa8acae1ec639e8a17_1.~tmp|83bc2f7899854efa8acae1ec639e8a17_1.~tmp,1754381344.0,Basic_Info_Changed,0x000E000000008BE9,0x00F60000000001C4,usnjrnl_only,False,,,,,,,,,False,FALSE,FALSE,FALSE,,FALSE,,FALSE,False,False,False,True,39,False,15,1736,329,1,False,True,True,False,False,11,,1,2,0,0,0,0,0,0.0298144208085607,LOW,Benign
12/31/23 1:15,12/31/23 1:15,,,83bc2f7899854efa8acae1ec639e8a17_1.~tmp,\Users\blueangel\AppData\Local\Packages\Microsoft.Windows.ContentDeliveryManager_cw5n1h2txyewy\LocalState\TargetedContentCache\v3\338387\83bc2f7899854efa8acae1ec639e8a17_1.~tmp,,,\Users\blueangel\AppData\Local\Packages\Microsoft.Windows.ContentDeliveryManager_cw5n1h2txyewy\LocalState\TargetedContentCache\v3\338387\83bc2f7899854efa8acae1ec639e8a17_1.~tmp|83bc2f7899854efa8acae1ec639e8a17_1.~tmp,1754381488.0,Basic_Info_Changed / Access_Right_Changed,0x000E000000008BE9,0x00F60000000001C4,usnjrnl_only,False,,,,,,,,,False,FALSE,FALSE,FALSE,,FALSE,,FALSE,False,False,False,True,39,False,15,1736,329,0,False,True,True,False,False,11,,1,2,0,0,0,0,0,0.0298144208085607,LOW,Benign
12/31/23 1:15,12/31/23 1:15,,,83bc2f7899854efa8acae1ec639e8a17_1.~tmp,\Users\blueangel\AppData\Local\Packages\Microsoft.Windows.ContentDeliveryManager_cw5n1h2txyewy\LocalState\TargetedContentCache\v3\338387\83bc2f7899854efa8acae1ec639e8a17_1.~tmp,,,\Users\blueangel\AppData\Local\Packages\Microsoft.Windows.ContentDeliveryManager_cw5n1h2txyewy\LocalState\TargetedContentCache\v3\338387\83bc2f7899854efa8acae1ec639e8a17_1.~tmp|83bc2f7899854efa8acae1ec639e8a17_1.~tmp,1754382496.0,Basic_Info_Changed / File_Renamed_Old / Access_Right_Changed,0x000E000000008BE9,0x00F60000000001C4,usnjrnl_only,False,,,,,,,,,False,FALSE,FALSE,FALSE,,FALSE,,FALSE,False,False,False,True,39,False,15,1736,329,0,False,True,True,False,False,11,,1,2,0,0,0,0,0,0.0298144208085607,LOW,Benign
12/31/23 1:15,12/31/23 1:15,,,83bc2f7899854efa8acae1ec639e8a17_1,\Users\blueangel\AppData\Local\Packages\Microsoft.Windows.ContentDeliveryManager_cw5n1h2txyewy\LocalState\TargetedContentCache\v3\338387\83bc2f7899854efa8acae1ec639e8a17_1,,,\Users\blueangel\AppData\Local\Packages\Microsoft.Windows.ContentDeliveryManager_cw5n1h2txyewy\LocalState\TargetedContentCache\v3\338387\83bc2f7899854efa8acae1ec639e8a17_1|83bc2f7899854efa8acae1ec639e8a17_1,1754382640.0,Basic_Info_Changed / File_Renamed_New / Access_Right_Changed,0x000E000000008BE9,0x00F60000000001C4,usnjrnl_only,False,,,,,,,,,False,FALSE,FALSE,FALSE,,FALSE,,FALSE,False,False,False,True,34,False,10,1736,329,0,False,True,True,False,False,11,,1,2,0,0,0,0,0,0.039773830643638035,LOW,Benign
12/31/23 1:15,12/31/23 1:15,,,83bc2f7899854efa8acae1ec639e8a17_1,\Users\blueangel\AppData\Local\Packages\Microsoft.Windows.ContentDeliveryManager_cw5n1h2txyewy\LocalState\TargetedContentCache\v3\338387\83bc2f7899854efa8acae1ec639e8a17_1,,,\Users\blueangel\AppData\Local\Packages\Microsoft.Windows.ContentDeliveryManager_cw5n1h2txyewy\LocalState\TargetedContentCache\v3\338387\83bc2f7899854efa8acae1ec639e8a17_1|83bc2f7899854efa8acae1ec639e8a17_1,1754382928.0,Basic_Info_Changed / File_Renamed_New / Access_Right_Changed / File_Closed,0x000E000000008BE9,0x00F60000000001C4,usnjrnl_only,False,,,,,,,,,False,FALSE,FALSE,FALSE,,FALSE,,FALSE,False,False,False,True,34,False,10,1736,329,0,False,True,True,True,True,11,,1,3,0,0,0,0,0,0.03596461513649625,LOW,Benign
12/31/23 1:15,12/31/23 1:15,,,1c833c66e106403398283dd48fe12249_2.~tmp,\Users\blueangel\AppData\Local\Packages\Microsoft.Windows.ContentDeliveryManager_cw5n1h2txyewy\LocalState\TargetedContentCache\v3\314559\1c833c66e106403398283dd48fe12249_2.~tmp,,,\Users\blueangel\AppData\Local\Packages\Microsoft.Windows.ContentDeliveryManager_cw5n1h2txyewy\LocalState\TargetedContentCache\v3\314559\1c833c66e106403398283dd48fe12249_2.~tmp|1c833c66e106403398283dd48fe12249_2.~tmp,1754383904.0,Basic_Info_Changed,0x000600000000C35F,0x0022000000007B67,usnjrnl_only,False,,,,,,,,,False,FALSE,FALSE,FALSE,,FALSE,,FALSE,False,False,False,True,39,False,33,1736,329,0,False,True,True,False,False,11,,1,2,0,0,0,0,0,0.0298144208085607,LOW,Benign
12/31/23 1:15,12/31/23 1:15,,,1c833c66e106403398283dd48fe12249_2.~tmp,\Users\blueangel\AppData\Local\Packages\Microsoft.Windows.ContentDeliveryManager_cw5n1h2txyewy\LocalState\TargetedContentCache\v3\314559\1c833c66e106403398283dd48fe12249_2.~tmp,,,\Users\blueangel\AppData\Local\Packages\Microsoft.Windows.ContentDeliveryManager_cw5n1h2txyewy\LocalState\TargetedContentCache\v3\314559\1c833c66e106403398283dd48fe12249_2.~tmp|1c833c66e106403398283dd48fe12249_2.~tmp,1754384048.0,Basic_Info_Changed / Access_Right_Changed,0x000600000000C35F,0x0022000000007B67,usnjrnl_only,False,,,,,,,,,False,FALSE,FALSE,FALSE,,FALSE,,FALSE,False,False,False,True,39,False,33,1736,329,0,False,True,True,False,False,11,,1,2,0,0,0,0,0,0.0298144208085607,LOW,Benign
12/31/23 1:15,12/31/23 1:15,,,1c833c66e106403398283dd48fe12249_2.~tmp,\Users\blueangel\AppData\Local\Packages\Microsoft.Windows.ContentDeliveryManager_cw5n1h2txyewy\LocalState\TargetedContentCache\v3\314559\1c833c66e106403398283dd48fe12249_2.~tmp,,,\Users\blueangel\AppData\Local\Packages\Microsoft.Windows.ContentDeliveryManager_cw5n1h2txyewy\LocalState\TargetedContentCache\v3\314559\1c833c66e106403398283dd48fe12249_2.~tmp|1c833c66e106403398283dd48fe12249_2.~tmp,1754384960.0,Basic_Info_Changed / File_Renamed_Old / Access_Right_Changed,0x000600000000C35F,0x0022000000007B67,usnjrnl_only,False,,,,,,,,,False,FALSE,FALSE,FALSE,,FALSE,,FALSE,False,False,False,True,39,False,33,1736,329,0,False,True,True,False,False,11,,1,2,0,0,0,0,0,0.0298144208085607,LOW,Benign
12/31/23 1:15,12/31/23 1:15,,,1c833c66e106403398283dd48fe12249_2,\Users\blueangel\AppData\Local\Packages\Microsoft.Windows.ContentDeliveryManager_cw5n1h2txyewy\LocalState\TargetedContentCache\v3\314559\1c833c66e106403398283dd48fe12249_2,,,\Users\blueangel\AppData\Local\Packages\Microsoft.Windows.ContentDeliveryManager_cw5n1h2txyewy\LocalState\TargetedContentCache\v3\314559\1c833c66e106403398283dd48fe12249_2|1c833c66e106403398283dd48fe12249_2,1754385104.0,Basic_Info_Changed / File_Renamed_New / Access_Right_Changed,0x000600000000C35F,0x0022000000007B67,usnjrnl_only,False,,,,,,,,,False,FALSE,FALSE,FALSE,,FALSE,,FALSE,False,False,False,True,34,False,22,1736,329,0,False,True,True,False,False,11,,1,2,0,0,0,0,0,0.039773830643638035,LOW,Benign
12/31/23 1:15,12/31/23 1:15,,,1c833c66e106403398283dd48fe12249_2,\Users\blueangel\AppData\Local\Packages\Microsoft.Windows.ContentDeliveryManager_cw5n1h2txyewy\LocalState\TargetedContentCache\v3\314559\1c833c66e106403398283dd48fe12249_2,,,\Users\blueangel\AppData\Local\Packages\Microsoft.Windows.ContentDeliveryManager_cw5n1h2txyewy\LocalState\TargetedContentCache\v3\314559\1c833c66e106403398283dd48fe12249_2|1c833c66e106403398283dd48fe12249_2,1754385392.0,Basic_Info_Changed / File_Renamed_New / Access_Right_Changed / File_Closed,0x000600000000C35F,0x0022000000007B67,usnjrnl_only,False,,,,,,,,,False,FALSE,FALSE,FALSE,,FALSE,,FALSE,False,False,False,True,34,False,22,1736,329,0,False,True,True,True,True,11,,1,3,0,0,0,0,0,0.03596461513649625,LOW,Benign
12/31/23 1:15,12/31/23 1:15,,,22fd242ed39a4f82a8ed40f18598d804_1.~tmp,\Users\blueangel\AppData\Local\Packages\Microsoft.Windows.ContentDeliveryManager_cw5n1h2txyewy\LocalState\TargetedContentCache\v3\338387\22fd242ed39a4f82a8ed40f18598d804_1.~tmp,,,\Users\blueangel\AppData\Local\Packages\Microsoft.Windows.ContentDeliveryManager_cw5n1h2txyewy\LocalState\TargetedContentCache\v3\338387\22fd242ed39a4f82a8ed40f18598d804_1.~tmp|22fd242ed39a4f82a8ed40f18598d804_1.~tmp,1754387936.0,Basic_Info_Changed,0x000B00000000C642,0x00F60000000001C4,usnjrnl_only,False,,,,,,,,,False,FALSE,FALSE,FALSE,,FALSE,,FALSE,False,False,False,True,39,False,15,1736,329,1,False,True,True,False,False,11,,1,2,0,0,0,0,0,0.0298144208085607,LOW,Benign
12/31/23 1:15,12/31/23 1:15,,,22fd242ed39a4f82a8ed40f18598d804_1.~tmp,\Users\blueangel\AppData\Local\Packages\Microsoft.Windows.ContentDeliveryManager_cw5n1h2txyewy\LocalState\TargetedContentCache\v3\338387\22fd242ed39a4f82a8ed40f18598d804_1.~tmp,,,\Users\blueangel\AppData\Local\Packages\Microsoft.Windows.ContentDeliveryManager_cw5n1h2txyewy\LocalState\TargetedContentCache\v3\338387\22fd242ed39a4f82a8ed40f18598d804_1.~tmp|22fd242ed39a4f82a8ed40f18598d804_1.~tmp,1754388080.0,Basic_Info_Changed / Access_Right_Changed,0x000B00000000C642,0x00F60000000001C4,usnjrnl_only,False,,,,,,,,,False,FALSE,FALSE,FALSE,,FALSE,,FALSE,False,False,False,True,39,False,15,1736,329,0,False,True,True,False,False,11,,1,2,0,0,0,0,0,0.0298144208085607,LOW,Benign
12/31/23 1:15,12/31/23 1:15,,,22fd242ed39a4f82a8ed40f18598d804_1.~tmp,\Users\blueangel\AppData\Local\Packages\Microsoft.Windows.ContentDeliveryManager_cw5n1h2txyewy\LocalState\TargetedContentCache\v3\338387\22fd242ed39a4f82a8ed40f18598d804_1.~tmp,,,\Users\blueangel\AppData\Local\Packages\Microsoft.Windows.ContentDeliveryManager_cw5n1h2txyewy\LocalState\TargetedContentCache\v3\338387\22fd242ed39a4f82a8ed40f18598d804_1.~tmp|22fd242ed39a4f82a8ed40f18598d804_1.~tmp,1754388992.0,Basic_Info_Changed / File_Renamed_Old / Access_Right_Changed,0x000B00000000C642,0x00F60000000001C4,usnjrnl_only,False,,,,,,,,,False,FALSE,FALSE,FALSE,,FALSE,,FALSE,False,False,False,True,39,False,15,1736,329,0,False,True,True,False,False,11,,1,2,0,0,0,0,0,0.0298144208085607,LOW,Benign
12/31/23 1:15,12/31/23 1:15,,,22fd242ed39a4f82a8ed40f18598d804_1,\Users\blueangel\AppData\Local\Packages\Microsoft.Windows.ContentDeliveryManager_cw5n1h2txyewy\LocalState\TargetedContentCache\v3\338387\22fd242ed39a4f82a8ed40f18598d804_1,,,\Users\blueangel\AppData\Local\Packages\Microsoft.Windows.ContentDeliveryManager_cw5n1h2txyewy\LocalState\TargetedContentCache\v3\338387\22fd242ed39a4f82a8ed40f18598d804_1|22fd242ed39a4f82a8ed40f18598d804_1,1754389136.0,Basic_Info_Changed / File_Renamed_New / Access_Right_Changed,0x000B00000000C642,0x00F60000000001C4,usnjrnl_only,False,,,,,,,,,False,FALSE,FALSE,FALSE,,FALSE,,FALSE,False,False,False,True,34,False,10,1736,329,0,False,True,True,False,False,11,,1,2,0,0,0,0,0,0.039773830643638035,LOW,Benign
12/31/23 1:15,12/31/23 1:15,,,22fd242ed39a4f82a8ed40f18598d804_1,\Users\blueangel\AppData\Local\Packages\Microsoft.Windows.ContentDeliveryManager_cw5n1h2txyewy\LocalState\TargetedContentCache\v3\338387\22fd242ed39a4f82a8ed40f18598d804_1,,,\Users\blueangel\AppData\Local\Packages\Microsoft.Windows.ContentDeliveryManager_cw5n1h2txyewy\LocalState\TargetedContentCache\v3\338387\22fd242ed39a4f82a8ed40f18598d804_1|22fd242ed39a4f82a8ed40f18598d804_1,1754389424.0,Basic_Info_Changed / File_Renamed_New / Access_Right_Changed / File_Closed,0x000B00000000C642,0x00F60000000001C4,usnjrnl_only,False,,,,,,,,,False,FALSE,FALSE,FALSE,,FALSE,,FALSE,False,False,False,True,34,False,10,1736,329,0,False,True,True,True,True,11,,1,3,0,0,0,0,0,0.03596461513649625,LOW,Benign
12/31/23 1:15,12/31/23 1:15,,,dcf01ec0663f4d01990d728f4ee2e979_2.~tmp,\Users\blueangel\AppData\Local\Packages\Microsoft.Windows.ContentDeliveryManager_cw5n1h2txyewy\LocalState\TargetedContentCache\v3\338387\dcf01ec0663f4d01990d728f4ee2e979_2.~tmp,,,\Users\blueangel\AppData\Local\Packages\Microsoft.Windows.ContentDeliveryManager_cw5n1h2txyewy\LocalState\TargetedContentCache\v3\338387\dcf01ec0663f4d01990d728f4ee2e979_2.~tmp|dcf01ec0663f4d01990d728f4ee2e979_2.~tmp,1754390672.0,Basic_Info_Changed,0x000500000000C35C,0x00F60000000001C4,usnjrnl_only,False,,,,,,,,,False,FALSE,FALSE,FALSE,,FALSE,,FALSE,False,False,False,True,39,False,15,1736,329,1,False,True,True,False,False,11,,1,2,0,0,0,0,0,0.0298144208085607,LOW,Benign
12/31/23 1:15,12/31/23 1:15,,,dcf01ec0663f4d01990d728f4ee2e979_2.~tmp,\Users\blueangel\AppData\Local\Packages\Microsoft.Windows.ContentDeliveryManager_cw5n1h2txyewy\LocalState\TargetedContentCache\v3\338387\dcf01ec0663f4d01990d728f4ee2e979_2.~tmp,,,\Users\blueangel\AppData\Local\Packages\Microsoft.Windows.ContentDeliveryManager_cw5n1h2txyewy\LocalState\TargetedContentCache\v3\338387\dcf01ec0663f4d01990d728f4ee2e979_2.~tmp|dcf01ec0663f4d01990d728f4ee2e979_2.~tmp,1754390816.0,Basic_Info_Changed / Access_Right_Changed,0x000500000000C35C,0x00F60000000001C4,usnjrnl_only,False,,,,,,,,,False,FALSE,FALSE,FALSE,,FALSE,,FALSE,False,False,False,True,39,False,15,1736,329,0,False,True,True,False,False,11,,1,2,0,0,0,0,0,0.0298144208085607,LOW,Benign
12/31/23 1:15,12/31/23 1:15,,,dcf01ec0663f4d01990d728f4ee2e979_2.~tmp,\Users\blueangel\AppData\Local\Packages\Microsoft.Windows.ContentDeliveryManager_cw5n1h2txyewy\LocalState\TargetedContentCache\v3\338387\dcf01ec0663f4d01990d728f4ee2e979_2.~tmp,,,\Users\blueangel\AppData\Local\Packages\Microsoft.Windows.ContentDeliveryManager_cw5n1h2txyewy\LocalState\TargetedContentCache\v3\338387\dcf01ec0663f4d01990d728f4ee2e979_2.~tmp|dcf01ec0663f4d01990d728f4ee2e979_2.~tmp,1754391728.0,Basic_Info_Changed / File_Renamed_Old / Access_Right_Changed,0x000500000000C35C,0x00F60000000001C4,usnjrnl_only,False,,,,,,,,,False,FALSE,FALSE,FALSE,,FALSE,,FALSE,False,False,False,True,39,False,15,1736,329,0,False,True,True,False,False,11,,1,2,0,0,0,0,0,0.0298144208085607,LOW,Benign
12/31/23 1:15,12/31/23 1:15,,,dcf01ec0663f4d01990d728f4ee2e979_2,\Users\blueangel\AppData\Local\Packages\Microsoft.Windows.ContentDeliveryManager_cw5n1h2txyewy\LocalState\TargetedContentCache\v3\338387\dcf01ec0663f4d01990d728f4ee2e979_2,,,\Users\blueangel\AppData\Local\Packages\Microsoft.Windows.ContentDeliveryManager_cw5n1h2txyewy\LocalState\TargetedContentCache\v3\338387\dcf01ec0663f4d01990d728f4ee2e979_2|dcf01ec0663f4d01990d728f4ee2e979_2,1754391872.0,Basic_Info_Changed / File_Renamed_New / Access_Right_Changed,0x000500000000C35C,0x00F60000000001C4,usnjrnl_only,False,,,,,,,,,False,FALSE,FALSE,FALSE,,FALSE,,FALSE,False,False,False,True,34,False,10,1736,329,0,False,True,True,False,False,11,,1,2,0,0,0,0,0,0.039773830643638035,LOW,Benign
12/31/23 1:15,12/31/23 1:15,,,dcf01ec0663f4d01990d728f4ee2e979_2,\Users\blueangel\AppData\Local\Packages\Microsoft.Windows.ContentDeliveryManager_cw5n1h2txyewy\LocalState\TargetedContentCache\v3\338387\dcf01ec0663f4d01990d728f4ee2e979_2,,,\Users\blueangel\AppData\Local\Packages\Microsoft.Windows.ContentDeliveryManager_cw5n1h2txyewy\LocalState\TargetedContentCache\v3\338387\dcf01ec0663f4d01990d728f4ee2e979_2|dcf01ec0663f4d01990d728f4ee2e979_2,1754392160.0,Basic_Info_Changed / File_Renamed_New / Access_Right_Changed / File_Closed,0x000500000000C35C,0x00F60000000001C4,usnjrnl_only,False,,,,,,,,,False,FALSE,FALSE,FALSE,,FALSE,,FALSE,False,False,False,True,34,False,10,1736,329,0,False,True,True,True,True,11,,1,3,0,0,0,0,0,0.03596461513649625,LOW,Benign
12/31/23 1:15,12/31/23 1:15,,,23d8e8375a9a468b9099f8b974cf1c4f_1.~tmp,\Users\blueangel\AppData\Local\Packages\Microsoft.Windows.ContentDeliveryManager_cw5n1h2txyewy\LocalState\TargetedContentCache\v3\338389\23d8e8375a9a468b9099f8b974cf1c4f_1.~tmp,,,\Users\blueangel\AppData\Local\Packages\Microsoft.Windows.ContentDeliveryManager_cw5n1h2txyewy\LocalState\TargetedContentCache\v3\338389\23d8e8375a9a468b9099f8b974cf1c4f_1.~tmp|23d8e8375a9a468b9099f8b974cf1c4f_1.~tmp,1754393280.0,Basic_Info_Changed,0x000400000000CC68,0x000A00000000C257,usnjrnl_only,False,,,,,,,,,False,FALSE,FALSE,FALSE,,FALSE,,FALSE,False,False,False,True,39,False,18,1736,329,0,False,True,True,False,False,11,,1,2,0,0,0,0,0,0.0298144208085607,LOW,Benign
12/31/23 1:15,12/31/23 1:15,,,23d8e8375a9a468b9099f8b974cf1c4f_1.~tmp,\Users\blueangel\AppData\Local\Packages\Microsoft.Windows.ContentDeliveryManager_cw5n1h2txyewy\LocalState\TargetedContentCache\v3\338389\23d8e8375a9a468b9099f8b974cf1c4f_1.~tmp,,,\Users\blueangel\AppData\Local\Packages\Microsoft.Windows.ContentDeliveryManager_cw5n1h2txyewy\LocalState\TargetedContentCache\v3\338389\23d8e8375a9a468b9099f8b974cf1c4f_1.~tmp|23d8e8375a9a468b9099f8b974cf1c4f_1.~tmp,1754393424.0,Basic_Info_Changed / Access_Right_Changed,0x000400000000CC68,0x000A00000000C257,usnjrnl_only,False,,,,,,,,,False,FALSE,FALSE,FALSE,,FALSE,,FALSE,False,False,False,True,39,False,18,1736,329,0,False,True,True,False,False,11,,1,2,0,0,0,0,0,0.0298144208085607,LOW,Benign
12/31/23 1:15,12/31/23 1:15,,,23d8e8375a9a468b9099f8b974cf1c4f_1.~tmp,\Users\blueangel\AppData\Local\Packages\Microsoft.Windows.ContentDeliveryManager_cw5n1h2txyewy\LocalState\TargetedContentCache\v3\338389\23d8e8375a9a468b9099f8b974cf1c4f_1.~tmp,,,\Users\blueangel\AppData\Local\Packages\Microsoft.Windows.ContentDeliveryManager_cw5n1h2txyewy\LocalState\TargetedContentCache\v3\338389\23d8e8375a9a468b9099f8b974cf1c4f_1.~tmp|23d8e8375a9a468b9099f8b974cf1c4f_1.~tmp,1754394336.0,Basic_Info_Changed / File_Renamed_Old / Access_Right_Changed,0x000400000000CC68,0x000A00000000C257,usnjrnl_only,False,,,,,,,,,False,FALSE,FALSE,FALSE,,FALSE,,FALSE,False,False,False,True,39,False,18,1736,329,0,False,True,True,False,False,11,,1,2,0,0,0,0,0,0.0298144208085607,LOW,Benign
12/31/23 1:15,12/31/23 1:15,,,23d8e8375a9a468b9099f8b974cf1c4f_1,\Users\blueangel\AppData\Local\Packages\Microsoft.Windows.ContentDeliveryManager_cw5n1h2txyewy\LocalState\TargetedContentCache\v3\338389\23d8e8375a9a468b9099f8b974cf1c4f_1,,,\Users\blueangel\AppData\Local\Packages\Microsoft.Windows.ContentDeliveryManager_cw5n1h2txyewy\LocalState\TargetedContentCache\v3\338389\23d8e8375a9a468b9099f8b974cf1c4f_1|23d8e8375a9a468b9099f8b974cf1c4f_1,1754394480.0,Basic_Info_Changed / File_Renamed_New / Access_Right_Changed,0x000400000000CC68,0x000A00000000C257,usnjrnl_only,False,,,,,,,,,False,FALSE,FALSE,FALSE,,FALSE,,FALSE,False,False,False,True,34,False,12,1736,329,0,False,True,True,False,False,11,,1,2,0,0,0,0,0,0.039773830643638035,LOW,Benign
12/31/23 1:15,12/31/23 1:15,,,23d8e8375a9a468b9099f8b974cf1c4f_1,\Users\blueangel\AppData\Local\Packages\Microsoft.Windows.ContentDeliveryManager_cw5n1h2txyewy\LocalState\TargetedContentCache\v3\338389\23d8e8375a9a468b9099f8b974cf1c4f_1,,,\Users\blueangel\AppData\Local\Packages\Microsoft.Windows.ContentDeliveryManager_cw5n1h2txyewy\LocalState\TargetedContentCache\v3\338389\23d8e8375a9a468b9099f8b974cf1c4f_1|23d8e8375a9a468b9099f8b974cf1c4f_1,1754394784.0,Basic_Info_Changed / File_Renamed_New / Access_Right_Changed / File_Closed,0x000400000000CC68,0x000A00000000C257,usnjrnl_only,False,,,,,,,,,False,FALSE,FALSE,FALSE,,FALSE,,FALSE,False,False,False,True,34,False,12,1736,329,0,False,True,True,True,True,11,,1,3,0,0,0,0,0,0.03596461513649625,LOW,Benign
12/31/23 1:15,12/31/23 1:15,,,83bc2f7899854efa8acae1ec639e8a17_2.~tmp,\Users\blueangel\AppData\Local\Packages\Microsoft.Windows.ContentDeliveryManager_cw5n1h2txyewy\LocalState\TargetedContentCache\v3\338387\83bc2f7899854efa8acae1ec639e8a17_2.~tmp,,,\Users\blueangel\AppData\Local\Packages\Microsoft.Windows.ContentDeliveryManager_cw5n1h2txyewy\LocalState\TargetedContentCache\v3\338387\83bc2f7899854efa8acae1ec639e8a17_2.~tmp|83bc2f7899854efa8acae1ec639e8a17_2.~tmp,1754395760.0,Basic_Info_Changed,0x000400000000CC69,0x00F60000000001C4,usnjrnl_only,False,,,,,,,,,False,FALSE,FALSE,FALSE,,FALSE,,FALSE,False,False,False,True,39,False,15,1736,329,1,False,True,True,False,False,11,,1,2,0,0,0,0,0,0.0298144208085607,LOW,Benign
12/31/23 1:15,12/31/23 1:15,,,83bc2f7899854efa8acae1ec639e8a17_2.~tmp,\Users\blueangel\AppData\Local\Packages\Microsoft.Windows.ContentDeliveryManager_cw5n1h2txyewy\LocalState\TargetedContentCache\v3\338387\83bc2f7899854efa8acae1ec639e8a17_2.~tmp,,,\Users\blueangel\AppData\Local\Packages\Microsoft.Windows.ContentDeliveryManager_cw5n1h2txyewy\LocalState\TargetedContentCache\v3\338387\83bc2f7899854efa8acae1ec639e8a17_2.~tmp|83bc2f7899854efa8acae1ec639e8a17_2.~tmp,1754395904.0,Basic_Info_Changed / Access_Right_Changed,0x000400000000CC69,0x00F60000000001C4,usnjrnl_only,False,,,,,,,,,False,FALSE,FALSE,FALSE,,FALSE,,FALSE,False,False,False,True,39,False,15,1736,329,0,False,True,True,False,False,11,,1,2,0,0,0,0,0,0.0298144208085607,LOW,Benign
12/31/23 1:15,12/31/23 1:15,,,83bc2f7899854efa8acae1ec639e8a17_2.~tmp,\Users\blueangel\AppData\Local\Packages\Microsoft.Windows.ContentDeliveryManager_cw5n1h2txyewy\LocalState\TargetedContentCache\v3\338387\83bc2f7899854efa8acae1ec639e8a17_2.~tmp,,,\Users\blueangel\AppData\Local\Packages\Microsoft.Windows.ContentDeliveryManager_cw5n1h2txyewy\LocalState\TargetedContentCache\v3\338387\83bc2f7899854efa8acae1ec639e8a17_2.~tmp|83bc2f7899854efa8acae1ec639e8a17_2.~tmp,1754396816.0,Basic_Info_Changed / File_Renamed_Old / Access_Right_Changed,0x000400000000CC69,0x00F60000000001C4,usnjrnl_only,False,,,,,,,,,False,FALSE,FALSE,FALSE,,FALSE,,FALSE,False,False,False,True,39,False,15,1736,329,0,False,True,True,False,False,11,,1,2,0,0,0,0,0,0.0298144208085607,LOW,Benign
12/31/23 1:15,12/31/23 1:15,,,83bc2f7899854efa8acae1ec639e8a17_2,\Users\blueangel\AppData\Local\Packages\Microsoft.Windows.ContentDeliveryManager_cw5n1h2txyewy\LocalState\TargetedContentCache\v3\338387\83bc2f7899854efa8acae1ec639e8a17_2,,,\Users\blueangel\AppData\Local\Packages\Microsoft.Windows.ContentDeliveryManager_cw5n1h2txyewy\LocalState\TargetedContentCache\v3\338387\83bc2f7899854efa8acae1ec639e8a17_2|83bc2f7899854efa8acae1ec639e8a17_2,1754396960.0,Basic_Info_Changed / File_Renamed_New / Access_Right_Changed,0x000400000000CC69,0x00F60000000001C4,usnjrnl_only,False,,,,,,,,,False,FALSE,FALSE,FALSE,,FALSE,,FALSE,False,False,False,True,34,False,10,1736,329,0,False,True,True,False,False,11,,1,2,0,0,0,0,0,0.039773830643638035,LOW,Benign
12/31/23 1:15,12/31/23 1:15,,,83bc2f7899854efa8acae1ec639e8a17_2,\Users\blueangel\AppData\Local\Packages\Microsoft.Windows.ContentDeliveryManager_cw5n1h2txyewy\LocalState\TargetedContentCache\v3\338387\83bc2f7899854efa8acae1ec639e8a17_2,,,\Users\blueangel\AppData\Local\Packages\Microsoft.Windows.ContentDeliveryManager_cw5n1h2txyewy\LocalState\TargetedContentCache\v3\338387\83bc2f7899854efa8acae1ec639e8a17_2|83bc2f7899854efa8acae1ec639e8a17_2,1754397248.0,Basic_Info_Changed / File_Renamed_New / Access_Right_Changed / File_Closed,0x000400000000CC69,0x00F60000000001C4,usnjrnl_only,False,,,,,,,,,False,FALSE,FALSE,FALSE,,FALSE,,FALSE,False,False,False,True,34,False,10,1736,329,0,False,True,True,True,True,11,,1,3,0,0,0,0,0,0.03596461513649625,LOW,Benign
12/31/23 1:15,12/31/23 1:15,,,b792b65b9b0d43d8a4b87a6c28828928_1.~tmp,,,,|b792b65b9b0d43d8a4b87a6c28828928_1.~tmp,1754398568.0,Basic_Info_Changed,0x000700000000C36A,0x001E0000000037E6,usnjrnl_only,False,,,,,,,,,False,FALSE,FALSE,FALSE,,FALSE,,FALSE,False,False,False,True,39,False,30,1736,329,0,False,True,True,False,False,0,,1,2,0,0,0,0,0,0.03939157148687472,LOW,Benign
12/31/23 1:15,12/31/23 1:15,,,b792b65b9b0d43d8a4b87a6c28828928_1.~tmp,,,,|b792b65b9b0d43d8a4b87a6c28828928_1.~tmp,1754398720.0,Basic_Info_Changed / Access_Right_Changed,0x000700000000C36A,0x001E0000000037E6,usnjrnl_only,False,,,,,,,,,False,FALSE,FALSE,FALSE,,FALSE,,FALSE,False,False,False,True,39,False,30,1736,329,0,False,True,True,False,False,0,,1,2,0,0,0,0,0,0.0298144208085607,LOW,Benign
12/31/23 1:15,12/31/23 1:15,,,b792b65b9b0d43d8a4b87a6c28828928_1.~tmp,,,,|b792b65b9b0d43d8a4b87a6c28828928_1.~tmp,1754399632.0,Basic_Info_Changed / File_Renamed_Old / Access_Right_Changed,0x000700000000C36A,0x001E0000000037E6,usnjrnl_only,False,,,,,,,,,False,FALSE,FALSE,FALSE,,FALSE,,FALSE,False,False,False,True,39,False,30,1736,329,0,False,True,True,False,False,0,,1,2,0,0,0,0,0,0.0298144208085607,LOW,Benign
12/31/23 1:15,12/31/23 1:15,,,b792b65b9b0d43d8a4b87a6c28828928_1,,,,|b792b65b9b0d43d8a4b87a6c28828928_1,1754399776.0,Basic_Info_Changed / File_Renamed_New / Access_Right_Changed,0x000700000000C36A,0x001E0000000037E6,usnjrnl_only,False,,,,,,,,,False,FALSE,FALSE,FALSE,,FALSE,,FALSE,False,False,False,True,34,False,20,1736,329,0,False,True,True,False,False,0,,1,2,0,0,0,0,0,0.039773830643638035,LOW,Benign
12/31/23 1:15,12/31/23 1:15,,,b792b65b9b0d43d8a4b87a6c28828928_1,,,,|b792b65b9b0d43d8a4b87a6c28828928_1,1754400064.0,Basic_Info_Changed / File_Renamed_New / Access_Right_Changed / File_Closed,0x000700000000C36A,0x001E0000000037E6,usnjrnl_only,False,,,,,,,,,False,FALSE,FALSE,FALSE,,FALSE,,FALSE,False,False,False,True,34,False,20,1736,329,0,False,True,True,True,True,0,,1,3,0,0,0,0,0,0.05461910063348374,LOW,Benign
12/31/23 1:15,12/31/23 1:15,,,22fd242ed39a4f82a8ed40f18598d804_2.~tmp,\Users\blueangel\AppData\Local\Packages\Microsoft.Windows.ContentDeliveryManager_cw5n1h2txyewy\LocalState\TargetedContentCache\v3\338387\22fd242ed39a4f82a8ed40f18598d804_2.~tmp,,,\Users\blueangel\AppData\Local\Packages\Microsoft.Windows.ContentDeliveryManager_cw5n1h2txyewy\LocalState\TargetedContentCache\v3\338387\22fd242ed39a4f82a8ed40f18598d804_2.~tmp|22fd242ed39a4f82a8ed40f18598d804_2.~tmp,1754401248.0,Basic_Info_Changed,0x000400000000C362,0x00F60000000001C4,usnjrnl_only,False,,,,,,,,,False,FALSE,FALSE,FALSE,,FALSE,,FALSE,False,False,False,True,39,False,15,1736,329,0,False,True,True,False,False,11,,1,2,0,0,0,0,0,0.0298144208085607,LOW,Benign
12/31/23 1:15,12/31/23 1:15,,,22fd242ed39a4f82a8ed40f18598d804_2.~tmp,\Users\blueangel\AppData\Local\Packages\Microsoft.Windows.ContentDeliveryManager_cw5n1h2txyewy\LocalState\TargetedContentCache\v3\338387\22fd242ed39a4f82a8ed40f18598d804_2.~tmp,,,\Users\blueangel\AppData\Local\Packages\Microsoft.Windows.ContentDeliveryManager_cw5n1h2txyewy\LocalState\TargetedContentCache\v3\338387\22fd242ed39a4f82a8ed40f18598d804_2.~tmp|22fd242ed39a4f82a8ed40f18598d804_2.~tmp,1754401392.0,Basic_Info_Changed / Access_Right_Changed,0x000400000000C362,0x00F60000000001C4,usnjrnl_only,False,,,,,,,,,False,FALSE,FALSE,FALSE,,FALSE,,FALSE,False,False,False,True,39,False,15,1736,329,0,False,True,True,False,False,11,,1,2,0,0,0,0,0,0.0298144208085607,LOW,Benign
12/31/23 1:15,12/31/23 1:15,,,22fd242ed39a4f82a8ed40f18598d804_2.~tmp,\Users\blueangel\AppData\Local\Packages\Microsoft.Windows.ContentDeliveryManager_cw5n1h2txyewy\LocalState\TargetedContentCache\v3\338387\22fd242ed39a4f82a8ed40f18598d804_2.~tmp,,,\Users\blueangel\AppData\Local\Packages\Microsoft.Windows.ContentDeliveryManager_cw5n1h2txyewy\LocalState\TargetedContentCache\v3\338387\22fd242ed39a4f82a8ed40f18598d804_2.~tmp|22fd242ed39a4f82a8ed40f18598d804_2.~tmp,1754402304.0,Basic_Info_Changed / File_Renamed_Old / Access_Right_Changed,0x000400000000C362,0x00F60000000001C4,usnjrnl_only,False,,,,,,,,,False,FALSE,FALSE,FALSE,,FALSE,,FALSE,False,False,False,True,39,False,15,1736,329,0,False,True,True,False,False,11,,1,2,0,0,0,0,0,0.0298144208085607,LOW,Benign
12/31/23 1:15,12/31/23 1:15,,,22fd242ed39a4f82a8ed40f18598d804_2,\Users\blueangel\AppData\Local\Packages\Microsoft.Windows.ContentDeliveryManager_cw5n1h2txyewy\LocalState\TargetedContentCache\v3\338387\22fd242ed39a4f82a8ed40f18598d804_2,,,\Users\blueangel\AppData\Local\Packages\Microsoft.Windows.ContentDeliveryManager_cw5n1h2txyewy\LocalState\TargetedContentCache\v3\338387\22fd242ed39a4f82a8ed40f18598d804_2|22fd242ed39a4f82a8ed40f18598d804_2,1754402448.0,Basic_Info_Changed / File_Renamed_New / Access_Right_Changed,0x000400000000C362,0x00F60000000001C4,usnjrnl_only,False,,,,,,,,,False,FALSE,FALSE,FALSE,,FALSE,,FALSE,False,False,False,True,34,False,10,1736,329,0,False,True,True,False,False,11,,1,2,0,0,0,0,0,0.039773830643638035,LOW,Benign
12/31/23 1:15,12/31/23 1:15,,,22fd242ed39a4f82a8ed40f18598d804_2,\Users\blueangel\AppData\Local\Packages\Microsoft.Windows.ContentDeliveryManager_cw5n1h2txyewy\LocalState\TargetedContentCache\v3\338387\22fd242ed39a4f82a8ed40f18598d804_2,,,\Users\blueangel\AppData\Local\Packages\Microsoft.Windows.ContentDeliveryManager_cw5n1h2txyewy\LocalState\TargetedContentCache\v3\338387\22fd242ed39a4f82a8ed40f18598d804_2|22fd242ed39a4f82a8ed40f18598d804_2,1754402816.0,Basic_Info_Changed / File_Renamed_New / Access_Right_Changed / File_Closed,0x000400000000C362,0x00F60000000001C4,usnjrnl_only,False,,,,,,,,,False,FALSE,FALSE,FALSE,,FALSE,,FALSE,False,False,False,True,34,False,10,1736,329,0,False,True,True,True,True,11,,1,3,0,0,0,0,0,0.03596461513649625,LOW,Benign
12/31/23 1:15,12/31/23 1:15,,,7aca30bd64eb479084f2d2087f981632_1.~tmp,\Users\blueangel\AppData\Local\Packages\Microsoft.Windows.ContentDeliveryManager_cw5n1h2txyewy\LocalState\TargetedContentCache\v3\88000045\7aca30bd64eb479084f2d2087f981632_1.~tmp,,,\Users\blueangel\AppData\Local\Packages\Microsoft.Windows.ContentDeliveryManager_cw5n1h2txyewy\LocalState\TargetedContentCache\v3\88000045\7aca30bd64eb479084f2d2087f981632_1.~tmp|7aca30bd64eb479084f2d2087f981632_1.~tmp,1754403952.0,Basic_Info_Changed,0x000500000000CC6A,0x000A00000000C34C,usnjrnl_only,False,,,,,,,,,False,FALSE,FALSE,FALSE,,FALSE,,FALSE,False,False,False,True,39,False,18,1736,329,0,False,True,True,False,False,11,,1,2,0,0,0,0,0,0.0298144208085607,LOW,Benign
12/31/23 1:15,12/31/23 1:15,,,7aca30bd64eb479084f2d2087f981632_1.~tmp,\Users\blueangel\AppData\Local\Packages\Microsoft.Windows.ContentDeliveryManager_cw5n1h2txyewy\LocalState\TargetedContentCache\v3\88000045\7aca30bd64eb479084f2d2087f981632_1.~tmp,,,\Users\blueangel\AppData\Local\Packages\Microsoft.Windows.ContentDeliveryManager_cw5n1h2txyewy\LocalState\TargetedContentCache\v3\88000045\7aca30bd64eb479084f2d2087f981632_1.~tmp|7aca30bd64eb479084f2d2087f981632_1.~tmp,1754404096.0,Basic_Info_Changed / Access_Right_Changed,0x000500000000CC6A,0x000A00000000C34C,usnjrnl_only,False,,,,,,,,,False,FALSE,FALSE,FALSE,,FALSE,,FALSE,False,False,False,True,39,False,18,1736,329,0,False,True,True,False,False,11,,1,2,0,0,0,0,0,0.0298144208085607,LOW,Benign
12/31/23 1:15,12/31/23 1:15,,,7aca30bd64eb479084f2d2087f981632_1.~tmp,\Users\blueangel\AppData\Local\Packages\Microsoft.Windows.ContentDeliveryManager_cw5n1h2txyewy\LocalState\TargetedContentCache\v3\88000045\7aca30bd64eb479084f2d2087f981632_1.~tmp,,,\Users\blueangel\AppData\Local\Packages\Microsoft.Windows.ContentDeliveryManager_cw5n1h2txyewy\LocalState\TargetedContentCache\v3\88000045\7aca30bd64eb479084f2d2087f981632_1.~tmp|7aca30bd64eb479084f2d2087f981632_1.~tmp,1754405008.0,Basic_Info_Changed / File_Renamed_Old / Access_Right_Changed,0x000500000000CC6A,0x000A00000000C34C,usnjrnl_only,False,,,,,,,,,False,FALSE,FALSE,FALSE,,FALSE,,FALSE,False,False,False,True,39,False,18,1736,329,0,False,True,True,False,False,11,,1,2,0,0,0,0,0,0.0298144208085607,LOW,Benign
12/31/23 1:15,12/31/23 1:15,,,7aca30bd64eb479084f2d2087f981632_1,\Users\blueangel\AppData\Local\Packages\Microsoft.Windows.ContentDeliveryManager_cw5n1h2txyewy\LocalState\TargetedContentCache\v3\88000045\7aca30bd64eb479084f2d2087f981632_1,,,\Users\blueangel\AppData\Local\Packages\Microsoft.Windows.ContentDeliveryManager_cw5n1h2txyewy\LocalState\TargetedContentCache\v3\88000045\7aca30bd64eb479084f2d2087f981632_1|7aca30bd64eb479084f2d2087f981632_1,1754405152.0,Basic_Info_Changed / File_Renamed_New / Access_Right_Changed,0x000500000000CC6A,0x000A00000000C34C,usnjrnl_only,False,,,,,,,,,False,FALSE,FALSE,FALSE,,FALSE,,FALSE,False,False,False,True,34,False,12,1736,329,0,False,True,True,False,False,11,,1,2,0,0,0,0,0,0.039773830643638035,LOW,Benign
12/31/23 1:15,12/31/23 1:15,,,7aca30bd64eb479084f2d2087f981632_1,\Users\blueangel\AppData\Local\Packages\Microsoft.Windows.ContentDeliveryManager_cw5n1h2txyewy\LocalState\TargetedContentCache\v3\88000045\7aca30bd64eb479084f2d2087f981632_1,,,\Users\blueangel\AppData\Local\Packages\Microsoft.Windows.ContentDeliveryManager_cw5n1h2txyewy\LocalState\TargetedContentCache\v3\88000045\7aca30bd64eb479084f2d2087f981632_1|7aca30bd64eb479084f2d2087f981632_1,1754405440.0,Basic_Info_Changed / File_Renamed_New / Access_Right_Changed / File_Closed,0x000500000000CC6A,0x000A00000000C34C,usnjrnl_only,False,,,,,,,,,False,FALSE,FALSE,FALSE,,FALSE,,FALSE,False,False,False,True,34,False,12,1736,329,0,False,True,True,True,True,11,,1,3,0,0,0,0,0,0.03596461513649625,LOW,Benign
12/31/23 1:15,12/31/23 1:15,,,3a4590762a0f4c54a1ed51742798c6d8_1.~tmp,\Users\blueangel\AppData\Local\Packages\Microsoft.Windows.ContentDeliveryManager_cw5n1h2txyewy\LocalState\TargetedContentCache\v3\88000161\3a4590762a0f4c54a1ed51742798c6d8_1.~tmp,,,\Users\blueangel\AppData\Local\Packages\Microsoft.Windows.ContentDeliveryManager_cw5n1h2txyewy\LocalState\TargetedContentCache\v3\88000161\3a4590762a0f4c54a1ed51742798c6d8_1.~tmp|3a4590762a0f4c54a1ed51742798c6d8_1.~tmp,1754406912.0,Basic_Info_Changed,0x000400000000C36B,0x000600000000C363,usnjrnl_only,False,,,,,,,,,False,FALSE,FALSE,FALSE,,FALSE,,FALSE,False,False,False,True,39,False,18,1736,329,1,False,True,True,False,False,11,,1,2,0,0,0,0,0,0.0298144208085607,LOW,Benign
12/31/23 1:15,12/31/23 1:15,,,3a4590762a0f4c54a1ed51742798c6d8_1.~tmp,\Users\blueangel\AppData\Local\Packages\Microsoft.Windows.ContentDeliveryManager_cw5n1h2txyewy\LocalState\TargetedContentCache\v3\88000161\3a4590762a0f4c54a1ed51742798c6d8_1.~tmp,,,\Users\blueangel\AppData\Local\Packages\Microsoft.Windows.ContentDeliveryManager_cw5n1h2txyewy\LocalState\TargetedContentCache\v3\88000161\3a4590762a0f4c54a1ed51742798c6d8_1.~tmp|3a4590762a0f4c54a1ed51742798c6d8_1.~tmp,1754407056.0,Basic_Info_Changed / Access_Right_Changed,0x000400000000C36B,0x000600000000C363,usnjrnl_only,False,,,,,,,,,False,FALSE,FALSE,FALSE,,FALSE,,FALSE,False,False,False,True,39,False,18,1736,329,0,False,True,True,False,False,11,,1,2,0,0,0,0,0,0.0298144208085607,LOW,Benign
12/31/23 1:15,12/31/23 1:15,,,3a4590762a0f4c54a1ed51742798c6d8_1.~tmp,\Users\blueangel\AppData\Local\Packages\Microsoft.Windows.ContentDeliveryManager_cw5n1h2txyewy\LocalState\TargetedContentCache\v3\88000161\3a4590762a0f4c54a1ed51742798c6d8_1.~tmp,,,\Users\blueangel\AppData\Local\Packages\Microsoft.Windows.ContentDeliveryManager_cw5n1h2txyewy\LocalState\TargetedContentCache\v3\88000161\3a4590762a0f4c54a1ed51742798c6d8_1.~tmp|3a4590762a0f4c54a1ed51742798c6d8_1.~tmp,1754407968.0,Basic_Info_Changed / File_Renamed_Old / Access_Right_Changed,0x000400000000C36B,0x000600000000C363,usnjrnl_only,False,,,,,,,,,False,FALSE,FALSE,FALSE,,FALSE,,FALSE,False,False,False,True,39,False,18,1736,329,0,False,True,True,False,False,11,,1,2,0,0,0,0,0,0.0298144208085607,LOW,Benign
12/31/23 1:15,12/31/23 1:15,,,3a4590762a0f4c54a1ed51742798c6d8_1,\Users\blueangel\AppData\Local\Packages\Microsoft.Windows.ContentDeliveryManager_cw5n1h2txyewy\LocalState\TargetedContentCache\v3\88000161\3a4590762a0f4c54a1ed51742798c6d8_1,,,\Users\blueangel\AppData\Local\Packages\Microsoft.Windows.ContentDeliveryManager_cw5n1h2txyewy\LocalState\TargetedContentCache\v3\88000161\3a4590762a0f4c54a1ed51742798c6d8_1|3a4590762a0f4c54a1ed51742798c6d8_1,1754408112.0,Basic_Info_Changed / File_Renamed_New / Access_Right_Changed,0x000400000000C36B,0x000600000000C363,usnjrnl_only,False,,,,,,,,,False,FALSE,FALSE,FALSE,,FALSE,,FALSE,False,False,False,True,34,False,12,1736,329,0,False,True,True,False,False,11,,1,2,0,0,0,0,0,0.039773830643638035,LOW,Benign
12/31/23 1:15,12/31/23 1:15,,,3a4590762a0f4c54a1ed51742798c6d8_1,\Users\blueangel\AppData\Local\Packages\Microsoft.Windows.ContentDeliveryManager_cw5n1h2txyewy\LocalState\TargetedContentCache\v3\88000161\3a4590762a0f4c54a1ed51742798c6d8_1,,,\Users\blueangel\AppData\Local\Packages\Microsoft.Windows.ContentDeliveryManager_cw5n1h2txyewy\LocalState\TargetedContentCache\v3\88000161\3a4590762a0f4c54a1ed51742798c6d8_1|3a4590762a0f4c54a1ed51742798c6d8_1,1754408400.0,Basic_Info_Changed / File_Renamed_New / Access_Right_Changed / File_Closed,0x000400000000C36B,0x000600000000C363,usnjrnl_only,False,,,,,,,,,False,FALSE,FALSE,FALSE,,FALSE,,FALSE,False,False,False,True,34,False,12,1736,329,0,False,True,True,True,True,11,,1,3,0,0,0,0,0,0.03596461513649625,LOW,Benign
12/31/23 1:15,12/31/23 1:15,,,6035061725a443caaf0a434ec8cd57f8_1.~tmp,\Users\blueangel\AppData\Local\Packages\Microsoft.Windows.ContentDeliveryManager_cw5n1h2txyewy\LocalState\TargetedContentCache\v3\88000163\6035061725a443caaf0a434ec8cd57f8_1.~tmp,,,\Users\blueangel\AppData\Local\Packages\Microsoft.Windows.ContentDeliveryManager_cw5n1h2txyewy\LocalState\TargetedContentCache\v3\88000163\6035061725a443caaf0a434ec8cd57f8_1.~tmp|6035061725a443caaf0a434ec8cd57f8_1.~tmp,1754409744.0,Basic_Info_Changed,0x000300000000C36E,0x000600000000C365,usnjrnl_only,False,,,,,,,,,False,FALSE,FALSE,FALSE,,FALSE,,FALSE,False,False,False,True,39,False,18,1736,329,1,False,True,True,False,False,11,,1,2,0,0,0,0,0,0.0298144208085607,LOW,Benign
12/31/23 1:15,12/31/23 1:15,,,6035061725a443caaf0a434ec8cd57f8_1.~tmp,\Users\blueangel\AppData\Local\Packages\Microsoft.Windows.ContentDeliveryManager_cw5n1h2txyewy\LocalState\TargetedContentCache\v3\88000163\6035061725a443caaf0a434ec8cd57f8_1.~tmp,,,\Users\blueangel\AppData\Local\Packages\Microsoft.Windows.ContentDeliveryManager_cw5n1h2txyewy\LocalState\TargetedContentCache\v3\88000163\6035061725a443caaf0a434ec8cd57f8_1.~tmp|6035061725a443caaf0a434ec8cd57f8_1.~tmp,1754409888.0,Basic_Info_Changed / Access_Right_Changed,0x000300000000C36E,0x000600000000C365,usnjrnl_only,False,,,,,,,,,False,FALSE,FALSE,FALSE,,FALSE,,FALSE,False,False,False,True,39,False,18,1736,329,0,False,True,True,False,False,11,,1,2,0,0,0,0,0,0.0298144208085607,LOW,Benign
12/31/23 1:15,12/31/23 1:15,,,6035061725a443caaf0a434ec8cd57f8_1.~tmp,\Users\blueangel\AppData\Local\Packages\Microsoft.Windows.ContentDeliveryManager_cw5n1h2txyewy\LocalState\TargetedContentCache\v3\88000163\6035061725a443caaf0a434ec8cd57f8_1.~tmp,,,\Users\blueangel\AppData\Local\Packages\Microsoft.Windows.ContentDeliveryManager_cw5n1h2txyewy\LocalState\TargetedContentCache\v3\88000163\6035061725a443caaf0a434ec8cd57f8_1.~tmp|6035061725a443caaf0a434ec8cd57f8_1.~tmp,1754410800.0,Basic_Info_Changed / File_Renamed_Old / Access_Right_Changed,0x000300000000C36E,0x000600000000C365,usnjrnl_only,False,,,,,,,,,False,FALSE,FALSE,FALSE,,FALSE,,FALSE,False,False,False,True,39,False,18,1736,329,0,False,True,True,False,False,11,,1,2,0,0,0,0,0,0.0298144208085607,LOW,Benign
12/31/23 1:15,12/31/23 1:15,,,6035061725a443caaf0a434ec8cd57f8_1,\Users\blueangel\AppData\Local\Packages\Microsoft.Windows.ContentDeliveryManager_cw5n1h2txyewy\LocalState\TargetedContentCache\v3\88000163\6035061725a443caaf0a434ec8cd57f8_1,,,\Users\blueangel\AppData\Local\Packages\Microsoft.Windows.ContentDeliveryManager_cw5n1h2txyewy\LocalState\TargetedContentCache\v3\88000163\6035061725a443caaf0a434ec8cd57f8_1|6035061725a443caaf0a434ec8cd57f8_1,1754411008.0,Basic_Info_Changed / File_Renamed_New / Access_Right_Changed,0x000300000000C36E,0x000600000000C365,usnjrnl_only,False,,,,,,,,,False,FALSE,FALSE,FALSE,,FALSE,,FALSE,False,False,False,True,34,False,12,1736,329,0,False,True,True,False,False,11,,1,2,0,0,0,0,0,0.039773830643638035,LOW,Benign
12/31/23 1:15,12/31/23 1:15,,,6035061725a443caaf0a434ec8cd57f8_1,\Users\blueangel\AppData\Local\Packages\Microsoft.Windows.ContentDeliveryManager_cw5n1h2txyewy\LocalState\TargetedContentCache\v3\88000163\6035061725a443caaf0a434ec8cd57f8_1,,,\Users\blueangel\AppData\Local\Packages\Microsoft.Windows.ContentDeliveryManager_cw5n1h2txyewy\LocalState\TargetedContentCache\v3\88000163\6035061725a443caaf0a434ec8cd57f8_1|6035061725a443caaf0a434ec8cd57f8_1,1754411296.0,Basic_Info_Changed / File_Renamed_New / Access_Right_Changed / File_Closed,0x000300000000C36E,0x000600000000C365,usnjrnl_only,False,,,,,,,,,False,FALSE,FALSE,FALSE,,FALSE,,FALSE,False,False,False,True,34,False,12,1736,329,0,False,True,True,True,True,11,,1,3,0,0,0,0,0,0.03596461513649625,LOW,Benign
12/31/23 1:15,12/31/23 1:15,,,ccd5f0fe538742298bc2ad7d04cfea96_1.~tmp,\Users\blueangel\AppData\Local\Packages\Microsoft.Windows.ContentDeliveryManager_cw5n1h2txyewy\LocalState\TargetedContentCache\v3\88000165\ccd5f0fe538742298bc2ad7d04cfea96_1.~tmp,,,\Users\blueangel\AppData\Local\Packages\Microsoft.Windows.ContentDeliveryManager_cw5n1h2txyewy\LocalState\TargetedContentCache\v3\88000165\ccd5f0fe538742298bc2ad7d04cfea96_1.~tmp|ccd5f0fe538742298bc2ad7d04cfea96_1.~tmp,1754414192.0,Basic_Info_Changed,0x000300000000C371,0x000700000000C369,usnjrnl_only,False,,,,,,,,,False,FALSE,FALSE,FALSE,,FALSE,,FALSE,False,False,False,True,39,False,18,1736,329,1,False,True,True,False,False,11,,1,2,0,0,0,0,0,0.0298144208085607,LOW,Benign
12/31/23 1:15,12/31/23 1:15,,,ccd5f0fe538742298bc2ad7d04cfea96_1.~tmp,\Users\blueangel\AppData\Local\Packages\Microsoft.Windows.ContentDeliveryManager_cw5n1h2txyewy\LocalState\TargetedContentCache\v3\88000165\ccd5f0fe538742298bc2ad7d04cfea96_1.~tmp,,,\Users\blueangel\AppData\Local\Packages\Microsoft.Windows.ContentDeliveryManager_cw5n1h2txyewy\LocalState\TargetedContentCache\v3\88000165\ccd5f0fe538742298bc2ad7d04cfea96_1.~tmp|ccd5f0fe538742298bc2ad7d04cfea96_1.~tmp,1754414336.0,Basic_Info_Changed / Access_Right_Changed,0x000300000000C371,0x000700000000C369,usnjrnl_only,False,,,,,,,,,False,FALSE,FALSE,FALSE,,FALSE,,FALSE,False,False,False,True,39,False,18,1736,329,0,False,True,True,False,False,11,,1,2,0,0,0,0,0,0.0298144208085607,LOW,Benign
12/31/23 1:15,12/31/23 1:15,,,ccd5f0fe538742298bc2ad7d04cfea96_1.~tmp,\Users\blueangel\AppData\Local\Packages\Microsoft.Windows.ContentDeliveryManager_cw5n1h2txyewy\LocalState\TargetedContentCache\v3\88000165\ccd5f0fe538742298bc2ad7d04cfea96_1.~tmp,,,\Users\blueangel\AppData\Local\Packages\Microsoft.Windows.ContentDeliveryManager_cw5n1h2txyewy\LocalState\TargetedContentCache\v3\88000165\ccd5f0fe538742298bc2ad7d04cfea96_1.~tmp|ccd5f0fe538742298bc2ad7d04cfea96_1.~tmp,1754415264.0,Basic_Info_Changed / File_Renamed_Old / Access_Right_Changed,0x000300000000C371,0x000700000000C369,usnjrnl_only,False,,,,,,,,,False,FALSE,FALSE,FALSE,,FALSE,,FALSE,False,False,False,True,39,False,18,1736,329,0,False,True,True,False,False,11,,1,2,0,0,0,0,0,0.0298144208085607,LOW,Benign
12/31/23 1:15,12/31/23 1:15,,,ccd5f0fe538742298bc2ad7d04cfea96_1,\Users\blueangel\AppData\Local\Packages\Microsoft.Windows.ContentDeliveryManager_cw5n1h2txyewy\LocalState\TargetedContentCache\v3\88000165\ccd5f0fe538742298bc2ad7d04cfea96_1,,,\Users\blueangel\AppData\Local\Packages\Microsoft.Windows.ContentDeliveryManager_cw5n1h2txyewy\LocalState\TargetedContentCache\v3\88000165\ccd5f0fe538742298bc2ad7d04cfea96_1|ccd5f0fe538742298bc2ad7d04cfea96_1,1754415408.0,Basic_Info_Changed / File_Renamed_New / Access_Right_Changed,0x000300000000C371,0x000700000000C369,usnjrnl_only,False,,,,,,,,,False,FALSE,FALSE,FALSE,,FALSE,,FALSE,False,False,False,True,34,False,12,1736,329,0,False,True,True,False,False,11,,1,2,0,0,0,0,0,0.039773830643638035,LOW,Benign
12/31/23 1:15,12/31/23 1:15,,,ccd5f0fe538742298bc2ad7d04cfea96_1,\Users\blueangel\AppData\Local\Packages\Microsoft.Windows.ContentDeliveryManager_cw5n1h2txyewy\LocalState\TargetedContentCache\v3\88000165\ccd5f0fe538742298bc2ad7d04cfea96_1,,,\Users\blueangel\AppData\Local\Packages\Microsoft.Windows.ContentDeliveryManager_cw5n1h2txyewy\LocalState\TargetedContentCache\v3\88000165\ccd5f0fe538742298bc2ad7d04cfea96_1|ccd5f0fe538742298bc2ad7d04cfea96_1,1754415696.0,Basic_Info_Changed / File_Renamed_New / Access_Right_Changed / File_Closed,0x000300000000C371,0x000700000000C369,usnjrnl_only,False,,,,,,,,,False,FALSE,FALSE,FALSE,,FALSE,,FALSE,False,False,False,True,34,False,12,1736,329,0,False,True,True,True,True,11,,1,3,0,0,0,0,0,0.03596461513649625,LOW,Benign
12/31/23 1:15,12/31/23 1:15,,,settings.dat,\Users\blueangel\AppData\Local\Packages\Microsoft.Windows.ContentDeliveryManager_cw5n1h2txyewy\Settings\settings.dat,,,\Users\blueangel\AppData\Local\Packages\Microsoft.Windows.ContentDeliveryManager_cw5n1h2txyewy\Settings\settings.dat|settings.dat,1754420408.0,Basic_Info_Changed / Data_Overwritten,0x000100000001A62F,0x000100000001A62C,usnjrnl_only,False,,,,,,,,,False,FALSE,FALSE,FALSE,,FALSE,,FALSE,False,False,False,True,12,False,940,1736,329,2,False,True,True,False,False,8,,1,2,0,0,0,0,0,0.0298144208085607,LOW,Benign
12/31/23 1:15,12/31/23 1:15,,,settings.dat,\Users\blueangel\AppData\Local\Packages\Microsoft.Windows.ContentDeliveryManager_cw5n1h2txyewy\Settings\settings.dat,,,\Users\blueangel\AppData\Local\Packages\Microsoft.Windows.ContentDeliveryManager_cw5n1h2txyewy\Settings\settings.dat|settings.dat,1754420592.0,Basic_Info_Changed / Data_Overwritten / File_Closed,0x000100000001A62F,0x000100000001A62C,usnjrnl_only,False,,,,,,,,,False,FALSE,FALSE,FALSE,,FALSE,,FALSE,False,False,False,True,12,False,940,1736,329,1,False,True,True,True,True,8,,1,3,0,0,0,0,0,0.01988188851507617,LOW,Benign
12/31/23 1:16,12/31/23 1:16,,,settings.dat,\Users\blueangel\AppData\Local\Packages\Microsoft.AAD.BrokerPlugin_cw5n1h2txyewy\Settings\settings.dat,,,\Users\blueangel\AppData\Local\Packages\Microsoft.AAD.BrokerPlugin_cw5n1h2txyewy\Settings\settings.dat|settings.dat,1754437112.0,Basic_Info_Changed,0x000100000001A43A,0x000100000001A437,usnjrnl_only,False,,,,,,,,,False,FALSE,FALSE,FALSE,,FALSE,,FALSE,False,False,False,True,12,False,814,1736,329,15,False,True,True,False,False,8,,1,2,0,0,0,0,0,0.0298144208085607,LOW,Benign
12/31/23 1:16,12/31/23 1:16,,,settings.dat,\Users\blueangel\AppData\Local\Packages\Microsoft.AAD.BrokerPlugin_cw5n1h2txyewy\Settings\settings.dat,,,\Users\blueangel\AppData\Local\Packages\Microsoft.AAD.BrokerPlugin_cw5n1h2txyewy\Settings\settings.dat|settings.dat,1754438080.0,Basic_Info_Changed / File_Closed,0x000100000001A43A,0x000100000001A437,usnjrnl_only,False,,,,,,,,,False,FALSE,FALSE,FALSE,,FALSE,,FALSE,False,False,False,True,12,False,814,1736,329,1,False,True,True,True,True,8,,1,3,0,0,0,0,0,0.01988188851507617,LOW,Benign
12/31/23 1:16,12/31/23 1:16,,,settings.dat,\Users\blueangel\AppData\Local\Packages\Microsoft.Windows.ContentDeliveryManager_cw5n1h2txyewy\Settings\settings.dat,,,\Users\blueangel\AppData\Local\Packages\Microsoft.Windows.ContentDeliveryManager_cw5n1h2txyewy\Settings\settings.dat|settings.dat,1754438448.0,Basic_Info_Changed / Data_Overwritten,0x000100000001A62F,0x000100000001A62C,usnjrnl_only,False,,,,,,,,,False,FALSE,FALSE,FALSE,,FALSE,,FALSE,False,False,False,True,12,False,940,1736,329,0,False,True,True,False,False,8,,1,2,0,0,0,0,0,0.0298144208085607,LOW,Benign
12/31/23 1:16,12/31/23 1:16,,,2a8e112d303677e0_COM15.dat,\ProgramData\Packages\DropboxInc.Dropbox_wkt425jdc3sga\S-1-5-21-2013336793-2335637549-584498142-1001\SystemAppData\Helium\Cache\2a8e112d303677e0_COM15.dat,,,\ProgramData\Packages\DropboxInc.Dropbox_wkt425jdc3sga\S-1-5-21-2013336793-2335637549-584498142-1001\SystemAppData\Helium\Cache\2a8e112d303677e0_COM15.dat|2a8e112d303677e0_COM15.dat,1754439680.0,Basic_Info_Changed,0x000200000000BF02,0x000200000000BEF7,usnjrnl_only,False,,,,,,,,,False,FALSE,FALSE,FALSE,,FALSE,,FALSE,False,False,False,True,26,False,112,1736,329,1,False,True,True,False,False,8,,1,2,0,0,0,0,0,0.0298144208085607,LOW,Benign
12/31/23 1:16,12/31/23 1:16,,,UserClasses.dat,\Users\blueangel\AppData\Local\Packages\DropboxInc.Dropbox_wkt425jdc3sga\SystemAppData\Helium\UserClasses.dat,,,\Users\blueangel\AppData\Local\Packages\DropboxInc.Dropbox_wkt425jdc3sga\SystemAppData\Helium\UserClasses.dat|UserClasses.dat,1754439904.0,Basic_Info_Changed,0x000200000000BEFE,0x000300000000BEF4,usnjrnl_only,False,,,,,,,,,False,FALSE,FALSE,FALSE,,FALSE,,FALSE,False,False,False,True,15,False,112,1736,329,0,False,True,True,False,False,9,,1,2,0,0,0,0,0,0.0298144208085607,LOW,Benign
12/31/23 1:16,12/31/23 1:16,,,User.dat,\Users\blueangel\AppData\Local\Packages\DropboxInc.Dropbox_wkt425jdc3sga\SystemAppData\Helium\User.dat,,,\Users\blueangel\AppData\Local\Packages\DropboxInc.Dropbox_wkt425jdc3sga\SystemAppData\Helium\User.dat|User.dat,1754440000.0,Basic_Info_Changed,0x000200000000BEFA,0x000300000000BEF4,usnjrnl_only,False,,,,,,,,,False,FALSE,FALSE,FALSE,,FALSE,,FALSE,False,False,False,True,8,False,112,1736,329,0,False,True,True,False,False,9,,1,2,0,0,0,0,0,0.0298144208085607,LOW,Benign
12/31/23 1:16,12/31/23 1:16,,,settings.dat,\Users\blueangel\AppData\Local\Packages\Microsoft.Windows.ContentDeliveryManager_cw5n1h2txyewy\Settings\settings.dat,,,\Users\blueangel\AppData\Local\Packages\Microsoft.Windows.ContentDeliveryManager_cw5n1h2txyewy\Settings\settings.dat|settings.dat,1754440080.0,Basic_Info_Changed / Data_Overwritten / File_Closed,0x000100000001A62F,0x000100000001A62C,usnjrnl_only,False,,,,,,,,,False,FALSE,FALSE,FALSE,,FALSE,,FALSE,False,False,False,True,12,False,940,1736,329,1,False,True,True,True,True,8,,1,3,0,0,0,0,0,0.01988188851507617,LOW,Benign
12/31/23 1:16,12/31/23 1:16,,,9d174002b722e1ca_COM15.dat,\ProgramData\Packages\Microsoft.SkypeApp_kzf8qxf38zg5c\S-1-5-21-2013336793-2335637549-584498142-1001\SystemAppData\Helium\Cache\9d174002b722e1ca_COM15.dat,,,\ProgramData\Packages\Microsoft.SkypeApp_kzf8qxf38zg5c\S-1-5-21-2013336793-2335637549-584498142-1001\SystemAppData\Helium\Cache\9d174002b722e1ca_COM15.dat|9d174002b722e1ca_COM15.dat,1754446624.0,Basic_Info_Changed,0x0003000000010CDF,0x0001000000054CD0,usnjrnl_only,False,,,,,,,,,False,FALSE,FALSE,FALSE,,FALSE,,FALSE,False,False,False,True,26,False,84,1736,329,6,False,True,True,False,False,8,,1,2,0,0,0,0,0,0.0298144208085607,LOW,Benign
12/31/23 1:16,12/31/23 1:16,,,UserClasses.dat,\Users\blueangel\AppData\Local\Packages\Microsoft.SkypeApp_kzf8qxf38zg5c\SystemAppData\Helium\UserClasses.dat,,,\Users\blueangel\AppData\Local\Packages\Microsoft.SkypeApp_kzf8qxf38zg5c\SystemAppData\Helium\UserClasses.dat|UserClasses.dat,1754446848.0,Basic_Info_Changed,0x0001000000054CD5,0x00090000000517DE,usnjrnl_only,False,,,,,,,,,False,FALSE,FALSE,FALSE,,FALSE,,FALSE,False,False,False,True,15,False,171,1736,329,0,False,True,True,False,False,9,,1,2,0,0,0,0,0,0.0298144208085607,LOW,Benign
12/31/23 1:16,12/31/23 1:16,,,2a8e112d303677e0_COM15.dat,\ProgramData\Packages\DropboxInc.Dropbox_wkt425jdc3sga\S-1-5-21-2013336793-2335637549-584498142-1001\SystemAppData\Helium\Cache\2a8e112d303677e0_COM15.dat,,,\ProgramData\Packages\DropboxInc.Dropbox_wkt425jdc3sga\S-1-5-21-2013336793-2335637549-584498142-1001\SystemAppData\Helium\Cache\2a8e112d303677e0_COM15.dat|2a8e112d303677e0_COM15.dat,1754446944.0,Basic_Info_Changed / File_Closed,0x000200000000BF02,0x000200000000BEF7,usnjrnl_only,False,,,,,,,,,False,FALSE,FALSE,FALSE,,FALSE,,FALSE,False,False,False,True,26,False,112,1736,329,0,False,True,True,True,True,8,,1,3,0,0,0,0,0,0.01988188851507617,LOW,Benign
12/31/23 1:16,12/31/23 1:16,,,UserClasses.dat,\Users\blueangel\AppData\Local\Packages\DropboxInc.Dropbox_wkt425jdc3sga\SystemAppData\Helium\UserClasses.dat,,,\Users\blueangel\AppData\Local\Packages\DropboxInc.Dropbox_wkt425jdc3sga\SystemAppData\Helium\UserClasses.dat|UserClasses.dat,1754447056.0,Basic_Info_Changed / File_Closed,0x000200000000BEFE,0x000300000000BEF4,usnjrnl_only,False,,,,,,,,,False,FALSE,FALSE,FALSE,,FALSE,,FALSE,False,False,False,True,15,False,112,1736,329,0,False,True,True,True,True,9,,1,3,0,0,0,0,0,0.01988188851507617,LOW,Benign
12/31/23 1:16,12/31/23 1:16,,,User.dat,\Users\blueangel\AppData\Local\Packages\Microsoft.SkypeApp_kzf8qxf38zg5c\SystemAppData\Helium\User.dat,,,\Users\blueangel\AppData\Local\Packages\Microsoft.SkypeApp_kzf8qxf38zg5c\SystemAppData\Helium\User.dat|User.dat,1754447152.0,Basic_Info_Changed,0x0001000000054CD2,0x00090000000517DE,usnjrnl_only,False,,,,,,,,,False,FALSE,FALSE,FALSE,,FALSE,,FALSE,False,False,False,True,8,False,171,1736,329,0,False,True,True,False,False,9,,1,2,0,0,0,0,0,0.0298144208085607,LOW,Benign
12/31/23 1:16,12/31/23 1:16,,,User.dat,\Users\blueangel\AppData\Local\Packages\DropboxInc.Dropbox_wkt425jdc3sga\SystemAppData\Helium\User.dat,,,\Users\blueangel\AppData\Local\Packages\DropboxInc.Dropbox_wkt425jdc3sga\SystemAppData\Helium\User.dat|User.dat,1754447568.0,Basic_Info_Changed / File_Closed,0x000200000000BEFA,0x000300000000BEF4,usnjrnl_only,False,,,,,,,,,False,FALSE,FALSE,FALSE,,FALSE,,FALSE,False,False,False,True,8,False,112,1736,329,0,False,True,True,True,True,9,,1,3,0,0,0,0,0,0.01988188851507617,LOW,Benign
12/31/23 1:16,12/31/23 1:16,,,9d174002b722e1ca_COM15.dat,\ProgramData\Packages\Microsoft.SkypeApp_kzf8qxf38zg5c\S-1-5-21-2013336793-2335637549-584498142-1001\SystemAppData\Helium\Cache\9d174002b722e1ca_COM15.dat,,,\ProgramData\Packages\Microsoft.SkypeApp_kzf8qxf38zg5c\S-1-5-21-2013336793-2335637549-584498142-1001\SystemAppData\Helium\Cache\9d174002b722e1ca_COM15.dat|9d174002b722e1ca_COM15.dat,1754447648.0,Basic_Info_Changed / File_Closed,0x0003000000010CDF,0x0001000000054CD0,usnjrnl_only,False,,,,,,,,,False,FALSE,FALSE,FALSE,,FALSE,,FALSE,False,False,False,True,26,False,84,1736,329,0,False,True,True,True,True,8,,1,3,0,0,0,0,0,0.01988188851507617,LOW,Benign
12/31/23 1:16,12/31/23 1:16,,,UserClasses.dat,\Users\blueangel\AppData\Local\Packages\Microsoft.SkypeApp_kzf8qxf38zg5c\SystemAppData\Helium\UserClasses.dat,,,\Users\blueangel\AppData\Local\Packages\Microsoft.SkypeApp_kzf8qxf38zg5c\SystemAppData\Helium\UserClasses.dat|UserClasses.dat,1754447760.0,Basic_Info_Changed / File_Closed,0x0001000000054CD5,0x00090000000517DE,usnjrnl_only,False,,,,,,,,,False,FALSE,FALSE,FALSE,,FALSE,,FALSE,False,False,False,True,15,False,171,1736,329,0,False,True,True,True,True,9,,1,3,0,0,0,0,0,0.01988188851507617,LOW,Benign
12/31/23 1:16,12/31/23 1:16,,,User.dat,\Users\blueangel\AppData\Local\Packages\Microsoft.SkypeApp_kzf8qxf38zg5c\SystemAppData\Helium\User.dat,,,\Users\blueangel\AppData\Local\Packages\Microsoft.SkypeApp_kzf8qxf38zg5c\SystemAppData\Helium\User.dat|User.dat,1754447872.0,Basic_Info_Changed / File_Closed,0x0001000000054CD2,0x00090000000517DE,usnjrnl_only,False,,,,,,,,,False,FALSE,FALSE,FALSE,,FALSE,,FALSE,False,False,False,True,8,False,171,1736,329,0,False,True,True,True,True,9,,1,3,0,0,0,0,0,0.01988188851507617,LOW,Benign
12/31/23 1:16,12/31/23 1:16,,,waasmedic.20231230_171520_750.etl,\Windows\Logs\waasmedic\waasmedic.20231230_171520_750.etl,,,\Windows\Logs\waasmedic\waasmedic.20231230_171520_750.etl|waasmedic.20231230_171520_750.etl,1754453576.0,File_Created / Basic_Info_Changed / Data_Added / Data_Overwritten / Content_Indexed_Attr_Changed / File_Closed,0x000200000000C9E4,0x000100000001A208,usnjrnl_only,False,,,,,,,,,False,FALSE,FALSE,FALSE,,FALSE,,FALSE,False,False,False,True,33,False,4,1736,329,13,False,True,True,True,True,4,,1,3,0,0,0,0,0,0.14652653344472064,LOW,Benign
12/31/23 1:16,12/31/23 1:16,,,settings.dat,\Users\blueangel\AppData\Local\Packages\Microsoft.MicrosoftOfficeHub_8wekyb3d8bbwe\Settings\settings.dat,,,\Users\blueangel\AppData\Local\Packages\Microsoft.MicrosoftOfficeHub_8wekyb3d8bbwe\Settings\settings.dat|settings.dat,1754454256.0,Basic_Info_Changed / Data_Overwritten,0x000100000001B4F4,0x000100000001B4EE,usnjrnl_only,False,,,,,,,,,False,FALSE,FALSE,FALSE,,FALSE,,FALSE,False,False,False,True,12,False,648,1736,329,2,False,True,True,False,False,8,,1,2,0,0,0,0,0,0.0298144208085607,LOW,Benign
12/31/23 1:16,12/31/23 1:16,,,MoUsoCoreWorker.c8c1959c-7459-4bc7-8336-3674beeeec8f.1.etl,\ProgramData\USOShared\Logs\System\MoUsoCoreWorker.c8c1959c-7459-4bc7-8336-3674beeeec8f.1.etl,,,\ProgramData\USOShared\Logs\System\MoUsoCoreWorker.c8c1959c-7459-4bc7-8336-3674beeeec8f.1.etl|MoUsoCoreWorker.c8c1959c-7459-4bc7-8336-3674beeeec8f.1.etl,1754454800.0,File_Created / Basic_Info_Changed / Data_Added / Data_Overwritten,0x000500000000C9ED,0x0001000000000624,usnjrnl_only,False,,,,,,,,,False,FALSE,FALSE,FALSE,,FALSE,,FALSE,False,False,False,False,58,False,4,1736,329,2,False,True,True,False,False,5,,1,2,0,0,0,0,0,0.03984863856333576,LOW,Benign
12/31/23 1:16,12/31/23 1:16,,,MoUsoCoreWorker.c8c1959c-7459-4bc7-8336-3674beeeec8f.1.etl,\ProgramData\USOShared\Logs\System\MoUsoCoreWorker.c8c1959c-7459-4bc7-8336-3674beeeec8f.1.etl,,,\ProgramData\USOShared\Logs\System\MoUsoCoreWorker.c8c1959c-7459-4bc7-8336-3674beeeec8f.1.etl|MoUsoCoreWorker.c8c1959c-7459-4bc7-8336-3674beeeec8f.1.etl,1754454976.0,File_Created / Basic_Info_Changed / Data_Added / Data_Overwritten / File_Closed,0x000500000000C9ED,0x0001000000000624,usnjrnl_only,False,,,,,,,,,False,FALSE,FALSE,FALSE,,FALSE,,FALSE,False,False,False,True,58,False,4,1736,329,0,False,True,True,True,True,5,,1,3,0,0,0,0,0,0.07893042752209004,LOW,Benign
12/31/23 1:16,12/31/23 1:16,,,WuProvider.3d846b66-ee13-4f2b-b967-fb7d65646396.1.etl,\ProgramData\USOShared\Logs\System\WuProvider.3d846b66-ee13-4f2b-b967-fb7d65646396.1.etl,,,\ProgramData\USOShared\Logs\System\WuProvider.3d846b66-ee13-4f2b-b967-fb7d65646396.1.etl|WuProvider.3d846b66-ee13-4f2b-b967-fb7d65646396.1.etl,1754455224.0,File_Created / Basic_Info_Changed / Data_Added / Data_Overwritten,0x000400000000C9EE,0x0001000000000624,usnjrnl_only,False,,,,,,,,,False,FALSE,FALSE,FALSE,,FALSE,,FALSE,False,False,False,False,53,False,4,1736,329,0,False,True,True,False,False,5,,1,2,0,0,0,0,0,0.03984863856333576,LOW,Benign
12/31/23 1:16,12/31/23 1:16,,,WuProvider.3d846b66-ee13-4f2b-b967-fb7d65646396.1.etl,\ProgramData\USOShared\Logs\System\WuProvider.3d846b66-ee13-4f2b-b967-fb7d65646396.1.etl,,,\ProgramData\USOShared\Logs\System\WuProvider.3d846b66-ee13-4f2b-b967-fb7d65646396.1.etl|WuProvider.3d846b66-ee13-4f2b-b967-fb7d65646396.1.etl,1754455392.0,File_Created / Basic_Info_Changed / Data_Added / Data_Overwritten / File_Closed,0x000400000000C9EE,0x0001000000000624,usnjrnl_only,False,,,,,,,,,False,FALSE,FALSE,FALSE,,FALSE,,FALSE,False,False,False,True,53,False,4,1736,329,0,False,True,True,True,True,5,,1,3,0,0,0,0,0,0.07893042752209004,LOW,Benign
12/31/23 1:20,12/31/23 1:20,,,MoUsoCoreWorker.0b6df319-8522-4754-abfa-93cc7e378546.1.etl,\ProgramData\USOShared\Logs\System\MoUsoCoreWorker.0b6df319-8522-4754-abfa-93cc7e378546.1.etl,,,\ProgramData\USOShared\Logs\System\MoUsoCoreWorker.0b6df319-8522-4754-abfa-93cc7e378546.1.etl|MoUsoCoreWorker.0b6df319-8522-4754-abfa-93cc7e378546.1.etl,1754498136.0,File_Created / Basic_Info_Changed,0x0228000000008106,0x0001000000000624,usnjrnl_only,False,,,,,,,,,False,FALSE,FALSE,FALSE,,FALSE,,FALSE,False,False,False,False,58,False,4,1736,374,225,False,True,True,False,False,5,,1,2,0,0,0,0,0,0.040735895503084124,LOW,Benign
12/31/23 1:20,12/31/23 1:20,,,MoUsoCoreWorker.0b6df319-8522-4754-abfa-93cc7e378546.1.etl,\ProgramData\USOShared\Logs\System\MoUsoCoreWorker.0b6df319-8522-4754-abfa-93cc7e378546.1.etl,,,\ProgramData\USOShared\Logs\System\MoUsoCoreWorker.0b6df319-8522-4754-abfa-93cc7e378546.1.etl|MoUsoCoreWorker.0b6df319-8522-4754-abfa-93cc7e378546.1.etl,1754498312.0,File_Created / Basic_Info_Changed / Data_Added,0x0228000000008106,0x0001000000000624,usnjrnl_only,False,,,,,,,,,False,FALSE,FALSE,FALSE,,FALSE,,FALSE,False,False,False,False,58,False,4,1736,374,0,False,True,True,False,False,5,,1,2,0,0,0,0,0,0.040735895503084124,LOW,Benign
12/31/23 1:20,12/31/23 1:20,,,WuProvider.6d2b7236-5ca3-4ebe-a136-7bb24fcf0d4f.1.etl,\ProgramData\USOShared\Logs\System\WuProvider.6d2b7236-5ca3-4ebe-a136-7bb24fcf0d4f.1.etl,,,\ProgramData\USOShared\Logs\System\WuProvider.6d2b7236-5ca3-4ebe-a136-7bb24fcf0d4f.1.etl|WuProvider.6d2b7236-5ca3-4ebe-a136-7bb24fcf0d4f.1.etl,1754498824.0,File_Created / Basic_Info_Changed,0x001C00000000BEC7,0x0001000000000624,usnjrnl_only,False,,,,,,,,,False,FALSE,FALSE,FALSE,,FALSE,,FALSE,False,False,False,False,53,False,4,1736,374,0,False,True,True,False,False,5,,1,2,0,0,0,0,0,0.040735895503084124,LOW,Benign
12/31/23 1:20,12/31/23 1:20,,,WuProvider.6d2b7236-5ca3-4ebe-a136-7bb24fcf0d4f.1.etl,\ProgramData\USOShared\Logs\System\WuProvider.6d2b7236-5ca3-4ebe-a136-7bb24fcf0d4f.1.etl,,,\ProgramData\USOShared\Logs\System\WuProvider.6d2b7236-5ca3-4ebe-a136-7bb24fcf0d4f.1.etl|WuProvider.6d2b7236-5ca3-4ebe-a136-7bb24fcf0d4f.1.etl,1754498992.0,File_Created / Basic_Info_Changed / Data_Added,0x001C00000000BEC7,0x0001000000000624,usnjrnl_only,False,,,,,,,,,False,FALSE,FALSE,FALSE,,FALSE,,FALSE,False,False,False,False,53,False,4,1736,374,0,False,True,True,False,False,5,,1,2,0,0,0,0,0,0.040735895503084124,LOW,Benign
12/31/23 1:20,12/31/23 1:20,,,waasmedic.20231230_172013_025.etl,\Windows\Logs\waasmedic\waasmedic.20231230_172013_025.etl,,,\Windows\Logs\waasmedic\waasmedic.20231230_172013_025.etl|waasmedic.20231230_172013_025.etl,1754499552.0,File_Created / Basic_Info_Changed / Content_Indexed_Attr_Changed,0x000600000000BF7D,0x000100000001A208,usnjrnl_only,False,,,,,,,,,False,FALSE,FALSE,FALSE,,FALSE,,FALSE,False,False,False,False,33,False,4,1736,374,1,False,True,True,False,False,4,,1,2,0,0,0,0,0,0.05069530533816146,LOW,Benign
12/31/23 1:20,12/31/23 1:20,,,waasmedic.20231230_172013_025.etl,\Windows\Logs\waasmedic\waasmedic.20231230_172013_025.etl,,,\Windows\Logs\waasmedic\waasmedic.20231230_172013_025.etl|waasmedic.20231230_172013_025.etl,1754499680.0,File_Created / Basic_Info_Changed / Data_Added / Content_Indexed_Attr_Changed,0x000600000000BF7D,0x000100000001A208,usnjrnl_only,False,,,,,,,,,False,FALSE,FALSE,FALSE,,FALSE,,FALSE,False,False,False,False,33,False,4,1736,374,0,False,True,True,False,False,4,,1,2,0,0,0,0,0,0.05069530533816146,LOW,Benign
12/31/23 1:20,12/31/23 1:20,,,waasmedic.20231230_172013_025.etl,\Windows\Logs\waasmedic\waasmedic.20231230_172013_025.etl,,,\Windows\Logs\waasmedic\waasmedic.20231230_172013_025.etl|waasmedic.20231230_172013_025.etl,1754502152.0,File_Created / Basic_Info_Changed / Data_Added / Data_Overwritten / Content_Indexed_Attr_Changed,0x000600000000BF7D,0x000100000001A208,usnjrnl_only,False,,,,,,,,,False,FALSE,FALSE,FALSE,,FALSE,,FALSE,False,False,False,False,33,False,4,1736,374,0,False,True,True,False,False,4,,1,2,0,0,0,0,0,0.05069530533816146,LOW,Benign
12/31/23 1:20,12/31/23 1:20,,,HxCommAlwaysOnLog.etl,\Users\blueangel\AppData\Local\Packages\microsoft.windowscommunicationsapps_8wekyb3d8bbwe\LocalState\HxCommAlwaysOnLog.etl,,,\Users\blueangel\AppData\Local\Packages\microsoft.windowscommunicationsapps_8wekyb3d8bbwe\LocalState\HxCommAlwaysOnLog.etl|HxCommAlwaysOnLog.etl,1754506688.0,File_Created / Basic_Info_Changed / Content_Indexed_Attr_Changed,0x001600000000C923,0x000100000001A66F,usnjrnl_only,False,,,,,,,,,False,FALSE,FALSE,FALSE,,FALSE,,FALSE,False,False,False,False,21,False,443,1736,374,0,False,True,True,False,False,8,,1,2,0,0,0,0,0,0.0298144208085607,LOW,Benign
12/31/23 1:20,12/31/23 1:20,,,HxCommAlwaysOnLog.etl,\Users\blueangel\AppData\Local\Packages\microsoft.windowscommunicationsapps_8wekyb3d8bbwe\LocalState\HxCommAlwaysOnLog.etl,,,\Users\blueangel\AppData\Local\Packages\microsoft.windowscommunicationsapps_8wekyb3d8bbwe\LocalState\HxCommAlwaysOnLog.etl|HxCommAlwaysOnLog.etl,1754506792.0,File_Created / Basic_Info_Changed / Data_Added / Content_Indexed_Attr_Changed,0x001600000000C923,0x000100000001A66F,usnjrnl_only,False,,,,,,,,,False,FALSE,FALSE,FALSE,,FALSE,,FALSE,False,False,False,False,21,False,443,1736,374,0,False,True,True,False,False,8,,1,2,0,0,0,0,0,0.0298144208085607,LOW,Benign
12/31/23 1:20,12/31/23 1:20,,,HxCommAlwaysOnLog.etl,\Users\blueangel\AppData\Local\Packages\microsoft.windowscommunicationsapps_8wekyb3d8bbwe\LocalState\HxCommAlwaysOnLog.etl,,,\Users\blueangel\AppData\Local\Packages\microsoft.windowscommunicationsapps_8wekyb3d8bbwe\LocalState\HxCommAlwaysOnLog.etl|HxCommAlwaysOnLog.etl,1754507256.0,File_Created / Basic_Info_Changed / Data_Added / Content_Indexed_Attr_Changed / File_Closed,0x001600000000C923,0x000100000001A66F,usnjrnl_only,False,,,,,,,,,False,FALSE,FALSE,FALSE,,FALSE,,FALSE,False,False,False,True,21,False,443,1736,374,0,False,True,True,True,True,8,,1,3,0,0,0,0,0,0.01988188851507617,LOW,Benign
12/31/23 1:20,12/31/23 1:20,,,settings.dat,\Users\blueangel\AppData\Local\Packages\microsoft.windowscommunicationsapps_8wekyb3d8bbwe\Settings\settings.dat,,,\Users\blueangel\AppData\Local\Packages\microsoft.windowscommunicationsapps_8wekyb3d8bbwe\Settings\settings.dat|settings.dat,1754507632.0,Basic_Info_Changed / Data_Overwritten,0x000100000001A676,0x000100000001A673,usnjrnl_only,False,,,,,,,,,False,FALSE,FALSE,FALSE,,FALSE,,FALSE,False,False,False,True,12,False,274,1736,374,0,False,True,True,False,False,8,,1,2,0,0,0,0,0,0.0298144208085607,LOW,Benign
12/31/23 1:20,12/31/23 1:20,10587787256.0,Time Reversal Event,CL_Utility.ps1,,0x3277,6.0,|CL_Utility.ps1,1754510040.0,File_Created / Basic_Info_Changed / Data_Added / Data_Overwritten / Access_Right_Changed,0x000300000000C9DF,0x003500000000BFA1,both,False,,,12/31/23 1:20,12/7/19 17:09,,,12/31/23 1:20,12/16/22 16:10,False,FALSE,FALSE,TRUE,,FALSE,379.3818865740741,TRUE,True,False,False,True,14,False,12,1736,374,2,True,True,True,False,False,0,-1484.340567,3,2,0,0,0,0,0,0.1496462384747852,LOW,Benign
12/31/23 1:20,12/31/23 1:20,10587788156.0,Time Reversal Event,DiagPackage.diagpkg,,0x3278,0.0,|DiagPackage.diagpkg,1754510632.0,File_Created / Basic_Info_Changed / Data_Added / Data_Overwritten / Access_Right_Changed,0x000300000000C9E0,0x003500000000BFA1,both,False,,,12/31/23 1:20,12/7/19 17:09,,,12/31/23 1:20,12/16/22 16:10,False,FALSE,FALSE,TRUE,,FALSE,379.3818865740741,TRUE,False,False,False,True,19,False,12,1736,374,0,True,True,True,False,False,0,-1484.340567,3,2,0,0,0,0,0,0.08976639126145695,LOW,Benign
12/31/23 1:20,12/31/23 1:20,10587789384.0,Time Reversal Event,DiagPackage.dll,,0x3304,6.0,|DiagPackage.dll,1754511224.0,File_Created / Basic_Info_Changed / Data_Added / Data_Overwritten / Extended_Attr_Changed / Access_Right_Changed,0x000500000000CC13,0x003500000000BFA1,both,False,,,12/31/23 1:20,12/7/19 17:09,,,12/31/23 1:20,12/25/23 16:25,False,FALSE,FALSE,TRUE,,FALSE,5.371226851851852,TRUE,True,False,False,True,15,False,12,1736,374,0,True,True,True,False,False,0,-1484.340567,3,2,0,0,0,0,0,0.12976440661785724,LOW,Benign
12/31/23 1:20,12/31/23 1:20,10587790374.0,Time Reversal Event,RS_AdminDiagnosticHistory.ps1,,0x3319,4.0,|RS_AdminDiagnosticHistory.ps1,1754511896.0,File_Created / Basic_Info_Changed / Data_Added / Data_Overwritten / Access_Right_Changed,0x000800000000CC66,0x003500000000BFA1,both,False,,,12/31/23 1:20,12/7/19 17:09,,,12/31/23 1:20,12/16/22 16:10,False,FALSE,FALSE,TRUE,,FALSE,379.3818865740741,TRUE,True,False,False,True,29,False,12,1736,374,0,True,True,True,False,False,0,-1484.340567,3,2,0,0,0,0,0,0.13970532254632123,LOW,Benign
12/31/23 1:20,12/31/23 1:20,10587791369.0,Time Reversal Event,RS_MachineWERQueue.ps1,,0x331B,0.0,|RS_MachineWERQueue.ps1,1754512552.0,File_Created / Basic_Info_Changed / Data_Added / Data_Overwritten / Access_Right_Changed,0x000600000000CC6C,0x003500000000BFA1,both,False,,,12/31/23 1:20,12/7/19 17:09,,,12/31/23 1:20,12/16/22 16:10,False,FALSE,FALSE,TRUE,,FALSE,379.3818865740741,TRUE,True,False,False,True,22,False,12,1736,374,0,True,True,True,False,False,0,-1484.340567,3,2,0,0,0,0,0,0.12970532254632122,LOW,Benign
12/31/23 1:20,12/31/23 1:20,10587792446.0,Time Reversal Event,RS_SyncSystemTime.ps1,,0x331B,6.0,|RS_SyncSystemTime.ps1,1754513176.0,File_Created / Basic_Info_Changed / Data_Added / Data_Overwritten / Access_Right_Changed,0x000200000000CC6F,0x003500000000BFA1,both,False,,,12/31/23 1:20,12/7/19 17:09,,,12/31/23 1:20,12/16/22 16:10,False,FALSE,FALSE,TRUE,,FALSE,379.3818865740741,TRUE,True,False,False,True,21,False,12,1736,374,0,True,True,True,False,False,0,-1484.340567,3,2,0,0,0,0,0,0.13970532254632123,LOW,Benign
12/31/23 1:20,12/31/23 1:20,10587793482.0,Time Reversal Event,RS_UserDiagnosticHistory.ps1,,0x331C,2.0,|RS_UserDiagnosticHistory.ps1,1754513888.0,File_Created / Basic_Info_Changed / Data_Added / Data_Overwritten / Access_Right_Changed,0x000300000000CC71,0x003500000000BFA1,both,False,,,12/31/23 1:20,12/7/19 17:09,,,12/31/23 1:20,12/16/22 16:10,False,FALSE,FALSE,TRUE,,FALSE,379.3818865740741,TRUE,True,False,False,True,28,False,12,1736,374,0,True,True,True,False,False,0,-1484.340567,3,2,0,0,0,0,0,0.13970532254632123,LOW,Benign
12/31/23 1:20,12/31/23 1:20,10587794463.0,Time Reversal Event,RS_UserWERQueue.ps1,,0x331D,0.0,|RS_UserWERQueue.ps1,1754514544.0,File_Created / Basic_Info_Changed / Data_Added / Data_Overwritten / Access_Right_Changed,0x000200000000CC74,0x003500000000BFA1,both,False,,,12/31/23 1:20,12/7/19 17:09,,,12/31/23 1:20,12/16/22 16:10,False,FALSE,FALSE,TRUE,,FALSE,379.3818865740741,TRUE,True,False,False,True,19,False,12,1736,374,0,True,True,True,False,False,0,-1484.340567,3,2,0,0,0,0,0,0.12970532254632122,LOW,Benign
12/31/23 1:20,12/31/23 1:20,10587795441.0,Time Reversal Event,TS_DiagnosticHistory.ps1,,0x3320,0.0,|TS_DiagnosticHistory.ps1,1754515200.0,File_Created / Basic_Info_Changed / Data_Added / Data_Overwritten / Access_Right_Changed,0x000300000000CC80,0x003500000000BFA1,both,False,,,12/31/23 1:20,12/7/19 17:09,,,12/31/23 1:20,12/16/22 16:10,False,FALSE,FALSE,TRUE,,FALSE,379.3818865740741,TRUE,True,False,False,True,24,False,12,1736,374,0,True,True,True,False,False,0,-1484.340567,3,2,0,0,0,0,0,0.12970532254632122,LOW,Benign
12/31/23 1:20,12/31/23 1:20,10587796359.0,Time Reversal Event,TS_InaccurateSystemTime.ps1,,0x3320,6.0,|TS_InaccurateSystemTime.ps1,1754515904.0,File_Created / Basic_Info_Changed / Data_Added / Data_Overwritten / Access_Right_Changed,0x000200000000CC83,0x003500000000BFA1,both,False,,,12/31/23 1:20,12/7/19 17:09,,,12/31/23 1:20,12/16/22 16:10,False,FALSE,FALSE,TRUE,,FALSE,379.3818865740741,TRUE,True,False,False,True,27,False,12,1736,374,0,True,True,True,False,False,0,-1484.340567,3,2,0,0,0,0,0,0.13970532254632123,LOW,Benign
12/31/23 1:20,12/31/23 1:20,10587797333.0,Time Reversal Event,TS_WERQueue.ps1,,0x3321,0.0,|TS_WERQueue.ps1,1754516528.0,File_Created / Basic_Info_Changed / Data_Added / Data_Overwritten / Access_Right_Changed,0x000200000000CC84,0x003500000000BFA1,both,False,,,12/31/23 1:20,12/7/19 17:09,,,12/31/23 1:20,12/16/22 16:10,False,FALSE,FALSE,TRUE,,FALSE,379.3818865740741,TRUE,True,False,False,True,15,False,12,1736,374,0,True,True,True,False,False,0,-1484.340567,3,2,0,0,0,0,0,0.12970532254632122,LOW,Benign
12/31/23 1:20,12/31/23 1:20,10587798508.0,Time Reversal Event,CL_LocalizationData.psd1,,0x3321,4.0,|CL_LocalizationData.psd1,1754517312.0,File_Created / Basic_Info_Changed / Data_Added / Data_Overwritten / Access_Right_Changed,0x000300000000CC86,0x000200000000CC85,both,False,,,12/31/23 1:20,12/7/19 22:55,,,12/31/23 1:20,12/16/22 16:10,False,FALSE,FALSE,TRUE,,FALSE,379.3818865740741,TRUE,False,False,False,True,24,False,12,1736,374,0,True,True,True,False,False,0,-1484.100648,3,2,0,0,0,0,0,0.09976639126145695,LOW,Benign
12/31/23 1:20,12/31/23 1:20,10587799454.0,Time Reversal Event,DiagPackage.dll.mui,,0x3321,6.0,|DiagPackage.dll.mui,1754518032.0,File_Created / Basic_Info_Changed / Data_Added / Data_Overwritten / Access_Right_Changed,0x000300000000CC87,0x000200000000CC85,both,False,,,12/31/23 1:20,12/7/19 22:55,,,12/31/23 1:20,12/16/22 16:10,False,FALSE,FALSE,TRUE,,FALSE,379.3818865740741,TRUE,False,False,False,True,19,False,13,1736,374,0,True,True,True,False,False,0,-1484.100648,3,2,0,0,0,0,0,0.09976639126145695,LOW,Benign
12/31/23 1:20,12/31/23 1:20,,,CL_Utility.ps1,,,,|CL_Utility.ps1,1754510128.0,File_Created / Basic_Info_Changed / Data_Added / Data_Overwritten / Access_Right_Changed / File_Closed,0x000300000000C9DF,0x003500000000BFA1,usnjrnl_only,False,,,,,,,,,False,FALSE,FALSE,FALSE,,FALSE,,FALSE,True,False,False,True,14,False,12,1736,374,0,False,True,True,True,True,0,,1,3,0,0,0,0,0,0.05941603444407071,LOW,Benign
12/31/23 1:20,12/31/23 1:20,,,DiagPackage.diagpkg,,,,|DiagPackage.diagpkg,1754510736.0,File_Created / Basic_Info_Changed / Data_Added / Data_Overwritten / Access_Right_Changed / File_Closed,0x000300000000C9E0,0x003500000000BFA1,usnjrnl_only,False,,,,,,,,,False,FALSE,FALSE,FALSE,,FALSE,,FALSE,False,False,False,True,19,False,12,1736,374,0,False,True,True,True,True,0,,1,3,0,0,0,0,0,0.029540763940562008,LOW,Benign
12/31/23 1:20,12/31/23 1:20,,,DiagPackage.dll,,,,|DiagPackage.dll,1754511320.0,File_Created / Basic_Info_Changed / Data_Added / Data_Overwritten / Extended_Attr_Changed / Access_Right_Changed / File_Closed,0x000500000000CC13,0x003500000000BFA1,usnjrnl_only,False,,,,,,,,,False,FALSE,FALSE,FALSE,,FALSE,,FALSE,True,False,False,True,15,False,12,1736,374,0,False,True,True,True,True,0,,1,3,0,0,0,0,0,0.06934647303781581,LOW,Benign
12/31/23 1:20,12/31/23 1:20,,,RS_AdminDiagnosticHistory.ps1,,,,|RS_AdminDiagnosticHistory.ps1,1754512016.0,File_Created / Basic_Info_Changed / Data_Added / Data_Overwritten / Access_Right_Changed / File_Closed,0x000800000000CC66,0x003500000000BFA1,usnjrnl_only,False,,,,,,,,,False,FALSE,FALSE,FALSE,,FALSE,,FALSE,True,False,False,True,29,False,12,1736,374,0,False,True,True,True,True,0,,1,3,0,0,0,0,0,0.06941391220744342,LOW,Benign
12/31/23 1:20,12/31/23 1:20,,,RS_MachineWERQueue.ps1,,,,|RS_MachineWERQueue.ps1,1754512656.0,File_Created / Basic_Info_Changed / Data_Added / Data_Overwritten / Access_Right_Changed / File_Closed,0x000600000000CC6C,0x003500000000BFA1,usnjrnl_only,False,,,,,,,,,False,FALSE,FALSE,FALSE,,FALSE,,FALSE,True,False,False,True,22,False,12,1736,374,0,False,True,True,True,True,0,,1,3,0,0,0,0,0,0.05941603444407071,LOW,Benign
12/31/23 1:20,12/31/23 1:20,,,RS_SyncSystemTime.ps1,,,,|RS_SyncSystemTime.ps1,1754513280.0,File_Created / Basic_Info_Changed / Data_Added / Data_Overwritten / Access_Right_Changed / File_Closed,0x000200000000CC6F,0x003500000000BFA1,usnjrnl_only,False,,,,,,,,,False,FALSE,FALSE,FALSE,,FALSE,,FALSE,True,False,False,True,21,False,12,1736,374,0,False,True,True,True,True,0,,1,3,0,0,0,0,0,0.05941603444407071,LOW,Benign
12/31/23 1:20,12/31/23 1:20,,,RS_UserDiagnosticHistory.ps1,,,,|RS_UserDiagnosticHistory.ps1,1754514008.0,File_Created / Basic_Info_Changed / Data_Added / Data_Overwritten / Access_Right_Changed / File_Closed,0x000300000000CC71,0x003500000000BFA1,usnjrnl_only,False,,,,,,,,,False,FALSE,FALSE,FALSE,,FALSE,,FALSE,True,False,False,True,28,False,12,1736,374,0,False,True,True,True,True,0,,1,3,0,0,0,0,0,0.05941603444407071,LOW,Benign
12/31/23 1:20,12/31/23 1:20,,,RS_UserWERQueue.ps1,,,,|RS_UserWERQueue.ps1,1754514648.0,File_Created / Basic_Info_Changed / Data_Added / Data_Overwritten / Access_Right_Changed / File_Closed,0x000200000000CC74,0x003500000000BFA1,usnjrnl_only,False,,,,,,,,,False,FALSE,FALSE,FALSE,,FALSE,,FALSE,True,False,False,True,19,False,12,1736,374,0,False,True,True,True,True,0,,1,3,0,0,0,0,0,0.05941603444407071,LOW,Benign
12/31/23 1:20,12/31/23 1:20,,,TS_DiagnosticHistory.ps1,,,,|TS_DiagnosticHistory.ps1,1754515312.0,File_Created / Basic_Info_Changed / Data_Added / Data_Overwritten / Access_Right_Changed / File_Closed,0x000300000000CC80,0x003500000000BFA1,usnjrnl_only,False,,,,,,,,,False,FALSE,FALSE,FALSE,,FALSE,,FALSE,True,False,False,True,24,False,12,1736,374,0,False,True,True,True,True,0,,1,3,0,0,0,0,0,0.05941603444407071,LOW,Benign
12/31/23 1:20,12/31/23 1:20,,,TS_InaccurateSystemTime.ps1,,,,|TS_InaccurateSystemTime.ps1,1754516024.0,File_Created / Basic_Info_Changed / Data_Added / Data_Overwritten / Access_Right_Changed / File_Closed,0x000200000000CC83,0x003500000000BFA1,usnjrnl_only,False,,,,,,,,,False,FALSE,FALSE,FALSE,,FALSE,,FALSE,True,False,False,True,27,False,12,1736,374,0,False,True,True,True,True,0,,1,3,0,0,0,0,0,0.05941603444407071,LOW,Benign
12/31/23 1:20,12/31/23 1:20,,,TS_WERQueue.ps1,,,,|TS_WERQueue.ps1,1754516624.0,File_Created / Basic_Info_Changed / Data_Added / Data_Overwritten / Access_Right_Changed / File_Closed,0x000200000000CC84,0x003500000000BFA1,usnjrnl_only,False,,,,,,,,,False,FALSE,FALSE,FALSE,,FALSE,,FALSE,True,False,False,True,15,False,12,1736,374,0,False,True,True,True,True,0,,1,3,0,0,0,0,0,0.05941603444407071,LOW,Benign
12/31/23 1:20,12/31/23 1:20,,,CL_LocalizationData.psd1,,,,|CL_LocalizationData.psd1,1754517504.0,File_Created / Basic_Info_Changed / Data_Added / Data_Overwritten / Access_Right_Changed / File_Closed,0x000300000000CC86,0x000200000000CC85,usnjrnl_only,False,,,,,,,,,False,FALSE,FALSE,FALSE,,FALSE,,FALSE,False,False,False,True,24,False,12,1736,374,0,False,True,True,True,True,0,,1,3,0,0,0,0,0,0.029540763940562008,LOW,Benign
12/31/23 1:20,12/31/23 1:20,,,DiagPackage.dll.mui,,,,|DiagPackage.dll.mui,1754518136.0,File_Created / Basic_Info_Changed / Data_Added / Data_Overwritten / Access_Right_Changed / File_Closed,0x000300000000CC87,0x000200000000CC85,usnjrnl_only,False,,,,,,,,,False,FALSE,FALSE,FALSE,,FALSE,,FALSE,False,False,False,True,19,False,13,1736,374,0,False,True,True,True,True,0,,1,3,0,0,0,0,0,0.029540763940562008,LOW,Benign
12/31/23 1:20,12/31/23 1:20,10587819281.0,Time Reversal Event,AppxProvider.dll,,0x3326,0.0,|AppxProvider.dll,1754524200.0,File_Created / Basic_Info_Changed / Data_Added / Data_Overwritten / Extended_Attr_Changed / Access_Right_Changed,0x000400000000CC98,0x000700000000CC97,both,False,,,12/31/23 1:20,12/25/23 16:20,,,12/31/23 1:20,12/25/23 16:34,False,FALSE,FALSE,TRUE,,FALSE,5.365439814814815,TRUE,True,False,False,True,16,False,308,1736,374,1,True,True,True,False,False,0,-5.374525463,3,2,0,0,0,0,0,0.13933817687136793,LOW,Benign
12/31/23 1:20,12/31/23 1:20,10587820611.0,Time Reversal Event,AssocProvider.dll,,0x332E,0.0,|AssocProvider.dll,1754524776.0,File_Created / Basic_Info_Changed / Data_Added / Data_Overwritten / Extended_Attr_Changed / Access_Right_Changed,0x000200000000CCB8,0x000700000000CC97,both,False,,,12/31/23 1:20,12/25/23 16:20,,,12/31/23 1:20,12/25/23 16:34,False,FALSE,FALSE,TRUE,,FALSE,5.365208333333333,TRUE,True,False,False,True,17,False,308,1736,374,0,True,True,True,False,False,0,-5.374537037,3,2,0,0,0,0,0,0.12939726094290394,LOW,Benign
12/31/23 1:20,12/31/23 1:20,10587822274.0,Time Reversal Event,CbsProvider.dll,,0x332E,2.0,|CbsProvider.dll,1754525352.0,File_Created / Basic_Info_Changed / Data_Added / Data_Overwritten / Extended_Attr_Changed / Access_Right_Changed,0x000200000000CCB9,0x000700000000CC97,both,False,,,12/31/23 1:20,12/25/23 16:21,,,12/31/23 1:20,12/25/23 16:33,False,FALSE,FALSE,TRUE,,FALSE,5.365833333333334,TRUE,True,False,False,True,15,False,308,1736,374,0,True,True,True,False,False,0,-5.374189815,3,2,0,0,0,0,0,0.13939726094290394,LOW,Benign
12/31/23 1:20,12/31/23 1:20,10587823230.0,Time Reversal Event,DismCore.dll,,0x332E,4.0,|DismCore.dll,1754525960.0,File_Created / Basic_Info_Changed / Data_Added / Data_Overwritten / Extended_Attr_Changed / Access_Right_Changed,0x000200000000CCBA,0x000700000000CC97,both,False,,,12/31/23 1:20,12/25/23 16:21,,,12/31/23 1:20,12/25/23 16:33,False,FALSE,FALSE,TRUE,,FALSE,5.365914351851852,TRUE,True,False,False,True,12,False,308,1736,374,0,True,True,True,False,False,0,-5.374189815,3,2,0,0,0,0,0,0.1297940801460901,LOW,Benign
12/31/23 1:20,12/31/23 1:20,10587824166.0,Time Reversal Event,DismCorePS.dll,,0x332E,6.0,|DismCorePS.dll,1754526488.0,File_Created / Basic_Info_Changed / Data_Added / Data_Overwritten / Extended_Attr_Changed / Access_Right_Changed,0x000200000000CCBB,0x000700000000CC97,both,False,,,12/31/23 1:20,12/25/23 16:21,,,12/31/23 1:20,12/25/23 16:34,False,FALSE,FALSE,TRUE,,FALSE,5.365428240740741,TRUE,True,False,False,True,14,False,308,1736,374,0,True,True,True,False,False,0,-5.374189815,3,2,0,0,0,0,0,0.1297940801460901,LOW,Benign
12/31/23 1:20,12/31/23 1:20,10587826890.0,Time Reversal Event,DismHost.exe,,0x332F,0.0,|DismHost.exe,1754527336.0,File_Created / Basic_Info_Changed / Data_Added / Data_Overwritten / Extended_Attr_Changed / Access_Right_Changed,0x000200000000CCBC,0x000700000000CC97,both,False,,,12/31/23 1:20,12/25/23 16:21,,,12/31/23 1:20,12/25/23 16:33,False,FALSE,FALSE,TRUE,,FALSE,5.365717592592593,TRUE,True,False,False,True,12,False,308,1736,374,0,True,True,True,False,False,0,-5.374189815,3,2,0,0,0,0,0,0.12939726094290394,LOW,Benign
12/31/23 1:20,12/31/23 1:20,10587827831.0,Time Reversal Event,DismProv.dll,,0x332F,4.0,|DismProv.dll,1754527864.0,File_Created / Basic_Info_Changed / Data_Added / Data_Overwritten / Extended_Attr_Changed / Access_Right_Changed,0x000200000000CCBE,0x000700000000CC97,both,False,,,12/31/23 1:20,12/25/23 16:21,,,12/31/23 1:20,12/25/23 16:33,False,FALSE,FALSE,TRUE,,FALSE,5.365787037037037,TRUE,True,False,False,True,12,False,308,1736,374,0,True,True,True,False,False,0,-5.374189815,3,2,0,0,0,0,0,0.1297940801460901,LOW,Benign
12/31/23 1:20,12/31/23 1:20,10587828877.0,Time Reversal Event,DmiProvider.dll,,0x332F,6.0,|DmiProvider.dll,1754528424.0,File_Created / Basic_Info_Changed / Data_Added / Data_Overwritten / Extended_Attr_Changed / Access_Right_Changed,0x000200000000CCBF,0x000700000000CC97,both,False,,,12/31/23 1:20,12/25/23 16:21,,,12/31/23 1:20,12/25/23 16:33,False,FALSE,FALSE,TRUE,,FALSE,5.365567129629629,TRUE,True,False,False,True,15,False,308,1736,374,0,True,True,True,False,False,0,-5.374189815,3,2,0,0,0,0,0,0.1297940801460901,LOW,Benign
12/31/23 1:20,12/31/23 1:20,10587830291.0,Time Reversal Event,AppxProvider.dll.mui,,0x3330,2.0,|AppxProvider.dll.mui,1754529176.0,File_Created / Basic_Info_Changed / Data_Added / Data_Overwritten / Access_Right_Changed,0x000200000000CCC1,0x000200000000CCC0,both,False,,,12/31/23 1:20,12/7/19 22:55,,,12/31/23 1:20,12/16/22 16:10,False,FALSE,FALSE,TRUE,,FALSE,379.3815393518518,TRUE,False,False,False,True,20,False,627,1736,374,0,True,True,True,False,False,0,-1484.100556,3,2,0,0,0,0,0,0.10967802620252608,LOW,Benign
12/31/23 1:20,12/31/23 1:20,10587831215.0,Time Reversal Event,AssocProvider.dll.mui,,0x3330,4.0,|AssocProvider.dll.mui,1754529896.0,File_Created / Basic_Info_Changed / Data_Added / Data_Overwritten / Access_Right_Changed,0x000200000000CCC2,0x000200000000CCC0,both,False,,,12/31/23 1:20,12/7/19 22:55,,,12/31/23 1:20,12/16/22 16:10,False,FALSE,FALSE,TRUE,,FALSE,379.3815393518518,TRUE,False,False,False,True,21,False,627,1736,374,0,True,True,True,False,False,0,-1484.100556,3,2,0,0,0,0,0,0.10967802620252608,LOW,Benign
12/31/23 1:20,12/31/23 1:20,10587833620.0,Time Reversal Event,DismCore.dll.mui,,0x3330,6.0,|DismCore.dll.mui,1754531160.0,File_Created / Basic_Info_Changed / Data_Added / Data_Overwritten / Access_Right_Changed,0x000200000000CCC3,0x000200000000CCC0,both,False,,,12/31/23 1:20,12/7/19 22:55,,,12/31/23 1:20,12/16/22 16:10,False,FALSE,FALSE,TRUE,,FALSE,379.3815393518518,TRUE,False,False,False,True,16,False,628,1736,374,0,True,True,True,False,False,0,-1484.100602,3,2,0,0,0,0,0,0.10967802620252608,LOW,Benign
12/31/23 1:20,12/31/23 1:20,10587834971.0,Time Reversal Event,DismProv.dll.mui,,0x3331,4.0,|DismProv.dll.mui,1754531896.0,File_Created / Basic_Info_Changed / Data_Added / Data_Overwritten / Access_Right_Changed,0x000200000000CCC6,0x000200000000CCC0,both,False,,,12/31/23 1:20,12/7/19 22:55,,,12/31/23 1:20,12/16/22 16:10,False,FALSE,FALSE,TRUE,,FALSE,379.3815393518518,TRUE,False,False,False,True,16,False,628,1736,374,0,True,True,True,False,False,0,-1484.100602,3,2,0,0,0,0,0,0.10967802620252608,LOW,Benign
12/31/23 1:20,12/31/23 1:20,10587835923.0,Time Reversal Event,FolderProvider.dll.mui,,0x3332,4.0,|FolderProvider.dll.mui,1754532504.0,File_Created / Basic_Info_Changed / Data_Added / Data_Overwritten / Access_Right_Changed,0x000200000000CCCA,0x000200000000CCC0,both,False,,,12/31/23 1:20,12/7/19 22:55,,,12/31/23 1:20,12/16/22 16:10,False,FALSE,FALSE,TRUE,,FALSE,379.3815393518518,TRUE,False,False,False,True,22,False,628,1736,374,0,True,True,True,False,False,0,-1484.100602,3,2,0,0,0,0,0,0.10967802620252608,LOW,Benign
12/31/23 1:20,12/31/23 1:20,10587836865.0,Time Reversal Event,IBSProvider.dll.mui,,0x3333,2.0,|IBSProvider.dll.mui,1754533128.0,File_Created / Basic_Info_Changed / Data_Added / Data_Overwritten / Access_Right_Changed,0x000200000000CCCD,0x000200000000CCC0,both,False,,,12/31/23 1:20,12/7/19 22:55,,,12/31/23 1:20,12/16/22 16:10,False,FALSE,FALSE,TRUE,,FALSE,379.3815393518518,TRUE,False,False,False,True,19,False,308,1736,374,0,True,True,True,False,False,0,-1484.100556,3,2,0,0,0,0,0,0.10967802620252608,LOW,Benign
12/31/23 1:20,12/31/23 1:20,10587837746.0,Time Reversal Event,LogProvider.dll.mui,,0x3337,4.0,|LogProvider.dll.mui,1754533752.0,File_Created / Basic_Info_Changed / Data_Added / Data_Overwritten / Access_Right_Changed,0x000200000000CCDE,0x000200000000CCC0,both,False,,,12/31/23 1:20,12/7/19 22:55,,,12/31/23 1:20,12/16/22 16:10,False,FALSE,FALSE,TRUE,,FALSE,379.3815393518518,TRUE,False,False,False,True,19,False,627,1736,374,0,True,True,True,False,False,0,-1484.100602,3,2,0,0,0,0,0,0.10967802620252608,LOW,Benign
12/31/23 1:20,12/31/23 1:20,10587838862.0,Time Reversal Event,MsiProvider.dll.mui,,0x3339,2.0,|MsiProvider.dll.mui,1754534408.0,File_Created / Basic_Info_Changed / Data_Added / Data_Overwritten / Access_Right_Changed,0x000200000000CCE5,0x000200000000CCC0,both,False,,,12/31/23 1:20,12/7/19 22:55,,,12/31/23 1:20,12/16/22 16:10,False,FALSE,FALSE,TRUE,,FALSE,379.3815393518518,TRUE,False,False,False,True,19,False,628,1736,374,0,True,True,True,False,False,0,-1484.100556,3,2,0,0,0,0,0,0.10967802620252608,LOW,Benign
12/31/23 1:20,12/31/23 1:20,10587839757.0,Time Reversal Event,SetupPlatformProvider.dll.mui,,0x3339,4.0,|SetupPlatformProvider.dll.mui,1754535096.0,File_Created / Basic_Info_Changed / Data_Added / Data_Overwritten / Access_Right_Changed,0x000200000000CCE6,0x000200000000CCC0,both,False,,,12/31/23 1:20,12/7/19 22:55,,,12/31/23 1:20,12/16/22 16:10,False,FALSE,FALSE,TRUE,,FALSE,379.3815393518518,TRUE,False,False,False,True,29,False,628,1736,374,0,True,True,True,False,False,0,-1484.100556,3,2,0,0,0,0,0,0.10967802620252608,LOW,Benign
12/31/23 1:20,12/31/23 1:20,10587840720.0,Time Reversal Event,SysprepProvider.dll.mui,,0x3339,6.0,|SysprepProvider.dll.mui,1754535784.0,File_Created / Basic_Info_Changed / Data_Added / Data_Overwritten / Access_Right_Changed,0x000200000000CCE7,0x000200000000CCC0,both,False,,,12/31/23 1:20,12/7/19 22:55,,,12/31/23 1:20,12/16/22 16:10,False,FALSE,FALSE,TRUE,,FALSE,379.3815393518518,TRUE,False,False,False,True,23,False,308,1736,374,0,True,True,True,False,False,0,-1484.100556,3,2,0,0,0,0,0,0.10967802620252608,LOW,Benign
12/31/23 1:20,12/31/23 1:20,10587841629.0,Time Reversal Event,TransmogProvider.dll.mui,,0x333A,4.0,|TransmogProvider.dll.mui,1754536456.0,File_Created / Basic_Info_Changed / Data_Added / Data_Overwritten / Access_Right_Changed,0x000200000000CCEA,0x000200000000CCC0,both,False,,,12/31/23 1:20,12/7/19 22:55,,,12/31/23 1:20,12/16/22 16:10,False,FALSE,FALSE,TRUE,,FALSE,379.3815393518518,TRUE,False,False,False,True,24,False,628,1736,374,0,True,True,True,False,False,0,-1484.100567,3,2,0,0,0,0,0,0.10967802620252608,LOW,Benign
12/31/23 1:20,12/31/23 1:20,10587842880.0,Time Reversal Event,FfuProvider.dll,,0x333A,6.0,|FfuProvider.dll,1754537064.0,File_Created / Basic_Info_Changed / Data_Added / Data_Overwritten / Extended_Attr_Changed / Access_Right_Changed,0x000200000000CCEB,0x000700000000CC97,both,False,,,12/31/23 1:20,12/25/23 16:21,,,12/31/23 1:20,12/25/23 16:33,False,FALSE,FALSE,TRUE,,FALSE,5.365532407407407,TRUE,True,False,False,True,15,False,308,1736,374,0,True,True,True,False,False,0,-5.374189815,3,2,0,0,0,0,0,0.13970571508715923,LOW,Benign
12/31/23 1:20,12/31/23 1:20,10587844267.0,Time Reversal Event,FolderProvider.dll,,0x333B,0.0,|FolderProvider.dll,1754537800.0,File_Created / Basic_Info_Changed / Data_Added / Data_Overwritten / Extended_Attr_Changed / Access_Right_Changed,0x000200000000CCEC,0x000700000000CC97,both,False,,,12/31/23 1:20,12/25/23 16:21,,,12/31/23 1:20,12/25/23 16:34,False,FALSE,FALSE,TRUE,,FALSE,5.365150462962963,TRUE,True,False,False,True,18,False,308,1736,374,0,True,True,True,False,False,0,-5.374189815,3,2,0,0,0,0,0,0.13930889588397308,LOW,Benign
12/31/23 1:20,12/31/23 1:20,10587845355.0,Time Reversal Event,GenericProvider.dll,,0x333B,2.0,|GenericProvider.dll,1754538496.0,File_Created / Basic_Info_Changed / Data_Added / Data_Overwritten / Extended_Attr_Changed / Access_Right_Changed,0x000200000000CCED,0x000700000000CC97,both,False,,,12/31/23 1:20,12/25/23 16:21,,,12/31/23 1:20,12/25/23 16:33,False,FALSE,FALSE,TRUE,,FALSE,5.365555555555556,TRUE,True,False,False,True,19,False,308,1736,374,0,True,True,True,False,False,0,-5.374143519,3,2,0,0,0,0,0,0.14930889588397306,LOW,Benign
12/31/23 1:20,12/31/23 1:20,10587846573.0,Time Reversal Event,IBSProvider.dll,,0x333B,4.0,|IBSProvider.dll,1754539088.0,File_Created / Basic_Info_Changed / Data_Added / Data_Overwritten / Extended_Attr_Changed / Access_Right_Changed,0x000200000000CCEE,0x000700000000CC97,both,False,,,12/31/23 1:20,12/25/23 16:20,,,12/31/23 1:20,12/25/23 16:33,False,FALSE,FALSE,TRUE,,FALSE,5.365497685185185,TRUE,True,False,False,True,15,False,308,1736,374,0,True,True,True,False,False,0,-5.374537037,3,2,0,0,0,0,0,0.13970571508715923,LOW,Benign
12/31/23 1:20,12/31/23 1:20,10587847645.0,Time Reversal Event,ImagingProvider.dll,,0x333B,6.0,|ImagingProvider.dll,1754539696.0,File_Created / Basic_Info_Changed / Data_Added / Data_Overwritten / Extended_Attr_Changed / Access_Right_Changed,0x000200000000CCEF,0x000700000000CC97,both,False,,,12/31/23 1:20,12/25/23 16:21,,,12/31/23 1:20,12/25/23 16:33,False,FALSE,FALSE,TRUE,,FALSE,5.365925925925926,TRUE,True,False,False,True,19,False,308,1736,374,0,True,True,True,False,False,0,-5.374189815,3,2,0,0,0,0,0,0.14965502881510945,LOW,Benign
12/31/23 1:20,12/31/23 1:20,10587849018.0,Time Reversal Event,IntlProvider.dll,,0x333C,0.0,|IntlProvider.dll,1754540448.0,File_Created / Basic_Info_Changed / Data_Added / Data_Overwritten / Extended_Attr_Changed / Access_Right_Changed,0x000200000000CCF0,0x000700000000CC97,both,False,,,12/31/23 1:20,12/25/23 16:21,,,12/31/23 1:20,12/25/23 16:34,False,FALSE,FALSE,TRUE,,FALSE,5.365462962962963,TRUE,True,False,False,True,16,False,309,1736,374,0,True,True,True,False,False,0,-5.374189815,3,2,0,0,0,0,0,0.1492582096119233,LOW,Benign
12/31/23 1:20,12/31/23 1:20,10587850372.0,Time Reversal Event,AppxProvider.dll.mui,,0x333D,4.0,|AppxProvider.dll.mui,1754529176.0,File_Created / Basic_Info_Changed / Data_Added / Data_Overwritten / Access_Right_Changed,0x000200000000CCC1,0x000200000000CCC0,both,False,,,12/31/23 1:20,12/7/19 22:55,,,12/31/23 1:20,12/16/22 16:10,False,FALSE,FALSE,TRUE,,FALSE,379.3815393518518,TRUE,False,False,False,True,20,False,627,1736,374,0,True,True,True,False,False,0,-1484.100556,3,2,0,0,0,0,0,0.10967802620252608,LOW,Benign
12/31/23 1:20,12/31/23 1:20,10587851479.0,Time Reversal Event,AssocProvider.dll.mui,,0x3347,2.0,|AssocProvider.dll.mui,1754529896.0,File_Created / Basic_Info_Changed / Data_Added / Data_Overwritten / Access_Right_Changed,0x000200000000CCC2,0x000200000000CCC0,both,False,,,12/31/23 1:20,12/7/19 22:55,,,12/31/23 1:20,12/16/22 16:10,False,FALSE,FALSE,TRUE,,FALSE,379.3815393518518,TRUE,False,False,False,True,21,False,627,1736,374,0,True,True,True,False,False,0,-1484.100556,3,2,0,0,0,0,0,0.10967802620252608,LOW,Benign
12/31/23 1:20,12/31/23 1:20,10587853540.0,Time Reversal Event,CbsProvider.dll.mui,,0x3371,4.0,|CbsProvider.dll.mui,1754543016.0,File_Created / Basic_Info_Changed / Data_Added / Data_Overwritten / Access_Right_Changed,0x000200000000CDC6,0x000200000000CCF1,both,False,,,12/31/23 1:20,12/7/19 22:55,,,12/31/23 1:20,12/16/22 16:10,False,FALSE,FALSE,TRUE,,FALSE,379.3815393518518,TRUE,False,False,False,True,19,False,308,1736,374,0,True,True,True,False,False,0,-1484.100602,3,2,0,0,0,0,0,0.11962733993047628,LOW,Benign
12/31/23 1:20,12/31/23 1:20,10587855968.0,Time Reversal Event,DismCore.dll.mui,,0x33AA,6.0,|DismCore.dll.mui,1754531160.0,File_Created / Basic_Info_Changed / Data_Added / Data_Overwritten / Access_Right_Changed,0x000200000000CCC3,0x000200000000CCC0,both,False,,,12/31/23 1:20,12/7/19 22:55,,,12/31/23 1:20,12/16/22 16:10,False,FALSE,FALSE,TRUE,,FALSE,379.3815393518518,TRUE,False,False,False,True,16,False,628,1736,374,0,True,True,True,False,False,0,-1484.100602,3,2,0,0,0,0,0,0.10967802620252608,LOW,Benign
12/31/23 1:20,12/31/23 1:20,10587856976.0,Time Reversal Event,DismProv.dll.mui,,0x33AB,4.0,|DismProv.dll.mui,1754531896.0,File_Created / Basic_Info_Changed / Data_Added / Data_Overwritten / Access_Right_Changed,0x000200000000CCC6,0x000200000000CCC0,both,False,,,12/31/23 1:20,12/7/19 22:55,,,12/31/23 1:20,12/16/22 16:10,False,FALSE,FALSE,TRUE,,FALSE,379.3815393518518,TRUE,False,False,False,True,16,False,628,1736,374,0,True,True,True,False,False,0,-1484.100602,3,2,0,0,0,0,0,0.10967802620252608,LOW,Benign
12/31/23 1:20,12/31/23 1:20,10587857847.0,Time Reversal Event,DmiProvider.dll.mui,,0x33AB,6.0,|DmiProvider.dll.mui,1754545656.0,File_Created / Basic_Info_Changed / Data_Added / Data_Overwritten / Access_Right_Changed,0x000200000000CEAF,0x000200000000CCF1,both,False,,,12/31/23 1:20,12/7/19 22:55,,,12/31/23 1:20,12/16/22 16:10,False,FALSE,FALSE,TRUE,,FALSE,379.3815393518518,TRUE,False,False,False,True,19,False,309,1736,374,0,True,True,True,False,False,0,-1484.100602,3,2,0,0,0,0,0,0.11962733993047628,LOW,Benign
12/31/23 1:20,12/31/23 1:20,10587859025.0,Time Reversal Event,FfuProvider.dll.mui,,0x33AD,2.0,|FfuProvider.dll.mui,1754546488.0,File_Created / Basic_Info_Changed / Data_Added / Data_Overwritten / Access_Right_Changed,0x000200000000CEB5,0x000200000000CCF1,both,False,,,12/31/23 1:20,12/7/19 22:55,,,12/31/23 1:20,12/16/22 16:10,False,FALSE,FALSE,TRUE,,FALSE,379.3815393518518,TRUE,False,False,False,True,19,False,308,1736,374,0,True,True,True,False,False,0,-1484.100602,3,2,0,0,0,0,0,0.11962733993047628,LOW,Benign
12/31/23 1:20,12/31/23 1:20,10587860431.0,Time Reversal Event,FolderProvider.dll.mui,,0x33AE,0.0,|FolderProvider.dll.mui,1754532504.0,File_Created / Basic_Info_Changed / Data_Added / Data_Overwritten / Access_Right_Changed,0x000200000000CCCA,0x000200000000CCC0,both,False,,,12/31/23 1:20,12/7/19 22:55,,,12/31/23 1:20,12/16/22 16:10,False,FALSE,FALSE,TRUE,,FALSE,379.3815393518518,TRUE,False,False,False,True,22,False,628,1736,374,0,True,True,True,False,False,0,-1484.100602,3,2,0,0,0,0,0,0.09967802620252607,LOW,Benign
12/31/23 1:20,12/31/23 1:20,10587861341.0,Time Reversal Event,GenericProvider.dll.mui,,0x33AD,4.0,|GenericProvider.dll.mui,1754548040.0,File_Created / Basic_Info_Changed / Data_Added / Data_Overwritten / Access_Right_Changed,0x000300000000CEB6,0x000200000000CCF1,both,False,,,12/31/23 1:20,12/7/19 22:55,,,12/31/23 1:20,12/16/22 16:10,False,FALSE,FALSE,TRUE,,FALSE,379.3815393518518,TRUE,False,False,False,True,23,False,309,1736,374,0,True,True,True,False,False,0,-1484.100602,3,2,0,0,0,0,0,0.11962733993047628,LOW,Benign
12/31/23 1:20,12/31/23 1:20,10587862233.0,Time Reversal Event,ImagingProvider.dll.mui,,0x33AE,2.0,|ImagingProvider.dll.mui,1754548712.0,File_Created / Basic_Info_Changed / Data_Added / Data_Overwritten / Access_Right_Changed,0x000200000000CEB9,0x000200000000CCF1,both,False,,,12/31/23 1:20,12/7/19 22:55,,,12/31/23 1:20,12/16/22 16:10,False,FALSE,FALSE,TRUE,,FALSE,379.3815393518518,TRUE,False,False,False,True,23,False,308,1736,374,0,True,True,True,False,False,0,-1484.100602,3,2,0,0,0,0,0,0.11962733993047628,LOW,Benign
12/31/23 1:20,12/31/23 1:20,10587863121.0,Time Reversal Event,IntlProvider.dll.mui,,0x33AE,6.0,|IntlProvider.dll.mui,1754549352.0,File_Created / Basic_Info_Changed / Data_Added / Data_Overwritten / Access_Right_Changed,0x000200000000CEBB,0x000200000000CCF1,both,False,,,12/31/23 1:20,12/7/19 22:55,,,12/31/23 1:20,12/16/22 16:10,False,FALSE,FALSE,TRUE,,FALSE,379.3815393518518,TRUE,False,False,False,True,20,False,309,1736,374,0,True,True,True,False,False,0,-1484.100602,3,2,0,0,0,0,0,0.11962733993047628,LOW,Benign
12/31/23 1:20,12/31/23 1:20,10587864240.0,Time Reversal Event,LogProvider.dll.mui,,0x33AF,4.0,|LogProvider.dll.mui,1754533752.0,File_Created / Basic_Info_Changed / Data_Added / Data_Overwritten / Access_Right_Changed,0x000200000000CCDE,0x000200000000CCC0,both,False,,,12/31/23 1:20,12/7/19 22:55,,,12/31/23 1:20,12/16/22 16:10,False,FALSE,FALSE,TRUE,,FALSE,379.3815393518518,TRUE,False,False,False,True,19,False,627,1736,374,0,True,True,True,False,False,0,-1484.100602,3,2,0,0,0,0,0,0.10967802620252608,LOW,Benign
12/31/23 1:20,12/31/23 1:20,10587866381.0,Time Reversal Event,MsiProvider.dll.mui,,0x33B1,6.0,|MsiProvider.dll.mui,1754534408.0,File_Created / Basic_Info_Changed / Data_Added / Data_Overwritten / Access_Right_Changed,0x000200000000CCE5,0x000200000000CCC0,both,False,,,12/31/23 1:20,12/7/19 22:55,,,12/31/23 1:20,12/16/22 16:10,False,FALSE,FALSE,TRUE,,FALSE,379.3815393518518,TRUE,False,False,False,True,19,False,628,1736,374,0,True,True,True,False,False,0,-1484.100556,3,2,0,0,0,0,0,0.10967802620252608,LOW,Benign
12/31/23 1:20,12/31/23 1:20,10587867345.0,Time Reversal Event,OfflineSetupProvider.dll.mui,,0x33B5,4.0,|OfflineSetupProvider.dll.mui,1754552192.0,File_Created / Basic_Info_Changed / Data_Added / Data_Overwritten / Access_Right_Changed,0x000200000000CED6,0x000200000000CCF1,both,False,,,12/31/23 1:20,12/7/19 22:55,,,12/31/23 1:20,12/16/22 16:10,False,FALSE,FALSE,TRUE,,FALSE,379.3815393518518,TRUE,False,False,False,True,28,False,308,1736,374,0,True,True,True,False,False,0,-1484.100602,3,2,0,0,0,0,0,0.11962733993047628,LOW,Benign
12/31/23 1:20,12/31/23 1:20,10587869622.0,Time Reversal Event,OSProvider.dll.mui,,0x33B9,4.0,|OSProvider.dll.mui,1754553368.0,File_Created / Basic_Info_Changed / Data_Added / Data_Overwritten / Access_Right_Changed,0x000200000000CEE6,0x000200000000CCF1,both,False,,,12/31/23 1:20,12/7/19 22:55,,,12/31/23 1:20,12/16/22 16:10,False,FALSE,FALSE,TRUE,,FALSE,379.3815393518518,TRUE,False,False,False,True,18,False,308,1736,374,0,True,True,True,False,False,0,-1484.100602,3,2,0,0,0,0,0,0.11962733993047628,LOW,Benign
12/31/23 1:20,12/31/23 1:20,10587870667.0,Time Reversal Event,ProvProvider.dll.mui,,0x33DD,4.0,|ProvProvider.dll.mui,1754553976.0,File_Created / Basic_Info_Changed / Data_Added / Data_Overwritten / Access_Right_Changed,0x000200000000CF76,0x000200000000CCF1,both,False,,,12/31/23 1:20,12/7/19 22:55,,,12/31/23 1:20,12/16/22 16:10,False,FALSE,FALSE,TRUE,,FALSE,379.3815393518518,TRUE,False,False,False,True,20,False,308,1736,374,0,True,True,True,False,False,0,-1484.100602,3,2,0,0,0,0,0,0.11962733993047628,LOW,Benign
12/31/23 1:20,12/31/23 1:20,10587872294.0,Time Reversal Event,SetupPlatformProvider.dll.mui,,0x33EA,4.0,|SetupPlatformProvider.dll.mui,1754535096.0,File_Created / Basic_Info_Changed / Data_Added / Data_Overwritten / Access_Right_Changed,0x000200000000CCE6,0x000200000000CCC0,both,False,,,12/31/23 1:20,12/7/19 22:55,,,12/31/23 1:20,12/16/22 16:10,False,FALSE,FALSE,TRUE,,FALSE,379.3815393518518,TRUE,False,False,False,True,29,False,628,1736,374,0,True,True,True,False,False,0,-1484.100556,3,2,0,0,0,0,0,0.10967802620252608,LOW,Benign
12/31/23 1:20,12/31/23 1:20,10587873256.0,Time Reversal Event,SmiProvider.dll.mui,,0x33FE,4.0,|SmiProvider.dll.mui,1754555384.0,File_Created / Basic_Info_Changed / Data_Added / Data_Overwritten / Access_Right_Changed,0x000200000000CFFA,0x000200000000CCF1,both,False,,,12/31/23 1:20,12/7/19 22:55,,,12/31/23 1:20,12/16/22 16:10,False,FALSE,FALSE,TRUE,,FALSE,379.3815393518518,TRUE,False,False,False,True,19,False,309,1736,374,0,True,True,True,False,False,0,-1484.100602,3,2,0,0,0,0,0,0.11962733993047628,LOW,Benign
12/31/23 1:20,12/31/23 1:20,10587874166.0,Time Reversal Event,TransmogProvider.dll.mui,,0x3407,0.0,|TransmogProvider.dll.mui,1754536456.0,File_Created / Basic_Info_Changed / Data_Added / Data_Overwritten / Access_Right_Changed,0x000200000000CCEA,0x000200000000CCC0,both,False,,,12/31/23 1:20,12/7/19 22:55,,,12/31/23 1:20,12/16/22 16:10,False,FALSE,FALSE,TRUE,,FALSE,379.3815393518518,TRUE,False,False,False,True,24,False,628,1736,374,0,True,True,True,False,False,0,-1484.100567,3,2,0,0,0,0,0,0.09967802620252607,LOW,Benign
12/31/23 1:20,12/31/23 1:20,10587875217.0,Time Reversal Event,UnattendProvider.dll.mui,,0x3408,2.0,|UnattendProvider.dll.mui,1754556712.0,File_Created / Basic_Info_Changed / Data_Added / Data_Overwritten / Access_Right_Changed,0x000200000000D021,0x000200000000CCF1,both,False,,,12/31/23 1:20,12/7/19 22:55,,,12/31/23 1:20,12/16/22 16:10,False,FALSE,FALSE,TRUE,,FALSE,379.3815393518518,TRUE,False,False,False,True,24,False,308,1736,374,0,True,True,True,False,False,0,-1484.100602,3,2,0,0,0,0,0,0.11962733993047628,LOW,Benign
12/31/23 1:20,12/31/23 1:20,10587876100.0,Time Reversal Event,VhdProvider.dll.mui,,0x3409,4.0,|VhdProvider.dll.mui,1754557352.0,File_Created / Basic_Info_Changed / Data_Added / Data_Overwritten / Access_Right_Changed,0x000200000000D026,0x000200000000CCF1,both,False,,,12/31/23 1:20,12/7/19 22:55,,,12/31/23 1:20,12/16/22 16:10,False,FALSE,FALSE,TRUE,,FALSE,379.3815393518518,TRUE,False,False,False,True,19,False,308,1736,374,0,True,True,True,False,False,0,-1484.100602,3,2,0,0,0,0,0,0.11962733993047628,LOW,Benign
12/31/23 1:20,12/31/23 1:20,10587877147.0,Time Reversal Event,WimProvider.dll.mui,,0x340A,6.0,|WimProvider.dll.mui,1754557976.0,File_Created / Basic_Info_Changed / Data_Added / Data_Overwritten / Access_Right_Changed,0x000200000000D02B,0x000200000000CCF1,both,False,,,12/31/23 1:20,12/7/19 22:55,,,12/31/23 1:20,12/16/22 16:10,False,FALSE,FALSE,TRUE,,FALSE,379.3815393518518,TRUE,False,False,False,True,19,False,308,1736,374,0,True,True,True,False,False,0,-1484.100602,3,2,0,0,0,0,0,0.11962733993047628,LOW,Benign
12/31/23 1:20,12/31/23 1:20,10587878324.0,Time Reversal Event,LogProvider.dll,,0x340B,2.0,|LogProvider.dll,1754558656.0,File_Created / Basic_Info_Changed / Data_Added / Data_Overwritten / Extended_Attr_Changed / Access_Right_Changed,0x000200000000D02D,0x000700000000CC97,both,False,,,12/31/23 1:20,12/25/23 16:21,,,12/31/23 1:20,12/25/23 16:34,False,FALSE,FALSE,TRUE,,FALSE,5.365266203703704,TRUE,True,False,False,True,15,False,308,1736,374,0,True,True,True,False,False,0,-5.374189815,3,2,0,0,0,0,0,0.1592582096119233,LOW,Benign
12/31/23 1:20,12/31/23 1:20,10587879358.0,Time Reversal Event,MsiProvider.dll,,0x340B,4.0,|MsiProvider.dll,1754559232.0,File_Created / Basic_Info_Changed / Data_Added / Data_Overwritten / Extended_Attr_Changed / Access_Right_Changed,0x000200000000D02E,0x000700000000CC97,both,False,,,12/31/23 1:20,12/25/23 16:20,,,12/31/23 1:20,12/25/23 16:34,False,FALSE,FALSE,TRUE,,FALSE,5.365185185185185,TRUE,True,False,False,True,15,False,308,1736,374,0,True,True,True,False,False,0,-5.374537037,3,2,0,0,0,0,0,0.14965502881510945,LOW,Benign
12/31/23 1:20,12/31/23 1:20,10587880351.0,Time Reversal Event,OfflineSetupProvider.dll,,0x340C,4.0,|OfflineSetupProvider.dll,1754559872.0,File_Created / Basic_Info_Changed / Data_Added / Data_Overwritten / Extended_Attr_Changed / Access_Right_Changed,0x000200000000D032,0x000700000000CC97,both,False,,,12/31/23 1:20,12/25/23 16:21,,,12/31/23 1:20,12/25/23 16:34,False,FALSE,FALSE,TRUE,,FALSE,5.365439814814815,TRUE,True,False,False,True,24,False,308,1736,374,0,True,True,True,False,False,0,-5.374143519,3,2,0,0,0,0,0,0.14965502881510945,LOW,Benign
12/31/23 1:20,12/31/23 1:20,10587881384.0,Time Reversal Event,OSProvider.dll,,0x340C,6.0,|OSProvider.dll,1754560448.0,File_Created / Basic_Info_Changed / Data_Added / Data_Overwritten / Extended_Attr_Changed / Access_Right_Changed,0x000200000000D033,0x000700000000CC97,both,False,,,12/31/23 1:20,12/25/23 16:21,,,12/31/23 1:20,12/25/23 16:34,False,FALSE,FALSE,TRUE,,FALSE,5.365266203703704,TRUE,True,False,False,True,14,False,308,1736,374,0,True,True,True,False,False,0,-5.374189815,3,2,0,0,0,0,0,0.14965502881510945,LOW,Benign
12/31/23 1:20,12/31/23 1:20,10587883016.0,Time Reversal Event,ProvProvider.dll,,0x340E,0.0,|ProvProvider.dll,1754561008.0,File_Created / Basic_Info_Changed / Data_Added / Data_Overwritten / Extended_Attr_Changed / Access_Right_Changed,0x000200000000D038,0x000700000000CC97,both,False,,,12/31/23 1:20,12/25/23 16:21,,,12/31/23 1:20,12/25/23 16:34,False,FALSE,FALSE,TRUE,,FALSE,5.365277777777778,TRUE,True,False,False,True,16,False,308,1736,374,0,True,True,True,False,False,0,-5.374143519,3,2,0,0,0,0,0,0.1492582096119233,LOW,Benign
12/31/23 1:20,12/31/23 1:20,10587884963.0,Time Reversal Event,SetupPlatformProvider.dll,,0x340F,2.0,|SetupPlatformProvider.dll,1754562280.0,File_Created / Basic_Info_Changed / Data_Added / Data_Overwritten / Extended_Attr_Changed / Access_Right_Changed,0x000200000000D03D,0x000700000000CC97,both,False,,,12/31/23 1:20,12/25/23 16:20,,,12/31/23 1:20,12/25/23 16:33,False,FALSE,FALSE,TRUE,,FALSE,5.365520833333333,TRUE,True,False,False,True,25,False,308,1736,374,0,True,True,True,False,False,0,-5.374537037,3,2,0,0,0,0,0,0.1592582096119233,LOW,Benign
12/31/23 1:20,12/31/23 1:20,10587886071.0,Time Reversal Event,SmiProvider.dll,,0x33D6,6.0,|SmiProvider.dll,1754562944.0,File_Created / Basic_Info_Changed / Data_Added / Data_Overwritten / Extended_Attr_Changed / Access_Right_Changed,0x000600000000CF5B,0x000700000000CC97,both,False,,,12/31/23 1:20,12/25/23 16:21,,,12/31/23 1:20,12/25/23 16:33,False,FALSE,FALSE,TRUE,,FALSE,5.3659375,TRUE,True,False,False,True,15,False,308,1736,374,0,True,True,True,False,False,0,-5.374189815,3,2,0,0,0,0,0,0.14965502881510945,LOW,Benign
12/31/23 1:20,12/31/23 1:20,10587887123.0,Time Reversal Event,SysprepProvider.dll,,0x340E,2.0,|SysprepProvider.dll,1754563552.0,File_Created / Basic_Info_Changed / Data_Added / Data_Overwritten / Extended_Attr_Changed / Access_Right_Changed,0x000300000000D039,0x000700000000CC97,both,False,,,12/31/23 1:20,12/25/23 16:20,,,12/31/23 1:20,12/25/23 16:33,False,FALSE,FALSE,TRUE,,FALSE,5.365497685185185,TRUE,True,False,False,True,19,False,308,1736,374,0,True,True,True,False,False,0,-5.374537037,3,2,0,0,0,0,0,0.1592582096119233,LOW,Benign
12/31/23 1:20,12/31/23 1:20,10587888103.0,Time Reversal Event,TransmogProvider.dll,,0x340F,4.0,|TransmogProvider.dll,1754564176.0,File_Created / Basic_Info_Changed / Data_Added / Data_Overwritten / Extended_Attr_Changed / Access_Right_Changed,0x000200000000D03E,0x000700000000CC97,both,False,,,12/31/23 1:20,12/25/23 16:20,,,12/31/23 1:20,12/25/23 16:33,False,FALSE,FALSE,TRUE,,FALSE,5.365914351851852,TRUE,True,False,False,True,20,False,308,1736,374,0,True,True,True,False,False,0,-5.374861111,3,2,0,0,0,0,0,0.14965502881510945,LOW,Benign
12/31/23 1:20,12/31/23 1:20,10587889093.0,Time Reversal Event,UnattendProvider.dll,,0x3410,2.0,|UnattendProvider.dll,1754564800.0,File_Created / Basic_Info_Changed / Data_Added / Data_Overwritten / Extended_Attr_Changed / Access_Right_Changed,0x000200000000D041,0x000700000000CC97,both,False,,,12/31/23 1:20,12/25/23 16:21,,,12/31/23 1:20,12/25/23 16:33,False,FALSE,FALSE,TRUE,,FALSE,5.3657407407407405,TRUE,True,False,False,True,20,False,308,1736,374,0,True,True,True,False,False,0,-5.374189815,3,2,0,0,0,0,0,0.1592582096119233,LOW,Benign
12/31/23 1:20,12/31/23 1:20,10587890121.0,Time Reversal Event,VhdProvider.dll,,0x3410,4.0,|VhdProvider.dll,1754565392.0,File_Created / Basic_Info_Changed / Data_Added / Data_Overwritten / Extended_Attr_Changed / Access_Right_Changed,0x000200000000D042,0x000700000000CC97,both,False,,,12/31/23 1:20,12/25/23 16:21,,,12/31/23 1:20,12/25/23 16:34,False,FALSE,FALSE,TRUE,,FALSE,5.365196759259259,TRUE,True,False,False,True,15,False,308,1736,374,0,True,True,True,False,False,0,-5.374189815,3,2,0,0,0,0,0,0.14965502881510945,LOW,Benign
12/31/23 1:20,12/31/23 1:20,,,AppxProvider.dll,,,,|AppxProvider.dll,1754524296.0,File_Created / Basic_Info_Changed / Data_Added / Data_Overwritten / Extended_Attr_Changed / Access_Right_Changed / File_Closed,0x000400000000CC98,0x000700000000CC97,usnjrnl_only,False,,,,,,,,,False,FALSE,FALSE,FALSE,,FALSE,,FALSE,True,False,False,True,16,False,308,1736,374,0,False,True,True,True,True,0,,1,3,0,0,0,0,0,0.06934647303781581,LOW,Benign
12/31/23 1:20,12/31/23 1:20,,,AssocProvider.dll,,,,|AssocProvider.dll,1754524872.0,File_Created / Basic_Info_Changed / Data_Added / Data_Overwritten / Extended_Attr_Changed / Access_Right_Changed / File_Closed,0x000200000000CCB8,0x000700000000CC97,usnjrnl_only,False,,,,,,,,,False,FALSE,FALSE,FALSE,,FALSE,,FALSE,True,False,False,True,17,False,308,1736,374,0,False,True,True,True,True,0,,1,3,0,0,0,0,0,0.06934647303781581,LOW,Benign
12/31/23 1:20,12/31/23 1:20,,,CbsProvider.dll,,,,|CbsProvider.dll,1754525448.0,File_Created / Basic_Info_Changed / Data_Added / Data_Overwritten / Extended_Attr_Changed / Access_Right_Changed / File_Closed,0x000200000000CCB9,0x000700000000CC97,usnjrnl_only,False,,,,,,,,,False,FALSE,FALSE,FALSE,,FALSE,,FALSE,True,False,False,True,15,False,308,1736,374,0,False,True,True,True,True,0,,1,3,0,0,0,0,0,0.06934647303781581,LOW,Benign
12/31/23 1:20,12/31/23 1:20,,,DismCore.dll,,,,|DismCore.dll,1754526048.0,File_Created / Basic_Info_Changed / Data_Added / Data_Overwritten / Extended_Attr_Changed / Access_Right_Changed / File_Closed,0x000200000000CCBA,0x000700000000CC97,usnjrnl_only,False,,,,,,,,,False,FALSE,FALSE,FALSE,,FALSE,,FALSE,True,False,False,True,12,False,308,1736,374,0,False,True,True,True,True,0,,1,3,0,0,0,0,0,0.06934647303781581,LOW,Benign
12/31/23 1:20,12/31/23 1:20,,,DismCorePS.dll,,,,|DismCorePS.dll,1754526576.0,File_Created / Basic_Info_Changed / Data_Added / Data_Overwritten / Extended_Attr_Changed / Access_Right_Changed / File_Closed,0x000200000000CCBB,0x000700000000CC97,usnjrnl_only,False,,,,,,,,,False,FALSE,FALSE,FALSE,,FALSE,,FALSE,True,False,False,True,14,False,308,1736,374,0,False,True,True,True,True,0,,1,3,0,0,0,0,0,0.06934647303781581,LOW,Benign
12/31/23 1:20,12/31/23 1:20,,,DismHost.exe,,,,|DismHost.exe,1754527424.0,File_Created / Basic_Info_Changed / Data_Added / Data_Overwritten / Extended_Attr_Changed / Access_Right_Changed / File_Closed,0x000200000000CCBC,0x000700000000CC97,usnjrnl_only,False,,,,,,,,,False,FALSE,FALSE,FALSE,,FALSE,,FALSE,True,False,False,True,12,False,308,1736,374,0,False,True,True,True,True,0,,1,3,0,0,0,0,0,0.06934647303781581,LOW,Benign
12/31/23 1:20,12/31/23 1:20,,,DismProv.dll,,,,|DismProv.dll,1754527952.0,File_Created / Basic_Info_Changed / Data_Added / Data_Overwritten / Extended_Attr_Changed / Access_Right_Changed / File_Closed,0x000200000000CCBE,0x000700000000CC97,usnjrnl_only,False,,,,,,,,,False,FALSE,FALSE,FALSE,,FALSE,,FALSE,True,False,False,True,12,False,308,1736,374,0,False,True,True,True,True,0,,1,3,0,0,0,0,0,0.06934647303781581,LOW,Benign
12/31/23 1:20,12/31/23 1:20,,,DmiProvider.dll,,,,|DmiProvider.dll,1754528520.0,File_Created / Basic_Info_Changed / Data_Added / Data_Overwritten / Extended_Attr_Changed / Access_Right_Changed / File_Closed,0x000200000000CCBF,0x000700000000CC97,usnjrnl_only,False,,,,,,,,,False,FALSE,FALSE,FALSE,,FALSE,,FALSE,True,False,False,True,15,False,308,1736,374,0,False,True,True,True,True,0,,1,3,0,0,0,0,0,0.06934647303781581,LOW,Benign
12/31/23 1:20,12/31/23 1:20,,,AppxProvider.dll.mui,,,,|AppxProvider.dll.mui,1754529280.0,File_Created / Basic_Info_Changed / Data_Added / Data_Overwritten / Access_Right_Changed / File_Closed,0x000200000000CCC1,0x000200000000CCC0,usnjrnl_only,False,,,,,,,,,False,FALSE,FALSE,FALSE,,FALSE,,FALSE,False,False,False,True,20,False,627,1736,374,0,False,True,True,True,True,0,,1,3,0,0,0,0,0,0.03945239888163113,LOW,Benign
12/31/23 1:20,12/31/23 1:20,,,AssocProvider.dll.mui,,,,|AssocProvider.dll.mui,1754530000.0,File_Created / Basic_Info_Changed / Data_Added / Data_Overwritten / Access_Right_Changed / File_Closed,0x000200000000CCC2,0x000200000000CCC0,usnjrnl_only,False,,,,,,,,,False,FALSE,FALSE,FALSE,,FALSE,,FALSE,False,False,False,True,21,False,627,1736,374,0,False,True,True,True,True,0,,1,3,0,0,0,0,0,0.03945239888163113,LOW,Benign
12/31/23 1:20,12/31/23 1:20,,,DismCore.dll.mui,,,,|DismCore.dll.mui,1754531256.0,File_Created / Basic_Info_Changed / Data_Added / Data_Overwritten / Access_Right_Changed / File_Closed,0x000200000000CCC3,0x000200000000CCC0,usnjrnl_only,False,,,,,,,,,False,FALSE,FALSE,FALSE,,FALSE,,FALSE,False,False,False,True,16,False,628,1736,374,0,False,True,True,True,True,0,,1,3,0,0,0,0,0,0.03945239888163113,LOW,Benign
12/31/23 1:20,12/31/23 1:20,,,DismProv.dll.mui,,,,|DismProv.dll.mui,1754531992.0,File_Created / Basic_Info_Changed / Data_Added / Data_Overwritten / Access_Right_Changed / File_Closed,0x000200000000CCC6,0x000200000000CCC0,usnjrnl_only,False,,,,,,,,,False,FALSE,FALSE,FALSE,,FALSE,,FALSE,False,False,False,True,16,False,628,1736,374,0,False,True,True,True,True,0,,1,3,0,0,0,0,0,0.03945239888163113,LOW,Benign
12/31/23 1:20,12/31/23 1:20,,,FolderProvider.dll.mui,,,,|FolderProvider.dll.mui,1754532608.0,File_Created / Basic_Info_Changed / Data_Added / Data_Overwritten / Access_Right_Changed / File_Closed,0x000200000000CCCA,0x000200000000CCC0,usnjrnl_only,False,,,,,,,,,False,FALSE,FALSE,FALSE,,FALSE,,FALSE,False,False,False,True,22,False,628,1736,374,0,False,True,True,True,True,0,,1,3,0,0,0,0,0,0.03945239888163113,LOW,Benign
12/31/23 1:20,12/31/23 1:20,,,IBSProvider.dll.mui,,,,|IBSProvider.dll.mui,1754533232.0,File_Created / Basic_Info_Changed / Data_Added / Data_Overwritten / Access_Right_Changed / File_Closed,0x000200000000CCCD,0x000200000000CCC0,usnjrnl_only,False,,,,,,,,,False,FALSE,FALSE,FALSE,,FALSE,,FALSE,False,False,False,True,19,False,308,1736,374,0,False,True,True,True,True,0,,1,3,0,0,0,0,0,0.03945239888163113,LOW,Benign
12/31/23 1:20,12/31/23 1:20,,,LogProvider.dll.mui,,,,|LogProvider.dll.mui,1754533888.0,File_Created / Basic_Info_Changed / Data_Added / Data_Overwritten / Access_Right_Changed / File_Closed,0x000200000000CCDE,0x000200000000CCC0,usnjrnl_only,False,,,,,,,,,False,FALSE,FALSE,FALSE,,FALSE,,FALSE,False,False,False,True,19,False,627,1736,374,0,False,True,True,True,True,0,,1,3,0,0,0,0,0,0.03945239888163113,LOW,Benign
12/31/23 1:20,12/31/23 1:20,,,MsiProvider.dll.mui,,,,|MsiProvider.dll.mui,1754534512.0,File_Created / Basic_Info_Changed / Data_Added / Data_Overwritten / Access_Right_Changed / File_Closed,0x000200000000CCE5,0x000200000000CCC0,usnjrnl_only,False,,,,,,,,,False,FALSE,FALSE,FALSE,,FALSE,,FALSE,False,False,False,True,19,False,628,1736,374,0,False,True,True,True,True,0,,1,3,0,0,0,0,0,0.03945239888163113,LOW,Benign
12/31/23 1:20,12/31/23 1:20,,,SetupPlatformProvider.dll.mui,,,,|SetupPlatformProvider.dll.mui,1754535216.0,File_Created / Basic_Info_Changed / Data_Added / Data_Overwritten / Access_Right_Changed / File_Closed,0x000200000000CCE6,0x000200000000CCC0,usnjrnl_only,False,,,,,,,,,False,FALSE,FALSE,FALSE,,FALSE,,FALSE,False,False,False,True,29,False,628,1736,374,0,False,True,True,True,True,0,,1,3,0,0,0,0,0,0.03945239888163113,LOW,Benign
12/31/23 1:20,12/31/23 1:20,,,SysprepProvider.dll.mui,,,,|SysprepProvider.dll.mui,1754535896.0,File_Created / Basic_Info_Changed / Data_Added / Data_Overwritten / Access_Right_Changed / File_Closed,0x000200000000CCE7,0x000200000000CCC0,usnjrnl_only,False,,,,,,,,,False,FALSE,FALSE,FALSE,,FALSE,,FALSE,False,False,False,True,23,False,308,1736,374,0,False,True,True,True,True,0,,1,3,0,0,0,0,0,0.03945239888163113,LOW,Benign
12/31/23 1:20,12/31/23 1:20,,,TransmogProvider.dll.mui,,,,|TransmogProvider.dll.mui,1754536568.0,File_Created / Basic_Info_Changed / Data_Added / Data_Overwritten / Access_Right_Changed / File_Closed,0x000200000000CCEA,0x000200000000CCC0,usnjrnl_only,False,,,,,,,,,False,FALSE,FALSE,FALSE,,FALSE,,FALSE,False,False,False,True,24,False,628,1736,374,0,False,True,True,True,True,0,,1,3,0,0,0,0,0,0.03945239888163113,LOW,Benign
12/31/23 1:20,12/31/23 1:20,,,FfuProvider.dll,,,,|FfuProvider.dll,1754537160.0,File_Created / Basic_Info_Changed / Data_Added / Data_Overwritten / Extended_Attr_Changed / Access_Right_Changed / File_Closed,0x000200000000CCEB,0x000700000000CC97,usnjrnl_only,False,,,,,,,,,False,FALSE,FALSE,FALSE,,FALSE,,FALSE,True,False,False,True,15,False,308,1736,374,0,False,True,True,True,True,0,,1,3,0,0,0,0,0,0.07925810797888494,LOW,Benign
12/31/23 1:20,12/31/23 1:20,,,FolderProvider.dll,,,,|FolderProvider.dll,1754537984.0,File_Created / Basic_Info_Changed / Data_Added / Data_Overwritten / Extended_Attr_Changed / Access_Right_Changed / File_Closed,0x000200000000CCEC,0x000700000000CC97,usnjrnl_only,False,,,,,,,,,False,FALSE,FALSE,FALSE,,FALSE,,FALSE,True,False,False,True,18,False,308,1736,374,0,False,True,True,True,True,0,,1,3,0,0,0,0,0,0.07925810797888494,LOW,Benign
12/31/23 1:20,12/31/23 1:20,,,GenericProvider.dll,,,,|GenericProvider.dll,1754538600.0,File_Created / Basic_Info_Changed / Data_Added / Data_Overwritten / Extended_Attr_Changed / Access_Right_Changed / File_Closed,0x000200000000CCED,0x000700000000CC97,usnjrnl_only,False,,,,,,,,,False,FALSE,FALSE,FALSE,,FALSE,,FALSE,True,False,False,True,19,False,308,1736,374,0,False,True,True,True,True,0,,1,3,0,0,0,0,0,0.07925810797888494,LOW,Benign
12/31/23 1:20,12/31/23 1:20,,,IBSProvider.dll,,,,|IBSProvider.dll,1754539184.0,File_Created / Basic_Info_Changed / Data_Added / Data_Overwritten / Extended_Attr_Changed / Access_Right_Changed / File_Closed,0x000200000000CCEE,0x000700000000CC97,usnjrnl_only,False,,,,,,,,,False,FALSE,FALSE,FALSE,,FALSE,,FALSE,True,False,False,True,15,False,308,1736,374,0,False,True,True,True,True,0,,1,3,0,0,0,0,0,0.07925810797888494,LOW,Benign
12/31/23 1:20,12/31/23 1:20,,,ImagingProvider.dll,,,,|ImagingProvider.dll,1754539800.0,File_Created / Basic_Info_Changed / Data_Added / Data_Overwritten / Extended_Attr_Changed / Access_Right_Changed / File_Closed,0x000200000000CCEF,0x000700000000CC97,usnjrnl_only,False,,,,,,,,,False,FALSE,FALSE,FALSE,,FALSE,,FALSE,True,False,False,True,19,False,308,1736,374,0,False,True,True,True,True,0,,1,3,0,0,0,0,0,0.07925810797888494,LOW,Benign
12/31/23 1:20,12/31/23 1:20,,,IntlProvider.dll,,,,|IntlProvider.dll,1754540544.0,File_Created / Basic_Info_Changed / Data_Added / Data_Overwritten / Extended_Attr_Changed / Access_Right_Changed / File_Closed,0x000200000000CCF0,0x000700000000CC97,usnjrnl_only,False,,,,,,,,,False,FALSE,FALSE,FALSE,,FALSE,,FALSE,True,False,False,True,16,False,309,1736,374,0,False,True,True,True,True,0,,1,3,0,0,0,0,0,0.07925810797888494,LOW,Benign
12/31/23 1:20,12/31/23 1:20,,,AppxProvider.dll.mui,,,,|AppxProvider.dll.mui,1754541200.0,File_Created / Basic_Info_Changed / Data_Added / Data_Overwritten / Access_Right_Changed,0x000200000000CCF6,0x000200000000CCF1,usnjrnl_only,False,,,,,,,,,False,FALSE,FALSE,FALSE,,FALSE,,FALSE,False,False,False,True,20,False,627,1736,374,0,False,True,True,False,False,0,,1,2,0,0,0,0,0,0.03972605574962982,LOW,Benign
12/31/23 1:20,12/31/23 1:20,,,AppxProvider.dll.mui,,,,|AppxProvider.dll.mui,1754541304.0,File_Created / Basic_Info_Changed / Data_Added / Data_Overwritten / Access_Right_Changed / File_Closed,0x000200000000CCF6,0x000200000000CCF1,usnjrnl_only,False,,,,,,,,,False,FALSE,FALSE,FALSE,,FALSE,,FALSE,False,False,False,True,20,False,627,1736,374,0,False,True,True,True,True,0,,1,3,0,0,0,0,0,0.03945239888163113,LOW,Benign
12/31/23 1:20,12/31/23 1:20,,,AssocProvider.dll.mui,,,,|AssocProvider.dll.mui,1754542080.0,File_Created / Basic_Info_Changed / Data_Added / Data_Overwritten / Access_Right_Changed,0x000200000000CD1D,0x000200000000CCF1,usnjrnl_only,False,,,,,,,,,False,FALSE,FALSE,FALSE,,FALSE,,FALSE,False,False,False,True,21,False,627,1736,374,0,False,True,True,False,False,0,,1,2,0,0,0,0,0,0.03972605574962982,LOW,Benign
12/31/23 1:20,12/31/23 1:20,,,AssocProvider.dll.mui,,,,|AssocProvider.dll.mui,1754542184.0,File_Created / Basic_Info_Changed / Data_Added / Data_Overwritten / Access_Right_Changed / File_Closed,0x000200000000CD1D,0x000200000000CCF1,usnjrnl_only,False,,,,,,,,,False,FALSE,FALSE,FALSE,,FALSE,,FALSE,False,False,False,True,21,False,627,1736,374,0,False,True,True,True,True,0,,1,3,0,0,0,0,0,0.03945239888163113,LOW,Benign
12/31/23 1:20,12/31/23 1:20,,,CbsProvider.dll.mui,,,,|CbsProvider.dll.mui,1754543120.0,File_Created / Basic_Info_Changed / Data_Added / Data_Overwritten / Access_Right_Changed / File_Closed,0x000200000000CDC6,0x000200000000CCF1,usnjrnl_only,False,,,,,,,,,False,FALSE,FALSE,FALSE,,FALSE,,FALSE,False,False,False,True,19,False,308,1736,374,0,False,True,True,True,True,0,,1,3,0,0,0,0,0,0.03945239888163113,LOW,Benign
12/31/23 1:20,12/31/23 1:20,,,DismCore.dll.mui,,,,|DismCore.dll.mui,1754544472.0,File_Created / Basic_Info_Changed / Data_Added / Data_Overwritten / Access_Right_Changed,0x000200000000CEAB,0x000200000000CCF1,usnjrnl_only,False,,,,,,,,,False,FALSE,FALSE,FALSE,,FALSE,,FALSE,False,False,False,True,16,False,628,1736,374,0,False,True,True,False,False,0,,1,2,0,0,0,0,0,0.03972605574962982,LOW,Benign
12/31/23 1:20,12/31/23 1:20,,,DismCore.dll.mui,,,,|DismCore.dll.mui,1754544568.0,File_Created / Basic_Info_Changed / Data_Added / Data_Overwritten / Access_Right_Changed / File_Closed,0x000200000000CEAB,0x000200000000CCF1,usnjrnl_only,False,,,,,,,,,False,FALSE,FALSE,FALSE,,FALSE,,FALSE,False,False,False,True,16,False,628,1736,374,0,False,True,True,True,True,0,,1,3,0,0,0,0,0,0.03945239888163113,LOW,Benign
12/31/23 1:20,12/31/23 1:20,,,DismProv.dll.mui,,,,|DismProv.dll.mui,1754545048.0,File_Created / Basic_Info_Changed / Data_Added / Data_Overwritten / Access_Right_Changed,0x000300000000CEAE,0x000200000000CCF1,usnjrnl_only,False,,,,,,,,,False,FALSE,FALSE,FALSE,,FALSE,,FALSE,False,False,False,True,16,False,628,1736,374,0,False,True,True,False,False,0,,1,2,0,0,0,0,0,0.03972605574962982,LOW,Benign
12/31/23 1:20,12/31/23 1:20,,,DismProv.dll.mui,,,,|DismProv.dll.mui,1754545144.0,File_Created / Basic_Info_Changed / Data_Added / Data_Overwritten / Access_Right_Changed / File_Closed,0x000300000000CEAE,0x000200000000CCF1,usnjrnl_only,False,,,,,,,,,False,FALSE,FALSE,FALSE,,FALSE,,FALSE,False,False,False,True,16,False,628,1736,374,0,False,True,True,True,True,0,,1,3,0,0,0,0,0,0.03945239888163113,LOW,Benign
12/31/23 1:20,12/31/23 1:20,,,DmiProvider.dll.mui,,,,|DmiProvider.dll.mui,1754545760.0,File_Created / Basic_Info_Changed / Data_Added / Data_Overwritten / Access_Right_Changed / File_Closed,0x000200000000CEAF,0x000200000000CCF1,usnjrnl_only,False,,,,,,,,,False,FALSE,FALSE,FALSE,,FALSE,,FALSE,False,False,False,True,19,False,309,1736,374,0,False,True,True,True,True,0,,1,3,0,0,0,0,0,0.03945239888163113,LOW,Benign
12/31/23 1:20,12/31/23 1:20,,,FfuProvider.dll.mui,,,,|FfuProvider.dll.mui,1754546592.0,File_Created / Basic_Info_Changed / Data_Added / Data_Overwritten / Access_Right_Changed / File_Closed,0x000200000000CEB5,0x000200000000CCF1,usnjrnl_only,False,,,,,,,,,False,FALSE,FALSE,FALSE,,FALSE,,FALSE,False,False,False,True,19,False,308,1736,374,0,False,True,True,True,True,0,,1,3,0,0,0,0,0,0.03945239888163113,LOW,Benign
12/31/23 1:20,12/31/23 1:20,,,FolderProvider.dll.mui,,,,|FolderProvider.dll.mui,1754547384.0,File_Created / Basic_Info_Changed / Data_Added / Data_Overwritten / Access_Right_Changed,0x000200000000CEB8,0x000200000000CCF1,usnjrnl_only,False,,,,,,,,,False,FALSE,FALSE,FALSE,,FALSE,,FALSE,False,False,False,True,22,False,628,1736,374,0,False,True,True,False,False,0,,1,2,0,0,0,0,0,0.03972605574962982,LOW,Benign
12/31/23 1:20,12/31/23 1:20,,,FolderProvider.dll.mui,,,,|FolderProvider.dll.mui,1754547488.0,File_Created / Basic_Info_Changed / Data_Added / Data_Overwritten / Access_Right_Changed / File_Closed,0x000200000000CEB8,0x000200000000CCF1,usnjrnl_only,False,,,,,,,,,False,FALSE,FALSE,FALSE,,FALSE,,FALSE,False,False,False,True,22,False,628,1736,374,0,False,True,True,True,True,0,,1,3,0,0,0,0,0,0.03945239888163113,LOW,Benign
12/31/23 1:20,12/31/23 1:20,,,GenericProvider.dll.mui,,,,|GenericProvider.dll.mui,1754548152.0,File_Created / Basic_Info_Changed / Data_Added / Data_Overwritten / Access_Right_Changed / File_Closed,0x000300000000CEB6,0x000200000000CCF1,usnjrnl_only,False,,,,,,,,,False,FALSE,FALSE,FALSE,,FALSE,,FALSE,False,False,False,True,23,False,309,1736,374,0,False,True,True,True,True,0,,1,3,0,0,0,0,0,0.03945239888163113,LOW,Benign
12/31/23 1:20,12/31/23 1:20,,,ImagingProvider.dll.mui,,,,|ImagingProvider.dll.mui,1754548824.0,File_Created / Basic_Info_Changed / Data_Added / Data_Overwritten / Access_Right_Changed / File_Closed,0x000200000000CEB9,0x000200000000CCF1,usnjrnl_only,False,,,,,,,,,False,FALSE,FALSE,FALSE,,FALSE,,FALSE,False,False,False,True,23,False,308,1736,374,0,False,True,True,True,True,0,,1,3,0,0,0,0,0,0.03945239888163113,LOW,Benign
12/31/23 1:20,12/31/23 1:20,,,IntlProvider.dll.mui,,,,|IntlProvider.dll.mui,1754549456.0,File_Created / Basic_Info_Changed / Data_Added / Data_Overwritten / Access_Right_Changed / File_Closed,0x000200000000CEBB,0x000200000000CCF1,usnjrnl_only,False,,,,,,,,,False,FALSE,FALSE,FALSE,,FALSE,,FALSE,False,False,False,True,20,False,309,1736,374,0,False,True,True,True,True,0,,1,3,0,0,0,0,0,0.03945239888163113,LOW,Benign
12/31/23 1:20,12/31/23 1:20,,,LogProvider.dll.mui,,,,|LogProvider.dll.mui,1754550136.0,File_Created / Basic_Info_Changed / Data_Added / Data_Overwritten / Access_Right_Changed,0x000200000000CEBE,0x000200000000CCF1,usnjrnl_only,False,,,,,,,,,False,FALSE,FALSE,FALSE,,FALSE,,FALSE,False,False,False,True,19,False,627,1736,374,0,False,True,True,False,False,0,,1,2,0,0,0,0,0,0.03972605574962982,LOW,Benign
12/31/23 1:20,12/31/23 1:20,,,LogProvider.dll.mui,,,,|LogProvider.dll.mui,1754550272.0,File_Created / Basic_Info_Changed / Data_Added / Data_Overwritten / Access_Right_Changed / File_Closed,0x000200000000CEBE,0x000200000000CCF1,usnjrnl_only,False,,,,,,,,,False,FALSE,FALSE,FALSE,,FALSE,,FALSE,False,False,False,True,19,False,627,1736,374,0,False,True,True,True,True,0,,1,3,0,0,0,0,0,0.03945239888163113,LOW,Benign
12/31/23 1:20,12/31/23 1:20,,,MsiProvider.dll.mui,,,,|MsiProvider.dll.mui,1754551504.0,File_Created / Basic_Info_Changed / Data_Added / Data_Overwritten / Access_Right_Changed,0x000200000000CEC7,0x000200000000CCF1,usnjrnl_only,False,,,,,,,,,False,FALSE,FALSE,FALSE,,FALSE,,FALSE,False,False,False,True,19,False,628,1736,374,0,False,True,True,False,False,0,,1,2,0,0,0,0,0,0.03972605574962982,LOW,Benign
12/31/23 1:20,12/31/23 1:20,,,MsiProvider.dll.mui,,,,|MsiProvider.dll.mui,1754551608.0,File_Created / Basic_Info_Changed / Data_Added / Data_Overwritten / Access_Right_Changed / File_Closed,0x000200000000CEC7,0x000200000000CCF1,usnjrnl_only,False,,,,,,,,,False,FALSE,FALSE,FALSE,,FALSE,,FALSE,False,False,False,True,19,False,628,1736,374,0,False,True,True,True,True,0,,1,3,0,0,0,0,0,0.03945239888163113,LOW,Benign
12/31/23 1:20,12/31/23 1:20,,,OfflineSetupProvider.dll.mui,,,,|OfflineSetupProvider.dll.mui,1754552312.0,File_Created / Basic_Info_Changed / Data_Added / Data_Overwritten / Access_Right_Changed / File_Closed,0x000200000000CED6,0x000200000000CCF1,usnjrnl_only,False,,,,,,,,,False,FALSE,FALSE,FALSE,,FALSE,,FALSE,False,False,False,True,28,False,308,1736,374,0,False,True,True,True,True,0,,1,3,0,0,0,0,0,0.03945239888163113,LOW,Benign
12/31/23 1:20,12/31/23 1:20,,,OSProvider.dll.mui,,,,|OSProvider.dll.mui,1754553464.0,File_Created / Basic_Info_Changed / Data_Added / Data_Overwritten / Access_Right_Changed / File_Closed,0x000200000000CEE6,0x000200000000CCF1,usnjrnl_only,False,,,,,,,,,False,FALSE,FALSE,FALSE,,FALSE,,FALSE,False,False,False,True,18,False,308,1736,374,0,False,True,True,True,True,0,,1,3,0,0,0,0,0,0.03945239888163113,LOW,Benign
12/31/23 1:20,12/31/23 1:20,,,ProvProvider.dll.mui,,,,|ProvProvider.dll.mui,1754554080.0,File_Created / Basic_Info_Changed / Data_Added / Data_Overwritten / Access_Right_Changed / File_Closed,0x000200000000CF76,0x000200000000CCF1,usnjrnl_only,False,,,,,,,,,False,FALSE,FALSE,FALSE,,FALSE,,FALSE,False,False,False,True,20,False,308,1736,374,0,False,True,True,True,True,0,,1,3,0,0,0,0,0,0.03945239888163113,LOW,Benign
12/31/23 1:20,12/31/23 1:20,,,SetupPlatformProvider.dll.mui,,,,|SetupPlatformProvider.dll.mui,1754554728.0,File_Created / Basic_Info_Changed / Data_Added / Data_Overwritten / Access_Right_Changed,0x000300000000CFAA,0x000200000000CCF1,usnjrnl_only,False,,,,,,,,,False,FALSE,FALSE,FALSE,,FALSE,,FALSE,False,False,False,True,29,False,628,1736,374,0,False,True,True,False,False,0,,1,2,0,0,0,0,0,0.03972605574962982,LOW,Benign
12/31/23 1:20,12/31/23 1:20,,,SetupPlatformProvider.dll.mui,,,,|SetupPlatformProvider.dll.mui,1754554848.0,File_Created / Basic_Info_Changed / Data_Added / Data_Overwritten / Access_Right_Changed / File_Closed,0x000300000000CFAA,0x000200000000CCF1,usnjrnl_only,False,,,,,,,,,False,FALSE,FALSE,FALSE,,FALSE,,FALSE,False,False,False,True,29,False,628,1736,374,0,False,True,True,True,True,0,,1,3,0,0,0,0,0,0.03945239888163113,LOW,Benign
12/31/23 1:20,12/31/23 1:20,,,SmiProvider.dll.mui,,,,|SmiProvider.dll.mui,1754555488.0,File_Created / Basic_Info_Changed / Data_Added / Data_Overwritten / Access_Right_Changed / File_Closed,0x000200000000CFFA,0x000200000000CCF1,usnjrnl_only,False,,,,,,,,,False,FALSE,FALSE,FALSE,,FALSE,,FALSE,False,False,False,True,19,False,309,1736,374,0,False,True,True,True,True,0,,1,3,0,0,0,0,0,0.03945239888163113,LOW,Benign
12/31/23 1:20,12/31/23 1:20,,,TransmogProvider.dll.mui,,,,|TransmogProvider.dll.mui,1754556040.0,File_Created / Basic_Info_Changed / Data_Added / Data_Overwritten / Access_Right_Changed,0x000200000000D01C,0x000200000000CCF1,usnjrnl_only,False,,,,,,,,,False,FALSE,FALSE,FALSE,,FALSE,,FALSE,False,False,False,True,24,False,628,1736,374,0,False,True,True,False,False,0,,1,2,0,0,0,0,0,0.03972605574962982,LOW,Benign
12/31/23 1:20,12/31/23 1:20,,,TransmogProvider.dll.mui,,,,|TransmogProvider.dll.mui,1754556152.0,File_Created / Basic_Info_Changed / Data_Added / Data_Overwritten / Access_Right_Changed / File_Closed,0x000200000000D01C,0x000200000000CCF1,usnjrnl_only,False,,,,,,,,,False,FALSE,FALSE,FALSE,,FALSE,,FALSE,False,False,False,True,24,False,628,1736,374,0,False,True,True,True,True,0,,1,3,0,0,0,0,0,0.03945239888163113,LOW,Benign
12/31/23 1:20,12/31/23 1:20,,,UnattendProvider.dll.mui,,,,|UnattendProvider.dll.mui,1754556824.0,File_Created / Basic_Info_Changed / Data_Added / Data_Overwritten / Access_Right_Changed / File_Closed,0x000200000000D021,0x000200000000CCF1,usnjrnl_only,False,,,,,,,,,False,FALSE,FALSE,FALSE,,FALSE,,FALSE,False,False,False,True,24,False,308,1736,374,0,False,True,True,True,True,0,,1,3,0,0,0,0,0,0.03945239888163113,LOW,Benign
12/31/23 1:20,12/31/23 1:20,,,VhdProvider.dll.mui,,,,|VhdProvider.dll.mui,1754557456.0,File_Created / Basic_Info_Changed / Data_Added / Data_Overwritten / Access_Right_Changed / File_Closed,0x000200000000D026,0x000200000000CCF1,usnjrnl_only,False,,,,,,,,,False,FALSE,FALSE,FALSE,,FALSE,,FALSE,False,False,False,True,19,False,308,1736,374,0,False,True,True,True,True,0,,1,3,0,0,0,0,0,0.03945239888163113,LOW,Benign
12/31/23 1:20,12/31/23 1:20,,,WimProvider.dll.mui,,,,|WimProvider.dll.mui,1754558080.0,File_Created / Basic_Info_Changed / Data_Added / Data_Overwritten / Access_Right_Changed / File_Closed,0x000200000000D02B,0x000200000000CCF1,usnjrnl_only,False,,,,,,,,,False,FALSE,FALSE,FALSE,,FALSE,,FALSE,False,False,False,True,19,False,308,1736,374,0,False,True,True,True,True,0,,1,3,0,0,0,0,0,0.03945239888163113,LOW,Benign
12/31/23 1:20,12/31/23 1:20,,,LogProvider.dll,,,,|LogProvider.dll,1754558752.0,File_Created / Basic_Info_Changed / Data_Added / Data_Overwritten / Extended_Attr_Changed / Access_Right_Changed / File_Closed,0x000200000000D02D,0x000700000000CC97,usnjrnl_only,False,,,,,,,,,False,FALSE,FALSE,FALSE,,FALSE,,FALSE,True,False,False,True,15,False,308,1736,374,0,False,True,True,True,True,0,,1,3,0,0,0,0,0,0.07925810797888494,LOW,Benign
12/31/23 1:20,12/31/23 1:20,,,MsiProvider.dll,,,,|MsiProvider.dll,1754559328.0,File_Created / Basic_Info_Changed / Data_Added / Data_Overwritten / Extended_Attr_Changed / Access_Right_Changed / File_Closed,0x000200000000D02E,0x000700000000CC97,usnjrnl_only,False,,,,,,,,,False,FALSE,FALSE,FALSE,,FALSE,,FALSE,True,False,False,True,15,False,308,1736,374,0,False,True,True,True,True,0,,1,3,0,0,0,0,0,0.07925810797888494,LOW,Benign
12/31/23 1:20,12/31/23 1:20,,,OfflineSetupProvider.dll,,,,|OfflineSetupProvider.dll,1754559984.0,File_Created / Basic_Info_Changed / Data_Added / Data_Overwritten / Extended_Attr_Changed / Access_Right_Changed / File_Closed,0x000200000000D032,0x000700000000CC97,usnjrnl_only,False,,,,,,,,,False,FALSE,FALSE,FALSE,,FALSE,,FALSE,True,False,False,True,24,False,308,1736,374,0,False,True,True,True,True,0,,1,3,0,0,0,0,0,0.07925810797888494,LOW,Benign
12/31/23 1:20,12/31/23 1:20,,,OSProvider.dll,,,,|OSProvider.dll,1754560536.0,File_Created / Basic_Info_Changed / Data_Added / Data_Overwritten / Extended_Attr_Changed / Access_Right_Changed / File_Closed,0x000200000000D033,0x000700000000CC97,usnjrnl_only,False,,,,,,,,,False,FALSE,FALSE,FALSE,,FALSE,,FALSE,True,False,False,True,14,False,308,1736,374,0,False,True,True,True,True,0,,1,3,0,0,0,0,0,0.07925810797888494,LOW,Benign
12/31/23 1:20,12/31/23 1:20,,,ProvProvider.dll,,,,|ProvProvider.dll,1754561104.0,File_Created / Basic_Info_Changed / Data_Added / Data_Overwritten / Extended_Attr_Changed / Access_Right_Changed / File_Closed,0x000200000000D038,0x000700000000CC97,usnjrnl_only,False,,,,,,,,,False,FALSE,FALSE,FALSE,,FALSE,,FALSE,True,False,False,True,16,False,308,1736,374,0,False,True,True,True,True,0,,1,3,0,0,0,0,0,0.07925810797888494,LOW,Benign
12/31/23 1:20,12/31/23 1:20,,,SetupPlatformProvider.dll,,,,|SetupPlatformProvider.dll,1754562392.0,File_Created / Basic_Info_Changed / Data_Added / Data_Overwritten / Extended_Attr_Changed / Access_Right_Changed / File_Closed,0x000200000000D03D,0x000700000000CC97,usnjrnl_only,False,,,,,,,,,False,FALSE,FALSE,FALSE,,FALSE,,FALSE,True,False,False,True,25,False,308,1736,374,0,False,True,True,True,True,0,,1,3,0,0,0,0,0,0.07925810797888494,LOW,Benign
12/31/23 1:20,12/31/23 1:20,,,SmiProvider.dll,,,,|SmiProvider.dll,1754563040.0,File_Created / Basic_Info_Changed / Data_Added / Data_Overwritten / Extended_Attr_Changed / Access_Right_Changed / File_Closed,0x000600000000CF5B,0x000700000000CC97,usnjrnl_only,False,,,,,,,,,False,FALSE,FALSE,FALSE,,FALSE,,FALSE,True,False,False,True,15,False,308,1736,374,0,False,True,True,True,True,0,,1,3,0,0,0,0,0,0.07925810797888494,LOW,Benign
12/31/23 1:20,12/31/23 1:20,,,SysprepProvider.dll,,,,|SysprepProvider.dll,1754563656.0,File_Created / Basic_Info_Changed / Data_Added / Data_Overwritten / Extended_Attr_Changed / Access_Right_Changed / File_Closed,0x000300000000D039,0x000700000000CC97,usnjrnl_only,False,,,,,,,,,False,FALSE,FALSE,FALSE,,FALSE,,FALSE,True,False,False,True,19,False,308,1736,374,0,False,True,True,True,True,0,,1,3,0,0,0,0,0,0.07925810797888494,LOW,Benign
12/31/23 1:20,12/31/23 1:20,,,TransmogProvider.dll,,,,|TransmogProvider.dll,1754564280.0,File_Created / Basic_Info_Changed / Data_Added / Data_Overwritten / Extended_Attr_Changed / Access_Right_Changed / File_Closed,0x000200000000D03E,0x000700000000CC97,usnjrnl_only,False,,,,,,,,,False,FALSE,FALSE,FALSE,,FALSE,,FALSE,True,False,False,True,20,False,308,1736,374,0,False,True,True,True,True,0,,1,3,0,0,0,0,0,0.07925810797888494,LOW,Benign
12/31/23 1:20,12/31/23 1:20,,,UnattendProvider.dll,,,,|UnattendProvider.dll,1754564904.0,File_Created / Basic_Info_Changed / Data_Added / Data_Overwritten / Extended_Attr_Changed / Access_Right_Changed / File_Closed,0x000200000000D041,0x000700000000CC97,usnjrnl_only,False,,,,,,,,,False,FALSE,FALSE,FALSE,,FALSE,,FALSE,True,False,False,True,20,False,308,1736,374,0,False,True,True,True,True,0,,1,3,0,0,0,0,0,0.07925810797888494,LOW,Benign
12/31/23 1:20,12/31/23 1:20,,,VhdProvider.dll,,,,|VhdProvider.dll,1754565488.0,File_Created / Basic_Info_Changed / Data_Added / Data_Overwritten / Extended_Attr_Changed / Access_Right_Changed / File_Closed,0x000200000000D042,0x000700000000CC97,usnjrnl_only,False,,,,,,,,,False,FALSE,FALSE,FALSE,,FALSE,,FALSE,True,False,False,True,15,False,308,1736,374,0,False,True,True,True,True,0,,1,3,0,0,0,0,0,0.07925810797888494,LOW,Benign
12/31/23 1:20,12/31/23 1:20,,,WimProvider.dll,,,,|WimProvider.dll,1754565968.0,File_Created / Basic_Info_Changed / Data_Added / Data_Overwritten / Extended_Attr_Changed / Access_Right_Changed,0x000200000000D043,0x000700000000CC97,usnjrnl_only,False,,,,,,,,,False,FALSE,FALSE,FALSE,,FALSE,,FALSE,True,False,False,True,15,False,322,1736,374,0,False,True,True,False,False,0,,1,2,0,0,0,0,0,0.060462928785487646,LOW,Benign
12/31/23 1:20,12/31/23 1:20,,,WimProvider.dll,,,,|WimProvider.dll,1754566064.0,File_Created / Basic_Info_Changed / Data_Added / Data_Overwritten / Extended_Attr_Changed / Access_Right_Changed / File_Closed,0x000200000000D043,0x000700000000CC97,usnjrnl_only,False,,,,,,,,,False,FALSE,FALSE,FALSE,,FALSE,,FALSE,True,False,False,True,15,False,322,1736,374,0,False,True,True,True,True,0,,1,3,0,0,0,0,0,0.07925810797888494,LOW,Benign
12/31/23 1:20,12/31/23 1:20,,,SIH.20231231.022020.964.1.etl,\Windows\Logs\SIH\SIH.20231231.022020.964.1.etl,,,\Windows\Logs\SIH\SIH.20231231.022020.964.1.etl|SIH.20231231.022020.964.1.etl,1754574040.0,File_Created / Basic_Info_Changed / Content_Indexed_Attr_Changed,0x000500000000C9DF,0x000400000001A943,usnjrnl_only,False,,,,,,,,,False,FALSE,FALSE,FALSE,,FALSE,,FALSE,False,False,False,False,29,False,4,1736,374,4,False,True,True,False,False,4,,1,2,0,0,0,0,0,0.050647530444153245,LOW,Benign
12/31/23 1:20,12/31/23 1:20,,,SIH.20231231.022020.964.1.etl,\Windows\Logs\SIH\SIH.20231231.022020.964.1.etl,,,\Windows\Logs\SIH\SIH.20231231.022020.964.1.etl|SIH.20231231.022020.964.1.etl,1754574160.0,File_Created / Basic_Info_Changed / Data_Added / Content_Indexed_Attr_Changed,0x000500000000C9DF,0x000400000001A943,usnjrnl_only,False,,,,,,,,,False,FALSE,FALSE,FALSE,,FALSE,,FALSE,False,False,False,False,29,False,4,1736,374,0,False,True,True,False,False,4,,1,2,0,0,0,0,0,0.050647530444153245,LOW,Benign
12/31/23 1:20,12/31/23 1:20,,,SIH.20231231.022020.964.1.etl,\Windows\Logs\SIH\SIH.20231231.022020.964.1.etl,,,\Windows\Logs\SIH\SIH.20231231.022020.964.1.etl|SIH.20231231.022020.964.1.etl,1754574280.0,File_Created / Basic_Info_Changed / Data_Added / Data_Overwritten / Content_Indexed_Attr_Changed,0x000500000000C9DF,0x000400000001A943,usnjrnl_only,False,,,,,,,,,False,FALSE,FALSE,FALSE,,FALSE,,FALSE,False,False,False,False,29,False,4,1736,374,1,False,True,True,False,False,4,,1,2,0,0,0,0,0,0.050647530444153245,LOW,Benign
12/31/23 1:20,12/31/23 1:20,,,SIH.20231231.022020.964.1.etl,\Windows\Logs\SIH\SIH.20231231.022020.964.1.etl,,,\Windows\Logs\SIH\SIH.20231231.022020.964.1.etl|SIH.20231231.022020.964.1.etl,1754574400.0,File_Created / Basic_Info_Changed / Data_Added / Data_Overwritten / Content_Indexed_Attr_Changed / File_Closed,0x000500000000C9DF,0x000400000001A943,usnjrnl_only,False,,,,,,,,,False,FALSE,FALSE,FALSE,,FALSE,,FALSE,False,False,False,True,29,False,4,1736,374,0,False,True,True,True,True,4,,1,3,0,0,0,0,0,0.12862533876498233,LOW,Benign
12/31/23 1:20,12/31/23 1:20,,,settings.dat,\Users\blueangel\AppData\Local\Packages\microsoft.windowscommunicationsapps_8wekyb3d8bbwe\Settings\settings.dat,,,\Users\blueangel\AppData\Local\Packages\microsoft.windowscommunicationsapps_8wekyb3d8bbwe\Settings\settings.dat|settings.dat,1754574960.0,Basic_Info_Changed / Data_Overwritten / File_Closed,0x000100000001A676,0x000100000001A673,usnjrnl_only,False,,,,,,,,,False,FALSE,FALSE,FALSE,,FALSE,,FALSE,False,False,False,True,12,False,274,1736,374,0,False,True,True,True,True,8,,1,3,0,0,0,0,0,0.029793523456145294,LOW,Benign
12/31/23 1:20,12/31/23 1:20,,,COMPONENTS,\Windows\System32\config\COMPONENTS,,,\Windows\System32\config\COMPONENTS|COMPONENTS,1754575048.0,Basic_Info_Changed / File_Closed,0x0001000000019600,0x0001000000000E5D,usnjrnl_only,False,,,,,,,,,False,FALSE,FALSE,FALSE,,FALSE,,FALSE,False,False,False,True,10,False,197,1736,374,0,False,True,True,True,True,4,,1,3,0,0,0,0,0,0.03945239888163113,LOW,Benign
12/31/23 1:20,12/31/23 1:20,,,dd_BackgroundDownload_20231222154638.log,\Users\blueangel\AppData\Local\Temp\dd_BackgroundDownload_20231222154638.log,,,\Users\blueangel\AppData\Local\Temp\dd_BackgroundDownload_20231222154638.log|dd_BackgroundDownload_20231222154638.log,1754575128.0,Basic_Info_Changed,0x00120000000200FB,0x000100000001A2E5,usnjrnl_only,False,,,,,,,,,False,FALSE,FALSE,FALSE,,FALSE,,FALSE,False,False,False,False,40,True,8,1736,374,0,False,True,True,False,False,6,,1,2,0,0,0,0,0,0.03972605574962982,LOW,Benign
12/31/23 1:20,12/31/23 1:20,,,dd_BackgroundDownload_20231222154638.log,\Users\blueangel\AppData\Local\Temp\dd_BackgroundDownload_20231222154638.log,,,\Users\blueangel\AppData\Local\Temp\dd_BackgroundDownload_20231222154638.log|dd_BackgroundDownload_20231222154638.log,1754575272.0,Basic_Info_Changed / File_Closed,0x00120000000200FB,0x000100000001A2E5,usnjrnl_only,False,,,,,,,,,False,FALSE,FALSE,FALSE,,FALSE,,FALSE,False,False,False,False,40,True,8,1736,374,0,False,True,True,True,True,6,,1,3,0,0,0,0,0,0.029793523456145294,LOW,Benign
12/31/23 1:20,12/31/23 1:20,,,dd_BackgroundDownload_20231222154638_result_Error.log,\Users\blueangel\AppData\Local\Temp\dd_BackgroundDownload_20231222154638_result_Error.log,,,\Users\blueangel\AppData\Local\Temp\dd_BackgroundDownload_20231222154638_result_Error.log|dd_BackgroundDownload_20231222154638_result_Error.log,1754575416.0,Basic_Info_Changed,0x00C6000000025A31,0x000100000001A2E5,usnjrnl_only,False,,,,,,,,,False,FALSE,FALSE,FALSE,,FALSE,,FALSE,False,False,False,False,53,True,8,1736,374,0,False,True,True,False,False,6,,1,2,0,0,0,0,0,0.03972605574962982,LOW,Benign
12/31/23 1:20,12/31/23 1:20,,,dd_BackgroundDownload_20231222154638_result_Error.log,\Users\blueangel\AppData\Local\Temp\dd_BackgroundDownload_20231222154638_result_Error.log,,,\Users\blueangel\AppData\Local\Temp\dd_BackgroundDownload_20231222154638_result_Error.log|dd_BackgroundDownload_20231222154638_result_Error.log,1754575584.0,Basic_Info_Changed / File_Closed,0x00C6000000025A31,0x000100000001A2E5,usnjrnl_only,False,,,,,,,,,False,FALSE,FALSE,FALSE,,FALSE,,FALSE,False,False,False,False,53,True,8,1736,374,0,False,True,True,True,True,6,,1,3,0,0,0,0,0,0.029793523456145294,LOW,Benign
12/31/23 1:20,12/31/23 1:20,,,dd_BackgroundDownload_20231222180240.log,\Users\blueangel\AppData\Local\Temp\dd_BackgroundDownload_20231222180240.log,,,\Users\blueangel\AppData\Local\Temp\dd_BackgroundDownload_20231222180240.log|dd_BackgroundDownload_20231222180240.log,1754575752.0,Basic_Info_Changed,0x000300000002E186,0x000100000001A2E5,usnjrnl_only,False,,,,,,,,,False,FALSE,FALSE,FALSE,,FALSE,,FALSE,False,False,False,False,40,True,8,1736,374,0,False,True,True,False,False,6,,1,2,0,0,0,0,0,0.03972605574962982,LOW,Benign
12/31/23 1:20,12/31/23 1:20,,,dd_BackgroundDownload_20231222180240.log,\Users\blueangel\AppData\Local\Temp\dd_BackgroundDownload_20231222180240.log,,,\Users\blueangel\AppData\Local\Temp\dd_BackgroundDownload_20231222180240.log|dd_BackgroundDownload_20231222180240.log,1754575896.0,Basic_Info_Changed / File_Closed,0x000300000002E186,0x000100000001A2E5,usnjrnl_only,False,,,,,,,,,False,FALSE,FALSE,FALSE,,FALSE,,FALSE,False,False,False,False,40,True,8,1736,374,0,False,True,True,True,True,6,,1,3,0,0,0,0,0,0.029793523456145294,LOW,Benign
12/31/23 1:20,12/31/23 1:20,,,dd_BackgroundDownload_20231222180240_result_Error.log,\Users\blueangel\AppData\Local\Temp\dd_BackgroundDownload_20231222180240_result_Error.log,,,\Users\blueangel\AppData\Local\Temp\dd_BackgroundDownload_20231222180240_result_Error.log|dd_BackgroundDownload_20231222180240_result_Error.log,1754576040.0,Basic_Info_Changed,0x00060000000112D3,0x000100000001A2E5,usnjrnl_only,False,,,,,,,,,False,FALSE,FALSE,FALSE,,FALSE,,FALSE,False,False,False,False,53,True,8,1736,374,0,False,True,True,False,False,6,,1,2,0,0,0,0,0,0.03972605574962982,LOW,Benign
12/31/23 1:20,12/31/23 1:20,,,dd_BackgroundDownload_20231222180240_result_Error.log,\Users\blueangel\AppData\Local\Temp\dd_BackgroundDownload_20231222180240_result_Error.log,,,\Users\blueangel\AppData\Local\Temp\dd_BackgroundDownload_20231222180240_result_Error.log|dd_BackgroundDownload_20231222180240_result_Error.log,1754576208.0,Basic_Info_Changed / File_Closed,0x00060000000112D3,0x000100000001A2E5,usnjrnl_only,False,,,,,,,,,False,FALSE,FALSE,FALSE,,FALSE,,FALSE,False,False,False,False,53,True,8,1736,374,0,False,True,True,True,True,6,,1,3,0,0,0,0,0,0.029793523456145294,LOW,Benign
12/31/23 1:20,12/31/23 1:20,,,DESKTOP-JK343U8-20231222-1629.log,\Users\blueangel\AppData\Local\Temp\DESKTOP-JK343U8-20231222-1629.log,,,\Users\blueangel\AppData\Local\Temp\DESKTOP-JK343U8-20231222-1629.log|DESKTOP-JK343U8-20231222-1629.log,1754576376.0,Basic_Info_Changed,0x001100000002D7B9,0x000100000001A2E5,usnjrnl_only,False,,,,,,,,,False,FALSE,FALSE,FALSE,,FALSE,,FALSE,False,False,False,False,33,True,8,1736,374,0,False,True,True,False,False,6,,1,2,0,0,0,0,0,0.049685465584707156,LOW,Benign
12/31/23 1:20,12/31/23 1:20,,,DESKTOP-JK343U8-20231222-1629.log,\Users\blueangel\AppData\Local\Temp\DESKTOP-JK343U8-20231222-1629.log,,,\Users\blueangel\AppData\Local\Temp\DESKTOP-JK343U8-20231222-1629.log|DESKTOP-JK343U8-20231222-1629.log,1754576504.0,Basic_Info_Changed / File_Closed,0x001100000002D7B9,0x000100000001A2E5,usnjrnl_only,False,,,,,,,,,False,FALSE,FALSE,FALSE,,FALSE,,FALSE,False,False,False,False,33,True,8,1736,374,0,False,True,True,True,True,6,,1,3,0,0,0,0,0,0.04478120893238881,LOW,Benign
12/31/23 1:20,12/31/23 1:20,,,DESKTOP-JK343U8-20231222-1756.log,\Users\blueangel\AppData\Local\Temp\DESKTOP-JK343U8-20231222-1756.log,,,\Users\blueangel\AppData\Local\Temp\DESKTOP-JK343U8-20231222-1756.log|DESKTOP-JK343U8-20231222-1756.log,1754576632.0,Basic_Info_Changed,0x003100000002E9AD,0x000100000001A2E5,usnjrnl_only,False,,,,,,,,,False,FALSE,FALSE,FALSE,,FALSE,,FALSE,False,False,False,False,33,True,8,1736,374,0,False,True,True,False,False,6,,1,2,0,0,0,0,0,0.049685465584707156,LOW,Benign
12/31/23 1:20,12/31/23 1:20,,,DESKTOP-JK343U8-20231222-1756.log,\Users\blueangel\AppData\Local\Temp\DESKTOP-JK343U8-20231222-1756.log,,,\Users\blueangel\AppData\Local\Temp\DESKTOP-JK343U8-20231222-1756.log|DESKTOP-JK343U8-20231222-1756.log,1754576760.0,Basic_Info_Changed / File_Closed,0x003100000002E9AD,0x000100000001A2E5,usnjrnl_only,False,,,,,,,,,False,FALSE,FALSE,FALSE,,FALSE,,FALSE,False,False,False,False,33,True,8,1736,374,0,False,True,True,True,True,6,,1,3,0,0,0,0,0,0.04478120893238881,LOW,Benign
12/31/23 1:20,12/31/23 1:20,,,wct1790.tmp,\Users\blueangel\AppData\Local\Temp\wct1790.tmp,,,\Users\blueangel\AppData\Local\Temp\wct1790.tmp|wct1790.tmp,1754576888.0,Basic_Info_Changed,0x000F00000001D14D,0x000100000001A2E5,usnjrnl_only,False,,,,,,,,,False,FALSE,FALSE,FALSE,,FALSE,,FALSE,False,False,False,False,11,True,8,1736,374,0,False,True,True,False,False,6,,1,2,0,0,0,0,0,0.04964186312357012,LOW,Benign
12/31/23 1:20,12/31/23 1:20,,,wct1790.tmp,\Users\blueangel\AppData\Local\Temp\wct1790.tmp,,,\Users\blueangel\AppData\Local\Temp\wct1790.tmp|wct1790.tmp,1754576976.0,Basic_Info_Changed / File_Closed,0x000F00000001D14D,0x000100000001A2E5,usnjrnl_only,False,,,,,,,,,False,FALSE,FALSE,FALSE,,FALSE,,FALSE,False,False,False,False,11,True,8,1736,374,0,False,True,True,True,True,6,,1,3,0,0,0,0,0,0.029793523456145294,LOW,Benign
12/31/23 1:20,12/31/23 1:20,,,wct279F.tmp,\Users\blueangel\AppData\Local\Temp\wct279F.tmp,,,\Users\blueangel\AppData\Local\Temp\wct279F.tmp|wct279F.tmp,1754577064.0,Basic_Info_Changed,0x0008000000011C25,0x000100000001A2E5,usnjrnl_only,False,,,,,,,,,False,FALSE,FALSE,FALSE,,FALSE,,FALSE,False,False,False,False,11,True,8,1736,374,0,False,True,True,False,False,6,,1,2,0,0,0,0,0,0.04964186312357012,LOW,Benign
12/31/23 1:20,12/31/23 1:20,,,wct279F.tmp,\Users\blueangel\AppData\Local\Temp\wct279F.tmp,,,\Users\blueangel\AppData\Local\Temp\wct279F.tmp|wct279F.tmp,1754577152.0,Basic_Info_Changed / File_Closed,0x0008000000011C25,0x000100000001A2E5,usnjrnl_only,False,,,,,,,,,False,FALSE,FALSE,FALSE,,FALSE,,FALSE,False,False,False,False,11,True,8,1736,374,0,False,True,True,True,True,6,,1,3,0,0,0,0,0,0.029793523456145294,LOW,Benign
12/31/23 1:20,12/31/23 1:20,,,wct28F8.tmp,\Users\blueangel\AppData\Local\Temp\wct28F8.tmp,,,\Users\blueangel\AppData\Local\Temp\wct28F8.tmp|wct28F8.tmp,1754577240.0,Basic_Info_Changed,0x000800000002E5E0,0x000100000001A2E5,usnjrnl_only,False,,,,,,,,,False,FALSE,FALSE,FALSE,,FALSE,,FALSE,False,False,False,False,11,True,8,1736,374,0,False,True,True,False,False,6,,1,2,0,0,0,0,0,0.04964186312357012,LOW,Benign
12/31/23 1:20,12/31/23 1:20,,,wct28F8.tmp,\Users\blueangel\AppData\Local\Temp\wct28F8.tmp,,,\Users\blueangel\AppData\Local\Temp\wct28F8.tmp|wct28F8.tmp,1754577328.0,Basic_Info_Changed / File_Closed,0x000800000002E5E0,0x000100000001A2E5,usnjrnl_only,False,,,,,,,,,False,FALSE,FALSE,FALSE,,FALSE,,FALSE,False,False,False,False,11,True,8,1736,374,0,False,True,True,True,True,6,,1,3,0,0,0,0,0,0.029793523456145294,LOW,Benign
12/31/23 1:20,12/31/23 1:20,,,wct2D7C.tmp,\Users\blueangel\AppData\Local\Temp\wct2D7C.tmp,,,\Users\blueangel\AppData\Local\Temp\wct2D7C.tmp|wct2D7C.tmp,1754577416.0,Basic_Info_Changed,0x001F00000000B7CB,0x000100000001A2E5,usnjrnl_only,False,,,,,,,,,False,FALSE,FALSE,FALSE,,FALSE,,FALSE,False,False,False,False,11,True,8,1736,374,0,False,True,True,False,False,6,,1,2,0,0,0,0,0,0.04964186312357012,LOW,Benign
12/31/23 1:20,12/31/23 1:20,,,wct2D7C.tmp,\Users\blueangel\AppData\Local\Temp\wct2D7C.tmp,,,\Users\blueangel\AppData\Local\Temp\wct2D7C.tmp|wct2D7C.tmp,1754577504.0,Basic_Info_Changed / File_Closed,0x001F00000000B7CB,0x000100000001A2E5,usnjrnl_only,False,,,,,,,,,False,FALSE,FALSE,FALSE,,FALSE,,FALSE,False,False,False,False,11,True,8,1736,374,0,False,True,True,True,True,6,,1,3,0,0,0,0,0,0.029793523456145294,LOW,Benign
12/31/23 1:20,12/31/23 1:20,,,wct2D7D.tmp,\Users\blueangel\AppData\Local\Temp\wct2D7D.tmp,,,\Users\blueangel\AppData\Local\Temp\wct2D7D.tmp|wct2D7D.tmp,1754577592.0,Basic_Info_Changed,0x00140000000074F6,0x000100000001A2E5,usnjrnl_only,False,,,,,,,,,False,FALSE,FALSE,FALSE,,FALSE,,FALSE,False,False,False,False,11,True,8,1736,374,0,False,True,True,False,False,6,,1,2,0,0,0,0,0,0.04964186312357012,LOW,Benign
12/31/23 1:20,12/31/23 1:20,,,wct2D7D.tmp,\Users\blueangel\AppData\Local\Temp\wct2D7D.tmp,,,\Users\blueangel\AppData\Local\Temp\wct2D7D.tmp|wct2D7D.tmp,1754577680.0,Basic_Info_Changed / File_Closed,0x00140000000074F6,0x000100000001A2E5,usnjrnl_only,False,,,,,,,,,False,FALSE,FALSE,FALSE,,FALSE,,FALSE,False,False,False,False,11,True,8,1736,374,0,False,True,True,True,True,6,,1,3,0,0,0,0,0,0.029793523456145294,LOW,Benign
12/31/23 1:20,12/31/23 1:20,,,wct8971.tmp,\Users\blueangel\AppData\Local\Temp\wct8971.tmp,,,\Users\blueangel\AppData\Local\Temp\wct8971.tmp|wct8971.tmp,1754577768.0,Basic_Info_Changed,0x000900000001D0AA,0x000100000001A2E5,usnjrnl_only,False,,,,,,,,,False,FALSE,FALSE,FALSE,,FALSE,,FALSE,False,False,False,False,11,True,8,1736,374,0,False,True,True,False,False,6,,1,2,0,0,0,0,0,0.04964186312357012,LOW,Benign
12/31/23 1:20,12/31/23 1:20,,,wct8971.tmp,\Users\blueangel\AppData\Local\Temp\wct8971.tmp,,,\Users\blueangel\AppData\Local\Temp\wct8971.tmp|wct8971.tmp,1754577856.0,Basic_Info_Changed / File_Closed,0x000900000001D0AA,0x000100000001A2E5,usnjrnl_only,False,,,,,,,,,False,FALSE,FALSE,FALSE,,FALSE,,FALSE,False,False,False,False,11,True,8,1736,374,0,False,True,True,True,True,6,,1,3,0,0,0,0,0,0.029793523456145294,LOW,Benign
12/31/23 1:20,12/31/23 1:20,,,wctEF7C.tmp,\Users\blueangel\AppData\Local\Temp\wctEF7C.tmp,,,\Users\blueangel\AppData\Local\Temp\wctEF7C.tmp|wctEF7C.tmp,1754577944.0,Basic_Info_Changed,0x001900000001C3BD,0x000100000001A2E5,usnjrnl_only,False,,,,,,,,,False,FALSE,FALSE,FALSE,,FALSE,,FALSE,False,False,False,False,11,True,8,1736,374,0,False,True,True,False,False,6,,1,2,0,0,0,0,0,0.04964186312357012,LOW,Benign
12/31/23 1:20,12/31/23 1:20,,,wctEF7C.tmp,\Users\blueangel\AppData\Local\Temp\wctEF7C.tmp,,,\Users\blueangel\AppData\Local\Temp\wctEF7C.tmp|wctEF7C.tmp,1754578032.0,Basic_Info_Changed / File_Closed,0x001900000001C3BD,0x000100000001A2E5,usnjrnl_only,False,,,,,,,,,False,FALSE,FALSE,FALSE,,FALSE,,FALSE,False,False,False,False,11,True,8,1736,374,0,False,True,True,True,True,6,,1,3,0,0,0,0,0,0.029793523456145294,LOW,Benign
12/31/23 1:20,12/31/23 1:20,,,DESKTOP-JK343U8-20231221-1551.log,\Windows\Temp\DESKTOP-JK343U8-20231221-1551.log,,,\Windows\Temp\DESKTOP-JK343U8-20231221-1551.log|DESKTOP-JK343U8-20231221-1551.log,1754578120.0,Basic_Info_Changed,0x000900000001A120,0x0001000000001623,usnjrnl_only,False,,,,,,,,,False,FALSE,FALSE,FALSE,,FALSE,,FALSE,False,False,False,False,33,True,8,1736,374,0,False,True,True,False,False,3,,1,2,0,0,0,0,0,0.049685465584707156,LOW,Benign
12/31/23 1:20,12/31/23 1:20,,,DESKTOP-JK343U8-20231221-1551.log,\Windows\Temp\DESKTOP-JK343U8-20231221-1551.log,,,\Windows\Temp\DESKTOP-JK343U8-20231221-1551.log|DESKTOP-JK343U8-20231221-1551.log,1754578248.0,Basic_Info_Changed / File_Closed,0x000900000001A120,0x0001000000001623,usnjrnl_only,False,,,,,,,,,False,FALSE,FALSE,FALSE,,FALSE,,FALSE,False,False,False,False,33,True,8,1736,374,0,False,True,True,True,True,3,,1,3,0,0,0,0,0,0.04478120893238881,LOW,Benign
12/31/23 1:20,12/31/23 1:20,,,DESKTOP-JK343U8-20231222-1542.log,\Windows\Temp\DESKTOP-JK343U8-20231222-1542.log,,,\Windows\Temp\DESKTOP-JK343U8-20231222-1542.log|DESKTOP-JK343U8-20231222-1542.log,1754578504.0,Basic_Info_Changed,0x000B00000002B51A,0x0001000000001623,usnjrnl_only,False,,,,,,,,,False,FALSE,FALSE,FALSE,,FALSE,,FALSE,False,False,False,False,33,True,8,1736,374,0,False,True,True,False,False,3,,1,2,0,0,0,0,0,0.049685465584707156,LOW,Benign
12/31/23 1:20,12/31/23 1:20,,,DESKTOP-JK343U8-20231222-1542.log,\Windows\Temp\DESKTOP-JK343U8-20231222-1542.log,,,\Windows\Temp\DESKTOP-JK343U8-20231222-1542.log|DESKTOP-JK343U8-20231222-1542.log,1754578632.0,Basic_Info_Changed / File_Closed,0x000B00000002B51A,0x0001000000001623,usnjrnl_only,False,,,,,,,,,False,FALSE,FALSE,FALSE,,FALSE,,FALSE,False,False,False,False,33,True,8,1736,374,0,False,True,True,True,True,3,,1,3,0,0,0,0,0,0.04478120893238881,LOW,Benign
12/31/23 1:20,12/31/23 1:20,,,DESKTOP-JK343U8-20231222-1542a.log,\Windows\Temp\DESKTOP-JK343U8-20231222-1542a.log,,,\Windows\Temp\DESKTOP-JK343U8-20231222-1542a.log|DESKTOP-JK343U8-20231222-1542a.log,1754578944.0,Basic_Info_Changed,0x000500000000AA7F,0x0001000000001623,usnjrnl_only,False,,,,,,,,,False,FALSE,FALSE,FALSE,,FALSE,,FALSE,False,False,False,False,34,True,8,1736,374,0,False,True,True,False,False,3,,1,2,0,0,0,0,0,0.049685465584707156,LOW,Benign
12/31/23 1:20,12/31/23 1:20,,,DESKTOP-JK343U8-20231222-1542a.log,\Windows\Temp\DESKTOP-JK343U8-20231222-1542a.log,,,\Windows\Temp\DESKTOP-JK343U8-20231222-1542a.log|DESKTOP-JK343U8-20231222-1542a.log,1754579072.0,Basic_Info_Changed / File_Closed,0x000500000000AA7F,0x0001000000001623,usnjrnl_only,False,,,,,,,,,False,FALSE,FALSE,FALSE,,FALSE,,FALSE,False,False,False,False,34,True,8,1736,374,0,False,True,True,True,True,3,,1,3,0,0,0,0,0,0.036164048937604616,LOW,Benign
12/31/23 1:20,12/31/23 1:20,,,DESKTOP-JK343U8-20231222-1546.log,\Windows\Temp\DESKTOP-JK343U8-20231222-1546.log,,,\Windows\Temp\DESKTOP-JK343U8-20231222-1546.log|DESKTOP-JK343U8-20231222-1546.log,1754579328.0,Basic_Info_Changed,0x000E0000000006AF,0x0001000000001623,usnjrnl_only,False,,,,,,,,,False,FALSE,FALSE,FALSE,,FALSE,,FALSE,False,False,False,False,33,True,8,1736,374,0,False,True,True,False,False,3,,1,2,0,0,0,0,0,0.049685465584707156,LOW,Benign
12/31/23 1:20,12/31/23 1:20,,,DESKTOP-JK343U8-20231222-1546.log,\Windows\Temp\DESKTOP-JK343U8-20231222-1546.log,,,\Windows\Temp\DESKTOP-JK343U8-20231222-1546.log|DESKTOP-JK343U8-20231222-1546.log,1754579456.0,Basic_Info_Changed / File_Closed,0x000E0000000006AF,0x0001000000001623,usnjrnl_only,False,,,,,,,,,False,FALSE,FALSE,FALSE,,FALSE,,FALSE,False,False,False,False,33,True,8,1736,374,0,False,True,True,True,True,3,,1,3,0,0,0,0,0,0.04478120893238881,LOW,Benign
12/31/23 1:20,12/31/23 1:20,,,DESKTOP-JK343U8-20231222-1745.log,\Windows\Temp\DESKTOP-JK343U8-20231222-1745.log,,,\Windows\Temp\DESKTOP-JK343U8-20231222-1745.log|DESKTOP-JK343U8-20231222-1745.log,1754579712.0,Basic_Info_Changed,0x000C00000000A851,0x0001000000001623,usnjrnl_only,False,,,,,,,,,False,FALSE,FALSE,FALSE,,FALSE,,FALSE,False,False,False,False,33,True,8,1736,374,0,False,True,True,False,False,3,,1,2,0,0,0,0,0,0.049685465584707156,LOW,Benign
12/31/23 1:20,12/31/23 1:20,,,DESKTOP-JK343U8-20231222-1745.log,\Windows\Temp\DESKTOP-JK343U8-20231222-1745.log,,,\Windows\Temp\DESKTOP-JK343U8-20231222-1745.log|DESKTOP-JK343U8-20231222-1745.log,1754579840.0,Basic_Info_Changed / File_Closed,0x000C00000000A851,0x0001000000001623,usnjrnl_only,False,,,,,,,,,False,FALSE,FALSE,FALSE,,FALSE,,FALSE,False,False,False,False,33,True,8,1736,374,0,False,True,True,True,True,3,,1,3,0,0,0,0,0,0.04478120893238881,LOW,Benign
12/31/23 1:20,12/31/23 1:20,,,DESKTOP-JK343U8-20231222-1756.log,\Windows\Temp\DESKTOP-JK343U8-20231222-1756.log,,,\Windows\Temp\DESKTOP-JK343U8-20231222-1756.log|DESKTOP-JK343U8-20231222-1756.log,1754580096.0,Basic_Info_Changed,0x000400000002E9B1,0x0001000000001623,usnjrnl_only,False,,,,,,,,,False,FALSE,FALSE,FALSE,,FALSE,,FALSE,False,False,False,False,33,True,8,1736,374,0,False,True,True,False,False,3,,1,2,0,0,0,0,0,0.049685465584707156,LOW,Benign
12/31/23 1:20,12/31/23 1:20,,,DESKTOP-JK343U8-20231222-1756.log,\Windows\Temp\DESKTOP-JK343U8-20231222-1756.log,,,\Windows\Temp\DESKTOP-JK343U8-20231222-1756.log|DESKTOP-JK343U8-20231222-1756.log,1754580224.0,Basic_Info_Changed / File_Closed,0x000400000002E9B1,0x0001000000001623,usnjrnl_only,False,,,,,,,,,False,FALSE,FALSE,FALSE,,FALSE,,FALSE,False,False,False,False,33,True,8,1736,374,0,False,True,True,True,True,3,,1,3,0,0,0,0,0,0.04478120893238881,LOW,Benign
12/31/23 1:20,12/31/23 1:20,,,DESKTOP-JK343U8-20231222-1802.log,\Windows\Temp\DESKTOP-JK343U8-20231222-1802.log,,,\Windows\Temp\DESKTOP-JK343U8-20231222-1802.log|DESKTOP-JK343U8-20231222-1802.log,1754580480.0,Basic_Info_Changed,0x000200000002ECB6,0x0001000000001623,usnjrnl_only,False,,,,,,,,,False,FALSE,FALSE,FALSE,,FALSE,,FALSE,False,False,False,False,33,True,8,1736,374,0,False,True,True,False,False,3,,1,2,0,0,0,0,0,0.049685465584707156,LOW,Benign
12/31/23 1:20,12/31/23 1:20,,,DESKTOP-JK343U8-20231222-1802.log,\Windows\Temp\DESKTOP-JK343U8-20231222-1802.log,,,\Windows\Temp\DESKTOP-JK343U8-20231222-1802.log|DESKTOP-JK343U8-20231222-1802.log,1754580608.0,Basic_Info_Changed / File_Closed,0x000200000002ECB6,0x0001000000001623,usnjrnl_only,False,,,,,,,,,False,FALSE,FALSE,FALSE,,FALSE,,FALSE,False,False,False,False,33,True,8,1736,374,0,False,True,True,True,True,3,,1,3,0,0,0,0,0,0.04478120893238881,LOW,Benign
12/31/23 1:20,12/31/23 1:20,,,officeclicktorun.exe_streamserver(20231222174546E40).log,\Windows\Temp\officeclicktorun.exe_streamserver(20231222174546E40).log,,,\Windows\Temp\officeclicktorun.exe_streamserver(20231222174546E40).log|officeclicktorun.exe_streamserver(20231222174546E40).log,1754580864.0,Basic_Info_Changed,0x000E00000000BAA5,0x0001000000001623,usnjrnl_only,False,,,,,,,,,False,FALSE,FALSE,FALSE,,FALSE,,FALSE,False,False,False,False,56,True,8,1736,374,0,False,True,True,False,False,3,,1,2,0,0,0,0,0,0.03972605574962982,LOW,Benign
12/31/23 1:20,12/31/23 1:20,,,officeclicktorun.exe_streamserver(20231222174546E40).log,\Windows\Temp\officeclicktorun.exe_streamserver(20231222174546E40).log,,,\Windows\Temp\officeclicktorun.exe_streamserver(20231222174546E40).log|officeclicktorun.exe_streamserver(20231222174546E40).log,1754581040.0,Basic_Info_Changed / File_Closed,0x000E00000000BAA5,0x0001000000001623,usnjrnl_only,False,,,,,,,,,False,FALSE,FALSE,FALSE,,FALSE,,FALSE,False,False,False,False,56,True,8,1736,374,0,False,True,True,True,True,3,,1,3,0,0,0,0,0,0.029793523456145294,LOW,Benign
12/31/23 1:20,12/31/23 1:20,,,wct7404.tmp,\Windows\Temp\wct7404.tmp,,,\Windows\Temp\wct7404.tmp|wct7404.tmp,1754581392.0,Basic_Info_Changed,0x0005000000010DFA,0x0001000000001623,usnjrnl_only,False,,,,,,,,,False,FALSE,FALSE,FALSE,,FALSE,,FALSE,False,False,False,False,11,True,8,1736,374,0,False,True,True,False,False,3,,1,2,0,0,0,0,0,0.04964186312357012,LOW,Benign
12/31/23 1:20,12/31/23 1:20,,,wct7404.tmp,\Windows\Temp\wct7404.tmp,,,\Windows\Temp\wct7404.tmp|wct7404.tmp,1754581480.0,Basic_Info_Changed / File_Closed,0x0005000000010DFA,0x0001000000001623,usnjrnl_only,False,,,,,,,,,False,FALSE,FALSE,FALSE,,FALSE,,FALSE,False,False,False,False,11,True,8,1736,374,0,False,True,True,True,True,3,,1,3,0,0,0,0,0,0.029793523456145294,LOW,Benign
12/31/23 1:20,12/31/23 1:20,,,SIH.20231222.154729.335.1.etl,\Windows\Logs\SIH\SIH.20231222.154729.335.1.etl,,,\Windows\Logs\SIH\SIH.20231222.154729.335.1.etl|SIH.20231222.154729.335.1.etl,1754581656.0,Basic_Info_Changed / Content_Indexed_Attr_Changed,0x002600000002E280,0x000400000001A943,usnjrnl_only,False,,,,,,,,,False,FALSE,FALSE,FALSE,,FALSE,,FALSE,False,False,False,False,29,False,12,1736,374,0,False,True,True,False,False,4,,1,2,0,0,0,0,0,0.03972605574962982,LOW,Benign
12/31/23 1:20,12/31/23 1:20,,,SIH.20231222.154729.335.1.etl,\Windows\Logs\SIH\SIH.20231222.154729.335.1.etl,,,\Windows\Logs\SIH\SIH.20231222.154729.335.1.etl|SIH.20231222.154729.335.1.etl,1754581776.0,Basic_Info_Changed / Content_Indexed_Attr_Changed / File_Closed,0x002600000002E280,0x000400000001A943,usnjrnl_only,False,,,,,,,,,False,FALSE,FALSE,FALSE,,FALSE,,FALSE,False,False,False,False,29,False,12,1736,374,0,False,True,True,True,True,4,,1,3,0,0,0,0,0,0.03945239888163113,LOW,Benign
12/31/23 1:20,12/31/23 1:20,,,WaasRemediation.003.etl,\Windows\Logs\waasmediccapsule\WaasRemediation.003.etl,,,\Windows\Logs\waasmediccapsule\WaasRemediation.003.etl|WaasRemediation.003.etl,1754582016.0,Basic_Info_Changed / Content_Indexed_Attr_Changed,0x000C00000002E291,0x004000000005C28D,usnjrnl_only,False,,,,,,,,,False,FALSE,FALSE,FALSE,,FALSE,,FALSE,False,False,False,False,23,False,8,1736,374,0,False,True,True,False,False,4,,1,2,0,0,0,0,0,0.03972605574962982,LOW,Benign
12/31/23 1:20,12/31/23 1:20,,,WaasRemediation.003.etl,\Windows\Logs\waasmediccapsule\WaasRemediation.003.etl,,,\Windows\Logs\waasmediccapsule\WaasRemediation.003.etl|WaasRemediation.003.etl,1754582128.0,Basic_Info_Changed / Content_Indexed_Attr_Changed / File_Closed,0x000C00000002E291,0x004000000005C28D,usnjrnl_only,False,,,,,,,,,False,FALSE,FALSE,FALSE,,FALSE,,FALSE,False,False,False,False,23,False,8,1736,374,0,False,True,True,True,True,4,,1,3,0,0,0,0,0,0.03945239888163113,LOW,Benign
12/31/23 1:20,12/31/23 1:20,,,mat-debug-1752.log,\Users\blueangel\AppData\Local\Packages\microsoft.windowscommunicationsapps_8wekyb3d8bbwe\AC\Temp\mat-debug-1752.log,,,\Users\blueangel\AppData\Local\Packages\microsoft.windowscommunicationsapps_8wekyb3d8bbwe\AC\Temp\mat-debug-1752.log|mat-debug-1752.log,1754582352.0,Basic_Info_Changed,0x0015000000011FD1,0x000100000001A67C,usnjrnl_only,False,,,,,,,,,False,FALSE,FALSE,FALSE,,FALSE,,FALSE,False,False,False,False,18,True,8,1736,374,0,False,True,True,False,False,9,,1,2,0,0,0,0,0,0.03972605574962982,LOW,Benign
12/31/23 1:20,12/31/23 1:20,,,mat-debug-1752.log,\Users\blueangel\AppData\Local\Packages\microsoft.windowscommunicationsapps_8wekyb3d8bbwe\AC\Temp\mat-debug-1752.log,,,\Users\blueangel\AppData\Local\Packages\microsoft.windowscommunicationsapps_8wekyb3d8bbwe\AC\Temp\mat-debug-1752.log|mat-debug-1752.log,1754582448.0,Basic_Info_Changed / File_Closed,0x0015000000011FD1,0x000100000001A67C,usnjrnl_only,False,,,,,,,,,False,FALSE,FALSE,FALSE,,FALSE,,FALSE,False,False,False,False,18,True,8,1736,374,0,False,True,True,True,True,9,,1,3,0,0,0,0,0,0.029793523456145294,LOW,Benign
12/31/23 1:20,12/31/23 1:20,,,mat-debug-5400.log,\Users\blueangel\AppData\Local\Packages\microsoft.windowscommunicationsapps_8wekyb3d8bbwe\AC\Temp\mat-debug-5400.log,,,\Users\blueangel\AppData\Local\Packages\microsoft.windowscommunicationsapps_8wekyb3d8bbwe\AC\Temp\mat-debug-5400.log|mat-debug-5400.log,1754582640.0,Basic_Info_Changed,0x000E00000002E27C,0x000100000001A67C,usnjrnl_only,False,,,,,,,,,False,FALSE,FALSE,FALSE,,FALSE,,FALSE,False,False,False,False,18,True,8,1736,374,0,False,True,True,False,False,9,,1,2,0,0,0,0,0,0.03972605574962982,LOW,Benign
12/31/23 1:20,12/31/23 1:20,,,mat-debug-5400.log,\Users\blueangel\AppData\Local\Packages\microsoft.windowscommunicationsapps_8wekyb3d8bbwe\AC\Temp\mat-debug-5400.log,,,\Users\blueangel\AppData\Local\Packages\microsoft.windowscommunicationsapps_8wekyb3d8bbwe\AC\Temp\mat-debug-5400.log|mat-debug-5400.log,1754582736.0,Basic_Info_Changed / File_Closed,0x000E00000002E27C,0x000100000001A67C,usnjrnl_only,False,,,,,,,,,False,FALSE,FALSE,FALSE,,FALSE,,FALSE,False,False,False,False,18,True,8,1736,374,0,False,True,True,True,True,9,,1,3,0,0,0,0,0,0.029793523456145294,LOW,Benign
12/31/23 1:20,12/31/23 1:20,,,mat-debug-6096.log,\Users\blueangel\AppData\Local\Packages\microsoft.windowscommunicationsapps_8wekyb3d8bbwe\AC\Temp\mat-debug-6096.log,,,\Users\blueangel\AppData\Local\Packages\microsoft.windowscommunicationsapps_8wekyb3d8bbwe\AC\Temp\mat-debug-6096.log|mat-debug-6096.log,1754582928.0,Basic_Info_Changed,0x000A00000002E57E,0x000100000001A67C,usnjrnl_only,False,,,,,,,,,False,FALSE,FALSE,FALSE,,FALSE,,FALSE,False,False,False,False,18,True,8,1736,374,0,False,True,True,False,False,9,,1,2,0,0,0,0,0,0.03972605574962982,LOW,Benign
12/31/23 1:20,12/31/23 1:20,,,mat-debug-6096.log,\Users\blueangel\AppData\Local\Packages\microsoft.windowscommunicationsapps_8wekyb3d8bbwe\AC\Temp\mat-debug-6096.log,,,\Users\blueangel\AppData\Local\Packages\microsoft.windowscommunicationsapps_8wekyb3d8bbwe\AC\Temp\mat-debug-6096.log|mat-debug-6096.log,1754583040.0,Basic_Info_Changed / File_Closed,0x000A00000002E57E,0x000100000001A67C,usnjrnl_only,False,,,,,,,,,False,FALSE,FALSE,FALSE,,FALSE,,FALSE,False,False,False,False,18,True,8,1736,374,0,False,True,True,True,True,9,,1,3,0,0,0,0,0,0.029793523456145294,LOW,Benign
12/31/23 1:20,12/31/23 1:20,,,AppxProvider.dll,,,,|AppxProvider.dll,1754586272.0,Basic_Info_Changed / Content_Indexed_Attr_Changed,0x000400000000CC98,0x000700000000CC97,usnjrnl_only,False,,,,,,,,,False,FALSE,FALSE,FALSE,,FALSE,,FALSE,True,False,False,False,16,False,308,1736,374,1,False,True,True,False,False,0,,1,2,0,0,0,0,0,0.05048833631215297,LOW,Benign
12/31/23 1:20,12/31/23 1:20,,,AppxProvider.dll,,,,|AppxProvider.dll,1754586368.0,Basic_Info_Changed / Content_Indexed_Attr_Changed / File_Closed / File_Deleted,0x000400000000CC98,0x000700000000CC97,usnjrnl_only,False,,,,,,,,,False,FALSE,FALSE,FALSE,,FALSE,,FALSE,True,False,False,False,16,False,308,1736,374,0,False,True,True,True,True,0,,1,3,0,0,0,0,0,0.03945239888163113,LOW,Benign
12/31/23 1:20,12/31/23 1:20,,,AssocProvider.dll,,,,|AssocProvider.dll,1754586464.0,Basic_Info_Changed / Content_Indexed_Attr_Changed,0x000200000000CCB8,0x000700000000CC97,usnjrnl_only,False,,,,,,,,,False,FALSE,FALSE,FALSE,,FALSE,,FALSE,True,False,False,False,17,False,308,1736,374,0,False,True,True,False,False,0,,1,2,0,0,0,0,0,0.05048833631215297,LOW,Benign
12/31/23 1:20,12/31/23 1:20,,,AssocProvider.dll,,,,|AssocProvider.dll,1754586560.0,Basic_Info_Changed / Content_Indexed_Attr_Changed / File_Closed / File_Deleted,0x000200000000CCB8,0x000700000000CC97,usnjrnl_only,False,,,,,,,,,False,FALSE,FALSE,FALSE,,FALSE,,FALSE,True,False,False,False,17,False,308,1736,374,0,False,True,True,True,True,0,,1,3,0,0,0,0,0,0.03945239888163113,LOW,Benign
12/31/23 1:20,12/31/23 1:20,,,CbsProvider.dll,,,,|CbsProvider.dll,1754586656.0,Basic_Info_Changed / Content_Indexed_Attr_Changed,0x000200000000CCB9,0x000700000000CC97,usnjrnl_only,False,,,,,,,,,False,FALSE,FALSE,FALSE,,FALSE,,FALSE,True,False,False,False,15,False,308,1736,374,0,False,True,True,False,False,0,,1,2,0,0,0,0,0,0.05048833631215297,LOW,Benign
12/31/23 1:20,12/31/23 1:20,,,CbsProvider.dll,,,,|CbsProvider.dll,1754586752.0,Basic_Info_Changed / Content_Indexed_Attr_Changed / File_Closed / File_Deleted,0x000200000000CCB9,0x000700000000CC97,usnjrnl_only,False,,,,,,,,,False,FALSE,FALSE,FALSE,,FALSE,,FALSE,True,False,False,False,15,False,308,1736,374,0,False,True,True,True,True,0,,1,3,0,0,0,0,0,0.03945239888163113,LOW,Benign
12/31/23 1:20,12/31/23 1:20,,,DismCore.dll,,,,|DismCore.dll,1754586848.0,Basic_Info_Changed / Content_Indexed_Attr_Changed,0x000200000000CCBA,0x000700000000CC97,usnjrnl_only,False,,,,,,,,,False,FALSE,FALSE,FALSE,,FALSE,,FALSE,True,False,False,False,12,False,308,1736,374,0,False,True,True,False,False,0,,1,2,0,0,0,0,0,0.05048833631215297,LOW,Benign
12/31/23 1:20,12/31/23 1:20,,,DismCore.dll,,,,|DismCore.dll,1754586936.0,Basic_Info_Changed / Content_Indexed_Attr_Changed / File_Closed / File_Deleted,0x000200000000CCBA,0x000700000000CC97,usnjrnl_only,False,,,,,,,,,False,FALSE,FALSE,FALSE,,FALSE,,FALSE,True,False,False,False,12,False,308,1736,374,0,False,True,True,True,True,0,,1,3,0,0,0,0,0,0.03945239888163113,LOW,Benign
12/31/23 1:20,12/31/23 1:20,,,DismCorePS.dll,,,,|DismCorePS.dll,1754587024.0,Basic_Info_Changed / Content_Indexed_Attr_Changed,0x000200000000CCBB,0x000700000000CC97,usnjrnl_only,False,,,,,,,,,False,FALSE,FALSE,FALSE,,FALSE,,FALSE,True,False,False,False,14,False,308,1736,374,0,False,True,True,False,False,0,,1,2,0,0,0,0,0,0.05048833631215297,LOW,Benign
12/31/23 1:20,12/31/23 1:20,,,DismCorePS.dll,,,,|DismCorePS.dll,1754587136.0,Basic_Info_Changed / Content_Indexed_Attr_Changed / File_Closed / File_Deleted,0x000200000000CCBB,0x000700000000CC97,usnjrnl_only,False,,,,,,,,,False,FALSE,FALSE,FALSE,,FALSE,,FALSE,True,False,False,False,14,False,308,1736,374,0,False,True,True,True,True,0,,1,3,0,0,0,0,0,0.03945239888163113,LOW,Benign
12/31/23 1:20,12/31/23 1:20,,,DismHost.exe,,,,|DismHost.exe,1754587224.0,Basic_Info_Changed / Content_Indexed_Attr_Changed,0x000200000000CCBC,0x000700000000CC97,usnjrnl_only,False,,,,,,,,,False,FALSE,FALSE,FALSE,,FALSE,,FALSE,True,False,False,False,12,False,308,1736,374,0,False,True,True,False,False,0,,1,2,0,0,0,0,0,0.05048833631215297,LOW,Benign
12/31/23 1:20,12/31/23 1:20,,,DismHost.exe,,,,|DismHost.exe,1754587312.0,Basic_Info_Changed / Content_Indexed_Attr_Changed / File_Closed / File_Deleted,0x000200000000CCBC,0x000700000000CC97,usnjrnl_only,False,,,,,,,,,False,FALSE,FALSE,FALSE,,FALSE,,FALSE,True,False,False,False,12,False,308,1736,374,0,False,True,True,True,True,0,,1,3,0,0,0,0,0,0.03945239888163113,LOW,Benign
12/31/23 1:20,12/31/23 1:20,,,DismProv.dll,,,,|DismProv.dll,1754587400.0,Basic_Info_Changed / Content_Indexed_Attr_Changed,0x000200000000CCBE,0x000700000000CC97,usnjrnl_only,False,,,,,,,,,False,FALSE,FALSE,FALSE,,FALSE,,FALSE,True,False,False,False,12,False,308,1736,374,0,False,True,True,False,False,0,,1,2,0,0,0,0,0,0.05048833631215297,LOW,Benign
12/31/23 1:20,12/31/23 1:20,,,DismProv.dll,,,,|DismProv.dll,1754587488.0,Basic_Info_Changed / Content_Indexed_Attr_Changed / File_Closed / File_Deleted,0x000200000000CCBE,0x000700000000CC97,usnjrnl_only,False,,,,,,,,,False,FALSE,FALSE,FALSE,,FALSE,,FALSE,True,False,False,False,12,False,308,1736,374,0,False,True,True,True,True,0,,1,3,0,0,0,0,0,0.03945239888163113,LOW,Benign
12/31/23 1:20,12/31/23 1:20,,,DmiProvider.dll,,,,|DmiProvider.dll,1754587576.0,Basic_Info_Changed / Content_Indexed_Attr_Changed,0x000200000000CCBF,0x000700000000CC97,usnjrnl_only,False,,,,,,,,,False,FALSE,FALSE,FALSE,,FALSE,,FALSE,True,False,False,False,15,False,308,1736,374,0,False,True,True,False,False,0,,1,2,0,0,0,0,0,0.05048833631215297,LOW,Benign
12/31/23 1:20,12/31/23 1:20,,,DmiProvider.dll,,,,|DmiProvider.dll,1754587672.0,Basic_Info_Changed / Content_Indexed_Attr_Changed / File_Closed / File_Deleted,0x000200000000CCBF,0x000700000000CC97,usnjrnl_only,False,,,,,,,,,False,FALSE,FALSE,FALSE,,FALSE,,FALSE,True,False,False,False,15,False,308,1736,374,0,False,True,True,True,True,0,,1,3,0,0,0,0,0,0.03945239888163113,LOW,Benign
12/31/23 1:20,12/31/23 1:20,,,AppxProvider.dll.mui,,,,|AppxProvider.dll.mui,1754587768.0,Basic_Info_Changed / Content_Indexed_Attr_Changed,0x000200000000CCC1,0x000200000000CCC0,usnjrnl_only,False,,,,,,,,,False,FALSE,FALSE,FALSE,,FALSE,,FALSE,False,False,False,False,20,False,627,1736,374,0,False,True,True,False,False,0,,1,2,0,0,0,0,0,0.03972605574962982,LOW,Benign
12/31/23 1:20,12/31/23 1:20,,,AppxProvider.dll.mui,,,,|AppxProvider.dll.mui,1754587872.0,Basic_Info_Changed / Content_Indexed_Attr_Changed / File_Closed / File_Deleted,0x000200000000CCC1,0x000200000000CCC0,usnjrnl_only,False,,,,,,,,,False,FALSE,FALSE,FALSE,,FALSE,,FALSE,False,False,False,False,20,False,627,1736,374,0,False,True,True,True,True,0,,1,3,0,0,0,0,0,0.03945239888163113,LOW,Benign
12/31/23 1:20,12/31/23 1:20,,,AssocProvider.dll.mui,,,,|AssocProvider.dll.mui,1754587976.0,Basic_Info_Changed / Content_Indexed_Attr_Changed,0x000200000000CCC2,0x000200000000CCC0,usnjrnl_only,False,,,,,,,,,False,FALSE,FALSE,FALSE,,FALSE,,FALSE,False,False,False,False,21,False,627,1736,374,0,False,True,True,False,False,0,,1,2,0,0,0,0,0,0.03972605574962982,LOW,Benign
12/31/23 1:20,12/31/23 1:20,,,AssocProvider.dll.mui,,,,|AssocProvider.dll.mui,1754588080.0,Basic_Info_Changed / Content_Indexed_Attr_Changed / File_Closed / File_Deleted,0x000200000000CCC2,0x000200000000CCC0,usnjrnl_only,False,,,,,,,,,False,FALSE,FALSE,FALSE,,FALSE,,FALSE,False,False,False,False,21,False,627,1736,374,0,False,True,True,True,True,0,,1,3,0,0,0,0,0,0.03945239888163113,LOW,Benign
12/31/23 1:20,12/31/23 1:20,,,DismCore.dll.mui,,,,|DismCore.dll.mui,1754588184.0,Basic_Info_Changed / Content_Indexed_Attr_Changed,0x000200000000CCC3,0x000200000000CCC0,usnjrnl_only,False,,,,,,,,,False,FALSE,FALSE,FALSE,,FALSE,,FALSE,False,False,False,False,16,False,628,1736,374,0,False,True,True,False,False,0,,1,2,0,0,0,0,0,0.03972605574962982,LOW,Benign
12/31/23 1:20,12/31/23 1:20,,,DismCore.dll.mui,,,,|DismCore.dll.mui,1754588280.0,Basic_Info_Changed / Content_Indexed_Attr_Changed / File_Closed / File_Deleted,0x000200000000CCC3,0x000200000000CCC0,usnjrnl_only,False,,,,,,,,,False,FALSE,FALSE,FALSE,,FALSE,,FALSE,False,False,False,False,16,False,628,1736,374,0,False,True,True,True,True,0,,1,3,0,0,0,0,0,0.03945239888163113,LOW,Benign
12/31/23 1:20,12/31/23 1:20,,,DismProv.dll.mui,,,,|DismProv.dll.mui,1754588376.0,Basic_Info_Changed / Content_Indexed_Attr_Changed,0x000200000000CCC6,0x000200000000CCC0,usnjrnl_only,False,,,,,,,,,False,FALSE,FALSE,FALSE,,FALSE,,FALSE,False,False,False,False,16,False,628,1736,374,0,False,True,True,False,False,0,,1,2,0,0,0,0,0,0.03972605574962982,LOW,Benign
12/31/23 1:20,12/31/23 1:20,,,DismProv.dll.mui,,,,|DismProv.dll.mui,1754588472.0,Basic_Info_Changed / Content_Indexed_Attr_Changed / File_Closed / File_Deleted,0x000200000000CCC6,0x000200000000CCC0,usnjrnl_only,False,,,,,,,,,False,FALSE,FALSE,FALSE,,FALSE,,FALSE,False,False,False,False,16,False,628,1736,374,0,False,True,True,True,True,0,,1,3,0,0,0,0,0,0.03945239888163113,LOW,Benign
12/31/23 1:20,12/31/23 1:20,,,FolderProvider.dll.mui,,,,|FolderProvider.dll.mui,1754588568.0,Basic_Info_Changed / Content_Indexed_Attr_Changed,0x000200000000CCCA,0x000200000000CCC0,usnjrnl_only,False,,,,,,,,,False,FALSE,FALSE,FALSE,,FALSE,,FALSE,False,False,False,False,22,False,628,1736,374,0,False,True,True,False,False,0,,1,2,0,0,0,0,0,0.03972605574962982,LOW,Benign
12/31/23 1:20,12/31/23 1:20,,,FolderProvider.dll.mui,,,,|FolderProvider.dll.mui,1754588672.0,Basic_Info_Changed / Content_Indexed_Attr_Changed / File_Closed / File_Deleted,0x000200000000CCCA,0x000200000000CCC0,usnjrnl_only,False,,,,,,,,,False,FALSE,FALSE,FALSE,,FALSE,,FALSE,False,False,False,False,22,False,628,1736,374,0,False,True,True,True,True,0,,1,3,0,0,0,0,0,0.03945239888163113,LOW,Benign
12/31/23 1:20,12/31/23 1:20,,,IBSProvider.dll.mui,,,,|IBSProvider.dll.mui,1754588776.0,Basic_Info_Changed / Content_Indexed_Attr_Changed,0x000200000000CCCD,0x000200000000CCC0,usnjrnl_only,False,,,,,,,,,False,FALSE,FALSE,FALSE,,FALSE,,FALSE,False,False,False,False,19,False,308,1736,374,0,False,True,True,False,False,0,,1,2,0,0,0,0,0,0.03972605574962982,LOW,Benign
12/31/23 1:20,12/31/23 1:20,,,IBSProvider.dll.mui,,,,|IBSProvider.dll.mui,1754588880.0,Basic_Info_Changed / Content_Indexed_Attr_Changed / File_Closed / File_Deleted,0x000200000000CCCD,0x000200000000CCC0,usnjrnl_only,False,,,,,,,,,False,FALSE,FALSE,FALSE,,FALSE,,FALSE,False,False,False,False,19,False,308,1736,374,0,False,True,True,True,True,0,,1,3,0,0,0,0,0,0.03945239888163113,LOW,Benign
12/31/23 1:20,12/31/23 1:20,,,LogProvider.dll.mui,,,,|LogProvider.dll.mui,1754588984.0,Basic_Info_Changed / Content_Indexed_Attr_Changed,0x000200000000CCDE,0x000200000000CCC0,usnjrnl_only,False,,,,,,,,,False,FALSE,FALSE,FALSE,,FALSE,,FALSE,False,False,False,False,19,False,627,1736,374,0,False,True,True,False,False,0,,1,2,0,0,0,0,0,0.03972605574962982,LOW,Benign
12/31/23 1:20,12/31/23 1:20,,,LogProvider.dll.mui,,,,|LogProvider.dll.mui,1754589088.0,Basic_Info_Changed / Content_Indexed_Attr_Changed / File_Closed / File_Deleted,0x000200000000CCDE,0x000200000000CCC0,usnjrnl_only,False,,,,,,,,,False,FALSE,FALSE,FALSE,,FALSE,,FALSE,False,False,False,False,19,False,627,1736,374,0,False,True,True,True,True,0,,1,3,0,0,0,0,0,0.03945239888163113,LOW,Benign
12/31/23 1:20,12/31/23 1:20,,,MsiProvider.dll.mui,,,,|MsiProvider.dll.mui,1754589192.0,Basic_Info_Changed / Content_Indexed_Attr_Changed,0x000200000000CCE5,0x000200000000CCC0,usnjrnl_only,False,,,,,,,,,False,FALSE,FALSE,FALSE,,FALSE,,FALSE,False,False,False,False,19,False,628,1736,374,0,False,True,True,False,False,0,,1,2,0,0,0,0,0,0.03972605574962982,LOW,Benign
12/31/23 1:20,12/31/23 1:20,,,MsiProvider.dll.mui,,,,|MsiProvider.dll.mui,1754589296.0,Basic_Info_Changed / Content_Indexed_Attr_Changed / File_Closed / File_Deleted,0x000200000000CCE5,0x000200000000CCC0,usnjrnl_only,False,,,,,,,,,False,FALSE,FALSE,FALSE,,FALSE,,FALSE,False,False,False,False,19,False,628,1736,374,0,False,True,True,True,True,0,,1,3,0,0,0,0,0,0.03945239888163113,LOW,Benign
12/31/23 1:20,12/31/23 1:20,,,SetupPlatformProvider.dll.mui,,,,|SetupPlatformProvider.dll.mui,1754589400.0,Basic_Info_Changed / Content_Indexed_Attr_Changed,0x000200000000CCE6,0x000200000000CCC0,usnjrnl_only,False,,,,,,,,,False,FALSE,FALSE,FALSE,,FALSE,,FALSE,False,False,False,False,29,False,628,1736,374,0,False,True,True,False,False,0,,1,2,0,0,0,0,0,0.03972605574962982,LOW,Benign
12/31/23 1:20,12/31/23 1:20,,,SetupPlatformProvider.dll.mui,,,,|SetupPlatformProvider.dll.mui,1754589520.0,Basic_Info_Changed / Content_Indexed_Attr_Changed / File_Closed / File_Deleted,0x000200000000CCE6,0x000200000000CCC0,usnjrnl_only,False,,,,,,,,,False,FALSE,FALSE,FALSE,,FALSE,,FALSE,False,False,False,False,29,False,628,1736,374,0,False,True,True,True,True,0,,1,3,0,0,0,0,0,0.03945239888163113,LOW,Benign
12/31/23 1:20,12/31/23 1:20,,,SysprepProvider.dll.mui,,,,|SysprepProvider.dll.mui,1754589640.0,Basic_Info_Changed / Content_Indexed_Attr_Changed,0x000200000000CCE7,0x000200000000CCC0,usnjrnl_only,False,,,,,,,,,False,FALSE,FALSE,FALSE,,FALSE,,FALSE,False,False,False,False,23,False,308,1736,374,0,False,True,True,False,False,0,,1,2,0,0,0,0,0,0.03972605574962982,LOW,Benign
12/31/23 1:20,12/31/23 1:20,,,SysprepProvider.dll.mui,,,,|SysprepProvider.dll.mui,1754589752.0,Basic_Info_Changed / Content_Indexed_Attr_Changed / File_Closed / File_Deleted,0x000200000000CCE7,0x000200000000CCC0,usnjrnl_only,False,,,,,,,,,False,FALSE,FALSE,FALSE,,FALSE,,FALSE,False,False,False,False,23,False,308,1736,374,0,False,True,True,True,True,0,,1,3,0,0,0,0,0,0.03945239888163113,LOW,Benign
12/31/23 1:20,12/31/23 1:20,,,TransmogProvider.dll.mui,,,,|TransmogProvider.dll.mui,1754589864.0,Basic_Info_Changed / Content_Indexed_Attr_Changed,0x000200000000CCEA,0x000200000000CCC0,usnjrnl_only,False,,,,,,,,,False,FALSE,FALSE,FALSE,,FALSE,,FALSE,False,False,False,False,24,False,628,1736,374,0,False,True,True,False,False,0,,1,2,0,0,0,0,0,0.03972605574962982,LOW,Benign
12/31/23 1:20,12/31/23 1:20,,,TransmogProvider.dll.mui,,,,|TransmogProvider.dll.mui,1754589976.0,Basic_Info_Changed / Content_Indexed_Attr_Changed / File_Closed / File_Deleted,0x000200000000CCEA,0x000200000000CCC0,usnjrnl_only,False,,,,,,,,,False,FALSE,FALSE,FALSE,,FALSE,,FALSE,False,False,False,False,24,False,628,1736,374,0,False,True,True,True,True,0,,1,3,0,0,0,0,0,0.03945239888163113,LOW,Benign
12/31/23 1:20,12/31/23 1:20,,,en-US,,,,|en-US,1754590088.0,Basic_Info_Changed / Content_Indexed_Attr_Changed,0x000200000000CCC0,0x000700000000CC97,usnjrnl_only,False,,,,,,,,,False,FALSE,FALSE,FALSE,,FALSE,,FALSE,False,False,False,False,5,False,154,1736,374,0,False,True,True,False,False,0,,1,2,0,0,0,0,0,0.03972605574962982,LOW,Benign
12/31/23 1:20,12/31/23 1:20,,,en-US,,,,|en-US,1754590160.0,Basic_Info_Changed / Content_Indexed_Attr_Changed / File_Closed / File_Deleted,0x000200000000CCC0,0x000700000000CC97,usnjrnl_only,False,,,,,,,,,False,FALSE,FALSE,FALSE,,FALSE,,FALSE,False,False,False,False,5,False,154,1736,374,0,False,True,True,True,True,0,,1,3,0,0,0,0,0,0.03945239888163113,LOW,Benign
12/31/23 1:20,12/31/23 1:20,,,FfuProvider.dll,,,,|FfuProvider.dll,1754590232.0,Basic_Info_Changed / Content_Indexed_Attr_Changed,0x000200000000CCEB,0x000700000000CC97,usnjrnl_only,False,,,,,,,,,False,FALSE,FALSE,FALSE,,FALSE,,FALSE,True,False,False,False,15,False,308,1736,374,0,False,True,True,False,False,0,,1,2,0,0,0,0,0,0.05048833631215297,LOW,Benign
12/31/23 1:20,12/31/23 1:20,,,FfuProvider.dll,,,,|FfuProvider.dll,1754590328.0,Basic_Info_Changed / Content_Indexed_Attr_Changed / File_Closed / File_Deleted,0x000200000000CCEB,0x000700000000CC97,usnjrnl_only,False,,,,,,,,,False,FALSE,FALSE,FALSE,,FALSE,,FALSE,True,False,False,False,15,False,308,1736,374,0,False,True,True,True,True,0,,1,3,0,0,0,0,0,0.03945239888163113,LOW,Benign
12/31/23 1:20,12/31/23 1:20,,,FolderProvider.dll,,,,|FolderProvider.dll,1754590424.0,Basic_Info_Changed / Content_Indexed_Attr_Changed,0x000200000000CCEC,0x000700000000CC97,usnjrnl_only,False,,,,,,,,,False,FALSE,FALSE,FALSE,,FALSE,,FALSE,True,False,False,False,18,False,308,1736,374,0,False,True,True,False,False,0,,1,2,0,0,0,0,0,0.05048833631215297,LOW,Benign
12/31/23 1:20,12/31/23 1:20,,,FolderProvider.dll,,,,|FolderProvider.dll,1754590520.0,Basic_Info_Changed / Content_Indexed_Attr_Changed / File_Closed / File_Deleted,0x000200000000CCEC,0x000700000000CC97,usnjrnl_only,False,,,,,,,,,False,FALSE,FALSE,FALSE,,FALSE,,FALSE,True,False,False,False,18,False,308,1736,374,0,False,True,True,True,True,0,,1,3,0,0,0,0,0,0.03945239888163113,LOW,Benign
12/31/23 1:20,12/31/23 1:20,,,GenericProvider.dll,,,,|GenericProvider.dll,1754590616.0,Basic_Info_Changed / Content_Indexed_Attr_Changed,0x000200000000CCED,0x000700000000CC97,usnjrnl_only,False,,,,,,,,,False,FALSE,FALSE,FALSE,,FALSE,,FALSE,True,False,False,False,19,False,308,1736,374,0,False,True,True,False,False,0,,1,2,0,0,0,0,0,0.05048833631215297,LOW,Benign
12/31/23 1:20,12/31/23 1:20,,,GenericProvider.dll,,,,|GenericProvider.dll,1754590720.0,Basic_Info_Changed / Content_Indexed_Attr_Changed / File_Closed / File_Deleted,0x000200000000CCED,0x000700000000CC97,usnjrnl_only,False,,,,,,,,,False,FALSE,FALSE,FALSE,,FALSE,,FALSE,True,False,False,False,19,False,308,1736,374,0,False,True,True,True,True,0,,1,3,0,0,0,0,0,0.03945239888163113,LOW,Benign
12/31/23 1:20,12/31/23 1:20,,,IBSProvider.dll,,,,|IBSProvider.dll,1754590824.0,Basic_Info_Changed / Content_Indexed_Attr_Changed,0x000200000000CCEE,0x000700000000CC97,usnjrnl_only,False,,,,,,,,,False,FALSE,FALSE,FALSE,,FALSE,,FALSE,True,False,False,False,15,False,308,1736,374,0,False,True,True,False,False,0,,1,2,0,0,0,0,0,0.05048833631215297,LOW,Benign
12/31/23 1:20,12/31/23 1:20,,,IBSProvider.dll,,,,|IBSProvider.dll,1754590920.0,Basic_Info_Changed / Content_Indexed_Attr_Changed / File_Closed / File_Deleted,0x000200000000CCEE,0x000700000000CC97,usnjrnl_only,False,,,,,,,,,False,FALSE,FALSE,FALSE,,FALSE,,FALSE,True,False,False,False,15,False,308,1736,374,0,False,True,True,True,True,0,,1,3,0,0,0,0,0,0.03945239888163113,LOW,Benign
12/31/23 1:20,12/31/23 1:20,,,ImagingProvider.dll,,,,|ImagingProvider.dll,1754591016.0,Basic_Info_Changed / Content_Indexed_Attr_Changed,0x000200000000CCEF,0x000700000000CC97,usnjrnl_only,False,,,,,,,,,False,FALSE,FALSE,FALSE,,FALSE,,FALSE,True,False,False,False,19,False,308,1736,374,0,False,True,True,False,False,0,,1,2,0,0,0,0,0,0.05048833631215297,LOW,Benign
12/31/23 1:20,12/31/23 1:20,,,ImagingProvider.dll,,,,|ImagingProvider.dll,1754591120.0,Basic_Info_Changed / Content_Indexed_Attr_Changed / File_Closed / File_Deleted,0x000200000000CCEF,0x000700000000CC97,usnjrnl_only,False,,,,,,,,,False,FALSE,FALSE,FALSE,,FALSE,,FALSE,True,False,False,False,19,False,308,1736,374,0,False,True,True,True,True,0,,1,3,0,0,0,0,0,0.03945239888163113,LOW,Benign
12/31/23 1:20,12/31/23 1:20,,,IntlProvider.dll,,,,|IntlProvider.dll,1754591232.0,Basic_Info_Changed / Content_Indexed_Attr_Changed,0x000200000000CCF0,0x000700000000CC97,usnjrnl_only,False,,,,,,,,,False,FALSE,FALSE,FALSE,,FALSE,,FALSE,True,False,False,False,16,False,309,1736,374,0,False,True,True,False,False,0,,1,2,0,0,0,0,0,0.05048833631215297,LOW,Benign
12/31/23 1:20,12/31/23 1:20,,,IntlProvider.dll,,,,|IntlProvider.dll,1754591328.0,Basic_Info_Changed / Content_Indexed_Attr_Changed / File_Closed / File_Deleted,0x000200000000CCF0,0x000700000000CC97,usnjrnl_only,False,,,,,,,,,False,FALSE,FALSE,FALSE,,FALSE,,FALSE,True,False,False,False,16,False,309,1736,374,0,False,True,True,True,True,0,,1,3,0,0,0,0,0,0.03945239888163113,LOW,Benign
12/31/23 1:20,12/31/23 1:20,,,AppxProvider.dll.mui,,,,|AppxProvider.dll.mui,1754591424.0,Basic_Info_Changed / Content_Indexed_Attr_Changed,0x000200000000CCF6,0x000200000000CCF1,usnjrnl_only,False,,,,,,,,,False,FALSE,FALSE,FALSE,,FALSE,,FALSE,False,False,False,False,20,False,627,1736,374,0,False,True,True,False,False,0,,1,2,0,0,0,0,0,0.03972605574962982,LOW,Benign
12/31/23 1:20,12/31/23 1:20,,,AppxProvider.dll.mui,,,,|AppxProvider.dll.mui,1754591528.0,Basic_Info_Changed / Content_Indexed_Attr_Changed / File_Closed / File_Deleted,0x000200000000CCF6,0x000200000000CCF1,usnjrnl_only,False,,,,,,,,,False,FALSE,FALSE,FALSE,,FALSE,,FALSE,False,False,False,False,20,False,627,1736,374,0,False,True,True,True,True,0,,1,3,0,0,0,0,0,0.03945239888163113,LOW,Benign
12/31/23 1:20,12/31/23 1:20,,,AssocProvider.dll.mui,,,,|AssocProvider.dll.mui,1754591632.0,Basic_Info_Changed / Content_Indexed_Attr_Changed,0x000200000000CD1D,0x000200000000CCF1,usnjrnl_only,False,,,,,,,,,False,FALSE,FALSE,FALSE,,FALSE,,FALSE,False,False,False,False,21,False,627,1736,374,0,False,True,True,False,False,0,,1,2,0,0,0,0,0,0.03972605574962982,LOW,Benign
12/31/23 1:20,12/31/23 1:20,,,AssocProvider.dll.mui,,,,|AssocProvider.dll.mui,1754591736.0,Basic_Info_Changed / Content_Indexed_Attr_Changed / File_Closed / File_Deleted,0x000200000000CD1D,0x000200000000CCF1,usnjrnl_only,False,,,,,,,,,False,FALSE,FALSE,FALSE,,FALSE,,FALSE,False,False,False,False,21,False,627,1736,374,0,False,True,True,True,True,0,,1,3,0,0,0,0,0,0.03945239888163113,LOW,Benign
12/31/23 1:20,12/31/23 1:20,,,CbsProvider.dll.mui,,,,|CbsProvider.dll.mui,1754591840.0,Basic_Info_Changed / Content_Indexed_Attr_Changed,0x000200000000CDC6,0x000200000000CCF1,usnjrnl_only,False,,,,,,,,,False,FALSE,FALSE,FALSE,,FALSE,,FALSE,False,False,False,False,19,False,308,1736,374,0,False,True,True,False,False,0,,1,2,0,0,0,0,0,0.03972605574962982,LOW,Benign
12/31/23 1:20,12/31/23 1:20,,,CbsProvider.dll.mui,,,,|CbsProvider.dll.mui,1754591944.0,Basic_Info_Changed / Content_Indexed_Attr_Changed / File_Closed / File_Deleted,0x000200000000CDC6,0x000200000000CCF1,usnjrnl_only,False,,,,,,,,,False,FALSE,FALSE,FALSE,,FALSE,,FALSE,False,False,False,False,19,False,308,1736,374,0,False,True,True,True,True,0,,1,3,0,0,0,0,0,0.03945239888163113,LOW,Benign
12/31/23 1:20,12/31/23 1:20,,,DismCore.dll.mui,,,,|DismCore.dll.mui,1754592048.0,Basic_Info_Changed / Content_Indexed_Attr_Changed,0x000200000000CEAB,0x000200000000CCF1,usnjrnl_only,False,,,,,,,,,False,FALSE,FALSE,FALSE,,FALSE,,FALSE,False,False,False,False,16,False,628,1736,374,0,False,True,True,False,False,0,,1,2,0,0,0,0,0,0.03972605574962982,LOW,Benign
12/31/23 1:20,12/31/23 1:20,,,DismCore.dll.mui,,,,|DismCore.dll.mui,1754592144.0,Basic_Info_Changed / Content_Indexed_Attr_Changed / File_Closed / File_Deleted,0x000200000000CEAB,0x000200000000CCF1,usnjrnl_only,False,,,,,,,,,False,FALSE,FALSE,FALSE,,FALSE,,FALSE,False,False,False,False,16,False,628,1736,374,0,False,True,True,True,True,0,,1,3,0,0,0,0,0,0.03945239888163113,LOW,Benign
12/31/23 1:20,12/31/23 1:20,,,DismProv.dll.mui,,,,|DismProv.dll.mui,1754592240.0,Basic_Info_Changed / Content_Indexed_Attr_Changed,0x000300000000CEAE,0x000200000000CCF1,usnjrnl_only,False,,,,,,,,,False,FALSE,FALSE,FALSE,,FALSE,,FALSE,False,False,False,False,16,False,628,1736,374,0,False,True,True,False,False,0,,1,2,0,0,0,0,0,0.03972605574962982,LOW,Benign
12/31/23 1:20,12/31/23 1:20,,,DismProv.dll.mui,,,,|DismProv.dll.mui,1754592336.0,Basic_Info_Changed / Content_Indexed_Attr_Changed / File_Closed / File_Deleted,0x000300000000CEAE,0x000200000000CCF1,usnjrnl_only,False,,,,,,,,,False,FALSE,FALSE,FALSE,,FALSE,,FALSE,False,False,False,False,16,False,628,1736,374,0,False,True,True,True,True,0,,1,3,0,0,0,0,0,0.03945239888163113,LOW,Benign
12/31/23 1:20,12/31/23 1:20,,,DmiProvider.dll.mui,,,,|DmiProvider.dll.mui,1754592432.0,Basic_Info_Changed / Content_Indexed_Attr_Changed,0x000200000000CEAF,0x000200000000CCF1,usnjrnl_only,False,,,,,,,,,False,FALSE,FALSE,FALSE,,FALSE,,FALSE,False,False,False,False,19,False,309,1736,374,0,False,True,True,False,False,0,,1,2,0,0,0,0,0,0.03972605574962982,LOW,Benign
12/31/23 1:20,12/31/23 1:20,,,DmiProvider.dll.mui,,,,|DmiProvider.dll.mui,1754592536.0,Basic_Info_Changed / Content_Indexed_Attr_Changed / File_Closed / File_Deleted,0x000200000000CEAF,0x000200000000CCF1,usnjrnl_only,False,,,,,,,,,False,FALSE,FALSE,FALSE,,FALSE,,FALSE,False,False,False,False,19,False,309,1736,374,0,False,True,True,True,True,0,,1,3,0,0,0,0,0,0.03945239888163113,LOW,Benign
12/31/23 1:20,12/31/23 1:20,,,FfuProvider.dll.mui,,,,|FfuProvider.dll.mui,1754592640.0,Basic_Info_Changed / Content_Indexed_Attr_Changed,0x000200000000CEB5,0x000200000000CCF1,usnjrnl_only,False,,,,,,,,,False,FALSE,FALSE,FALSE,,FALSE,,FALSE,False,False,False,False,19,False,308,1736,374,0,False,True,True,False,False,0,,1,2,0,0,0,0,0,0.03972605574962982,LOW,Benign
12/31/23 1:20,12/31/23 1:20,,,FfuProvider.dll.mui,,,,|FfuProvider.dll.mui,1754592744.0,Basic_Info_Changed / Content_Indexed_Attr_Changed / File_Closed / File_Deleted,0x000200000000CEB5,0x000200000000CCF1,usnjrnl_only,False,,,,,,,,,False,FALSE,FALSE,FALSE,,FALSE,,FALSE,False,False,False,False,19,False,308,1736,374,0,False,True,True,True,True,0,,1,3,0,0,0,0,0,0.03945239888163113,LOW,Benign
12/31/23 1:20,12/31/23 1:20,,,FolderProvider.dll.mui,,,,|FolderProvider.dll.mui,1754592848.0,Basic_Info_Changed / Content_Indexed_Attr_Changed,0x000200000000CEB8,0x000200000000CCF1,usnjrnl_only,False,,,,,,,,,False,FALSE,FALSE,FALSE,,FALSE,,FALSE,False,False,False,False,22,False,628,1736,374,0,False,True,True,False,False,0,,1,2,0,0,0,0,0,0.03972605574962982,LOW,Benign
12/31/23 1:20,12/31/23 1:20,,,FolderProvider.dll.mui,,,,|FolderProvider.dll.mui,1754592952.0,Basic_Info_Changed / Content_Indexed_Attr_Changed / File_Closed / File_Deleted,0x000200000000CEB8,0x000200000000CCF1,usnjrnl_only,False,,,,,,,,,False,FALSE,FALSE,FALSE,,FALSE,,FALSE,False,False,False,False,22,False,628,1736,374,0,False,True,True,True,True,0,,1,3,0,0,0,0,0,0.03945239888163113,LOW,Benign
12/31/23 1:20,12/31/23 1:20,,,GenericProvider.dll.mui,,,,|GenericProvider.dll.mui,1754593056.0,Basic_Info_Changed / Content_Indexed_Attr_Changed,0x000300000000CEB6,0x000200000000CCF1,usnjrnl_only,False,,,,,,,,,False,FALSE,FALSE,FALSE,,FALSE,,FALSE,False,False,False,False,23,False,309,1736,374,0,False,True,True,False,False,0,,1,2,0,0,0,0,0,0.03972605574962982,LOW,Benign
12/31/23 1:20,12/31/23 1:20,,,GenericProvider.dll.mui,,,,|GenericProvider.dll.mui,1754593168.0,Basic_Info_Changed / Content_Indexed_Attr_Changed / File_Closed / File_Deleted,0x000300000000CEB6,0x000200000000CCF1,usnjrnl_only,False,,,,,,,,,False,FALSE,FALSE,FALSE,,FALSE,,FALSE,False,False,False,False,23,False,309,1736,374,0,False,True,True,True,True,0,,1,3,0,0,0,0,0,0.03945239888163113,LOW,Benign
12/31/23 1:20,12/31/23 1:20,,,ImagingProvider.dll.mui,,,,|ImagingProvider.dll.mui,1754593280.0,Basic_Info_Changed / Content_Indexed_Attr_Changed,0x000200000000CEB9,0x000200000000CCF1,usnjrnl_only,False,,,,,,,,,False,FALSE,FALSE,FALSE,,FALSE,,FALSE,False,False,False,False,23,False,308,1736,374,0,False,True,True,False,False,0,,1,2,0,0,0,0,0,0.03972605574962982,LOW,Benign
12/31/23 1:20,12/31/23 1:20,,,ImagingProvider.dll.mui,,,,|ImagingProvider.dll.mui,1754593392.0,Basic_Info_Changed / Content_Indexed_Attr_Changed / File_Closed / File_Deleted,0x000200000000CEB9,0x000200000000CCF1,usnjrnl_only,False,,,,,,,,,False,FALSE,FALSE,FALSE,,FALSE,,FALSE,False,False,False,False,23,False,308,1736,374,0,False,True,True,True,True,0,,1,3,0,0,0,0,0,0.03945239888163113,LOW,Benign
12/31/23 1:20,12/31/23 1:20,,,IntlProvider.dll.mui,,,,|IntlProvider.dll.mui,1754593504.0,Basic_Info_Changed / Content_Indexed_Attr_Changed,0x000200000000CEBB,0x000200000000CCF1,usnjrnl_only,False,,,,,,,,,False,FALSE,FALSE,FALSE,,FALSE,,FALSE,False,False,False,False,20,False,309,1736,374,0,False,True,True,False,False,0,,1,2,0,0,0,0,0,0.03972605574962982,LOW,Benign
12/31/23 1:20,12/31/23 1:20,,,IntlProvider.dll.mui,,,,|IntlProvider.dll.mui,1754593608.0,Basic_Info_Changed / Content_Indexed_Attr_Changed / File_Closed / File_Deleted,0x000200000000CEBB,0x000200000000CCF1,usnjrnl_only,False,,,,,,,,,False,FALSE,FALSE,FALSE,,FALSE,,FALSE,False,False,False,False,20,False,309,1736,374,0,False,True,True,True,True,0,,1,3,0,0,0,0,0,0.03945239888163113,LOW,Benign
12/31/23 1:20,12/31/23 1:20,,,LogProvider.dll.mui,,,,|LogProvider.dll.mui,1754593712.0,Basic_Info_Changed / Content_Indexed_Attr_Changed,0x000200000000CEBE,0x000200000000CCF1,usnjrnl_only,False,,,,,,,,,False,FALSE,FALSE,FALSE,,FALSE,,FALSE,False,False,False,False,19,False,627,1736,374,0,False,True,True,False,False,0,,1,2,0,0,0,0,0,0.03972605574962982,LOW,Benign
12/31/23 1:20,12/31/23 1:20,,,LogProvider.dll.mui,,,,|LogProvider.dll.mui,1754593816.0,Basic_Info_Changed / Content_Indexed_Attr_Changed / File_Closed / File_Deleted,0x000200000000CEBE,0x000200000000CCF1,usnjrnl_only,False,,,,,,,,,False,FALSE,FALSE,FALSE,,FALSE,,FALSE,False,False,False,False,19,False,627,1736,374,0,False,True,True,True,True,0,,1,3,0,0,0,0,0,0.03945239888163113,LOW,Benign
12/31/23 1:20,12/31/23 1:20,,,MsiProvider.dll.mui,,,,|MsiProvider.dll.mui,1754593920.0,Basic_Info_Changed / Content_Indexed_Attr_Changed,0x000200000000CEC7,0x000200000000CCF1,usnjrnl_only,False,,,,,,,,,False,FALSE,FALSE,FALSE,,FALSE,,FALSE,False,False,False,False,19,False,628,1736,374,0,False,True,True,False,False,0,,1,2,0,0,0,0,0,0.03972605574962982,LOW,Benign
12/31/23 1:20,12/31/23 1:20,,,MsiProvider.dll.mui,,,,|MsiProvider.dll.mui,1754594024.0,Basic_Info_Changed / Content_Indexed_Attr_Changed / File_Closed / File_Deleted,0x000200000000CEC7,0x000200000000CCF1,usnjrnl_only,False,,,,,,,,,False,FALSE,FALSE,FALSE,,FALSE,,FALSE,False,False,False,False,19,False,628,1736,374,0,False,True,True,True,True,0,,1,3,0,0,0,0,0,0.03945239888163113,LOW,Benign
12/31/23 1:20,12/31/23 1:20,,,OfflineSetupProvider.dll.mui,,,,|OfflineSetupProvider.dll.mui,1754594128.0,Basic_Info_Changed / Content_Indexed_Attr_Changed,0x000200000000CED6,0x000200000000CCF1,usnjrnl_only,False,,,,,,,,,False,FALSE,FALSE,FALSE,,FALSE,,FALSE,False,False,False,False,28,False,308,1736,374,0,False,True,True,False,False,0,,1,2,0,0,0,0,0,0.03972605574962982,LOW,Benign
12/31/23 1:20,12/31/23 1:20,,,OfflineSetupProvider.dll.mui,,,,|OfflineSetupProvider.dll.mui,1754594248.0,Basic_Info_Changed / Content_Indexed_Attr_Changed / File_Closed / File_Deleted,0x000200000000CED6,0x000200000000CCF1,usnjrnl_only,False,,,,,,,,,False,FALSE,FALSE,FALSE,,FALSE,,FALSE,False,False,False,False,28,False,308,1736,374,0,False,True,True,True,True,0,,1,3,0,0,0,0,0,0.03945239888163113,LOW,Benign
12/31/23 1:20,12/31/23 1:20,,,OSProvider.dll.mui,,,,|OSProvider.dll.mui,1754594368.0,Basic_Info_Changed / Content_Indexed_Attr_Changed,0x000200000000CEE6,0x000200000000CCF1,usnjrnl_only,False,,,,,,,,,False,FALSE,FALSE,FALSE,,FALSE,,FALSE,False,False,False,False,18,False,308,1736,374,0,False,True,True,False,False,0,,1,2,0,0,0,0,0,0.03972605574962982,LOW,Benign
12/31/23 1:20,12/31/23 1:20,,,OSProvider.dll.mui,,,,|OSProvider.dll.mui,1754594464.0,Basic_Info_Changed / Content_Indexed_Attr_Changed / File_Closed / File_Deleted,0x000200000000CEE6,0x000200000000CCF1,usnjrnl_only,False,,,,,,,,,False,FALSE,FALSE,FALSE,,FALSE,,FALSE,False,False,False,False,18,False,308,1736,374,0,False,True,True,True,True,0,,1,3,0,0,0,0,0,0.03945239888163113,LOW,Benign
12/31/23 1:20,12/31/23 1:20,,,ProvProvider.dll.mui,,,,|ProvProvider.dll.mui,1754594560.0,Basic_Info_Changed / Content_Indexed_Attr_Changed,0x000200000000CF76,0x000200000000CCF1,usnjrnl_only,False,,,,,,,,,False,FALSE,FALSE,FALSE,,FALSE,,FALSE,False,False,False,False,20,False,308,1736,374,0,False,True,True,False,False,0,,1,2,0,0,0,0,0,0.03972605574962982,LOW,Benign
12/31/23 1:20,12/31/23 1:20,,,ProvProvider.dll.mui,,,,|ProvProvider.dll.mui,1754594664.0,Basic_Info_Changed / Content_Indexed_Attr_Changed / File_Closed / File_Deleted,0x000200000000CF76,0x000200000000CCF1,usnjrnl_only,False,,,,,,,,,False,FALSE,FALSE,FALSE,,FALSE,,FALSE,False,False,False,False,20,False,308,1736,374,0,False,True,True,True,True,0,,1,3,0,0,0,0,0,0.03945239888163113,LOW,Benign
12/31/23 1:20,12/31/23 1:20,,,SetupPlatformProvider.dll.mui,,,,|SetupPlatformProvider.dll.mui,1754594768.0,Basic_Info_Changed / Content_Indexed_Attr_Changed,0x000300000000CFAA,0x000200000000CCF1,usnjrnl_only,False,,,,,,,,,False,FALSE,FALSE,FALSE,,FALSE,,FALSE,False,False,False,False,29,False,628,1736,374,0,False,True,True,False,False,0,,1,2,0,0,0,0,0,0.03972605574962982,LOW,Benign
12/31/23 1:20,12/31/23 1:20,,,SetupPlatformProvider.dll.mui,,,,|SetupPlatformProvider.dll.mui,1754594888.0,Basic_Info_Changed / Content_Indexed_Attr_Changed / File_Closed / File_Deleted,0x000300000000CFAA,0x000200000000CCF1,usnjrnl_only,False,,,,,,,,,False,FALSE,FALSE,FALSE,,FALSE,,FALSE,False,False,False,False,29,False,628,1736,374,0,False,True,True,True,True,0,,1,3,0,0,0,0,0,0.03945239888163113,LOW,Benign
12/31/23 1:20,12/31/23 1:20,,,SmiProvider.dll.mui,,,,|SmiProvider.dll.mui,1754595008.0,Basic_Info_Changed / Content_Indexed_Attr_Changed,0x000200000000CFFA,0x000200000000CCF1,usnjrnl_only,False,,,,,,,,,False,FALSE,FALSE,FALSE,,FALSE,,FALSE,False,False,False,False,19,False,309,1736,374,0,False,True,True,False,False,0,,1,2,0,0,0,0,0,0.03972605574962982,LOW,Benign
12/31/23 1:20,12/31/23 1:20,,,SmiProvider.dll.mui,,,,|SmiProvider.dll.mui,1754595112.0,Basic_Info_Changed / Content_Indexed_Attr_Changed / File_Closed / File_Deleted,0x000200000000CFFA,0x000200000000CCF1,usnjrnl_only,False,,,,,,,,,False,FALSE,FALSE,FALSE,,FALSE,,FALSE,False,False,False,False,19,False,309,1736,374,0,False,True,True,True,True,0,,1,3,0,0,0,0,0,0.03945239888163113,LOW,Benign
12/31/23 1:20,12/31/23 1:20,,,TransmogProvider.dll.mui,,,,|TransmogProvider.dll.mui,1754595216.0,Basic_Info_Changed / Content_Indexed_Attr_Changed,0x000200000000D01C,0x000200000000CCF1,usnjrnl_only,False,,,,,,,,,False,FALSE,FALSE,FALSE,,FALSE,,FALSE,False,False,False,False,24,False,628,1736,374,0,False,True,True,False,False,0,,1,2,0,0,0,0,0,0.03972605574962982,LOW,Benign
12/31/23 1:20,12/31/23 1:20,,,TransmogProvider.dll.mui,,,,|TransmogProvider.dll.mui,1754595328.0,Basic_Info_Changed / Content_Indexed_Attr_Changed / File_Closed / File_Deleted,0x000200000000D01C,0x000200000000CCF1,usnjrnl_only,False,,,,,,,,,False,FALSE,FALSE,FALSE,,FALSE,,FALSE,False,False,False,False,24,False,628,1736,374,0,False,True,True,True,True,0,,1,3,0,0,0,0,0,0.03945239888163113,LOW,Benign
12/31/23 1:20,12/31/23 1:20,,,UnattendProvider.dll.mui,,,,|UnattendProvider.dll.mui,1754595440.0,Basic_Info_Changed / Content_Indexed_Attr_Changed,0x000200000000D021,0x000200000000CCF1,usnjrnl_only,False,,,,,,,,,False,FALSE,FALSE,FALSE,,FALSE,,FALSE,False,False,False,False,24,False,308,1736,374,0,False,True,True,False,False,0,,1,2,0,0,0,0,0,0.03972605574962982,LOW,Benign
12/31/23 1:20,12/31/23 1:20,,,UnattendProvider.dll.mui,,,,|UnattendProvider.dll.mui,1754595552.0,Basic_Info_Changed / Content_Indexed_Attr_Changed / File_Closed / File_Deleted,0x000200000000D021,0x000200000000CCF1,usnjrnl_only,False,,,,,,,,,False,FALSE,FALSE,FALSE,,FALSE,,FALSE,False,False,False,False,24,False,308,1736,374,0,False,True,True,True,True,0,,1,3,0,0,0,0,0,0.03945239888163113,LOW,Benign
12/31/23 1:20,12/31/23 1:20,,,VhdProvider.dll.mui,,,,|VhdProvider.dll.mui,1754595664.0,Basic_Info_Changed / Content_Indexed_Attr_Changed,0x000200000000D026,0x000200000000CCF1,usnjrnl_only,False,,,,,,,,,False,FALSE,FALSE,FALSE,,FALSE,,FALSE,False,False,False,False,19,False,308,1736,374,0,False,True,True,False,False,0,,1,2,0,0,0,0,0,0.03972605574962982,LOW,Benign
12/31/23 1:20,12/31/23 1:20,,,VhdProvider.dll.mui,,,,|VhdProvider.dll.mui,1754595768.0,Basic_Info_Changed / Content_Indexed_Attr_Changed / File_Closed / File_Deleted,0x000200000000D026,0x000200000000CCF1,usnjrnl_only,False,,,,,,,,,False,FALSE,FALSE,FALSE,,FALSE,,FALSE,False,False,False,False,19,False,308,1736,374,0,False,True,True,True,True,0,,1,3,0,0,0,0,0,0.03945239888163113,LOW,Benign
12/31/23 1:20,12/31/23 1:20,,,WimProvider.dll.mui,,,,|WimProvider.dll.mui,1754595872.0,Basic_Info_Changed / Content_Indexed_Attr_Changed,0x000200000000D02B,0x000200000000CCF1,usnjrnl_only,False,,,,,,,,,False,FALSE,FALSE,FALSE,,FALSE,,FALSE,False,False,False,False,19,False,308,1736,374,0,False,True,True,False,False,0,,1,2,0,0,0,0,0,0.03972605574962982,LOW,Benign
12/31/23 1:20,12/31/23 1:20,,,WimProvider.dll.mui,,,,|WimProvider.dll.mui,1754595976.0,Basic_Info_Changed / Content_Indexed_Attr_Changed / File_Closed / File_Deleted,0x000200000000D02B,0x000200000000CCF1,usnjrnl_only,False,,,,,,,,,False,FALSE,FALSE,FALSE,,FALSE,,FALSE,False,False,False,False,19,False,308,1736,374,0,False,True,True,True,True,0,,1,3,0,0,0,0,0,0.03945239888163113,LOW,Benign
12/31/23 1:20,12/31/23 1:20,,,ko-KR,,,,|ko-KR,1754596080.0,Basic_Info_Changed / Content_Indexed_Attr_Changed,0x000200000000CCF1,0x000700000000CC97,usnjrnl_only,True,,,,,,,,,False,FALSE,FALSE,FALSE,,FALSE,,FALSE,False,False,False,False,5,False,154,1736,374,0,False,True,True,False,False,0,,1,2,1,0,0,0,0,0.03972605574962982,LOW,Benign
12/31/23 1:20,12/31/23 1:20,,,ko-KR,,,,|ko-KR,1754596152.0,Basic_Info_Changed / Content_Indexed_Attr_Changed / File_Closed / File_Deleted,0x000200000000CCF1,0x000700000000CC97,usnjrnl_only,True,,,,,,,,,False,FALSE,FALSE,FALSE,,FALSE,,FALSE,False,False,False,False,5,False,154,1736,374,0,False,True,True,True,True,0,,1,3,1,0,0,0,0,0.029793523456145294,LOW,Benign
12/31/23 1:20,12/31/23 1:20,,,LogProvider.dll,,,,|LogProvider.dll,1754596224.0,Basic_Info_Changed / Content_Indexed_Attr_Changed,0x000200000000D02D,0x000700000000CC97,usnjrnl_only,False,,,,,,,,,False,FALSE,FALSE,FALSE,,FALSE,,FALSE,True,False,False,False,15,False,308,1736,374,0,False,True,True,False,False,0,,1,2,0,0,0,0,0,0.05048833631215297,LOW,Benign
12/31/23 1:20,12/31/23 1:20,,,LogProvider.dll,,,,|LogProvider.dll,1754596320.0,Basic_Info_Changed / Content_Indexed_Attr_Changed / File_Closed / File_Deleted,0x000200000000D02D,0x000700000000CC97,usnjrnl_only,False,,,,,,,,,False,FALSE,FALSE,FALSE,,FALSE,,FALSE,True,False,False,False,15,False,308,1736,374,0,False,True,True,True,True,0,,1,3,0,0,0,0,0,0.03945239888163113,LOW,Benign
12/31/23 1:20,12/31/23 1:20,,,MsiProvider.dll,,,,|MsiProvider.dll,1754596416.0,Basic_Info_Changed / Content_Indexed_Attr_Changed,0x000200000000D02E,0x000700000000CC97,usnjrnl_only,False,,,,,,,,,False,FALSE,FALSE,FALSE,,FALSE,,FALSE,True,False,False,False,15,False,308,1736,374,0,False,True,True,False,False,0,,1,2,0,0,0,0,0,0.05048833631215297,LOW,Benign
12/31/23 1:20,12/31/23 1:20,,,MsiProvider.dll,,,,|MsiProvider.dll,1754596512.0,Basic_Info_Changed / Content_Indexed_Attr_Changed / File_Closed / File_Deleted,0x000200000000D02E,0x000700000000CC97,usnjrnl_only,False,,,,,,,,,False,FALSE,FALSE,FALSE,,FALSE,,FALSE,True,False,False,False,15,False,308,1736,374,0,False,True,True,True,True,0,,1,3,0,0,0,0,0,0.03945239888163113,LOW,Benign
12/31/23 1:20,12/31/23 1:20,,,OfflineSetupProvider.dll,,,,|OfflineSetupProvider.dll,1754596608.0,Basic_Info_Changed / Content_Indexed_Attr_Changed,0x000200000000D032,0x000700000000CC97,usnjrnl_only,False,,,,,,,,,False,FALSE,FALSE,FALSE,,FALSE,,FALSE,True,False,False,False,24,False,308,1736,374,0,False,True,True,False,False,0,,1,2,0,0,0,0,0,0.05048833631215297,LOW,Benign
12/31/23 1:20,12/31/23 1:20,,,OfflineSetupProvider.dll,,,,|OfflineSetupProvider.dll,1754596720.0,Basic_Info_Changed / Content_Indexed_Attr_Changed / File_Closed / File_Deleted,0x000200000000D032,0x000700000000CC97,usnjrnl_only,False,,,,,,,,,False,FALSE,FALSE,FALSE,,FALSE,,FALSE,True,False,False,False,24,False,308,1736,374,0,False,True,True,True,True,0,,1,3,0,0,0,0,0,0.03945239888163113,LOW,Benign
12/31/23 1:20,12/31/23 1:20,,,OSProvider.dll,,,,|OSProvider.dll,1754596832.0,Basic_Info_Changed / Content_Indexed_Attr_Changed,0x000200000000D033,0x000700000000CC97,usnjrnl_only,False,,,,,,,,,False,FALSE,FALSE,FALSE,,FALSE,,FALSE,True,False,False,False,14,False,308,1736,374,0,False,True,True,False,False,0,,1,2,0,0,0,0,0,0.05048833631215297,LOW,Benign
12/31/23 1:20,12/31/23 1:20,,,OSProvider.dll,,,,|OSProvider.dll,1754596920.0,Basic_Info_Changed / Content_Indexed_Attr_Changed / File_Closed / File_Deleted,0x000200000000D033,0x000700000000CC97,usnjrnl_only,False,,,,,,,,,False,FALSE,FALSE,FALSE,,FALSE,,FALSE,True,False,False,False,14,False,308,1736,374,0,False,True,True,True,True,0,,1,3,0,0,0,0,0,0.03945239888163113,LOW,Benign
12/31/23 1:20,12/31/23 1:20,,,ProvProvider.dll,,,,|ProvProvider.dll,1754597008.0,Basic_Info_Changed / Content_Indexed_Attr_Changed,0x000200000000D038,0x000700000000CC97,usnjrnl_only,False,,,,,,,,,False,FALSE,FALSE,FALSE,,FALSE,,FALSE,True,False,False,False,16,False,308,1736,374,0,False,True,True,False,False,0,,1,2,0,0,0,0,0,0.05048833631215297,LOW,Benign
12/31/23 1:20,12/31/23 1:20,,,ProvProvider.dll,,,,|ProvProvider.dll,1754597104.0,Basic_Info_Changed / Content_Indexed_Attr_Changed / File_Closed / File_Deleted,0x000200000000D038,0x000700000000CC97,usnjrnl_only,False,,,,,,,,,False,FALSE,FALSE,FALSE,,FALSE,,FALSE,True,False,False,False,16,False,308,1736,374,0,False,True,True,True,True,0,,1,3,0,0,0,0,0,0.03945239888163113,LOW,Benign
12/31/23 1:20,12/31/23 1:20,,,SetupPlatformProvider.dll,,,,|SetupPlatformProvider.dll,1754597200.0,Basic_Info_Changed / Content_Indexed_Attr_Changed,0x000200000000D03D,0x000700000000CC97,usnjrnl_only,False,,,,,,,,,False,FALSE,FALSE,FALSE,,FALSE,,FALSE,True,False,False,False,25,False,308,1736,374,0,False,True,True,False,False,0,,1,2,0,0,0,0,0,0.05048833631215297,LOW,Benign
12/31/23 1:20,12/31/23 1:20,,,SetupPlatformProvider.dll,,,,|SetupPlatformProvider.dll,1754597312.0,Basic_Info_Changed / Content_Indexed_Attr_Changed / File_Closed / File_Deleted,0x000200000000D03D,0x000700000000CC97,usnjrnl_only,False,,,,,,,,,False,FALSE,FALSE,FALSE,,FALSE,,FALSE,True,False,False,False,25,False,308,1736,374,0,False,True,True,True,True,0,,1,3,0,0,0,0,0,0.03945239888163113,LOW,Benign
12/31/23 1:20,12/31/23 1:20,,,SmiProvider.dll,,,,|SmiProvider.dll,1754597424.0,Basic_Info_Changed / Content_Indexed_Attr_Changed,0x000600000000CF5B,0x000700000000CC97,usnjrnl_only,False,,,,,,,,,False,FALSE,FALSE,FALSE,,FALSE,,FALSE,True,False,False,False,15,False,308,1736,374,0,False,True,True,False,False,0,,1,2,0,0,0,0,0,0.05048833631215297,LOW,Benign
12/31/23 1:20,12/31/23 1:20,,,SmiProvider.dll,,,,|SmiProvider.dll,1754597520.0,Basic_Info_Changed / Content_Indexed_Attr_Changed / File_Closed / File_Deleted,0x000600000000CF5B,0x000700000000CC97,usnjrnl_only,False,,,,,,,,,False,FALSE,FALSE,FALSE,,FALSE,,FALSE,True,False,False,False,15,False,308,1736,374,0,False,True,True,True,True,0,,1,3,0,0,0,0,0,0.03945239888163113,LOW,Benign
12/31/23 1:20,12/31/23 1:20,,,SysprepProvider.dll,,,,|SysprepProvider.dll,1754597616.0,Basic_Info_Changed / Content_Indexed_Attr_Changed,0x000300000000D039,0x000700000000CC97,usnjrnl_only,False,,,,,,,,,False,FALSE,FALSE,FALSE,,FALSE,,FALSE,True,False,False,False,19,False,308,1736,374,0,False,True,True,False,False,0,,1,2,0,0,0,0,0,0.05048833631215297,LOW,Benign
12/31/23 1:20,12/31/23 1:20,,,SysprepProvider.dll,,,,|SysprepProvider.dll,1754597720.0,Basic_Info_Changed / Content_Indexed_Attr_Changed / File_Closed / File_Deleted,0x000300000000D039,0x000700000000CC97,usnjrnl_only,False,,,,,,,,,False,FALSE,FALSE,FALSE,,FALSE,,FALSE,True,False,False,False,19,False,308,1736,374,0,False,True,True,True,True,0,,1,3,0,0,0,0,0,0.03945239888163113,LOW,Benign
12/31/23 1:20,12/31/23 1:20,,,TransmogProvider.dll,,,,|TransmogProvider.dll,1754597824.0,Basic_Info_Changed / Content_Indexed_Attr_Changed,0x000200000000D03E,0x000700000000CC97,usnjrnl_only,False,,,,,,,,,False,FALSE,FALSE,FALSE,,FALSE,,FALSE,True,False,False,False,20,False,308,1736,374,0,False,True,True,False,False,0,,1,2,0,0,0,0,0,0.05048833631215297,LOW,Benign
12/31/23 1:20,12/31/23 1:20,,,TransmogProvider.dll,,,,|TransmogProvider.dll,1754597928.0,Basic_Info_Changed / Content_Indexed_Attr_Changed / File_Closed / File_Deleted,0x000200000000D03E,0x000700000000CC97,usnjrnl_only,False,,,,,,,,,False,FALSE,FALSE,FALSE,,FALSE,,FALSE,True,False,False,False,20,False,308,1736,374,0,False,True,True,True,True,0,,1,3,0,0,0,0,0,0.03945239888163113,LOW,Benign
12/31/23 1:20,12/31/23 1:20,,,UnattendProvider.dll,,,,|UnattendProvider.dll,1754598032.0,Basic_Info_Changed / Content_Indexed_Attr_Changed,0x000200000000D041,0x000700000000CC97,usnjrnl_only,False,,,,,,,,,False,FALSE,FALSE,FALSE,,FALSE,,FALSE,True,False,False,False,20,False,308,1736,374,0,False,True,True,False,False,0,,1,2,0,0,0,0,0,0.05048833631215297,LOW,Benign
12/31/23 1:20,12/31/23 1:20,,,UnattendProvider.dll,,,,|UnattendProvider.dll,1754598136.0,Basic_Info_Changed / Content_Indexed_Attr_Changed / File_Closed / File_Deleted,0x000200000000D041,0x000700000000CC97,usnjrnl_only,False,,,,,,,,,False,FALSE,FALSE,FALSE,,FALSE,,FALSE,True,False,False,False,20,False,308,1736,374,0,False,True,True,True,True,0,,1,3,0,0,0,0,0,0.03945239888163113,LOW,Benign
12/31/23 1:20,12/31/23 1:20,,,VhdProvider.dll,,,,|VhdProvider.dll,1754598240.0,Basic_Info_Changed / Content_Indexed_Attr_Changed,0x000200000000D042,0x000700000000CC97,usnjrnl_only,False,,,,,,,,,False,FALSE,FALSE,FALSE,,FALSE,,FALSE,True,False,False,False,15,False,308,1736,374,0,False,True,True,False,False,0,,1,2,0,0,0,0,0,0.05048833631215297,LOW,Benign
12/31/23 1:20,12/31/23 1:20,,,VhdProvider.dll,,,,|VhdProvider.dll,1754598336.0,Basic_Info_Changed / Content_Indexed_Attr_Changed / File_Closed / File_Deleted,0x000200000000D042,0x000700000000CC97,usnjrnl_only,False,,,,,,,,,False,FALSE,FALSE,FALSE,,FALSE,,FALSE,True,False,False,False,15,False,308,1736,374,0,False,True,True,True,True,0,,1,3,0,0,0,0,0,0.03945239888163113,LOW,Benign
12/31/23 1:20,12/31/23 1:20,,,WimProvider.dll,,,,|WimProvider.dll,1754598432.0,Basic_Info_Changed / Content_Indexed_Attr_Changed,0x000200000000D043,0x000700000000CC97,usnjrnl_only,False,,,,,,,,,False,FALSE,FALSE,FALSE,,FALSE,,FALSE,True,False,False,False,15,False,322,1736,374,0,False,True,True,False,False,0,,1,2,0,0,0,0,0,0.05048833631215297,LOW,Benign
12/31/23 1:20,12/31/23 1:20,,,WimProvider.dll,,,,|WimProvider.dll,1754598528.0,Basic_Info_Changed / Content_Indexed_Attr_Changed / File_Closed / File_Deleted,0x000200000000D043,0x000700000000CC97,usnjrnl_only,False,,,,,,,,,False,FALSE,FALSE,FALSE,,FALSE,,FALSE,True,False,False,False,15,False,322,1736,374,0,False,True,True,True,True,0,,1,3,0,0,0,0,0,0.03945239888163113,LOW,Benign
12/31/23 1:20,12/31/23 1:20,,,96A365FC-31E0-4C69-8E0E-50EA4D9BC38D,\Users\blueangel\AppData\Local\Temp\96A365FC-31E0-4C69-8E0E-50EA4D9BC38D,,,\Users\blueangel\AppData\Local\Temp\96A365FC-31E0-4C69-8E0E-50EA4D9BC38D|96A365FC-31E0-4C69-8E0E-50EA4D9BC38D,1754598624.0,Basic_Info_Changed / Content_Indexed_Attr_Changed,0x000700000000CC97,0x000100000001A2E5,usnjrnl_only,False,,,,,,,,,False,FALSE,FALSE,FALSE,,FALSE,,FALSE,False,False,False,False,36,False,2,1736,374,0,False,True,True,False,False,6,,1,2,0,0,0,0,0,0.040675049438127574,LOW,Benign
12/31/23 1:20,12/31/23 1:20,,,96A365FC-31E0-4C69-8E0E-50EA4D9BC38D,\Users\blueangel\AppData\Local\Temp\96A365FC-31E0-4C69-8E0E-50EA4D9BC38D,,,\Users\blueangel\AppData\Local\Temp\96A365FC-31E0-4C69-8E0E-50EA4D9BC38D|96A365FC-31E0-4C69-8E0E-50EA4D9BC38D,1754598760.0,Basic_Info_Changed / Content_Indexed_Attr_Changed / File_Closed / File_Deleted,0x000700000000CC97,0x000100000001A2E5,usnjrnl_only,False,,,,,,,,,False,FALSE,FALSE,FALSE,,FALSE,,FALSE,False,False,False,False,36,False,2,1736,374,0,False,True,True,True,True,6,,1,3,0,0,0,0,0,0.07885459489296634,LOW,Benign
12/31/23 1:21,12/31/23 1:21,10588363482.0,Time Reversal Event,SetMACE_SI_MACE_Copy_Manipulation.dll,\Program Files\Windows Mail\SetMACE_SI_MACE_Copy_Manipulation.dll,0xDF9,4.0,\Program Files\Windows Mail\SetMACE_SI_MACE_Copy_Manipulation.dll|SetMACE_SI_MACE_Copy_Manipulation.dll,1754633104.0,Basic_Info_Changed,0x001F0000000037E6,0x000100000000009C,both,False,12/31/23 1:15,12/25/23 16:22,12/31/23 1:15,12/25/23 16:22,12/31/23 1:15,12/25/23 16:34,12/31/23 1:15,12/25/23 16:34,False,TRUE,TRUE,TRUE,5.362094907407408,TRUE,5.362094907407408,TRUE,True,False,False,True,37,False,2,1736,374,48,True,True,True,False,False,3,-5.373738426,3,2,0,0,1,0,0,0.3683529458208969,LOW,Benign
12/31/23 1:21,12/31/23 1:21,,,SetMACE_SI_MACE_Copy_Manipulation.dll,\Program Files\Windows Mail\SetMACE_SI_MACE_Copy_Manipulation.dll,,,\Program Files\Windows Mail\SetMACE_SI_MACE_Copy_Manipulation.dll|SetMACE_SI_MACE_Copy_Manipulation.dll,1754633240.0,Basic_Info_Changed / File_Closed,0x001F0000000037E6,0x000100000000009C,usnjrnl_only,False,,,,,,,,,False,FALSE,FALSE,FALSE,,FALSE,,FALSE,True,False,False,True,37,False,2,1736,374,0,False,True,True,True,True,3,,1,3,0,0,0,0,1,0.5040175646664964,MEDIUM,Timestomped
12/31/23 1:21,12/31/23 1:21,,,waasmedic.20231230_172013_025.etl,\Windows\Logs\waasmedic\waasmedic.20231230_172013_025.etl,,,\Windows\Logs\waasmedic\waasmedic.20231230_172013_025.etl|waasmedic.20231230_172013_025.etl,1754633736.0,File_Created / Basic_Info_Changed / Data_Added / Data_Overwritten / Content_Indexed_Attr_Changed / File_Closed,0x000600000000BF7D,0x000100000001A208,usnjrnl_only,False,,,,,,,,,False,FALSE,FALSE,FALSE,,FALSE,,FALSE,False,False,False,True,33,False,4,1736,374,3,False,True,True,True,True,4,,1,3,0,0,0,0,0,0.1293089642268974,LOW,Benign
12/31/23 1:21,12/31/23 1:21,,,Drive 3CC14E18 Clusters.dir,\Users\blueangel\AppData\Local\Temp\Drive 3CC14E18 Clusters.dir,,,\Users\blueangel\AppData\Local\Temp\Drive 3CC14E18 Clusters.dir|Drive 3CC14E18 Clusters.dir,1754637120.0,File_Created / Basic_Info_Changed / Content_Indexed_Attr_Changed,0x001D0000000006AF,0x000100000001A2E5,usnjrnl_only,False,,,,,,,,,False,FALSE,FALSE,FALSE,,FALSE,,FALSE,False,False,False,False,27,False,156,1736,374,7,False,True,True,False,False,6,,1,2,0,0,0,0,0,0.03972605574962982,LOW,Benign
12/31/23 1:21,12/31/23 1:21,,,Drive 3CC14E18 Clusters.dir,\Users\blueangel\AppData\Local\Temp\Drive 3CC14E18 Clusters.dir,,,\Users\blueangel\AppData\Local\Temp\Drive 3CC14E18 Clusters.dir|Drive 3CC14E18 Clusters.dir,1754637240.0,File_Created / Basic_Info_Changed / Compression_Changed / Content_Indexed_Attr_Changed,0x001D0000000006AF,0x000100000001A2E5,usnjrnl_only,False,,,,,,,,,False,FALSE,FALSE,FALSE,,FALSE,,FALSE,False,False,False,False,27,False,156,1736,374,0,False,True,True,False,False,6,,1,2,0,0,0,0,0,0.03972605574962982,LOW,Benign
12/31/23 1:21,12/31/23 1:21,,,Drive 3CC14E18 Clusters.dir,\Users\blueangel\AppData\Local\Temp\Drive 3CC14E18 Clusters.dir,,,\Users\blueangel\AppData\Local\Temp\Drive 3CC14E18 Clusters.dir|Drive 3CC14E18 Clusters.dir,1754637360.0,File_Created / Basic_Info_Changed / Compression_Changed / Data_Added / Content_Indexed_Attr_Changed,0x001D0000000006AF,0x000100000001A2E5,usnjrnl_only,False,,,,,,,,,False,FALSE,FALSE,FALSE,,FALSE,,FALSE,False,False,False,False,27,False,156,1736,374,0,False,True,True,False,False,6,,1,2,0,0,0,0,0,0.03972605574962982,LOW,Benign
12/31/23 1:21,12/31/23 1:21,,,Drive 3CC14E18 Clusters.dir,\Users\blueangel\AppData\Local\Temp\Drive 3CC14E18 Clusters.dir,,,\Users\blueangel\AppData\Local\Temp\Drive 3CC14E18 Clusters.dir|Drive 3CC14E18 Clusters.dir,1754637480.0,File_Created / Basic_Info_Changed / Compression_Changed / Data_Added / Data_Overwritten / Content_Indexed_Attr_Changed,0x001D0000000006AF,0x000100000001A2E5,usnjrnl_only,False,,,,,,,,,False,FALSE,FALSE,FALSE,,FALSE,,FALSE,False,False,False,False,27,False,156,1736,374,0,False,True,True,False,False,6,,1,2,0,0,0,0,0,0.03972605574962982,LOW,Benign
12/31/23 1:21,12/31/23 1:21,,,Drive 3CC14E18 Files 2.dir,\Users\blueangel\AppData\Local\Temp\Drive 3CC14E18 Files 2.dir,,,\Users\blueangel\AppData\Local\Temp\Drive 3CC14E18 Files 2.dir|Drive 3CC14E18 Files 2.dir,1754637712.0,File_Created / Basic_Info_Changed / Content_Indexed_Attr_Changed,0x000700000000AA7F,0x000100000001A2E5,usnjrnl_only,False,,,,,,,,,False,FALSE,FALSE,FALSE,,FALSE,,FALSE,False,False,False,False,26,False,144,1736,374,0,False,True,True,False,False,6,,1,2,0,0,0,0,0,0.03972605574962982,LOW,Benign
12/31/23 1:21,12/31/23 1:21,,,Drive 3CC14E18 Files 2.dir,\Users\blueangel\AppData\Local\Temp\Drive 3CC14E18 Files 2.dir,,,\Users\blueangel\AppData\Local\Temp\Drive 3CC14E18 Files 2.dir|Drive 3CC14E18 Files 2.dir,1754637824.0,File_Created / Basic_Info_Changed / Data_Added / Content_Indexed_Attr_Changed,0x000700000000AA7F,0x000100000001A2E5,usnjrnl_only,False,,,,,,,,,False,FALSE,FALSE,FALSE,,FALSE,,FALSE,False,False,False,False,26,False,144,1736,374,0,False,True,True,False,False,6,,1,2,0,0,0,0,0,0.03972605574962982,LOW,Benign
12/31/23 1:21,12/31/23 1:21,,,Drive 3CC14E18 Files 3.dir,\Users\blueangel\AppData\Local\Temp\Drive 3CC14E18 Files 3.dir,,,\Users\blueangel\AppData\Local\Temp\Drive 3CC14E18 Files 3.dir|Drive 3CC14E18 Files 3.dir,1754638048.0,File_Created / Basic_Info_Changed / Content_Indexed_Attr_Changed,0x000F00000000BAA5,0x000100000001A2E5,usnjrnl_only,False,,,,,,,,,False,FALSE,FALSE,FALSE,,FALSE,,FALSE,False,False,False,False,26,False,144,1736,374,0,False,True,True,False,False,6,,1,2,0,0,0,0,0,0.03972605574962982,LOW,Benign
12/31/23 1:21,12/31/23 1:21,,,Drive 3CC14E18 Files 3.dir,\Users\blueangel\AppData\Local\Temp\Drive 3CC14E18 Files 3.dir,,,\Users\blueangel\AppData\Local\Temp\Drive 3CC14E18 Files 3.dir|Drive 3CC14E18 Files 3.dir,1754638160.0,File_Created / Basic_Info_Changed / Data_Added / Content_Indexed_Attr_Changed,0x000F00000000BAA5,0x000100000001A2E5,usnjrnl_only,False,,,,,,,,,False,FALSE,FALSE,FALSE,,FALSE,,FALSE,False,False,False,False,26,False,144,1736,374,0,False,True,True,False,False,6,,1,2,0,0,0,0,0,0.03972605574962982,LOW,Benign
12/31/23 1:21,12/31/23 1:21,,,Drive 3CC14E18 Files 2.dir,\Users\blueangel\AppData\Local\Temp\Drive 3CC14E18 Files 2.dir,,,\Users\blueangel\AppData\Local\Temp\Drive 3CC14E18 Files 2.dir|Drive 3CC14E18 Files 2.dir,1754638272.0,File_Created / Basic_Info_Changed / Data_Added / Data_Overwritten / Content_Indexed_Attr_Changed,0x000700000000AA7F,0x000100000001A2E5,usnjrnl_only,False,,,,,,,,,False,FALSE,FALSE,FALSE,,FALSE,,FALSE,False,False,False,False,26,False,144,1736,374,0,False,True,True,False,False,6,,1,2,0,0,0,0,0,0.03972605574962982,LOW,Benign
12/31/23 1:21,12/31/23 1:21,,,Drive 3CC14E18 Files 3.dir,\Users\blueangel\AppData\Local\Temp\Drive 3CC14E18 Files 3.dir,,,\Users\blueangel\AppData\Local\Temp\Drive 3CC14E18 Files 3.dir|Drive 3CC14E18 Files 3.dir,1754638384.0,File_Created / Basic_Info_Changed / Data_Added / Data_Overwritten / Content_Indexed_Attr_Changed,0x000F00000000BAA5,0x000100000001A2E5,usnjrnl_only,False,,,,,,,,,False,FALSE,FALSE,FALSE,,FALSE,,FALSE,False,False,False,False,26,False,144,1736,374,0,False,True,True,False,False,6,,1,2,0,0,0,0,0,0.03972605574962982,LOW,Benign
12/31/23 1:21,12/31/23 1:21,,,Drive 3CC14E18 Files.dir,\Users\blueangel\AppData\Local\Temp\Drive 3CC14E18 Files.dir,,,\Users\blueangel\AppData\Local\Temp\Drive 3CC14E18 Files.dir|Drive 3CC14E18 Files.dir,1754650288.0,File_Created / Basic_Info_Changed / Content_Indexed_Attr_Changed,0x000600000000CC86,0x000100000001A2E5,usnjrnl_only,False,,,,,,,,,False,FALSE,FALSE,FALSE,,FALSE,,FALSE,False,False,False,False,24,False,162,1736,374,39,False,True,True,False,False,6,,1,1,0,0,0,0,0,0.03972605574962982,LOW,Benign
12/31/23 1:21,12/31/23 1:21,,,Drive 3CC14E18 Files.dir,\Users\blueangel\AppData\Local\Temp\Drive 3CC14E18 Files.dir,,,\Users\blueangel\AppData\Local\Temp\Drive 3CC14E18 Files.dir|Drive 3CC14E18 Files.dir,1754650400.0,File_Created / Basic_Info_Changed / Data_Added / Content_Indexed_Attr_Changed,0x000600000000CC86,0x000100000001A2E5,usnjrnl_only,False,,,,,,,,,False,FALSE,FALSE,FALSE,,FALSE,,FALSE,False,False,False,False,24,False,162,1736,374,0,False,True,True,False,False,6,,1,1,0,0,0,0,0,0.03972605574962982,LOW,Benign
12/31/23 1:21,12/31/23 1:21,,,Drive 3CC14E18 Files.dir,\Users\blueangel\AppData\Local\Temp\Drive 3CC14E18 Files.dir,,,\Users\blueangel\AppData\Local\Temp\Drive 3CC14E18 Files.dir|Drive 3CC14E18 Files.dir,1754650512.0,File_Created / Basic_Info_Changed / Data_Added / Content_Indexed_Attr_Changed / File_Closed,0x000600000000CC86,0x000100000001A2E5,usnjrnl_only,False,,,,,,,,,False,FALSE,FALSE,FALSE,,FALSE,,FALSE,False,False,False,True,24,False,162,1736,374,0,False,True,True,True,True,6,,1,2,0,0,0,0,0,0.029793523456145294,LOW,Benign
12/31/23 1:21,12/31/23 1:21,,,Drive 3CC14E18 Files 2.dir,\Users\blueangel\AppData\Local\Temp\Drive 3CC14E18 Files 2.dir,,,\Users\blueangel\AppData\Local\Temp\Drive 3CC14E18 Files 2.dir|Drive 3CC14E18 Files 2.dir,1754650960.0,File_Created / Basic_Info_Changed / Data_Added / Data_Overwritten / Content_Indexed_Attr_Changed / File_Closed,0x000700000000AA7F,0x000100000001A2E5,usnjrnl_only,False,,,,,,,,,False,FALSE,FALSE,FALSE,,FALSE,,FALSE,False,False,False,True,26,False,144,1736,374,0,False,True,True,True,True,6,,1,2,0,0,0,0,0,0.029793523456145294,LOW,Benign
12/31/23 1:21,12/31/23 1:21,,,Drive 3CC14E18 Files 3.dir,\Users\blueangel\AppData\Local\Temp\Drive 3CC14E18 Files 3.dir,,,\Users\blueangel\AppData\Local\Temp\Drive 3CC14E18 Files 3.dir|Drive 3CC14E18 Files 3.dir,1754651072.0,File_Created / Basic_Info_Changed / Data_Added / Data_Overwritten / Content_Indexed_Attr_Changed / File_Closed,0x000F00000000BAA5,0x000100000001A2E5,usnjrnl_only,False,,,,,,,,,False,FALSE,FALSE,FALSE,,FALSE,,FALSE,False,False,False,True,26,False,144,1736,374,0,False,True,True,True,True,6,,1,2,0,0,0,0,0,0.029793523456145294,LOW,Benign
12/31/23 1:21,12/31/23 1:21,,,Drive 3CC14E18 Clusters.dir,\Users\blueangel\AppData\Local\Temp\Drive 3CC14E18 Clusters.dir,,,\Users\blueangel\AppData\Local\Temp\Drive 3CC14E18 Clusters.dir|Drive 3CC14E18 Clusters.dir,1754651184.0,File_Created / Basic_Info_Changed / Compression_Changed / Data_Added / Data_Overwritten / Content_Indexed_Attr_Changed / File_Closed,0x001D0000000006AF,0x000100000001A2E5,usnjrnl_only,False,,,,,,,,,False,FALSE,FALSE,FALSE,,FALSE,,FALSE,False,False,False,True,27,False,156,1736,374,0,False,True,True,True,True,6,,1,2,0,0,0,0,0,0.029793523456145294,LOW,Benign
12/31/23 1:22,12/31/23 1:22,,,MoUsoCoreWorker.0b6df319-8522-4754-abfa-93cc7e378546.1.etl,\ProgramData\USOShared\Logs\System\MoUsoCoreWorker.0b6df319-8522-4754-abfa-93cc7e378546.1.etl,,,\ProgramData\USOShared\Logs\System\MoUsoCoreWorker.0b6df319-8522-4754-abfa-93cc7e378546.1.etl|MoUsoCoreWorker.0b6df319-8522-4754-abfa-93cc7e378546.1.etl,1754652816.0,File_Created / Basic_Info_Changed / Data_Added / Data_Overwritten,0x0228000000008106,0x0001000000000624,usnjrnl_only,False,,,,,,,,,False,FALSE,FALSE,FALSE,,FALSE,,FALSE,False,False,False,False,58,False,4,1736,374,2,False,True,True,False,False,5,,1,1,0,0,0,0,0,0.050647530444153245,LOW,Benign
12/31/23 1:22,12/31/23 1:22,,,MoUsoCoreWorker.0b6df319-8522-4754-abfa-93cc7e378546.1.etl,\ProgramData\USOShared\Logs\System\MoUsoCoreWorker.0b6df319-8522-4754-abfa-93cc7e378546.1.etl,,,\ProgramData\USOShared\Logs\System\MoUsoCoreWorker.0b6df319-8522-4754-abfa-93cc7e378546.1.etl|MoUsoCoreWorker.0b6df319-8522-4754-abfa-93cc7e378546.1.etl,1754652992.0,File_Created / Basic_Info_Changed / Data_Added / Data_Overwritten / File_Closed,0x0228000000008106,0x0001000000000624,usnjrnl_only,False,,,,,,,,,False,FALSE,FALSE,FALSE,,FALSE,,FALSE,False,False,False,True,58,False,4,1736,374,0,False,True,True,True,True,5,,1,2,0,0,0,0,0,0.05993489381800124,LOW,Benign
12/31/23 1:22,12/31/23 1:22,,,WuProvider.6d2b7236-5ca3-4ebe-a136-7bb24fcf0d4f.1.etl,\ProgramData\USOShared\Logs\System\WuProvider.6d2b7236-5ca3-4ebe-a136-7bb24fcf0d4f.1.etl,,,\ProgramData\USOShared\Logs\System\WuProvider.6d2b7236-5ca3-4ebe-a136-7bb24fcf0d4f.1.etl|WuProvider.6d2b7236-5ca3-4ebe-a136-7bb24fcf0d4f.1.etl,1754653168.0,File_Created / Basic_Info_Changed / Data_Added / Data_Overwritten,0x001C00000000BEC7,0x0001000000000624,usnjrnl_only,False,,,,,,,,,False,FALSE,FALSE,FALSE,,FALSE,,FALSE,False,False,False,False,53,False,4,1736,374,0,False,True,True,False,False,5,,1,1,0,0,0,0,0,0.050647530444153245,LOW,Benign
12/31/23 1:22,12/31/23 1:22,,,WuProvider.6d2b7236-5ca3-4ebe-a136-7bb24fcf0d4f.1.etl,\ProgramData\USOShared\Logs\System\WuProvider.6d2b7236-5ca3-4ebe-a136-7bb24fcf0d4f.1.etl,,,\ProgramData\USOShared\Logs\System\WuProvider.6d2b7236-5ca3-4ebe-a136-7bb24fcf0d4f.1.etl|WuProvider.6d2b7236-5ca3-4ebe-a136-7bb24fcf0d4f.1.etl,1754653336.0,File_Created / Basic_Info_Changed / Data_Added / Data_Overwritten / File_Closed,0x001C00000000BEC7,0x0001000000000624,usnjrnl_only,False,,,,,,,,,False,FALSE,FALSE,FALSE,,FALSE,,FALSE,False,False,False,True,53,False,4,1736,374,0,False,True,True,True,True,5,,1,2,0,0,0,0,0,0.05993489381800124,LOW,Benign
12/31/23 1:22,12/31/23 1:22,,,DRIVERS,\Windows\System32\config\DRIVERS,,,\Windows\System32\config\DRIVERS|DRIVERS,1754658432.0,Basic_Info_Changed,0x000100000000C94C,0x0001000000000E5D,usnjrnl_only,False,,,,,,,,,False,FALSE,FALSE,FALSE,,FALSE,,FALSE,False,False,False,True,7,False,257,1736,374,30,False,True,True,False,False,4,,1,1,0,0,0,0,0,0.03972605574962982,LOW,Benign
12/31/23 1:22,12/31/23 1:22,,,DRIVERS,\Windows\System32\config\DRIVERS,,,\Windows\System32\config\DRIVERS|DRIVERS,1754658512.0,Basic_Info_Changed / File_Closed,0x000100000000C94C,0x0001000000000E5D,usnjrnl_only,False,,,,,,,,,False,FALSE,FALSE,FALSE,,FALSE,,FALSE,False,False,False,True,7,False,257,1736,374,1,False,True,True,True,True,4,,1,2,0,0,0,0,0,0.03945239888163113,LOW,Benign
12/31/23 1:22,12/31/23 1:22,,,$LogFile,\Users\blueangel\Desktop\Tools\$LogFile,,,\Users\blueangel\Desktop\Tools\$LogFile|$LogFile,1754658832.0,Basic_Info_Changed,0x000600000000CC96,0x0018000000055D52,usnjrnl_only,False,,,,,,,,,False,FALSE,FALSE,FALSE,,FALSE,,FALSE,False,True,True,False,8,False,64,1736,374,3,False,True,True,False,False,5,,1,1,0,0,0,0,0,0.03972605574962982,LOW,Benign
12/31/23 1:22,12/31/23 1:22,,,$LogFile,\Users\blueangel\Desktop\Tools\$LogFile,,,\Users\blueangel\Desktop\Tools\$LogFile|$LogFile,1754658912.0,Basic_Info_Changed / File_Closed,0x000600000000CC96,0x0018000000055D52,usnjrnl_only,False,,,,,,,,,False,FALSE,FALSE,FALSE,,FALSE,,FALSE,False,True,True,False,8,False,64,1736,374,0,False,True,True,True,True,5,,1,2,0,0,0,0,0,0.029793523456145294,LOW,Benign
,,10587891084.0,Time Reversal Event,WimProvider.dll,,0x3410,6.0,|WimProvider.dll,,,,,logfile_only,False,,,12/31/23 1:20,12/25/23 16:21,,,12/31/23 1:20,12/25/23 16:33,False,FALSE,FALSE,TRUE,,FALSE,5.365868055555556,TRUE,True,False,False,False,15,False,322,1736,0,999999,True,False,False,False,False,0,,2,1,0,0,0,0,0,0.2391376329707487,LOW,Benign
