case_id,is_timestomped_lf,timestomp_tool_executed_lf,is_timestomped_usn,timestomp_tool_executed_usn,is_timestomped,timestomp_tool_executed,eventtime_dt,label_source_both,label_source_logfile,label_source_usnjrnl,label_source_nan,prediction,confidence,risk_level
6,,,0.0,0.0,0.0,0.0,2023-12-28 17:22:18,False,False,False,True,0.0,0.00015768084111753358,LOW
6,,,0.0,0.0,0.0,0.0,2023-12-28 13:24:47,False,False,False,True,0.0,3.0139949879913706e-05,LOW
6,,,0.0,0.0,0.0,0.0,2023-12-28 09:23:11,False,False,False,True,0.0,7.933915444064827e-05,LOW
6,,,0.0,0.0,0.0,0.0,2023-12-28 15:10:17,False,False,False,True,0.0,0.00014057766562085855,LOW
6,,,0.0,0.0,0.0,0.0,2023-12-27 08:42:07,False,False,False,True,0.0,3.0139949879913706e-05,LOW
6,,,0.0,0.0,0.0,0.0,2023-12-27 16:23:10,False,False,False,True,0.0,0.0001299571344049493,LOW
6,,,0.0,0.0,0.0,0.0,2023-12-28 02:15:42,False,False,False,True,0.0,0.00014929971949135807,LOW
6,,,0.0,0.0,0.0,0.0,2023-12-28 01:15:57,False,False,False,True,0.0,0.0002391110107360706,LOW
6,,,0.0,0.0,0.0,0.0,2023-12-28 08:51:17,False,False,False,True,0.0,6.506475917909724e-05,LOW
6,,,0.0,0.0,0.0,0.0,2023-12-27 06:41:17,False,False,False,True,0.0,0.00017226044671019494,LOW
6,,,0.0,0.0,0.0,0.0,2023-12-27 10:00:32,False,False,False,True,0.0,7.916599852211542e-05,LOW
6,,,0.0,0.0,0.0,0.0,2023-12-28 09:21:56,False,False,False,True,0.0,0.00019943648418163008,LOW
6,,,0.0,0.0,0.0,0.0,2023-12-27 15:35:06,False,False,False,True,0.0,3.0139949879913706e-05,LOW
6,,,0.0,0.0,0.0,0.0,2023-12-28 14:39:10,False,False,False,True,0.0,3.0139949879913706e-05,LOW
6,,,0.0,0.0,0.0,0.0,2023-12-27 07:54:16,False,False,False,True,0.0,8.790666643516506e-05,LOW
6,,,0.0,0.0,0.0,0.0,2023-12-28 07:45:10,False,False,False,True,0.0,3.0139949879913706e-05,LOW
6,,,0.0,0.0,0.0,0.0,2023-12-28 10:36:17,False,False,False,True,0.0,3.0139949879913706e-05,LOW
6,,,0.0,0.0,0.0,0.0,2023-12-27 14:23:34,False,False,False,True,0.0,0.0016115534528089892,LOW
6,0.0,0.0,,,0.0,0.0,2022-12-16 17:15:40,False,False,False,True,0.0,0.000811941761688735,LOW
6,,,0.0,0.0,0.0,0.0,2023-12-28 12:21:38,False,False,False,True,0.0,3.0139949879913706e-05,LOW
6,0.0,0.0,,,0.0,0.0,2023-12-31 00:36:31,False,False,False,True,0.0,0.000568516239445892,LOW
6,,,0.0,0.0,0.0,0.0,2023-12-27 19:04:09,False,False,False,True,0.0,3.753451253192207e-05,LOW
6,,,0.0,0.0,0.0,0.0,2023-12-27 08:37:45,False,False,False,True,0.0,8.608940587476259e-05,LOW
6,,,0.0,0.0,0.0,0.0,2023-12-27 13:37:46,False,False,False,True,0.0,0.00015016990231191642,LOW
6,,,0.0,0.0,0.0,0.0,2023-12-28 20:13:36,False,False,False,True,0.0,9.143094930537852e-05,LOW
6,,,0.0,0.0,0.0,0.0,2023-12-28 05:57:12,False,False,False,True,0.0,0.00043024333318356827,LOW
6,,,0.0,0.0,0.0,0.0,2023-12-28 09:21:15,False,False,False,True,0.0,0.0001508903651409057,LOW
6,,,0.0,0.0,0.0,0.0,2023-12-27 03:22:45,False,False,False,True,0.0,0.00017226044671019494,LOW
6,,,0.0,0.0,0.0,0.0,2023-12-28 05:56:02,False,False,False,True,0.0,7.283614524450449e-05,LOW
6,,,0.0,0.0,0.0,0.0,2023-12-28 19:08:05,False,False,False,True,0.0,3.753451253192207e-05,LOW
6,,,0.0,0.0,0.0,0.0,2023-12-27 05:56:50,False,False,False,True,0.0,7.283614524450449e-05,LOW
6,,,0.0,0.0,0.0,0.0,2023-12-27 08:54:19,False,False,False,True,0.0,8.790666643516506e-05,LOW
6,0.0,0.0,,,0.0,0.0,2023-12-31 00:36:36,False,False,False,True,0.0,0.0009596429000616304,LOW
6,,,0.0,0.0,0.0,0.0,2023-12-27 05:32:22,False,False,False,True,0.0,7.283614524450449e-05,LOW
6,0.0,0.0,,,0.0,0.0,2023-12-31 00:36:44,False,False,False,True,0.0,0.0002910829519795677,LOW
6,0.0,0.0,,,0.0,0.0,2023-12-31 00:36:36,False,False,False,True,0.0,0.0007103820938169967,LOW
6,,,0.0,0.0,0.0,0.0,2023-12-27 06:52:24,False,False,False,True,0.0,7.283614524450449e-05,LOW
6,,,0.0,0.0,0.0,0.0,2023-12-28 21:22:18,False,False,False,True,0.0,0.0006789795824406396,LOW
6,0.0,0.0,,,0.0,0.0,2023-12-31 00:42:03,False,False,False,True,0.0,0.0007083691060197286,LOW
6,,,0.0,0.0,0.0,0.0,2023-12-27 11:14:16,False,False,False,True,0.0,8.790666643516506e-05,LOW
6,0.0,0.0,,,0.0,0.0,2002-02-01 17:02:02,False,False,False,True,0.0,0.05340488273798155,LOW
6,,,0.0,0.0,0.0,0.0,2023-12-28 10:36:29,False,False,False,True,0.0,8.320051832327168e-05,LOW
6,,,0.0,0.0,0.0,0.0,2023-12-27 08:26:39,False,False,False,True,0.0,3.0139949879913706e-05,LOW
6,,,0.0,0.0,0.0,0.0,2023-12-28 09:51:13,False,False,False,True,0.0,0.0007617970196527441,LOW
6,,,0.0,0.0,0.0,0.0,2023-12-28 15:22:25,False,False,False,True,0.0,7.831442974410716e-05,LOW
6,,,0.0,0.0,0.0,0.0,2023-12-28 08:23:00,False,False,False,True,0.0,0.0003977779642853765,LOW
6,,,0.0,0.0,0.0,0.0,2023-12-27 15:34:59,False,False,False,True,0.0,3.0139949879913706e-05,LOW
6,,,0.0,0.0,0.0,0.0,2023-12-27 05:11:59,False,False,False,True,0.0,7.283614524450449e-05,LOW
6,,,0.0,0.0,0.0,0.0,2023-12-28 03:01:01,False,False,False,True,0.0,0.00011630447699680458,LOW
6,,,0.0,0.0,0.0,0.0,2023-12-28 19:28:14,False,False,False,True,0.0,0.00010307620521782884,LOW
6,,,0.0,0.0,0.0,0.0,2023-12-27 08:41:37,False,False,False,True,0.0,3.0139949879913706e-05,LOW
6,,,0.0,0.0,0.0,0.0,2023-12-27 12:17:48,False,False,False,True,0.0,3.0139949879913706e-05,LOW
6,,,0.0,0.0,0.0,0.0,2023-12-28 13:24:16,False,False,False,True,0.0,3.0139949879913706e-05,LOW
6,,,0.0,0.0,0.0,0.0,2023-12-28 03:38:30,False,False,False,True,0.0,7.283614524450449e-05,LOW
6,,,0.0,0.0,0.0,0.0,2023-12-27 13:40:13,False,False,False,True,0.0,3.295091030301866e-05,LOW
6,,,0.0,0.0,0.0,0.0,2023-12-27 20:24:56,False,False,False,True,0.0,3.753451253192207e-05,LOW
6,0.0,0.0,,,0.0,0.0,2022-12-16 17:28:49,False,False,False,True,0.0,0.0005860324917892921,LOW
6,,,0.0,0.0,0.0,0.0,2023-12-27 21:52:47,False,False,False,True,0.0,0.0016275155274555145,LOW
6,0.0,0.0,,,0.0,0.0,2019-12-07 22:54:23,False,False,False,True,0.0,0.0013457087475273605,LOW
6,,,0.0,0.0,0.0,0.0,2023-12-27 06:39:43,False,False,False,True,0.0,0.009353098212176617,LOW
6,0.0,0.0,,,0.0,0.0,2023-12-31 00:42:03,False,False,False,True,0.0,0.0007103820938169967,LOW
6,,,0.0,0.0,0.0,0.0,2023-12-28 21:10:57,False,False,False,True,0.0,3.753451253192207e-05,LOW
6,,,0.0,0.0,0.0,0.0,2023-12-28 20:27:03,False,False,False,True,0.0,3.753451253192207e-05,LOW
6,,,0.0,0.0,0.0,0.0,2023-12-28 01:55:33,False,False,False,True,0.0,7.283614524450449e-05,LOW
6,,,0.0,0.0,0.0,0.0,2023-12-27 19:34:35,False,False,False,True,0.0,8.673371709265663e-05,LOW
6,,,0.0,0.0,0.0,0.0,2023-12-27 23:09:59,False,False,False,True,0.0,8.640697866422331e-05,LOW
6,0.0,0.0,,,0.0,0.0,2019-12-07 17:08:58,False,False,False,True,0.0,0.0013678068756014339,LOW
6,,,0.0,0.0,0.0,0.0,2023-12-27 05:55:01,False,False,False,True,0.0,7.283614524450449e-05,LOW
6,,,0.0,0.0,0.0,0.0,2023-12-28 20:38:00,False,False,False,True,0.0,3.753451253192207e-05,LOW
6,,,0.0,0.0,0.0,0.0,2023-12-31 00:36:29,False,False,False,True,0.0,0.018426060636490015,LOW
6,0.0,0.0,,,0.0,0.0,2023-12-31 00:42:03,False,False,False,True,0.0,0.005868116570386444,LOW
6,,,0.0,0.0,0.0,0.0,2023-12-31 00:36:33,False,False,False,True,0.0,0.016232136773733936,LOW
6,,,0.0,0.0,0.0,0.0,2023-12-27 03:57:39,False,False,False,True,0.0,7.283614524450449e-05,LOW
6,,,0.0,0.0,0.0,0.0,2023-12-27 19:49:47,False,False,False,True,0.0,3.753451253192207e-05,LOW
6,,,0.0,0.0,0.0,0.0,2023-12-28 03:45:45,False,False,False,True,0.0,0.00016607011924505487,LOW
6,,,0.0,0.0,0.0,0.0,2023-12-28 10:02:14,False,False,False,True,0.0,0.00015768084111753358,LOW
6,,,0.0,0.0,0.0,0.0,2023-12-28 12:02:25,False,False,False,True,0.0,0.0016201209648035063,LOW
6,,,0.0,0.0,0.0,0.0,2023-12-27 07:37:07,False,False,False,True,0.0,3.0139949879913706e-05,LOW
6,,,0.0,0.0,0.0,0.0,2023-12-27 18:53:48,False,False,False,True,0.0,3.753451253192207e-05,LOW
6,,,0.0,0.0,0.0,0.0,2023-12-28 14:21:14,False,False,False,True,0.0,0.00013852464639946608,LOW
6,,,0.0,0.0,0.0,0.0,2023-12-27 10:39:31,False,False,False,True,0.0,0.0010144541603720283,LOW
6,,,0.0,0.0,0.0,0.0,2023-12-28 20:49:31,False,False,False,True,0.0,3.753451253192207e-05,LOW
6,,,0.0,0.0,0.0,0.0,2023-12-27 11:37:30,False,False,False,True,0.0,3.0139949879913706e-05,LOW
6,,,0.0,0.0,0.0,0.0,2023-12-28 08:12:37,False,False,False,True,0.0,3.0139949879913706e-05,LOW
6,0.0,0.0,,,0.0,0.0,2023-12-31 00:36:56,False,False,False,True,0.0,0.0017233274529635794,LOW
6,,,0.0,0.0,0.0,0.0,2023-12-27 03:51:34,False,False,False,True,0.0,7.283614524450449e-05,LOW
6,,,0.0,0.0,0.0,0.0,2023-12-28 11:29:09,False,False,False,True,0.0,0.0009216833537626995,LOW
6,,,0.0,0.0,0.0,0.0,2023-12-27 07:52:32,False,False,False,True,0.0,3.0139949879913706e-05,LOW
6,,,0.0,0.0,0.0,0.0,2023-12-28 08:16:34,False,False,False,True,0.0,3.0139949879913706e-05,LOW
6,,,0.0,0.0,0.0,0.0,2023-12-27 03:33:09,False,False,False,True,0.0,0.00013632481870901877,LOW
6,,,0.0,0.0,0.0,0.0,2023-12-27 12:17:51,False,False,False,True,0.0,9.568164256582048e-05,LOW
6,,,0.0,0.0,0.0,0.0,2023-12-27 22:42:15,False,False,False,True,0.0,0.00028087670155047396,LOW
6,,,0.0,0.0,0.0,0.0,2023-12-28 16:21:04,False,False,False,True,0.0,3.0139949879913706e-05,LOW
6,0.0,0.0,,,0.0,0.0,2023-12-25 17:19:57,False,False,False,True,0.0,0.0008084267925056306,LOW
6,0.0,0.0,,,0.0,0.0,2023-12-25 16:12:07,False,False,False,True,0.0,0.0009290985484248299,LOW
6,,,0.0,0.0,0.0,0.0,2023-12-27 03:35:21,False,False,False,True,0.0,7.283614524450449e-05,LOW
6,,,0.0,0.0,0.0,0.0,2023-12-27 21:34:45,False,False,False,True,0.0,0.00014797222827286693,LOW
6,,,0.0,0.0,0.0,0.0,2023-12-27 12:53:21,False,False,False,True,0.0,5.6497247184580446e-05,LOW
6,,,0.0,0.0,0.0,0.0,2023-12-28 10:13:01,False,False,False,True,0.0,0.0004113285866583332,LOW
6,,,0.0,0.0,0.0,0.0,2023-12-28 19:49:59,False,False,False,True,0.0,8.673371709265663e-05,LOW
6,,,0.0,0.0,0.0,0.0,2023-12-28 06:33:27,False,False,False,True,0.0,7.283614524450449e-05,LOW
6,,,0.0,0.0,0.0,0.0,2023-12-27 23:38:00,False,False,False,True,0.0,0.00025575113488264745,LOW
6,,,0.0,0.0,0.0,0.0,2023-12-28 18:51:14,False,False,False,True,0.0,9.059508097528004e-05,LOW
6,0.0,0.0,,,0.0,0.0,2023-12-31 00:42:06,False,False,False,True,0.0,0.0006127481647081874,LOW
6,,,0.0,0.0,0.0,0.0,2023-12-27 08:24:33,False,False,False,True,0.0,3.0139949879913706e-05,LOW
6,,,0.0,0.0,0.0,0.0,2023-12-28 17:00:12,False,False,False,True,0.0,7.933915444064827e-05,LOW
6,,,0.0,0.0,0.0,0.0,2023-12-27 15:49:30,False,False,False,True,0.0,7.933915444064827e-05,LOW
6,0.0,0.0,0.0,0.0,0.0,0.0,2023-12-28 22:12:25,False,False,False,True,0.0,0.12066184708894094,LOW
6,,,0.0,0.0,0.0,0.0,2023-12-28 16:57:18,False,False,False,True,0.0,3.0139949879913706e-05,LOW
6,0.0,0.0,,,0.0,0.0,2023-12-28 22:23:19,False,False,False,True,0.0,0.0008745253127468089,LOW
6,,,0.0,0.0,0.0,0.0,2023-12-28 03:00:46,False,False,False,True,0.0,7.283614524450449e-05,LOW
6,,,0.0,0.0,0.0,0.0,2023-12-28 09:52:30,False,False,False,True,0.0,0.004198773594213113,LOW
6,,,0.0,0.0,0.0,0.0,2023-12-27 06:47:01,False,False,False,True,0.0,7.283614524450449e-05,LOW
6,,,0.0,0.0,0.0,0.0,2023-12-27 22:23:10,False,False,False,True,0.0,0.00010382788081897491,LOW
6,,,0.0,0.0,0.0,0.0,2023-12-27 05:10:41,False,False,False,True,0.0,7.283614524450449e-05,LOW
6,0.0,0.0,,,0.0,0.0,2023-12-19 16:38:24,False,False,False,True,0.0,0.0007794628100869167,LOW
6,,,0.0,0.0,0.0,0.0,2023-12-27 16:53:35,False,False,False,True,0.0,3.0139949879913706e-05,LOW
6,,,0.0,0.0,0.0,0.0,2023-12-28 13:09:52,False,False,False,True,0.0,8.036744896549962e-05,LOW
6,,,0.0,0.0,0.0,0.0,2023-12-27 19:52:47,False,False,False,True,0.0,0.00014326608016097353,LOW
6,,,0.0,0.0,0.0,0.0,2023-12-28 21:18:27,False,False,False,True,0.0,3.753451253192207e-05,LOW
6,,,0.0,0.0,0.0,0.0,2023-12-28 06:30:45,False,False,False,True,0.0,0.00046860577314749256,LOW
6,,,0.0,0.0,0.0,0.0,2023-12-27 13:57:54,False,False,False,True,0.0,3.0139949879913706e-05,LOW
6,,,0.0,0.0,0.0,0.0,2023-12-28 09:51:13,False,False,False,True,0.0,0.00014057766562085855,LOW
6,,,0.0,0.0,0.0,0.0,2023-12-27 11:38:40,False,False,False,True,0.0,8.24079824594103e-05,LOW
6,,,0.0,0.0,0.0,0.0,2023-12-27 21:43:00,False,False,False,True,0.0,0.0001953515590496672,LOW
6,,,0.0,0.0,0.0,0.0,2023-12-28 09:22:31,False,False,False,True,0.0,0.00039661654526611674,LOW
6,0.0,0.0,,,0.0,0.0,2023-12-31 00:42:06,False,False,False,True,0.0,0.0006620747785162296,LOW
6,0.0,0.0,,,0.0,0.0,2023-12-31 00:36:53,False,False,False,True,0.0,0.00040984707688279193,LOW
6,,,0.0,0.0,0.0,0.0,2023-12-28 14:32:25,False,False,False,True,0.0,7.933915444064827e-05,LOW
6,,,0.0,0.0,0.0,0.0,2023-12-28 15:08:09,False,False,False,True,0.0,3.0139949879913706e-05,LOW
6,0.0,0.0,,,0.0,0.0,2023-12-31 00:42:06,False,False,False,True,0.0,0.0006147611525054554,LOW
6,0.0,0.0,,,0.0,0.0,2022-12-16 17:28:54,False,False,False,True,0.0,0.0005315442320431962,LOW
6,,,0.0,0.0,0.0,0.0,2023-12-27 17:28:09,False,False,False,True,0.0,3.0139949879913706e-05,LOW
6,,,0.0,0.0,0.0,0.0,2023-12-28 08:24:52,False,False,False,True,0.0,3.0139949879913706e-05,LOW
6,,,0.0,0.0,0.0,0.0,2023-12-28 13:02:14,False,False,False,True,0.0,0.00015768084111753358,LOW
6,,,0.0,0.0,0.0,0.0,2023-12-28 09:51:13,False,False,False,True,0.0,0.0007527018212454432,LOW
6,,,0.0,0.0,0.0,0.0,2023-12-28 02:43:28,False,False,False,True,0.0,7.283614524450449e-05,LOW
6,,,0.0,0.0,0.0,0.0,2023-12-27 20:03:11,False,False,False,True,0.0,0.00010102318599643639,LOW
6,0.0,0.0,,,0.0,0.0,2022-12-18 22:45:51,False,False,False,True,0.0,0.00047745091471942773,LOW
6,,,0.0,0.0,0.0,0.0,2023-12-27 15:11:01,False,False,False,True,0.0,3.0139949879913706e-05,LOW
6,,,0.0,0.0,0.0,0.0,2023-12-27 21:24:34,False,False,False,True,0.0,7.245932183110562e-05,LOW
6,,,0.0,0.0,0.0,0.0,2023-12-27 06:01:27,False,False,False,True,0.0,7.283614524450449e-05,LOW
6,,,0.0,0.0,0.0,0.0,2023-12-27 02:49:55,False,False,False,True,0.0,7.283614524450449e-05,LOW
6,,,0.0,0.0,0.0,0.0,2023-12-28 18:08:52,False,False,False,True,0.0,3.753451253192207e-05,LOW
6,,,0.0,0.0,0.0,0.0,2023-12-27 03:40:17,False,False,False,True,0.0,0.00030257101642064887,LOW
6,,,0.0,0.0,0.0,0.0,2023-12-27 19:09:04,False,False,False,True,0.0,0.00013469856816645674,LOW
6,,,0.0,0.0,0.0,0.0,2023-12-27 15:45:29,False,False,False,True,0.0,8.403638665337012e-05,LOW
6,,,0.0,0.0,0.0,0.0,2023-12-28 12:11:25,False,False,False,True,0.0,3.0139949879913706e-05,LOW
6,,,0.0,0.0,0.0,0.0,2023-12-27 03:55:37,False,False,False,True,0.0,7.283614524450449e-05,LOW
6,0.0,0.0,,,0.0,0.0,2023-12-28 22:16:01,False,False,False,True,0.0,0.000796314377626418,LOW
6,0.0,0.0,,,0.0,0.0,2023-12-31 00:39:30,False,False,False,True,0.0,0.0003198518173440013,LOW
6,,,0.0,0.0,0.0,0.0,2023-12-27 04:07:50,False,False,False,True,0.0,7.283614524450449e-05,LOW
6,,,0.0,0.0,0.0,0.0,2023-12-27 03:43:25,False,False,False,True,0.0,7.283614524450449e-05,LOW
6,,,0.0,0.0,0.0,0.0,2023-12-27 03:25:22,False,False,False,True,0.0,7.283614524450449e-05,LOW
6,,,0.0,0.0,0.0,0.0,2023-12-28 06:04:57,False,False,False,True,0.0,9.02570473992561e-05,LOW
6,0.0,0.0,,,0.0,0.0,2022-09-08 11:00:26,False,False,False,True,0.0,0.0008339510698330127,LOW
6,0.0,0.0,,,0.0,0.0,2023-12-25 17:41:27,False,False,False,True,0.0,0.0008084267925056306,LOW
6,,,0.0,0.0,0.0,0.0,2023-12-27 18:17:07,False,False,False,True,0.0,3.753451253192207e-05,LOW
6,,,0.0,0.0,0.0,0.0,2023-12-27 06:24:15,False,False,False,True,0.0,0.0001306028617997558,LOW
6,,,0.0,0.0,0.0,0.0,2023-12-27 08:24:18,False,False,False,True,0.0,8.790666643516506e-05,LOW
6,,,0.0,0.0,0.0,0.0,2023-12-28 14:40:38,False,False,False,True,0.0,3.0139949879913706e-05,LOW
6,,,0.0,0.0,0.0,0.0,2023-12-27 12:02:25,False,False,False,True,0.0,7.933915444064827e-05,LOW
6,,,0.0,0.0,0.0,0.0,2023-12-27 17:55:28,False,False,False,True,0.0,3.0139949879913706e-05,LOW
6,,,0.0,0.0,0.0,0.0,2023-12-27 14:37:00,False,False,False,True,0.0,3.0139949879913706e-05,LOW
6,,,0.0,0.0,0.0,0.0,2023-12-28 12:10:55,False,False,False,True,0.0,3.0139949879913706e-05,LOW
6,0.0,0.0,,,0.0,0.0,2019-12-07 22:54:22,False,False,False,True,0.0,0.0013457087475273605,LOW
6,,,0.0,0.0,0.0,0.0,2023-12-27 05:24:28,False,False,False,True,0.0,0.008045978406821303,LOW
6,,,0.0,0.0,0.0,0.0,2023-12-27 18:44:28,False,False,False,True,0.0,0.000181965460138182,LOW
6,,,0.0,0.0,0.0,0.0,2023-12-27 03:01:39,False,False,False,True,0.0,7.283614524450449e-05,LOW
6,,,0.0,0.0,0.0,0.0,2023-12-28 22:22:23,False,False,False,True,0.0,0.0002678633759697979,LOW
6,0.0,0.0,,,0.0,0.0,2023-12-25 16:20:30,False,False,False,True,0.0,0.0011297192507965456,LOW
6,,,0.0,0.0,0.0,0.0,2023-12-28 16:42:25,False,False,False,True,0.0,3.0139949879913706e-05,LOW
6,,,0.0,0.0,0.0,0.0,2023-12-27 08:41:44,False,False,False,True,0.0,4.75608520346653e-05,LOW
6,0.0,0.0,,,0.0,0.0,2023-12-31 00:42:03,False,False,False,True,0.0,0.0007456169231353962,LOW
6,,,0.0,0.0,0.0,0.0,2023-12-27 16:32:24,False,False,False,True,0.0,0.00013715301064141935,LOW
6,,,0.0,0.0,0.0,0.0,2023-12-27 11:53:47,False,False,False,True,0.0,3.0139949879913706e-05,LOW
6,,,0.0,0.0,0.0,0.0,2023-12-28 17:35:47,False,False,False,True,0.0,7.933915444064827e-05,LOW
6,,,0.0,0.0,0.0,0.0,2023-12-27 03:49:54,False,False,False,True,0.0,7.283614524450449e-05,LOW
6,,,0.0,0.0,0.0,0.0,2023-12-28 04:07:32,False,False,False,True,0.0,7.283614524450449e-05,LOW
6,,,0.0,0.0,0.0,0.0,2023-12-27 19:04:45,False,False,False,True,0.0,0.0005308957684987144,LOW
6,,,0.0,0.0,0.0,0.0,2023-12-28 15:15:26,False,False,False,True,0.0,7.933915444064827e-05,LOW
6,,,0.0,0.0,0.0,0.0,2023-12-27 12:07:46,False,False,False,True,0.0,8.403638665337012e-05,LOW
6,,,0.0,0.0,0.0,0.0,2023-12-28 19:05:33,False,False,False,True,0.0,3.753451253192207e-05,LOW
6,,,0.0,0.0,0.0,0.0,2023-12-27 10:09:17,False,False,False,True,0.0,8.403638665337012e-05,LOW
6,,,0.0,0.0,0.0,0.0,2023-12-28 01:06:23,False,False,False,True,0.0,0.00014543835560873466,LOW
6,,,0.0,0.0,0.0,0.0,2023-12-27 07:03:05,False,False,False,True,0.0,6.506475917909724e-05,LOW
6,,,0.0,0.0,0.0,0.0,2023-12-28 19:27:59,False,False,False,True,0.0,3.753451253192207e-05,LOW
6,,,0.0,0.0,0.0,0.0,2023-12-27 23:04:15,False,False,False,True,0.0,8.640697866422331e-05,LOW
6,,,0.0,0.0,0.0,0.0,2023-12-28 16:23:00,False,False,False,True,0.0,0.0003906957536753436,LOW
6,,,0.0,0.0,0.0,0.0,2023-12-28 09:23:47,False,False,False,True,0.0,0.0019367168464417372,LOW
6,,,0.0,0.0,0.0,0.0,2023-12-27 22:52:10,False,False,False,True,0.0,8.640697866422331e-05,LOW
6,,,0.0,0.0,0.0,0.0,2023-12-31 00:42:06,False,False,False,True,0.0,0.024911480453062435,LOW
6,,,0.0,0.0,0.0,0.0,2023-12-28 04:47:07,False,False,False,True,0.0,0.0001258967136878624,LOW
6,,,0.0,0.0,0.0,0.0,2023-12-28 09:59:03,False,False,False,True,0.0,8.608940587476259e-05,LOW
6,,,0.0,0.0,0.0,0.0,2023-12-28 09:51:13,False,False,False,True,0.0,8.790666643516506e-05,LOW
6,,,0.0,0.0,0.0,0.0,2023-12-27 06:20:30,False,False,False,True,0.0,7.283614524450449e-05,LOW
6,,,0.0,0.0,0.0,0.0,2023-12-27 07:14:03,False,False,False,True,0.0,3.0139949879913706e-05,LOW
6,,,0.0,0.0,0.0,0.0,2023-12-27 18:13:36,False,False,False,True,0.0,3.753451253192207e-05,LOW
6,,,0.0,0.0,0.0,0.0,2023-12-28 17:16:02,False,False,False,True,0.0,3.0139949879913706e-05,LOW
6,,,0.0,0.0,0.0,0.0,2023-12-28 19:51:14,False,False,False,True,0.0,9.143094930537852e-05,LOW
6,,,0.0,0.0,0.0,0.0,2023-12-28 13:21:14,False,False,False,True,0.0,0.00019626269517478132,LOW
6,,,0.0,0.0,0.0,0.0,2023-12-28 12:32:23,False,False,False,True,0.0,7.933915444064827e-05,LOW
6,,,0.0,0.0,0.0,0.0,2023-12-28 03:52:20,False,False,False,True,0.0,7.283614524450449e-05,LOW
6,,,0.0,0.0,0.0,0.0,2023-12-28 10:38:03,False,False,False,True,0.0,0.00013587151750896515,LOW
6,,,0.0,0.0,0.0,0.0,2023-12-28 09:51:13,False,False,False,True,0.0,8.036744896549962e-05,LOW
6,,,0.0,0.0,0.0,0.0,2023-12-28 21:35:33,False,False,False,True,0.0,3.753451253192207e-05,LOW
6,,,0.0,0.0,0.0,0.0,2023-12-27 11:52:46,False,False,False,True,0.0,9.568164256582048e-05,LOW
6,,,0.0,0.0,0.0,0.0,2023-12-27 09:58:47,False,False,False,True,0.0,3.0139949879913706e-05,LOW
6,,,0.0,0.0,0.0,0.0,2023-12-28 12:28:14,False,False,False,True,0.0,0.00013852464639946608,LOW
6,,,0.0,0.0,0.0,0.0,2023-12-27 13:29:48,False,False,False,True,0.0,3.0139949879913706e-05,LOW
6,,,0.0,0.0,0.0,0.0,2023-12-27 07:31:04,False,False,False,True,0.0,8.534794612040772e-05,LOW
6,,,0.0,0.0,0.0,0.0,2023-12-27 07:08:30,False,False,False,True,0.0,7.546887465885332e-05,LOW
6,,,0.0,0.0,0.0,0.0,2023-12-28 21:52:04,False,False,False,True,0.0,3.753451253192207e-05,LOW
6,,,0.0,0.0,0.0,0.0,2023-12-27 18:19:37,False,False,False,True,0.0,3.753451253192207e-05,LOW
6,,,0.0,0.0,0.0,0.0,2023-12-27 11:03:14,False,False,False,True,0.0,7.546887465885332e-05,LOW
6,,,0.0,0.0,0.0,0.0,2023-12-27 22:21:42,False,False,False,True,0.0,0.00044366447405201214,LOW
6,,,0.0,0.0,0.0,0.0,2023-12-28 05:30:26,False,False,False,True,0.0,7.283614524450449e-05,LOW
6,0.0,0.0,,,0.0,0.0,2023-12-25 16:11:54,False,False,False,True,0.0,0.0009290985484248299,LOW
6,,,0.0,0.0,0.0,0.0,2023-12-27 23:13:12,False,False,False,True,0.0,0.00013515186936651036,LOW
6,,,0.0,0.0,0.0,0.0,2023-12-28 09:45:04,False,False,False,True,0.0,7.933915444064827e-05,LOW
6,0.0,0.0,,,0.0,0.0,2022-12-18 23:04:52,False,False,False,True,0.0,0.0004229626549733318,LOW
6,,,0.0,0.0,0.0,0.0,2023-12-28 21:14:10,False,False,False,True,0.0,8.049133175674999e-05,LOW
6,,,0.0,0.0,0.0,0.0,2023-12-27 09:33:08,False,False,False,True,0.0,9.362862334442803e-05,LOW
6,,,0.0,0.0,0.0,0.0,2023-12-27 09:50:42,False,False,False,True,0.0,3.0139949879913706e-05,LOW
6,,,0.0,0.0,0.0,0.0,2023-12-27 08:45:07,False,False,False,True,0.0,3.0139949879913706e-05,LOW
6,,,0.0,0.0,0.0,0.0,2023-12-27 08:14:06,False,False,False,True,0.0,3.0139949879913706e-05,LOW
6,,,0.0,0.0,0.0,0.0,2023-12-27 06:40:27,False,False,False,True,0.0,0.00022192173967247475,LOW
6,,,0.0,0.0,0.0,0.0,2023-12-27 22:36:23,False,False,False,True,0.0,8.640697866422331e-05,LOW
6,,,0.0,0.0,0.0,0.0,2023-12-28 16:56:03,False,False,False,True,0.0,0.00019626269517478132,LOW
6,,,0.0,0.0,0.0,0.0,2023-12-28 09:51:13,False,False,False,True,0.0,0.0007527018212454432,LOW
6,,,0.0,0.0,0.0,0.0,2023-12-27 05:48:26,False,False,False,True,0.0,7.283614524450449e-05,LOW
6,,,0.0,0.0,0.0,0.0,2023-12-28 20:23:29,False,False,False,True,0.0,3.753451253192207e-05,LOW
6,,,0.0,0.0,0.0,0.0,2023-12-27 22:40:59,False,False,False,True,0.0,0.00020552981907354266,LOW
6,,,0.0,0.0,0.0,0.0,2023-12-28 09:51:13,False,False,False,True,0.0,0.0007570908715408507,LOW
6,,,0.0,0.0,0.0,0.0,2023-12-27 10:40:28,False,False,False,True,0.0,0.0090973876400077,LOW
6,,,0.0,0.0,0.0,0.0,2023-12-28 05:34:09,False,False,False,True,0.0,7.283614524450449e-05,LOW
6,,,0.0,0.0,0.0,0.0,2023-12-27 14:36:28,False,False,False,True,0.0,0.00013852464639946608,LOW
6,,,0.0,0.0,0.0,0.0,2023-12-27 23:16:29,False,False,False,True,0.0,8.640697866422331e-05,LOW
6,,,0.0,0.0,0.0,0.0,2023-12-27 04:14:15,False,False,False,True,0.0,0.0001306028617997558,LOW
6,0.0,0.0,,,0.0,0.0,2022-12-18 23:36:48,False,False,False,True,0.0,0.0002575328640346022,LOW
6,,,0.0,0.0,0.0,0.0,2023-12-27 18:37:46,False,False,False,True,0.0,9.143094930537852e-05,LOW
6,,,0.0,0.0,0.0,0.0,2023-12-27 11:42:24,False,False,False,True,0.0,7.933915444064827e-05,LOW
6,,,0.0,0.0,0.0,0.0,2023-12-27 13:57:27,False,False,False,True,0.0,3.0139949879913706e-05,LOW
6,,,0.0,0.0,0.0,0.0,2023-12-28 17:20:38,False,False,False,True,0.0,3.0139949879913706e-05,LOW
6,,,0.0,0.0,0.0,0.0,2023-12-28 11:43:07,False,False,False,True,0.0,6.035861106720386e-05,LOW
6,,,0.0,0.0,0.0,0.0,2023-12-27 03:39:31,False,False,False,True,0.0,0.000602087586213348,LOW
6,,,0.0,0.0,0.0,0.0,2023-12-27 18:13:10,False,False,False,True,0.0,0.0006486612398433682,LOW
6,,,0.0,0.0,0.0,0.0,2023-12-28 18:58:53,False,False,False,True,0.0,9.348396852677098e-05,LOW
6,,,0.0,0.0,0.0,0.0,2023-12-28 04:11:39,False,False,False,True,0.0,0.00012203534980523903,LOW
6,,,0.0,0.0,0.0,0.0,2023-12-27 17:55:48,False,False,False,True,0.0,0.0003977779642853765,LOW
6,,,0.0,0.0,0.0,0.0,2023-12-28 09:21:47,False,False,False,True,0.0,8.403638665337012e-05,LOW
6,,,0.0,0.0,0.0,0.0,2023-12-28 08:16:06,False,False,False,True,0.0,9.362862334442803e-05,LOW
6,0.0,0.0,,,0.0,0.0,2023-12-31 00:36:46,False,False,False,True,0.0,0.00040984707688279193,LOW
6,,,0.0,0.0,0.0,0.0,2023-12-28 07:30:43,False,False,False,True,0.0,7.916599852211542e-05,LOW
6,,,0.0,0.0,0.0,0.0,2023-12-27 23:10:59,False,False,False,True,0.0,8.640697866422331e-05,LOW
6,,,0.0,0.0,0.0,0.0,2023-12-28 01:46:05,False,False,False,True,0.0,0.00016369293471567815,LOW
6,0.0,0.0,,,0.0,0.0,2023-12-31 00:36:28,False,False,False,True,0.0,0.005294990672952047,LOW
6,0.0,0.0,,,0.0,0.0,2023-12-25 16:18:55,False,False,False,True,0.0,0.0011297192507965456,LOW
6,,,0.0,0.0,0.0,0.0,2023-12-27 13:13:47,False,False,False,True,0.0,3.0139949879913706e-05,LOW
6,,,0.0,0.0,0.0,0.0,2023-12-28 06:24:35,False,False,False,True,0.0,7.283614524450449e-05,LOW
6,,,0.0,0.0,0.0,0.0,2023-12-27 10:07:38,False,False,False,True,0.0,3.0139949879913706e-05,LOW
6,,,0.0,0.0,0.0,0.0,2023-12-27 13:44:30,False,False,False,True,0.0,3.0139949879913706e-05,LOW
6,,,0.0,0.0,0.0,0.0,2023-12-28 13:25:00,False,False,False,True,0.0,0.00021648250753193726,LOW
6,,,0.0,0.0,0.0,0.0,2023-12-27 15:12:33,False,False,False,True,0.0,8.036744896549962e-05,LOW
6,,,0.0,0.0,0.0,0.0,2023-12-27 03:11:04,False,False,False,True,0.0,0.0001481005992148066,LOW
6,,,0.0,0.0,0.0,0.0,2023-12-27 15:12:57,False,False,False,True,0.0,3.0139949879913706e-05,LOW
6,,,0.0,0.0,0.0,0.0,2023-12-27 10:56:24,False,False,False,True,0.0,3.0139949879913706e-05,LOW
6,,,0.0,0.0,0.0,0.0,2023-12-27 04:22:45,False,False,False,True,0.0,0.00016607011924505487,LOW
6,0.0,0.0,,,0.0,0.0,2023-12-28 19:02:25,False,False,False,True,0.0,0.005732782692951816,LOW
6,,,0.0,0.0,0.0,0.0,2023-12-27 16:22:46,False,False,False,True,0.0,8.036744896549962e-05,LOW
6,0.0,0.0,,,0.0,0.0,2023-12-31 00:36:44,False,False,False,True,0.0,0.0006147611525054554,LOW
6,0.0,0.0,,,0.0,0.0,2023-12-25 16:19:17,False,False,False,True,0.0,0.0008790146120205469,LOW
6,,,0.0,0.0,0.0,0.0,2023-12-28 07:57:44,False,False,False,True,0.0,7.933915444064827e-05,LOW
6,0.0,0.0,,,0.0,0.0,2023-12-31 00:36:49,False,False,False,True,0.0,0.00041064324847275716,LOW
6,0.0,0.0,,,0.0,0.0,2023-12-31 00:42:03,False,False,False,True,0.0,0.0007456169231353962,LOW
6,,,0.0,0.0,0.0,0.0,2023-12-28 20:47:22,False,False,False,True,0.0,3.753451253192207e-05,LOW
6,,,0.0,0.0,0.0,0.0,2023-12-27 13:43:23,False,False,False,True,0.0,3.0139949879913706e-05,LOW
6,,,0.0,0.0,0.0,0.0,2023-12-27 09:11:35,False,False,False,True,0.0,3.0139949879913706e-05,LOW
6,,,0.0,0.0,0.0,0.0,2023-12-27 05:46:16,False,False,False,True,0.0,0.00017226044671019494,LOW
6,,,0.0,0.0,0.0,0.0,2023-12-27 02:52:45,False,False,False,True,0.0,0.00014543835560873466,LOW
6,,,0.0,0.0,0.0,0.0,2023-12-27 06:26:55,False,False,False,True,0.0,7.283614524450449e-05,LOW
6,,,0.0,0.0,0.0,0.0,2023-12-27 03:19:20,False,False,False,True,0.0,7.283614524450449e-05,LOW
6,,,0.0,0.0,0.0,0.0,2023-12-27 08:42:50,False,False,False,True,0.0,8.608940587476259e-05,LOW
6,,,0.0,0.0,0.0,0.0,2023-12-27 04:04:24,False,False,False,True,0.0,7.283614524450449e-05,LOW
6,,,0.0,0.0,0.0,0.0,2023-12-27 12:29:35,False,False,False,True,0.0,3.0139949879913706e-05,LOW
6,,,0.0,0.0,0.0,0.0,2023-12-28 12:29:09,False,False,False,True,0.0,8.403638665337012e-05,LOW
6,,,0.0,0.0,0.0,0.0,2023-12-28 09:22:28,False,False,False,True,0.0,0.00213836239157604,LOW
6,0.0,0.0,0.0,0.0,0.0,0.0,2023-12-28 22:34:00,False,False,False,True,0.0,0.06858166234552651,LOW
6,,,0.0,0.0,0.0,0.0,2023-12-28 11:44:01,False,False,False,True,0.0,7.933915444064827e-05,LOW
6,,,0.0,0.0,0.0,0.0,2023-12-27 17:38:39,False,False,False,True,0.0,3.0139949879913706e-05,LOW
6,,,0.0,0.0,0.0,0.0,2023-12-27 16:30:42,False,False,False,True,0.0,3.0139949879913706e-05,LOW
6,0.0,0.0,,,0.0,0.0,2023-12-28 22:07:24,False,False,False,True,0.0,0.0005658616878933484,LOW
6,,,0.0,0.0,0.0,0.0,2023-12-27 05:25:41,False,False,False,True,0.0,7.283614524450449e-05,LOW
6,,,0.0,0.0,0.0,0.0,2023-12-28 01:34:12,False,False,False,True,0.0,7.283614524450449e-05,LOW
6,0.0,0.0,,,0.0,0.0,2023-12-31 00:36:53,False,False,False,True,0.0,0.0014361811117603396,LOW
6,,,0.0,0.0,0.0,0.0,2023-12-28 22:08:24,False,False,False,True,0.0,8.640697866422331e-05,LOW
6,0.0,0.0,,,0.0,0.0,2023-12-28 22:26:31,False,False,False,True,0.0,0.000796314377626418,LOW
6,,,0.0,0.0,0.0,0.0,2023-12-28 14:08:16,False,False,False,True,0.0,0.007382822628232748,LOW
6,,,0.0,0.0,0.0,0.0,2023-12-27 12:28:25,False,False,False,True,0.0,7.933915444064827e-05,LOW
6,,,0.0,0.0,0.0,0.0,2023-12-28 17:31:27,False,False,False,True,0.0,3.0139949879913706e-05,LOW
6,,,0.0,0.0,0.0,0.0,2023-12-27 04:10:08,False,False,False,True,0.0,7.564710566760943e-05,LOW
6,,,0.0,0.0,0.0,0.0,2023-12-27 15:52:46,False,False,False,True,0.0,0.0016201209648035063,LOW
6,,,0.0,0.0,0.0,0.0,2023-12-28 12:53:48,False,False,False,True,0.0,6.506475917909724e-05,LOW
6,0.0,0.0,0.0,0.0,0.0,0.0,2023-12-28 22:34:24,False,False,False,True,0.0,0.02504825282979068,LOW
6,,,0.0,0.0,0.0,0.0,2023-12-28 06:44:55,False,False,False,True,0.0,7.283614524450449e-05,LOW
6,,,0.0,0.0,0.0,0.0,2023-12-27 04:36:19,False,False,False,True,0.0,7.283614524450449e-05,LOW
6,,,0.0,0.0,0.0,0.0,2023-12-27 07:22:45,False,False,False,True,0.0,0.0016154148166916127,LOW
6,,,0.0,0.0,0.0,0.0,2023-12-28 07:56:52,False,False,False,True,0.0,3.0139949879913706e-05,LOW
6,0.0,0.0,,,0.0,0.0,2023-12-25 17:38:57,False,False,False,True,0.0,0.0008084267925056306,LOW
6,0.0,0.0,,,0.0,0.0,2019-12-07 23:03:07,False,False,False,True,0.0,0.0006858166036248528,LOW
6,,,0.0,0.0,0.0,0.0,2023-12-28 02:16:45,False,False,False,True,0.0,7.283614524450449e-05,LOW
6,,,0.0,0.0,0.0,0.0,2023-12-27 10:52:49,False,False,False,True,0.0,0.0016115534528089892,LOW
6,0.0,0.0,,,0.0,0.0,2023-12-31 00:42:03,False,False,False,True,0.0,0.0007083691060197286,LOW
6,,,0.0,0.0,0.0,0.0,2023-12-27 09:13:05,False,False,False,True,0.0,3.0139949879913706e-05,LOW
6,,,0.0,0.0,0.0,0.0,2023-12-27 18:02:30,False,False,False,True,0.0,3.753451253192207e-05,LOW
6,0.0,0.0,,,0.0,0.0,2023-12-25 16:45:38,False,False,False,True,0.0,0.0008084267925056306,LOW
6,,,0.0,0.0,0.0,0.0,2023-12-28 16:06:14,False,False,False,True,0.0,0.00013587151750896515,LOW
6,,,0.0,0.0,0.0,0.0,2023-12-28 02:02:44,False,False,False,True,0.0,7.283614524450449e-05,LOW
6,,,0.0,0.0,0.0,0.0,2023-12-28 04:30:45,False,False,False,True,0.0,0.00024289066309379228,LOW
6,,,0.0,0.0,0.0,0.0,2023-12-28 11:03:58,False,False,False,True,0.0,3.0139949879913706e-05,LOW
6,,,0.0,0.0,0.0,0.0,2023-12-28 21:21:15,False,False,False,True,0.0,7.245932183110562e-05,LOW
6,,,0.0,0.0,0.0,0.0,2023-12-27 21:19:46,False,False,False,True,0.0,3.753451253192207e-05,LOW
6,,,0.0,0.0,0.0,0.0,2023-12-28 09:43:51,False,False,False,True,0.0,3.0139949879913706e-05,LOW
6,,,0.0,0.0,0.0,0.0,2023-12-27 15:58:30,False,False,False,True,0.0,3.0139949879913706e-05,LOW
6,,,0.0,0.0,0.0,0.0,2023-12-28 17:21:14,False,False,False,True,0.0,6.506475917909724e-05,LOW
6,,,0.0,0.0,0.0,0.0,2023-12-28 01:33:13,False,False,False,True,0.0,0.0001458887767360284,LOW
6,,,0.0,0.0,0.0,0.0,2023-12-27 15:22:28,False,False,False,True,0.0,3.0139949879913706e-05,LOW
6,,,0.0,0.0,0.0,0.0,2023-12-28 05:26:24,False,False,False,True,0.0,7.283614524450449e-05,LOW
6,,,0.0,0.0,0.0,0.0,2023-12-28 14:17:11,False,False,False,True,0.0,3.0139949879913706e-05,LOW
6,,,0.0,0.0,0.0,0.0,2023-12-28 18:04:13,False,False,False,True,0.0,3.753451253192207e-05,LOW
6,,,0.0,0.0,0.0,0.0,2023-12-28 05:30:43,False,False,False,True,0.0,0.00016930855738965384,LOW
6,,,0.0,0.0,0.0,0.0,2023-12-28 15:17:26,False,False,False,True,0.0,7.933915444064827e-05,LOW
6,,,0.0,0.0,0.0,0.0,2023-12-27 17:39:30,False,False,False,True,0.0,5.61283640291821e-05,LOW
6,0.0,0.0,,,0.0,0.0,2023-12-31 00:44:00,False,False,False,True,0.0,0.0003198518173440013,LOW
6,,,0.0,0.0,0.0,0.0,2023-12-28 10:30:32,False,False,False,True,0.0,8.790666643516506e-05,LOW
6,,,0.0,0.0,0.0,0.0,2023-12-27 21:25:35,False,False,False,True,0.0,3.753451253192207e-05,LOW
6,,,0.0,0.0,0.0,0.0,2023-12-27 15:52:30,False,False,False,True,0.0,7.933915444064827e-05,LOW
6,,,0.0,0.0,0.0,0.0,2023-12-27 16:33:47,False,False,False,True,0.0,0.003681427837299495,LOW
6,,,0.0,0.0,0.0,0.0,2023-12-28 19:57:49,False,False,False,True,0.0,3.753451253192207e-05,LOW
6,,,0.0,0.0,0.0,0.0,2023-12-27 07:43:31,False,False,False,True,0.0,3.0139949879913706e-05,LOW
6,,,0.0,0.0,0.0,0.0,2023-12-27 11:14:42,False,False,False,True,0.0,3.0139949879913706e-05,LOW
6,,,0.0,0.0,0.0,0.0,2023-12-27 04:02:51,False,False,False,True,0.0,7.283614524450449e-05,LOW
6,0.0,0.0,,,0.0,0.0,2023-12-31 00:42:02,False,False,False,True,0.0,0.0007103820938169967,LOW
6,,,0.0,0.0,0.0,0.0,2023-12-28 08:43:14,False,False,False,True,0.0,3.0139949879913706e-05,LOW
6,,,0.0,0.0,0.0,0.0,2023-12-28 17:22:34,False,False,False,True,0.0,0.0001725579096889057,LOW
6,,,0.0,0.0,0.0,0.0,2023-12-28 07:01:31,False,False,False,True,0.0,3.0139949879913706e-05,LOW
6,,,0.0,0.0,0.0,0.0,2023-12-27 04:04:13,False,False,False,True,0.0,0.000252538623059198,LOW
6,,,0.0,0.0,0.0,0.0,2023-12-27 07:28:00,False,False,False,True,0.0,3.0139949879913706e-05,LOW
6,,,0.0,0.0,0.0,0.0,2023-12-27 08:38:26,False,False,False,True,0.0,6.035861106720386e-05,LOW
6,,,0.0,0.0,0.0,0.0,2023-12-27 16:55:38,False,False,False,True,0.0,3.0139949879913706e-05,LOW
6,0.0,0.0,,,0.0,0.0,2023-12-25 17:20:21,False,False,False,True,0.0,0.0008084267925056306,LOW
6,,,0.0,0.0,0.0,0.0,2023-12-27 04:27:00,False,False,False,True,0.0,0.0055597798547515264,LOW
6,,,0.0,0.0,0.0,0.0,2023-12-28 06:31:44,False,False,False,True,0.0,7.283614524450449e-05,LOW
6,,,0.0,0.0,0.0,0.0,2023-12-27 16:54:28,False,False,False,True,0.0,8.790666643516506e-05,LOW
6,,,0.0,0.0,0.0,0.0,2023-12-27 21:01:16,False,False,False,True,0.0,3.753451253192207e-05,LOW
6,,,0.0,0.0,0.0,0.0,2023-12-28 21:11:18,False,False,False,True,0.0,3.753451253192207e-05,LOW
6,,,0.0,0.0,0.0,0.0,2023-12-27 11:15:24,False,False,False,True,0.0,7.933915444064827e-05,LOW
6,,,0.0,0.0,0.0,0.0,2023-12-28 04:36:32,False,False,False,True,0.0,0.008076296749418573,LOW
6,,,0.0,0.0,0.0,0.0,2023-12-27 22:32:20,False,False,False,True,0.0,8.640697866422331e-05,LOW
6,,,0.0,0.0,0.0,0.0,2023-12-28 19:10:38,False,False,False,True,0.0,3.753451253192207e-05,LOW
6,,,0.0,0.0,0.0,0.0,2023-12-28 05:19:23,False,False,False,True,0.0,7.283614524450449e-05,LOW
6,,,0.0,0.0,0.0,0.0,2023-12-27 10:24:46,False,False,False,True,0.0,3.0139949879913706e-05,LOW
6,,,0.0,0.0,0.0,0.0,2023-12-28 17:21:48,False,False,False,True,0.0,0.0004133816058797257,LOW
6,,,0.0,0.0,0.0,0.0,2023-12-28 14:52:41,False,False,False,True,0.0,3.0139949879913706e-05,LOW
6,,,0.0,0.0,0.0,0.0,2023-12-27 21:12:16,False,False,False,True,0.0,3.753451253192207e-05,LOW
6,,,0.0,0.0,0.0,0.0,2023-12-27 07:03:29,False,False,False,True,0.0,0.0033869634732478933,LOW
6,,,0.0,0.0,0.0,0.0,2023-12-27 15:45:44,False,False,False,True,0.0,0.000195467935203276,LOW
6,,,0.0,0.0,0.0,0.0,2023-12-27 10:39:40,False,False,False,True,0.0,3.0139949879913706e-05,LOW
6,,,0.0,0.0,0.0,0.0,2023-12-28 01:05:54,False,False,False,True,0.0,0.00011777218696409897,LOW
6,0.0,0.0,,,0.0,0.0,2023-12-28 21:59:00,False,False,False,True,0.0,0.0019591396646052514,LOW
6,0.0,0.0,,,0.0,0.0,2023-12-25 16:19:51,False,False,False,True,0.0,0.0008790146120205469,LOW
6,,,0.0,0.0,0.0,0.0,2023-12-27 02:58:46,False,False,False,True,0.0,0.00015400586760325145,LOW
6,,,0.0,0.0,0.0,0.0,2023-12-27 22:52:47,False,False,False,True,0.0,0.00018743992869937594,LOW
6,0.0,0.0,,,0.0,0.0,2023-12-28 22:05:53,False,False,False,True,0.0,0.004228774155416357,LOW
6,,,0.0,0.0,0.0,0.0,2023-12-28 11:52:00,False,False,False,True,0.0,8.711413057130368e-05,LOW
6,,,0.0,0.0,0.0,0.0,2023-12-27 12:44:03,False,False,False,True,0.0,8.608940587476259e-05,LOW
6,,,0.0,0.0,0.0,0.0,2023-12-27 05:19:24,False,False,False,True,0.0,7.283614524450449e-05,LOW
6,,,0.0,0.0,0.0,0.0,2023-12-28 09:51:13,False,False,False,True,0.0,0.0016201209648035063,LOW
6,,,0.0,0.0,0.0,0.0,2023-12-27 22:13:11,False,False,False,True,0.0,0.00026987636376706584,LOW
6,,,0.0,0.0,0.0,0.0,2023-12-28 20:51:15,False,False,False,True,0.0,9.837005710593548e-05,LOW
6,,,0.0,0.0,0.0,0.0,2023-12-28 09:22:52,False,False,False,True,0.0,5.721210417400328e-05,LOW
6,,,0.0,0.0,0.0,0.0,2023-12-27 18:32:58,False,False,False,True,0.0,3.753451253192207e-05,LOW
6,,,0.0,0.0,0.0,0.0,2023-12-28 03:34:18,False,False,False,True,0.0,7.283614524450449e-05,LOW
6,,,0.0,0.0,0.0,0.0,2023-12-27 03:01:29,False,False,False,True,0.0,0.0005910108738322357,LOW
6,0.0,0.0,,,0.0,0.0,2023-12-25 17:12:17,False,False,False,True,0.0,0.0008084267925056306,LOW
6,,,0.0,0.0,0.0,0.0,2023-12-28 08:51:19,False,False,False,True,0.0,0.0003678171597912197,LOW
6,,,0.0,0.0,0.0,0.0,2023-12-28 02:04:00,False,False,False,True,0.0,0.0054512717058152116,LOW
6,,,0.0,0.0,0.0,0.0,2023-12-28 14:14:06,False,False,False,True,0.0,3.0139949879913706e-05,LOW
6,,,0.0,0.0,0.0,0.0,2023-12-28 01:23:45,False,False,False,True,0.0,0.00039958945431742125,LOW
6,,,0.0,0.0,0.0,0.0,2023-12-27 18:15:13,False,False,False,True,0.0,0.00011279896650222419,LOW
6,,,0.0,0.0,0.0,0.0,2023-12-27 13:12:49,False,False,False,True,0.0,0.0004076596489704627,LOW
6,0.0,0.0,,,0.0,0.0,2019-12-07 17:14:55,False,False,False,True,0.0,0.0013001191013094486,LOW
6,,,0.0,0.0,0.0,0.0,2023-12-28 06:15:43,False,False,False,True,0.0,0.00016607011924505487,LOW
6,,,0.0,0.0,0.0,0.0,2023-12-27 16:00:42,False,False,False,True,0.0,5.721210417400328e-05,LOW
6,,,0.0,0.0,0.0,0.0,2023-12-27 13:23:21,False,False,False,True,0.0,5.6497247184580446e-05,LOW
6,,,0.0,0.0,0.0,0.0,2023-12-28 17:18:16,False,False,False,True,0.0,3.0139949879913706e-05,LOW
6,,,0.0,0.0,0.0,0.0,2023-12-27 19:45:45,False,False,False,True,0.0,0.00016507540376954196,LOW
6,,,0.0,0.0,0.0,0.0,2023-12-28 19:23:29,False,False,False,True,0.0,9.530122908717343e-05,LOW
6,,,0.0,0.0,0.0,0.0,2023-12-27 06:45:40,False,False,False,True,0.0,7.283614524450449e-05,LOW
6,,,0.0,0.0,0.0,0.0,2023-12-28 15:45:12,False,False,False,True,0.0,3.0139949879913706e-05,LOW
6,,,0.0,0.0,0.0,0.0,2023-12-28 09:22:21,False,False,False,True,0.0,0.0008274546440368423,LOW
6,0.0,0.0,,,0.0,0.0,2023-12-28 22:29:10,False,False,False,True,0.0,0.0018288555129555343,LOW
6,,,0.0,0.0,0.0,0.0,2023-12-27 06:57:16,False,False,False,True,0.0,7.283614524450449e-05,LOW
6,,,0.0,0.0,0.0,0.0,2023-12-28 09:46:08,False,False,False,True,0.0,3.0139949879913706e-05,LOW
6,,,0.0,0.0,0.0,0.0,2023-12-27 02:52:45,False,False,False,True,0.0,0.00014929971949135807,LOW
6,,,0.0,0.0,0.0,0.0,2023-12-28 11:48:33,False,False,False,True,0.0,3.0139949879913706e-05,LOW
6,,,0.0,0.0,0.0,0.0,2023-12-28 05:21:40,False,False,False,True,0.0,0.00012203534980523903,LOW
6,,,0.0,0.0,0.0,0.0,2023-12-28 06:43:28,False,False,False,True,0.0,7.283614524450449e-05,LOW
6,,,0.0,0.0,0.0,0.0,2023-12-28 13:51:14,False,False,False,True,0.0,0.00013852464639946608,LOW
6,,,0.0,0.0,0.0,0.0,2023-12-28 07:30:45,False,False,False,True,0.0,6.504076963769699e-05,LOW
6,,,0.0,0.0,0.0,0.0,2023-12-27 11:00:33,False,False,False,True,0.0,3.0139949879913706e-05,LOW
6,,,0.0,0.0,0.0,0.0,2023-12-27 12:08:42,False,False,False,True,0.0,3.0139949879913706e-05,LOW
6,,,0.0,0.0,0.0,0.0,2023-12-28 05:43:57,False,False,False,True,0.0,0.0004529383705315254,LOW
6,,,0.0,0.0,0.0,0.0,2023-12-27 21:07:47,False,False,False,True,0.0,8.100284428422217e-05,LOW
6,,,0.0,0.0,0.0,0.0,2023-12-27 16:22:20,False,False,False,True,0.0,0.00014160239031739963,LOW
6,,,0.0,0.0,0.0,0.0,2023-12-28 18:40:31,False,False,False,True,0.0,8.673371709265663e-05,LOW
6,,,0.0,0.0,0.0,0.0,2023-12-27 15:20:02,False,False,False,True,0.0,3.0139949879913706e-05,LOW
6,,,0.0,0.0,0.0,0.0,2023-12-27 15:32:24,False,False,False,True,0.0,7.7802917216635e-05,LOW
6,,,0.0,0.0,0.0,0.0,2023-12-28 09:51:13,False,False,False,True,0.0,0.0007617970196527441,LOW
6,,,0.0,0.0,0.0,0.0,2023-12-27 19:13:07,False,False,False,True,0.0,3.753451253192207e-05,LOW
6,0.0,0.0,,,0.0,0.0,2023-12-31 00:42:02,False,False,False,True,0.0,0.0011427722813347344,LOW
6,,,0.0,0.0,0.0,0.0,2023-12-28 15:08:08,False,False,False,True,0.0,3.0139949879913706e-05,LOW
6,,,0.0,0.0,0.0,0.0,2023-12-28 08:50:59,False,False,False,True,0.0,0.0001869766431345031,LOW
6,,,0.0,0.0,0.0,0.0,2023-12-28 14:38:35,False,False,False,True,0.0,3.0139949879913706e-05,LOW
6,,,0.0,0.0,0.0,0.0,2023-12-28 20:22:01,False,False,False,True,0.0,6.389180983658881e-05,LOW
6,,,0.0,0.0,0.0,0.0,2023-12-28 04:43:15,False,False,False,True,0.0,7.283614524450449e-05,LOW
6,0.0,0.0,,,0.0,0.0,2023-12-25 16:19:51,False,False,False,True,0.0,0.0011297192507965456,LOW
6,0.0,0.0,0.0,0.0,0.0,0.0,2023-12-31 00:36:30,False,False,False,True,0.0,0.04279184341608437,LOW
6,,,0.0,0.0,0.0,0.0,2023-12-27 19:15:42,False,False,False,True,0.0,3.753451253192207e-05,LOW
6,,,0.0,0.0,0.0,0.0,2023-12-27 08:11:36,False,False,False,True,0.0,3.0139949879913706e-05,LOW
6,,,0.0,0.0,0.0,0.0,2023-12-27 14:52:46,False,False,False,True,0.0,8.036744896549962e-05,LOW
6,,,0.0,0.0,0.0,0.0,2023-12-27 10:13:58,False,False,False,True,0.0,0.00016901318059627202,LOW
6,,,0.0,0.0,0.0,0.0,2023-12-27 12:54:02,False,False,False,True,0.0,7.752189388024579e-05,LOW
6,0.0,0.0,,,0.0,0.0,2023-12-25 16:11:55,False,False,False,True,0.0,0.0009290985484248299,LOW
6,,,0.0,0.0,0.0,0.0,2023-12-28 09:31:44,False,False,False,True,0.0,0.00039291301291609744,LOW
6,0.0,0.0,,,0.0,0.0,2023-12-31 00:36:36,False,False,False,True,0.0,0.016352681030217434,LOW
6,,,0.0,0.0,0.0,0.0,2023-12-27 08:51:04,False,False,False,True,0.0,0.00014057766562085855,LOW
6,,,0.0,0.0,0.0,0.0,2023-12-27 22:00:30,False,False,False,True,0.0,0.00020552981907354266,LOW
6,,,0.0,0.0,0.0,0.0,2023-12-27 07:54:02,False,False,False,True,0.0,3.0139949879913706e-05,LOW
6,,,0.0,0.0,0.0,0.0,2023-12-28 08:51:11,False,False,False,True,0.0,0.000474342876410763,LOW
6,,,0.0,0.0,0.0,0.0,2023-12-28 14:23:27,False,False,False,True,0.0,0.00019626269517478132,LOW
6,,,0.0,0.0,0.0,0.0,2023-12-27 05:04:50,False,False,False,True,0.0,7.283614524450449e-05,LOW
6,,,0.0,0.0,0.0,0.0,2023-12-28 03:46:07,False,False,False,True,0.0,0.0006828272444968525,LOW
6,,,0.0,0.0,0.0,0.0,2023-12-27 14:09:19,False,False,False,True,0.0,3.0139949879913706e-05,LOW
6,,,0.0,0.0,0.0,0.0,2023-12-27 18:07:46,False,False,False,True,0.0,9.059508097528004e-05,LOW
6,0.0,0.0,,,0.0,0.0,2023-12-19 15:00:14,False,False,False,True,0.0,0.0008374683357491622,LOW
6,,,0.0,0.0,0.0,0.0,2023-12-28 10:22:53,False,False,False,True,0.0,3.0139949879913706e-05,LOW
6,,,0.0,0.0,0.0,0.0,2023-12-28 17:12:16,False,False,False,True,0.0,0.0006715850197886311,LOW
6,,,0.0,0.0,0.0,0.0,2023-12-27 15:30:57,False,False,False,True,0.0,3.0139949879913706e-05,LOW
6,0.0,0.0,,,0.0,0.0,2019-12-07 17:03:48,False,False,False,True,0.0,0.001960011245211956,LOW
6,,,0.0,0.0,0.0,0.0,2023-12-27 06:22:02,False,False,False,True,0.0,7.283614524450449e-05,LOW
6,,,0.0,0.0,0.0,0.0,2023-12-28 19:18:32,False,False,False,True,0.0,8.673371709265663e-05,LOW
6,,,0.0,0.0,0.0,0.0,2023-12-27 02:52:51,False,False,False,True,0.0,0.00165424964817358,LOW
6,,,0.0,0.0,0.0,0.0,2023-12-28 09:24:31,False,False,False,True,0.0,7.885332067615346e-05,LOW
6,,,0.0,0.0,0.0,0.0,2023-12-27 14:08:13,False,False,False,True,0.0,0.00013201015362634174,LOW
6,,,0.0,0.0,0.0,0.0,2023-12-28 19:04:46,False,False,False,True,0.0,0.00022725008884374708,LOW
6,,,0.0,0.0,0.0,0.0,2023-12-28 08:51:17,False,False,False,True,0.0,5.179109907268707e-05,LOW
6,,,0.0,0.0,0.0,0.0,2023-12-28 09:22:12,False,False,False,True,0.0,0.0004758036450138628,LOW
6,,,0.0,0.0,0.0,0.0,2023-12-27 10:39:31,False,False,False,True,0.0,0.00039661654526611674,LOW
6,,,0.0,0.0,0.0,0.0,2023-12-27 09:25:21,False,False,False,True,0.0,7.933915444064827e-05,LOW
6,,,0.0,0.0,0.0,0.0,2023-12-28 15:15:29,False,False,False,True,0.0,7.933915444064827e-05,LOW
6,,,0.0,0.0,0.0,0.0,2023-12-28 02:43:46,False,False,False,True,0.0,7.283614524450449e-05,LOW
6,,,0.0,0.0,0.0,0.0,2023-12-27 21:33:36,False,False,False,True,0.0,0.000396077328530084,LOW
6,,,0.0,0.0,0.0,0.0,2023-12-27 04:52:45,False,False,False,True,0.0,0.001662817160168097,LOW
6,,,0.0,0.0,0.0,0.0,2023-12-27 03:31:13,False,False,False,True,0.0,0.00017226044671019494,LOW
6,,,0.0,0.0,0.0,0.0,2023-12-27 18:03:57,False,False,False,True,0.0,3.753451253192207e-05,LOW
6,,,0.0,0.0,0.0,0.0,2023-12-27 15:01:56,False,False,False,True,0.0,3.0139949879913706e-05,LOW
6,,,0.0,0.0,0.0,0.0,2023-12-27 14:54:16,False,False,False,True,0.0,3.0139949879913706e-05,LOW
6,,,0.0,0.0,0.0,0.0,2023-12-28 17:32:18,False,False,False,True,0.0,0.0006412666771913599,LOW
6,,,0.0,0.0,0.0,0.0,2023-12-27 06:26:58,False,False,False,True,0.0,0.0001280441414849985,LOW
6,,,0.0,0.0,0.0,0.0,2023-12-28 01:30:42,False,False,False,True,0.0,0.00015400586760325145,LOW
6,,,0.0,0.0,0.0,0.0,2023-12-28 07:59:54,False,False,False,True,0.0,3.0139949879913706e-05,LOW
6,,,0.0,0.0,0.0,0.0,2023-12-28 16:54:40,False,False,False,True,0.0,3.0139949879913706e-05,LOW
6,0.0,0.0,,,0.0,0.0,2023-12-25 17:14:36,False,False,False,True,0.0,0.0008084267925056306,LOW
6,,,0.0,0.0,0.0,0.0,2023-12-28 21:08:35,False,False,False,True,0.0,3.753451253192207e-05,LOW
6,,,0.0,0.0,0.0,0.0,2023-12-27 23:40:46,False,False,False,True,0.0,8.640697866422331e-05,LOW
6,,,0.0,0.0,0.0,0.0,2023-12-27 14:47:28,False,False,False,True,0.0,7.933915444064827e-05,LOW
6,,,0.0,0.0,0.0,0.0,2023-12-28 10:28:07,False,False,False,True,0.0,3.0139949879913706e-05,LOW
6,,,0.0,0.0,0.0,0.0,2023-12-27 18:50:14,False,False,False,True,0.0,3.753451253192207e-05,LOW
6,,,0.0,0.0,0.0,0.0,2023-12-28 03:45:55,False,False,False,True,0.0,0.000252538623059198,LOW
6,0.0,0.0,,,0.0,0.0,2023-12-31 00:44:36,False,False,False,True,0.0,0.0026612308362836466,LOW
6,,,0.0,0.0,0.0,0.0,2023-12-27 11:34:46,False,False,False,True,0.0,3.0139949879913706e-05,LOW
6,0.0,0.0,,,0.0,0.0,2023-12-31 00:42:03,False,False,False,True,0.0,0.0007456169231353962,LOW
6,,,0.0,0.0,0.0,0.0,2023-12-27 09:23:02,False,False,False,True,0.0,3.0139949879913706e-05,LOW
6,,,0.0,0.0,0.0,0.0,2023-12-27 14:03:20,False,False,False,True,0.0,3.0139949879913706e-05,LOW
6,,,0.0,0.0,0.0,0.0,2023-12-27 13:43:28,False,False,False,True,0.0,3.0139949879913706e-05,LOW
6,,,0.0,0.0,0.0,0.0,2023-12-27 22:32:19,False,False,False,True,0.0,8.640697866422331e-05,LOW
6,,,0.0,0.0,0.0,0.0,2023-12-27 09:53:09,False,False,False,True,0.0,4.75608520346653e-05,LOW
6,,,0.0,0.0,0.0,0.0,2023-12-28 11:23:36,False,False,False,True,0.0,0.00017457089748617365,LOW
6,,,0.0,0.0,0.0,0.0,2023-12-28 16:13:18,False,False,False,True,0.0,3.0139949879913706e-05,LOW
6,,,0.0,0.0,0.0,0.0,2023-12-28 08:51:17,False,False,False,True,0.0,0.0007135032229678012,LOW
6,,,0.0,0.0,0.0,0.0,2023-12-27 18:59:54,False,False,False,True,0.0,3.753451253192207e-05,LOW
6,,,0.0,0.0,0.0,0.0,2023-12-27 18:23:10,False,False,False,True,0.0,0.00013735169705695767,LOW
6,,,0.0,0.0,0.0,0.0,2023-12-28 19:52:56,False,False,False,True,0.0,7.317417882052844e-05,LOW
6,,,0.0,0.0,0.0,0.0,2023-12-28 10:56:38,False,False,False,True,0.0,3.0139949879913706e-05,LOW
6,,,0.0,0.0,0.0,0.0,2023-12-28 10:22:16,False,False,False,True,0.0,0.0001299571344049493,LOW
6,0.0,0.0,,,0.0,0.0,2023-12-28 22:35:56,False,False,False,True,0.0,0.0005077085929441154,LOW
6,,,0.0,0.0,0.0,0.0,2023-12-27 23:03:20,False,False,False,True,0.0,0.002369190278946171,LOW
6,,,0.0,0.0,0.0,0.0,2023-12-27 20:03:44,False,False,False,True,0.0,8.28634373108617e-05,LOW
6,0.0,0.0,,,0.0,0.0,2023-12-31 00:42:03,False,False,False,True,0.0,0.0007103820938169967,LOW
6,,,0.0,0.0,0.0,0.0,2023-12-27 09:26:36,False,False,False,True,0.0,3.0139949879913706e-05,LOW
6,,,0.0,0.0,0.0,0.0,2023-12-27 22:06:19,False,False,False,True,0.0,0.002369190278946171,LOW
6,,,0.0,0.0,0.0,0.0,2023-12-28 04:45:43,False,False,False,True,0.0,0.00016607011924505487,LOW
6,,,0.0,0.0,0.0,0.0,2023-12-27 11:54:13,False,False,False,True,0.0,0.0001725579096889057,LOW
6,0.0,0.0,,,0.0,0.0,2023-12-28 21:59:15,False,False,False,True,0.0,0.0026367964792207883,LOW
6,0.0,0.0,,,0.0,0.0,2023-12-25 16:11:51,False,False,False,True,0.0,0.0009290985484248299,LOW
6,,,0.0,0.0,0.0,0.0,2023-12-27 11:36:42,False,False,False,True,0.0,3.0139949879913706e-05,LOW
6,0.0,0.0,,,0.0,0.0,2023-12-25 16:22:12,False,False,False,True,0.0,0.0011297192507965456,LOW
6,,,0.0,0.0,0.0,0.0,2023-12-27 05:05:00,False,False,False,True,0.0,0.0004865047342816569,LOW
6,,,0.0,0.0,0.0,0.0,2023-12-27 03:39:32,False,False,False,True,0.0,0.003361363326720781,LOW
6,,,0.0,0.0,0.0,0.0,2023-12-27 19:57:25,False,False,False,True,0.0,3.753451253192207e-05,LOW
6,,,0.0,0.0,0.0,0.0,2023-12-27 18:28:22,False,False,False,True,0.0,3.753451253192207e-05,LOW
6,,,0.0,0.0,0.0,0.0,2023-12-28 07:54:50,False,False,False,True,0.0,3.0139949879913706e-05,LOW
6,,,0.0,0.0,0.0,0.0,2023-12-28 08:48:06,False,False,False,True,0.0,3.0139949879913706e-05,LOW
6,0.0,0.0,,,0.0,0.0,2022-09-08 11:02:19,False,False,False,True,0.0,0.0008339510698330127,LOW
6,,,0.0,0.0,0.0,0.0,2023-12-27 14:37:46,False,False,False,True,0.0,6.506475917909724e-05,LOW
6,,,0.0,0.0,0.0,0.0,2023-12-28 12:06:14,False,False,False,True,0.0,8.13832577628692e-05,LOW
6,,,0.0,0.0,0.0,0.0,2023-12-27 20:11:59,False,False,False,True,0.0,0.00012554910570325043,LOW
6,,,0.0,0.0,0.0,0.0,2023-12-28 16:39:15,False,False,False,True,0.0,3.0139949879913706e-05,LOW
6,,,0.0,0.0,0.0,0.0,2023-12-28 09:23:47,False,False,False,True,0.0,0.0004009004816371768,LOW
6,,,0.0,0.0,0.0,0.0,2023-12-28 20:52:25,False,False,False,True,0.0,0.0016275155274555145,LOW
6,,,0.0,0.0,0.0,0.0,2023-12-27 13:23:22,False,False,False,True,0.0,3.0139949879913706e-05,LOW
6,0.0,0.0,,,0.0,0.0,2023-12-25 16:11:57,False,False,False,True,0.0,0.0009290985484248299,LOW
6,,,0.0,0.0,0.0,0.0,2023-12-28 01:45:42,False,False,False,True,0.0,0.0001603481623357919,LOW
6,,,0.0,0.0,0.0,0.0,2023-12-28 17:37:00,False,False,False,True,0.0,7.179993697098282e-05,LOW
6,,,0.0,0.0,0.0,0.0,2023-12-28 17:52:03,False,False,False,True,0.0,7.933915444064827e-05,LOW
6,,,0.0,0.0,0.0,0.0,2023-12-28 06:51:42,False,False,False,True,0.0,0.00010847581153311085,LOW
6,,,0.0,0.0,0.0,0.0,2023-12-28 10:52:32,False,False,False,True,0.0,0.0001725579096889057,LOW
6,,,0.0,0.0,0.0,0.0,2023-12-28 09:22:27,False,False,False,True,0.0,0.00014911332912301677,LOW
6,,,0.0,0.0,0.0,0.0,2023-12-27 12:32:29,False,False,False,True,0.0,7.7802917216635e-05,LOW
6,,,0.0,0.0,0.0,0.0,2023-12-27 12:35:00,False,False,False,True,0.0,0.00015016990231191642,LOW
6,,,0.0,0.0,0.0,0.0,2023-12-27 17:03:10,False,False,False,True,0.0,0.0006715850197886311,LOW
6,,,0.0,0.0,0.0,0.0,2023-12-28 16:34:16,False,False,False,True,0.0,3.0139949879913706e-05,LOW
6,,,0.0,0.0,0.0,0.0,2023-12-27 16:12:16,False,False,False,True,0.0,0.00013852464639946608,LOW
6,,,0.0,0.0,0.0,0.0,2023-12-28 04:03:06,False,False,False,True,0.0,7.283614524450449e-05,LOW
6,0.0,0.0,,,0.0,0.0,2023-12-31 00:36:49,False,False,False,True,0.0,0.0010498940067538238,LOW
6,0.0,0.0,,,0.0,0.0,2022-12-16 17:28:04,False,False,False,True,0.0,0.0005315442320431962,LOW
6,,,0.0,0.0,0.0,0.0,2023-12-28 14:51:14,False,False,False,True,0.0,0.001752114727218274,LOW
6,,,0.0,0.0,0.0,0.0,2023-12-27 04:25:35,False,False,False,True,0.0,0.0001306028617997558,LOW
6,,,0.0,0.0,0.0,0.0,2023-12-28 06:30:43,False,False,False,True,0.0,0.00022951877404501274,LOW
6,,,0.0,0.0,0.0,0.0,2023-12-27 10:18:15,False,False,False,True,0.0,3.0139949879913706e-05,LOW
6,,,0.0,0.0,0.0,0.0,2023-12-28 02:13:05,False,False,False,True,0.0,0.0009558120371327735,LOW
6,,,0.0,0.0,0.0,0.0,2023-12-27 18:43:08,False,False,False,True,0.0,3.753451253192207e-05,LOW
6,0.0,0.0,,,0.0,0.0,2023-12-25 16:06:33,False,False,False,True,0.0,0.0008781275545948836,LOW
6,,,0.0,0.0,0.0,0.0,2023-12-28 01:37:14,False,False,False,True,0.0,0.00019141664142826242,LOW
6,,,0.0,0.0,0.0,0.0,2023-12-28 19:36:30,False,False,False,True,0.0,8.100284428422217e-05,LOW
6,,,0.0,0.0,0.0,0.0,2023-12-27 17:07:46,False,False,False,True,0.0,0.00014057766562085855,LOW
6,,,0.0,0.0,0.0,0.0,2023-12-28 08:16:02,False,False,False,True,0.0,5.6497247184580446e-05,LOW
6,,,0.0,0.0,0.0,0.0,2023-12-27 08:24:54,False,False,False,True,0.0,0.00015016990231191642,LOW
6,,,0.0,0.0,0.0,0.0,2023-12-28 08:15:56,False,False,False,True,0.0,8.711413057130368e-05,LOW
6,,,0.0,0.0,0.0,0.0,2023-12-27 11:47:59,False,False,False,True,0.0,0.00016901318059627202,LOW
6,0.0,0.0,,,0.0,0.0,2023-12-31 00:36:46,False,False,False,True,0.0,0.000310817550685833,LOW
6,,,0.0,0.0,0.0,0.0,2023-12-27 15:46:20,False,False,False,True,0.0,3.0139949879913706e-05,LOW
6,,,0.0,0.0,0.0,0.0,2023-12-28 20:29:05,False,False,False,True,0.0,3.753451253192207e-05,LOW
6,,,0.0,0.0,0.0,0.0,2023-12-28 02:16:28,False,False,False,True,0.0,7.283614524450449e-05,LOW
6,,,0.0,0.0,0.0,0.0,2023-12-27 10:24:43,False,False,False,True,0.0,3.0139949879913706e-05,LOW
6,,,0.0,0.0,0.0,0.0,2023-12-28 12:22:32,False,False,False,True,0.0,6.974691774959036e-05,LOW
6,,,0.0,0.0,0.0,0.0,2023-12-28 15:22:42,False,False,False,True,0.0,3.0139949879913706e-05,LOW
6,,,0.0,0.0,0.0,0.0,2023-12-27 05:32:18,False,False,False,True,0.0,0.00037259722096311403,LOW
6,,,0.0,0.0,0.0,0.0,2023-12-27 03:37:47,False,False,False,True,0.0,7.283614524450449e-05,LOW
6,0.0,0.0,,,0.0,0.0,2023-12-25 16:20:49,False,False,False,True,0.0,0.0011297192507965456,LOW
6,,,0.0,0.0,0.0,0.0,2023-12-28 21:29:34,False,False,False,True,0.0,8.673371709265663e-05,LOW
6,,,0.0,0.0,0.0,0.0,2023-12-28 11:25:42,False,False,False,True,0.0,7.360828163221378e-05,LOW
6,,,0.0,0.0,0.0,0.0,2023-12-28 03:51:50,False,False,False,True,0.0,7.283614524450449e-05,LOW
6,,,0.0,0.0,0.0,0.0,2023-12-28 07:45:43,False,False,False,True,0.0,8.790666643516506e-05,LOW
6,,,0.0,0.0,0.0,0.0,2023-12-28 03:54:48,False,False,False,True,0.0,7.283614524450449e-05,LOW
6,,,0.0,0.0,0.0,0.0,2023-12-27 17:37:46,False,False,False,True,0.0,0.00014057766562085855,LOW
6,,,0.0,0.0,0.0,0.0,2023-12-28 20:03:27,False,False,False,True,0.0,0.00017995247234091404,LOW
6,,,0.0,0.0,0.0,0.0,2023-12-27 18:07:46,False,False,False,True,0.0,0.00020365725782678967,LOW
6,,,0.0,0.0,0.0,0.0,2023-12-28 22:41:07,False,False,False,True,0.0,8.640697866422331e-05,LOW
6,,,0.0,0.0,0.0,0.0,2023-12-28 19:26:59,False,False,False,True,0.0,9.530122908717343e-05,LOW
6,,,0.0,0.0,0.0,0.0,2023-12-27 21:55:48,False,False,False,True,0.0,3.753451253192207e-05,LOW
6,,,0.0,0.0,0.0,0.0,2023-12-28 09:51:13,False,False,False,True,0.0,0.00020238962403635796,LOW
6,0.0,0.0,,,0.0,0.0,2023-12-31 00:42:08,False,False,False,True,0.0,0.000568516239445892,LOW
6,,,0.0,0.0,0.0,0.0,2023-12-28 14:29:09,False,False,False,True,0.0,0.00013723932578909304,LOW
6,,,0.0,0.0,0.0,0.0,2023-12-27 17:28:16,False,False,False,True,0.0,3.0139949879913706e-05,LOW
6,0.0,0.0,0.0,0.0,0.0,0.0,2023-12-28 22:04:52,False,False,False,True,0.0,0.008814156283568386,LOW
6,0.0,0.0,,,0.0,0.0,2023-12-31 00:36:54,False,False,False,True,0.0,0.0003749284373129895,LOW
6,,,0.0,0.0,0.0,0.0,2023-12-27 04:10:53,False,False,False,True,0.0,7.283614524450449e-05,LOW
6,,,0.0,0.0,0.0,0.0,2023-12-27 11:40:24,False,False,False,True,0.0,7.933915444064827e-05,LOW
6,,,0.0,0.0,0.0,0.0,2023-12-27 11:13:53,False,False,False,True,0.0,3.0139949879913706e-05,LOW
6,,,0.0,0.0,0.0,0.0,2023-12-28 20:34:43,False,False,False,True,0.0,8.673371709265663e-05,LOW
6,,,0.0,0.0,0.0,0.0,2023-12-27 10:04:45,False,False,False,True,0.0,0.0005235012058467061,LOW
6,,,0.0,0.0,0.0,0.0,2023-12-28 03:45:42,False,False,False,True,0.0,0.00014929971949135807,LOW
6,,,0.0,0.0,0.0,0.0,2023-12-27 19:26:06,False,False,False,True,0.0,0.00040517252693738487,LOW
6,,,0.0,0.0,0.0,0.0,2023-12-27 07:53:42,False,False,False,True,0.0,8.608940587476259e-05,LOW
6,,,0.0,0.0,0.0,0.0,2023-12-27 14:51:56,False,False,False,True,0.0,3.0139949879913706e-05,LOW
6,0.0,0.0,,,0.0,0.0,2023-12-31 00:42:08,False,False,False,True,0.0,0.000568516239445892,LOW
6,,,0.0,0.0,0.0,0.0,2023-12-27 22:47:14,False,False,False,True,0.0,8.640697866422331e-05,LOW
6,,,0.0,0.0,0.0,0.0,2023-12-28 05:46:41,False,False,False,True,0.0,0.00017226044671019494,LOW
6,,,0.0,0.0,0.0,0.0,2023-12-27 22:14:19,False,False,False,True,0.0,8.640697866422331e-05,LOW
6,,,0.0,0.0,0.0,0.0,2023-12-27 19:38:16,False,False,False,True,0.0,3.753451253192207e-05,LOW
6,,,0.0,0.0,0.0,0.0,2023-12-28 10:04:55,False,False,False,True,0.0,3.0139949879913706e-05,LOW
6,,,0.0,0.0,0.0,0.0,2023-12-27 13:10:21,False,False,False,True,0.0,3.0139949879913706e-05,LOW
6,,,0.0,0.0,0.0,0.0,2023-12-28 12:36:31,False,False,False,True,0.0,7.885332067615346e-05,LOW
6,,,0.0,0.0,0.0,0.0,2023-12-27 23:22:47,False,False,False,True,0.0,0.0001590091890284535,LOW
6,,,0.0,0.0,0.0,0.0,2023-12-28 21:29:01,False,False,False,True,0.0,3.753451253192207e-05,LOW
6,,,0.0,0.0,0.0,0.0,2023-12-28 06:11:02,False,False,False,True,0.0,0.0001981352564215343,LOW
6,,,0.0,0.0,0.0,0.0,2023-12-28 05:22:59,False,False,False,True,0.0,0.0002391110107360706,LOW
6,,,0.0,0.0,0.0,0.0,2023-12-27 13:10:13,False,False,False,True,0.0,0.00010319258137143763,LOW
6,0.0,0.0,,,0.0,0.0,2023-12-19 15:12:18,False,False,False,True,0.0,0.0007132793139138133,LOW
6,,,0.0,0.0,0.0,0.0,2023-12-27 03:39:31,False,False,False,True,0.0,0.005474376467795543,LOW
6,,,0.0,0.0,0.0,0.0,2023-12-27 22:33:11,False,False,False,True,0.0,0.0032028280793732437,LOW
6,,,0.0,0.0,0.0,0.0,2023-12-27 23:13:22,False,False,False,True,0.0,8.640697866422331e-05,LOW
6,,,0.0,0.0,0.0,0.0,2023-12-28 14:21:14,False,False,False,True,0.0,9.568164256582048e-05,LOW
6,,,0.0,0.0,0.0,0.0,2023-12-27 13:16:55,False,False,False,True,0.0,3.0139949879913706e-05,LOW
6,0.0,0.0,,,0.0,0.0,2023-12-28 19:12:25,False,False,False,True,0.0,0.005734795680749084,LOW
6,,,0.0,0.0,0.0,0.0,2023-12-28 15:55:08,False,False,False,True,0.0,7.933915444064827e-05,LOW
6,,,0.0,0.0,0.0,0.0,2023-12-28 02:10:00,False,False,False,True,0.0,0.000276898104821813,LOW
6,,,0.0,0.0,0.0,0.0,2023-12-27 08:46:18,False,False,False,True,0.0,3.0139949879913706e-05,LOW
6,,,0.0,0.0,0.0,0.0,2023-12-27 17:23:54,False,False,False,True,0.0,8.036744896549962e-05,LOW
6,,,0.0,0.0,0.0,0.0,2023-12-27 19:58:06,False,False,False,True,0.0,3.753451253192207e-05,LOW
6,,,0.0,0.0,0.0,0.0,2023-12-27 22:49:14,False,False,False,True,0.0,8.640697866422331e-05,LOW
6,,,0.0,0.0,0.0,0.0,2023-12-27 20:23:55,False,False,False,True,0.0,3.753451253192207e-05,LOW
6,,,0.0,0.0,0.0,0.0,2023-12-27 14:12:27,False,False,False,True,0.0,7.933915444064827e-05,LOW
6,,,0.0,0.0,0.0,0.0,2023-12-28 04:32:33,False,False,False,True,0.0,7.283614524450449e-05,LOW
6,,,0.0,0.0,0.0,0.0,2023-12-27 03:07:18,False,False,False,True,0.0,7.283614524450449e-05,LOW
6,,,0.0,0.0,0.0,0.0,2023-12-28 21:21:15,False,False,False,True,0.0,6.775317371921225e-05,LOW
6,,,0.0,0.0,0.0,0.0,2023-12-28 15:03:34,False,False,False,True,0.0,7.546887465885332e-05,LOW
6,,,0.0,0.0,0.0,0.0,2023-12-27 08:36:25,False,False,False,True,0.0,8.608940587476259e-05,LOW
6,,,0.0,0.0,0.0,0.0,2023-12-28 11:13:54,False,False,False,True,0.0,3.0139949879913706e-05,LOW
6,,,0.0,0.0,0.0,0.0,2023-12-28 10:13:42,False,False,False,True,0.0,8.13832577628692e-05,LOW
6,,,0.0,0.0,0.0,0.0,2023-12-31 00:43:12,False,False,False,True,0.0,0.0025108617342434357,LOW
6,,,0.0,0.0,0.0,0.0,2023-12-27 06:11:29,False,False,False,True,0.0,0.0002391110107360706,LOW
6,0.0,0.0,,,0.0,0.0,2022-12-18 23:37:12,False,False,False,True,0.0,0.0002575328640346022,LOW
6,,,0.0,0.0,0.0,0.0,2023-12-27 05:10:58,False,False,False,True,0.0,7.283614524450449e-05,LOW
6,0.0,0.0,,,0.0,0.0,2019-12-07 22:54:25,False,False,False,True,0.0,0.0013457087475273605,LOW
6,0.0,0.0,,,0.0,0.0,2023-12-25 16:31:36,False,False,False,True,0.0,0.000880877980050804,LOW
6,,,0.0,0.0,0.0,0.0,2023-12-28 07:06:58,False,False,False,True,0.0,8.403638665337012e-05,LOW
6,,,0.0,0.0,0.0,0.0,2023-12-28 01:58:29,False,False,False,True,0.0,7.283614524450449e-05,LOW
6,,,0.0,0.0,0.0,0.0,2023-12-27 09:35:48,False,False,False,True,0.0,3.0139949879913706e-05,LOW
6,,,0.0,0.0,0.0,0.0,2023-12-27 04:13:21,False,False,False,True,0.0,7.283614524450449e-05,LOW
6,0.0,0.0,0.0,0.0,0.0,0.0,2023-12-31 00:36:32,False,False,False,True,0.0,0.17180936587411336,LOW
6,0.0,0.0,0.0,0.0,0.0,0.0,2023-12-31 00:42:06,False,False,False,True,0.0,0.016785397395871367,LOW
6,,,0.0,0.0,0.0,0.0,2023-12-28 10:21:13,False,False,False,True,0.0,8.036744896549962e-05,LOW
6,,,0.0,0.0,0.0,0.0,2023-12-28 16:12:28,False,False,False,True,0.0,7.933915444064827e-05,LOW
6,,,0.0,0.0,0.0,0.0,2023-12-28 17:21:38,False,False,False,True,0.0,4.75608520346653e-05,LOW
6,,,0.0,0.0,0.0,0.0,2023-12-28 08:19:04,False,False,False,True,0.0,3.0139949879913706e-05,LOW
6,,,0.0,0.0,0.0,0.0,2023-12-28 04:45:49,False,False,False,True,0.0,9.02570473992561e-05,LOW
6,,,0.0,0.0,0.0,0.0,2023-12-28 01:45:42,False,False,False,True,0.0,0.00011984920608943824,LOW
6,,,0.0,0.0,0.0,0.0,2023-12-27 21:26:37,False,False,False,True,0.0,8.673371709265663e-05,LOW
6,,,0.0,0.0,0.0,0.0,2023-12-28 05:21:42,False,False,False,True,0.0,0.00011777218696409897,LOW
6,,,0.0,0.0,0.0,0.0,2023-12-28 19:23:04,False,False,False,True,0.0,9.059508097528004e-05,LOW
6,,,0.0,0.0,0.0,0.0,2023-12-27 22:14:17,False,False,False,True,0.0,8.640697866422331e-05,LOW
6,,,0.0,0.0,0.0,0.0,2023-12-28 11:43:00,False,False,False,True,0.0,7.933915444064827e-05,LOW
6,0.0,0.0,,,0.0,0.0,2023-12-31 00:42:03,False,False,False,True,0.0,0.005543960063447904,LOW
6,,,0.0,0.0,0.0,0.0,2023-12-27 19:07:47,False,False,False,True,0.0,9.232254950751125e-05,LOW
6,,,0.0,0.0,0.0,0.0,2023-12-28 14:38:16,False,False,False,True,0.0,9.568164256582048e-05,LOW
6,,,0.0,0.0,0.0,0.0,2023-12-27 21:43:48,False,False,False,True,0.0,3.753451253192207e-05,LOW
6,,,0.0,0.0,0.0,0.0,2023-12-27 16:33:45,False,False,False,True,0.0,0.002202504933771977,LOW
6,,,0.0,0.0,0.0,0.0,2023-12-27 12:26:32,False,False,False,True,0.0,3.0139949879913706e-05,LOW
6,0.0,0.0,,,0.0,0.0,2023-12-31 00:36:35,False,False,False,True,0.0,0.0006127481647081874,LOW
6,,,0.0,0.0,0.0,0.0,2023-12-27 12:06:14,False,False,False,True,0.0,3.0139949879913706e-05,LOW
6,0.0,0.0,0.0,0.0,0.0,0.0,2023-12-31 00:44:36,False,False,False,True,0.0,0.14052842299170484,LOW
6,,,0.0,0.0,0.0,0.0,2023-12-28 04:46:16,False,False,False,True,0.0,0.0001407322074968413,LOW
6,,,0.0,0.0,0.0,0.0,2023-12-27 10:46:12,False,False,False,True,0.0,3.0139949879913706e-05,LOW
6,,,0.0,0.0,0.0,0.0,2023-12-28 01:41:46,False,False,False,True,0.0,7.283614524450449e-05,LOW
6,,,0.0,0.0,0.0,0.0,2023-12-28 21:22:18,False,False,False,True,0.0,0.00016507540376954196,LOW
6,,,0.0,0.0,0.0,0.0,2023-12-27 22:20:17,False,False,False,True,0.0,0.00024650557338807904,LOW
6,,,0.0,0.0,0.0,0.0,2023-12-28 13:47:38,False,False,False,True,0.0,3.0139949879913706e-05,LOW
6,,,0.0,0.0,0.0,0.0,2023-12-28 12:34:43,False,False,False,True,0.0,3.0139949879913706e-05,LOW
6,,,0.0,0.0,0.0,0.0,2023-12-28 09:24:48,False,False,False,True,0.0,0.00048524908386139357,LOW
6,,,0.0,0.0,0.0,0.0,2023-12-31 00:43:12,False,False,False,True,0.0,0.0015295688125448869,LOW
6,,,0.0,0.0,0.0,0.0,2023-12-28 06:33:16,False,False,False,True,0.0,7.283614524450449e-05,LOW
6,0.0,0.0,,,0.0,0.0,2023-12-28 22:11:27,False,False,False,True,0.0,0.001165329291524211,LOW
6,0.0,0.0,,,0.0,0.0,2023-12-31 00:42:08,False,False,False,True,0.0,0.0037016014180870135,LOW
6,,,0.0,0.0,0.0,0.0,2023-12-27 15:23:55,False,False,False,True,0.0,0.0003944047227873386,LOW
6,,,0.0,0.0,0.0,0.0,2023-12-28 18:22:49,False,False,False,True,0.0,3.753451253192207e-05,LOW
6,,,0.0,0.0,0.0,0.0,2023-12-27 15:35:24,False,False,False,True,0.0,3.0139949879913706e-05,LOW
6,,,0.0,0.0,0.0,0.0,2023-12-27 16:22:46,False,False,False,True,0.0,0.0016201209648035063,LOW
6,,,0.0,0.0,0.0,0.0,2023-12-28 13:19:35,False,False,False,True,0.0,7.933915444064827e-05,LOW
6,,,0.0,0.0,0.0,0.0,2023-12-27 17:04:45,False,False,False,True,0.0,0.0002198555261917387,LOW
6,,,0.0,0.0,0.0,0.0,2023-12-27 06:15:29,False,False,False,True,0.0,0.00011777218696409897,LOW
6,,,0.0,0.0,0.0,0.0,2023-12-27 19:30:55,False,False,False,True,0.0,3.753451253192207e-05,LOW
6,,,0.0,0.0,0.0,0.0,2023-12-27 17:01:28,False,False,False,True,0.0,3.0139949879913706e-05,LOW
6,,,0.0,0.0,0.0,0.0,2023-12-27 11:42:50,False,False,False,True,0.0,3.0139949879913706e-05,LOW
6,,,0.0,0.0,0.0,0.0,2023-12-27 12:53:54,False,False,False,True,0.0,7.463300632875488e-05,LOW
6,,,0.0,0.0,0.0,0.0,2023-12-28 20:42:55,False,False,False,True,0.0,3.753451253192207e-05,LOW
6,,,0.0,0.0,0.0,0.0,2023-12-28 07:56:44,False,False,False,True,0.0,7.933915444064827e-05,LOW
6,,,0.0,0.0,0.0,0.0,2023-12-28 09:24:57,False,False,False,True,0.0,0.00010282786372343939,LOW
6,,,0.0,0.0,0.0,0.0,2023-12-28 10:07:46,False,False,False,True,0.0,3.0139949879913706e-05,LOW
6,,,0.0,0.0,0.0,0.0,2023-12-28 03:26:18,False,False,False,True,0.0,7.283614524450449e-05,LOW
6,,,0.0,0.0,0.0,0.0,2023-12-28 10:21:13,False,False,False,True,0.0,0.00019626269517478132,LOW
6,,,0.0,0.0,0.0,0.0,2023-12-27 23:38:31,False,False,False,True,0.0,8.640697866422331e-05,LOW
6,,,0.0,0.0,0.0,0.0,2023-12-27 20:05:04,False,False,False,True,0.0,0.00017640774324828037,LOW
6,,,0.0,0.0,0.0,0.0,2023-12-28 08:07:32,False,False,False,True,0.0,0.0003977779642853765,LOW
6,,,0.0,0.0,0.0,0.0,2023-12-27 15:08:00,False,False,False,True,0.0,8.24079824594103e-05,LOW
6,,,0.0,0.0,0.0,0.0,2023-12-28 16:44:10,False,False,False,True,0.0,3.0139949879913706e-05,LOW
6,,,0.0,0.0,0.0,0.0,2023-12-27 08:40:10,False,False,False,True,0.0,3.0139949879913706e-05,LOW
6,0.0,0.0,,,0.0,0.0,2022-12-16 17:14:26,False,False,False,True,0.0,0.0007152923017110812,LOW
6,,,0.0,0.0,0.0,0.0,2023-12-27 14:32:59,False,False,False,True,0.0,3.0139949879913706e-05,LOW
6,,,0.0,0.0,0.0,0.0,2023-12-28 16:25:14,False,False,False,True,0.0,3.0139949879913706e-05,LOW
6,,,0.0,0.0,0.0,0.0,2023-12-27 03:07:50,False,False,False,True,0.0,7.283614524450449e-05,LOW
6,,,0.0,0.0,0.0,0.0,2023-12-27 06:13:07,False,False,False,True,0.0,0.0006828272444968525,LOW
6,,,0.0,0.0,0.0,0.0,2023-12-27 23:22:48,False,False,False,True,0.0,0.00018344980164746626,LOW
6,,,0.0,0.0,0.0,0.0,2023-12-27 03:39:36,False,False,False,True,0.0,0.0002940035044261321,LOW
6,,,0.0,0.0,0.0,0.0,2023-12-27 10:20:39,False,False,False,True,0.0,3.0139949879913706e-05,LOW
6,,,0.0,0.0,0.0,0.0,2023-12-27 03:39:32,False,False,False,True,0.0,0.0031512123262928244,LOW
6,0.0,0.0,,,0.0,0.0,2023-12-28 22:19:37,False,False,False,True,0.0,0.001473971192241955,LOW
6,,,0.0,0.0,0.0,0.0,2023-12-27 11:37:46,False,False,False,True,0.0,8.403638665337012e-05,LOW
6,0.0,0.0,,,0.0,0.0,2019-12-07 22:54:23,False,False,False,True,0.0,0.0013457087475273605,LOW
6,,,0.0,0.0,0.0,0.0,2023-12-27 14:35:55,False,False,False,True,0.0,3.0139949879913706e-05,LOW
6,,,0.0,0.0,0.0,0.0,2023-12-28 10:03:17,False,False,False,True,0.0,8.608940587476259e-05,LOW
6,0.0,0.0,,,0.0,0.0,2023-12-25 17:08:32,False,False,False,True,0.0,0.0008104397803028986,LOW
6,,,0.0,0.0,0.0,0.0,2023-12-27 11:21:42,False,False,False,True,0.0,3.0139949879913706e-05,LOW
6,0.0,0.0,,,0.0,0.0,2022-12-16 16:12:48,False,False,False,True,0.0,0.0009956638495197596,LOW
6,,,0.0,0.0,0.0,0.0,2023-12-28 12:02:22,False,False,False,True,0.0,7.933915444064827e-05,LOW
6,,,0.0,0.0,0.0,0.0,2023-12-28 13:21:44,False,False,False,True,0.0,4.75608520346653e-05,LOW
6,,,0.0,0.0,0.0,0.0,2023-12-28 21:57:35,False,False,False,True,0.0,3.753451253192207e-05,LOW
6,,,0.0,0.0,0.0,0.0,2023-12-28 15:22:17,False,False,False,True,0.0,0.0001299571344049493,LOW
6,,,0.0,0.0,0.0,0.0,2023-12-27 21:52:47,False,False,False,True,0.0,9.143094930537852e-05,LOW
6,,,0.0,0.0,0.0,0.0,2023-12-27 03:39:31,False,False,False,True,0.0,0.0032078977456523766,LOW
6,,,0.0,0.0,0.0,0.0,2023-12-27 03:26:08,False,False,False,True,0.0,0.0001306028617997558,LOW
6,0.0,0.0,,,0.0,0.0,2022-12-16 17:15:18,False,False,False,True,0.0,0.000811941761688735,LOW
6,0.0,0.0,,,0.0,0.0,2023-12-25 16:51:06,False,False,False,True,0.0,0.0008084267925056306,LOW
6,,,0.0,0.0,0.0,0.0,2023-12-28 12:55:34,False,False,False,True,0.0,3.0139949879913706e-05,LOW
6,,,0.0,0.0,0.0,0.0,2023-12-28 08:41:34,False,False,False,True,0.0,0.00015016990231191642,LOW
6,,,0.0,0.0,0.0,0.0,2023-12-28 15:18:32,False,False,False,True,0.0,7.933915444064827e-05,LOW
6,,,0.0,0.0,0.0,0.0,2023-12-28 21:34:35,False,False,False,True,0.0,8.673371709265663e-05,LOW
6,,,0.0,0.0,0.0,0.0,2023-12-27 17:22:37,False,False,False,True,0.0,0.00010540440385021582,LOW
6,,,0.0,0.0,0.0,0.0,2023-12-27 16:16:24,False,False,False,True,0.0,3.0139949879913706e-05,LOW
6,,,0.0,0.0,0.0,0.0,2023-12-27 18:33:59,False,False,False,True,0.0,3.753451253192207e-05,LOW
6,,,0.0,0.0,0.0,0.0,2023-12-28 15:59:36,False,False,False,True,0.0,3.0139949879913706e-05,LOW
6,,,0.0,0.0,0.0,0.0,2023-12-28 08:02:32,False,False,False,True,0.0,0.0003821066286949995,LOW
6,,,0.0,0.0,0.0,0.0,2023-12-28 20:42:17,False,False,False,True,0.0,3.753451253192207e-05,LOW
6,,,0.0,0.0,0.0,0.0,2023-12-28 09:33:36,False,False,False,True,0.0,0.0001725579096889057,LOW
6,,,0.0,0.0,0.0,0.0,2023-12-27 12:02:51,False,False,False,True,0.0,3.0139949879913706e-05,LOW
6,,,0.0,0.0,0.0,0.0,2023-12-27 12:03:14,False,False,False,True,0.0,3.0139949879913706e-05,LOW
6,,,0.0,0.0,0.0,0.0,2023-12-28 15:22:32,False,False,False,True,0.0,0.00015927697816067653,LOW
6,,,0.0,0.0,0.0,0.0,2023-12-28 01:06:55,False,False,False,True,0.0,0.00016368380777360484,LOW
6,,,0.0,0.0,0.0,0.0,2023-12-27 20:42:08,False,False,False,True,0.0,3.753451253192207e-05,LOW
6,0.0,0.0,,,0.0,0.0,2023-12-25 16:11:56,False,False,False,True,0.0,0.0009290985484248299,LOW
6,,,0.0,0.0,0.0,0.0,2023-12-27 19:37:47,False,False,False,True,0.0,8.877782041487759e-05,LOW
6,0.0,0.0,,,0.0,0.0,2023-12-28 22:21:01,False,False,False,True,0.0,0.0005077085929441154,LOW
6,,,0.0,0.0,0.0,0.0,2023-12-28 11:44:00,False,False,False,True,0.0,3.0139949879913706e-05,LOW
6,0.0,0.0,,,0.0,0.0,2022-09-08 11:02:18,False,False,False,True,0.0,0.0008339510698330127,LOW
6,0.0,0.0,,,0.0,0.0,2022-12-20 22:37:49,False,False,False,True,0.0,0.000790531468046442,LOW
6,,,0.0,0.0,0.0,0.0,2023-12-27 20:21:36,False,False,False,True,0.0,0.00014591920905147448,LOW
6,,,0.0,0.0,0.0,0.0,2023-12-27 09:03:06,False,False,False,True,0.0,0.00015768084111753358,LOW
6,,,0.0,0.0,0.0,0.0,2023-12-27 04:00:40,False,False,False,True,0.0,0.00010847581153311085,LOW
6,,,0.0,0.0,0.0,0.0,2023-12-28 08:32:32,False,False,False,True,0.0,3.0139949879913706e-05,LOW
6,,,0.0,0.0,0.0,0.0,2023-12-31 00:44:49,False,False,False,True,0.0,0.010234035048974622,LOW
6,,,0.0,0.0,0.0,0.0,2023-12-28 17:51:18,False,False,False,True,0.0,4.75608520346653e-05,LOW
6,,,0.0,0.0,0.0,0.0,2023-12-28 20:43:00,False,False,False,True,0.0,3.753451253192207e-05,LOW
6,,,0.0,0.0,0.0,0.0,2023-12-28 09:51:13,False,False,False,True,0.0,0.00019544865593921438,LOW
6,,,0.0,0.0,0.0,0.0,2023-12-28 18:51:14,False,False,False,True,0.0,0.00014591920905147448,LOW
6,,,0.0,0.0,0.0,0.0,2023-12-27 10:34:13,False,False,False,True,0.0,0.0001725579096889057,LOW
6,0.0,0.0,,,0.0,0.0,2023-12-25 17:40:31,False,False,False,True,0.0,0.0008084267925056306,LOW
6,0.0,0.0,,,0.0,0.0,2023-12-28 19:42:25,False,False,False,True,0.0,0.005734795680749084,LOW
6,,,0.0,0.0,0.0,0.0,2023-12-27 07:53:08,False,False,False,True,0.0,9.362862334442803e-05,LOW
6,,,0.0,0.0,0.0,0.0,2023-12-28 04:47:21,False,False,False,True,0.0,7.283614524450449e-05,LOW
6,,,0.0,0.0,0.0,0.0,2023-12-27 21:17:16,False,False,False,True,0.0,3.753451253192207e-05,LOW
6,,,0.0,0.0,0.0,0.0,2023-12-28 12:39:56,False,False,False,True,0.0,7.933915444064827e-05,LOW
6,,,0.0,0.0,0.0,0.0,2023-12-27 11:32:50,False,False,False,True,0.0,3.0139949879913706e-05,LOW
6,,,0.0,0.0,0.0,0.0,2023-12-27 10:53:20,False,False,False,True,0.0,3.0139949879913706e-05,LOW
6,,,0.0,0.0,0.0,0.0,2023-12-28 08:07:13,False,False,False,True,0.0,0.007737936264596385,LOW
6,,,0.0,0.0,0.0,0.0,2023-12-28 21:40:35,False,False,False,True,0.0,8.673371709265663e-05,LOW
6,,,0.0,0.0,0.0,0.0,2023-12-27 10:40:03,False,False,False,True,0.0,3.0139949879913706e-05,LOW
6,0.0,0.0,,,0.0,0.0,2022-12-16 17:15:45,False,False,False,True,0.0,0.000403674348361707,LOW
6,,,0.0,0.0,0.0,0.0,2023-12-28 08:16:16,False,False,False,True,0.0,5.6497247184580446e-05,LOW
6,,,0.0,0.0,0.0,0.0,2023-12-27 21:11:19,False,False,False,True,0.0,3.753451253192207e-05,LOW
6,,,0.0,0.0,0.0,0.0,2023-12-28 09:21:15,False,False,False,True,0.0,0.00048397421921789576,LOW
6,,,0.0,0.0,0.0,0.0,2023-12-28 02:10:22,False,False,False,True,0.0,7.283614524450449e-05,LOW
6,,,0.0,0.0,0.0,0.0,2023-12-28 16:21:28,False,False,False,True,0.0,3.0139949879913706e-05,LOW
6,,,0.0,0.0,0.0,0.0,2023-12-27 21:37:50,False,False,False,True,0.0,9.059508097528004e-05,LOW
6,,,0.0,0.0,0.0,0.0,2023-12-28 14:25:19,False,False,False,True,0.0,3.0139949879913706e-05,LOW
6,,,0.0,0.0,0.0,0.0,2023-12-27 15:03:34,False,False,False,True,0.0,0.00015016990231191642,LOW
6,,,0.0,0.0,0.0,0.0,2023-12-27 09:53:08,False,False,False,True,0.0,0.0006715850197886311,LOW
6,,,0.0,0.0,0.0,0.0,2023-12-28 11:21:39,False,False,False,True,0.0,0.0001725579096889057,LOW
6,,,0.0,0.0,0.0,0.0,2023-12-27 10:39:31,False,False,False,True,0.0,7.463300632875488e-05,LOW
6,,,0.0,0.0,0.0,0.0,2023-12-27 22:32:29,False,False,False,True,0.0,0.0009816085909307081,LOW
6,,,0.0,0.0,0.0,0.0,2023-12-28 20:55:00,False,False,False,True,0.0,3.753451253192207e-05,LOW
6,,,0.0,0.0,0.0,0.0,2023-12-27 06:32:30,False,False,False,True,0.0,7.283614524450449e-05,LOW
6,,,0.0,0.0,0.0,0.0,2023-12-27 14:01:49,False,False,False,True,0.0,3.0139949879913706e-05,LOW
6,,,0.0,0.0,0.0,0.0,2023-12-27 20:13:26,False,False,False,True,0.0,0.00040517252693738487,LOW
6,,,0.0,0.0,0.0,0.0,2023-12-28 13:52:07,False,False,False,True,0.0,7.933915444064827e-05,LOW
6,,,0.0,0.0,0.0,0.0,2023-12-28 13:22:57,False,False,False,True,0.0,7.09195412881123e-05,LOW
6,,,0.0,0.0,0.0,0.0,2023-12-28 14:52:53,False,False,False,True,0.0,3.0139949879913706e-05,LOW
6,,,0.0,0.0,0.0,0.0,2023-12-28 21:20:29,False,False,False,True,0.0,3.753451253192207e-05,LOW
6,0.0,0.0,,,0.0,0.0,2019-12-07 17:14:52,False,False,False,True,0.0,0.0013001191013094486,LOW
6,,,0.0,0.0,0.0,0.0,2023-12-27 22:52:47,False,False,False,True,0.0,0.00017346468189706325,LOW
6,,,0.0,0.0,0.0,0.0,2023-12-27 05:35:56,False,False,False,True,0.0,7.283614524450449e-05,LOW
6,,,0.0,0.0,0.0,0.0,2023-12-28 15:37:04,False,False,False,True,0.0,0.00012730400551444837,LOW
6,,,0.0,0.0,0.0,0.0,2023-12-28 19:22:26,False,False,False,True,0.0,3.753451253192207e-05,LOW
6,,,0.0,0.0,0.0,0.0,2023-12-27 18:31:43,False,False,False,True,0.0,3.753451253192207e-05,LOW
6,,,0.0,0.0,0.0,0.0,2023-12-27 11:52:46,False,False,False,True,0.0,0.0016201209648035063,LOW
6,,,0.0,0.0,0.0,0.0,2023-12-27 09:25:36,False,False,False,True,0.0,3.0139949879913706e-05,LOW
6,0.0,0.0,,,0.0,0.0,2023-12-31 00:42:03,False,False,False,True,0.0,0.0007103820938169967,LOW
6,,,0.0,0.0,0.0,0.0,2023-12-27 18:49:34,False,False,False,True,0.0,8.673371709265663e-05,LOW
6,,,0.0,0.0,0.0,0.0,2023-12-28 14:26:00,False,False,False,True,0.0,0.0005111391728552208,LOW
6,,,0.0,0.0,0.0,0.0,2023-12-27 16:04:14,False,False,False,True,0.0,7.546887465885332e-05,LOW
6,,,0.0,0.0,0.0,0.0,2023-12-27 16:52:46,False,False,False,True,0.0,6.035861106720386e-05,LOW
6,,,0.0,0.0,0.0,0.0,2023-12-28 06:20:00,False,False,False,True,0.0,0.00017226044671019494,LOW
6,,,0.0,0.0,0.0,0.0,2023-12-28 06:36:53,False,False,False,True,0.0,0.005895283884410236,LOW
6,,,0.0,0.0,0.0,0.0,2023-12-28 14:03:25,False,False,False,True,0.0,8.790666643516506e-05,LOW
6,,,0.0,0.0,0.0,0.0,2023-12-27 09:47:37,False,False,False,True,0.0,3.0139949879913706e-05,LOW
6,,,0.0,0.0,0.0,0.0,2023-12-27 18:14:28,False,False,False,True,0.0,0.00017995247234091404,LOW
6,0.0,0.0,,,0.0,0.0,2023-12-31 00:42:06,False,False,False,True,0.0,0.0006127481647081874,LOW
6,,,0.0,0.0,0.0,0.0,2023-12-28 07:53:24,False,False,False,True,0.0,3.0139949879913706e-05,LOW
6,,,0.0,0.0,0.0,0.0,2023-12-27 15:18:14,False,False,False,True,0.0,3.0139949879913706e-05,LOW
6,,,0.0,0.0,0.0,0.0,2023-12-27 04:51:55,False,False,False,True,0.0,7.283614524450449e-05,LOW
6,,,0.0,0.0,0.0,0.0,2023-12-28 17:22:55,False,False,False,True,0.0,3.0139949879913706e-05,LOW
6,,,0.0,0.0,0.0,0.0,2023-12-27 22:59:18,False,False,False,True,0.0,8.640697866422331e-05,LOW
6,,,0.0,0.0,0.0,0.0,2023-12-28 14:52:54,False,False,False,True,0.0,6.035861106720386e-05,LOW
6,,,0.0,0.0,0.0,0.0,2023-12-28 22:00:07,False,False,False,True,0.0,0.0001294299124572474,LOW
6,,,0.0,0.0,0.0,0.0,2023-12-28 20:04:34,False,False,False,True,0.0,0.0001575644649639248,LOW
6,,,0.0,0.0,0.0,0.0,2023-12-27 06:26:57,False,False,False,True,0.0,9.02570473992561e-05,LOW
6,,,0.0,0.0,0.0,0.0,2023-12-28 10:20:30,False,False,False,True,0.0,3.0139949879913706e-05,LOW
6,,,0.0,0.0,0.0,0.0,2023-12-28 08:51:18,False,False,False,True,0.0,7.752189388024579e-05,LOW
6,,,0.0,0.0,0.0,0.0,2023-12-27 20:01:29,False,False,False,True,0.0,3.753451253192207e-05,LOW
6,,,0.0,0.0,0.0,0.0,2023-12-28 13:32:32,False,False,False,True,0.0,0.0001725579096889057,LOW
6,,,0.0,0.0,0.0,0.0,2023-12-27 19:45:45,False,False,False,True,0.0,0.00014797222827286693,LOW
6,,,0.0,0.0,0.0,0.0,2023-12-28 18:11:38,False,False,False,True,0.0,0.00011279896650222419,LOW
6,,,0.0,0.0,0.0,0.0,2023-12-28 18:02:25,False,False,False,True,0.0,0.0016275155274555145,LOW
6,,,0.0,0.0,0.0,0.0,2023-12-27 10:24:34,False,False,False,True,0.0,6.506475917909724e-05,LOW
6,,,0.0,0.0,0.0,0.0,2023-12-28 15:31:13,False,False,False,True,0.0,3.0139949879913706e-05,LOW
6,,,0.0,0.0,0.0,0.0,2023-12-27 03:26:13,False,False,False,True,0.0,0.00017226044671019494,LOW
6,,,0.0,0.0,0.0,0.0,2023-12-27 06:13:57,False,False,False,True,0.0,7.283614524450449e-05,LOW
6,,,0.0,0.0,0.0,0.0,2023-12-27 19:27:05,False,False,False,True,0.0,0.005861117879756751,LOW
6,,,0.0,0.0,0.0,0.0,2023-12-28 13:57:06,False,False,False,True,0.0,3.0139949879913706e-05,LOW
6,,,0.0,0.0,0.0,0.0,2023-12-27 19:25:16,False,False,False,True,0.0,0.00011058714402344599,LOW
6,,,0.0,0.0,0.0,0.0,2023-12-28 10:37:38,False,False,False,True,0.0,0.005883020263390793,LOW
6,0.0,0.0,,,0.0,0.0,2023-12-31 00:36:36,False,False,False,True,0.0,0.0006127481647081874,LOW
6,,,0.0,0.0,0.0,0.0,2023-12-27 12:40:51,False,False,False,True,0.0,9.362862334442803e-05,LOW
6,,,0.0,0.0,0.0,0.0,2023-12-27 05:45:00,False,False,False,True,0.0,7.283614524450449e-05,LOW
6,0.0,0.0,,,0.0,0.0,2023-12-28 22:02:49,False,False,False,True,0.0,0.001473971192241955,LOW
6,,,0.0,0.0,0.0,0.0,2023-12-27 06:44:18,False,False,False,True,0.0,0.00012203534980523903,LOW
6,,,0.0,0.0,0.0,0.0,2023-12-27 09:05:24,False,False,False,True,0.0,0.0002112880141972219,LOW
6,,,0.0,0.0,0.0,0.0,2023-12-28 15:51:14,False,False,False,True,0.0,3.0139949879913706e-05,LOW
6,,,0.0,0.0,0.0,0.0,2023-12-28 15:33:43,False,False,False,True,0.0,3.0139949879913706e-05,LOW
6,,,0.0,0.0,0.0,0.0,2023-12-27 18:03:17,False,False,False,True,0.0,0.00040517252693738487,LOW
6,,,0.0,0.0,0.0,0.0,2023-12-27 20:32:50,False,False,False,True,0.0,3.753451253192207e-05,LOW
6,0.0,0.0,,,0.0,0.0,2019-12-07 17:10:47,False,False,False,True,0.0,0.0013678068756014339,LOW
6,0.0,0.0,,,0.0,0.0,2023-12-25 16:11:53,False,False,False,True,0.0,0.0009290985484248299,LOW
6,,,0.0,0.0,0.0,0.0,2023-12-27 14:41:30,False,False,False,True,0.0,3.0139949879913706e-05,LOW
6,,,0.0,0.0,0.0,0.0,2023-12-28 13:11:02,False,False,False,True,0.0,3.0139949879913706e-05,LOW
6,,,0.0,0.0,0.0,0.0,2023-12-28 21:14:10,False,False,False,True,0.0,8.049133175674999e-05,LOW
6,,,0.0,0.0,0.0,0.0,2023-12-28 14:54:56,False,False,False,True,0.0,3.0139949879913706e-05,LOW
6,,,0.0,0.0,0.0,0.0,2023-12-27 22:44:29,False,False,False,True,0.0,0.00026987636376706584,LOW
6,,,0.0,0.0,0.0,0.0,2023-12-27 11:24:27,False,False,False,True,0.0,0.00017457089748617365,LOW
6,,,0.0,0.0,0.0,0.0,2023-12-28 11:33:17,False,False,False,True,0.0,4.75608520346653e-05,LOW
6,,,0.0,0.0,0.0,0.0,2023-12-28 14:39:06,False,False,False,True,0.0,3.0139949879913706e-05,LOW
6,0.0,0.0,0.0,0.0,0.0,0.0,2023-12-28 22:28:14,False,False,False,True,0.0,0.06807105247124719,LOW
6,,,0.0,0.0,0.0,0.0,2023-12-28 19:32:32,False,False,False,True,0.0,7.714148040159874e-05,LOW
6,,,0.0,0.0,0.0,0.0,2023-12-28 09:22:48,False,False,False,True,0.0,0.0022352053973886173,LOW
6,,,0.0,0.0,0.0,0.0,2023-12-28 16:51:50,False,False,False,True,0.0,7.752189388024579e-05,LOW
6,,,0.0,0.0,0.0,0.0,2023-12-28 10:09:33,False,False,False,True,0.0,3.0139949879913706e-05,LOW
6,0.0,0.0,,,0.0,0.0,2023-12-25 16:11:56,False,False,False,True,0.0,0.0009290985484248299,LOW
6,,,0.0,0.0,0.0,0.0,2023-12-27 19:29:11,False,False,False,True,0.0,3.753451253192207e-05,LOW
6,,,0.0,0.0,0.0,0.0,2023-12-28 01:15:42,False,False,False,True,0.0,0.00011777218696409897,LOW
6,,,0.0,0.0,0.0,0.0,2023-12-27 04:24:13,False,False,False,True,0.0,0.0001306028617997558,LOW
6,,,0.0,0.0,0.0,0.0,2023-12-28 09:21:53,False,False,False,True,0.0,0.0018014225493627946,LOW
6,,,0.0,0.0,0.0,0.0,2023-12-28 19:07:49,False,False,False,True,0.0,9.143094930537852e-05,LOW
6,,,0.0,0.0,0.0,0.0,2023-12-28 08:51:13,False,False,False,True,0.0,0.0020869583509395394,LOW
6,,,0.0,0.0,0.0,0.0,2023-12-28 07:47:14,False,False,False,True,0.0,8.790666643516506e-05,LOW
6,,,0.0,0.0,0.0,0.0,2023-12-28 15:12:32,False,False,False,True,0.0,6.974691774959036e-05,LOW
6,,,0.0,0.0,0.0,0.0,2023-12-28 11:04:59,False,False,False,True,0.0,8.403638665337012e-05,LOW
6,,,0.0,0.0,0.0,0.0,2023-12-27 04:53:20,False,False,False,True,0.0,0.0001760552389954579,LOW
6,,,0.0,0.0,0.0,0.0,2023-12-28 03:09:48,False,False,False,True,0.0,7.283614524450449e-05,LOW
6,,,0.0,0.0,0.0,0.0,2023-12-28 17:21:08,False,False,False,True,0.0,3.0139949879913706e-05,LOW
6,0.0,0.0,,,0.0,0.0,2023-12-31 00:36:46,False,False,False,True,0.0,0.0006127481647081874,LOW
6,,,0.0,0.0,0.0,0.0,2023-12-27 10:40:34,False,False,False,True,0.0,0.00019626269517478132,LOW
6,0.0,0.0,,,0.0,0.0,2019-12-07 23:03:09,False,False,False,True,0.0,0.0006858166036248528,LOW
6,,,0.0,0.0,0.0,0.0,2023-12-27 03:39:32,False,False,False,True,0.0,0.005417691048435992,LOW
6,,,0.0,0.0,0.0,0.0,2023-12-27 10:57:25,False,False,False,True,0.0,3.0139949879913706e-05,LOW
6,,,0.0,0.0,0.0,0.0,2023-12-28 22:08:05,False,False,False,True,0.0,8.640697866422331e-05,LOW
6,0.0,0.0,,,0.0,0.0,2023-12-28 22:12:55,False,False,False,True,0.0,0.000796314377626418,LOW
6,,,0.0,0.0,0.0,0.0,2023-12-28 20:22:53,False,False,False,True,0.0,3.753451253192207e-05,LOW
6,,,0.0,0.0,0.0,0.0,2023-12-27 15:12:47,False,False,False,True,0.0,6.035861106720386e-05,LOW
6,0.0,0.0,,,0.0,0.0,2023-12-31 00:42:05,False,False,False,True,0.0,0.018750634510880385,LOW
6,,,0.0,0.0,0.0,0.0,2023-12-27 05:10:09,False,False,False,True,0.0,0.0001458887767360284,LOW
6,,,0.0,0.0,0.0,0.0,2023-12-27 17:51:43,False,False,False,True,0.0,3.0139949879913706e-05,LOW
6,,,0.0,0.0,0.0,0.0,2023-12-27 03:46:50,False,False,False,True,0.0,7.283614524450449e-05,LOW
6,,,0.0,0.0,0.0,0.0,2023-12-28 14:52:55,False,False,False,True,0.0,3.0139949879913706e-05,LOW
6,,,0.0,0.0,0.0,0.0,2023-12-28 20:33:10,False,False,False,True,0.0,9.274250877241608e-05,LOW
6,,,0.0,0.0,0.0,0.0,2023-12-28 16:40:23,False,False,False,True,0.0,3.0139949879913706e-05,LOW
6,,,0.0,0.0,0.0,0.0,2023-12-28 12:23:40,False,False,False,True,0.0,3.0139949879913706e-05,LOW
6,,,0.0,0.0,0.0,0.0,2023-12-28 08:51:19,False,False,False,True,0.0,0.00048397421921789576,LOW
6,0.0,0.0,,,0.0,0.0,2022-12-18 22:47:57,False,False,False,True,0.0,0.00025551987623733427,LOW
6,,,0.0,0.0,0.0,0.0,2023-12-28 11:15:26,False,False,False,True,0.0,3.0139949879913706e-05,LOW
6,,,0.0,0.0,0.0,0.0,2023-12-28 16:04:04,False,False,False,True,0.0,7.546887465885332e-05,LOW
6,,,0.0,0.0,0.0,0.0,2023-12-27 04:06:48,False,False,False,True,0.0,7.283614524450449e-05,LOW
6,,,0.0,0.0,0.0,0.0,2023-12-28 21:32:25,False,False,False,True,0.0,8.570899239611556e-05,LOW
6,,,0.0,0.0,0.0,0.0,2023-12-28 12:23:38,False,False,False,True,0.0,3.0139949879913706e-05,LOW
6,0.0,0.0,,,0.0,0.0,2023-12-28 21:59:00,False,False,False,True,0.0,0.0019591396646052514,LOW
6,,,0.0,0.0,0.0,0.0,2023-12-28 09:21:39,False,False,False,True,0.0,0.0006048188645874467,LOW
6,,,0.0,0.0,0.0,0.0,2023-12-27 20:52:47,False,False,False,True,0.0,0.0001575644649639248,LOW
6,0.0,0.0,,,0.0,0.0,2023-12-31 00:36:41,False,False,False,True,0.0,0.0010720519443090826,LOW
6,,,0.0,0.0,0.0,0.0,2023-12-27 04:14:23,False,False,False,True,0.0,7.283614524450449e-05,LOW
6,0.0,0.0,,,0.0,0.0,2023-12-25 16:12:10,False,False,False,True,0.0,0.0009290985484248299,LOW
6,0.0,0.0,,,0.0,0.0,2023-12-25 16:37:48,False,False,False,True,0.0,0.0008104397803028986,LOW
6,,,0.0,0.0,0.0,0.0,2023-12-28 08:51:19,False,False,False,True,0.0,0.00017836475970660096,LOW
6,,,0.0,0.0,0.0,0.0,2023-12-28 16:53:29,False,False,False,True,0.0,7.933915444064827e-05,LOW
6,,,0.0,0.0,0.0,0.0,2023-12-27 02:53:07,False,False,False,True,0.0,0.00041490364791774213,LOW
6,,,0.0,0.0,0.0,0.0,2023-12-28 19:25:26,False,False,False,True,0.0,3.753451253192207e-05,LOW
6,,,0.0,0.0,0.0,0.0,2023-12-27 19:38:41,False,False,False,True,0.0,3.753451253192207e-05,LOW
6,,,0.0,0.0,0.0,0.0,2023-12-28 07:39:31,False,False,False,True,0.0,0.004132815704707143,LOW
6,,,0.0,0.0,0.0,0.0,2023-12-27 22:34:19,False,False,False,True,0.0,0.0001988112040802708,LOW
6,,,0.0,0.0,0.0,0.0,2023-12-27 06:50:59,False,False,False,True,0.0,7.283614524450449e-05,LOW
6,,,0.0,0.0,0.0,0.0,2023-12-27 12:44:45,False,False,False,True,0.0,0.0003886827658780756,LOW
6,,,0.0,0.0,0.0,0.0,2023-12-27 05:55:50,False,False,False,True,0.0,7.283614524450449e-05,LOW
6,,,0.0,0.0,0.0,0.0,2023-12-28 11:21:14,False,False,False,True,0.0,8.036744896549962e-05,LOW
6,,,0.0,0.0,0.0,0.0,2023-12-28 21:32:45,False,False,False,True,0.0,3.753451253192207e-05,LOW
6,,,0.0,0.0,0.0,0.0,2023-12-27 21:04:03,False,False,False,True,0.0,9.348396852677098e-05,LOW
6,0.0,0.0,,,0.0,0.0,2023-12-28 22:05:53,False,False,False,True,0.0,0.0007462690876660806,LOW
6,,,0.0,0.0,0.0,0.0,2023-12-27 04:24:56,False,False,False,True,0.0,0.0001603481623357919,LOW
6,0.0,0.0,0.0,0.0,0.0,0.0,2023-12-28 22:22:18,False,False,False,True,0.0,0.12745864688011718,LOW
6,,,0.0,0.0,0.0,0.0,2023-12-28 12:13:01,False,False,False,True,0.0,0.00048347865880840537,LOW
6,,,0.0,0.0,0.0,0.0,2023-12-28 04:15:42,False,False,False,True,0.0,0.0001603481623357919,LOW
6,,,0.0,0.0,0.0,0.0,2023-12-27 05:03:56,False,False,False,True,0.0,7.283614524450449e-05,LOW
6,,,0.0,0.0,0.0,0.0,2023-12-28 09:31:44,False,False,False,True,0.0,0.0020688499681111566,LOW
6,,,0.0,0.0,0.0,0.0,2023-12-31 00:44:57,False,False,False,True,0.0,0.005947170671402545,LOW
6,,,0.0,0.0,0.0,0.0,2023-12-28 19:28:44,False,False,False,True,0.0,3.753451253192207e-05,LOW
6,,,0.0,0.0,0.0,0.0,2023-12-28 05:18:55,False,False,False,True,0.0,7.283614524450449e-05,LOW
6,,,0.0,0.0,0.0,0.0,2023-12-28 14:15:25,False,False,False,True,0.0,7.933915444064827e-05,LOW
6,,,0.0,0.0,0.0,0.0,2023-12-27 19:22:47,False,False,False,True,0.0,0.0016275155274555145,LOW
6,,,0.0,0.0,0.0,0.0,2023-12-28 14:02:18,False,False,False,True,0.0,9.362862334442803e-05,LOW
6,,,0.0,0.0,0.0,0.0,2023-12-28 13:31:47,False,False,False,True,0.0,7.933915444064827e-05,LOW
6,,,0.0,0.0,0.0,0.0,2023-12-28 16:10:23,False,False,False,True,0.0,7.933915444064827e-05,LOW
6,0.0,0.0,,,0.0,0.0,2023-12-25 17:42:26,False,False,False,True,0.0,0.0008084267925056306,LOW
6,0.0,0.0,,,0.0,0.0,2023-12-28 22:35:25,False,False,False,True,0.0,0.001473971192241955,LOW
6,,,0.0,0.0,0.0,0.0,2023-12-28 05:05:34,False,False,False,True,0.0,0.005623239860436105,LOW
6,,,0.0,0.0,0.0,0.0,2023-12-27 15:18:23,False,False,False,True,0.0,3.0139949879913706e-05,LOW
6,,,0.0,0.0,0.0,0.0,2023-12-28 16:58:43,False,False,False,True,0.0,3.0139949879913706e-05,LOW
6,,,0.0,0.0,0.0,0.0,2023-12-27 21:54:36,False,False,False,True,0.0,3.753451253192207e-05,LOW
6,,,0.0,0.0,0.0,0.0,2023-12-28 02:24:59,False,False,False,True,0.0,0.0001306028617997558,LOW
6,,,0.0,0.0,0.0,0.0,2023-12-28 09:35:55,False,False,False,True,0.0,3.0139949879913706e-05,LOW
6,,,0.0,0.0,0.0,0.0,2023-12-27 22:45:29,False,False,False,True,0.0,0.005632388342578994,LOW
6,,,0.0,0.0,0.0,0.0,2023-12-28 02:48:03,False,False,False,True,0.0,7.283614524450449e-05,LOW
6,,,0.0,0.0,0.0,0.0,2023-12-28 09:22:10,False,False,False,True,0.0,7.709932139180914e-05,LOW
6,,,0.0,0.0,0.0,0.0,2023-12-28 20:22:25,False,False,False,True,0.0,8.570899239611556e-05,LOW
6,,,0.0,0.0,0.0,0.0,2023-12-28 20:51:15,False,False,False,True,0.0,9.059508097528004e-05,LOW
6,,,0.0,0.0,0.0,0.0,2023-12-28 02:01:42,False,False,False,True,0.0,7.283614524450449e-05,LOW
6,,,0.0,0.0,0.0,0.0,2023-12-28 09:22:17,False,False,False,True,0.0,0.00013852464639946608,LOW
6,,,0.0,0.0,0.0,0.0,2023-12-27 09:41:22,False,False,False,True,0.0,0.00013852464639946608,LOW
6,,,0.0,0.0,0.0,0.0,2023-12-28 06:00:25,False,False,False,True,0.0,7.283614524450449e-05,LOW
6,,,0.0,0.0,0.0,0.0,2023-12-27 12:14:00,False,False,False,True,0.0,0.00013244686252952595,LOW
6,,,0.0,0.0,0.0,0.0,2023-12-27 07:12:30,False,False,False,True,0.0,3.0139949879913706e-05,LOW
6,,,0.0,0.0,0.0,0.0,2023-12-27 11:08:09,False,False,False,True,0.0,0.00013201015362634174,LOW
6,,,0.0,0.0,0.0,0.0,2023-12-27 20:04:04,False,False,False,True,0.0,0.0018673482897040615,LOW
6,0.0,0.0,,,0.0,0.0,2023-12-28 21:59:00,False,False,False,True,0.0,0.0019591396646052514,LOW
6,,,0.0,0.0,0.0,0.0,2023-12-27 21:06:52,False,False,False,True,0.0,3.753451253192207e-05,LOW
6,,,0.0,0.0,0.0,0.0,2023-12-27 18:33:44,False,False,False,True,0.0,0.000221024470648503,LOW
6,,,0.0,0.0,0.0,0.0,2023-12-28 05:46:02,False,False,False,True,0.0,0.00019141664142826242,LOW
6,,,0.0,0.0,0.0,0.0,2023-12-27 08:34:27,False,False,False,True,0.0,0.0001725579096889057,LOW
6,0.0,0.0,,,0.0,0.0,2023-12-25 16:22:42,False,False,False,True,0.0,0.0010620314765045604,LOW
6,0.0,0.0,0.0,0.0,0.0,0.0,2023-12-31 00:36:46,False,False,False,True,0.0,0.05948433152077412,LOW
6,,,0.0,0.0,0.0,0.0,2023-12-27 11:45:17,False,False,False,True,0.0,0.0003977779642853765,LOW
6,,,0.0,0.0,0.0,0.0,2023-12-28 09:51:13,False,False,False,True,0.0,0.0018236533590359322,LOW
6,,,0.0,0.0,0.0,0.0,2023-12-27 04:23:06,False,False,False,True,0.0,0.00165424964817358,LOW
6,,,0.0,0.0,0.0,0.0,2023-12-28 21:06:15,False,False,False,True,0.0,0.00014797222827286693,LOW
6,,,0.0,0.0,0.0,0.0,2023-12-27 10:32:19,False,False,False,True,0.0,0.0009131158417681827,LOW
6,,,0.0,0.0,0.0,0.0,2023-12-27 19:06:34,False,False,False,True,0.0,8.673371709265663e-05,LOW
6,0.0,0.0,,,0.0,0.0,2019-12-07 17:08:55,False,False,False,True,0.0,0.0013678068756014339,LOW
6,0.0,0.0,,,0.0,0.0,2023-12-22 15:29:41,False,False,False,True,0.0,0.0008823539795997798,LOW
6,,,0.0,0.0,0.0,0.0,2023-12-28 08:33:32,False,False,False,True,0.0,3.0139949879913706e-05,LOW
6,,,0.0,0.0,0.0,0.0,2023-12-27 08:12:13,False,False,False,True,0.0,3.0139949879913706e-05,LOW
6,,,0.0,0.0,0.0,0.0,2023-12-27 07:45:31,False,False,False,True,0.0,3.0139949879913706e-05,LOW
6,,,0.0,0.0,0.0,0.0,2023-12-27 23:21:08,False,False,False,True,0.0,8.640697866422331e-05,LOW
6,,,0.0,0.0,0.0,0.0,2023-12-28 01:05:55,False,False,False,True,0.0,0.0002138423330812003,LOW
6,0.0,0.0,,,0.0,0.0,2023-12-28 22:04:52,False,False,False,True,0.0,0.0005028059161527356,LOW
6,,,0.0,0.0,0.0,0.0,2023-12-28 16:39:22,False,False,False,True,0.0,3.0139949879913706e-05,LOW
6,,,0.0,0.0,0.0,0.0,2023-12-27 03:39:31,False,False,False,True,0.0,0.0006583778466667821,LOW
6,0.0,0.0,,,0.0,0.0,2023-12-31 00:42:06,False,False,False,True,0.0,0.0017233274529635794,LOW
6,0.0,0.0,0.0,0.0,0.0,0.0,2023-12-28 22:22:21,False,False,False,True,0.0,0.009011744780240671,LOW
6,,,0.0,0.0,0.0,0.0,2023-12-27 11:36:19,False,False,False,True,0.0,3.0139949879913706e-05,LOW
6,,,0.0,0.0,0.0,0.0,2023-12-28 09:23:01,False,False,False,True,0.0,0.0004051728779167054,LOW
6,,,0.0,0.0,0.0,0.0,2023-12-28 18:57:26,False,False,False,True,0.0,3.753451253192207e-05,LOW
6,,,0.0,0.0,0.0,0.0,2023-12-27 03:13:06,False,False,False,True,0.0,0.0009558120371327735,LOW
6,,,0.0,0.0,0.0,0.0,2023-12-27 23:34:27,False,False,False,True,0.0,0.00023953986068774475,LOW
6,,,0.0,0.0,0.0,0.0,2023-12-28 01:11:10,False,False,False,True,0.0,0.0002391110107360706,LOW
6,,,0.0,0.0,0.0,0.0,2023-12-28 08:40:11,False,False,False,True,0.0,3.0139949879913706e-05,LOW
6,,,0.0,0.0,0.0,0.0,2023-12-28 09:57:07,False,False,False,True,0.0,3.0139949879913706e-05,LOW
6,,,0.0,0.0,0.0,0.0,2023-12-27 20:06:35,False,False,False,True,0.0,0.00014591920905147448,LOW
6,,,0.0,0.0,0.0,0.0,2023-12-28 19:31:02,False,False,False,True,0.0,3.753451253192207e-05,LOW
6,,,0.0,0.0,0.0,0.0,2023-12-28 10:36:13,False,False,False,True,0.0,0.000174749245157537,LOW
6,,,0.0,0.0,0.0,0.0,2023-12-27 21:36:54,False,False,False,True,0.0,9.274250877241608e-05,LOW
6,0.0,0.0,0.0,0.0,0.0,0.0,2023-12-31 00:36:33,False,False,False,True,0.0,0.08934800290658237,LOW
6,,,0.0,0.0,0.0,0.0,2023-12-27 10:28:04,False,False,False,True,0.0,0.00010540440385021582,LOW
6,,,0.0,0.0,0.0,0.0,2023-12-27 19:45:41,False,False,False,True,0.0,3.753451253192207e-05,LOW
6,0.0,0.0,,,0.0,0.0,2023-12-25 15:53:48,False,False,False,True,0.0,0.0006246787228377455,LOW
6,,,0.0,0.0,0.0,0.0,2023-12-28 16:37:18,False,False,False,True,0.0,3.0139949879913706e-05,LOW
6,,,0.0,0.0,0.0,0.0,2023-12-27 07:52:54,False,False,False,True,0.0,3.0139949879913706e-05,LOW
6,,,0.0,0.0,0.0,0.0,2023-12-28 14:52:55,False,False,False,True,0.0,6.577961616852005e-05,LOW
6,,,0.0,0.0,0.0,0.0,2023-12-28 15:06:14,False,False,False,True,0.0,0.00013587151750896515,LOW
6,,,0.0,0.0,0.0,0.0,2023-12-27 11:43:16,False,False,False,True,0.0,3.0139949879913706e-05,LOW
6,,,0.0,0.0,0.0,0.0,2023-12-27 13:22:50,False,False,False,True,0.0,8.608940587476259e-05,LOW
6,,,0.0,0.0,0.0,0.0,2023-12-27 19:26:34,False,False,False,True,0.0,8.673371709265663e-05,LOW
6,0.0,0.0,,,0.0,0.0,2023-12-31 00:42:06,False,False,False,True,0.0,0.0006127481647081874,LOW
6,,,0.0,0.0,0.0,0.0,2023-12-27 05:53:47,False,False,False,True,0.0,7.283614524450449e-05,LOW
6,,,0.0,0.0,0.0,0.0,2023-12-28 07:37:59,False,False,False,True,0.0,3.0139949879913706e-05,LOW
6,,,0.0,0.0,0.0,0.0,2023-12-27 08:07:45,False,False,False,True,0.0,0.00015016990231191642,LOW
6,,,0.0,0.0,0.0,0.0,2023-12-27 15:55:40,False,False,False,True,0.0,0.0004076596489704627,LOW
6,,,0.0,0.0,0.0,0.0,2023-12-27 10:13:12,False,False,False,True,0.0,3.0139949879913706e-05,LOW
6,,,0.0,0.0,0.0,0.0,2023-12-27 22:29:16,False,False,False,True,0.0,8.640697866422331e-05,LOW
6,0.0,0.0,,,0.0,0.0,2023-12-25 16:33:12,False,False,False,True,0.0,0.0008084267925056306,LOW
6,,,0.0,0.0,0.0,0.0,2023-12-27 15:38:09,False,False,False,True,0.0,3.0139949879913706e-05,LOW
6,,,0.0,0.0,0.0,0.0,2023-12-28 03:30:45,False,False,False,True,0.0,0.00011732920169334565,LOW
6,,,0.0,0.0,0.0,0.0,2023-12-27 19:32:55,False,False,False,True,0.0,0.0017595092898702825,LOW
6,,,0.0,0.0,0.0,0.0,2023-12-27 03:33:14,False,False,False,True,0.0,7.283614524450449e-05,LOW
6,,,0.0,0.0,0.0,0.0,2023-12-27 08:22:56,False,False,False,True,0.0,0.0016115534528089892,LOW
6,,,0.0,0.0,0.0,0.0,2023-12-27 19:43:10,False,False,False,True,0.0,0.0006789795824406396,LOW
6,,,0.0,0.0,0.0,0.0,2023-12-27 23:09:04,False,False,False,True,0.0,0.00016489716990254646,LOW
6,,,0.0,0.0,0.0,0.0,2023-12-27 06:05:34,False,False,False,True,0.0,0.00011777218696409897,LOW
6,,,0.0,0.0,0.0,0.0,2023-12-27 03:39:32,False,False,False,True,0.0,0.0031512123262928244,LOW
6,,,0.0,0.0,0.0,0.0,2023-12-28 18:42:17,False,False,False,True,0.0,0.00010102318599643639,LOW
6,,,0.0,0.0,0.0,0.0,2023-12-27 06:53:30,False,False,False,True,0.0,0.00011777218696409897,LOW
6,,,0.0,0.0,0.0,0.0,2023-12-28 20:51:15,False,False,False,True,0.0,0.0017595092898702825,LOW
6,,,0.0,0.0,0.0,0.0,2023-12-28 13:23:19,False,False,False,True,0.0,0.0003977779642853765,LOW
6,,,0.0,0.0,0.0,0.0,2023-12-28 06:56:40,False,False,False,True,0.0,7.283614524450449e-05,LOW
6,,,0.0,0.0,0.0,0.0,2023-12-27 13:13:55,False,False,False,True,0.0,3.0139949879913706e-05,LOW
6,,,0.0,0.0,0.0,0.0,2023-12-27 10:49:47,False,False,False,True,0.0,3.0139949879913706e-05,LOW
6,,,0.0,0.0,0.0,0.0,2023-12-28 15:23:57,False,False,False,True,0.0,3.0139949879913706e-05,LOW
6,0.0,0.0,,,0.0,0.0,2023-12-31 00:42:06,False,False,False,True,0.0,0.0006127481647081874,LOW
6,,,0.0,0.0,0.0,0.0,2023-12-28 20:06:14,False,False,False,True,0.0,0.00014797222827286693,LOW
6,0.0,0.0,0.0,0.0,0.0,0.0,2023-12-31 00:36:59,False,False,False,True,0.0,0.03113311375808412,LOW
6,,,0.0,0.0,0.0,0.0,2023-12-27 23:30:40,False,False,False,True,0.0,0.0001294299124572474,LOW
6,,,0.0,0.0,0.0,0.0,2023-12-28 10:14:07,False,False,False,True,0.0,7.546887465885332e-05,LOW
6,,,0.0,0.0,0.0,0.0,2023-12-28 02:33:46,False,False,False,True,0.0,7.283614524450449e-05,LOW
6,,,0.0,0.0,0.0,0.0,2023-12-28 12:56:23,False,False,False,True,0.0,7.933915444064827e-05,LOW
6,,,0.0,0.0,0.0,0.0,2023-12-28 18:34:50,False,False,False,True,0.0,3.753451253192207e-05,LOW
6,,,0.0,0.0,0.0,0.0,2023-12-27 12:07:41,False,False,False,True,0.0,3.0139949879913706e-05,LOW
6,,,0.0,0.0,0.0,0.0,2023-12-28 15:32:13,False,False,False,True,0.0,3.0139949879913706e-05,LOW
6,,,0.0,0.0,0.0,0.0,2023-12-28 04:30:45,False,False,False,True,0.0,0.0001258967136878624,LOW
6,,,0.0,0.0,0.0,0.0,2023-12-27 06:52:45,False,False,False,True,0.0,0.0001603481623357919,LOW
6,,,0.0,0.0,0.0,0.0,2023-12-28 01:31:31,False,False,False,True,0.0,7.283614524450449e-05,LOW
6,,,0.0,0.0,0.0,0.0,2023-12-28 07:13:00,False,False,False,True,0.0,0.0004758036450138628,LOW
6,0.0,0.0,,,0.0,0.0,2022-09-08 11:02:13,False,False,False,True,0.0,0.0008339510698330127,LOW
6,,,0.0,0.0,0.0,0.0,2023-12-27 21:37:47,False,False,False,True,0.0,3.753451253192207e-05,LOW
6,,,0.0,0.0,0.0,0.0,2023-12-28 04:34:23,False,False,False,True,0.0,0.0001280441414849985,LOW
6,0.0,0.0,,,0.0,0.0,2019-12-07 17:07:57,False,False,False,True,0.0,0.0013678068756014339,LOW
6,,,0.0,0.0,0.0,0.0,2023-12-28 01:05:56,False,False,False,True,0.0,0.00011777218696409897,LOW
6,0.0,0.0,,,0.0,0.0,2023-12-28 22:06:54,False,False,False,True,0.0,0.0005028059161527356,LOW
6,0.0,0.0,,,0.0,0.0,2023-12-28 22:26:31,False,False,False,True,0.0,0.000796314377626418,LOW
6,,,0.0,0.0,0.0,0.0,2023-12-28 10:08:47,False,False,False,True,0.0,3.0139949879913706e-05,LOW
6,,,0.0,0.0,0.0,0.0,2023-12-27 08:22:45,False,False,False,True,0.0,0.0016154148166916127,LOW
6,,,0.0,0.0,0.0,0.0,2023-12-27 14:35:51,False,False,False,True,0.0,3.0139949879913706e-05,LOW
6,0.0,0.0,0.0,0.0,0.0,0.0,2023-12-28 22:22:15,False,False,False,True,0.0,0.010967776953611175,LOW
6,,,0.0,0.0,0.0,0.0,2023-12-27 19:27:07,False,False,False,True,0.0,0.0074205355334820275,LOW
6,0.0,0.0,0.0,0.0,0.0,0.0,2023-12-31 00:36:36,False,False,False,True,0.0,0.017323778458024592,LOW
6,,,0.0,0.0,0.0,0.0,2023-12-28 05:59:27,False,False,False,True,0.0,7.283614524450449e-05,LOW
6,0.0,0.0,,,0.0,0.0,2019-12-07 22:54:23,False,False,False,True,0.0,0.0013457087475273605,LOW
6,,,0.0,0.0,0.0,0.0,2023-12-28 21:36:29,False,False,False,True,0.0,3.753451253192207e-05,LOW
6,0.0,0.0,,,0.0,0.0,2019-12-07 22:54:25,False,False,False,True,0.0,0.0013457087475273605,LOW
6,,,0.0,0.0,0.0,0.0,2023-12-27 07:45:43,False,False,False,True,0.0,0.00015768084111753358,LOW
6,,,0.0,0.0,0.0,0.0,2023-12-27 22:13:42,False,False,False,True,0.0,8.640697866422331e-05,LOW
6,,,0.0,0.0,0.0,0.0,2023-12-28 12:49:08,False,False,False,True,0.0,3.0139949879913706e-05,LOW
6,,,0.0,0.0,0.0,0.0,2023-12-28 11:32:32,False,False,False,True,0.0,0.0001725579096889057,LOW
6,,,0.0,0.0,0.0,0.0,2023-12-28 06:49:30,False,False,False,True,0.0,7.283614524450449e-05,LOW
6,,,0.0,0.0,0.0,0.0,2023-12-28 03:21:24,False,False,False,True,0.0,7.283614524450449e-05,LOW
6,,,0.0,0.0,0.0,0.0,2023-12-28 12:13:27,False,False,False,True,0.0,0.0001725579096889057,LOW
6,,,0.0,0.0,0.0,0.0,2023-12-28 21:27:03,False,False,False,True,0.0,3.753451253192207e-05,LOW
6,,,0.0,0.0,0.0,0.0,2023-12-28 06:16:16,False,False,False,True,0.0,0.00014543835560873466,LOW
6,,,0.0,0.0,0.0,0.0,2023-12-28 02:49:16,False,False,False,True,0.0,7.283614524450449e-05,LOW
6,,,0.0,0.0,0.0,0.0,2023-12-28 06:16:26,False,False,False,True,0.0,7.283614524450449e-05,LOW
6,0.0,0.0,,,0.0,0.0,2022-12-18 23:28:36,False,False,False,True,0.0,0.00025551987623733427,LOW
6,,,0.0,0.0,0.0,0.0,2023-12-28 03:09:10,False,False,False,True,0.0,0.00026833059282729626,LOW
6,,,0.0,0.0,0.0,0.0,2023-12-27 10:39:25,False,False,False,True,0.0,3.0139949879913706e-05,LOW
6,,,0.0,0.0,0.0,0.0,2023-12-28 16:42:32,False,False,False,True,0.0,0.00041695131335242066,LOW
6,,,0.0,0.0,0.0,0.0,2023-12-27 22:37:00,False,False,False,True,0.0,8.640697866422331e-05,LOW
6,,,0.0,0.0,0.0,0.0,2023-12-28 03:28:38,False,False,False,True,0.0,0.00012203534980523903,LOW
6,,,0.0,0.0,0.0,0.0,2023-12-27 15:13:50,False,False,False,True,0.0,0.00013244686252952595,LOW
6,0.0,0.0,,,0.0,0.0,2022-12-16 16:12:53,False,False,False,True,0.0,0.0007152923017110812,LOW
6,,,0.0,0.0,0.0,0.0,2023-12-28 12:51:14,False,False,False,True,0.0,7.360828163221378e-05,LOW
6,,,0.0,0.0,0.0,0.0,2023-12-28 06:46:57,False,False,False,True,0.0,0.0001575026072505381,LOW
6,0.0,0.0,,,0.0,0.0,2023-12-28 22:18:31,False,False,False,True,0.0,0.000796314377626418,LOW
6,,,0.0,0.0,0.0,0.0,2023-12-27 08:59:02,False,False,False,True,0.0,7.916599852211542e-05,LOW
6,0.0,0.0,,,0.0,0.0,2023-12-31 00:42:03,False,False,False,True,0.0,0.00045847058193215626,LOW
6,0.0,0.0,,,0.0,0.0,2019-12-07 17:03:46,False,False,False,True,0.0,0.001960011245211956,LOW
6,,,0.0,0.0,0.0,0.0,2023-12-27 10:41:35,False,False,False,True,0.0,3.0139949879913706e-05,LOW
6,,,0.0,0.0,0.0,0.0,2023-12-28 05:07:33,False,False,False,True,0.0,0.001662817160168097,LOW
6,,,0.0,0.0,0.0,0.0,2023-12-27 04:28:41,False,False,False,True,0.0,7.283614524450449e-05,LOW
6,,,0.0,0.0,0.0,0.0,2023-12-27 08:37:55,False,False,False,True,0.0,0.00036733706442189655,LOW
6,,,0.0,0.0,0.0,0.0,2023-12-28 16:01:13,False,False,False,True,0.0,3.0139949879913706e-05,LOW
6,,,0.0,0.0,0.0,0.0,2023-12-27 10:40:43,False,False,False,True,0.0,3.0139949879913706e-05,LOW
6,,,0.0,0.0,0.0,0.0,2023-12-28 03:58:03,False,False,False,True,0.0,7.283614524450449e-05,LOW
6,,,0.0,0.0,0.0,0.0,2023-12-28 09:38:39,False,False,False,True,0.0,3.0139949879913706e-05,LOW
6,,,0.0,0.0,0.0,0.0,2023-12-27 06:40:09,False,False,False,True,0.0,7.283614524450449e-05,LOW
6,,,0.0,0.0,0.0,0.0,2023-12-27 22:17:42,False,False,False,True,0.0,8.640697866422331e-05,LOW
6,,,0.0,0.0,0.0,0.0,2023-12-28 09:23:30,False,False,False,True,0.0,0.00041354040913711134,LOW
6,,,0.0,0.0,0.0,0.0,2023-12-27 15:26:55,False,False,False,True,0.0,3.0139949879913706e-05,LOW
6,,,0.0,0.0,0.0,0.0,2023-12-28 07:04:19,False,False,False,True,0.0,3.0139949879913706e-05,LOW
6,,,0.0,0.0,0.0,0.0,2023-12-28 01:45:42,False,False,False,True,0.0,0.00022951877404501274,LOW
6,,,0.0,0.0,0.0,0.0,2023-12-27 22:57:23,False,False,False,True,0.0,8.640697866422331e-05,LOW
6,,,0.0,0.0,0.0,0.0,2023-12-27 22:14:42,False,False,False,True,0.0,8.640697866422331e-05,LOW
6,,,0.0,0.0,0.0,0.0,2023-12-27 10:39:31,False,False,False,True,0.0,0.0010144541603720283,LOW
6,0.0,0.0,,,0.0,0.0,2023-12-31 00:42:06,False,False,False,True,0.0,0.0006831863644560926,LOW
6,0.0,0.0,,,0.0,0.0,2023-12-28 22:34:24,False,False,False,True,0.0,0.0005077085929441154,LOW
6,0.0,0.0,,,0.0,0.0,2023-12-31 00:42:05,False,False,False,True,0.0,0.01357577562102754,LOW
6,0.0,0.0,,,0.0,0.0,2023-12-31 00:42:06,False,False,False,True,0.0,0.0006147611525054554,LOW
6,,,0.0,0.0,0.0,0.0,2023-12-28 06:42:27,False,False,False,True,0.0,7.283614524450449e-05,LOW
6,,,0.0,0.0,0.0,0.0,2023-12-28 05:39:46,False,False,False,True,0.0,7.283614524450449e-05,LOW
6,,,0.0,0.0,0.0,0.0,2023-12-27 08:52:45,False,False,False,True,0.0,6.035861106720386e-05,LOW
6,0.0,0.0,,,0.0,0.0,2023-12-31 00:42:06,False,False,False,True,0.0,0.0006127481647081874,LOW
6,,,0.0,0.0,0.0,0.0,2023-12-28 01:46:58,False,False,False,True,0.0,0.00017386909527965713,LOW
6,0.0,0.0,,,0.0,0.0,2023-12-25 17:08:39,False,False,False,True,0.0,0.0008084267925056306,LOW
6,,,0.0,0.0,0.0,0.0,2023-12-28 09:23:25,False,False,False,True,0.0,0.00046009488949516614,LOW
6,,,0.0,0.0,0.0,0.0,2023-12-28 21:25:18,False,False,False,True,0.0,0.00014797222827286693,LOW
6,0.0,0.0,,,0.0,0.0,2019-12-07 22:54:23,False,False,False,True,0.0,0.0013457087475273605,LOW
6,,,0.0,0.0,0.0,0.0,2023-12-27 16:54:18,False,False,False,True,0.0,0.00015768084111753358,LOW
6,,,0.0,0.0,0.0,0.0,2023-12-27 22:31:49,False,False,False,True,0.0,8.640697866422331e-05,LOW
6,,,0.0,0.0,0.0,0.0,2023-12-27 23:04:30,False,False,False,True,0.0,8.640697866422331e-05,LOW
6,,,0.0,0.0,0.0,0.0,2023-12-28 19:09:37,False,False,False,True,0.0,3.753451253192207e-05,LOW
6,,,0.0,0.0,0.0,0.0,2023-12-27 19:00:01,False,False,False,True,0.0,0.00016944249977088796,LOW
6,,,0.0,0.0,0.0,0.0,2023-12-27 13:43:48,False,False,False,True,0.0,3.0139949879913706e-05,LOW
6,,,0.0,0.0,0.0,0.0,2023-12-28 17:07:29,False,False,False,True,0.0,0.00013852464639946608,LOW
6,,,0.0,0.0,0.0,0.0,2023-12-28 12:51:14,False,False,False,True,0.0,6.035861106720386e-05,LOW
6,,,0.0,0.0,0.0,0.0,2023-12-27 10:14:04,False,False,False,True,0.0,0.00013715301064141935,LOW
6,,,0.0,0.0,0.0,0.0,2023-12-28 13:42:25,False,False,False,True,0.0,7.831442974410716e-05,LOW
6,,,0.0,0.0,0.0,0.0,2023-12-28 02:14:45,False,False,False,True,0.0,7.283614524450449e-05,LOW
6,,,0.0,0.0,0.0,0.0,2023-12-28 19:29:20,False,False,False,True,0.0,8.049133175674999e-05,LOW
6,,,0.0,0.0,0.0,0.0,2023-12-27 12:06:54,False,False,False,True,0.0,3.0139949879913706e-05,LOW
6,,,0.0,0.0,0.0,0.0,2023-12-28 17:21:49,False,False,False,True,0.0,8.711413057130368e-05,LOW
6,,,0.0,0.0,0.0,0.0,2023-12-27 19:19:45,False,False,False,True,0.0,3.753451253192207e-05,LOW
6,,,0.0,0.0,0.0,0.0,2023-12-27 13:11:52,False,False,False,True,0.0,3.0139949879913706e-05,LOW
6,0.0,0.0,,,0.0,0.0,2022-12-16 16:12:46,False,False,False,True,0.0,0.000403674348361707,LOW
6,,,0.0,0.0,0.0,0.0,2023-12-28 02:36:42,False,False,False,True,0.0,0.00010847581153311085,LOW
6,,,0.0,0.0,0.0,0.0,2023-12-27 10:39:31,False,False,False,True,0.0,0.0009940553193300019,LOW
6,,,0.0,0.0,0.0,0.0,2023-12-27 16:38:13,False,False,False,True,0.0,0.00013201015362634174,LOW
6,,,0.0,0.0,0.0,0.0,2023-12-27 09:03:11,False,False,False,True,0.0,3.0139949879913706e-05,LOW
6,,,0.0,0.0,0.0,0.0,2023-12-27 15:03:14,False,False,False,True,0.0,0.0033869634732478933,LOW
6,,,0.0,0.0,0.0,0.0,2023-12-27 18:55:14,False,False,False,True,0.0,3.753451253192207e-05,LOW
6,0.0,0.0,,,0.0,0.0,2019-12-07 17:14:52,False,False,False,True,0.0,0.0013001191013094486,LOW
6,,,0.0,0.0,0.0,0.0,2023-12-27 15:04:52,False,False,False,True,0.0,3.0139949879913706e-05,LOW
6,0.0,0.0,,,0.0,0.0,2023-12-31 00:42:03,False,False,False,True,0.0,0.0007103820938169967,LOW
6,,,0.0,0.0,0.0,0.0,2023-12-28 07:15:43,False,False,False,True,0.0,8.790666643516506e-05,LOW
6,,,0.0,0.0,0.0,0.0,2023-12-28 12:22:56,False,False,False,True,0.0,0.0003906957536753436,LOW
6,0.0,0.0,,,0.0,0.0,2019-12-07 17:14:52,False,False,False,True,0.0,0.0013001191013094486,LOW
6,,,0.0,0.0,0.0,0.0,2023-12-28 12:22:25,False,False,False,True,0.0,0.0016201209648035063,LOW
6,,,0.0,0.0,0.0,0.0,2023-12-28 20:12:25,False,False,False,True,0.0,0.0016275155274555145,LOW
6,,,0.0,0.0,0.0,0.0,2023-12-27 09:48:51,False,False,False,True,0.0,9.240394304911013e-05,LOW
6,,,0.0,0.0,0.0,0.0,2023-12-27 16:28:06,False,False,False,True,0.0,3.0139949879913706e-05,LOW
6,,,0.0,0.0,0.0,0.0,2023-12-27 16:22:33,False,False,False,True,0.0,3.0139949879913706e-05,LOW
6,,,0.0,0.0,0.0,0.0,2023-12-27 19:21:46,False,False,False,True,0.0,3.753451253192207e-05,LOW
6,0.0,0.0,,,0.0,0.0,2022-12-20 22:00:26,False,False,False,True,0.0,0.0009406406691040792,LOW
6,,,0.0,0.0,0.0,0.0,2023-12-31 00:36:33,False,False,False,True,0.0,0.008764087942696671,LOW
6,,,0.0,0.0,0.0,0.0,2023-12-27 13:37:46,False,False,False,True,0.0,8.403638665337012e-05,LOW
6,,,0.0,0.0,0.0,0.0,2023-12-28 07:33:16,False,False,False,True,0.0,0.00010319258137143763,LOW
6,,,0.0,0.0,0.0,0.0,2023-12-28 04:21:31,False,False,False,True,0.0,0.0001555592810498414,LOW
6,,,0.0,0.0,0.0,0.0,2023-12-27 05:43:03,False,False,False,True,0.0,0.00044801876583257114,LOW
6,,,0.0,0.0,0.0,0.0,2023-12-28 11:42:59,False,False,False,True,0.0,3.0139949879913706e-05,LOW
6,,,0.0,0.0,0.0,0.0,2023-12-27 04:03:44,False,False,False,True,0.0,7.283614524450449e-05,LOW
6,,,0.0,0.0,0.0,0.0,2023-12-27 12:11:14,False,False,False,True,0.0,3.0139949879913706e-05,LOW
6,,,0.0,0.0,0.0,0.0,2023-12-27 18:11:54,False,False,False,True,0.0,0.00010102318599643639,LOW
6,,,0.0,0.0,0.0,0.0,2023-12-28 10:50:58,False,False,False,True,0.0,3.0139949879913706e-05,LOW
6,,,0.0,0.0,0.0,0.0,2023-12-28 02:45:50,False,False,False,True,0.0,0.00165424964817358,LOW
6,,,0.0,0.0,0.0,0.0,2023-12-28 12:21:14,False,False,False,True,0.0,8.403638665337012e-05,LOW
6,0.0,0.0,,,0.0,0.0,2023-12-28 22:29:19,False,False,False,True,0.0,0.001473971192241955,LOW
6,,,0.0,0.0,0.0,0.0,2023-12-27 15:22:46,False,False,False,True,0.0,8.790666643516506e-05,LOW
6,,,0.0,0.0,0.0,0.0,2023-12-27 19:12:02,False,False,False,True,0.0,0.006608001609698341,LOW
6,,,0.0,0.0,0.0,0.0,2023-12-27 12:52:53,False,False,False,True,0.0,7.179993697098282e-05,LOW
6,,,0.0,0.0,0.0,0.0,2023-12-28 01:16:05,False,False,False,True,0.0,0.00016369293471567815,LOW
6,,,0.0,0.0,0.0,0.0,2023-12-27 06:24:15,False,False,False,True,0.0,7.283614524450449e-05,LOW
6,,,0.0,0.0,0.0,0.0,2023-12-27 18:43:46,False,False,False,True,0.0,0.0001575644649639248,LOW
6,0.0,0.0,,,0.0,0.0,2023-12-25 16:20:50,False,False,False,True,0.0,0.0011297192507965456,LOW
6,,,0.0,0.0,0.0,0.0,2023-12-28 04:49:54,False,False,False,True,0.0,7.283614524450449e-05,LOW
6,,,0.0,0.0,0.0,0.0,2023-12-27 21:54:12,False,False,False,True,0.0,0.0002165494254350718,LOW
6,,,0.0,0.0,0.0,0.0,2023-12-27 06:51:32,False,False,False,True,0.0,7.283614524450449e-05,LOW
6,,,0.0,0.0,0.0,0.0,2023-12-28 07:54:33,False,False,False,True,0.0,3.0139949879913706e-05,LOW
6,,,0.0,0.0,0.0,0.0,2023-12-27 09:08:21,False,False,False,True,0.0,7.933915444064827e-05,LOW
6,,,0.0,0.0,0.0,0.0,2023-12-28 08:51:17,False,False,False,True,0.0,6.506475917909724e-05,LOW
6,,,0.0,0.0,0.0,0.0,2023-12-27 22:59:48,False,False,False,True,0.0,8.640697866422331e-05,LOW
6,0.0,0.0,0.0,0.0,0.0,0.0,2023-12-28 22:39:44,False,False,False,True,0.0,0.18166288240141168,LOW
6,,,0.0,0.0,0.0,0.0,2023-12-28 10:22:13,False,False,False,True,0.0,7.546887465885332e-05,LOW
6,,,0.0,0.0,0.0,0.0,2023-12-28 12:02:17,False,False,False,True,0.0,3.0139949879913706e-05,LOW
6,,,0.0,0.0,0.0,0.0,2023-12-28 12:34:51,False,False,False,True,0.0,7.933915444064827e-05,LOW
6,,,0.0,0.0,0.0,0.0,2023-12-28 21:42:12,False,False,False,True,0.0,3.753451253192207e-05,LOW
6,,,0.0,0.0,0.0,0.0,2023-12-27 19:14:40,False,False,False,True,0.0,3.753451253192207e-05,LOW
6,,,0.0,0.0,0.0,0.0,2023-12-28 11:08:50,False,False,False,True,0.0,3.0139949879913706e-05,LOW
6,0.0,0.0,,,0.0,0.0,2023-12-31 00:42:02,False,False,False,True,0.0,0.0007083691060197286,LOW
6,,,0.0,0.0,0.0,0.0,2023-12-27 05:42:28,False,False,False,True,0.0,7.283614524450449e-05,LOW
6,0.0,0.0,,,0.0,0.0,2022-12-20 22:00:42,False,False,False,True,0.0,0.00019556790028262127,LOW
6,0.0,0.0,,,0.0,0.0,2019-12-07 23:03:11,False,False,False,True,0.0,0.0006838036158275849,LOW
6,,,0.0,0.0,0.0,0.0,2023-12-28 16:58:48,False,False,False,True,0.0,3.0139949879913706e-05,LOW
6,,,0.0,0.0,0.0,0.0,2023-12-28 12:52:17,False,False,False,True,0.0,3.295091030301866e-05,LOW
6,,,0.0,0.0,0.0,0.0,2023-12-28 06:51:58,False,False,False,True,0.0,7.283614524450449e-05,LOW
6,,,0.0,0.0,0.0,0.0,2023-12-27 18:29:06,False,False,False,True,0.0,0.00012554910570325043,LOW
6,0.0,0.0,,,0.0,0.0,2023-12-28 22:20:31,False,False,False,True,0.0,0.0005028059161527356,LOW
6,0.0,0.0,,,0.0,0.0,2023-12-25 16:11:53,False,False,False,True,0.0,0.0009290985484248299,LOW
6,,,0.0,0.0,0.0,0.0,2023-12-28 02:15:42,False,False,False,True,0.0,0.0001258967136878624,LOW
6,,,0.0,0.0,0.0,0.0,2023-12-27 12:24:45,False,False,False,True,0.0,3.0139949879913706e-05,LOW
6,,,0.0,0.0,0.0,0.0,2023-12-27 14:37:21,False,False,False,True,0.0,3.0139949879913706e-05,LOW
6,,,0.0,0.0,0.0,0.0,2023-12-27 18:22:46,False,False,False,True,0.0,0.00014326608016097353,LOW
6,0.0,0.0,,,0.0,0.0,2023-12-28 21:59:00,False,False,False,True,0.0,0.0019591396646052514,LOW
6,,,0.0,0.0,0.0,0.0,2023-12-27 10:15:08,False,False,False,True,0.0,0.00013587151750896515,LOW
6,,,0.0,0.0,0.0,0.0,2023-12-28 17:14:29,False,False,False,True,0.0,7.933915444064827e-05,LOW
6,,,0.0,0.0,0.0,0.0,2023-12-27 08:33:37,False,False,False,True,0.0,3.0139949879913706e-05,LOW
6,,,0.0,0.0,0.0,0.0,2023-12-27 21:32:19,False,False,False,True,0.0,9.143094930537852e-05,LOW
6,,,0.0,0.0,0.0,0.0,2023-12-28 17:51:14,False,False,False,True,0.0,8.320051832327168e-05,LOW
6,,,0.0,0.0,0.0,0.0,2023-12-28 17:18:49,False,False,False,True,0.0,3.0139949879913706e-05,LOW
6,,,0.0,0.0,0.0,0.0,2023-12-28 03:38:48,False,False,False,True,0.0,7.283614524450449e-05,LOW
6,,,0.0,0.0,0.0,0.0,2023-12-27 04:50:15,False,False,False,True,0.0,0.00012203534980523903,LOW
6,,,0.0,0.0,0.0,0.0,2023-12-28 11:54:11,False,False,False,True,0.0,3.0139949879913706e-05,LOW
6,0.0,0.0,,,0.0,0.0,2023-12-25 17:14:04,False,False,False,True,0.0,0.0008084267925056306,LOW
6,,,0.0,0.0,0.0,0.0,2023-12-27 16:03:59,False,False,False,True,0.0,7.546887465885332e-05,LOW
6,,,0.0,0.0,0.0,0.0,2023-12-28 11:44:22,False,False,False,True,0.0,0.00011712624852639069,LOW
6,,,0.0,0.0,0.0,0.0,2023-12-27 05:51:01,False,False,False,True,0.0,7.283614524450449e-05,LOW
6,,,0.0,0.0,0.0,0.0,2023-12-27 16:14:03,False,False,False,True,0.0,0.00015016990231191642,LOW
6,,,0.0,0.0,0.0,0.0,2023-12-28 09:22:28,False,False,False,True,0.0,0.00213836239157604,LOW
6,,,0.0,0.0,0.0,0.0,2023-12-28 20:32:08,False,False,False,True,0.0,3.753451253192207e-05,LOW
6,,,0.0,0.0,0.0,0.0,2023-12-27 06:10:32,False,False,False,True,0.0,7.283614524450449e-05,LOW
6,,,0.0,0.0,0.0,0.0,2023-12-27 12:15:25,False,False,False,True,0.0,7.933915444064827e-05,LOW
6,,,0.0,0.0,0.0,0.0,2023-12-27 20:34:49,False,False,False,True,0.0,0.00014797222827286693,LOW
6,,,0.0,0.0,0.0,0.0,2023-12-28 11:37:52,False,False,False,True,0.0,3.0139949879913706e-05,LOW
6,,,0.0,0.0,0.0,0.0,2023-12-27 12:07:46,False,False,False,True,0.0,8.403638665337012e-05,LOW
6,,,0.0,0.0,0.0,0.0,2023-12-28 04:04:45,False,False,False,True,0.0,0.005623239860436105,LOW
6,,,0.0,0.0,0.0,0.0,2023-12-28 09:23:09,False,False,False,True,0.0,9.568164256582048e-05,LOW
6,,,0.0,0.0,0.0,0.0,2023-12-28 10:25:31,False,False,False,True,0.0,7.546887465885332e-05,LOW
6,,,0.0,0.0,0.0,0.0,2023-12-27 04:23:41,False,False,False,True,0.0,0.00012203534980523903,LOW
6,,,0.0,0.0,0.0,0.0,2023-12-28 09:22:48,False,False,False,True,0.0,0.0022352053973886173,LOW
6,,,0.0,0.0,0.0,0.0,2023-12-28 02:48:03,False,False,False,True,0.0,7.283614524450449e-05,LOW
6,,,0.0,0.0,0.0,0.0,2023-12-27 07:54:27,False,False,False,True,0.0,3.0139949879913706e-05,LOW
6,,,0.0,0.0,0.0,0.0,2023-12-28 04:46:53,False,False,False,True,0.0,7.283614524450449e-05,LOW
6,,,0.0,0.0,0.0,0.0,2023-12-28 15:32:25,False,False,False,True,0.0,0.0016201209648035063,LOW
6,,,0.0,0.0,0.0,0.0,2023-12-28 15:22:18,False,False,False,True,0.0,0.0006715850197886311,LOW
6,,,0.0,0.0,0.0,0.0,2023-12-27 11:32:38,False,False,False,True,0.0,8.790666643516506e-05,LOW
6,0.0,0.0,,,0.0,0.0,2022-12-18 23:11:54,False,False,False,True,0.0,0.0002575328640346022,LOW
6,,,0.0,0.0,0.0,0.0,2023-12-27 20:44:44,False,False,False,True,0.0,0.0001575644649639248,LOW
6,,,0.0,0.0,0.0,0.0,2023-12-27 06:59:18,False,False,False,True,0.0,0.00012203534980523903,LOW
6,,,0.0,0.0,0.0,0.0,2023-12-27 08:54:27,False,False,False,True,0.0,3.0139949879913706e-05,LOW
6,,,0.0,0.0,0.0,0.0,2023-12-27 03:56:16,False,False,False,True,0.0,0.0001306028617997558,LOW
6,,,0.0,0.0,0.0,0.0,2023-12-27 08:10:08,False,False,False,True,0.0,3.0139949879913706e-05,LOW
6,,,0.0,0.0,0.0,0.0,2023-12-28 17:23:00,False,False,False,True,0.0,3.0139949879913706e-05,LOW
6,,,0.0,0.0,0.0,0.0,2023-12-28 08:51:11,False,False,False,True,0.0,0.000601936225603398,LOW
6,,,0.0,0.0,0.0,0.0,2023-12-28 05:37:41,False,False,False,True,0.0,0.00012203534980523903,LOW
6,,,0.0,0.0,0.0,0.0,2023-12-28 11:27:53,False,False,False,True,0.0,8.534794612040772e-05,LOW
6,,,0.0,0.0,0.0,0.0,2023-12-28 11:27:21,False,False,False,True,0.0,0.00013852464639946608,LOW
6,,,0.0,0.0,0.0,0.0,2023-12-28 20:11:20,False,False,False,True,0.0,8.673371709265663e-05,LOW
6,,,0.0,0.0,0.0,0.0,2023-12-27 02:49:11,False,False,False,True,0.0,0.003658984962397073,LOW
6,,,0.0,0.0,0.0,0.0,2023-12-28 09:22:18,False,False,False,True,0.0,0.00016776989402814257,LOW
6,,,0.0,0.0,0.0,0.0,2023-12-28 12:51:14,False,False,False,True,0.0,0.00013852464639946608,LOW
6,,,0.0,0.0,0.0,0.0,2023-12-28 10:13:17,False,False,False,True,0.0,8.608940587476259e-05,LOW
6,,,0.0,0.0,0.0,0.0,2023-12-27 08:52:50,False,False,False,True,0.0,8.320051832327168e-05,LOW
6,,,0.0,0.0,0.0,0.0,2023-12-28 08:15:43,False,False,False,True,0.0,8.320051832327168e-05,LOW
6,,,0.0,0.0,0.0,0.0,2023-12-27 05:13:35,False,False,False,True,0.0,0.00011777218696409897,LOW
6,,,0.0,0.0,0.0,0.0,2023-12-28 09:22:48,False,False,False,True,0.0,0.0019539252817094856,LOW
6,,,0.0,0.0,0.0,0.0,2023-12-27 20:00:35,False,False,False,True,0.0,8.673371709265663e-05,LOW
6,0.0,0.0,,,0.0,0.0,2022-12-16 16:16:58,False,False,False,True,0.0,0.00016543801894772597,LOW
6,,,0.0,0.0,0.0,0.0,2023-12-28 12:21:14,False,False,False,True,0.0,0.00015016990231191642,LOW
6,,,0.0,0.0,0.0,0.0,2023-12-28 04:46:46,False,False,False,True,0.0,0.00014543835560873466,LOW
6,,,0.0,0.0,0.0,0.0,2023-12-28 15:16:19,False,False,False,True,0.0,3.0139949879913706e-05,LOW
6,,,0.0,0.0,0.0,0.0,2023-12-28 12:02:25,False,False,False,True,0.0,7.831442974410716e-05,LOW
6,,,0.0,0.0,0.0,0.0,2023-12-31 00:36:42,False,False,False,True,0.0,0.016234149761531206,LOW
6,,,0.0,0.0,0.0,0.0,2023-12-28 13:35:44,False,False,False,True,0.0,3.0139949879913706e-05,LOW
6,,,0.0,0.0,0.0,0.0,2023-12-28 09:51:13,False,False,False,True,0.0,0.0002053172443482788,LOW
6,,,0.0,0.0,0.0,0.0,2023-12-28 19:53:56,False,False,False,True,0.0,3.753451253192207e-05,LOW
6,0.0,0.0,,,0.0,0.0,2023-12-28 22:34:24,False,False,False,True,0.0,0.004228774155416357,LOW
6,,,0.0,0.0,0.0,0.0,2023-12-27 17:13:10,False,False,False,True,0.0,9.362862334442803e-05,LOW
6,,,0.0,0.0,0.0,0.0,2023-12-27 17:10:53,False,False,False,True,0.0,3.0139949879913706e-05,LOW
6,0.0,0.0,,,0.0,0.0,2023-12-19 15:20:03,False,False,False,True,0.0,0.0007677675736599092,LOW
6,,,0.0,0.0,0.0,0.0,2023-12-28 09:31:44,False,False,False,True,0.0,0.00039291301291609744,LOW
6,,,0.0,0.0,0.0,0.0,2023-12-28 15:29:14,False,False,False,True,0.0,0.00021605905226393957,LOW
6,,,0.0,0.0,0.0,0.0,2023-12-27 16:44:28,False,False,False,True,0.0,3.0139949879913706e-05,LOW
6,,,0.0,0.0,0.0,0.0,2023-12-28 19:17:22,False,False,False,True,0.0,3.753451253192207e-05,LOW
6,,,0.0,0.0,0.0,0.0,2023-12-27 20:19:26,False,False,False,True,0.0,3.753451253192207e-05,LOW
6,,,0.0,0.0,0.0,0.0,2023-12-28 15:03:04,False,False,False,True,0.0,0.0018599537270520532,LOW
6,,,0.0,0.0,0.0,0.0,2023-12-28 05:54:25,False,False,False,True,0.0,7.283614524450449e-05,LOW
6,,,0.0,0.0,0.0,0.0,2023-12-27 04:04:26,False,False,False,True,0.0,0.000252538623059198,LOW
6,,,0.0,0.0,0.0,0.0,2023-12-27 19:52:47,False,False,False,True,0.0,9.530122908717343e-05,LOW
6,,,0.0,0.0,0.0,0.0,2023-12-27 16:37:56,False,False,False,True,0.0,4.75608520346653e-05,LOW
6,0.0,0.0,,,0.0,0.0,2023-12-25 16:20:44,False,False,False,True,0.0,0.0008629150522517265,LOW
6,,,0.0,0.0,0.0,0.0,2023-12-28 21:35:29,False,False,False,True,0.0,3.753451253192207e-05,LOW
6,,,0.0,0.0,0.0,0.0,2023-12-28 22:20:27,False,False,False,True,0.0,0.0001294299124572474,LOW
6,,,0.0,0.0,0.0,0.0,2023-12-27 19:14:04,False,False,False,True,0.0,8.656056117412381e-05,LOW
6,,,0.0,0.0,0.0,0.0,2023-12-27 22:21:42,False,False,False,True,0.0,0.017933664915461042,LOW
6,,,0.0,0.0,0.0,0.0,2023-12-27 19:18:45,False,False,False,True,0.0,3.753451253192207e-05,LOW
6,,,0.0,0.0,0.0,0.0,2023-12-31 00:36:32,False,False,False,True,0.0,0.004452111032949795,LOW
6,,,0.0,0.0,0.0,0.0,2023-12-27 06:45:34,False,False,False,True,0.0,7.283614524450449e-05,LOW
6,,,0.0,0.0,0.0,0.0,2023-12-27 19:45:45,False,False,False,True,0.0,0.00016507540376954196,LOW
6,,,0.0,0.0,0.0,0.0,2023-12-28 01:46:31,False,False,False,True,0.0,7.283614524450449e-05,LOW
6,,,0.0,0.0,0.0,0.0,2023-12-28 05:54:50,False,False,False,True,0.0,7.283614524450449e-05,LOW
6,,,0.0,0.0,0.0,0.0,2023-12-27 14:00:38,False,False,False,True,0.0,0.0003977779642853765,LOW
6,,,0.0,0.0,0.0,0.0,2023-12-27 21:05:34,False,False,False,True,0.0,0.0001575644649639248,LOW
6,,,0.0,0.0,0.0,0.0,2023-12-27 02:50:17,False,False,False,True,0.0,7.283614524450449e-05,LOW
6,,,0.0,0.0,0.0,0.0,2023-12-27 19:10:34,False,False,False,True,0.0,8.673371709265663e-05,LOW
6,,,0.0,0.0,0.0,0.0,2023-12-27 18:40:00,False,False,False,True,0.0,0.0001575644649639248,LOW
6,,,0.0,0.0,0.0,0.0,2023-12-27 07:36:13,False,False,False,True,0.0,9.44169308463781e-05,LOW
6,,,0.0,0.0,0.0,0.0,2023-12-28 20:00:33,False,False,False,True,0.0,3.753451253192207e-05,LOW
6,,,0.0,0.0,0.0,0.0,2023-12-28 13:26:36,False,False,False,True,0.0,3.0139949879913706e-05,LOW
6,,,0.0,0.0,0.0,0.0,2023-12-27 22:53:11,False,False,False,True,0.0,8.640697866422331e-05,LOW
6,,,0.0,0.0,0.0,0.0,2023-12-28 06:45:43,False,False,False,True,0.0,0.00014929971949135807,LOW
6,,,0.0,0.0,0.0,0.0,2023-12-27 05:52:45,False,False,False,True,0.0,0.00017226044671019494,LOW
6,,,0.0,0.0,0.0,0.0,2023-12-27 19:43:41,False,False,False,True,0.0,3.753451253192207e-05,LOW
6,,,0.0,0.0,0.0,0.0,2023-12-28 14:49:10,False,False,False,True,0.0,3.0139949879913706e-05,LOW
6,,,0.0,0.0,0.0,0.0,2023-12-27 22:57:51,False,False,False,True,0.0,8.640697866422331e-05,LOW
6,,,0.0,0.0,0.0,0.0,2023-12-28 22:42:36,False,False,False,True,0.0,0.0001796550093622033,LOW
6,,,0.0,0.0,0.0,0.0,2023-12-28 17:28:40,False,False,False,True,0.0,7.933915444064827e-05,LOW
6,,,0.0,0.0,0.0,0.0,2023-12-27 09:33:40,False,False,False,True,0.0,3.0139949879913706e-05,LOW
6,0.0,0.0,,,0.0,0.0,2023-12-25 16:11:54,False,False,False,True,0.0,0.0009290985484248299,LOW
6,,,0.0,0.0,0.0,0.0,2023-12-28 16:13:48,False,False,False,True,0.0,0.0009131158417681827,LOW
6,0.0,0.0,,,0.0,0.0,2023-12-25 16:12:08,False,False,False,True,0.0,0.0009290985484248299,LOW
6,,,0.0,0.0,0.0,0.0,2023-12-27 04:48:32,False,False,False,True,0.0,7.283614524450449e-05,LOW
6,,,0.0,0.0,0.0,0.0,2023-12-27 20:32:49,False,False,False,True,0.0,0.00010307620521782884,LOW
6,,,0.0,0.0,0.0,0.0,2023-12-27 18:14:31,False,False,False,True,0.0,3.753451253192207e-05,LOW
6,,,0.0,0.0,0.0,0.0,2023-12-27 21:54:29,False,False,False,True,0.0,0.00017995247234091404,LOW
6,,,0.0,0.0,0.0,0.0,2023-12-28 21:21:51,False,False,False,True,0.0,3.753451253192207e-05,LOW
6,,,0.0,0.0,0.0,0.0,2023-12-27 19:03:04,False,False,False,True,0.0,0.0018673482897040615,LOW
6,,,0.0,0.0,0.0,0.0,2023-12-27 09:45:43,False,False,False,True,0.0,3.0139949879913706e-05,LOW
6,,,0.0,0.0,0.0,0.0,2023-12-28 16:24:16,False,False,False,True,0.0,3.0139949879913706e-05,LOW
6,,,0.0,0.0,0.0,0.0,2023-12-28 01:18:42,False,False,False,True,0.0,7.283614524450449e-05,LOW
6,,,0.0,0.0,0.0,0.0,2023-12-28 17:28:14,False,False,False,True,0.0,9.568164256582048e-05,LOW
6,,,0.0,0.0,0.0,0.0,2023-12-28 20:32:00,False,False,False,True,0.0,0.0004831982076658711,LOW
6,,,0.0,0.0,0.0,0.0,2023-12-28 15:12:32,False,False,False,True,0.0,0.0001725579096889057,LOW
6,,,0.0,0.0,0.0,0.0,2023-12-27 23:13:31,False,False,False,True,0.0,8.640697866422331e-05,LOW
6,,,0.0,0.0,0.0,0.0,2023-12-27 20:15:13,False,False,False,True,0.0,3.753451253192207e-05,LOW
6,,,0.0,0.0,0.0,0.0,2023-12-28 16:35:17,False,False,False,True,0.0,3.0139949879913706e-05,LOW
6,,,0.0,0.0,0.0,0.0,2023-12-28 18:37:56,False,False,False,True,0.0,3.753451253192207e-05,LOW
6,,,0.0,0.0,0.0,0.0,2023-12-28 19:52:01,False,False,False,True,0.0,6.389180983658881e-05,LOW
6,,,0.0,0.0,0.0,0.0,2023-12-27 02:52:45,False,False,False,True,0.0,0.00011777218696409897,LOW
6,,,0.0,0.0,0.0,0.0,2023-12-27 09:45:31,False,False,False,True,0.0,0.0004009004816371768,LOW
6,,,0.0,0.0,0.0,0.0,2023-12-28 03:15:45,False,False,False,True,0.0,0.0001258967136878624,LOW
6,,,0.0,0.0,0.0,0.0,2023-12-28 16:03:44,False,False,False,True,0.0,0.0033869634732478933,LOW
6,,,0.0,0.0,0.0,0.0,2023-12-27 05:11:57,False,False,False,True,0.0,7.283614524450449e-05,LOW
6,,,0.0,0.0,0.0,0.0,2023-12-27 16:16:30,False,False,False,True,0.0,7.933915444064827e-05,LOW
6,,,0.0,0.0,0.0,0.0,2023-12-27 11:40:12,False,False,False,True,0.0,0.00010319258137143763,LOW
6,,,0.0,0.0,0.0,0.0,2023-12-27 10:15:03,False,False,False,True,0.0,3.0139949879913706e-05,LOW
6,,,0.0,0.0,0.0,0.0,2023-12-28 15:34:27,False,False,False,True,0.0,7.933915444064827e-05,LOW
6,,,0.0,0.0,0.0,0.0,2023-12-27 19:48:05,False,False,False,True,0.0,3.753451253192207e-05,LOW
6,,,0.0,0.0,0.0,0.0,2023-12-27 19:13:15,False,False,False,True,0.0,3.753451253192207e-05,LOW
6,,,0.0,0.0,0.0,0.0,2023-12-27 10:54:23,False,False,False,True,0.0,7.933915444064827e-05,LOW
6,,,0.0,0.0,0.0,0.0,2023-12-28 08:51:07,False,False,False,True,0.0,0.0020889756726896473,LOW
6,,,0.0,0.0,0.0,0.0,2023-12-28 05:12:53,False,False,False,True,0.0,7.283614524450449e-05,LOW
6,,,0.0,0.0,0.0,0.0,2023-12-28 04:34:05,False,False,False,True,0.0,7.283614524450449e-05,LOW
6,0.0,0.0,,,0.0,0.0,2023-12-31 00:42:03,False,False,False,True,0.0,0.0007103820938169967,LOW
6,,,0.0,0.0,0.0,0.0,2023-12-28 13:22:17,False,False,False,True,0.0,0.00015768084111753358,LOW
6,,,0.0,0.0,0.0,0.0,2023-12-27 10:39:31,False,False,False,True,0.0,0.004784783451784978,LOW
6,,,0.0,0.0,0.0,0.0,2023-12-28 10:52:00,False,False,False,True,0.0,8.711413057130368e-05,LOW
6,,,0.0,0.0,0.0,0.0,2023-12-27 09:48:49,False,False,False,True,0.0,0.00021605905226393957,LOW
6,,,0.0,0.0,0.0,0.0,2023-12-28 07:15:43,False,False,False,True,0.0,7.831442974410716e-05,LOW
6,,,0.0,0.0,0.0,0.0,2023-12-28 07:06:07,False,False,False,True,0.0,0.00015016990231191642,LOW
6,,,0.0,0.0,0.0,0.0,2023-12-28 07:00:45,False,False,False,True,0.0,8.320051832327168e-05,LOW
6,,,0.0,0.0,0.0,0.0,2023-12-27 06:41:18,False,False,False,True,0.0,0.0003519203080517947,LOW
6,,,0.0,0.0,0.0,0.0,2023-12-28 08:36:33,False,False,False,True,0.0,3.0139949879913706e-05,LOW
6,,,0.0,0.0,0.0,0.0,2023-12-27 12:13:57,False,False,False,True,0.0,0.00017457089748617365,LOW
6,,,0.0,0.0,0.0,0.0,2023-12-27 13:58:16,False,False,False,True,0.0,3.0139949879913706e-05,LOW
6,,,0.0,0.0,0.0,0.0,2023-12-27 03:31:15,False,False,False,True,0.0,0.0054512717058152116,LOW
6,,,0.0,0.0,0.0,0.0,2023-12-27 13:20:43,False,False,False,True,0.0,3.0139949879913706e-05,LOW
6,,,0.0,0.0,0.0,0.0,2023-12-28 16:53:37,False,False,False,True,0.0,0.0001725579096889057,LOW
6,,,0.0,0.0,0.0,0.0,2023-12-28 18:23:17,False,False,False,True,0.0,9.348396852677098e-05,LOW
6,,,0.0,0.0,0.0,0.0,2023-12-28 04:26:25,False,False,False,True,0.0,7.283614524450449e-05,LOW
6,,,0.0,0.0,0.0,0.0,2023-12-28 11:28:11,False,False,False,True,0.0,3.0139949879913706e-05,LOW
6,,,0.0,0.0,0.0,0.0,2023-12-28 01:16:20,False,False,False,True,0.0,0.00165424964817358,LOW
6,0.0,0.0,,,0.0,0.0,2023-12-31 00:42:03,False,False,False,True,0.0,0.0007103820938169967,LOW
6,,,0.0,0.0,0.0,0.0,2023-12-27 08:32:24,False,False,False,True,0.0,0.0001725579096889057,LOW
6,0.0,0.0,,,0.0,0.0,2023-12-28 21:53:59,False,False,False,True,0.0,0.0019591396646052514,LOW
6,,,0.0,0.0,0.0,0.0,2023-12-28 16:12:47,False,False,False,True,0.0,3.0139949879913706e-05,LOW
6,,,0.0,0.0,0.0,0.0,2023-12-28 19:22:01,False,False,False,True,0.0,9.450869322331204e-05,LOW
6,0.0,0.0,,,0.0,0.0,2023-12-31 00:42:13,False,False,False,True,0.0,0.00642753160481784,LOW
6,,,0.0,0.0,0.0,0.0,2023-12-27 09:40:11,False,False,False,True,0.0,0.00014057766562085855,LOW
6,,,0.0,0.0,0.0,0.0,2023-12-28 20:32:32,False,False,False,True,0.0,7.714148040159874e-05,LOW
6,,,0.0,0.0,0.0,0.0,2023-12-28 10:58:20,False,False,False,True,0.0,0.00011712624852639069,LOW
6,,,0.0,0.0,0.0,0.0,2023-12-27 12:46:17,False,False,False,True,0.0,0.0005235012058467061,LOW
6,,,0.0,0.0,0.0,0.0,2023-12-27 06:29:57,False,False,False,True,0.0,7.283614524450449e-05,LOW
6,,,0.0,0.0,0.0,0.0,2023-12-27 21:22:47,False,False,False,True,0.0,8.454757337685583e-05,LOW
6,0.0,0.0,,,0.0,0.0,2023-12-25 16:38:05,False,False,False,True,0.0,0.0008084267925056306,LOW
6,,,0.0,0.0,0.0,0.0,2023-12-27 13:34:22,False,False,False,True,0.0,3.0139949879913706e-05,LOW
6,,,0.0,0.0,0.0,0.0,2023-12-27 06:07:45,False,False,False,True,0.0,0.0002391110107360706,LOW
6,,,0.0,0.0,0.0,0.0,2023-12-28 07:15:43,False,False,False,True,0.0,5.61283640291821e-05,LOW
6,,,0.0,0.0,0.0,0.0,2023-12-27 04:24:13,False,False,False,True,0.0,0.0004091816910084791,LOW
6,,,0.0,0.0,0.0,0.0,2023-12-27 09:13:11,False,False,False,True,0.0,0.0001725579096889057,LOW
6,,,0.0,0.0,0.0,0.0,2023-12-28 03:55:19,False,False,False,True,0.0,0.00039550795662484414,LOW
6,,,0.0,0.0,0.0,0.0,2023-12-27 08:41:40,False,False,False,True,0.0,3.0139949879913706e-05,LOW
6,,,0.0,0.0,0.0,0.0,2023-12-28 02:09:36,False,False,False,True,0.0,0.00012203534980523903,LOW
6,,,0.0,0.0,0.0,0.0,2023-12-27 10:00:42,False,False,False,True,0.0,3.0139949879913706e-05,LOW
6,,,0.0,0.0,0.0,0.0,2023-12-28 19:24:25,False,False,False,True,0.0,3.753451253192207e-05,LOW
6,,,0.0,0.0,0.0,0.0,2023-12-28 15:30:34,False,False,False,True,0.0,3.0139949879913706e-05,LOW
6,,,0.0,0.0,0.0,0.0,2023-12-27 18:05:59,False,False,False,True,0.0,8.28634373108617e-05,LOW
6,,,0.0,0.0,0.0,0.0,2023-12-27 03:52:28,False,False,False,True,0.0,7.283614524450449e-05,LOW
6,,,0.0,0.0,0.0,0.0,2023-12-27 15:00:41,False,False,False,True,0.0,8.320051832327168e-05,LOW
6,,,0.0,0.0,0.0,0.0,2023-12-28 06:49:31,False,False,False,True,0.0,0.0054512717058152116,LOW
6,,,0.0,0.0,0.0,0.0,2023-12-28 09:29:51,False,False,False,True,0.0,0.0016579080588892486,LOW
6,,,0.0,0.0,0.0,0.0,2023-12-28 17:21:49,False,False,False,True,0.0,0.0001470290012582823,LOW
6,,,0.0,0.0,0.0,0.0,2023-12-28 05:37:56,False,False,False,True,0.0,7.283614524450449e-05,LOW
6,,,0.0,0.0,0.0,0.0,2023-12-28 05:30:45,False,False,False,True,0.0,0.00011732920169334565,LOW
6,,,0.0,0.0,0.0,0.0,2023-12-28 09:21:38,False,False,False,True,0.0,0.0009225820891774098,LOW
6,,,0.0,0.0,0.0,0.0,2023-12-27 16:52:46,False,False,False,True,0.0,0.00012182348073911254,LOW
6,,,0.0,0.0,0.0,0.0,2023-12-27 10:45:31,False,False,False,True,0.0,0.0018901128253848087,LOW
6,,,0.0,0.0,0.0,0.0,2023-12-27 22:05:44,False,False,False,True,0.0,0.004126660946985698,LOW
6,,,0.0,0.0,0.0,0.0,2023-12-28 05:11:00,False,False,False,True,0.0,0.005546682083965022,LOW
6,,,0.0,0.0,0.0,0.0,2023-12-28 06:25:58,False,False,False,True,0.0,7.283614524450449e-05,LOW
6,,,0.0,0.0,0.0,0.0,2023-12-28 08:46:46,False,False,False,True,0.0,5.6497247184580446e-05,LOW
6,,,0.0,0.0,0.0,0.0,2023-12-27 20:53:28,False,False,False,True,0.0,3.753451253192207e-05,LOW
6,,,0.0,0.0,0.0,0.0,2023-12-27 08:13:14,False,False,False,True,0.0,3.0139949879913706e-05,LOW
6,,,0.0,0.0,0.0,0.0,2023-12-28 09:22:22,False,False,False,True,0.0,0.0008274546440368423,LOW
6,,,0.0,0.0,0.0,0.0,2023-12-27 21:54:39,False,False,False,True,0.0,9.348396852677098e-05,LOW
6,,,0.0,0.0,0.0,0.0,2023-12-28 09:52:55,False,False,False,True,0.0,5.721210417400328e-05,LOW
6,,,0.0,0.0,0.0,0.0,2023-12-27 14:53:02,False,False,False,True,0.0,0.0016115534528089892,LOW
6,,,0.0,0.0,0.0,0.0,2023-12-28 01:13:58,False,False,False,True,0.0,0.00037259722096311403,LOW
6,,,0.0,0.0,0.0,0.0,2023-12-28 09:51:13,False,False,False,True,0.0,8.403638665337012e-05,LOW
6,,,0.0,0.0,0.0,0.0,2023-12-27 17:24:42,False,False,False,True,0.0,3.0139949879913706e-05,LOW
6,,,0.0,0.0,0.0,0.0,2023-12-28 06:18:16,False,False,False,True,0.0,0.0001458887767360284,LOW
6,,,0.0,0.0,0.0,0.0,2023-12-27 22:10:38,False,False,False,True,0.0,0.0001294299124572474,LOW
6,,,0.0,0.0,0.0,0.0,2023-12-27 22:01:13,False,False,False,True,0.0,8.640697866422331e-05,LOW
6,,,0.0,0.0,0.0,0.0,2023-12-27 21:24:18,False,False,False,True,0.0,9.530122908717343e-05,LOW
6,,,0.0,0.0,0.0,0.0,2023-12-28 09:23:47,False,False,False,True,0.0,0.0018857189347917503,LOW
6,,,0.0,0.0,0.0,0.0,2023-12-28 04:35:07,False,False,False,True,0.0,7.283614524450449e-05,LOW
6,,,0.0,0.0,0.0,0.0,2023-12-28 12:18:34,False,False,False,True,0.0,3.0139949879913706e-05,LOW
6,,,0.0,0.0,0.0,0.0,2023-12-27 06:52:45,False,False,False,True,0.0,0.0001603481623357919,LOW
6,,,0.0,0.0,0.0,0.0,2023-12-28 16:52:33,False,False,False,True,0.0,0.0001725579096889057,LOW
6,,,0.0,0.0,0.0,0.0,2023-12-28 09:31:44,False,False,False,True,0.0,0.00039291301291609744,LOW
6,,,0.0,0.0,0.0,0.0,2023-12-28 09:23:40,False,False,False,True,0.0,7.933915444064827e-05,LOW
6,,,0.0,0.0,0.0,0.0,2023-12-28 02:00:42,False,False,False,True,0.0,0.0001603481623357919,LOW
6,0.0,0.0,,,0.0,0.0,2023-12-31 00:42:13,False,False,False,True,0.0,0.0017233274529635794,LOW
6,,,0.0,0.0,0.0,0.0,2023-12-27 20:43:08,False,False,False,True,0.0,3.753451253192207e-05,LOW
6,,,0.0,0.0,0.0,0.0,2023-12-28 04:13:36,False,False,False,True,0.0,0.0006030581428068015,LOW
6,,,0.0,0.0,0.0,0.0,2023-12-27 16:15:25,False,False,False,True,0.0,3.0139949879913706e-05,LOW
6,,,0.0,0.0,0.0,0.0,2023-12-28 21:23:05,False,False,False,True,0.0,9.530122908717343e-05,LOW
6,,,0.0,0.0,0.0,0.0,2023-12-28 11:28:14,False,False,False,True,0.0,0.0005032053934671797,LOW
6,,,0.0,0.0,0.0,0.0,2023-12-28 11:06:21,False,False,False,True,0.0,7.933915444064827e-05,LOW
6,,,0.0,0.0,0.0,0.0,2023-12-27 18:56:21,False,False,False,True,0.0,3.753451253192207e-05,LOW
6,,,0.0,0.0,0.0,0.0,2023-12-27 16:36:06,False,False,False,True,0.0,0.00011815454305124203,LOW
6,,,0.0,0.0,0.0,0.0,2023-12-28 20:12:32,False,False,False,True,0.0,0.00016667154081268488,LOW
6,0.0,0.0,,,0.0,0.0,2019-12-07 22:54:23,False,False,False,True,0.0,0.0013457087475273605,LOW
6,,,0.0,0.0,0.0,0.0,2023-12-27 22:21:42,False,False,False,True,0.0,0.0004425288459929141,LOW
6,,,0.0,0.0,0.0,0.0,2023-12-28 16:23:00,False,False,False,True,0.0,3.0139949879913706e-05,LOW
6,,,0.0,0.0,0.0,0.0,2023-12-27 07:04:03,False,False,False,True,0.0,8.608940587476259e-05,LOW
6,,,0.0,0.0,0.0,0.0,2023-12-28 01:48:30,False,False,False,True,0.0,0.0001306028617997558,LOW
6,,,0.0,0.0,0.0,0.0,2023-12-27 09:22:45,False,False,False,True,0.0,0.00013852464639946608,LOW
6,,,0.0,0.0,0.0,0.0,2023-12-27 22:42:42,False,False,False,True,0.0,0.006362959868998861,LOW
6,,,0.0,0.0,0.0,0.0,2023-12-28 22:13:02,False,False,False,True,0.0,0.0009735280312701798,LOW
6,,,0.0,0.0,0.0,0.0,2023-12-27 10:47:44,False,False,False,True,0.0,3.0139949879913706e-05,LOW
6,,,0.0,0.0,0.0,0.0,2023-12-27 21:49:24,False,False,False,True,0.0,3.753451253192207e-05,LOW
6,,,0.0,0.0,0.0,0.0,2023-12-27 14:07:46,False,False,False,True,0.0,6.035861106720386e-05,LOW
6,,,0.0,0.0,0.0,0.0,2023-12-28 17:38:53,False,False,False,True,0.0,0.00012182348073911254,LOW
6,,,0.0,0.0,0.0,0.0,2023-12-27 17:56:19,False,False,False,True,0.0,3.0139949879913706e-05,LOW
6,,,0.0,0.0,0.0,0.0,2023-12-27 10:07:46,False,False,False,True,0.0,0.00015016990231191642,LOW
6,,,0.0,0.0,0.0,0.0,2023-12-28 09:22:20,False,False,False,True,0.0,0.0004064581985270784,LOW
6,0.0,0.0,,,0.0,0.0,2023-12-25 16:40:06,False,False,False,True,0.0,0.0008104397803028986,LOW
6,,,0.0,0.0,0.0,0.0,2023-12-28 09:23:14,False,False,False,True,0.0,7.933915444064827e-05,LOW
6,,,0.0,0.0,0.0,0.0,2023-12-28 06:24:58,False,False,False,True,0.0,7.283614524450449e-05,LOW
6,,,0.0,0.0,0.0,0.0,2023-12-27 18:22:46,False,False,False,True,0.0,9.348396852677098e-05,LOW
6,,,0.0,0.0,0.0,0.0,2023-12-28 03:17:48,False,False,False,True,0.0,7.283614524450449e-05,LOW
6,,,0.0,0.0,0.0,0.0,2023-12-28 09:22:48,False,False,False,True,0.0,0.0006981037119736838,LOW
6,,,0.0,0.0,0.0,0.0,2023-12-27 04:58:26,False,False,False,True,0.0,7.283614524450449e-05,LOW
6,0.0,0.0,,,0.0,0.0,2023-12-25 17:42:26,False,False,False,True,0.0,0.0015654402016670149,LOW
6,,,0.0,0.0,0.0,0.0,2023-12-27 09:02:06,False,False,False,True,0.0,3.0139949879913706e-05,LOW
6,,,0.0,0.0,0.0,0.0,2023-12-27 06:52:49,False,False,False,True,0.0,0.00015178065034127515,LOW
6,,,0.0,0.0,0.0,0.0,2023-12-28 17:43:50,False,False,False,True,0.0,3.0139949879913706e-05,LOW
6,,,0.0,0.0,0.0,0.0,2023-12-28 01:06:18,False,False,False,True,0.0,0.0021421888529315684,LOW
6,0.0,0.0,,,0.0,0.0,2023-12-25 16:11:54,False,False,False,True,0.0,0.0009290985484248299,LOW
6,,,0.0,0.0,0.0,0.0,2023-12-27 05:40:09,False,False,False,True,0.0,0.00016607011924505487,LOW
6,,,0.0,0.0,0.0,0.0,2023-12-27 14:17:50,False,False,False,True,0.0,0.001752114727218274,LOW
6,,,0.0,0.0,0.0,0.0,2023-12-28 19:29:20,False,False,False,True,0.0,0.000702505247727128,LOW
6,,,0.0,0.0,0.0,0.0,2023-12-28 09:51:13,False,False,False,True,0.0,0.00020017780155757978,LOW
6,,,0.0,0.0,0.0,0.0,2023-12-28 12:02:27,False,False,False,True,0.0,0.0003977779642853765,LOW
6,,,0.0,0.0,0.0,0.0,2023-12-27 16:57:11,False,False,False,True,0.0,3.0139949879913706e-05,LOW
6,,,0.0,0.0,0.0,0.0,2023-12-27 11:01:38,False,False,False,True,0.0,3.0139949879913706e-05,LOW
6,,,0.0,0.0,0.0,0.0,2023-12-28 13:10:32,False,False,False,True,0.0,3.0139949879913706e-05,LOW
6,0.0,0.0,,,0.0,0.0,2019-12-07 23:00:03,False,False,False,True,0.0,0.0006838036158275849,LOW
6,,,0.0,0.0,0.0,0.0,2023-12-27 04:17:54,False,False,False,True,0.0,7.283614524450449e-05,LOW
6,,,0.0,0.0,0.0,0.0,2023-12-28 12:13:25,False,False,False,True,0.0,8.790666643516506e-05,LOW
6,,,0.0,0.0,0.0,0.0,2023-12-28 22:05:49,False,False,False,True,0.0,0.00011659923762159054,LOW
6,,,0.0,0.0,0.0,0.0,2023-12-27 03:22:45,False,False,False,True,0.0,0.00017991660287808132,LOW
6,,,0.0,0.0,0.0,0.0,2023-12-28 10:06:26,False,False,False,True,0.0,3.0139949879913706e-05,LOW
6,,,0.0,0.0,0.0,0.0,2023-12-28 05:30:45,False,False,False,True,0.0,0.0001750305142989168,LOW
6,,,0.0,0.0,0.0,0.0,2023-12-28 15:22:12,False,False,False,True,0.0,3.0139949879913706e-05,LOW
6,,,0.0,0.0,0.0,0.0,2023-12-27 07:33:09,False,False,False,True,0.0,9.362862334442803e-05,LOW
6,,,0.0,0.0,0.0,0.0,2023-12-28 06:41:57,False,False,False,True,0.0,7.283614524450449e-05,LOW
6,,,0.0,0.0,0.0,0.0,2023-12-27 17:11:04,False,False,False,True,0.0,7.916599852211542e-05,LOW
6,,,0.0,0.0,0.0,0.0,2023-12-28 09:31:45,False,False,False,True,0.0,0.0010226808881457295,LOW
6,,,0.0,0.0,0.0,0.0,2023-12-28 12:33:25,False,False,False,True,0.0,8.790666643516506e-05,LOW
6,,,0.0,0.0,0.0,0.0,2023-12-28 19:13:37,False,False,False,True,0.0,0.00017995247234091404,LOW
6,,,0.0,0.0,0.0,0.0,2023-12-28 17:21:17,False,False,False,True,0.0,4.75608520346653e-05,LOW
6,,,0.0,0.0,0.0,0.0,2023-12-27 14:43:17,False,False,False,True,0.0,3.0139949879913706e-05,LOW
6,0.0,0.0,,,0.0,0.0,2023-12-25 17:40:09,False,False,False,True,0.0,0.0008084267925056306,LOW
6,,,0.0,0.0,0.0,0.0,2023-12-27 21:33:44,False,False,False,True,0.0,9.979850570111851e-05,LOW
6,0.0,0.0,,,0.0,0.0,2023-12-25 16:11:55,False,False,False,True,0.0,0.0009290985484248299,LOW
6,,,0.0,0.0,0.0,0.0,2023-12-28 06:57:14,False,False,False,True,0.0,0.0001306028617997558,LOW
6,,,0.0,0.0,0.0,0.0,2023-12-28 08:40:56,False,False,False,True,0.0,3.0139949879913706e-05,LOW
6,,,0.0,0.0,0.0,0.0,2023-12-27 16:25:31,False,False,False,True,0.0,3.0139949879913706e-05,LOW
6,,,0.0,0.0,0.0,0.0,2023-12-27 16:22:18,False,False,False,True,0.0,0.00015016990231191642,LOW
6,,,0.0,0.0,0.0,0.0,2023-12-28 17:37:55,False,False,False,True,0.0,8.534794612040772e-05,LOW
6,,,0.0,0.0,0.0,0.0,2023-12-27 18:23:41,False,False,False,True,0.0,5.918566172469544e-05,LOW
6,,,0.0,0.0,0.0,0.0,2023-12-27 08:32:37,False,False,False,True,0.0,3.0139949879913706e-05,LOW
6,,,0.0,0.0,0.0,0.0,2023-12-28 17:32:32,False,False,False,True,0.0,6.974691774959036e-05,LOW
6,0.0,0.0,,,0.0,0.0,2023-12-25 17:13:54,False,False,False,True,0.0,0.0008104397803028986,LOW
6,,,0.0,0.0,0.0,0.0,2023-12-27 15:31:58,False,False,False,True,0.0,3.0139949879913706e-05,LOW
6,,,0.0,0.0,0.0,0.0,2023-12-28 12:36:31,False,False,False,True,0.0,7.885332067615346e-05,LOW
6,,,0.0,0.0,0.0,0.0,2023-12-27 07:48:31,False,False,False,True,0.0,0.00015016990231191642,LOW
6,,,0.0,0.0,0.0,0.0,2023-12-27 02:52:45,False,False,False,True,0.0,0.0001306028617997558,LOW
6,0.0,0.0,,,0.0,0.0,2023-12-31 00:42:02,False,False,False,True,0.0,0.001225266916439199,LOW
6,,,0.0,0.0,0.0,0.0,2023-12-27 03:21:51,False,False,False,True,0.0,7.283614524450449e-05,LOW
6,0.0,0.0,,,0.0,0.0,2023-12-25 16:11:51,False,False,False,True,0.0,0.0009290985484248299,LOW
6,0.0,0.0,,,0.0,0.0,2019-12-07 17:14:52,False,False,False,True,0.0,0.0013001191013094486,LOW
6,,,0.0,0.0,0.0,0.0,2023-12-28 20:51:36,False,False,False,True,0.0,8.28634373108617e-05,LOW
6,,,0.0,0.0,0.0,0.0,2023-12-27 05:37:45,False,False,False,True,0.0,0.0002391110107360706,LOW
6,,,0.0,0.0,0.0,0.0,2023-12-28 13:04:45,False,False,False,True,0.0,0.0005235012058467061,LOW
6,,,0.0,0.0,0.0,0.0,2023-12-28 01:52:19,False,False,False,True,0.0,7.283614524450449e-05,LOW
6,,,0.0,0.0,0.0,0.0,2023-12-27 10:27:16,False,False,False,True,0.0,3.0139949879913706e-05,LOW
6,,,0.0,0.0,0.0,0.0,2023-12-28 01:06:42,False,False,False,True,0.0,0.00010847581153311085,LOW
6,,,0.0,0.0,0.0,0.0,2023-12-28 20:24:30,False,False,False,True,0.0,3.753451253192207e-05,LOW
6,,,0.0,0.0,0.0,0.0,2023-12-28 05:15:45,False,False,False,True,0.0,0.0001258967136878624,LOW
6,,,0.0,0.0,0.0,0.0,2023-12-28 14:21:14,False,False,False,True,0.0,5.61283640291821e-05,LOW
6,,,0.0,0.0,0.0,0.0,2023-12-27 20:04:05,False,False,False,True,0.0,7.245932183110562e-05,LOW
6,,,0.0,0.0,0.0,0.0,2023-12-27 06:26:33,False,False,False,True,0.0,7.283614524450449e-05,LOW
6,,,0.0,0.0,0.0,0.0,2023-12-27 10:20:54,False,False,False,True,0.0,3.0139949879913706e-05,LOW
6,,,0.0,0.0,0.0,0.0,2023-12-31 00:36:47,False,False,False,True,0.0,0.004118394815979695,LOW
6,,,0.0,0.0,0.0,0.0,2023-12-27 09:52:45,False,False,False,True,0.0,6.506475917909724e-05,LOW
6,,,0.0,0.0,0.0,0.0,2023-12-27 11:57:51,False,False,False,True,0.0,9.568164256582048e-05,LOW
6,,,0.0,0.0,0.0,0.0,2023-12-28 07:55:01,False,False,False,True,0.0,3.0139949879913706e-05,LOW
6,,,0.0,0.0,0.0,0.0,2023-12-27 07:29:03,False,False,False,True,0.0,3.0139949879913706e-05,LOW
6,,,0.0,0.0,0.0,0.0,2023-12-27 10:42:23,False,False,False,True,0.0,7.933915444064827e-05,LOW
6,,,0.0,0.0,0.0,0.0,2023-12-28 18:23:02,False,False,False,True,0.0,0.0003925325994374504,LOW
6,,,0.0,0.0,0.0,0.0,2023-12-28 07:50:14,False,False,False,True,0.0,3.0139949879913706e-05,LOW
6,,,0.0,0.0,0.0,0.0,2023-12-27 16:24:04,False,False,False,True,0.0,3.0139949879913706e-05,LOW
6,,,0.0,0.0,0.0,0.0,2023-12-27 17:30:45,False,False,False,True,0.0,3.0139949879913706e-05,LOW
6,,,0.0,0.0,0.0,0.0,2023-12-27 09:04:34,False,False,False,True,0.0,8.403638665337012e-05,LOW
6,,,0.0,0.0,0.0,0.0,2023-12-28 09:23:27,False,False,False,True,0.0,0.00039307181617348317,LOW
6,0.0,0.0,,,0.0,0.0,2023-12-31 00:36:33,False,False,False,True,0.0,0.000568516239445892,LOW
6,,,0.0,0.0,0.0,0.0,2023-12-28 15:07:55,False,False,False,True,0.0,3.0139949879913706e-05,LOW
6,,,0.0,0.0,0.0,0.0,2023-12-28 08:21:32,False,False,False,True,0.0,3.0139949879913706e-05,LOW
6,,,0.0,0.0,0.0,0.0,2023-12-28 16:10:45,False,False,False,True,0.0,3.0139949879913706e-05,LOW
6,,,0.0,0.0,0.0,0.0,2023-12-27 15:10:27,False,False,False,True,0.0,3.0139949879913706e-05,LOW
6,,,0.0,0.0,0.0,0.0,2023-12-28 20:57:33,False,False,False,True,0.0,3.753451253192207e-05,LOW
6,,,0.0,0.0,0.0,0.0,2023-12-28 09:22:28,False,False,False,True,0.0,0.00213836239157604,LOW
6,0.0,0.0,,,0.0,0.0,2019-12-07 22:54:24,False,False,False,True,0.0,0.0013457087475273605,LOW
6,,,0.0,0.0,0.0,0.0,2023-12-27 15:50:29,False,False,False,True,0.0,3.0139949879913706e-05,LOW
6,,,0.0,0.0,0.0,0.0,2023-12-28 09:22:28,False,False,False,True,0.0,0.00213836239157604,LOW
6,,,0.0,0.0,0.0,0.0,2023-12-28 05:46:57,False,False,False,True,0.0,7.283614524450449e-05,LOW
6,,,0.0,0.0,0.0,0.0,2023-12-28 19:11:25,False,False,False,True,0.0,3.753451253192207e-05,LOW
6,0.0,0.0,,,0.0,0.0,2022-09-08 11:02:18,False,False,False,True,0.0,0.0008339510698330127,LOW
6,,,0.0,0.0,0.0,0.0,2023-12-28 21:06:15,False,False,False,True,0.0,0.00014797222827286693,LOW
6,,,0.0,0.0,0.0,0.0,2023-12-27 16:10:05,False,False,False,True,0.0,3.0139949879913706e-05,LOW
6,,,0.0,0.0,0.0,0.0,2023-12-27 03:15:40,False,False,False,True,0.0,0.00010847581153311085,LOW
6,,,0.0,0.0,0.0,0.0,2023-12-27 16:04:34,False,False,False,True,0.0,0.00015016990231191642,LOW
6,0.0,0.0,,,0.0,0.0,2022-12-18 23:22:29,False,False,False,True,0.0,0.00025551987623733427,LOW
6,,,0.0,0.0,0.0,0.0,2023-12-28 16:28:07,False,False,False,True,0.0,3.0139949879913706e-05,LOW
6,,,0.0,0.0,0.0,0.0,2023-12-28 01:15:00,False,False,False,True,0.0,7.283614524450449e-05,LOW
6,,,0.0,0.0,0.0,0.0,2023-12-28 12:47:23,False,False,False,True,0.0,0.00013852464639946608,LOW
6,,,0.0,0.0,0.0,0.0,2023-12-27 19:03:59,False,False,False,True,0.0,3.753451253192207e-05,LOW
6,0.0,0.0,0.0,0.0,0.0,0.0,2023-12-31 00:36:52,False,False,False,True,0.0,0.17013122810074224,LOW
6,,,0.0,0.0,0.0,0.0,2023-12-28 18:21:31,False,False,False,True,0.0,8.673371709265663e-05,LOW
6,,,0.0,0.0,0.0,0.0,2023-12-28 01:51:36,False,False,False,True,0.0,0.00017226044671019494,LOW
6,,,0.0,0.0,0.0,0.0,2023-12-27 22:02:48,False,False,False,True,0.0,0.005458666268467221,LOW
6,,,0.0,0.0,0.0,0.0,2023-12-28 18:35:53,False,False,False,True,0.0,3.753451253192207e-05,LOW
6,0.0,0.0,,,0.0,0.0,2023-12-28 22:40:32,False,False,False,True,0.0,0.0005077085929441154,LOW
6,,,0.0,0.0,0.0,0.0,2023-12-27 10:03:08,False,False,False,True,0.0,9.362862334442803e-05,LOW
6,,,0.0,0.0,0.0,0.0,2023-12-28 21:33:47,False,False,False,True,0.0,3.753451253192207e-05,LOW
6,,,0.0,0.0,0.0,0.0,2023-12-27 05:05:04,False,False,False,True,0.0,0.0019015142943575461,LOW
6,0.0,0.0,,,0.0,0.0,2022-09-08 11:02:17,False,False,False,True,0.0,0.0008339510698330127,LOW
6,,,0.0,0.0,0.0,0.0,2023-12-27 19:52:47,False,False,False,True,0.0,9.530122908717343e-05,LOW
6,,,0.0,0.0,0.0,0.0,2023-12-28 19:22:15,False,False,False,True,0.0,9.143094930537852e-05,LOW
6,,,0.0,0.0,0.0,0.0,2023-12-28 02:15:42,False,False,False,True,0.0,0.001794810922582865,LOW
6,,,0.0,0.0,0.0,0.0,2023-12-27 20:49:15,False,False,False,True,0.0,3.753451253192207e-05,LOW
6,0.0,0.0,,,0.0,0.0,2023-12-25 16:20:17,False,False,False,True,0.0,0.0008649280400489944,LOW
6,,,0.0,0.0,0.0,0.0,2023-12-27 12:25:35,False,False,False,True,0.0,0.00182882902027531,LOW
6,,,0.0,0.0,0.0,0.0,2023-12-28 18:15:49,False,False,False,True,0.0,3.753451253192207e-05,LOW
6,,,0.0,0.0,0.0,0.0,2023-12-27 10:53:12,False,False,False,True,0.0,6.858549873033064e-05,LOW
6,,,0.0,0.0,0.0,0.0,2023-12-28 15:12:45,False,False,False,True,0.0,3.0139949879913706e-05,LOW
6,,,0.0,0.0,0.0,0.0,2023-12-27 03:24:51,False,False,False,True,0.0,7.283614524450449e-05,LOW
6,,,0.0,0.0,0.0,0.0,2023-12-28 04:01:50,False,False,False,True,0.0,7.283614524450449e-05,LOW
6,,,0.0,0.0,0.0,0.0,2023-12-28 21:15:02,False,False,False,True,0.0,3.753451253192207e-05,LOW
6,0.0,0.0,,,0.0,0.0,2022-09-08 11:02:19,False,False,False,True,0.0,0.0008339510698330127,LOW
6,,,0.0,0.0,0.0,0.0,2023-12-27 20:50:15,False,False,False,True,0.0,3.753451253192207e-05,LOW
6,0.0,0.0,,,0.0,0.0,2023-12-31 00:42:06,False,False,False,True,0.0,0.0006147611525054554,LOW
6,,,0.0,0.0,0.0,0.0,2023-12-27 03:01:39,False,False,False,True,0.0,7.283614524450449e-05,LOW
6,,,0.0,0.0,0.0,0.0,2023-12-28 11:25:07,False,False,False,True,0.0,3.0139949879913706e-05,LOW
6,,,0.0,0.0,0.0,0.0,2023-12-27 21:45:26,False,False,False,True,0.0,3.753451253192207e-05,LOW
6,,,0.0,0.0,0.0,0.0,2023-12-28 13:02:32,False,False,False,True,0.0,6.974691774959036e-05,LOW
6,,,0.0,0.0,0.0,0.0,2023-12-27 06:45:40,False,False,False,True,0.0,0.00010847581153311085,LOW
6,,,0.0,0.0,0.0,0.0,2023-12-27 06:07:59,False,False,False,True,0.0,7.283614524450449e-05,LOW
6,,,0.0,0.0,0.0,0.0,2023-12-27 22:52:47,False,False,False,True,0.0,0.00013799742445176416,LOW
6,0.0,0.0,,,0.0,0.0,2023-12-31 00:36:33,False,False,False,True,0.0,0.0033311999980889084,LOW
6,,,0.0,0.0,0.0,0.0,2023-12-28 04:39:23,False,False,False,True,0.0,7.283614524450449e-05,LOW
6,,,0.0,0.0,0.0,0.0,2023-12-27 13:13:09,False,False,False,True,0.0,0.0006715850197886311,LOW
6,,,0.0,0.0,0.0,0.0,2023-12-28 13:05:14,False,False,False,True,0.0,7.546887465885332e-05,LOW
6,,,0.0,0.0,0.0,0.0,2023-12-27 03:32:19,False,False,False,True,0.0,0.00037259722096311403,LOW
6,,,0.0,0.0,0.0,0.0,2023-12-28 20:46:26,False,False,False,True,0.0,3.753451253192207e-05,LOW
6,,,0.0,0.0,0.0,0.0,2023-12-27 04:06:23,False,False,False,True,0.0,7.283614524450449e-05,LOW
6,,,0.0,0.0,0.0,0.0,2023-12-27 23:04:45,False,False,False,True,0.0,0.0002631326917047022,LOW
6,,,0.0,0.0,0.0,0.0,2023-12-28 09:51:13,False,False,False,True,0.0,7.360828163221378e-05,LOW
6,,,0.0,0.0,0.0,0.0,2023-12-27 07:09:05,False,False,False,True,0.0,3.0139949879913706e-05,LOW
6,,,0.0,0.0,0.0,0.0,2023-12-28 06:53:42,False,False,False,True,0.0,0.00012203534980523903,LOW
6,,,0.0,0.0,0.0,0.0,2023-12-28 08:38:05,False,False,False,True,0.0,3.0139949879913706e-05,LOW
6,,,0.0,0.0,0.0,0.0,2023-12-28 06:54:30,False,False,False,True,0.0,7.283614524450449e-05,LOW
6,,,0.0,0.0,0.0,0.0,2023-12-27 10:10:32,False,False,False,True,0.0,0.0003977779642853765,LOW
6,,,0.0,0.0,0.0,0.0,2023-12-27 08:52:45,False,False,False,True,0.0,9.568164256582048e-05,LOW
6,,,0.0,0.0,0.0,0.0,2023-12-27 11:10:55,False,False,False,True,0.0,0.00035894627817422293,LOW
6,,,0.0,0.0,0.0,0.0,2023-12-27 03:28:53,False,False,False,True,0.0,7.283614524450449e-05,LOW
6,0.0,0.0,0.0,0.0,0.0,0.0,2023-12-28 22:37:58,False,False,False,True,0.0,0.008814156283568386,LOW
6,0.0,0.0,,,0.0,0.0,2019-12-07 17:08:24,False,False,False,True,0.0,0.0013678068756014339,LOW
6,,,0.0,0.0,0.0,0.0,2023-12-28 18:12:35,False,False,False,True,0.0,7.245932183110562e-05,LOW
6,,,0.0,0.0,0.0,0.0,2023-12-27 08:25:09,False,False,False,True,0.0,3.0139949879913706e-05,LOW
6,0.0,0.0,,,0.0,0.0,2023-12-31 00:36:56,False,False,False,True,0.0,0.006321324707829595,LOW
6,,,0.0,0.0,0.0,0.0,2023-12-27 19:27:47,False,False,False,True,0.0,6.352292668119047e-05,LOW
6,,,0.0,0.0,0.0,0.0,2023-12-28 08:51:11,False,False,False,True,0.0,0.0001209876124090141,LOW
6,,,0.0,0.0,0.0,0.0,2023-12-28 12:21:14,False,False,False,True,0.0,6.506475917909724e-05,LOW
6,,,0.0,0.0,0.0,0.0,2023-12-31 00:44:42,False,False,False,True,0.0,0.004867692216927125,LOW
6,0.0,0.0,,,0.0,0.0,2023-12-31 00:42:05,False,False,False,True,0.0,0.001678187519168816,LOW
6,,,0.0,0.0,0.0,0.0,2023-12-28 07:00:14,False,False,False,True,0.0,3.0139949879913706e-05,LOW
6,,,0.0,0.0,0.0,0.0,2023-12-28 11:32:32,False,False,False,True,0.0,0.00011610152382984958,LOW
6,,,0.0,0.0,0.0,0.0,2023-12-28 03:15:18,False,False,False,True,0.0,7.283614524450449e-05,LOW
6,,,0.0,0.0,0.0,0.0,2023-12-28 06:51:56,False,False,False,True,0.0,0.006642167614351825,LOW
6,,,0.0,0.0,0.0,0.0,2023-12-27 18:54:33,False,False,False,True,0.0,3.753451253192207e-05,LOW
6,,,0.0,0.0,0.0,0.0,2023-12-27 08:33:07,False,False,False,True,0.0,3.0139949879913706e-05,LOW
6,,,0.0,0.0,0.0,0.0,2023-12-27 07:13:05,False,False,False,True,0.0,3.0139949879913706e-05,LOW
6,0.0,0.0,,,0.0,0.0,2023-12-25 17:09:31,False,False,False,True,0.0,0.0008084267925056306,LOW
6,,,0.0,0.0,0.0,0.0,2023-12-28 07:00:01,False,False,False,True,0.0,0.00038513803678544197,LOW
6,,,0.0,0.0,0.0,0.0,2023-12-27 21:51:03,False,False,False,True,0.0,3.753451253192207e-05,LOW
6,,,0.0,0.0,0.0,0.0,2023-12-27 18:16:40,False,False,False,True,0.0,3.753451253192207e-05,LOW
6,,,0.0,0.0,0.0,0.0,2023-12-27 04:22:01,False,False,False,True,0.0,7.283614524450449e-05,LOW
6,,,0.0,0.0,0.0,0.0,2023-12-27 09:01:05,False,False,False,True,0.0,3.0139949879913706e-05,LOW
6,,,0.0,0.0,0.0,0.0,2023-12-28 21:04:34,False,False,False,True,0.0,9.143094930537852e-05,LOW
6,,,0.0,0.0,0.0,0.0,2023-12-27 05:12:29,False,False,False,True,0.0,7.283614524450449e-05,LOW
6,,,0.0,0.0,0.0,0.0,2023-12-27 06:20:57,False,False,False,True,0.0,7.283614524450449e-05,LOW
6,,,0.0,0.0,0.0,0.0,2023-12-27 06:39:58,False,False,False,True,0.0,7.283614524450449e-05,LOW
6,,,0.0,0.0,0.0,0.0,2023-12-27 05:32:57,False,False,False,True,0.0,9.02570473992561e-05,LOW
6,,,0.0,0.0,0.0,0.0,2023-12-28 01:51:02,False,False,False,True,0.0,0.0001555592810498414,LOW
6,,,0.0,0.0,0.0,0.0,2023-12-27 07:45:14,False,False,False,True,0.0,0.00025964670083698896,LOW
6,,,0.0,0.0,0.0,0.0,2023-12-28 03:58:22,False,False,False,True,0.0,9.882455939377285e-05,LOW
6,,,0.0,0.0,0.0,0.0,2023-12-27 19:35:42,False,False,False,True,0.0,3.753451253192207e-05,LOW
6,,,0.0,0.0,0.0,0.0,2023-12-28 04:15:42,False,False,False,True,0.0,0.0001603481623357919,LOW
6,0.0,0.0,,,0.0,0.0,2023-12-31 00:36:46,False,False,False,True,0.0,0.000310817550685833,LOW
6,,,0.0,0.0,0.0,0.0,2023-12-27 08:04:04,False,False,False,True,0.0,0.0018599537270520532,LOW
6,,,0.0,0.0,0.0,0.0,2023-12-28 13:36:16,False,False,False,True,0.0,7.933915444064827e-05,LOW
6,,,0.0,0.0,0.0,0.0,2023-12-27 22:22:47,False,False,False,True,0.0,0.001779322470228725,LOW
6,,,0.0,0.0,0.0,0.0,2023-12-27 05:56:31,False,False,False,True,0.0,7.283614524450449e-05,LOW
6,,,0.0,0.0,0.0,0.0,2023-12-28 22:29:50,False,False,False,True,0.0,8.640697866422331e-05,LOW
6,0.0,0.0,,,0.0,0.0,2019-12-07 17:14:54,False,False,False,True,0.0,0.0009320179955775008,LOW
6,0.0,0.0,0.0,0.0,0.0,0.0,2023-12-31 00:36:42,False,False,False,True,0.0,0.06702120789469952,LOW
6,,,0.0,0.0,0.0,0.0,2023-12-28 13:15:37,False,False,False,True,0.0,3.0139949879913706e-05,LOW
6,,,0.0,0.0,0.0,0.0,2023-12-27 15:54:28,False,False,False,True,0.0,0.0001725579096889057,LOW
6,,,0.0,0.0,0.0,0.0,2023-12-28 13:36:57,False,False,False,True,0.0,3.0139949879913706e-05,LOW
6,,,0.0,0.0,0.0,0.0,2023-12-27 21:04:49,False,False,False,True,0.0,8.28634373108617e-05,LOW
6,,,0.0,0.0,0.0,0.0,2023-12-27 19:12:10,False,False,False,True,0.0,3.753451253192207e-05,LOW
6,,,0.0,0.0,0.0,0.0,2023-12-28 16:42:47,False,False,False,True,0.0,3.0139949879913706e-05,LOW
6,,,0.0,0.0,0.0,0.0,2023-12-27 23:06:54,False,False,False,True,0.0,8.640697866422331e-05,LOW
6,0.0,0.0,,,0.0,0.0,2023-12-28 19:13:02,False,False,False,True,0.0,0.005554929073503531,LOW
6,,,0.0,0.0,0.0,0.0,2023-12-28 20:13:02,False,False,False,True,0.0,0.000929077916414708,LOW
6,,,0.0,0.0,0.0,0.0,2023-12-27 12:04:25,False,False,False,True,0.0,7.933915444064827e-05,LOW
6,,,0.0,0.0,0.0,0.0,2023-12-28 08:42:36,False,False,False,True,0.0,3.0139949879913706e-05,LOW
6,,,0.0,0.0,0.0,0.0,2023-12-28 14:43:27,False,False,False,True,0.0,0.0001725579096889057,LOW
6,,,0.0,0.0,0.0,0.0,2023-12-28 12:38:14,False,False,False,True,0.0,8.403638665337012e-05,LOW
6,,,0.0,0.0,0.0,0.0,2023-12-28 09:32:44,False,False,False,True,0.0,0.0005087523957987315,LOW
6,,,0.0,0.0,0.0,0.0,2023-12-28 12:38:26,False,False,False,True,0.0,3.0139949879913706e-05,LOW
6,,,0.0,0.0,0.0,0.0,2023-12-28 18:24:18,False,False,False,True,0.0,3.753451253192207e-05,LOW
6,,,0.0,0.0,0.0,0.0,2023-12-31 00:36:28,False,False,False,True,0.0,0.004452111032949795,LOW
6,,,0.0,0.0,0.0,0.0,2023-12-28 05:00:43,False,False,False,True,0.0,0.00011777218696409897,LOW
6,,,0.0,0.0,0.0,0.0,2023-12-28 10:22:33,False,False,False,True,0.0,3.0139949879913706e-05,LOW
6,,,0.0,0.0,0.0,0.0,2023-12-28 22:29:20,False,False,False,True,0.0,0.0009816085909307081,LOW
6,,,0.0,0.0,0.0,0.0,2023-12-28 10:13:56,False,False,False,True,0.0,3.0139949879913706e-05,LOW
6,,,0.0,0.0,0.0,0.0,2023-12-28 04:31:51,False,False,False,True,0.0,7.283614524450449e-05,LOW
6,,,0.0,0.0,0.0,0.0,2023-12-28 18:22:25,False,False,False,True,0.0,8.570899239611556e-05,LOW
6,0.0,0.0,,,0.0,0.0,2023-12-28 22:08:21,False,False,False,True,0.0,0.001473971192241955,LOW
6,,,0.0,0.0,0.0,0.0,2023-12-28 03:21:42,False,False,False,True,0.0,7.283614524450449e-05,LOW
6,,,0.0,0.0,0.0,0.0,2023-12-27 13:52:19,False,False,False,True,0.0,3.0139949879913706e-05,LOW
6,,,0.0,0.0,0.0,0.0,2023-12-28 08:24:21,False,False,False,True,0.0,3.0139949879913706e-05,LOW
6,,,0.0,0.0,0.0,0.0,2023-12-28 14:29:09,False,False,False,True,0.0,0.0009216833537626995,LOW
6,,,0.0,0.0,0.0,0.0,2023-12-27 19:31:16,False,False,False,True,0.0,8.776201161750801e-05,LOW
6,,,0.0,0.0,0.0,0.0,2023-12-27 17:59:53,False,False,False,True,0.0,3.0139949879913706e-05,LOW
6,,,0.0,0.0,0.0,0.0,2023-12-28 10:22:54,False,False,False,True,0.0,8.320051832327168e-05,LOW
6,0.0,0.0,,,0.0,0.0,2023-12-31 00:36:44,False,False,False,True,0.0,0.0006147611525054554,LOW
6,0.0,0.0,,,0.0,0.0,2023-12-25 16:21:30,False,False,False,True,0.0,0.0011297192507965456,LOW
6,,,0.0,0.0,0.0,0.0,2023-12-27 08:03:06,False,False,False,True,0.0,0.00015768084111753358,LOW
6,0.0,0.0,,,0.0,0.0,2023-12-28 22:28:14,False,False,False,True,0.0,0.000741366410874701,LOW
6,,,0.0,0.0,0.0,0.0,2023-12-28 20:33:10,False,False,False,True,0.0,3.753451253192207e-05,LOW
6,,,0.0,0.0,0.0,0.0,2023-12-28 11:57:31,False,False,False,True,0.0,3.0139949879913706e-05,LOW
6,,,0.0,0.0,0.0,0.0,2023-12-28 18:21:14,False,False,False,True,0.0,0.00020365725782678967,LOW
6,,,0.0,0.0,0.0,0.0,2023-12-28 09:31:44,False,False,False,True,0.0,0.0021041854959525145,LOW
6,,,0.0,0.0,0.0,0.0,2023-12-28 21:14:10,False,False,False,True,0.0,0.000702505247727128,LOW
6,,,0.0,0.0,0.0,0.0,2023-12-28 05:58:36,False,False,False,True,0.0,7.283614524450449e-05,LOW
6,0.0,0.0,,,0.0,0.0,2019-12-07 17:03:45,False,False,False,True,0.0,0.001960011245211956,LOW
6,0.0,0.0,,,0.0,0.0,2022-09-08 11:02:18,False,False,False,True,0.0,0.0008339510698330127,LOW
6,,,0.0,0.0,0.0,0.0,2023-12-27 06:13:16,False,False,False,True,0.0,0.00016136397113316152,LOW
6,,,0.0,0.0,0.0,0.0,2023-12-27 04:33:16,False,False,False,True,0.0,7.283614524450449e-05,LOW
6,,,0.0,0.0,0.0,0.0,2023-12-28 09:22:59,False,False,False,True,0.0,0.00039307181617348317,LOW
6,,,0.0,0.0,0.0,0.0,2023-12-28 14:36:14,False,False,False,True,0.0,8.13832577628692e-05,LOW
6,,,0.0,0.0,0.0,0.0,2023-12-28 09:22:56,False,False,False,True,0.0,5.721210417400328e-05,LOW
6,,,0.0,0.0,0.0,0.0,2023-12-27 10:10:28,False,False,False,True,0.0,3.0139949879913706e-05,LOW
6,,,0.0,0.0,0.0,0.0,2023-12-27 14:45:29,False,False,False,True,0.0,0.00014194102630218244,LOW
6,,,0.0,0.0,0.0,0.0,2023-12-28 12:36:14,False,False,False,True,0.0,8.608940587476259e-05,LOW
6,,,0.0,0.0,0.0,0.0,2023-12-28 18:59:53,False,False,False,True,0.0,3.753451253192207e-05,LOW
6,,,0.0,0.0,0.0,0.0,2023-12-31 00:36:30,False,False,False,True,0.0,0.003124808489602573,LOW
6,,,0.0,0.0,0.0,0.0,2023-12-27 11:16:24,False,False,False,True,0.0,0.00013852464639946608,LOW
6,0.0,0.0,,,0.0,0.0,2022-12-18 23:29:30,False,False,False,True,0.0,0.0002575328640346022,LOW
6,,,0.0,0.0,0.0,0.0,2023-12-28 19:58:28,False,False,False,True,0.0,3.753451253192207e-05,LOW
6,0.0,0.0,,,0.0,0.0,2022-12-18 23:23:02,False,False,False,True,0.0,0.0002575328640346022,LOW
6,,,0.0,0.0,0.0,0.0,2023-12-28 18:59:58,False,False,False,True,0.0,3.753451253192207e-05,LOW
6,,,0.0,0.0,0.0,0.0,2023-12-27 13:09:51,False,False,False,True,0.0,3.0139949879913706e-05,LOW
6,0.0,0.0,,,0.0,0.0,2023-12-28 13:22:25,False,False,False,True,0.0,0.0057274011180970755,LOW
6,,,0.0,0.0,0.0,0.0,2023-12-28 16:51:14,False,False,False,True,0.0,0.00013852464639946608,LOW
6,,,0.0,0.0,0.0,0.0,2023-12-28 03:06:15,False,False,False,True,0.0,0.008431410385782212,LOW
6,,,0.0,0.0,0.0,0.0,2023-12-28 14:06:08,False,False,False,True,0.0,3.0139949879913706e-05,LOW
6,,,0.0,0.0,0.0,0.0,2023-12-28 15:59:03,False,False,False,True,0.0,3.0139949879913706e-05,LOW
6,,,0.0,0.0,0.0,0.0,2023-12-27 05:58:01,False,False,False,True,0.0,7.283614524450449e-05,LOW
6,0.0,0.0,0.0,0.0,0.0,0.0,2023-12-28 22:37:27,False,False,False,True,0.0,0.02504825282979068,LOW
6,0.0,0.0,,,0.0,0.0,2022-12-16 17:14:04,False,False,False,True,0.0,0.0005315442320431962,LOW
6,,,0.0,0.0,0.0,0.0,2023-12-28 07:13:31,False,False,False,True,0.0,3.0139949879913706e-05,LOW
6,,,0.0,0.0,0.0,0.0,2023-12-28 08:51:19,False,False,False,True,0.0,0.000574599178539799,LOW
6,,,0.0,0.0,0.0,0.0,2023-12-27 12:57:29,False,False,False,True,0.0,3.0139949879913706e-05,LOW
6,0.0,0.0,,,0.0,0.0,2023-12-25 16:21:20,False,False,False,True,0.0,0.0011297192507965456,LOW
6,,,0.0,0.0,0.0,0.0,2023-12-27 12:09:43,False,False,False,True,0.0,3.0139949879913706e-05,LOW
6,,,0.0,0.0,0.0,0.0,2023-12-28 16:57:12,False,False,False,True,0.0,3.0139949879913706e-05,LOW
6,,,0.0,0.0,0.0,0.0,2023-12-27 20:56:15,False,False,False,True,0.0,3.753451253192207e-05,LOW
6,,,0.0,0.0,0.0,0.0,2023-12-28 17:21:48,False,False,False,True,0.0,0.0001299571344049493,LOW
6,,,0.0,0.0,0.0,0.0,2023-12-27 08:54:44,False,False,False,True,0.0,0.00011815454305124203,LOW
6,,,0.0,0.0,0.0,0.0,2023-12-28 08:20:31,False,False,False,True,0.0,3.0139949879913706e-05,LOW
6,,,0.0,0.0,0.0,0.0,2023-12-28 09:22:57,False,False,False,True,0.0,8.711413057130368e-05,LOW
6,,,0.0,0.0,0.0,0.0,2023-12-27 05:13:59,False,False,False,True,0.0,0.00012145938620810725,LOW
6,0.0,0.0,,,0.0,0.0,2022-12-16 16:13:16,False,False,False,True,0.0,0.0004418037979423193,LOW
6,,,0.0,0.0,0.0,0.0,2023-12-27 21:01:37,False,False,False,True,0.0,3.753451253192207e-05,LOW
6,,,0.0,0.0,0.0,0.0,2023-12-27 05:19:16,False,False,False,True,0.0,0.00012203534980523903,LOW
6,,,0.0,0.0,0.0,0.0,2023-12-28 15:32:25,False,False,False,True,0.0,7.831442974410716e-05,LOW
6,,,0.0,0.0,0.0,0.0,2023-12-27 11:45:43,False,False,False,True,0.0,0.00015768084111753358,LOW
6,0.0,0.0,,,0.0,0.0,2023-12-31 00:44:00,False,False,False,True,0.0,0.0003198518173440013,LOW
6,0.0,0.0,,,0.0,0.0,2023-12-31 00:42:08,False,False,False,True,0.0,0.0005665032516486239,LOW
6,,,0.0,0.0,0.0,0.0,2023-12-28 03:06:37,False,False,False,True,0.0,0.00012203534980523903,LOW
6,,,0.0,0.0,0.0,0.0,2023-12-28 18:10:19,False,False,False,True,0.0,3.753451253192207e-05,LOW
6,,,0.0,0.0,0.0,0.0,2023-12-28 19:14:52,False,False,False,True,0.0,3.753451253192207e-05,LOW
6,,,0.0,0.0,0.0,0.0,2023-12-28 05:46:24,False,False,False,True,0.0,0.00165424964817358,LOW
6,,,0.0,0.0,0.0,0.0,2023-12-28 12:26:33,False,False,False,True,0.0,3.0139949879913706e-05,LOW
6,,,0.0,0.0,0.0,0.0,2023-12-27 20:41:13,False,False,False,True,0.0,3.753451253192207e-05,LOW
6,0.0,0.0,,,0.0,0.0,2022-12-18 23:11:38,False,False,False,True,0.0,0.0002575328640346022,LOW
6,,,0.0,0.0,0.0,0.0,2023-12-28 08:23:35,False,False,False,True,0.0,3.0139949879913706e-05,LOW
6,,,0.0,0.0,0.0,0.0,2023-12-27 20:27:14,False,False,False,True,0.0,3.753451253192207e-05,LOW
6,0.0,0.0,,,0.0,0.0,2023-12-25 17:38:30,False,False,False,True,0.0,0.0008084267925056306,LOW
6,,,0.0,0.0,0.0,0.0,2023-12-27 17:39:31,False,False,False,True,0.0,4.75608520346653e-05,LOW
6,,,0.0,0.0,0.0,0.0,2023-12-28 19:53:00,False,False,False,True,0.0,3.753451253192207e-05,LOW
6,,,0.0,0.0,0.0,0.0,2023-12-28 07:39:31,False,False,False,True,0.0,0.007697801192291337,LOW
6,,,0.0,0.0,0.0,0.0,2023-12-27 08:08:19,False,False,False,True,0.0,7.933915444064827e-05,LOW
6,,,0.0,0.0,0.0,0.0,2023-12-27 03:36:47,False,False,False,True,0.0,7.283614524450449e-05,LOW
6,0.0,0.0,,,0.0,0.0,2023-12-25 16:11:52,False,False,False,True,0.0,0.0009290985484248299,LOW
6,,,0.0,0.0,0.0,0.0,2023-12-28 06:18:26,False,False,False,True,0.0,7.283614524450449e-05,LOW
6,,,0.0,0.0,0.0,0.0,2023-12-27 13:37:46,False,False,False,True,0.0,6.035861106720386e-05,LOW
6,,,0.0,0.0,0.0,0.0,2023-12-27 12:53:21,False,False,False,True,0.0,5.179109907268707e-05,LOW
6,,,0.0,0.0,0.0,0.0,2023-12-28 02:45:42,False,False,False,True,0.0,0.00016607011924505487,LOW
6,,,0.0,0.0,0.0,0.0,2023-12-27 07:15:35,False,False,False,True,0.0,3.0139949879913706e-05,LOW
6,,,0.0,0.0,0.0,0.0,2023-12-27 22:39:26,False,False,False,True,0.0,8.640697866422331e-05,LOW
6,,,0.0,0.0,0.0,0.0,2023-12-27 04:37:45,False,False,False,True,0.0,0.0002391110107360706,LOW
6,,,0.0,0.0,0.0,0.0,2023-12-28 16:36:14,False,False,False,True,0.0,8.036744896549962e-05,LOW
6,,,0.0,0.0,0.0,0.0,2023-12-28 13:20:05,False,False,False,True,0.0,3.0139949879913706e-05,LOW
6,,,0.0,0.0,0.0,0.0,2023-12-27 11:39:43,False,False,False,True,0.0,0.0004113285866583332,LOW
6,,,0.0,0.0,0.0,0.0,2023-12-28 05:25:54,False,False,False,True,0.0,7.283614524450449e-05,LOW
6,,,0.0,0.0,0.0,0.0,2023-12-27 08:52:45,False,False,False,True,0.0,8.608940587476259e-05,LOW
6,,,0.0,0.0,0.0,0.0,2023-12-27 04:35:34,False,False,False,True,0.0,0.0002248126259331194,LOW
6,,,0.0,0.0,0.0,0.0,2023-12-27 04:45:29,False,False,False,True,0.0,0.005623239860436105,LOW
6,,,0.0,0.0,0.0,0.0,2023-12-28 09:51:13,False,False,False,True,0.0,7.566130085360623e-05,LOW
6,,,0.0,0.0,0.0,0.0,2023-12-28 01:05:55,False,False,False,True,0.0,0.00018284912943374563,LOW
6,0.0,0.0,,,0.0,0.0,2019-12-07 22:54:23,False,False,False,True,0.0,0.0013457087475273605,LOW
6,,,0.0,0.0,0.0,0.0,2023-12-28 02:11:44,False,False,False,True,0.0,7.283614524450449e-05,LOW
6,,,0.0,0.0,0.0,0.0,2023-12-27 11:45:43,False,False,False,True,0.0,0.00015768084111753358,LOW
6,,,0.0,0.0,0.0,0.0,2023-12-31 00:43:21,False,False,False,True,0.0,0.004588769434300635,LOW
6,,,0.0,0.0,0.0,0.0,2023-12-27 20:29:14,False,False,False,True,0.0,3.753451253192207e-05,LOW
6,,,0.0,0.0,0.0,0.0,2023-12-28 05:36:45,False,False,False,True,0.0,0.008076296749418573,LOW
6,0.0,0.0,,,0.0,0.0,2023-12-28 16:42:25,False,False,False,True,0.0,0.005725388130299808,LOW
6,,,0.0,0.0,0.0,0.0,2023-12-28 18:26:51,False,False,False,True,0.0,3.753451253192207e-05,LOW
6,,,0.0,0.0,0.0,0.0,2023-12-28 18:11:52,False,False,False,True,0.0,3.753451253192207e-05,LOW
6,,,0.0,0.0,0.0,0.0,2023-12-28 10:39:57,False,False,False,True,0.0,3.0139949879913706e-05,LOW
6,,,0.0,0.0,0.0,0.0,2023-12-27 07:21:52,False,False,False,True,0.0,3.0139949879913706e-05,LOW
6,0.0,0.0,,,0.0,0.0,2023-12-31 00:36:39,False,False,False,True,0.0,0.003399670804064659,LOW
6,,,0.0,0.0,0.0,0.0,2023-12-28 20:42:32,False,False,False,True,0.0,0.00017995247234091404,LOW
6,,,0.0,0.0,0.0,0.0,2023-12-27 12:07:46,False,False,False,True,0.0,0.00013587151750896515,LOW
6,,,0.0,0.0,0.0,0.0,2023-12-28 09:23:46,False,False,False,True,0.0,0.00016163545572918625,LOW
6,,,0.0,0.0,0.0,0.0,2023-12-27 19:03:34,False,False,False,True,0.0,8.673371709265663e-05,LOW
6,,,0.0,0.0,0.0,0.0,2023-12-27 20:25:36,False,False,False,True,0.0,8.673371709265663e-05,LOW
6,0.0,0.0,,,0.0,0.0,2023-12-28 17:42:25,False,False,False,True,0.0,0.005725388130299808,LOW
6,,,0.0,0.0,0.0,0.0,2023-12-27 08:32:28,False,False,False,True,0.0,0.00016399039769438888,LOW
6,,,0.0,0.0,0.0,0.0,2023-12-28 21:22:25,False,False,False,True,0.0,8.28634373108617e-05,LOW
6,0.0,0.0,,,0.0,0.0,2023-12-31 00:36:49,False,False,False,True,0.0,0.0005596116586794154,LOW
6,,,0.0,0.0,0.0,0.0,2023-12-27 16:03:44,False,False,False,True,0.0,0.0033869634732478933,LOW
6,,,0.0,0.0,0.0,0.0,2023-12-28 04:27:25,False,False,False,True,0.0,0.000252538623059198,LOW
6,,,0.0,0.0,0.0,0.0,2023-12-28 08:27:05,False,False,False,True,0.0,3.0139949879913706e-05,LOW
6,,,0.0,0.0,0.0,0.0,2023-12-27 03:03:28,False,False,False,True,0.0,0.0005218402621230149,LOW
6,,,0.0,0.0,0.0,0.0,2023-12-27 22:23:38,False,False,False,True,0.0,0.0001294299124572474,LOW
6,,,0.0,0.0,0.0,0.0,2023-12-28 16:04:04,False,False,False,True,0.0,0.0018599537270520532,LOW
6,,,0.0,0.0,0.0,0.0,2023-12-27 05:24:09,False,False,False,True,0.0,0.0054512717058152116,LOW
6,0.0,0.0,,,0.0,0.0,2023-12-25 17:33:33,False,False,False,True,0.0,0.0008084267925056306,LOW
6,,,0.0,0.0,0.0,0.0,2023-12-28 19:26:56,False,False,False,True,0.0,3.753451253192207e-05,LOW
6,,,0.0,0.0,0.0,0.0,2023-12-28 09:21:38,False,False,False,True,0.0,0.0026988549241303357,LOW
6,,,0.0,0.0,0.0,0.0,2023-12-27 13:15:41,False,False,False,True,0.0,6.577961616852005e-05,LOW
6,0.0,0.0,,,0.0,0.0,2023-12-25 16:18:26,False,False,False,True,0.0,0.0008781275545948836,LOW
6,,,0.0,0.0,0.0,0.0,2023-12-27 07:43:50,False,False,False,True,0.0,0.0004511367388976289,LOW
6,,,0.0,0.0,0.0,0.0,2023-12-27 09:44:27,False,False,False,True,0.0,0.0001725579096889057,LOW
6,0.0,0.0,0.0,0.0,0.0,0.0,2023-12-28 22:32:18,False,False,False,True,0.0,0.12745864688011718,LOW
6,,,0.0,0.0,0.0,0.0,2023-12-27 22:25:13,False,False,False,True,0.0,8.640697866422331e-05,LOW
6,,,0.0,0.0,0.0,0.0,2023-12-28 06:38:29,False,False,False,True,0.0,7.283614524450449e-05,LOW
6,,,0.0,0.0,0.0,0.0,2023-12-27 13:27:48,False,False,False,True,0.0,3.0139949879913706e-05,LOW
6,,,0.0,0.0,0.0,0.0,2023-12-28 03:28:53,False,False,False,True,0.0,0.0054512717058152116,LOW
6,,,0.0,0.0,0.0,0.0,2023-12-27 23:09:29,False,False,False,True,0.0,8.640697866422331e-05,LOW
6,0.0,0.0,,,0.0,0.0,2023-12-25 16:20:44,False,False,False,True,0.0,0.0011297192507965456,LOW
6,0.0,0.0,,,0.0,0.0,2022-12-16 18:29:13,False,False,False,True,0.0,0.00017283258159973437,LOW
6,,,0.0,0.0,0.0,0.0,2023-12-28 09:24:37,False,False,False,True,0.0,8.036744896549962e-05,LOW
6,,,0.0,0.0,0.0,0.0,2023-12-31 00:42:15,False,False,False,True,0.0,0.007049817701238909,LOW
6,,,0.0,0.0,0.0,0.0,2023-12-27 03:23:19,False,False,False,True,0.0,7.283614524450449e-05,LOW
6,0.0,0.0,,,0.0,0.0,2023-12-31 00:43:36,False,False,False,True,0.0,0.0009157758979995869,LOW
6,,,0.0,0.0,0.0,0.0,2023-12-27 20:00:36,False,False,False,True,0.0,3.753451253192207e-05,LOW
6,,,0.0,0.0,0.0,0.0,2023-12-28 09:23:37,False,False,False,True,0.0,0.0004044452107298104,LOW
6,0.0,0.0,,,0.0,0.0,2023-12-28 12:52:25,False,False,False,True,0.0,0.0057274011180970755,LOW
6,,,0.0,0.0,0.0,0.0,2023-12-28 18:52:26,False,False,False,True,0.0,8.28634373108617e-05,LOW
6,,,0.0,0.0,0.0,0.0,2023-12-28 09:26:00,False,False,False,True,0.0,0.00019074817853110797,LOW
6,,,0.0,0.0,0.0,0.0,2023-12-27 11:05:11,False,False,False,True,0.0,3.0139949879913706e-05,LOW
6,0.0,0.0,,,0.0,0.0,2019-12-07 22:54:23,False,False,False,True,0.0,0.0013457087475273605,LOW
6,,,0.0,0.0,0.0,0.0,2023-12-28 21:22:58,False,False,False,True,0.0,3.753451253192207e-05,LOW
6,,,0.0,0.0,0.0,0.0,2023-12-28 08:13:20,False,False,False,True,0.0,7.309676910474161e-05,LOW
6,,,0.0,0.0,0.0,0.0,2023-12-28 09:24:12,False,False,False,True,0.0,0.0005235012058467061,LOW
6,,,0.0,0.0,0.0,0.0,2023-12-27 18:49:03,False,False,False,True,0.0,3.753451253192207e-05,LOW
6,,,0.0,0.0,0.0,0.0,2023-12-28 13:06:05,False,False,False,True,0.0,3.0139949879913706e-05,LOW
6,,,0.0,0.0,0.0,0.0,2023-12-28 15:36:14,False,False,False,True,0.0,8.036744896549962e-05,LOW
6,,,0.0,0.0,0.0,0.0,2023-12-27 05:05:24,False,False,False,True,0.0,7.283614524450449e-05,LOW
6,,,0.0,0.0,0.0,0.0,2023-12-27 08:53:26,False,False,False,True,0.0,3.0139949879913706e-05,LOW
6,,,0.0,0.0,0.0,0.0,2023-12-27 21:52:54,False,False,False,True,0.0,5.495541468667367e-05,LOW
6,,,0.0,0.0,0.0,0.0,2023-12-28 09:23:16,False,False,False,True,0.0,6.858549873033064e-05,LOW
6,,,0.0,0.0,0.0,0.0,2023-12-28 13:54:14,False,False,False,True,0.0,4.75608520346653e-05,LOW
6,,,0.0,0.0,0.0,0.0,2023-12-27 14:08:10,False,False,False,True,0.0,3.0139949879913706e-05,LOW
6,,,0.0,0.0,0.0,0.0,2023-12-28 20:22:34,False,False,False,True,0.0,7.245932183110562e-05,LOW
6,,,0.0,0.0,0.0,0.0,2023-12-27 23:19:47,False,False,False,True,0.0,0.00043992431647126994,LOW
6,,,0.0,0.0,0.0,0.0,2023-12-28 20:38:56,False,False,False,True,0.0,3.753451253192207e-05,LOW
6,0.0,0.0,,,0.0,0.0,2022-12-18 23:32:11,False,False,False,True,0.0,0.0003259580759852396,LOW
6,,,0.0,0.0,0.0,0.0,2023-12-28 06:42:58,False,False,False,True,0.0,7.283614524450449e-05,LOW
6,,,0.0,0.0,0.0,0.0,2023-12-28 10:06:55,False,False,False,True,0.0,3.0139949879913706e-05,LOW
6,,,0.0,0.0,0.0,0.0,2023-12-27 23:02:34,False,False,False,True,0.0,0.002369190278946171,LOW
6,,,0.0,0.0,0.0,0.0,2023-12-28 04:41:22,False,False,False,True,0.0,7.283614524450449e-05,LOW
6,,,0.0,0.0,0.0,0.0,2023-12-28 17:32:13,False,False,False,True,0.0,0.00012182348073911254,LOW
6,,,0.0,0.0,0.0,0.0,2023-12-28 05:38:14,False,False,False,True,0.0,7.283614524450449e-05,LOW
6,,,0.0,0.0,0.0,0.0,2023-12-27 16:53:12,False,False,False,True,0.0,6.858549873033064e-05,LOW
6,0.0,0.0,,,0.0,0.0,2023-12-25 17:37:46,False,False,False,True,0.0,0.0008084267925056306,LOW
6,,,0.0,0.0,0.0,0.0,2023-12-27 21:09:09,False,False,False,True,0.0,3.753451253192207e-05,LOW
6,,,0.0,0.0,0.0,0.0,2023-12-27 05:06:28,False,False,False,True,0.0,7.283614524450449e-05,LOW
6,,,0.0,0.0,0.0,0.0,2023-12-28 07:39:31,False,False,False,True,0.0,0.007677435000360345,LOW
6,,,0.0,0.0,0.0,0.0,2023-12-28 01:38:13,False,False,False,True,0.0,7.283614524450449e-05,LOW
6,,,0.0,0.0,0.0,0.0,2023-12-27 14:52:46,False,False,False,True,0.0,0.00013852464639946608,LOW
6,,,0.0,0.0,0.0,0.0,2023-12-27 05:53:42,False,False,False,True,0.0,7.283614524450449e-05,LOW
6,0.0,0.0,,,0.0,0.0,2023-12-31 00:42:08,False,False,False,True,0.0,0.000568516239445892,LOW
6,,,0.0,0.0,0.0,0.0,2023-12-28 06:47:25,False,False,False,True,0.0,0.000252538623059198,LOW
6,,,0.0,0.0,0.0,0.0,2023-12-27 02:58:29,False,False,False,True,0.0,0.0002248126259331194,LOW
6,0.0,0.0,,,0.0,0.0,2022-12-16 17:28:03,False,False,False,True,0.0,0.0005315442320431962,LOW
6,,,0.0,0.0,0.0,0.0,2023-12-28 18:19:30,False,False,False,True,0.0,8.673371709265663e-05,LOW
6,,,0.0,0.0,0.0,0.0,2023-12-27 14:37:00,False,False,False,True,0.0,0.00015016990231191642,LOW
6,,,0.0,0.0,0.0,0.0,2023-12-27 09:20:06,False,False,False,True,0.0,3.0139949879913706e-05,LOW
6,,,0.0,0.0,0.0,0.0,2023-12-28 10:59:38,False,False,False,True,0.0,3.0139949879913706e-05,LOW
6,,,0.0,0.0,0.0,0.0,2023-12-28 16:06:43,False,False,False,True,0.0,3.0139949879913706e-05,LOW
6,,,0.0,0.0,0.0,0.0,2023-12-27 09:23:20,False,False,False,True,0.0,5.6497247184580446e-05,LOW
6,,,0.0,0.0,0.0,0.0,2023-12-27 23:20:19,False,False,False,True,0.0,8.640697866422331e-05,LOW
6,,,0.0,0.0,0.0,0.0,2023-12-31 00:36:49,False,False,False,True,0.0,0.003890378185982936,LOW
6,,,0.0,0.0,0.0,0.0,2023-12-27 10:27:48,False,False,False,True,0.0,3.0139949879913706e-05,LOW
6,,,0.0,0.0,0.0,0.0,2023-12-27 13:03:54,False,False,False,True,0.0,3.0139949879913706e-05,LOW
6,,,0.0,0.0,0.0,0.0,2023-12-27 22:13:34,False,False,False,True,0.0,0.0002592958639752811,LOW
6,,,0.0,0.0,0.0,0.0,2023-12-27 09:35:00,False,False,False,True,0.0,8.036744896549962e-05,LOW
6,,,0.0,0.0,0.0,0.0,2023-12-28 09:52:58,False,False,False,True,0.0,8.036744896549962e-05,LOW
6,,,0.0,0.0,0.0,0.0,2023-12-27 11:07:46,False,False,False,True,0.0,8.403638665337012e-05,LOW
6,0.0,0.0,,,0.0,0.0,2023-12-25 16:18:55,False,False,False,True,0.0,0.0009306028265437115,LOW
6,,,0.0,0.0,0.0,0.0,2023-12-28 02:27:41,False,False,False,True,0.0,7.283614524450449e-05,LOW
6,,,0.0,0.0,0.0,0.0,2023-12-28 08:43:14,False,False,False,True,0.0,3.0139949879913706e-05,LOW
6,,,0.0,0.0,0.0,0.0,2023-12-28 10:22:27,False,False,False,True,0.0,3.0139949879913706e-05,LOW
6,,,0.0,0.0,0.0,0.0,2023-12-28 05:16:41,False,False,False,True,0.0,0.0001981352564215343,LOW
6,,,0.0,0.0,0.0,0.0,2023-12-31 00:39:32,False,False,False,True,0.0,0.0011186229018753026,LOW
6,,,0.0,0.0,0.0,0.0,2023-12-27 14:29:11,False,False,False,True,0.0,0.00010540440385021582,LOW
6,,,0.0,0.0,0.0,0.0,2023-12-28 11:21:14,False,False,False,True,0.0,0.00015016990231191642,LOW
6,,,0.0,0.0,0.0,0.0,2023-12-28 01:31:13,False,False,False,True,0.0,0.00023054349874155385,LOW
6,,,0.0,0.0,0.0,0.0,2023-12-28 10:29:14,False,False,False,True,0.0,0.00033999704871148334,LOW
6,,,0.0,0.0,0.0,0.0,2023-12-27 17:57:51,False,False,False,True,0.0,3.0139949879913706e-05,LOW
6,,,0.0,0.0,0.0,0.0,2023-12-28 18:50:21,False,False,False,True,0.0,3.753451253192207e-05,LOW
6,,,0.0,0.0,0.0,0.0,2023-12-27 18:28:32,False,False,False,True,0.0,3.753451253192207e-05,LOW
6,,,0.0,0.0,0.0,0.0,2023-12-28 05:05:45,False,False,False,True,0.0,0.00016607011924505487,LOW
6,,,0.0,0.0,0.0,0.0,2023-12-27 03:17:09,False,False,False,True,0.0,0.0005218402621230149,LOW
6,,,0.0,0.0,0.0,0.0,2023-12-28 05:27:56,False,False,False,True,0.0,7.283614524450449e-05,LOW
6,,,0.0,0.0,0.0,0.0,2023-12-28 10:25:06,False,False,False,True,0.0,3.0139949879913706e-05,LOW
6,,,0.0,0.0,0.0,0.0,2023-12-27 08:27:26,False,False,False,True,0.0,3.0139949879913706e-05,LOW
6,,,0.0,0.0,0.0,0.0,2023-12-28 06:49:43,False,False,False,True,0.0,0.0054512717058152116,LOW
6,,,0.0,0.0,0.0,0.0,2023-12-27 20:07:36,False,False,False,True,0.0,3.753451253192207e-05,LOW
6,,,0.0,0.0,0.0,0.0,2023-12-27 11:23:09,False,False,False,True,0.0,0.0016115534528089892,LOW
6,,,0.0,0.0,0.0,0.0,2023-12-28 11:06:14,False,False,False,True,0.0,8.320051832327168e-05,LOW
6,,,0.0,0.0,0.0,0.0,2023-12-27 15:37:46,False,False,False,True,0.0,0.00015016990231191642,LOW
6,,,0.0,0.0,0.0,0.0,2023-12-27 07:52:45,False,False,False,True,0.0,9.568164256582048e-05,LOW
6,,,0.0,0.0,0.0,0.0,2023-12-27 19:53:50,False,False,False,True,0.0,3.753451253192207e-05,LOW
6,,,0.0,0.0,0.0,0.0,2023-12-28 11:16:21,False,False,False,True,0.0,7.933915444064827e-05,LOW
6,0.0,0.0,,,0.0,0.0,2023-12-28 22:25:31,False,False,False,True,0.0,0.0005077085929441154,LOW
6,,,0.0,0.0,0.0,0.0,2023-12-27 06:53:09,False,False,False,True,0.0,0.00016369293471567815,LOW
6,,,0.0,0.0,0.0,0.0,2023-12-27 03:45:29,False,False,False,True,0.0,0.0002625517215563295,LOW
6,,,0.0,0.0,0.0,0.0,2023-12-27 05:54:15,False,False,False,True,0.0,0.0001306028617997558,LOW
6,0.0,0.0,,,0.0,0.0,2023-12-31 00:42:06,False,False,False,True,0.0,0.0006147611525054554,LOW
6,,,0.0,0.0,0.0,0.0,2023-12-27 15:35:54,False,False,False,True,0.0,3.0139949879913706e-05,LOW
6,,,0.0,0.0,0.0,0.0,2023-12-31 00:36:32,False,False,False,True,0.0,0.007603254526957521,LOW
6,0.0,0.0,0.0,0.0,0.0,0.0,2023-12-31 00:36:48,False,False,False,True,0.0,0.032970305651328434,LOW
6,,,0.0,0.0,0.0,0.0,2023-12-28 19:22:24,False,False,False,True,0.0,7.243533228970535e-05,LOW
6,,,0.0,0.0,0.0,0.0,2023-12-27 10:06:14,False,False,False,True,0.0,3.0139949879913706e-05,LOW
6,,,0.0,0.0,0.0,0.0,2023-12-28 21:57:11,False,False,False,True,0.0,3.753451253192207e-05,LOW
6,,,0.0,0.0,0.0,0.0,2023-12-28 03:16:47,False,False,False,True,0.0,7.283614524450449e-05,LOW
6,,,0.0,0.0,0.0,0.0,2023-12-27 17:13:11,False,False,False,True,0.0,0.00033999704871148334,LOW
6,0.0,0.0,,,0.0,0.0,2023-12-31 00:42:06,False,False,False,True,0.0,0.0006127481647081874,LOW
6,,,0.0,0.0,0.0,0.0,2023-12-28 04:33:15,False,False,False,True,0.0,7.564710566760943e-05,LOW
6,,,0.0,0.0,0.0,0.0,2023-12-28 13:54:14,False,False,False,True,0.0,3.0139949879913706e-05,LOW
6,,,0.0,0.0,0.0,0.0,2023-12-27 03:21:21,False,False,False,True,0.0,7.283614524450449e-05,LOW
6,,,0.0,0.0,0.0,0.0,2023-12-27 13:44:27,False,False,False,True,0.0,3.0139949879913706e-05,LOW
6,,,0.0,0.0,0.0,0.0,2023-12-27 18:37:46,False,False,False,True,0.0,9.837005710593548e-05,LOW
6,,,0.0,0.0,0.0,0.0,2023-12-27 09:20:21,False,False,False,True,0.0,8.403638665337012e-05,LOW
6,,,0.0,0.0,0.0,0.0,2023-12-28 17:21:14,False,False,False,True,0.0,6.506475917909724e-05,LOW
6,,,0.0,0.0,0.0,0.0,2023-12-27 04:49:58,False,False,False,True,0.0,0.00011248010859360501,LOW
6,,,0.0,0.0,0.0,0.0,2023-12-27 14:07:55,False,False,False,True,0.0,3.0139949879913706e-05,LOW
6,,,0.0,0.0,0.0,0.0,2023-12-28 18:13:20,False,False,False,True,0.0,0.00013984142518153433,LOW
6,,,0.0,0.0,0.0,0.0,2023-12-28 20:14:29,False,False,False,True,0.0,3.753451253192207e-05,LOW
6,,,0.0,0.0,0.0,0.0,2023-12-27 21:37:47,False,False,False,True,0.0,0.0001575644649639248,LOW
6,,,0.0,0.0,0.0,0.0,2023-12-27 11:45:41,False,False,False,True,0.0,8.790666643516506e-05,LOW
6,,,0.0,0.0,0.0,0.0,2023-12-27 14:16:28,False,False,False,True,0.0,7.933915444064827e-05,LOW
6,,,0.0,0.0,0.0,0.0,2023-12-27 14:29:11,False,False,False,True,0.0,8.790666643516506e-05,LOW
6,,,0.0,0.0,0.0,0.0,2023-12-28 05:45:43,False,False,False,True,0.0,0.00014929971949135807,LOW
6,,,0.0,0.0,0.0,0.0,2023-12-27 04:52:45,False,False,False,True,0.0,0.00017991660287808132,LOW
6,,,0.0,0.0,0.0,0.0,2023-12-27 20:02:30,False,False,False,True,0.0,3.753451253192207e-05,LOW
6,,,0.0,0.0,0.0,0.0,2023-12-28 01:45:42,False,False,False,True,0.0,0.00015400586760325145,LOW
6,,,0.0,0.0,0.0,0.0,2023-12-28 22:12:13,False,False,False,True,0.0,0.00012516674961610735,LOW
6,,,0.0,0.0,0.0,0.0,2023-12-28 20:25:18,False,False,False,True,0.0,0.00014797222827286693,LOW
6,,,0.0,0.0,0.0,0.0,2023-12-28 06:05:04,False,False,False,True,0.0,7.283614524450449e-05,LOW
6,0.0,0.0,,,0.0,0.0,2023-12-31 00:42:03,False,False,False,True,0.0,0.0007103820938169967,LOW
6,,,0.0,0.0,0.0,0.0,2023-12-28 15:00:26,False,False,False,True,0.0,7.933915444064827e-05,LOW
6,,,0.0,0.0,0.0,0.0,2023-12-28 07:27:15,False,False,False,True,0.0,0.00015016990231191642,LOW
6,,,0.0,0.0,0.0,0.0,2023-12-28 08:51:11,False,False,False,True,0.0,0.000474342876410763,LOW
6,,,0.0,0.0,0.0,0.0,2023-12-27 09:27:48,False,False,False,True,0.0,0.00010540440385021582,LOW
6,,,0.0,0.0,0.0,0.0,2023-12-27 17:40:32,False,False,False,True,0.0,7.933915444064827e-05,LOW
6,,,0.0,0.0,0.0,0.0,2023-12-28 09:22:55,False,False,False,True,0.0,0.0005408951057969541,LOW
6,,,0.0,0.0,0.0,0.0,2023-12-28 06:46:02,False,False,False,True,0.0,0.00016369293471567815,LOW
6,,,0.0,0.0,0.0,0.0,2023-12-28 05:21:24,False,False,False,True,0.0,7.283614524450449e-05,LOW
6,,,0.0,0.0,0.0,0.0,2023-12-27 03:31:15,False,False,False,True,0.0,0.0054512717058152116,LOW
6,,,0.0,0.0,0.0,0.0,2023-12-27 06:03:06,False,False,False,True,0.0,0.00019141664142826242,LOW
6,,,0.0,0.0,0.0,0.0,2023-12-28 07:32:22,False,False,False,True,0.0,3.0139949879913706e-05,LOW
6,,,0.0,0.0,0.0,0.0,2023-12-27 03:18:20,False,False,False,True,0.0,7.283614524450449e-05,LOW
6,,,0.0,0.0,0.0,0.0,2023-12-28 12:22:39,False,False,False,True,0.0,3.0139949879913706e-05,LOW
6,,,0.0,0.0,0.0,0.0,2023-12-27 04:10:10,False,False,False,True,0.0,0.0002391110107360706,LOW
6,,,0.0,0.0,0.0,0.0,2023-12-27 19:13:57,False,False,False,True,0.0,0.00017640774324828037,LOW
6,,,0.0,0.0,0.0,0.0,2023-12-27 21:53:11,False,False,False,True,0.0,3.753451253192207e-05,LOW
6,,,0.0,0.0,0.0,0.0,2023-12-27 23:16:45,False,False,False,True,0.0,8.640697866422331e-05,LOW
6,,,0.0,0.0,0.0,0.0,2023-12-27 20:52:47,False,False,False,True,0.0,6.775317371921225e-05,LOW
6,0.0,0.0,,,0.0,0.0,2023-12-28 22:22:18,False,False,False,True,0.0,0.0005113734281472524,LOW
6,,,0.0,0.0,0.0,0.0,2023-12-27 23:22:53,False,False,False,True,0.0,0.00010382788081897491,LOW
6,,,0.0,0.0,0.0,0.0,2023-12-27 05:34:56,False,False,False,True,0.0,7.283614524450449e-05,LOW
6,0.0,0.0,,,0.0,0.0,2023-12-28 22:39:44,False,False,False,True,0.0,0.00020413541227713806,LOW
6,,,0.0,0.0,0.0,0.0,2023-12-28 14:39:33,False,False,False,True,0.0,0.00011596482950713096,LOW
6,,,0.0,0.0,0.0,0.0,2023-12-27 18:24:09,False,False,False,True,0.0,0.00040517252693738487,LOW
6,0.0,0.0,,,0.0,0.0,2023-12-31 00:42:06,False,False,False,True,0.0,0.0012744332771102403,LOW
6,,,0.0,0.0,0.0,0.0,2023-12-28 09:23:14,False,False,False,True,0.0,0.00010748032250229449,LOW
6,,,0.0,0.0,0.0,0.0,2023-12-27 04:46:33,False,False,False,True,0.0,0.0002391110107360706,LOW
6,,,0.0,0.0,0.0,0.0,2023-12-27 22:06:51,False,False,False,True,0.0,8.640697866422331e-05,LOW
6,,,0.0,0.0,0.0,0.0,2023-12-28 21:03:32,False,False,False,True,0.0,3.753451253192207e-05,LOW
6,,,0.0,0.0,0.0,0.0,2023-12-28 17:56:18,False,False,False,True,0.0,3.0139949879913706e-05,LOW
6,,,0.0,0.0,0.0,0.0,2023-12-27 19:59:27,False,False,False,True,0.0,3.753451253192207e-05,LOW
6,,,0.0,0.0,0.0,0.0,2023-12-28 09:51:13,False,False,False,True,0.0,0.0015373029378734204,LOW
6,,,0.0,0.0,0.0,0.0,2023-12-28 16:52:25,False,False,False,True,0.0,7.831442974410716e-05,LOW
6,,,0.0,0.0,0.0,0.0,2023-12-27 22:21:19,False,False,False,True,0.0,8.640697866422331e-05,LOW
6,,,0.0,0.0,0.0,0.0,2023-12-28 17:21:14,False,False,False,True,0.0,0.00014057766562085855,LOW
6,,,0.0,0.0,0.0,0.0,2023-12-27 08:57:00,False,False,False,True,0.0,3.0139949879913706e-05,LOW
6,,,0.0,0.0,0.0,0.0,2023-12-28 18:13:36,False,False,False,True,0.0,3.753451253192207e-05,LOW
6,,,0.0,0.0,0.0,0.0,2023-12-27 19:45:17,False,False,False,True,0.0,3.753451253192207e-05,LOW
6,0.0,0.0,,,0.0,0.0,2022-12-16 17:17:39,False,False,False,True,0.0,0.0008374683357491622,LOW
6,,,0.0,0.0,0.0,0.0,2023-12-27 06:04:15,False,False,False,True,0.0,0.0001306028617997558,LOW
6,,,0.0,0.0,0.0,0.0,2023-12-28 09:23:19,False,False,False,True,0.0,0.00169786430192344,LOW
6,,,0.0,0.0,0.0,0.0,2023-12-27 06:00:25,False,False,False,True,0.0,7.283614524450449e-05,LOW
6,,,0.0,0.0,0.0,0.0,2023-12-27 18:13:41,False,False,False,True,0.0,3.753451253192207e-05,LOW
6,,,0.0,0.0,0.0,0.0,2023-12-28 12:57:16,False,False,False,True,0.0,3.0139949879913706e-05,LOW
6,,,0.0,0.0,0.0,0.0,2023-12-27 11:37:46,False,False,False,True,0.0,8.036744896549962e-05,LOW
6,,,0.0,0.0,0.0,0.0,2023-12-28 14:53:04,False,False,False,True,0.0,0.0016154148166916127,LOW
6,,,0.0,0.0,0.0,0.0,2023-12-27 15:53:59,False,False,False,True,0.0,3.0139949879913706e-05,LOW
6,,,0.0,0.0,0.0,0.0,2023-12-27 07:47:49,False,False,False,True,0.0,0.0005464070107725591,LOW
6,,,0.0,0.0,0.0,0.0,2023-12-27 14:34:18,False,False,False,True,0.0,0.00015768084111753358,LOW
6,,,0.0,0.0,0.0,0.0,2023-12-28 21:30:00,False,False,False,True,0.0,9.348396852677098e-05,LOW
6,,,0.0,0.0,0.0,0.0,2023-12-27 04:05:47,False,False,False,True,0.0,7.283614524450449e-05,LOW
6,,,0.0,0.0,0.0,0.0,2023-12-28 04:04:14,False,False,False,True,0.0,0.003658984962397073,LOW
6,,,0.0,0.0,0.0,0.0,2023-12-28 19:10:08,False,False,False,True,0.0,3.753451253192207e-05,LOW
6,,,0.0,0.0,0.0,0.0,2023-12-27 05:44:28,False,False,False,True,0.0,7.283614524450449e-05,LOW
6,,,0.0,0.0,0.0,0.0,2023-12-28 04:27:06,False,False,False,True,0.0,7.283614524450449e-05,LOW
6,0.0,0.0,,,0.0,0.0,2022-12-16 16:12:44,False,False,False,True,0.0,0.01044070090346491,LOW
6,,,0.0,0.0,0.0,0.0,2023-12-28 18:05:49,False,False,False,True,0.0,3.753451253192207e-05,LOW
6,0.0,0.0,,,0.0,0.0,2023-12-31 00:41:30,False,False,False,True,0.0,0.0004184145888773087,LOW
6,,,0.0,0.0,0.0,0.0,2023-12-27 07:27:30,False,False,False,True,0.0,3.0139949879913706e-05,LOW
6,,,0.0,0.0,0.0,0.0,2023-12-27 16:38:36,False,False,False,True,0.0,3.0139949879913706e-05,LOW
6,,,0.0,0.0,0.0,0.0,2023-12-27 21:50:41,False,False,False,True,0.0,3.753451253192207e-05,LOW
6,,,0.0,0.0,0.0,0.0,2023-12-28 05:45:43,False,False,False,True,0.0,0.00016607011924505487,LOW
6,,,0.0,0.0,0.0,0.0,2023-12-28 02:32:54,False,False,False,True,0.0,0.00024899389396656433,LOW
6,,,0.0,0.0,0.0,0.0,2023-12-28 04:27:57,False,False,False,True,0.0,7.283614524450449e-05,LOW
6,,,0.0,0.0,0.0,0.0,2023-12-27 16:20:35,False,False,False,True,0.0,3.0139949879913706e-05,LOW
6,,,0.0,0.0,0.0,0.0,2023-12-27 02:58:18,False,False,False,True,0.0,7.283614524450449e-05,LOW
6,,,0.0,0.0,0.0,0.0,2023-12-27 05:02:48,False,False,False,True,0.0,7.283614524450449e-05,LOW
6,,,0.0,0.0,0.0,0.0,2023-12-27 10:47:49,False,False,False,True,0.0,0.00015016990231191642,LOW
6,,,0.0,0.0,0.0,0.0,2023-12-28 08:34:03,False,False,False,True,0.0,3.0139949879913706e-05,LOW
6,,,0.0,0.0,0.0,0.0,2023-12-27 13:11:51,False,False,False,True,0.0,3.0139949879913706e-05,LOW
6,,,0.0,0.0,0.0,0.0,2023-12-27 20:11:13,False,False,False,True,0.0,3.753451253192207e-05,LOW
6,0.0,0.0,,,0.0,0.0,2023-12-25 17:26:13,False,False,False,True,0.0,0.0008084267925056306,LOW
6,,,0.0,0.0,0.0,0.0,2023-12-27 14:40:43,False,False,False,True,0.0,3.0139949879913706e-05,LOW
6,,,0.0,0.0,0.0,0.0,2023-12-28 02:33:24,False,False,False,True,0.0,0.0005171341140111215,LOW
6,0.0,0.0,,,0.0,0.0,2022-12-16 17:14:25,False,False,False,True,0.0,0.0005295312442459282,LOW
6,,,0.0,0.0,0.0,0.0,2023-12-27 15:40:10,False,False,False,True,0.0,0.00015016990231191642,LOW
6,,,0.0,0.0,0.0,0.0,2023-12-27 22:26:13,False,False,False,True,0.0,8.640697866422331e-05,LOW
6,,,0.0,0.0,0.0,0.0,2023-12-27 13:37:18,False,False,False,True,0.0,3.0139949879913706e-05,LOW
6,,,0.0,0.0,0.0,0.0,2023-12-28 05:22:48,False,False,False,True,0.0,7.283614524450449e-05,LOW
6,,,0.0,0.0,0.0,0.0,2023-12-28 07:26:05,False,False,False,True,0.0,0.0006715850197886311,LOW
6,,,0.0,0.0,0.0,0.0,2023-12-27 05:35:30,False,False,False,True,0.0,7.283614524450449e-05,LOW
6,,,0.0,0.0,0.0,0.0,2023-12-27 16:22:18,False,False,False,True,0.0,0.00025964670083698896,LOW
6,,,0.0,0.0,0.0,0.0,2023-12-27 17:54:17,False,False,False,True,0.0,8.790666643516506e-05,LOW
6,,,0.0,0.0,0.0,0.0,2023-12-27 04:02:14,False,False,False,True,0.0,7.283614524450449e-05,LOW
6,,,0.0,0.0,0.0,0.0,2023-12-27 04:43:58,False,False,False,True,0.0,7.283614524450449e-05,LOW
6,0.0,0.0,,,0.0,0.0,2023-12-25 16:20:38,False,False,False,True,0.0,0.0011297192507965456,LOW
6,,,0.0,0.0,0.0,0.0,2023-12-28 21:14:05,False,False,False,True,0.0,0.0001445475732934277,LOW
6,0.0,0.0,,,0.0,0.0,2019-12-07 23:03:12,False,False,False,True,0.0,0.0006858166036248528,LOW
6,,,0.0,0.0,0.0,0.0,2023-12-28 05:17:53,False,False,False,True,0.0,7.283614524450449e-05,LOW
6,,,0.0,0.0,0.0,0.0,2023-12-28 06:32:59,False,False,False,True,0.0,7.283614524450449e-05,LOW
6,,,0.0,0.0,0.0,0.0,2023-12-27 17:32:09,False,False,False,True,0.0,3.0139949879913706e-05,LOW
6,,,0.0,0.0,0.0,0.0,2023-12-27 08:52:45,False,False,False,True,0.0,5.61283640291821e-05,LOW
6,,,0.0,0.0,0.0,0.0,2023-12-28 17:35:47,False,False,False,True,0.0,3.0139949879913706e-05,LOW
6,0.0,0.0,,,0.0,0.0,2023-12-31 00:36:50,False,False,False,True,0.0,0.003510860084830062,LOW
6,0.0,0.0,,,0.0,0.0,2023-12-31 00:42:06,False,False,False,True,0.0,0.0006147611525054554,LOW
6,,,0.0,0.0,0.0,0.0,2023-12-28 09:23:57,False,False,False,True,0.0,0.00025013445892194895,LOW
6,,,0.0,0.0,0.0,0.0,2023-12-27 03:16:24,False,False,False,True,0.0,7.283614524450449e-05,LOW
6,0.0,0.0,,,0.0,0.0,2022-12-18 23:36:12,False,False,False,True,0.0,0.00025551987623733427,LOW
6,,,0.0,0.0,0.0,0.0,2023-12-28 18:21:14,False,False,False,True,0.0,9.143094930537852e-05,LOW
6,,,0.0,0.0,0.0,0.0,2023-12-27 03:04:13,False,False,False,True,0.0,0.00012203534980523903,LOW
6,,,0.0,0.0,0.0,0.0,2023-12-27 18:53:12,False,False,False,True,0.0,7.5980061382339e-05,LOW
6,0.0,0.0,,,0.0,0.0,2023-12-25 16:11:56,False,False,False,True,0.0,0.0009290985484248299,LOW
6,,,0.0,0.0,0.0,0.0,2023-12-27 21:40:21,False,False,False,True,0.0,3.753451253192207e-05,LOW
6,,,0.0,0.0,0.0,0.0,2023-12-28 06:07:56,False,False,False,True,0.0,7.283614524450449e-05,LOW
6,,,0.0,0.0,0.0,0.0,2023-12-28 01:15:42,False,False,False,True,0.0,0.00016136397113316152,LOW
6,,,0.0,0.0,0.0,0.0,2023-12-27 05:52:46,False,False,False,True,0.0,9.02570473992561e-05,LOW
6,,,0.0,0.0,0.0,0.0,2023-12-28 18:13:30,False,False,False,True,0.0,8.673371709265663e-05,LOW
6,,,0.0,0.0,0.0,0.0,2023-12-28 09:31:13,False,False,False,True,0.0,0.00016998171650692075,LOW
6,,,0.0,0.0,0.0,0.0,2023-12-28 01:40:43,False,False,False,True,0.0,7.283614524450449e-05,LOW
6,,,0.0,0.0,0.0,0.0,2023-12-28 08:51:07,False,False,False,True,0.0,0.0019189474239060282,LOW
6,,,0.0,0.0,0.0,0.0,2023-12-28 09:31:44,False,False,False,True,0.0,0.00039291301291609744,LOW
6,,,0.0,0.0,0.0,0.0,2023-12-27 18:13:42,False,False,False,True,0.0,8.049133175674999e-05,LOW
6,,,0.0,0.0,0.0,0.0,2023-12-27 10:53:09,False,False,False,True,0.0,0.0006715850197886311,LOW
6,,,0.0,0.0,0.0,0.0,2023-12-28 07:10:27,False,False,False,True,0.0,3.0139949879913706e-05,LOW
6,0.0,0.0,0.0,0.0,0.0,0.0,2023-12-28 22:32:25,False,False,False,True,0.0,0.01707667522976226,LOW
6,,,0.0,0.0,0.0,0.0,2023-12-28 17:52:18,False,False,False,True,0.0,0.0003944047227873386,LOW
6,,,0.0,0.0,0.0,0.0,2023-12-28 07:35:54,False,False,False,True,0.0,8.403638665337012e-05,LOW
6,,,0.0,0.0,0.0,0.0,2023-12-28 09:24:30,False,False,False,True,0.0,0.0003542401300623296,LOW
6,,,0.0,0.0,0.0,0.0,2023-12-27 03:01:48,False,False,False,True,0.0,7.283614524450449e-05,LOW
6,0.0,0.0,,,0.0,0.0,2022-12-18 23:30:27,False,False,False,True,0.0,0.00025551987623733427,LOW
6,,,0.0,0.0,0.0,0.0,2023-12-28 05:02:54,False,False,False,True,0.0,7.283614524450449e-05,LOW
6,,,0.0,0.0,0.0,0.0,2023-12-27 06:55:34,False,False,False,True,0.0,7.283614524450449e-05,LOW
6,,,0.0,0.0,0.0,0.0,2023-12-27 13:46:54,False,False,False,True,0.0,3.0139949879913706e-05,LOW
6,,,0.0,0.0,0.0,0.0,2023-12-27 15:00:22,False,False,False,True,0.0,3.0139949879913706e-05,LOW
6,,,0.0,0.0,0.0,0.0,2023-12-27 16:25:08,False,False,False,True,0.0,3.0139949879913706e-05,LOW
6,,,0.0,0.0,0.0,0.0,2023-12-28 11:32:32,False,False,False,True,0.0,0.00041695131335242066,LOW
6,,,0.0,0.0,0.0,0.0,2023-12-28 15:51:27,False,False,False,True,0.0,4.75608520346653e-05,LOW
6,,,0.0,0.0,0.0,0.0,2023-12-27 19:59:35,False,False,False,True,0.0,8.673371709265663e-05,LOW
6,,,0.0,0.0,0.0,0.0,2023-12-27 19:27:34,False,False,False,True,0.0,3.753451253192207e-05,LOW
6,,,0.0,0.0,0.0,0.0,2023-12-28 14:36:49,False,False,False,True,0.0,8.875823521317331e-05,LOW
6,,,0.0,0.0,0.0,0.0,2023-12-28 04:26:21,False,False,False,True,0.0,7.283614524450449e-05,LOW
6,,,0.0,0.0,0.0,0.0,2023-12-28 03:15:42,False,False,False,True,0.0,0.00016136397113316152,LOW
6,,,0.0,0.0,0.0,0.0,2023-12-28 15:32:32,False,False,False,True,0.0,0.00011610152382984958,LOW
6,0.0,0.0,,,0.0,0.0,2023-12-31 00:36:58,False,False,False,True,0.0,0.0014361811117603396,LOW
6,,,0.0,0.0,0.0,0.0,2023-12-27 23:07:25,False,False,False,True,0.0,8.640697866422331e-05,LOW
6,,,0.0,0.0,0.0,0.0,2023-12-28 14:37:29,False,False,False,True,0.0,3.0139949879913706e-05,LOW
6,,,0.0,0.0,0.0,0.0,2023-12-28 09:59:03,False,False,False,True,0.0,8.608940587476259e-05,LOW
6,,,0.0,0.0,0.0,0.0,2023-12-28 02:46:50,False,False,False,True,0.0,0.00016930855738965384,LOW
6,,,0.0,0.0,0.0,0.0,2023-12-27 07:54:27,False,False,False,True,0.0,0.0001725579096889057,LOW
6,,,0.0,0.0,0.0,0.0,2023-12-27 22:37:43,False,False,False,True,0.0,8.640697866422331e-05,LOW
6,,,0.0,0.0,0.0,0.0,2023-12-27 23:38:23,False,False,False,True,0.0,8.640697866422331e-05,LOW
6,,,0.0,0.0,0.0,0.0,2023-12-27 22:48:14,False,False,False,True,0.0,8.640697866422331e-05,LOW
6,,,0.0,0.0,0.0,0.0,2023-12-28 15:36:50,False,False,False,True,0.0,7.933915444064827e-05,LOW
6,,,0.0,0.0,0.0,0.0,2023-12-27 17:36:55,False,False,False,True,0.0,3.0139949879913706e-05,LOW
6,0.0,0.0,,,0.0,0.0,2023-12-28 22:20:31,False,False,False,True,0.0,0.000796314377626418,LOW
6,,,0.0,0.0,0.0,0.0,2023-12-27 23:28:30,False,False,False,True,0.0,8.640697866422331e-05,LOW
6,,,0.0,0.0,0.0,0.0,2023-12-28 02:36:58,False,False,False,True,0.0,0.0001575026072505381,LOW
6,,,0.0,0.0,0.0,0.0,2023-12-28 15:28:45,False,False,False,True,0.0,6.035861106720386e-05,LOW
6,,,0.0,0.0,0.0,0.0,2023-12-27 08:38:40,False,False,False,True,0.0,3.0139949879913706e-05,LOW
6,,,0.0,0.0,0.0,0.0,2023-12-28 04:49:29,False,False,False,True,0.0,0.0001981352564215343,LOW
6,,,0.0,0.0,0.0,0.0,2023-12-28 08:04:29,False,False,False,True,0.0,7.546887465885332e-05,LOW
6,,,0.0,0.0,0.0,0.0,2023-12-28 09:22:11,False,False,False,True,0.0,0.0002253561923333046,LOW
6,,,0.0,0.0,0.0,0.0,2023-12-28 09:23:19,False,False,False,True,0.0,0.0019367168464417372,LOW
6,0.0,0.0,,,0.0,0.0,2019-12-07 17:03:44,False,False,False,True,0.0,0.0016429915033976067,LOW
6,,,0.0,0.0,0.0,0.0,2023-12-27 10:58:57,False,False,False,True,0.0,3.0139949879913706e-05,LOW
6,,,0.0,0.0,0.0,0.0,2023-12-28 07:45:09,False,False,False,True,0.0,3.0139949879913706e-05,LOW
6,,,0.0,0.0,0.0,0.0,2023-12-28 06:49:58,False,False,False,True,0.0,7.283614524450449e-05,LOW
6,,,0.0,0.0,0.0,0.0,2023-12-28 13:22:32,False,False,False,True,0.0,6.974691774959036e-05,LOW
6,,,0.0,0.0,0.0,0.0,2023-12-27 20:08:43,False,False,False,True,0.0,3.753451253192207e-05,LOW
6,,,0.0,0.0,0.0,0.0,2023-12-28 03:25:14,False,False,False,True,0.0,7.283614524450449e-05,LOW
6,,,0.0,0.0,0.0,0.0,2023-12-28 09:22:40,False,False,False,True,0.0,0.00038430407744121867,LOW
6,,,0.0,0.0,0.0,0.0,2023-12-27 03:23:13,False,False,False,True,0.0,0.00012203534980523903,LOW
6,,,0.0,0.0,0.0,0.0,2023-12-27 04:53:56,False,False,False,True,0.0,0.00014543835560873466,LOW
6,,,0.0,0.0,0.0,0.0,2023-12-27 19:51:47,False,False,False,True,0.0,3.753451253192207e-05,LOW
6,,,0.0,0.0,0.0,0.0,2023-12-28 21:02:14,False,False,False,True,0.0,0.00014591920905147448,LOW
6,,,0.0,0.0,0.0,0.0,2023-12-27 16:57:37,False,False,False,True,0.0,3.0139949879913706e-05,LOW
6,,,0.0,0.0,0.0,0.0,2023-12-27 15:22:18,False,False,False,True,0.0,0.00015016990231191642,LOW
6,0.0,0.0,0.0,0.0,0.0,0.0,2023-12-31 00:36:28,False,False,False,True,0.0,0.22456012720733934,LOW
6,0.0,0.0,,,0.0,0.0,2023-12-31 00:42:02,False,False,False,True,0.0,0.001223253928641931,LOW
6,,,0.0,0.0,0.0,0.0,2023-12-27 20:04:19,False,False,False,True,0.0,8.28634373108617e-05,LOW
6,,,0.0,0.0,0.0,0.0,2023-12-28 02:47:00,False,False,False,True,0.0,0.00015178065034127515,LOW
6,,,0.0,0.0,0.0,0.0,2023-12-27 22:22:26,False,False,False,True,0.0,8.640697866422331e-05,LOW
6,,,0.0,0.0,0.0,0.0,2023-12-27 03:39:36,False,False,False,True,0.0,0.005435188785851043,LOW
6,,,0.0,0.0,0.0,0.0,2023-12-27 17:39:01,False,False,False,True,0.0,3.0139949879913706e-05,LOW
6,,,0.0,0.0,0.0,0.0,2023-12-27 03:39:31,False,False,False,True,0.0,0.002739768115437719,LOW
6,,,0.0,0.0,0.0,0.0,2023-12-27 18:24:28,False,False,False,True,0.0,0.00017995247234091404,LOW
6,,,0.0,0.0,0.0,0.0,2023-12-28 07:04:45,False,False,False,True,0.0,0.0002198555261917387,LOW
6,,,0.0,0.0,0.0,0.0,2023-12-27 08:40:01,False,False,False,True,0.0,0.0003977779642853765,LOW
6,,,0.0,0.0,0.0,0.0,2023-12-28 17:23:57,False,False,False,True,0.0,0.00014057766562085855,LOW
6,0.0,0.0,,,0.0,0.0,2023-12-31 00:36:46,False,False,False,True,0.0,0.00028859165776964565,LOW
6,,,0.0,0.0,0.0,0.0,2023-12-27 23:30:43,False,False,False,True,0.0,8.640697866422331e-05,LOW
6,0.0,0.0,,,0.0,0.0,2023-12-31 00:38:16,False,False,False,True,0.0,0.0003383965779903419,LOW
6,,,0.0,0.0,0.0,0.0,2023-12-28 17:12:32,False,False,False,True,0.0,0.0001750394230124114,LOW
6,,,0.0,0.0,0.0,0.0,2023-12-28 03:34:19,False,False,False,True,0.0,7.283614524450449e-05,LOW
6,,,0.0,0.0,0.0,0.0,2023-12-28 17:33:37,False,False,False,True,0.0,0.0001725579096889057,LOW
6,,,0.0,0.0,0.0,0.0,2023-12-28 20:39:25,False,False,False,True,0.0,0.004206168156865121,LOW
6,,,0.0,0.0,0.0,0.0,2023-12-27 21:02:16,False,False,False,True,0.0,3.753451253192207e-05,LOW
6,,,0.0,0.0,0.0,0.0,2023-12-28 15:50:26,False,False,False,True,0.0,3.0139949879913706e-05,LOW
6,,,0.0,0.0,0.0,0.0,2023-12-28 02:31:37,False,False,False,True,0.0,0.00017226044671019494,LOW
6,,,0.0,0.0,0.0,0.0,2023-12-27 05:49:53,False,False,False,True,0.0,7.283614524450449e-05,LOW
6,,,0.0,0.0,0.0,0.0,2023-12-28 02:10:36,False,False,False,True,0.0,0.00012203534980523903,LOW
6,,,0.0,0.0,0.0,0.0,2023-12-27 04:51:15,False,False,False,True,0.0,0.00017226044671019494,LOW
6,,,0.0,0.0,0.0,0.0,2023-12-28 09:24:24,False,False,False,True,0.0,3.0139949879913706e-05,LOW
6,,,0.0,0.0,0.0,0.0,2023-12-27 03:14:26,False,False,False,True,0.0,0.000252538623059198,LOW
6,0.0,0.0,,,0.0,0.0,2023-12-31 00:42:05,False,False,False,True,0.0,0.00028906996418229974,LOW
6,,,0.0,0.0,0.0,0.0,2023-12-27 16:22:46,False,False,False,True,0.0,0.001752114727218274,LOW
6,0.0,0.0,,,0.0,0.0,2019-12-07 23:03:11,False,False,False,True,0.0,0.0006838036158275849,LOW
6,,,0.0,0.0,0.0,0.0,2023-12-27 21:15:52,False,False,False,True,0.0,3.753451253192207e-05,LOW
6,,,0.0,0.0,0.0,0.0,2023-12-28 07:45:43,False,False,False,True,0.0,0.00014057766562085855,LOW
6,0.0,0.0,,,0.0,0.0,2023-12-31 00:42:08,False,False,False,True,0.0,0.000568516239445892,LOW
6,0.0,0.0,,,0.0,0.0,2023-12-31 00:36:35,False,False,False,True,0.0,0.0006147611525054554,LOW
6,0.0,0.0,,,0.0,0.0,2023-12-31 00:42:02,False,False,False,True,0.0,0.0011548287166912934,LOW
6,,,0.0,0.0,0.0,0.0,2023-12-27 06:41:01,False,False,False,True,0.0,7.283614524450449e-05,LOW
6,0.0,0.0,,,0.0,0.0,2023-12-25 16:11:52,False,False,False,True,0.0,0.0009290985484248299,LOW
6,,,0.0,0.0,0.0,0.0,2023-12-27 19:22:47,False,False,False,True,0.0,0.0016275155274555145,LOW
6,,,0.0,0.0,0.0,0.0,2023-12-27 18:24:38,False,False,False,True,0.0,3.753451253192207e-05,LOW
6,0.0,0.0,,,0.0,0.0,2019-12-07 17:14:54,False,False,False,True,0.0,0.0013001191013094486,LOW
6,,,0.0,0.0,0.0,0.0,2023-12-28 06:24:42,False,False,False,True,0.0,7.283614524450449e-05,LOW
6,,,0.0,0.0,0.0,0.0,2023-12-28 10:44:57,False,False,False,True,0.0,3.0139949879913706e-05,LOW
6,,,0.0,0.0,0.0,0.0,2023-12-28 19:56:54,False,False,False,True,0.0,3.753451253192207e-05,LOW
6,,,0.0,0.0,0.0,0.0,2023-12-28 06:17:27,False,False,False,True,0.0,7.283614524450449e-05,LOW
6,,,0.0,0.0,0.0,0.0,2023-12-28 09:23:21,False,False,False,True,0.0,7.933915444064827e-05,LOW
6,,,0.0,0.0,0.0,0.0,2023-12-27 20:04:48,False,False,False,True,0.0,3.753451253192207e-05,LOW
6,,,0.0,0.0,0.0,0.0,2023-12-27 14:49:21,False,False,False,True,0.0,3.0139949879913706e-05,LOW
6,,,0.0,0.0,0.0,0.0,2023-12-27 12:07:46,False,False,False,True,0.0,0.00019794298157232957,LOW
6,,,0.0,0.0,0.0,0.0,2023-12-28 13:51:14,False,False,False,True,0.0,6.035861106720386e-05,LOW
6,,,0.0,0.0,0.0,0.0,2023-12-28 15:24:38,False,False,False,True,0.0,7.933915444064827e-05,LOW
6,,,0.0,0.0,0.0,0.0,2023-12-28 09:22:48,False,False,False,True,0.0,0.0022352053973886173,LOW
6,,,0.0,0.0,0.0,0.0,2023-12-28 09:43:54,False,False,False,True,0.0,3.0139949879913706e-05,LOW
6,,,0.0,0.0,0.0,0.0,2023-12-28 11:40:30,False,False,False,True,0.0,3.0139949879913706e-05,LOW
6,0.0,0.0,,,0.0,0.0,2019-12-07 22:54:23,False,False,False,True,0.0,0.0013457087475273605,LOW
6,,,0.0,0.0,0.0,0.0,2023-12-31 00:43:15,False,False,False,True,0.0,0.0009568625827268987,LOW
6,,,0.0,0.0,0.0,0.0,2023-12-28 15:12:18,False,False,False,True,0.0,9.362862334442803e-05,LOW
6,,,0.0,0.0,0.0,0.0,2023-12-27 23:00:19,False,False,False,True,0.0,8.640697866422331e-05,LOW
6,,,0.0,0.0,0.0,0.0,2023-12-28 17:22:14,False,False,False,True,0.0,0.00014911332912301677,LOW
6,,,0.0,0.0,0.0,0.0,2023-12-28 22:26:36,False,False,False,True,0.0,8.640697866422331e-05,LOW
6,,,0.0,0.0,0.0,0.0,2023-12-27 07:44:12,False,False,False,True,0.0,3.0139949879913706e-05,LOW
6,,,0.0,0.0,0.0,0.0,2023-12-27 05:24:14,False,False,False,True,0.0,0.0001306028617997558,LOW
6,,,0.0,0.0,0.0,0.0,2023-12-27 13:46:26,False,False,False,True,0.0,0.00015016990231191642,LOW
6,,,0.0,0.0,0.0,0.0,2023-12-28 13:37:55,False,False,False,True,0.0,6.577961616852005e-05,LOW
6,,,0.0,0.0,0.0,0.0,2023-12-27 20:05:36,False,False,False,True,0.0,3.753451253192207e-05,LOW
6,0.0,0.0,,,0.0,0.0,2023-12-25 16:20:38,False,False,False,True,0.0,0.0009326158143409794,LOW
6,,,0.0,0.0,0.0,0.0,2023-12-27 19:00:25,False,False,False,True,0.0,3.753451253192207e-05,LOW
6,,,0.0,0.0,0.0,0.0,2023-12-28 14:22:00,False,False,False,True,0.0,5.179109907268707e-05,LOW
6,,,0.0,0.0,0.0,0.0,2023-12-27 07:51:22,False,False,False,True,0.0,3.0139949879913706e-05,LOW
6,,,0.0,0.0,0.0,0.0,2023-12-28 17:18:30,False,False,False,True,0.0,7.933915444064827e-05,LOW
6,,,0.0,0.0,0.0,0.0,2023-12-27 16:02:51,False,False,False,True,0.0,0.001752114727218274,LOW
6,,,0.0,0.0,0.0,0.0,2023-12-28 16:37:34,False,False,False,True,0.0,7.360828163221378e-05,LOW
6,,,0.0,0.0,0.0,0.0,2023-12-28 07:01:00,False,False,False,True,0.0,3.0139949879913706e-05,LOW
6,,,0.0,0.0,0.0,0.0,2023-12-28 06:56:00,False,False,False,True,0.0,7.283614524450449e-05,LOW
6,,,0.0,0.0,0.0,0.0,2023-12-27 23:14:03,False,False,False,True,0.0,0.00016489716990254646,LOW
6,0.0,0.0,,,0.0,0.0,2023-12-28 22:19:31,False,False,False,True,0.0,0.0008781829503209708,LOW
6,0.0,0.0,,,0.0,0.0,2023-12-28 22:26:31,False,False,False,True,0.0,0.000796314377626418,LOW
6,0.0,0.0,,,0.0,0.0,2023-12-31 00:42:03,False,False,False,True,0.0,0.0007103820938169967,LOW
6,,,0.0,0.0,0.0,0.0,2023-12-27 16:37:50,False,False,False,True,0.0,3.0139949879913706e-05,LOW
6,,,0.0,0.0,0.0,0.0,2023-12-27 09:03:21,False,False,False,True,0.0,7.933915444064827e-05,LOW
6,,,0.0,0.0,0.0,0.0,2023-12-27 20:14:19,False,False,False,True,0.0,0.00016507540376954196,LOW
6,,,0.0,0.0,0.0,0.0,2023-12-28 15:32:25,False,False,False,True,0.0,7.831442974410716e-05,LOW
6,,,0.0,0.0,0.0,0.0,2023-12-27 23:15:29,False,False,False,True,0.0,0.00011659923762159054,LOW
6,,,0.0,0.0,0.0,0.0,2023-12-27 16:52:46,False,False,False,True,0.0,0.00014057766562085855,LOW
6,,,0.0,0.0,0.0,0.0,2023-12-27 06:55:41,False,False,False,True,0.0,7.283614524450449e-05,LOW
6,,,0.0,0.0,0.0,0.0,2023-12-28 10:37:52,False,False,False,True,0.0,3.0139949879913706e-05,LOW
6,,,0.0,0.0,0.0,0.0,2023-12-27 11:40:12,False,False,False,True,0.0,3.295091030301866e-05,LOW
6,,,0.0,0.0,0.0,0.0,2023-12-27 17:08:08,False,False,False,True,0.0,3.0139949879913706e-05,LOW
6,,,0.0,0.0,0.0,0.0,2023-12-28 21:23:32,False,False,False,True,0.0,9.530122908717343e-05,LOW
6,,,0.0,0.0,0.0,0.0,2023-12-27 12:00:41,False,False,False,True,0.0,3.0139949879913706e-05,LOW
6,,,0.0,0.0,0.0,0.0,2023-12-28 05:04:07,False,False,False,True,0.0,0.00012824255344533986,LOW
6,,,0.0,0.0,0.0,0.0,2023-12-27 14:33:21,False,False,False,True,0.0,3.0139949879913706e-05,LOW
6,,,0.0,0.0,0.0,0.0,2023-12-28 01:43:43,False,False,False,True,0.0,7.283614524450449e-05,LOW
6,,,0.0,0.0,0.0,0.0,2023-12-27 09:14:42,False,False,False,True,0.0,3.0139949879913706e-05,LOW
6,,,0.0,0.0,0.0,0.0,2023-12-28 05:45:43,False,False,False,True,0.0,0.001662817160168097,LOW
6,,,0.0,0.0,0.0,0.0,2023-12-28 21:22:18,False,False,False,True,0.0,0.00016507540376954196,LOW
6,,,0.0,0.0,0.0,0.0,2023-12-27 12:14:18,False,False,False,True,0.0,3.0139949879913706e-05,LOW
6,,,0.0,0.0,0.0,0.0,2023-12-28 01:32:09,False,False,False,True,0.0,7.283614524450449e-05,LOW
6,,,0.0,0.0,0.0,0.0,2023-12-27 08:57:00,False,False,False,True,0.0,3.0139949879913706e-05,LOW
6,,,0.0,0.0,0.0,0.0,2023-12-28 04:28:39,False,False,False,True,0.0,0.00012203534980523903,LOW
6,,,0.0,0.0,0.0,0.0,2023-12-28 11:28:42,False,False,False,True,0.0,3.0139949879913706e-05,LOW
6,,,0.0,0.0,0.0,0.0,2023-12-28 02:20:03,False,False,False,True,0.0,7.283614524450449e-05,LOW
6,,,0.0,0.0,0.0,0.0,2023-12-27 13:04:46,False,False,False,True,0.0,3.0139949879913706e-05,LOW
6,,,0.0,0.0,0.0,0.0,2023-12-27 10:07:27,False,False,False,True,0.0,3.0139949879913706e-05,LOW
6,,,0.0,0.0,0.0,0.0,2023-12-28 08:35:45,False,False,False,True,0.0,7.933915444064827e-05,LOW
6,,,0.0,0.0,0.0,0.0,2023-12-27 12:25:31,False,False,False,True,0.0,3.0139949879913706e-05,LOW
6,,,0.0,0.0,0.0,0.0,2023-12-28 01:45:36,False,False,False,True,0.0,0.00012203534980523903,LOW
6,,,0.0,0.0,0.0,0.0,2023-12-28 16:12:25,False,False,False,True,0.0,7.831442974410716e-05,LOW
6,,,0.0,0.0,0.0,0.0,2023-12-27 03:39:37,False,False,False,True,0.0,0.00012154951604074423,LOW
6,,,0.0,0.0,0.0,0.0,2023-12-28 05:21:40,False,False,False,True,0.0,0.00017226044671019494,LOW
6,,,0.0,0.0,0.0,0.0,2023-12-27 19:33:58,False,False,False,True,0.0,3.753451253192207e-05,LOW
6,,,0.0,0.0,0.0,0.0,2023-12-28 03:39:49,False,False,False,True,0.0,7.283614524450449e-05,LOW
6,,,0.0,0.0,0.0,0.0,2023-12-27 19:03:31,False,False,False,True,0.0,3.753451253192207e-05,LOW
6,0.0,0.0,,,0.0,0.0,2023-12-31 00:42:03,False,False,False,True,0.0,0.0007103820938169967,LOW
6,,,0.0,0.0,0.0,0.0,2023-12-27 08:51:10,False,False,False,True,0.0,3.0139949879913706e-05,LOW
6,,,0.0,0.0,0.0,0.0,2023-12-28 07:31:02,False,False,False,True,0.0,3.0139949879913706e-05,LOW
6,,,0.0,0.0,0.0,0.0,2023-12-28 01:57:36,False,False,False,True,0.0,0.00012203534980523903,LOW
6,,,0.0,0.0,0.0,0.0,2023-12-28 05:36:41,False,False,False,True,0.0,0.00012203534980523903,LOW
6,,,0.0,0.0,0.0,0.0,2023-12-28 03:00:42,False,False,False,True,0.0,0.00022951877404501274,LOW
6,,,0.0,0.0,0.0,0.0,2023-12-31 00:43:56,False,False,False,True,0.0,0.010403459740798628,LOW
6,,,0.0,0.0,0.0,0.0,2023-12-27 07:58:19,False,False,False,True,0.0,7.933915444064827e-05,LOW
6,,,0.0,0.0,0.0,0.0,2023-12-27 19:54:18,False,False,False,True,0.0,0.00014591920905147448,LOW
6,,,0.0,0.0,0.0,0.0,2023-12-28 06:23:42,False,False,False,True,0.0,0.00012203534980523903,LOW
6,0.0,0.0,,,0.0,0.0,2022-12-18 23:26:37,False,False,False,True,0.0,0.0002575328640346022,LOW
6,,,0.0,0.0,0.0,0.0,2023-12-27 17:22:46,False,False,False,True,0.0,8.608940587476259e-05,LOW
6,,,0.0,0.0,0.0,0.0,2023-12-28 05:46:43,False,False,False,True,0.0,7.283614524450449e-05,LOW
6,,,0.0,0.0,0.0,0.0,2023-12-27 04:16:14,False,False,False,True,0.0,0.00012203534980523903,LOW
6,,,0.0,0.0,0.0,0.0,2023-12-27 12:13:17,False,False,False,True,0.0,3.0139949879913706e-05,LOW
6,,,0.0,0.0,0.0,0.0,2023-12-28 20:51:31,False,False,False,True,0.0,8.980254511141868e-05,LOW
6,,,0.0,0.0,0.0,0.0,2023-12-28 18:42:50,False,False,False,True,0.0,3.753451253192207e-05,LOW
6,,,0.0,0.0,0.0,0.0,2023-12-28 07:55:19,False,False,False,True,0.0,7.309676910474161e-05,LOW
6,,,0.0,0.0,0.0,0.0,2023-12-27 11:12:39,False,False,False,True,0.0,3.0139949879913706e-05,LOW
6,,,0.0,0.0,0.0,0.0,2023-12-27 07:22:45,False,False,False,True,0.0,8.790666643516506e-05,LOW
6,0.0,0.0,,,0.0,0.0,2022-12-20 22:00:42,False,False,False,True,0.0,0.005529875478042905,LOW
6,,,0.0,0.0,0.0,0.0,2023-12-27 18:25:01,False,False,False,True,0.0,3.753451253192207e-05,LOW
6,,,0.0,0.0,0.0,0.0,2023-12-27 18:22:46,False,False,False,True,0.0,9.059508097528004e-05,LOW
6,,,0.0,0.0,0.0,0.0,2023-12-31 00:42:12,False,False,False,True,0.0,0.03124379430029052,LOW
6,,,0.0,0.0,0.0,0.0,2023-12-27 16:52:46,False,False,False,True,0.0,6.506475917909724e-05,LOW
6,,,0.0,0.0,0.0,0.0,2023-12-28 09:33:49,False,False,False,True,0.0,3.0139949879913706e-05,LOW
6,,,0.0,0.0,0.0,0.0,2023-12-28 10:25:56,False,False,False,True,0.0,3.0139949879913706e-05,LOW
6,,,0.0,0.0,0.0,0.0,2023-12-27 10:52:46,False,False,False,True,0.0,7.715301072484744e-05,LOW
6,0.0,0.0,,,0.0,0.0,2023-12-31 00:36:56,False,False,False,True,0.0,0.0026526633242891303,LOW
6,,,0.0,0.0,0.0,0.0,2023-12-27 12:27:15,False,False,False,True,0.0,3.0139949879913706e-05,LOW
6,,,0.0,0.0,0.0,0.0,2023-12-28 09:24:30,False,False,False,True,0.0,0.0003996151610268038,LOW
6,,,0.0,0.0,0.0,0.0,2023-12-27 22:22:40,False,False,False,True,0.0,8.640697866422331e-05,LOW
6,,,0.0,0.0,0.0,0.0,2023-12-27 14:28:25,False,False,False,True,0.0,3.0139949879913706e-05,LOW
6,,,0.0,0.0,0.0,0.0,2023-12-27 20:04:54,False,False,False,True,0.0,0.00021868257684923027,LOW
6,,,0.0,0.0,0.0,0.0,2023-12-27 12:44:46,False,False,False,True,0.0,3.0139949879913706e-05,LOW
6,,,0.0,0.0,0.0,0.0,2023-12-28 10:44:58,False,False,False,True,0.0,3.0139949879913706e-05,LOW
6,,,0.0,0.0,0.0,0.0,2023-12-27 22:58:40,False,False,False,True,0.0,0.005464842539234931,LOW
6,,,0.0,0.0,0.0,0.0,2023-12-27 21:22:47,False,False,False,True,0.0,0.0016275155274555145,LOW
6,,,0.0,0.0,0.0,0.0,2023-12-27 08:52:58,False,False,False,True,0.0,3.0139949879913706e-05,LOW
6,0.0,0.0,,,0.0,0.0,2023-12-25 16:11:56,False,False,False,True,0.0,0.0009290985484248299,LOW
6,,,0.0,0.0,0.0,0.0,2023-12-28 06:11:08,False,False,False,True,0.0,0.0055489028406524084,LOW
6,,,0.0,0.0,0.0,0.0,2023-12-28 10:34:45,False,False,False,True,0.0,3.0139949879913706e-05,LOW
6,,,0.0,0.0,0.0,0.0,2023-12-27 18:59:03,False,False,False,True,0.0,3.753451253192207e-05,LOW
6,,,0.0,0.0,0.0,0.0,2023-12-27 06:54:26,False,False,False,True,0.0,0.00025455161085646594,LOW
6,,,0.0,0.0,0.0,0.0,2023-12-27 20:15:35,False,False,False,True,0.0,8.673371709265663e-05,LOW
6,,,0.0,0.0,0.0,0.0,2023-12-27 20:52:47,False,False,False,True,0.0,0.0016275155274555145,LOW
6,,,0.0,0.0,0.0,0.0,2023-12-28 09:22:14,False,False,False,True,0.0,8.403638665337012e-05,LOW
6,,,0.0,0.0,0.0,0.0,2023-12-28 10:07:33,False,False,False,True,0.0,8.403638665337012e-05,LOW
6,,,0.0,0.0,0.0,0.0,2023-12-31 00:42:06,False,False,False,True,0.0,0.02024787216956151,LOW
6,,,0.0,0.0,0.0,0.0,2023-12-27 19:10:44,False,False,False,True,0.0,5.495541468667367e-05,LOW
6,,,0.0,0.0,0.0,0.0,2023-12-27 10:09:27,False,False,False,True,0.0,3.0139949879913706e-05,LOW
6,,,0.0,0.0,0.0,0.0,2023-12-27 08:22:45,False,False,False,True,0.0,8.320051832327168e-05,LOW
6,,,0.0,0.0,0.0,0.0,2023-12-28 01:06:19,False,False,False,True,0.0,0.00045939341170048344,LOW
6,0.0,0.0,,,0.0,0.0,2023-12-31 00:36:44,False,False,False,True,0.0,0.0006147611525054554,LOW
6,,,0.0,0.0,0.0,0.0,2023-12-28 04:46:07,False,False,False,True,0.0,0.00013632481870901877,LOW
6,0.0,0.0,,,0.0,0.0,2019-12-07 22:54:22,False,False,False,True,0.0,0.0013457087475273605,LOW
6,,,0.0,0.0,0.0,0.0,2023-12-27 15:55:14,False,False,False,True,0.0,3.295091030301866e-05,LOW
6,,,0.0,0.0,0.0,0.0,2023-12-28 17:21:57,False,False,False,True,0.0,0.00019915024033179417,LOW
6,,,0.0,0.0,0.0,0.0,2023-12-28 05:55:24,False,False,False,True,0.0,0.00010569694135637237,LOW
6,,,0.0,0.0,0.0,0.0,2023-12-27 17:30:01,False,False,False,True,0.0,0.00010540440385021582,LOW
6,,,0.0,0.0,0.0,0.0,2023-12-27 21:37:24,False,False,False,True,0.0,3.753451253192207e-05,LOW
6,,,0.0,0.0,0.0,0.0,2023-12-28 06:11:02,False,False,False,True,0.0,0.0004529383705315254,LOW
6,,,0.0,0.0,0.0,0.0,2023-12-27 12:34:08,False,False,False,True,0.0,3.0139949879913706e-05,LOW
6,,,0.0,0.0,0.0,0.0,2023-12-28 03:30:45,False,False,False,True,0.0,0.0001258967136878624,LOW
6,,,0.0,0.0,0.0,0.0,2023-12-28 17:04:58,False,False,False,True,0.0,0.0005235012058467061,LOW
6,,,0.0,0.0,0.0,0.0,2023-12-27 22:33:50,False,False,False,True,0.0,8.640697866422331e-05,LOW
6,,,0.0,0.0,0.0,0.0,2023-12-27 12:23:49,False,False,False,True,0.0,3.0139949879913706e-05,LOW
6,,,0.0,0.0,0.0,0.0,2023-12-27 06:37:28,False,False,False,True,0.0,7.283614524450449e-05,LOW
6,,,0.0,0.0,0.0,0.0,2023-12-28 17:04:46,False,False,False,True,0.0,8.320051832327168e-05,LOW
6,,,0.0,0.0,0.0,0.0,2023-12-28 11:36:14,False,False,False,True,0.0,0.00014057766562085855,LOW
6,,,0.0,0.0,0.0,0.0,2023-12-27 11:01:11,False,False,False,True,0.0,3.0139949879913706e-05,LOW
6,0.0,0.0,,,0.0,0.0,2023-12-31 00:42:13,False,False,False,True,0.0,0.0017233274529635794,LOW
6,,,0.0,0.0,0.0,0.0,2023-12-27 20:52:47,False,False,False,True,0.0,9.143094930537852e-05,LOW
6,,,0.0,0.0,0.0,0.0,2023-12-28 17:37:19,False,False,False,True,0.0,6.035861106720386e-05,LOW
6,,,0.0,0.0,0.0,0.0,2023-12-28 08:13:11,False,False,False,True,0.0,0.0001725579096889057,LOW
6,0.0,0.0,,,0.0,0.0,2023-12-31 00:36:48,False,False,False,True,0.0,0.015923240303658354,LOW
6,,,0.0,0.0,0.0,0.0,2023-12-28 20:42:17,False,False,False,True,0.0,0.00010102318599643639,LOW
6,,,0.0,0.0,0.0,0.0,2023-12-28 06:49:35,False,False,False,True,0.0,7.283614524450449e-05,LOW
6,,,0.0,0.0,0.0,0.0,2023-12-28 14:40:35,False,False,False,True,0.0,0.00019626269517478132,LOW
6,,,0.0,0.0,0.0,0.0,2023-12-27 07:17:49,False,False,False,True,0.0,3.0139949879913706e-05,LOW
6,,,0.0,0.0,0.0,0.0,2023-12-27 06:05:17,False,False,False,True,0.0,0.00012203534980523903,LOW
6,,,0.0,0.0,0.0,0.0,2023-12-27 12:23:53,False,False,False,True,0.0,7.463300632875488e-05,LOW
6,,,0.0,0.0,0.0,0.0,2023-12-28 09:23:43,False,False,False,True,0.0,0.00011325596874459574,LOW
6,,,0.0,0.0,0.0,0.0,2023-12-28 18:05:30,False,False,False,True,0.0,8.673371709265663e-05,LOW
6,,,0.0,0.0,0.0,0.0,2023-12-27 17:12:08,False,False,False,True,0.0,3.0139949879913706e-05,LOW
6,,,0.0,0.0,0.0,0.0,2023-12-27 15:58:00,False,False,False,True,0.0,3.0139949879913706e-05,LOW
6,,,0.0,0.0,0.0,0.0,2023-12-27 13:27:56,False,False,False,True,0.0,3.0139949879913706e-05,LOW
6,,,0.0,0.0,0.0,0.0,2023-12-27 07:03:04,False,False,False,True,0.0,7.546887465885332e-05,LOW
6,,,0.0,0.0,0.0,0.0,2023-12-28 09:45:23,False,False,False,True,0.0,3.0139949879913706e-05,LOW
6,,,0.0,0.0,0.0,0.0,2023-12-27 08:04:03,False,False,False,True,0.0,8.403638665337012e-05,LOW
6,,,0.0,0.0,0.0,0.0,2023-12-28 02:59:15,False,False,False,True,0.0,7.283614524450449e-05,LOW
6,,,0.0,0.0,0.0,0.0,2023-12-28 10:33:57,False,False,False,True,0.0,3.0139949879913706e-05,LOW
6,,,0.0,0.0,0.0,0.0,2023-12-28 07:45:45,False,False,False,True,0.0,0.00039661654526611674,LOW
6,,,0.0,0.0,0.0,0.0,2023-12-28 18:59:31,False,False,False,True,0.0,8.673371709265663e-05,LOW
6,0.0,0.0,,,0.0,0.0,2023-12-25 16:20:09,False,False,False,True,0.0,0.0011297192507965456,LOW
6,,,0.0,0.0,0.0,0.0,2023-12-28 06:27:15,False,False,False,True,0.0,0.00018284912943374563,LOW
6,,,0.0,0.0,0.0,0.0,2023-12-28 10:05:34,False,False,False,True,0.0,3.0139949879913706e-05,LOW
6,0.0,0.0,,,0.0,0.0,2023-12-31 00:42:13,False,False,False,True,0.0,0.00642753160481784,LOW
6,,,0.0,0.0,0.0,0.0,2023-12-28 18:28:14,False,False,False,True,0.0,0.000510599956119188,LOW
6,,,0.0,0.0,0.0,0.0,2023-12-28 10:42:32,False,False,False,True,0.0,6.974691774959036e-05,LOW
6,,,0.0,0.0,0.0,0.0,2023-12-27 17:22:59,False,False,False,True,0.0,3.0139949879913706e-05,LOW
6,,,0.0,0.0,0.0,0.0,2023-12-27 08:34:03,False,False,False,True,0.0,3.0139949879913706e-05,LOW
6,,,0.0,0.0,0.0,0.0,2023-12-27 06:29:27,False,False,False,True,0.0,7.283614524450449e-05,LOW
6,,,0.0,0.0,0.0,0.0,2023-12-28 07:56:33,False,False,False,True,0.0,3.0139949879913706e-05,LOW
6,,,0.0,0.0,0.0,0.0,2023-12-28 19:41:51,False,False,False,True,0.0,8.673371709265663e-05,LOW
6,,,0.0,0.0,0.0,0.0,2023-12-27 20:31:44,False,False,False,True,0.0,3.753451253192207e-05,LOW
6,,,0.0,0.0,0.0,0.0,2023-12-27 11:07:46,False,False,False,True,0.0,0.00014057766562085855,LOW
6,0.0,0.0,,,0.0,0.0,2023-12-25 16:53:33,False,False,False,True,0.0,0.0010908113281115769,LOW
6,,,0.0,0.0,0.0,0.0,2023-12-28 08:32:33,False,False,False,True,0.0,3.0139949879913706e-05,LOW
6,0.0,0.0,,,0.0,0.0,2023-12-25 16:22:43,False,False,False,True,0.0,0.0009326158143409794,LOW
6,,,0.0,0.0,0.0,0.0,2023-12-28 18:21:46,False,False,False,True,0.0,3.753451253192207e-05,LOW
6,,,0.0,0.0,0.0,0.0,2023-12-28 08:14:39,False,False,False,True,0.0,3.0139949879913706e-05,LOW
6,,,0.0,0.0,0.0,0.0,2023-12-28 06:17:15,False,False,False,True,0.0,0.00011777218696409897,LOW
6,,,0.0,0.0,0.0,0.0,2023-12-27 10:50:14,False,False,False,True,0.0,3.0139949879913706e-05,LOW
6,,,0.0,0.0,0.0,0.0,2023-12-28 09:31:45,False,False,False,True,0.0,0.0010226808881457295,LOW
6,,,0.0,0.0,0.0,0.0,2023-12-27 06:55:32,False,False,False,True,0.0,7.283614524450449e-05,LOW
6,,,0.0,0.0,0.0,0.0,2023-12-27 09:30:06,False,False,False,True,0.0,3.0139949879913706e-05,LOW
6,,,0.0,0.0,0.0,0.0,2023-12-28 17:38:26,False,False,False,True,0.0,3.0139949879913706e-05,LOW
6,,,0.0,0.0,0.0,0.0,2023-12-27 03:15:40,False,False,False,True,0.0,7.283614524450449e-05,LOW
6,,,0.0,0.0,0.0,0.0,2023-12-28 01:08:09,False,False,False,True,0.0,7.283614524450449e-05,LOW
6,,,0.0,0.0,0.0,0.0,2023-12-27 12:07:46,False,False,False,True,0.0,8.403638665337012e-05,LOW
6,,,0.0,0.0,0.0,0.0,2023-12-27 10:13:15,False,False,False,True,0.0,3.0139949879913706e-05,LOW
6,,,0.0,0.0,0.0,0.0,2023-12-28 10:51:13,False,False,False,True,0.0,4.653612733812421e-05,LOW
6,,,0.0,0.0,0.0,0.0,2023-12-28 20:04:46,False,False,False,True,0.0,0.00022725008884374708,LOW
6,,,0.0,0.0,0.0,0.0,2023-12-27 17:04:55,False,False,False,True,0.0,0.00016901318059627202,LOW
6,,,0.0,0.0,0.0,0.0,2023-12-27 13:00:01,False,False,False,True,0.0,0.00038513803678544197,LOW
6,0.0,0.0,,,0.0,0.0,2023-12-28 22:07:54,False,False,False,True,0.0,0.000796314377626418,LOW
6,,,0.0,0.0,0.0,0.0,2023-12-28 02:59:17,False,False,False,True,0.0,7.283614524450449e-05,LOW
6,,,0.0,0.0,0.0,0.0,2023-12-28 11:28:13,False,False,False,True,0.0,9.240394304911013e-05,LOW
6,0.0,0.0,,,0.0,0.0,2023-12-31 00:42:05,False,False,False,True,0.0,0.0007103820938169967,LOW
6,,,0.0,0.0,0.0,0.0,2023-12-27 05:47:16,False,False,False,True,0.0,0.00012203534980523903,LOW
6,,,0.0,0.0,0.0,0.0,2023-12-27 10:53:44,False,False,False,True,0.0,3.0139949879913706e-05,LOW
6,,,0.0,0.0,0.0,0.0,2023-12-28 04:58:04,False,False,False,True,0.0,7.283614524450449e-05,LOW
6,,,0.0,0.0,0.0,0.0,2023-12-28 05:41:56,False,False,False,True,0.0,7.283614524450449e-05,LOW
6,,,0.0,0.0,0.0,0.0,2023-12-28 18:30:55,False,False,False,True,0.0,3.753451253192207e-05,LOW
6,,,0.0,0.0,0.0,0.0,2023-12-27 14:42:03,False,False,False,True,0.0,3.0139949879913706e-05,LOW
6,,,0.0,0.0,0.0,0.0,2023-12-27 04:32:18,False,False,False,True,0.0,0.00024899389396656433,LOW
6,,,0.0,0.0,0.0,0.0,2023-12-28 18:12:32,False,False,False,True,0.0,0.00042635886380169705,LOW
6,0.0,0.0,,,0.0,0.0,2022-12-18 23:29:48,False,False,False,True,0.0,0.00025551987623733427,LOW
6,,,0.0,0.0,0.0,0.0,2023-12-27 07:38:31,False,False,False,True,0.0,3.0139949879913706e-05,LOW
6,,,0.0,0.0,0.0,0.0,2023-12-28 06:30:57,False,False,False,True,0.0,7.283614524450449e-05,LOW
6,,,0.0,0.0,0.0,0.0,2023-12-28 10:22:32,False,False,False,True,0.0,6.974691774959036e-05,LOW
6,,,0.0,0.0,0.0,0.0,2023-12-28 14:42:39,False,False,False,True,0.0,3.0139949879913706e-05,LOW
6,,,0.0,0.0,0.0,0.0,2023-12-27 05:22:40,False,False,False,True,0.0,7.283614524450449e-05,LOW
6,,,0.0,0.0,0.0,0.0,2023-12-27 18:48:43,False,False,False,True,0.0,3.753451253192207e-05,LOW
6,,,0.0,0.0,0.0,0.0,2023-12-27 12:51:20,False,False,False,True,0.0,3.0139949879913706e-05,LOW
6,,,0.0,0.0,0.0,0.0,2023-12-27 08:20:03,False,False,False,True,0.0,3.0139949879913706e-05,LOW
6,,,0.0,0.0,0.0,0.0,2023-12-28 15:42:42,False,False,False,True,0.0,3.0139949879913706e-05,LOW
6,,,0.0,0.0,0.0,0.0,2023-12-27 03:03:18,False,False,False,True,0.0,7.283614524450449e-05,LOW
6,,,0.0,0.0,0.0,0.0,2023-12-27 19:31:56,False,False,False,True,0.0,3.753451253192207e-05,LOW
6,,,0.0,0.0,0.0,0.0,2023-12-28 07:21:39,False,False,False,True,0.0,3.0139949879913706e-05,LOW
6,,,0.0,0.0,0.0,0.0,2023-12-28 21:51:34,False,False,False,True,0.0,3.753451253192207e-05,LOW
6,,,0.0,0.0,0.0,0.0,2023-12-27 10:46:12,False,False,False,True,0.0,3.0139949879913706e-05,LOW
6,,,0.0,0.0,0.0,0.0,2023-12-27 12:35:15,False,False,False,True,0.0,3.0139949879913706e-05,LOW
6,,,0.0,0.0,0.0,0.0,2023-12-27 11:35:43,False,False,False,True,0.0,3.0139949879913706e-05,LOW
6,,,0.0,0.0,0.0,0.0,2023-12-28 07:56:32,False,False,False,True,0.0,8.790666643516506e-05,LOW
6,,,0.0,0.0,0.0,0.0,2023-12-27 16:49:55,False,False,False,True,0.0,0.00046004120016212793,LOW
6,,,0.0,0.0,0.0,0.0,2023-12-27 12:58:46,False,False,False,True,0.0,8.790666643516506e-05,LOW
6,,,0.0,0.0,0.0,0.0,2023-12-27 12:35:09,False,False,False,True,0.0,3.0139949879913706e-05,LOW
6,,,0.0,0.0,0.0,0.0,2023-12-27 21:50:19,False,False,False,True,0.0,3.753451253192207e-05,LOW
6,,,0.0,0.0,0.0,0.0,2023-12-28 08:15:02,False,False,False,True,0.0,3.0139949879913706e-05,LOW
6,,,0.0,0.0,0.0,0.0,2023-12-28 21:29:20,False,False,False,True,0.0,8.049133175674999e-05,LOW
6,,,0.0,0.0,0.0,0.0,2023-12-27 16:33:46,False,False,False,True,0.0,0.0004033181204307817,LOW
6,,,0.0,0.0,0.0,0.0,2023-12-28 05:16:41,False,False,False,True,0.0,0.0004576445186434188,LOW
6,,,0.0,0.0,0.0,0.0,2023-12-27 21:52:50,False,False,False,True,0.0,0.0004515643515185844,LOW
6,,,0.0,0.0,0.0,0.0,2023-12-28 07:30:43,False,False,False,True,0.0,8.403638665337012e-05,LOW
6,0.0,0.0,,,0.0,0.0,2023-04-19 17:28:16,False,False,False,True,0.0,0.0031337991366217014,LOW
6,,,0.0,0.0,0.0,0.0,2023-12-27 23:27:46,False,False,False,True,0.0,8.640697866422331e-05,LOW
6,,,0.0,0.0,0.0,0.0,2023-12-27 10:19:39,False,False,False,True,0.0,3.0139949879913706e-05,LOW
6,,,0.0,0.0,0.0,0.0,2023-12-28 05:45:43,False,False,False,True,0.0,0.0002248126259331194,LOW
6,,,0.0,0.0,0.0,0.0,2023-12-27 16:51:34,False,False,False,True,0.0,3.0139949879913706e-05,LOW
6,,,0.0,0.0,0.0,0.0,2023-12-27 20:40:12,False,False,False,True,0.0,3.753451253192207e-05,LOW
6,,,0.0,0.0,0.0,0.0,2023-12-28 18:44:21,False,False,False,True,0.0,9.274250877241608e-05,LOW
6,0.0,0.0,,,0.0,0.0,2022-12-29 22:11:39,False,False,False,True,0.0,0.0005605384853189933,LOW
6,,,0.0,0.0,0.0,0.0,2023-12-28 04:56:07,False,False,False,True,0.0,0.0007131455870941237,LOW
6,,,0.0,0.0,0.0,0.0,2023-12-27 11:50:55,False,False,False,True,0.0,3.0139949879913706e-05,LOW
6,,,0.0,0.0,0.0,0.0,2023-12-28 15:45:18,False,False,False,True,0.0,3.0139949879913706e-05,LOW
6,,,0.0,0.0,0.0,0.0,2023-12-28 01:25:01,False,False,False,True,0.0,7.283614524450449e-05,LOW
6,,,0.0,0.0,0.0,0.0,2023-12-28 09:51:13,False,False,False,True,0.0,8.493795391282441e-05,LOW
6,,,0.0,0.0,0.0,0.0,2023-12-28 09:32:44,False,False,False,True,0.0,0.0005087523957987315,LOW
6,,,0.0,0.0,0.0,0.0,2023-12-27 08:37:45,False,False,False,True,0.0,8.403638665337012e-05,LOW
6,,,0.0,0.0,0.0,0.0,2023-12-27 21:32:49,False,False,False,True,0.0,0.00010307620521782884,LOW
6,,,0.0,0.0,0.0,0.0,2023-12-27 18:48:43,False,False,False,True,0.0,3.753451253192207e-05,LOW
6,,,0.0,0.0,0.0,0.0,2023-12-28 02:21:08,False,False,False,True,0.0,0.00013632481870901877,LOW
6,,,0.0,0.0,0.0,0.0,2023-12-27 05:05:19,False,False,False,True,0.0,0.0019015142943575461,LOW
6,,,0.0,0.0,0.0,0.0,2023-12-27 20:04:06,False,False,False,True,0.0,3.753451253192207e-05,LOW
6,0.0,0.0,,,0.0,0.0,2023-12-31 00:36:53,False,False,False,True,0.0,0.0017233274529635794,LOW
6,,,0.0,0.0,0.0,0.0,2023-12-27 19:08:24,False,False,False,True,0.0,3.753451253192207e-05,LOW
6,,,0.0,0.0,0.0,0.0,2023-12-27 02:51:27,False,False,False,True,0.0,7.283614524450449e-05,LOW
6,,,0.0,0.0,0.0,0.0,2023-12-28 12:22:56,False,False,False,True,0.0,8.790666643516506e-05,LOW
6,0.0,0.0,,,0.0,0.0,2023-12-31 00:36:43,False,False,False,True,0.0,0.005833851071239332,LOW
6,,,0.0,0.0,0.0,0.0,2023-12-27 03:09:08,False,False,False,True,0.0,0.0002391110107360706,LOW
6,,,0.0,0.0,0.0,0.0,2023-12-28 14:22:16,False,False,False,True,0.0,0.001752114727218274,LOW
6,,,0.0,0.0,0.0,0.0,2023-12-27 06:14:02,False,False,False,True,0.0,7.283614524450449e-05,LOW
6,,,0.0,0.0,0.0,0.0,2023-12-27 21:43:10,False,False,False,True,0.0,0.0006486612398433682,LOW
6,,,0.0,0.0,0.0,0.0,2023-12-28 20:08:25,False,False,False,True,0.0,9.274250877241608e-05,LOW
6,,,0.0,0.0,0.0,0.0,2023-12-28 17:43:37,False,False,False,True,0.0,0.0001725579096889057,LOW
6,,,0.0,0.0,0.0,0.0,2023-12-27 21:33:45,False,False,False,True,0.0,0.00016507540376954196,LOW
6,,,0.0,0.0,0.0,0.0,2023-12-28 09:22:17,False,False,False,True,0.0,8.608940587476259e-05,LOW
6,,,0.0,0.0,0.0,0.0,2023-12-27 03:52:45,False,False,False,True,0.0,0.0002391110107360706,LOW
6,,,0.0,0.0,0.0,0.0,2023-12-27 04:06:55,False,False,False,True,0.0,7.283614524450449e-05,LOW
6,,,0.0,0.0,0.0,0.0,2023-12-28 21:57:10,False,False,False,True,0.0,3.753451253192207e-05,LOW
6,,,0.0,0.0,0.0,0.0,2023-12-28 21:39:47,False,False,False,True,0.0,8.673371709265663e-05,LOW
6,0.0,0.0,,,0.0,0.0,2023-12-25 16:11:52,False,False,False,True,0.0,0.0009290985484248299,LOW
6,,,0.0,0.0,0.0,0.0,2023-12-28 21:13:34,False,False,False,True,0.0,8.673371709265663e-05,LOW
6,,,0.0,0.0,0.0,0.0,2023-12-31 00:36:38,False,False,False,True,0.0,0.004452111032949795,LOW
6,,,0.0,0.0,0.0,0.0,2023-12-28 04:34:39,False,False,False,True,0.0,0.00012203534980523903,LOW
6,0.0,0.0,,,0.0,0.0,2023-12-31 00:42:03,False,False,False,True,0.0,0.0007103820938169967,LOW
6,,,0.0,0.0,0.0,0.0,2023-12-27 05:46:58,False,False,False,True,0.0,7.283614524450449e-05,LOW
6,,,0.0,0.0,0.0,0.0,2023-12-28 15:51:14,False,False,False,True,0.0,8.790666643516506e-05,LOW
6,,,0.0,0.0,0.0,0.0,2023-12-28 18:13:36,False,False,False,True,0.0,9.143094930537852e-05,LOW
6,,,0.0,0.0,0.0,0.0,2023-12-28 15:40:14,False,False,False,True,0.0,3.0139949879913706e-05,LOW
6,,,0.0,0.0,0.0,0.0,2023-12-27 17:58:55,False,False,False,True,0.0,3.0139949879913706e-05,LOW
6,,,0.0,0.0,0.0,0.0,2023-12-28 13:55:16,False,False,False,True,0.0,3.0139949879913706e-05,LOW
6,,,0.0,0.0,0.0,0.0,2023-12-28 19:23:23,False,False,False,True,0.0,3.753451253192207e-05,LOW
6,,,0.0,0.0,0.0,0.0,2023-12-27 16:51:55,False,False,False,True,0.0,0.00015016990231191642,LOW
6,,,0.0,0.0,0.0,0.0,2023-12-28 08:51:17,False,False,False,True,0.0,0.0007182093710796946,LOW
6,,,0.0,0.0,0.0,0.0,2023-12-28 05:15:43,False,False,False,True,0.0,0.0002391110107360706,LOW
6,,,0.0,0.0,0.0,0.0,2023-12-28 07:27:02,False,False,False,True,0.0,3.0139949879913706e-05,LOW
6,,,0.0,0.0,0.0,0.0,2023-12-27 21:39:37,False,False,False,True,0.0,8.673371709265663e-05,LOW
6,,,0.0,0.0,0.0,0.0,2023-12-28 01:38:06,False,False,False,True,0.0,7.283614524450449e-05,LOW
6,,,0.0,0.0,0.0,0.0,2023-12-28 12:29:03,False,False,False,True,0.0,3.0139949879913706e-05,LOW
6,,,0.0,0.0,0.0,0.0,2023-12-27 03:39:31,False,False,False,True,0.0,0.0005404295812361081,LOW
6,,,0.0,0.0,0.0,0.0,2023-12-27 12:13:35,False,False,False,True,0.0,0.00014194102630218244,LOW
6,,,0.0,0.0,0.0,0.0,2023-12-27 03:59:10,False,False,False,True,0.0,0.0002248126259331194,LOW
6,,,0.0,0.0,0.0,0.0,2023-12-27 05:04:59,False,False,False,True,0.0,0.00010920467496958221,LOW
6,0.0,0.0,,,0.0,0.0,2019-12-07 22:57:50,False,False,False,True,0.0,0.0013457087475273605,LOW
6,,,0.0,0.0,0.0,0.0,2023-12-27 05:54:31,False,False,False,True,0.0,7.283614524450449e-05,LOW
6,,,0.0,0.0,0.0,0.0,2023-12-27 21:08:50,False,False,False,True,0.0,8.28634373108617e-05,LOW
6,,,0.0,0.0,0.0,0.0,2023-12-27 23:28:17,False,False,False,True,0.0,8.640697866422331e-05,LOW
6,,,0.0,0.0,0.0,0.0,2023-12-27 22:08:42,False,False,False,True,0.0,8.640697866422331e-05,LOW
6,,,0.0,0.0,0.0,0.0,2023-12-27 13:04:45,False,False,False,True,0.0,0.0005235012058467061,LOW
6,,,0.0,0.0,0.0,0.0,2023-12-28 04:15:12,False,False,False,True,0.0,7.283614524450449e-05,LOW
6,,,0.0,0.0,0.0,0.0,2023-12-28 06:21:01,False,False,False,True,0.0,7.283614524450449e-05,LOW
6,,,0.0,0.0,0.0,0.0,2023-12-27 17:00:33,False,False,False,True,0.0,3.0139949879913706e-05,LOW
6,,,0.0,0.0,0.0,0.0,2023-12-27 15:02:44,False,False,False,True,0.0,7.546887465885332e-05,LOW
6,,,0.0,0.0,0.0,0.0,2023-12-27 10:01:54,False,False,False,True,0.0,0.00011815454305124203,LOW
6,,,0.0,0.0,0.0,0.0,2023-12-27 05:18:59,False,False,False,True,0.0,7.283614524450449e-05,LOW
6,0.0,0.0,,,0.0,0.0,2023-12-25 16:12:07,False,False,False,True,0.0,0.0009290985484248299,LOW
6,,,0.0,0.0,0.0,0.0,2023-12-27 08:37:17,False,False,False,True,0.0,3.0139949879913706e-05,LOW
6,,,0.0,0.0,0.0,0.0,2023-12-28 19:21:14,False,False,False,True,0.0,7.245932183110562e-05,LOW
6,,,0.0,0.0,0.0,0.0,2023-12-27 05:05:15,False,False,False,True,0.0,0.00012203534980523903,LOW
6,,,0.0,0.0,0.0,0.0,2023-12-28 13:39:18,False,False,False,True,0.0,3.0139949879913706e-05,LOW
6,,,0.0,0.0,0.0,0.0,2023-12-28 05:05:56,False,False,False,True,0.0,0.00019141664142826242,LOW
6,,,0.0,0.0,0.0,0.0,2023-12-28 16:32:44,False,False,False,True,0.0,3.0139949879913706e-05,LOW
6,,,0.0,0.0,0.0,0.0,2023-12-28 01:28:35,False,False,False,True,0.0,0.00012203534980523903,LOW
6,,,0.0,0.0,0.0,0.0,2023-12-28 21:34:48,False,False,False,True,0.0,3.753451253192207e-05,LOW
6,,,0.0,0.0,0.0,0.0,2023-12-28 18:06:14,False,False,False,True,0.0,8.776201161750801e-05,LOW
6,,,0.0,0.0,0.0,0.0,2023-12-27 18:52:57,False,False,False,True,0.0,7.919449962299119e-05,LOW
6,,,0.0,0.0,0.0,0.0,2023-12-28 17:22:34,False,False,False,True,0.0,0.00011815454305124203,LOW
6,0.0,0.0,,,0.0,0.0,2023-12-25 16:19:00,False,False,False,True,0.0,0.0011297192507965456,LOW
6,,,0.0,0.0,0.0,0.0,2023-12-28 22:11:35,False,False,False,True,0.0,0.0001294299124572474,LOW
6,,,0.0,0.0,0.0,0.0,2023-12-27 11:10:55,False,False,False,True,0.0,0.00035894627817422293,LOW
6,,,0.0,0.0,0.0,0.0,2023-12-28 08:28:02,False,False,False,True,0.0,3.0139949879913706e-05,LOW
6,,,0.0,0.0,0.0,0.0,2023-12-28 13:14:26,False,False,False,True,0.0,3.0139949879913706e-05,LOW
6,,,0.0,0.0,0.0,0.0,2023-12-27 11:49:24,False,False,False,True,0.0,7.933915444064827e-05,LOW
6,,,0.0,0.0,0.0,0.0,2023-12-27 08:07:45,False,False,False,True,0.0,8.403638665337012e-05,LOW
6,,,0.0,0.0,0.0,0.0,2023-12-28 09:47:25,False,False,False,True,0.0,3.0139949879913706e-05,LOW
6,,,0.0,0.0,0.0,0.0,2023-12-27 21:30:47,False,False,False,True,0.0,3.753451253192207e-05,LOW
6,0.0,0.0,,,0.0,0.0,2023-12-31 00:42:08,False,False,False,True,0.0,0.000568516239445892,LOW
6,,,0.0,0.0,0.0,0.0,2023-12-27 06:09:32,False,False,False,True,0.0,7.283614524450449e-05,LOW
6,0.0,0.0,,,0.0,0.0,2023-12-28 16:22:23,False,False,False,True,0.0,0.0005149444065536444,LOW
6,,,0.0,0.0,0.0,0.0,2023-12-27 19:41:00,False,False,False,True,0.0,0.0001575644649639248,LOW
6,0.0,0.0,,,0.0,0.0,2023-12-31 00:42:02,False,False,False,True,0.0,0.0011548287166912934,LOW
6,,,0.0,0.0,0.0,0.0,2023-12-28 01:53:32,False,False,False,True,0.0,7.283614524450449e-05,LOW
6,,,0.0,0.0,0.0,0.0,2023-12-28 06:15:43,False,False,False,True,0.0,0.0001258967136878624,LOW
6,,,0.0,0.0,0.0,0.0,2023-12-28 10:17:27,False,False,False,True,0.0,3.0139949879913706e-05,LOW
6,,,0.0,0.0,0.0,0.0,2023-12-28 17:07:36,False,False,False,True,0.0,6.506475917909724e-05,LOW
6,0.0,0.0,,,0.0,0.0,2023-12-31 00:42:08,False,False,False,True,0.0,0.000568516239445892,LOW
6,,,0.0,0.0,0.0,0.0,2023-12-28 08:18:04,False,False,False,True,0.0,3.0139949879913706e-05,LOW
6,,,0.0,0.0,0.0,0.0,2023-12-28 13:23:36,False,False,False,True,0.0,0.0001725579096889057,LOW
6,,,0.0,0.0,0.0,0.0,2023-12-28 14:02:32,False,False,False,True,0.0,6.974691774959036e-05,LOW
6,,,0.0,0.0,0.0,0.0,2023-12-28 09:31:44,False,False,False,True,0.0,0.00039291301291609744,LOW
6,,,0.0,0.0,0.0,0.0,2023-12-28 05:22:56,False,False,False,True,0.0,7.283614524450449e-05,LOW
6,,,0.0,0.0,0.0,0.0,2023-12-28 11:04:15,False,False,False,True,0.0,3.0139949879913706e-05,LOW
6,0.0,0.0,,,0.0,0.0,2023-12-31 00:42:06,False,False,False,True,0.0,0.00642753160481784,LOW
6,,,0.0,0.0,0.0,0.0,2023-12-28 19:56:59,False,False,False,True,0.0,3.753451253192207e-05,LOW
6,,,0.0,0.0,0.0,0.0,2023-12-27 06:13:07,False,False,False,True,0.0,0.0001799355211536838,LOW
6,,,0.0,0.0,0.0,0.0,2023-12-27 18:55:34,False,False,False,True,0.0,8.673371709265663e-05,LOW
6,,,0.0,0.0,0.0,0.0,2023-12-28 10:28:38,False,False,False,True,0.0,3.0139949879913706e-05,LOW
6,,,0.0,0.0,0.0,0.0,2023-12-28 11:35:19,False,False,False,True,0.0,3.0139949879913706e-05,LOW
6,,,0.0,0.0,0.0,0.0,2023-12-28 09:22:29,False,False,False,True,0.0,0.002307040406821068,LOW
6,,,0.0,0.0,0.0,0.0,2023-12-27 02:56:22,False,False,False,True,0.0,7.283614524450449e-05,LOW
6,0.0,0.0,,,0.0,0.0,2023-12-28 09:23:40,False,False,False,True,0.0,0.005725388130299808,LOW
6,,,0.0,0.0,0.0,0.0,2023-12-27 14:32:29,False,False,False,True,0.0,7.309676910474161e-05,LOW
6,,,0.0,0.0,0.0,0.0,2023-12-28 17:15:46,False,False,False,True,0.0,3.0139949879913706e-05,LOW
6,,,0.0,0.0,0.0,0.0,2023-12-28 01:05:54,False,False,False,True,0.0,0.000252538623059198,LOW
6,,,0.0,0.0,0.0,0.0,2023-12-28 21:52:59,False,False,False,True,0.0,3.753451253192207e-05,LOW
6,0.0,0.0,,,0.0,0.0,2023-12-25 17:10:58,False,False,False,True,0.0,0.0008084267925056306,LOW
6,,,0.0,0.0,0.0,0.0,2023-12-28 12:08:32,False,False,False,True,0.0,3.0139949879913706e-05,LOW
6,,,0.0,0.0,0.0,0.0,2023-12-27 15:23:10,False,False,False,True,0.0,0.0001299571344049493,LOW
6,,,0.0,0.0,0.0,0.0,2023-12-27 15:22:46,False,False,False,True,0.0,8.790666643516506e-05,LOW
6,,,0.0,0.0,0.0,0.0,2023-12-27 16:49:57,False,False,False,True,0.0,8.608940587476259e-05,LOW
6,,,0.0,0.0,0.0,0.0,2023-12-27 13:23:00,False,False,False,True,0.0,0.0001725579096889057,LOW
6,,,0.0,0.0,0.0,0.0,2023-12-28 15:53:36,False,False,False,True,0.0,0.0001725579096889057,LOW
6,,,0.0,0.0,0.0,0.0,2023-12-28 03:53:10,False,False,False,True,0.0,0.0001750305142989168,LOW
6,,,0.0,0.0,0.0,0.0,2023-12-28 07:41:27,False,False,False,True,0.0,0.00010540440385021582,LOW
6,,,0.0,0.0,0.0,0.0,2023-12-28 09:45:04,False,False,False,True,0.0,3.0139949879913706e-05,LOW
6,,,0.0,0.0,0.0,0.0,2023-12-27 10:46:42,False,False,False,True,0.0,3.0139949879913706e-05,LOW
6,,,0.0,0.0,0.0,0.0,2023-12-27 15:07:46,False,False,False,True,0.0,6.506475917909724e-05,LOW
6,,,0.0,0.0,0.0,0.0,2023-12-28 09:31:44,False,False,False,True,0.0,0.00039291301291609744,LOW
6,,,0.0,0.0,0.0,0.0,2023-12-27 20:32:24,False,False,False,True,0.0,0.00017995247234091404,LOW
6,,,0.0,0.0,0.0,0.0,2023-12-27 21:46:41,False,False,False,True,0.0,3.753451253192207e-05,LOW
6,,,0.0,0.0,0.0,0.0,2023-12-28 01:09:13,False,False,False,True,0.0,0.005463200841775733,LOW
6,,,0.0,0.0,0.0,0.0,2023-12-27 21:22:47,False,False,False,True,0.0,0.00014326608016097353,LOW
6,,,0.0,0.0,0.0,0.0,2023-12-27 18:58:23,False,False,False,True,0.0,3.753451253192207e-05,LOW
6,,,0.0,0.0,0.0,0.0,2023-12-28 20:51:15,False,False,False,True,0.0,0.0001575644649639248,LOW
6,,,0.0,0.0,0.0,0.0,2023-12-27 08:36:37,False,False,False,True,0.0,3.0139949879913706e-05,LOW
6,,,0.0,0.0,0.0,0.0,2023-12-27 14:10:33,False,False,False,True,0.0,3.0139949879913706e-05,LOW
6,0.0,0.0,,,0.0,0.0,2023-12-28 22:20:31,False,False,False,True,0.0,0.0005077085929441154,LOW
6,,,0.0,0.0,0.0,0.0,2023-12-27 09:53:02,False,False,False,True,0.0,0.0016115534528089892,LOW
6,,,0.0,0.0,0.0,0.0,2023-12-28 07:31:52,False,False,False,True,0.0,3.0139949879913706e-05,LOW
6,,,0.0,0.0,0.0,0.0,2023-12-28 02:17:30,False,False,False,True,0.0,7.283614524450449e-05,LOW
6,,,0.0,0.0,0.0,0.0,2023-12-27 09:22:45,False,False,False,True,0.0,8.320051832327168e-05,LOW
6,,,0.0,0.0,0.0,0.0,2023-12-28 16:23:00,False,False,False,True,0.0,3.0139949879913706e-05,LOW
6,,,0.0,0.0,0.0,0.0,2023-12-28 05:46:16,False,False,False,True,0.0,0.0001407322074968413,LOW
6,,,0.0,0.0,0.0,0.0,2023-12-27 05:22:45,False,False,False,True,0.0,0.0001306028617997558,LOW
6,0.0,0.0,,,0.0,0.0,2023-12-31 00:43:00,False,False,False,True,0.0,0.0009157758979995869,LOW
